,PAYEMS,CPIAUCSL,DGORDER,RSAFS,HSN1F,HOUST,UNRATE,INDPRO,PPIFIS,USPRIV,GACDISA066MSFRBNY,WHLSLRIMSA,TTLCONS,GACDFSA066MSFRBPHI,IR,PERMIT,TCU,PCEPILFE,CPILFESL,BUSINV,JTSJOL,PCEC96,PCEPI,IQ,AMDMVS,AMTMUO,AMDMTI,DSPIC96,BOPTEXP,BOPTIMP,ISM_PMI,ISM_PRICES,ISM_EMP,ISM_NMI,ULCNFB,A261RX1Q020SBEA,GDPC1
1985-01-31,265.0,0.18939399600707832,,,7.733320340317032,5.960235082561987,0.0,-0.017204490048278946,,211.0,,,,5.5,,34.0,-0.21649999999999636,0.5588657770158187,0.28050509276086816,,,,0.49793308647805473,,,,,-0.027676253137606507,,,50.3,47.6,44.4,,,,
1985-02-28,131.0,0.5660392471710134,,,5.577934104768962,-4.727173836814119,-0.09999999999999964,0.27473473772291396,,118.0,,,,10.9,,2.0,0.014000000000010004,0.5173212328344623,0.5586606708639776,,,,0.4631838460620396,,,,,-0.9225700924715193,,,49.9,44.8,45.2,,,,
1985-03-31,339.0,0.4692641178192225,,,-1.626052087178029,9.798040836020382,0.0,0.1510290507219275,,293.0,,,,30.9,,65.0,-0.0858000000000061,0.34944941785208905,0.37071404828195836,,,,0.3907199041399742,,,,,-0.4512895742875943,,,47.8,46.2,44.2,,3.7617211459117916,3.348221877990286,3.8572589264587425
1985-04-30,196.0,0.1870907935811824,,,-7.904965893254453,1.159913584335194,0.09999999999999964,-0.2178610346864349,,161.0,,,,10.0,,-63.0,-0.37820000000000675,0.11889769147164786,0.27713643603834137,,,,0.14462189926543004,,,,,1.664890755593099,,,48.2,44.1,43.2,,,,
1985-05-31,274.0,0.18674141747954623,,,8.94278099012583,-8.059200733030334,-0.09999999999999964,0.14529341416296174,,230.0,,,,8.0,,45.0,-0.08539999999999281,0.3438053147784834,0.3683245416296368,,,,0.23656787295832254,,,,,2.4266845981270024,,,47.1,48.7,40.4,,,,
1985-06-30,147.0,0.2794598931015925,,,6.287785095243069,-0.23837913552762505,0.20000000000000018,-0.04852934296021938,,123.0,,,,-2.4,,7.0,-0.23499999999999943,0.33062518220508375,0.27535584171828165,,,,0.27196209295729223,,,,,-2.112218930179841,,,47.8,42.4,44.5,,2.5144137274387157,2.8673837766575807,3.5064800299443157
1985-07-31,189.0,0.1858736594625342,,,5.915703084776515,0.4761913760243785,0.0,-0.47430774359959094,,67.0,,,,11.5,,-19.0,-0.5625,0.291644400801704,0.2745997148855844,,,,0.24533037146920356,,,,,0.22470648090032957,,,47.9,45.6,45.2,,,,
1985-08-31,192.0,0.1855288101746141,,,-5.363215491579525,3.443585071774894,-0.3000000000000007,0.3037209495540788,,193.0,,,,6.9,,111.0,0.06069999999999709,0.4894850292909951,0.3649639087549331,,,,0.330144887288002,,,,,-0.061380415114220294,,,47.7,44.0,41.1,,,,
1985-09-30,205.0,0.18518523810735046,,,-6.840272688440052,-3.919776447799254,0.0,0.3377860635521278,,186.0,,,,2.3,,108.0,0.09850000000000136,0.20621834719199086,0.18198367169858992,,,,0.1686290858163271,,,,,0.43852648226916496,,,49.9,44.3,41.8,,0.8085816714476548,4.8230797990664875,6.062904149531161
1985-10-31,188.0,0.369344833535173,,,-3.4512052305143626,9.008937177438183,0.0,-0.3114667627625047,,172.0,,,,6.3,,-173.0,-0.4008000000000038,0.16031829577495008,0.4535155165391363,,,,0.16636632147200417,,,,,0.5070614201852138,,,50.9,46.4,45.2,,,,
1985-11-30,210.0,0.45977092486295495,,,11.251046625139963,-7.704828594511757,-0.09999999999999964,0.3511742394005247,,190.0,,,,19.7,,-51.0,0.13309999999999889,0.24492871785754727,0.5415175687776784,,,,0.2904767240600955,,,,,0.16472228834314917,,,52.0,45.7,44.5,,,,
1985-12-31,166.0,0.45766670274118937,,,-1.6506564601702411,13.42672819799775,0.0,0.9583811447792263,,146.0,,,,13.4,,102.0,0.6266000000000105,0.27187849207138703,0.26966308475995404,,,,0.33487670416307536,,,,,0.6101416833329546,,,50.7,48.7,42.6,,5.884456015208285,2.2421890637501023,2.9627967314766144
1986-01-31,123.0,0.36463121530203,,,1.6506564601702407,1.5329886311310479,-0.2999999999999998,0.5520329372935857,,102.0,,,,22.4,,53.0,0.3201999999999998,0.5376357036380496,0.4478287824695973,,,,0.4591214139446631,,,,,0.19198888871296174,,,51.2,48.4,45.1,,,,
1986-02-28,115.0,-0.1821494128391132,,,-0.6844653689965484,-6.49442829609513,0.5,-0.7043822871457366,,71.0,,,,19.8,,-80.0,-0.6629000000000076,0.2579789184599876,0.2677377770716394,,,,0.0,,,,,0.5248940921954092,,,51.0,49.7,43.0,,,,
1986-03-31,87.0,-0.5484474442159452,,,18.96208592755661,1.5037877364540502,0.0,-0.7148371663592743,,91.0,,,,14.0,,13.0,-0.6547999999999945,0.3040286101682047,0.26702285558788924,,,,-0.21948742839829594,,,,,1.0166228659880856,,,51.0,49.0,43.4,,0.9617084566605707,3.9292847008450136,3.717660621445499
1986-04-30,187.0,-0.367309871186135,,,-2.6483988874472355,2.993134964216082,-0.10000000000000053,0.14326780252777482,,177.0,,,,3.2,,78.0,0.02779999999999916,0.18080902360475484,0.35492495111414896,,,,-0.20424201915323265,,,,,0.3723644745305648,,,49.7,42.8,42.2,,,,
1986-05-31,127.0,0.2756088101979984,,,-8.267159775190557,-4.172773308253042,0.10000000000000053,0.14759828720571108,,102.0,,,,1.9,,-61.0,0.03659999999999286,0.17078760507348514,0.17699119664584137,,,,0.1826592146783261,,,,,0.08394087325043663,,,53.4,49.5,45.4,,,,
1986-06-30,-93.0,0.36630077587372417,,,-8.046527264918831,-0.3782765926560475,0.0,-0.4037339462127242,,-82.0,,,,2.8,,-7.0,-0.39179999999998927,0.30011155687390834,0.2649008171577084,,,,0.37214082433774914,,,,,-0.09327198785883785,,,50.5,51.3,43.3,,1.4701433957606096,1.1088804634562586,1.797142218030421
1986-07-31,318.0,0.09136592686745454,,,-4.208194543431346,-3.58263721684853,-0.20000000000000018,0.6512386430606951,,318.0,,,,11.8,,-10.0,0.43319999999999936,0.181565374765041,0.35211303985787396,,,,0.025411718848572882,,,,,0.4964483186398653,,,48.0,49.3,41.9,,,,
1986-08-31,115.0,0.09128252573596816,,,-11.68880208288937,1.3931682561473975,-0.09999999999999964,-0.185661719812736,,94.0,,,,6.8,,-54.0,-0.22410000000000707,0.20434923829188642,0.35087755296792705,,,,0.12500978266785556,,,,,0.11754517562280291,,,52.6,51.5,44.5,,,,
1986-09-30,346.0,0.364299127850123,,,20.592694935097818,-6.871620804626017,0.09999999999999964,0.25494743751626303,,236.0,,,,10.6,,-40.0,0.11490000000000578,0.3287800617899097,0.3496507058729306,,,,0.3274090857408911,,,,,0.054086214742697744,,,52.4,57.1,43.9,,3.266050456161292,2.4977843045669057,3.80848378140079
1986-10-31,187.0,0.1816530926398007,,,-13.147397115622859,-0.356294913735268,0.0,0.42533405515879147,,128.0,,,,9.1,,-11.0,0.23989999999999156,0.3391814996598657,0.3484324082610843,,,,0.17884223887383996,,,,,-0.10665513535278402,,,51.2,56.9,43.7,,,,
1986-11-30,187.0,0.18132371241809436,,,5.524660576834439,-3.5112565894024352,-0.09999999999999964,0.39986071649555655,,151.0,,,,16.4,,-31.0,0.21040000000000703,0.21212158120507035,0.2605298911763173,,,,0.17852296432260933,,,,,0.010825272382162403,,,51.2,57.1,42.2,,,,
1986-12-31,201.0,0.36166404701885146,,,10.337835445383519,12.167768032511388,-0.3000000000000007,0.9439539139524314,,185.0,,,,22.8,,259.0,0.6311999999999927,0.12972644804532749,0.2598528963263731,,,,0.13755560092463767,,,,,0.10973301978201296,,,50.5,57.0,44.5,,6.185318025161102,3.1322265210623623,2.1398376668468657
1987-01-31,169.0,0.5400553180000289,,,-10.055349381828036,-3.271708497018022,0.0,-0.34937346824051796,,145.0,,,,5.8,,-213.0,-0.40099999999999625,0.23993156325909093,0.25917941074290246,,,,0.46936200899848496,,,,,0.314620864091074,,,54.9,61.1,47.3,,,,
1987-02-28,241.0,0.3584233227815107,,,3.192498742918401,0.5621150270429911,0.0,1.3094911768060107,,250.0,,,,9.3,,-1.0,0.9017999999999944,0.2033003749722225,0.25850940721048554,,,,0.3501013482720807,,,,,0.47314823429631747,,,52.6,62.5,46.6,,,,
1987-03-31,245.0,0.35714323675971793,,,-2.6299093547015593,-3.305144149658147,0.0,0.14471947964986084,,217.0,,,,5.6,,15.0,-0.03299999999998704,0.2956619480332242,0.3436429498581097,,,,0.2646468128173537,,,,,0.08425568266818212,,,55.0,62.7,48.3,,3.647272001572325,4.12280332767813,2.9564271974161294
1987-04-30,335.0,0.444642795713462,,,3.0389078798540683,-6.709102281347919,-0.2999999999999998,0.6311114231136002,,290.0,,,,14.3,,-103.0,0.34909999999999286,0.42301726819625896,0.5985481743037824,,,,0.3727674140537111,,,,,-3.8747354567359698,,,55.5,65.6,51.3,,,,
1987-05-31,229.0,0.26583976666098774,,,-12.136085700426747,0.8636697732591564,0.0,0.6302766762669093,,226.0,,,,19.7,,-101.0,0.34480000000000643,0.28039424085844294,0.3404258606801387,,,,0.2534517464280963,,,,,3.9742189162513366,,,57.2,67.6,50.9,,,,
1987-06-30,172.0,0.44150182091166934,,,-2.1739986636405875,-2.1105687212325237,-0.09999999999999964,0.5166029302833371,,160.0,,,,13.0,,22.0,0.25219999999998777,0.27398819849980804,0.16977932770942702,,,,0.3780291917704381,,,,,-0.14390033559499954,,,57.4,72.6,51.4,,0.22222565734618446,6.325282225711984,4.289627008298439
1987-07-31,347.0,0.2639684770773245,,,3.2435275753153956,-1.1991308090426924,-0.10000000000000053,0.6797065473966343,,311.0,,,,15.5,,-6.0,0.388300000000001,0.2582868418254017,0.33869634410158805,,,,0.23105195688563226,,,,,0.2784281328122026,,,57.5,74.3,46.6,,,,
1987-08-31,173.0,0.4384049108534449,,,-0.15209128407067313,1.8868484304382735,-0.09999999999999964,0.7478081537837741,,161.0,,,,30.1,,-5.0,0.45300000000000296,0.3377593552212268,0.3375530631281214,,,,0.39458209499934405,,,,,0.42988526392630916,,,59.3,77.4,52.4,,,,
1987-09-30,227.0,0.34934533345601265,,,1.3605652055778679,5.45589842504344,-0.09999999999999964,0.39317740129068796,,264.0,,,,26.3,,3.0,0.17560000000000286,0.39601803157668475,0.4203453015626923,,,,0.3367101551231118,,,,,0.019772915732938875,,,60.0,77.3,54.5,,3.9790936196342086,5.7729223147052355,3.4537585332303293
1987-10-31,491.0,0.2612104227924961,,,-2.4317307650706357,-11.226730187108117,0.09999999999999964,1.323349510920745,,357.0,,,,27.2,,-67.0,0.9551000000000016,0.4258713641173575,0.5020931050099444,,,,0.31686239258870663,,,,,0.6714740763294156,,,60.7,78.1,54.6,,,,
1987-11-30,234.0,0.3472225710749279,,,-3.9220713153281266,8.898961700173556,-0.20000000000000018,0.4865946043528878,,204.0,,,,11.8,,10.0,0.2843999999999909,0.20856989574059107,0.2501043404588873,,,,0.1888892567489455,,,,,0.42961543952947223,,,58.8,79.2,53.7,,,,
1987-12-31,289.0,0.1731602164277894,,,-4.919024419077179,-16.793281934185504,-0.09999999999999964,0.5592546578943132,,241.0,,,,29.8,,-112.0,0.36240000000000805,0.20997576417396677,0.24948037887828717,,,,0.18480325585089027,,,,,0.9491373387607888,,,61.0,80.2,59.1,,0.7447427600821722,5.309768458200625,6.809534933022962
1988-01-31,92.0,0.34542348680876034,,,-1.694955831377332,-9.666824441389599,0.0,-0.019700828905737502,,74.0,,,,3.5,,-101.0,-0.10269999999999868,0.4717552689353364,0.41442247460262704,,,,0.3871645071481888,,,,,0.2782387951541908,,,57.5,78.7,51.2,,,,
1988-02-29,461.0,0.1722653311446156,,,12.5163142954006,14.749714527317623,0.0,0.49992713406416733,,437.0,,,,18.3,,194.0,0.347999999999999,0.20489561154623195,0.24783160144670005,,,,0.14851120276177596,,,,,0.6413079141558465,,,56.2,81.2,52.5,,,,
1988-03-31,275.0,0.2578428587944307,,,0.900906994236591,3.9272933837906274,0.0,0.2464822424946425,,217.0,,,,12.8,,87.0,0.15160000000000196,0.4267353972844572,0.4116926358267489,,,,0.3425897555428182,,,,,0.4536825233708784,,,54.6,74.5,50.2,,5.397424111548157,4.7468996730596835,2.0622051523011873
1988-04-30,243.0,0.5990604137156973,,,4.386668210558172,2.641055275774127,-0.2999999999999998,0.5784379012641945,,238.0,,,,26.8,,-96.0,0.44369999999999266,0.4847020045791904,0.49180426996450727,,,,0.4850215595909908,,,,,0.37845494915867606,,,55.8,81.0,49.2,,,,
1988-05-31,230.0,0.2556456441301394,,,-2.1692824611259787,-10.162377496117722,0.1999999999999993,-0.20182730831874116,,201.0,,,,17.8,,15.0,-0.2038999999999902,0.3398842604511481,0.32653090237392046,,,,0.2902546356685781,,,,,0.16969240017503034,,,55.5,81.5,50.4,,,,
1988-06-30,364.0,0.4246290881451004,,,4.711792297706993,3.932897341104644,-0.1999999999999993,0.2896927394167121,,330.0,,,,17.4,,41.0,0.21359999999999957,0.4214400013375465,0.4066699382553613,,,,0.4246757251977654,,,,,0.3909503017422808,,,59.3,80.7,50.5,,3.7192299512534914,4.579428693531163,5.221895070210057
1988-07-31,224.0,0.4228336109521105,,,-5.445471304092426,-0.7470323365165422,0.0,0.014691143225886938,,245.0,,,,23.7,,-46.0,-0.0169000000000068,0.4071425868265332,0.3241493924171023,,,,0.48470365855468095,,,,,0.43147662224896266,,,58.2,81.0,52.5,,,,
1988-08-31,124.0,0.42105325363434576,,,1.3167710374647488,1.756801939620876,0.1999999999999993,0.5001679278237298,,74.0,,,,15.2,,21.0,0.3885999999999967,0.24849174797751863,0.323102058144654,,,,0.2958608890338807,,,,,0.29240210170849285,,,56.0,78.2,51.2,,,,
1988-09-30,339.0,0.41928782600359576,,,2.156805387732117,-0.0670016775484218,-0.1999999999999993,-0.3129633358873623,,249.0,,,,25.6,,-24.0,-0.305499999999995,0.534217841892237,0.5629287080953875,,,,0.48635502083066606,,,,,0.20215445703856244,,,54.5,72.8,50.2,,4.074617284791644,3.591456802682369,2.337038081910288
1988-10-31,263.0,0.3341690661903256,,,2.1112677237559203,1.990775765792489,0.0,0.43015363906128334,,227.0,,,,27.2,,80.0,0.31099999999999284,0.37933891696752664,0.40016059800073156,,,,0.3259238135297586,,,,,0.5394803874131664,,,55.4,71.5,52.4,,,,
1988-11-30,341.0,0.33305609471645325,,,-13.39294025800255,3.04132143114014,-0.10000000000000053,0.2415755587720079,,265.0,,,,27.2,,-8.0,0.13870000000000005,0.2738590190082682,0.31897953681000807,,,,0.23164161589198726,,,,,0.028690700106442597,,,55.6,70.9,53.8,,,,
1988-12-31,281.0,0.33195051228527134,,,4.666476485711862,-0.38314223115559487,0.0,0.4519309178077388,,291.0,,,,22.7,,-7.0,0.3037000000000063,0.3311611270260338,0.31796529173798055,,,,0.31159925643597325,,,,,0.4764945948093061,,,56.0,69.8,54.8,,2.552837216637709,5.442761684494411,5.29462774961373
1989-01-31,263.0,0.41339455317283325,,,8.86564263957296,3.6436191314199418,0.10000000000000053,0.29453491324779896,,225.0,,,,28.2,1.9956316383459256,-35.0,0.15529999999999688,0.5051933281793014,0.39604012160969143,,,,0.5118475992039077,1.1658849603703207,,,,0.40175000256021753,,,54.7,70.5,51.4,,,,
1989-02-28,266.0,0.32948958968524844,,,-14.492126498186728,-12.887142903292526,-0.20000000000000018,-0.4434996841930443,,228.0,,,,20.1,-0.5503591216978951,-83.0,-0.4876999999999896,0.2533881075093326,0.31570665527670333,,,,0.3320993666471905,-0.3166229558049661,,,,0.27402917879745947,,,54.1,67.9,50.0,,,,
1989-03-31,194.0,0.4922077205428455,,,-9.258078901142738,-0.21074823395646983,-0.20000000000000018,0.24976084295814863,,184.0,,,,18.0,0.7696574551989067,-169.0,0.08459999999999468,0.2980004819345619,0.39323684177208895,,,,0.3716358003397574,0.6322465739487108,,,,0.48657078415013577,,,51.5,67.9,50.2,,0.4277981259411004,2.4310753384819934,4.0450575704847855
1989-04-30,170.0,0.7337986452912791,,,6.981557823841487,-6.014126467201371,0.20000000000000018,-0.014968072164390377,,152.0,,,,4.1,0.763778944811754,162.0,-0.1547999999999945,0.3352763956833265,0.31347988053714787,,,,0.663728988330703,-0.21030501967787876,,,,-0.524861324727309,,,52.2,65.4,50.0,,,,
1989-05-31,122.0,0.48622462080345563,,,7.598590697792205,-0.5992527296060898,0.0,-0.5701295487130503,,86.0,,,,-10.2,0.6500564603093242,5.0,-0.636800000000008,0.29785119081271333,0.3904729678156481,,,,0.3643182702984301,0.4201686853699977,,,,-0.4663338751284665,,,49.3,59.3,47.6,,,,
1989-06-30,114.0,0.32284128121191785,,,-2.157248525412789,4.839654086185024,0.09999999999999964,-0.007608619112149026,,78.0,,,,-7.6,-1.195016937065797,-59.0,-0.17539999999999623,0.2659300479291526,0.3889542048662553,,,,0.21830447286920462,-0.20986366569212492,,,,0.27750321994328103,,,47.3,50.0,47.4,,0.4741452405295365,-0.7130492611928618,3.0408111201386627
1989-07-31,42.0,0.32180236942007934,,,12.982515605981728,2.124725821987452,-0.09999999999999964,-0.9693959689256036,,49.0,,,,-16.9,-1.0989121575595207,-39.0,-0.9857999999999976,0.256624582161006,0.3100777678247964,,,,0.23871558020580994,-0.5265941605287051,,,,0.3489860259214263,,,45.9,48.1,44.5,,,,
1989-08-31,51.0,0.0,,,-4.7628048989254586,-6.889276637650197,0.0,0.9750620169153092,,-33.0,,,,-9.5,-0.5540180375615356,51.0,0.6248999999999967,0.13923149911931418,0.23192897910909918,,,,0.012181857748364461,-0.7419217922028677,,,,0.26447371740887504,,,45.1,43.3,44.6,,,,
1989-09-30,249.0,0.24067400305650594,,,-8.688095638298913,-4.060304952149172,0.09999999999999964,-0.31389665895464813,,211.0,,,,-5.4,0.4434597067865775,-20.0,-0.45360000000000866,0.3463771082022862,0.3084042536961541,,,,0.22249270433374785,0.42462908814512246,,,,0.3018040002200918,,,46.0,42.4,45.4,,1.710439628777916,1.6555817000085824,2.952022606835527
1989-10-31,107.0,0.4796172263493014,,,0.9345862418237599,9.751118179337125,0.0,-0.13487581284186984,,101.0,,,,-7.0,0.5515733785302263,51.0,-0.30759999999999366,0.3622387557736159,0.537429316577672,,,,0.38990457755693064,0.2116402906377472,,,,0.49725489096074244,,,46.8,41.0,45.0,,,,
1989-11-30,276.0,0.3979312851481054,,,5.870760082677791,-4.27446454120151,0.10000000000000053,0.33733524412153887,,252.0,,,,-4.2,0.21978030824794398,-21.0,0.08089999999999975,0.2657175080269169,0.3821173927323435,,,,0.2176843401330055,-0.4237294475515155,,,,0.10083469567612842,,,46.8,40.9,45.9,,,,
1989-12-31,84.0,0.3172088306143979,,,-8.223809823697211,-7.69018274932877,0.0,0.5469228290109158,,66.0,,,,-2.1,0.5473467414171906,78.0,0.2553000000000054,0.2836736769493306,0.38066281215627673,,,,0.28951061941948897,0.21208915691376296,,,,0.009797952235823264,,,47.4,41.0,44.6,,5.662613636339539,0.44023539346938667,0.7871492083843573
1990-01-31,360.0,0.9456335242035443,,,-1.600034134644119,21.495665270962775,0.0,-0.5070632766924932,,284.0,,,,-7.5,0.9777372838294921,326.0,-0.6152000000000015,0.3843065634792068,0.3792192637062912,,,,0.7542936008441491,0.8438868645864603,,,,0.5958669886647034,,,47.2,50.8,45.4,,,,
1990-02-28,240.0,0.3913899321136315,,,-4.790346063303902,-7.6342277097513875,-0.10000000000000053,0.9040640973159675,,214.0,,,,-22.1,0.2159828053429938,-419.0,0.5553000000000026,0.48378083212628914,0.4531729809882099,,,,0.4396585249208474,-0.6322465739487126,,,,0.2209761369500434,,,49.1,44.6,46.5,,,,
1990-03-31,204.0,0.4676547883901803,,,-2.918662108653179,-10.869088313983758,-0.09999999999999964,0.49692029917487973,,87.0,,,,-21.8,-0.32414939241709556,-83.0,0.224899999999991,0.4797781426453093,0.6010536502142543,,,,0.3767697339151496,0.21119332031435514,,,,0.03886352013605092,,,49.9,50.1,46.5,,3.8467056003957953,3.7989016908639517,4.3478129848368985
1990-04-30,34.0,0.23300981416228303,,,-5.736339487992019,-3.232445400981438,0.20000000000000018,-0.26232502058828033,,-49.0,,,,-9.0,-0.8695706967554044,-110.0,-0.39799999999999613,0.2974452003340346,0.3738322110607158,,,,0.20983170403076154,0.31595602903685177,,,,0.654243489979982,,,50.0,50.9,46.6,,,,
1990-05-31,154.0,0.15503879074549917,,,-1.4870162479451392,-2.9270382300113225,0.0,0.30369033197294926,,-68.0,,,,-16.5,-0.43763745997987774,-69.0,0.07970000000000255,0.3048808245974712,0.2980628138137941,,,,0.2245731101617918,0.21008411088117937,,,,-0.10483337971798348,,,49.5,50.1,46.2,,,,
1990-06-30,22.0,0.6177625823957155,,,2.0389955703049174,-2.930305936898303,-0.20000000000000018,0.33858350269497844,,65.0,,,,-8.6,-0.4395611473038109,41.0,0.117999999999995,0.38849829710989414,0.519481687710393,,,,0.4409222740563996,-0.2100841108811839,,,,0.1585868181311149,,,49.2,53.2,45.4,,4.929749345346921,2.220584519165467,1.449251534735587
1990-07-31,-35.0,0.46083030861941815,,,-0.551979322359781,-0.5110743662559336,0.2999999999999998,-0.17488731555333537,,-39.0,,,,-18.1,-0.33094349013671426,-30.0,-0.29599999999999227,0.2515516427843096,0.5167970158442597,,,,0.24653893796659,0.21008411088117937,,,,0.36311160177430135,,,46.6,51.4,46.3,,,,
1990-08-31,-208.0,0.839379212846862,,,-2.616971773338472,-4.900367970349824,0.20000000000000018,0.3486749997004604,,-105.0,,,,-18.2,3.0470257147417588,-9.0,0.14909999999999002,0.4156569891606721,0.5873732012093915,,,,0.6628013746291551,0.104876779408443,,,,-0.6142085577431488,,,46.1,53.1,43.1,,,,
1990-09-30,-85.0,0.6815626535060039,,,-6.252035698133393,-0.44943895878393264,0.20000000000000018,0.0076251114018169,,-65.0,,,,-43.4,3.372290049164213,-93.0,-0.12160000000000082,0.3483465294807099,0.36536394315790316,,,,0.6121401651441195,0.41841065225738694,,,,-0.03177695368653299,,,44.5,70.2,41.3,,3.9528167978431545,-0.2827994174090215,0.26623809424720735
1990-10-31,-145.0,0.6769488055246575,,,-6.453852113757118,-9.045711015525134,0.0,-0.5859653143676538,,-151.0,,,,-48.2,2.860256270618668,-51.0,-0.5989999999999895,0.338963947364865,0.36403389309746725,,,,0.5706008423274224,0.8316056241657386,,,,-0.8060811570198811,,,43.2,73.4,40.2,,,,
1990-11-30,-155.0,0.22463506263740154,,,5.847176845533387,12.150173183721165,0.2999999999999998,-1.2797143764806536,,-162.0,,,,-27.1,-0.6060624611690958,16.0,-1.147500000000008,0.12089726839728122,0.290275965796141,,,,0.1265417304577432,0.10346612407764602,,,,0.044566383757846786,,,41.3,64.2,36.2,,,,
1990-12-31,-54.0,0.37327404296839206,,,-6.062462181643485,-16.689530409757378,0.09999999999999964,-0.736659658813422,,-72.0,,,,-37.1,-0.30441423812281326,-80.0,-0.6863999999999919,0.13868835690939785,0.4338401598598141,,,,0.09357071427094639,-0.41450836551687753,,,,0.5941738636242604,,,40.8,58.9,38.8,,7.1842536590814525,-1.8559124137027299,-3.658296259228791
1991-01-31,-110.0,0.3718858878736977,,,-14.59231249196861,-19.41560144409575,0.10000000000000053,-0.32611910765628294,,-116.0,,,,-32.0,-1.4329825554824969,-75.0,-0.3442000000000007,0.4976914833560053,0.6472514505617519,,,,0.3799483780112042,0.5178675478451498,,,,-0.26333311591525205,,,39.2,51.6,37.3,,,,
1991-02-28,-323.0,0.07421150618884935,,,18.39826867440311,19.001950388917717,0.1999999999999993,-0.7415936065028437,,-331.0,,,,-22.1,-2.0834086902842026,67.0,-0.6650000000000063,0.27542870851510687,0.5005373339069421,,,,0.050659804163888295,-0.10335918232826594,,,,0.15392618743806727,,,39.4,44.5,35.6,,,,
1991-03-31,-167.0,0.0,,,5.0566889540582896,-4.666806508367909,0.20000000000000018,-0.5771039266291432,,-173.0,,,,-11.6,0.0,58.0,-0.5242999999999967,0.20849671776374057,0.2137514173310838,,,,0.021236798550766822,-0.3107200842748715,,,,0.17029057341369863,,,40.7,41.2,33.6,,1.0913909718911037,-0.8312184242503243,-1.876155659402898
1991-04-30,-218.0,0.22230464879464518,,,0.19704439872987387,8.329474305991377,-0.09999999999999964,0.263514359411327,,-215.0,,,,-6.5,-0.8456710018223398,5.0,0.14329999999999643,0.2000065184941953,0.2842930130834024,,,,0.18114616590845392,0.20725396019723752,,,,0.39897616964495175,,,42.8,38.8,35.8,,,,
1991-05-31,-97.0,0.3694130540142098,,,1.7561426929947208,-0.5007521730622405,0.20000000000000018,0.9370150601197114,,-110.0,,,,3.9,-0.21253993123134776,75.0,0.6783999999999963,0.3972120011873629,0.2834870785847348,,,,0.4132842407698382,-0.20725396019723122,,,,0.02066471507268151,,,44.5,38.2,37.4,,,,
1991-06-30,77.0,0.2945510229756966,,,-0.19361090268664405,3.9375165234830187,0.0,0.8070413249054765,,14.0,,,,13.0,-0.6403437035206913,-27.0,0.5778000000000105,0.21643468516696476,0.35323244075452936,,,,0.16872712397059025,-0.31168856402532225,,,,0.5111235210647479,,,50.3,39.6,43.0,,1.137330625899423,1.167855151739754,3.1066607576248884
1991-07-31,-40.0,0.1469507979359978,,,-0.9737175277858316,2.5727955522519563,-0.10000000000000053,0.27966918655682527,,-77.0,,,,19.9,-0.6444705442642095,9.0,0.15339999999999065,0.30382037218357855,0.35198909977796655,,,,0.15711431271189472,-0.41710175173381897,,,,-0.20166413990110474,,,50.6,38.4,41.3,,,,
1991-08-31,10.0,0.293255342127772,,,2.893162253400548,-1.32577699456507,0.10000000000000053,-0.0011339677613128997,,41.0,,,,27.0,0.32275444908665646,-29.0,-0.07929999999998927,0.2742436107662118,0.42075798400150927,,,,0.23278757339765116,0.31298930089275656,,,,0.22358945687828424,,,52.9,41.8,44.0,,,,
1991-09-30,35.0,0.2923978691435282,,,-7.70370896551201,-3.294871692040952,0.0,0.7901658951122612,,59.0,,,,20.0,0.21459235702766763,30.0,0.5485999999999933,0.39885956945624806,0.34928432296981693,,,,0.34334105862169867,-0.4175371410480733,,,,0.26546266273560165,,,54.9,45.5,47.3,,1.3399620578614928,1.0867257717472196,2.016344141362405
1991-10-31,26.0,0.14587894636598667,,,7.322756123845234,6.114607378224692,0.09999999999999964,-0.05466018382947039,,-24.0,,,,9.5,0.8537938738035871,17.0,-0.14270000000000493,0.22019985293385697,0.20898649194592364,,,,0.1864892344602356,1.040592116111682,,,,0.14065564224485402,,,53.1,50.0,44.7,,,,
1991-11-30,-61.0,0.4363643287773492,,,9.287835647630825,2.199905399536778,0.0,-0.15836157055420894,,-95.0,,,,1.3,0.4241787908363124,-7.0,-0.2370999999999981,0.18655247058920815,0.34734317658693575,,,,0.21980322831105817,0.10346612407764602,,,,0.1418207841479668,,,49.5,47.6,43.0,,,,
1991-12-31,30.0,0.28985527540112577,,,-3.0011078416039507,-2.199905399536784,0.2999999999999998,-0.4874384309522951,,16.0,,,,-18.8,-0.21186448602853258,77.0,-0.51039999999999,0.24609572287747483,0.34614087865894744,,,,0.24970000969204795,-1.0395104000340076,,,,0.8845533187115973,,,46.8,48.9,39.8,,3.4297480096838253,1.4014143959056953,1.3917553392430437
1992-01-31,35.0,0.07233273371432478,,,19.183411366165323,8.60841632004376,0.0,-0.5251264026755535,,-12.0,,,,-2.2,-0.3186407369407869,16.0,-0.5671000000000106,0.27220748620953333,0.27605262527040386,,,,0.13579252991252633,0.0,,,,0.9570994665538459,,,47.3,45.4,40.6,,,,
1992-02-29,-53.0,0.21668480850902933,,0.007538493435656063,-5.6288621665429295,6.102470183777449,0.10000000000000053,0.7034889592290463,,-54.0,,0.4934647248835562,,0.6,0.0,69.0,0.40510000000000446,0.2714685280983127,0.20654052092768577,0.1853631076982902,,,0.2535178939841262,0.6250020345171325,1.6287730842718555,-0.6020672286321527,-0.4208563611878341,0.43251969710014865,2.8079111177249803,0.4504254203706807,52.7,45.9,43.9,,,,
1992-03-31,55.0,0.3601012173594375,4.681960127646623,-0.34105672445988233,-14.454645285520007,3.691035402009715,0.0,0.8489522000498375,,29.0,,0.6380950465495182,,15.0,-0.10643960557865904,-64.0,0.5134999999999934,0.24885173304562236,0.343289042932087,0.47915152467117983,,,0.24175731082077923,-0.10389611324190293,4.087303788160173,-0.48058807152987476,0.4030978561594869,0.087876977894011,-2.7223772719413497,0.8003987802682336,54.6,48.1,43.7,,2.451762179309604,6.797845450343752,4.760567368570611
1992-04-30,149.0,0.21543993970264463,3.6364668595882117,0.7998334998062705,-1.2739025777429713,-16.565322991282255,0.0,0.7561466666796817,,125.0,,-0.3132739133615861,,20.0,-0.32000027306710144,-28.0,0.43380000000000507,0.32772587776993334,0.2737852497338799,0.3035324639912959,,,0.2696958832415304,0.2076843944839069,1.0172509066928244,0.19392537702827645,-0.2464664754913745,0.2817502262554064,0.01590520501186586,0.8951971466625532,52.6,51.1,45.0,,,,
1992-05-31,130.0,0.2149767936492443,1.0803486726711882,0.343329758709192,1.4545711002378716,9.952001721582215,0.1999999999999993,0.32856911647834663,,116.0,,-0.44108485351116156,,17.0,0.4264398786457518,2.0,0.08379999999999654,0.140125824759334,0.34118081543366463,-0.06580477495231778,,,0.13299348075726114,0.31072008427487,1.1536225523402395,0.19119974000953247,-0.3043713188969368,0.46606551011546765,-0.5142219291486689,1.0281909270469776,55.7,55.0,49.5,,,,
1992-06-30,60.0,0.2859187080045161,-2.4034359384632347,0.4563606074977186,7.307598031806592,-5.851605563110358,0.20000000000000018,0.05117224959831834,,51.0,,1.9458862005155328,,15.0,0.8474626990972236,1.0,-0.14359999999999218,0.07776292033905528,0.20415114269764084,0.6643428293581366,,,0.177049952191635,-0.20703941143084018,0.17925290019201606,-0.508533036600489,-0.2653172261712787,0.41392642709063954,3.3077270451174714,1.0837417384298642,53.6,53.9,46.6,,0.3040831306963132,3.330131872450447,4.313867437084509
1992-07-31,87.0,0.28510354308390845,-0.19883962480628853,1.018338739069887,5.070587356757084,-0.525395254115785,-0.09999999999999964,0.9164938072931013,,32.0,,-0.43760789132368816,,27.6,0.526040139918041,32.0,0.5566999999999922,0.37706908722492233,0.3393284558980308,0.4287888275230054,,,0.3295519345828508,0.10357328735321183,1.3377242552802304,-0.9268694765838853,-0.38383278658564335,-0.07501234107289069,1.5461654651545131,1.3871918358577142,53.9,56.2,45.5,,,,
1992-08-31,123.0,0.21329549501415854,-1.793456327920118,-0.27239177285835003,1.4252022707201413,7.360615304897465,-0.10000000000000053,-0.5607554576631065,,57.0,,0.3187804806216583,,16.7,0.4188487798752214,-14.0,-0.6337999999999937,0.09133763822828782,0.2030457550382143,0.27218883011145245,,,0.13371825201230594,-0.3110422414392391,-1.506009236623858,-1.0279136765288772,0.3800850274328518,0.350889080985581,-3.0793074006562375,0.14813746973217448,53.4,53.7,47.3,,,,
1992-09-30,35.0,0.21284151348261326,0.24883681688058057,1.1928911578761419,2.1773799549560753,-3.3170536938485955,0.0,0.3293115171901683,,89.0,,0.38451022381054184,,21.0,0.20876834304838948,39.0,0.09219999999999118,0.1623439728825613,0.1351351556998956,0.09271956900617741,,,0.1633653620423886,0.31104224143923304,-0.8646618651317581,-0.6950889591580776,-0.15586453778903092,-0.46944430207984733,2.028750937543351,0.2163917533592824,49.7,51.6,45.1,,0.9640676584368362,1.278133951145919,3.9330411994977816
1992-10-31,188.0,0.42432878378664207,5.386968782139942,1.0302006227961629,-4.5641280956204024,4.774569374145402,-0.2999999999999998,0.6728890684798925,,189.0,,0.14523129728258788,,-4.8,0.7272759329079657,18.0,0.3783000000000101,0.3839368214548638,0.4715401125238579,0.04669322453998113,,,0.35252404291733236,-0.3110422414392391,0.9641016437530587,0.5282953138792132,-0.4037083073494269,-0.6479447190234119,2.0016094030688993,1.8578043223365186,50.3,46.4,44.7,,,,
1992-11-30,144.0,0.28188884064202013,-4.018701760429718,0.03672630216454369,-1.1336153786336352,-2.441130167968116,0.10000000000000053,0.37850447982939,,131.0,,0.8613539145600448,,18.2,-0.6230549750635974,-14.0,0.14979999999999905,0.21829370697671888,0.2684565370668761,0.2856579708766737,,,0.1968719874634604,-0.10389611324190293,0.9424920215315933,-0.86073251501142,-0.40870848124682035,0.1511215092208422,-1.4988740066922037,-0.6065461532487907,53.6,42.1,47.1,,,,
1992-12-31,219.0,0.1406469992751825,2.983469689595951,0.9388502674344287,5.697743474254036,1.0651473091467796,0.0,0.16874963664005807,,182.0,,0.823024731708873,,25.4,-1.6807118316381173,58.0,-0.008700000000004593,0.18563554804313087,0.2677377770716394,0.6688923330375496,,,0.17467253349418002,0.10389611324190386,0.8622373417487419,-0.2365811160816367,0.012193096620172407,3.5050666665955696,-0.7743412150547141,2.1679539912140764,54.2,48.0,45.9,,-0.2288223031104193,3.751616269755756,4.14982148932619
1993-01-31,288.0,0.35075448096773354,-3.5875426544362834,1.0729926694450538,-8.6731695824333,-1.3951806120124672,-0.10000000000000053,0.38325424872440983,,265.0,,0.3234755625666008,,31.1,-0.10598835120432464,1.0,0.17150000000000887,0.2908002110506936,0.33366730990394705,0.07615039043576115,,,0.24278656057038886,0.10378828124202433,-0.44755901246724433,-1.2088824292264708,-1.0460059067546938,-2.20482594193517,1.388764885560244,-1.7684967212143952,55.8,49.8,46.9,,,,
1993-02-28,257.0,0.20986366569209838,5.763878090075495,-0.3901405906206927,1.3333530869465169,0.0,-0.20000000000000018,0.48043938793252905,,256.0,,-0.17479023294512488,1.061193589823947,34.3,-0.10610080570943842,-29.0,0.26199999999998624,0.19085577864351586,0.3325576726376904,0.23099248429912697,,,0.1506667676541162,0.31072008427487,1.2810853326843887,0.10096387697359545,0.09299817858783847,0.47480620878031293,-0.16754249597331702,-0.6452495390813734,55.2,53.9,47.0,,,,
1993-03-31,-43.0,0.139664827172104,-1.6368667919808504,-0.6882192371836443,-0.3316752625993927,-11.088539158979621,-0.09999999999999964,-0.08739137323682901,,-48.0,,0.8201279183525074,-0.9915793350766705,16.2,0.5293818609715295,-92.0,-0.19289999999999452,0.21789322714568113,0.13271402080627157,0.7888348227498971,,,0.2046670998953217,-0.10346612407764416,0.30974503164280576,-0.4715887179060751,0.708019960251766,-0.3088896123767343,1.0519928321599876,6.451511512857882,53.5,53.6,47.1,,0.5159952573723998,-1.3926414529504103,0.6672181048240068
1993-04-30,296.0,0.3483110452820178,0.4981183353929791,2.6017995758000954,15.225044172576899,14.978819025939524,0.09999999999999964,0.27394050036354,,265.0,,0.3970360564957181,2.3768557581597185,23.3,0.5265941605287048,48.0,0.10899999999999466,0.29029361298315853,0.39708854294927204,0.19492927760451437,,,0.266060453637479,0.20682530640590605,-0.17416108594635804,-0.27683942616087653,0.23952208086636342,0.5181830960330677,0.1959048981136022,-0.3835946980266366,50.2,54.6,44.8,,,,
1993-05-31,271.0,0.27777795639021485,-0.6820964994189064,0.4973029590435467,-11.31575159344916,0.158856268513774,0.0,-0.37915803418796334,,258.0,,-0.11377962567466648,-0.09100374340121443,14.8,0.31463056893649227,8.0,-0.419399999999996,0.33786631132983946,0.2638523958181242,0.09625075492260432,,,0.30848512116528876,0.3094381014747802,1.3308023070176878,-0.8745690301684119,0.027325448359924096,-0.14554908352468343,2.030469876650933,-1.668651534689888,51.2,50.4,43.6,,,,
1993-06-30,171.0,0.0693240928976708,2.869236052017756,0.03352814372203748,4.222675817633249,1.5748356968139112,-0.09999999999999964,0.22526473495332525,,153.0,,0.1518443361412941,2.370205083780611,3.5,-0.5249355886143678,18.0,0.07170000000000698,0.09524458166096077,0.19743343037176078,0.21004787915958173,,,0.03387533907731022,-0.20618564005585796,0.7080549917232609,-0.14917103374443746,0.07395144752426766,-0.18614343622051355,-3.534029509484345,1.1487065643766297,49.6,50.6,43.2,,5.302077761992154,4.787086401423876,2.321931509369786
1993-07-31,312.0,0.13850417726614786,-1.6266815796295964,1.607648430037872,0.30581063588208723,-2.0521635720796803,-0.09999999999999964,0.2693116497313298,,221.0,,0.01952758277263369,0.6897595145075864,-3.2,-0.5277057100843782,44.0,0.10519999999999641,0.2068065737716263,0.13140606358690365,-0.010099791893459371,,,0.1599828052085207,0.10314596066622124,-2.2430649604358135,-0.03470161214678138,-0.29023689386393736,0.24984722875039264,0.8976516096588878,-0.12660900615091575,50.2,51.4,43.6,,,,
1993-08-31,146.0,0.2073972399129172,0.9841276526808777,-0.3355602698617781,-1.5384918839479456,3.6025822256762035,-0.10000000000000053,-0.12064683528300148,,178.0,,1.021614015794465,1.6251581956988608,-0.3,-0.10587613482419879,56.0,-0.21779999999999688,0.18681456560054194,0.32776168313040777,0.2184031568026048,,,0.1704689844507779,0.0,0.7553112609204953,0.06391468520463849,-0.05561969754805743,0.14415867740680915,0.7657380732762303,-0.6694656586960163,50.7,52.3,41.9,,,,
1993-09-30,248.0,0.13802624689582688,-1.6718300935468804,0.7816070327211309,11.829969802902356,3.25416530736094,-0.09999999999999964,0.529148831573498,,235.0,,0.5288585548422792,1.1737701141853611,7.3,0.10587613482418963,21.0,0.30060000000000286,0.15040310860742603,0.06542362025964106,0.41908789760028387,,,0.10428808993784466,-0.10314596066622707,1.5637993305564586,-0.8930186147200018,0.7114478554844822,-0.27290819937625516,0.7934767284286252,3.1370789147008042,50.8,49.0,44.5,,-1.6138062590255648,0.7900131793335071,1.9040801899048985
1993-10-31,286.0,0.41293933420111123,4.559143778262434,0.5533673450620324,-3.077165866675366,3.583564437112733,0.09999999999999964,0.7303652422302578,,285.0,,-0.3872259933192222,-0.9037349918462337,8.9,0.4223871116185243,36.0,0.4543999999999926,0.1636821328767218,0.3264775998139235,0.13238908744478747,,,0.3137413520824553,0.0,2.778140173770832,-0.4492865021941227,-0.0946236269579633,-0.48919628192369463,3.350630507021596,2.264899500317536,53.4,50.9,46.0,,,,
1993-11-30,253.0,0.27434859457508337,-2.107386029797439,1.2145241161763456,8.831261334760153,-1.1560822401075972,-0.20000000000000018,0.45590055532491885,,227.0,,0.5350034477030123,4.582876711589903,18.9,-0.5282632464427224,70.0,0.21859999999999502,0.2577436878589507,0.3254151911677823,0.40269584905798467,,,0.18929858335762592,0.10314596066622124,-0.27582019504088395,-0.9266145433252962,0.07327832901583466,0.27685293556728874,-2.059788177893848,-1.147221526492144,53.8,52.7,45.5,,,,
1993-12-31,338.0,0.20526863177422616,2.405062202715693,0.73108532979565,5.440937065603403,10.80458603785252,-0.09999999999999964,0.5905270847029299,,297.0,,0.8254948837691607,3.2823960140164914,41.4,-0.957963685681372,104.0,0.3171000000000106,0.044887333548380856,0.2595718524281614,0.4139467804265381,,,0.02287474561820132,0.3088010688576545,1.4532538498149552,-0.6524613310216373,-0.07704838098017595,3.350850443277806,2.196690602273477,-0.14678063826475565,55.6,53.1,47.1,,1.3356658525180254,7.705976692003762,5.403929208030334
1994-01-31,276.0,0.0,3.6267634356994183,-0.8106683855885914,-27.139506747708182,-18.663613497174673,0.09999999999999964,0.2873679466928268,,238.0,,0.0009763575030704737,-3.7915066771529347,27.2,0.0,-71.0,0.05539999999999168,0.07925174806025412,0.12953369686848362,0.05775994473450501,,,0.033540164661237944,0.7168489478612496,1.148152583322951,0.16949634077039422,0.6842350580474259,-1.8969619990964717,-0.7099595356160457,0.15329922438572183,56.0,58.9,47.5,,,,
1994-02-28,181.0,0.2730377122857327,-0.9846291441703385,1.9222241850455943,10.277235504128917,4.983783320187569,0.0,0.05827318302765504,,178.0,,0.8042013284421831,-0.02299052138211502,21.2,0.42689499195760144,-121.0,-0.1465999999999923,0.216500394385183,0.1939864817826676,0.5362499458833685,,,0.23142519464015066,0.0,0.3266451807743755,-0.23577661001018632,0.23312988324150113,0.1874751759339811,-2.626703069059249,2.58823027459353,56.5,63.0,48.7,,,,
1994-03-31,463.0,0.27229424584558837,-0.43333924853408345,1.9577610974585467,8.518755740693198,15.68183440033132,-0.09999999999999964,1.0149890606631378,,423.0,,-0.3638608148855984,1.5168975759308116,19.8,0.1064396055786501,73.0,0.6272999999999911,0.3394830615574463,0.3224768999014576,0.0835589415133215,,,0.27488190559824216,0.2038736689848309,-0.31743926207029705,-0.24811805628193268,0.2214059763591881,0.32659886224193313,8.176926176829069,2.8151468415817584,56.9,62.9,48.2,,-3.421685697258821,2.2016660304996423,3.862740813034992
1994-04-30,344.0,0.06795786873839002,2.7363346046153865,-0.15972389391447345,-7.647922951514777,-6.5391399654088715,-0.09999999999999964,0.5896138042653182,,311.0,,0.3696718403395369,1.338878053208552,16.8,0.7419217922028647,50.0,0.26480000000000814,0.15001748066025183,0.12870014646474617,0.4113133027492168,,,0.11822482279180073,0.0,1.8306135850990402,0.08010536639513065,0.2969251019459884,-0.0012786987961277518,-3.2614902008511457,-0.6956145637163127,57.4,63.5,50.1,,,,
1994-05-31,333.0,0.20359694850987584,1.6214317326305114,-0.4338261664391083,-0.14461318499996267,4.079469039323454,-0.3000000000000007,0.4590495958547496,,292.0,,1.7139573175785752,0.8044245941260532,22.1,0.8412247294651923,4.0,0.14350000000000307,0.22238374793278975,0.2569044444442029,1.2353132080948237,,,0.1453158604564864,0.30503328176228756,1.390560670785312,0.15484542087694345,0.6761551322079036,1.1467928108834469,1.5926086761186442,1.1546347932831573,58.2,67.8,51.4,,,,
1994-06-30,317.0,0.27081939368795566,1.6914266283561445,1.1697543241111625,-10.680874183419114,-7.976969994572205,0.0,0.6728449687135942,,307.0,,-0.12383902511465827,0.7243655131899965,25.0,0.8342071317395273,-39.0,0.30999999999998806,0.22189029976499614,0.3202052047479835,0.6027810348954445,,,0.24323376774445907,0.0,0.21164753872244318,0.6349882513413934,0.5440153469789938,-0.15814080354556134,1.915545689949176,2.670343124395377,58.8,69.7,49.5,,2.9594400778588574,6.154413814445765,5.38432863013466
1994-07-31,369.0,0.3374961016526001,-0.034473724468886996,0.13941289219722694,1.120908453471996,2.106819498868765,0.0,0.13295056794985713,,342.0,,0.9873883340718795,0.19265351626296284,17.8,0.9302392662313631,-22.0,-0.14869999999999095,0.2096034540099138,0.1916321250764277,0.7337738249451279,,,0.3148707338817629,0.20283982613928409,1.637539687892709,0.130762316125862,0.7611367184124765,0.08732464438586823,0.07011963380431625,0.5952531730098686,58.5,71.6,52.3,,,,
1994-08-31,294.0,0.4034975212179082,0.5988391787453781,1.4302060151899754,4.362062247589035,0.7615128527252342,-0.09999999999999964,0.6681857512926959,,289.0,,0.6856976229700701,0.13541769493266392,18.5,0.4106781952653281,42.0,0.2927999999999997,0.1120018980559028,0.25493958996004273,0.7885194563472697,,,0.22987652387048488,0.20242921892306606,0.7396934807235727,0.0592537313360431,0.41489896123543907,0.11884143654404532,3.2214999515676404,2.177517256203935,58.0,75.2,51.4,,,,
1994-09-30,344.0,0.2011398599685635,-0.2725049820835789,0.9463858863122152,3.1510483968185925,1.641623733466173,-0.09999999999999964,0.31405492615522435,,313.0,,0.8033821489679028,0.04739006291214591,18.4,-0.41067819526533594,35.0,-0.008000000000009777,0.1515921138627867,0.2542913004112333,0.5715703584876055,,,0.11099279686365322,0.20202027072758022,-1.1153181363129883,0.3536250211982817,0.33285401468660286,0.43622495640999687,0.5085792240473368,0.45884961728181056,59.0,80.3,52.5,,2.143877862619237,3.7332976209134685,2.331529959762816
1994-10-31,211.0,0.0669568153572223,2.7523989153386013,0.687714709706351,5.461126978173259,-1.6416237334661865,-0.10000000000000053,0.8012931237858475,,204.0,,1.370510681071674,-0.9224620423822317,26.1,0.7175838070071412,-15.0,0.39620000000000744,0.23502809120691387,0.19029501460862852,0.7256913028586393,,,0.16925166364625457,0.6036235631850463,1.765311101133931,0.6945204099797496,0.5178015472855936,0.9440765274820452,-1.416557657425861,-0.010141620494763795,59.4,84.1,51.1,,,,
1994-11-30,410.0,0.2673798384402205,0.32778706519112594,0.26317227727868603,-10.148303891140586,4.120812685811959,-0.20000000000000018,0.6812622956684664,,387.0,,0.7420268807595611,1.0960337167433967,24.7,0.6109998641578473,-57.0,0.29240000000000066,0.1832321183428854,0.2531646921779505,0.623500790286994,,,0.18987962555963028,0.6996530289836103,1.6230648674993298,0.28345931291790544,0.5389924505798475,-0.006231189598427388,2.7532156761980944,3.0366330194740305,59.2,84.5,51.6,,,,
1994-12-31,307.0,0.2000667556296969,1.6203866952230368,0.2640204531376527,-2.6668247082161294,-3.7765782667146683,-0.09999999999999964,1.0166425922232956,,286.0,,1.0438200880790076,0.48920300644732284,23.3,-0.10157441198354164,56.0,0.5751999999999953,0.03367816881168587,0.06319115534130454,0.7836395917730743,,,0.0642083358503598,0.6947918768796905,2.179090134728868,0.08258199146864627,0.6262282410021414,0.45137821366470854,2.0795718736151265,0.18816530392465614,56.1,87.1,46.7,,-1.062640080037077,4.759563183577212,4.556232746715193
1995-01-31,331.0,0.26613455495140814,-1.3401840473087028,0.4958472166114663,-0.4780885600342008,-3.3546122491203825,0.09999999999999964,0.17005361979378247,,322.0,,0.9728270102626131,0.3934706713272434,8.8,0.30441423812280516,-114.0,-0.1419999999999959,0.2485744809691299,0.4412235333264992,0.9859523212070198,,,0.20280655335533207,0.7881814202253595,0.4876830106210998,-0.4826540076019599,0.6765030486264352,0.3195801112120219,0.46529069278877005,1.6156429445018297,57.4,86.0,51.9,,,,
1995-02-28,189.0,0.2654281584872723,2.2326478207370903,-1.4602702821600022,-11.320089794499937,-6.686294522912658,-0.1999999999999993,-0.11286873050116841,,179.0,,0.8281547242638082,-1.1285474329943683,9.2,0.7067167223092573,-28.0,-0.3838000000000079,0.1634297251297385,0.25125641358831385,0.7673794001082526,,,0.17711896156176674,0.5870858349783608,0.09471052026445562,0.27595580994539504,0.6072267463903439,0.19767735619197016,-0.06497880493299886,-0.7593429679988805,55.1,81.7,50.0,,,,
1995-03-31,214.0,0.19860979716293242,-0.6311472845952902,1.0874627767526008,9.709749037842052,-5.225360175968479,0.0,0.1660301158287747,,194.0,,1.1250038908309021,0.9049232491388097,2.0,0.501757199197957,-28.0,-0.15109999999999957,0.24464487744688956,0.313185348379388,0.8626721601136472,,,0.18422778135022044,0.48661896511729064,-1.1502018226790092,0.4845373859025886,0.8838789519102127,0.2736317049185297,1.9965191597634684,2.9642254958674266,52.1,78.9,48.1,,2.049463363626702,1.6539270224274107,1.416610584324906
1995-04-30,158.0,0.3960401216097136,-0.9773681185329656,0.0670953624375948,0.8084118399959058,1.4308670195561302,0.39999999999999947,-0.17277257902168244,,151.0,,1.0588234376857726,0.07017796202776837,-11.2,0.9960241705055434,33.0,-0.4375,0.23243999714942393,0.3122075592505514,0.9243649287776483,,,0.2623836900415095,0.9661910911736891,1.3247679116916216,-0.27760925006489046,0.5767415529553053,-0.7437550500671339,1.1203689972344755,0.8404032278350207,51.5,74.5,47.4,,,,
1995-05-31,-20.0,0.19743343037176078,0.9446590912040701,1.3981975244356672,8.18990289788282,3.6424018723416727,-0.20000000000000018,0.48989069851187517,,-4.0,,0.37159986070178824,-0.09763628866136627,-8.5,0.8880176756858951,12.0,0.11280000000000712,0.1696304059604054,0.18685773110527487,0.5869108133749692,,,0.1538484600562705,0.28804628653540876,-1.3710523043924125,0.6024584146163682,0.7750403530499957,1.006819283692167,1.041062991573521,0.21802091203034943,46.7,70.5,43.7,,,,
1995-06-30,245.0,0.19704439872987387,-1.8403300604037356,1.1660520179935003,7.294154394236764,-2.5434897147821602,0.0,0.3308851432204188,,218.0,,0.6169952864863407,0.6549136706079133,-20.7,-0.39370129593395314,34.0,-0.029200000000003,0.08687846250315515,0.24860174394618773,0.351687040107439,,,0.09751197510448455,0.19157093981389614,0.7584140480290307,-0.2423350465183139,0.20424579079787586,0.2966524602180156,-1.3781705001291789,0.8421914696775717,45.9,64.7,46.5,,1.4263233967571904,2.3293892228349105,1.1915149860362613
1995-07-31,91.0,0.13114755978106554,-0.7599562942358198,-0.6373099447148356,5.370417897186116,13.14801098539652,0.10000000000000053,-0.4189892740106142,,99.0,,1.0094741782334644,0.22149618602431034,-20.4,-0.29629651306571836,49.0,-0.6640000000000015,0.1576363555224988,0.18604656529198924,0.45508238274037954,,,0.12544368117596566,0.2866700482076042,-0.7687023784992767,-0.22455193681635804,0.47887228252121405,0.22008127433564453,2.5949787720316753,-1.6443850237835202,50.7,58.6,48.1,,,,
1995-08-31,264.0,0.19639940846600223,3.598960062803839,0.9835456658932649,-8.73679467919458,-3.128513749703437,0.0,1.3169322992451014,,272.0,,0.14374550620346455,0.6653714031175773,1.2,-0.29717703891574815,32.0,0.7780000000000058,0.2395936715698225,0.2475248788542974,0.24925510716036933,,,0.21510137207138297,-0.47824098802150206,1.672030229394757,0.48699795942468377,0.059082854057035186,0.06348896482063188,1.3564436614438145,-0.09971702753243418,47.1,48.5,45.0,,,,
1995-09-30,227.0,0.13071897286214249,3.690169353005121,0.12872285365241434,-3.336059909419451,-3.3755448965216166,-0.10000000000000053,0.4025176187478833,,226.0,,0.45320299605694214,0.5456992547398555,26.2,0.0,35.0,0.002300000000005298,0.1311003249179711,0.2469137056921106,0.4290455201130662,,,0.06914663038576907,0.09583134418115972,2.501184200105077,0.928004913051125,0.6265495464965233,0.3217082543584152,2.161184311548734,0.9313003435256515,48.1,48.8,45.5,,2.192013465997731,4.901979866592086,3.388508904282058
1995-10-31,153.0,0.2609264363613845,-2.9794884422341874,-0.3682200739990296,2.6202372394024116,0.0,-0.09999999999999964,-0.17591074109052918,,119.0,,0.39151350843716115,0.20213811595055356,21.7,-0.39761483796392944,-21.0,-0.4947000000000088,0.24301697979263442,0.30778725436796367,0.46697503150243175,,,0.25850814155093593,0.0957395956327247,-0.9761617048193194,0.18344208907336473,0.4834517595109219,0.10943713929202945,-1.222944434357362,-0.8693023901677458,46.7,46.5,45.9,,,,
1995-11-30,139.0,0.13020835172982007,0.431938390374639,1.45891903766865,-4.706751085798586,5.886137009629261,0.09999999999999964,0.26320058946327374,,140.0,,0.060484634966872425,0.4157920453720267,5.5,0.19900504080097875,30.0,-0.13710000000000377,0.06460922413711102,0.18421865817702093,0.19376925009853935,,,-0.0029338418661493905,0.0,-0.34751394300348704,0.4277775093155692,-0.1570156120265731,0.26822194745405514,-0.1410582539899514,0.40876204876291083,45.9,44.5,44.5,,,,
1995-12-31,160.0,0.1300390300283555,4.466892702754553,0.23897336295441424,6.557337705569361,-1.4568415828290497,0.0,0.3464824423083626,,157.0,,0.10198493773332258,0.09108856840777527,19.6,0.396825917562067,12.0,-0.07750000000000057,0.14056025607066847,0.06133088202058488,-0.000920360679129061,,,0.19198505189741152,-0.09573959563273327,3.802338446237323,0.6964825208891614,0.2973339518284689,0.13081555663396618,1.5494911702400276,1.0929945662858198,46.2,40.3,46.2,,1.0528630777147334,2.597462056729888,2.7071466987724113
1996-01-31,-8.0,0.5184716734186895,-4.684875042748861,-0.11720714883126696,0.7027435807456875,2.4845998586530804,0.0,-0.5740078791368126,,8.0,,0.5838822058703698,3.0335282558822048,-14.7,0.19782400121057206,-55.0,-0.8495999999999952,0.11316512570760666,0.3671974750120917,0.4455872927215486,,,0.22230031384609075,0.4777839953713076,-5.772839335381898,1.080596636176195,1.0589233462094083,0.130644653079505,-1.1239835880679494,1.8698032021119126,45.5,40.3,45.3,,,,
1996-02-29,421.0,0.19373593402261763,-3.283624915601529,1.5009973331999578,7.420800716605955,1.6227536621756755,-0.09999999999999964,1.4529159926465458,,386.0,,-0.09053757823385032,-1.239704817541267,4.8,-0.19782400121057075,33.0,0.8293000000000035,0.13019624270085167,0.18309434471093364,0.02412561210083774,,,0.15765045743190229,-0.1908397525760363,-1.239797940562657,0.32310491049306345,0.028854370712499154,0.7671085732876597,2.315621780465917,0.5883859786557158,45.9,38.8,44.6,,,,
1996-03-31,254.0,0.3220614700042157,9.002461432505628,0.37392239454350923,-6.445183222069495,-4.597722279281734,0.0,-0.12250426290402106,,207.0,,-0.07516254252910055,1.1353275748271299,-3.5,0.5923018303122072,17.0,-0.48570000000000846,0.23135926687935243,0.2436054797881121,-0.08237681492441211,,,0.30147044175668564,-0.09555662456686795,3.6300338220588473,2.251927389235019,0.1260477189056597,0.3185974835626484,-0.14603140838161793,0.4341933551291135,46.9,39.9,44.4,,1.8512599734803563,4.436437375848955,2.9850346923996005
1996-04-30,166.0,0.3851095902097472,-5.063759262925451,0.7885991979096908,2.059098144392715,6.260547423039599,0.09999999999999964,0.9901218260521437,,183.0,,1.3497150140263263,2.734242892048421,21.3,0.8819263434081336,26.0,0.4347000000000065,0.13542507718390834,0.1215805620889728,0.21135514756242665,,,0.29911449628177916,0.571974867278713,0.7434517472237921,0.197361192959538,-0.22559348024138326,-0.606927532660905,0.4702595088769124,1.6839353816050426,49.3,41.5,44.7,,,,
1996-05-31,339.0,0.19200005898244268,4.7760312039896,0.8861970562413234,1.3495481474884508,-0.7947061692531834,0.0,0.7445583622923437,,325.0,,-0.05235375592877603,1.6330938680773792,19.6,-0.6852694462040507,-6.0,0.2295000000000016,0.17364574945969707,0.24271856576111375,0.08738283889785818,,,0.17238261611289335,0.37950709685515344,2.26119109625134,1.032091411546399,0.082530088380291,1.255351660218963,1.2794620361520723,1.7819242774112307,49.1,50.2,44.7,,,,
1996-06-30,273.0,0.1916321250764277,0.058948470414194064,-0.8002305969677768,-3.4086462918811797,-2.49087263668034,-0.2999999999999998,0.7593378241183936,,274.0,,-0.3544169467801419,0.3266976530414537,21.0,-1.0864304391905737,-28.0,0.24289999999999168,0.07676343026140867,0.24213086890103452,0.08588588872637054,,,-0.0014473560423865898,-0.18957351648990894,1.6157259809408802,0.4713144361090843,-0.0436621445049041,0.5958356637094592,0.038005419748720994,-2.2317744508409776,53.6,47.9,48.2,,-0.1436800056500367,5.794753073605762,6.6167467235631925
1996-07-31,249.0,0.19126559863329873,-0.6161141045192169,0.6438265308083214,6.5751377562780435,0.3402521145839934,0.20000000000000018,0.015374603570960434,,230.0,,0.11331867744733298,-0.37452759933216023,29.5,-0.09935420588779009,21.0,-0.37469999999999004,0.18739624161198898,0.18121418429262118,0.3795109406573584,,,0.21109255424028414,-0.4755120705010476,-2.01755411095639,0.9513331394277232,0.14275625503568742,-0.27319351629613936,-2.3523795810321126,1.2907323676714675,49.7,44.1,46.7,,,,
1996-08-31,179.0,0.12730746467981127,-3.913269101076548,0.009011722359668461,7.020425867324856,5.613887254517683,-0.40000000000000036,0.5105235284575914,,222.0,,-0.07360116770951587,0.6745007122940225,13.8,0.09935420588779574,-37.0,0.039699999999996294,0.08648128077611242,0.18088639240260307,0.23214084272747126,,,0.09527934891438186,-0.1908397525760363,0.4277945489393375,-0.5657464819164297,0.15989634149629206,0.2448444923757815,1.6561425062090969,1.7238904986538468,51.6,46.6,47.4,,,,
1996-09-30,202.0,0.3175613973886599,5.040229938743483,1.1257455373719882,-7.020425867324858,-5.410290306007813,0.10000000000000053,0.6239632118214098,,139.0,,-0.7219228856256606,1.8873389620068355,12.9,1.0864304391905661,-21.0,0.13249999999999318,0.3028032820362705,0.30075210639553224,0.0975825219246719,,,0.2824168675861764,-0.7670219771309409,1.7726270696943043,0.544344707585697,0.32932573305957435,0.2265674830163027,-0.01417273734621517,-0.2115460344673991,51.1,50.1,47.2,,1.5878728017787007,3.659734722344209,3.572137173085183
1996-10-31,265.0,0.3165561364560711,-0.10643831816347334,1.069608736419576,-6.713930283762856,-5.791642787955524,0.0,0.029609405001772744,,278.0,,0.29870017008575217,1.0176070069228151,8.2,0.5876608488985191,-34.0,-0.3666999999999945,0.23707394260225645,0.18001805041478475,0.2921775224589437,,,0.3017070273223719,-0.2891568279799125,-2.168894811492407,1.3280568234355523,0.1998655981783102,-0.014145438708986128,4.457438873035165,-0.4269267803031566,50.5,45.7,46.0,,,,
1996-11-30,282.0,0.31555721988098473,3.283744774473106,-0.16670811141262265,6.843716155322848,6.736319178964403,0.20000000000000018,0.9144785172068857,,271.0,,0.0726679335943397,-0.15274759463080198,11.1,-0.19550348358033506,54.0,0.3649000000000058,0.13099608180771516,0.23952107259546285,0.029833729914621222,,,0.1777243161754832,-0.3868476777920206,2.901161095422332,1.4609603294125082,0.2518343623893014,0.2637188215333425,0.667425737404194,1.391938983222033,53.0,46.3,47.6,,,,
1996-12-31,196.0,0.2517307811377893,-5.07501239565571,0.24277208302181877,4.315390385523394,-8.329401386183834,0.0,0.6386648092456734,,190.0,,0.061829961282332445,-2.4019607921285484,8.1,0.29311208088587265,-1.0,0.13109999999998934,0.03799900122424974,0.11954574047737312,0.04036683668187437,,,0.11592378952088567,0.0,-0.2694696266272579,-0.17892709819721297,-0.2617447468285653,0.32867351253216087,-1.932013460902276,2.1669293960256386,55.2,52.0,48.6,,1.9429520273526752,4.912654490645941,4.1320620197476705
1997-01-31,213.0,0.1883831012373544,-0.3115757443369487,1.1221516784679393,3.0583423372080185,-1.1009285508369369,-0.10000000000000053,0.15838703738682286,,191.0,,0.9869906564480233,0.41656916414399403,12.8,-0.2931120808858812,-29.0,-0.2670999999999992,0.10688269236794065,0.23866359777309532,0.23064174729924036,,,0.13007527616788006,0.09685230781305051,-0.6260552149169593,-0.10268033367135769,0.49906825980384634,0.2726822251953145,0.09330918949137956,1.0292873981990114,53.8,53.3,49.8,,,,
1997-02-28,317.0,0.18802888648519064,5.056972939686389,0.6684800921305591,-3.5564753722284355,9.228649196390322,-0.09999999999999964,1.1867816799596038,,312.0,,0.055027186460537725,1.1122454682280616,16.9,-0.9832920916238946,63.0,0.5822000000000003,0.20500730321981023,0.17862463814640644,0.2847595647505261,,,0.208339354447559,0.19342365798309683,3.3753992955213254,0.5044097977200468,0.289946718027083,0.26611281139902715,3.125781869777004,0.9717537161378696,53.1,56.4,45.9,,,,
1997-03-31,318.0,0.06259781112076208,-1.5708353751091906,0.7269030319136282,3.676884778708906,-1.9708419082499693,0.0,0.6326080160110061,,308.0,,0.5710663729220248,0.8175583331866904,13.4,-1.1928570865273844,-9.0,0.11160000000000991,0.23817874657264304,0.1783061393656522,0.08575897463088476,,,0.10543113759430875,0.09657171199587913,0.8693468918178151,-0.18199628191433606,-0.21181543890626928,0.46283996057589777,2.3970939250015944,0.506942188958746,53.8,51.1,50.8,,5.3664949256418,4.377383168931241,2.573476535230363
1997-04-30,298.0,0.06255865077341677,3.797635686433045,-1.48665727617642,-11.058876002235637,2.3737974568501317,-0.10000000000000053,0.11715145153684302,,303.0,,0.14847449293067125,-0.6941406216968516,6.5,-1.2072581234269248,-15.0,-0.328400000000002,0.19572213713362302,0.2964722005528102,0.3673610939928021,,,0.0982073677519793,0.0,1.593119025738572,0.39902089371495475,0.5873122859928892,0.06379215572843543,0.9288332429356864,0.4927383749183137,53.7,50.3,51.8,,,,
1997-05-31,271.0,0.0,-3.1919590548537276,-0.07069149425893158,2.127739844728488,-3.4086462918811797,-0.1999999999999993,0.5524360977567013,,273.0,,0.5621200534299372,1.3809351074068779,1.1,0.0,-7.0,0.022800000000003706,0.07259933862557744,0.17746233583684795,0.38820433026934237,,,-0.045533453645339866,-0.1932367751053813,-1.9748152109109525,0.030674940338069015,0.3317917973324317,0.4327107825344541,0.1464806367843076,0.49032236360776876,56.1,48.5,50.7,,,,
1997-06-30,256.0,0.18744147943501305,3.6356628113275953,1.124202486529558,4.25047883544713,3.5426047847868216,0.09999999999999964,0.4585436547764169,,197.0,,1.7218422917546155,0.26423937896654437,18.0,0.0,-12.0,-0.0742000000000047,0.14782793292455995,0.11813350458311712,0.6503683454492001,,,0.1280100307080897,-0.19361090268664405,2.8131020326737532,0.3133199955650635,0.092170069327278,0.32043181939109033,1.2834100585529573,-0.2715879106684903,54.9,48.9,51.3,,-2.239915250107143,5.142894220195987,6.606020401069829
1997-07-31,298.0,0.12476607981552772,2.2800743458175865,1.241842780341884,1.501905578371537,-3.889947961373772,-0.09999999999999964,0.8505942659710574,,272.0,,-0.40478612413718745,1.7430331635493308,20.2,-0.30410565757789343,38.0,0.2377999999999929,0.0682617656151602,0.17693900222265277,0.14306934812843253,,,0.05968198207648234,0.0,1.7874389056340363,0.41583546145187306,0.49266065585427526,0.3836263089459257,1.522156845302184,1.2577038890951173,57.7,52.0,51.7,56.7,,,
1997-08-31,-27.0,0.24906613124518304,-0.8748883585646337,0.0605238695468683,1.2345835822299362,-3.3253859954287486,-0.10000000000000053,0.9954946093585422,,42.0,,0.3561706674496313,0.3418945964039779,17.2,-0.10157441198354164,9.0,0.339800000000011,-0.04039419214307876,0.05891016370665104,0.2146621810243727,,,0.07952060854700838,0.0,-1.066417717780894,0.545153348193095,0.3180189327785333,0.5202479190062304,-1.8611811112084213,0.26705346048916895,56.3,52.1,51.3,62.0,,,
1997-09-30,488.0,0.24844733276617442,0.3001660768619698,0.6206052146389214,3.021377859649663,10.636720302262976,0.10000000000000053,0.9117575456574147,,426.0,,0.9038775644120107,1.0781377394209026,19.1,0.0,45.0,0.25149999999999295,0.207369337732432,0.2352942262026614,0.565022692710771,,,0.24101521555512329,-0.2911210207458442,0.5524663121121542,0.557554609908011,0.05911319632378388,0.2608187081132997,0.8422622286064222,1.3540375470976818,53.9,53.0,51.2,56.2,0.7413152900006303,6.392850764019778,4.963354527751096
1997-10-31,349.0,0.18593125901834145,-0.01912067400577107,-0.09313539394600913,-4.879016416943205,-1.69606153070452,-0.20000000000000018,0.8827849981995333,,290.0,,0.3501442795029018,1.0263823424940366,19.3,0.20304575503819214,5.0,0.21000000000000796,0.15142782635597002,0.2347418918305113,0.3154863862708444,,,0.13018992584064848,-0.3894844261541074,-0.8558577288008891,0.6288072327582075,0.49303774785473037,0.4913122674719975,0.12100587598655466,-0.09490024889197293,56.4,53.6,52.8,56.6,,,
1997-11-30,301.0,0.12376239203498564,7.258705931301527,-0.2598111358846334,7.696104113612839,-0.6600684031352024,-0.10000000000000053,0.7844288895028653,,278.0,,0.8056292262557105,-1.4628923253746688,19.8,-0.5083895037272285,-30.0,0.11249999999999716,0.03053562281697378,0.11716462968907577,0.2733101323576278,,,0.0056565885129638074,0.0,2.4363179347578336,2.4361988759562956,-0.2751583181628243,0.6476019699584749,-1.3736636538964206,-0.43725077876806,55.7,52.1,53.7,58.5,,,
1997-12-31,324.0,0.061823804133027495,-9.551942093980292,0.6762411226391021,-8.574954716920764,3.6414946741778498,0.10000000000000053,0.4249443582916469,,319.0,,0.9114593293243297,-0.2627300689734011,15.6,-0.9216655104923952,-13.0,-0.1998000000000104,0.058269400502716076,0.23391823531720193,0.4618392006749371,,,-0.021213856970877444,-0.4889985294191792,-0.6154932524996013,-0.723245514528188,0.3257535255244988,0.5841969912816258,0.9381146478987693,2.5122809067235843,54.5,52.2,52.1,55.5,5.255528135235445,5.390540439872662,3.4009420197486846
1998-01-31,257.0,0.12353306079925863,0.2976517605926585,0.3182697338528702,9.496620227413159,-2.653018750923645,-0.10000000000000053,0.4373784275947398,,253.0,,0.245004392742391,0.5692304066383045,18.6,-1.3464729577000878,99.0,-0.19359999999998934,0.15244961721867928,0.23337233462203183,0.30700061054309863,,,0.04949200098197591,-0.688640202963336,-2.3875147892657616,0.14522379861574836,0.8555185259818594,0.8749332272941878,-0.03796363129760561,-0.6029633338659435,53.8,47.0,51.1,57.0,,,
1998-02-28,211.0,0.0,3.9278529134737985,-0.09209653075126258,-0.6904515346544486,3.795888333285926,0.0,0.1617489618267879,,195.0,,1.0160948521589892,0.3764089814011243,13.2,-0.9429090288851802,92.0,-0.42440000000000566,0.08582384491581324,0.17467253349418002,0.6204604355440003,,,-0.052320855296154614,-0.29658944133781767,4.62958284705667,-0.09224913367834499,0.7119421526868749,0.644055230881382,-1.372529336088544,-0.3224027915491512,52.9,45.5,51.7,56.2,,,
1998-03-31,148.0,0.0,-2.4482175198373155,0.5050437679512859,-3.5256295477733484,-1.0790330018350307,0.10000000000000053,0.03515910121257895,,142.0,,0.6493121277437214,2.8571699133131725,10.6,-0.951884500920698,-42.0,-0.5251999999999981,0.10648523696548998,0.17436796048268374,0.48687695524557056,,,0.015557708522352496,-0.2974717116742843,-0.1382670049360401,-0.9649415637044141,0.42167208849207793,0.5841163756524489,1.124144973183774,2.425237665496676,52.9,44.2,51.4,54.7,3.06621192696918,3.903632260353154,3.994995954540078
1998-04-30,280.0,0.1233806448928344,2.2521850426861434,1.539507945458024,3.5256295477733444,-1.7380546948345985,-0.40000000000000036,0.34253831806135926,,256.0,,-0.058854465999823975,1.1101640422344152,8.7,-0.21276603771166178,-58.0,-0.2565000000000026,0.18366238911027707,0.17406444777841182,0.16518576695857928,,,0.12437460969552079,-0.398010475662681,-1.7489964468664756,0.42218243598132804,0.5741769185476256,0.32461705692395454,-1.5162846915391506,-0.13751107166372703,52.2,40.5,49.0,54.9,,,
1998-05-31,400.0,0.24630554323978138,-0.15544230883231175,0.25400747070750673,2.396007374714438,-0.26007817000573674,0.10000000000000053,0.6569712533411788,,341.0,,0.73753874893875,-0.0038556332289168744,13.2,-0.21321969698407112,7.0,0.021299999999996544,0.096529097226074,0.2316156217830327,0.025067654311579157,,,0.1369157476416683,0.0996512289739076,0.6875698328841514,0.04403807701110798,0.3206447527890566,0.4127174936179858,-0.6189729853611634,-0.23726878801933826,50.9,41.1,49.3,56.2,,,
1998-06-30,231.0,0.12292564547299115,-4.78801738719466,0.9530405912598677,3.9784252193272702,6.612417738247342,0.09999999999999964,-0.6016655286145735,,227.0,,-0.31455769820000723,4.189644767481703,24.1,-0.6424004961355211,-3.0,-0.9984999999999928,-0.12550600559272687,0.17336034390898067,-0.004462342341204845,,,-0.08466803582069712,-0.4992521603120982,-3.2624898024739544,-0.34126347526846057,0.4027263695376994,0.5656650793761931,-0.24138927286915954,-1.2569220924897169,48.9,39.3,47.0,55.1,2.9743203652358217,5.839319157918221,3.685718592768906
1998-07-31,136.0,0.24539889615665658,-1.0097912145041787,-0.7126319539396537,-5.226314356646071,3.414527578120172,0.0,-0.38529866935137325,,85.0,,0.1485280690592628,-0.9483416635763846,8.3,-0.8630042774214928,59.0,-0.7755000000000081,0.2811351988794459,0.17306032585792155,0.14136892997488845,,,0.24674833626881668,-0.4012041489960769,-1.0400643386674706,-0.28531138625508334,-0.012065117175540022,0.17058770507251064,-1.060685275744335,-0.1220148122047855,49.2,38.4,45.1,55.8,,,
1998-08-31,334.0,0.12247398958958697,4.907534779288667,-0.7625599711186642,-3.484673133016819,-5.0735518041398535,0.0,2.0491901058277615,,305.0,,0.9064022942196652,0.23173519149350683,10.4,-0.3255564459766185,44.0,1.2473000000000098,0.19522663481755495,0.28776998276151955,0.3067182161181449,,,0.13791358664367834,-0.5037794029957181,3.553228156411286,0.16055094447238002,0.2554693139353121,0.31557489314026144,-0.84003632559399,1.5878068415841933,49.3,37.8,46.7,53.5,,,
1998-09-30,198.0,0.06118079114054928,1.3255662878014391,1.0889525481905709,2.1053409197832265,-2.0025700502294916,0.09999999999999964,-0.05323279149609439,,172.0,,0.5624041022096188,1.3381271389078924,-14.2,0.21715535135079325,-77.0,-0.46160000000000423,-0.016483290102012813,0.11487652038733584,0.3696495655651885,,,-0.05767540163396678,-0.5063301956546762,1.6189898143608887,0.08371473809255334,0.12542978522418188,0.28134548861984565,2.1835815278350283,0.5001672199252661,48.7,34.0,45.7,55.0,0.978402268501424,5.5095565050049355,5.004326030774413
1998-10-31,205.0,0.2443495412475845,-1.608595898372673,1.6504744088014505,3.3013812072443494,8.072321127244113,-0.09999999999999964,0.6812999094851667,,189.0,,0.2809481239554827,0.053973709614890196,3.5,0.10840109462583103,142.0,0.16259999999999764,0.19487833137555235,0.11474470564769215,0.2665288890879673,,,0.21927059175411243,-0.10157441198354164,1.2673151580922657,-0.9507142702374124,0.3613193787914548,0.12859670635708986,2.775364998647003,2.3281474822558623,48.7,34.7,45.2,53.8,,,
1998-11-30,273.0,0.12195123462611901,2.146222735505215,0.5986095390144506,10.815615628209377,-3.2595478249451344,-0.09999999999999964,-0.07584271645323297,,230.0,,0.5835235452123567,-0.013843880603099821,-4.7,-0.5431843882361729,-47.0,-0.4475999999999942,0.01782201297498846,0.22909517465557624,0.3849942487955797,,,0.004212033781123337,0.20304575503819214,0.7489885951296907,-0.4611353273062128,-0.17638289583572206,0.3965353820624112,-0.29532797798454763,0.13159572302784045,48.2,34.5,45.3,52.6,,,
1998-12-31,373.0,0.18264845260345028,-2.203933739457429,1.0667169714600333,-4.73339385486649,7.6514712184286875,0.0,0.45201495934505925,,338.0,,0.4612213034553718,-0.12100360953233334,4.6,-0.8752791109594744,70.0,0.0011999999999972033,0.17257205055286493,0.34266167166475137,-0.09688231616636339,,,0.1010356236492318,-0.10147134305464592,-0.415761824187849,-1.1187022540293279,-0.5672145453417382,0.1822416217657291,-0.9333460348231215,-1.2410986498412209,46.8,31.9,41.9,52.9,-0.8119049533151502,3.809404826163144,6.385544996210064
1999-01-31,104.0,0.18231545615149566,4.441326047770421,0.05370424080334994,-8.118491225231349,-2.4860037319394976,-0.10000000000000053,0.43112451049789463,,99.0,,0.12405219122588639,0.2583686925474932,13.8,0.3291281084072731,-10.0,-0.0023999999999944066,0.14221641167375623,0.11396012629335743,0.16057691349198494,,,0.1401581212791413,0.0,0.7574427556653359,0.30696467258946014,-0.6453688123264916,0.556388740357671,-0.05232161320971634,0.07406493364129792,50.6,33.7,45.5,55.6,,,
1999-02-28,418.0,0.0,-0.5273170980783883,1.2725169903438558,-3.13432505657113,-4.564865080468,0.10000000000000053,0.6063079650346991,,358.0,,0.8357154188344613,2.4375373281382338,15.1,-0.10958905206370012,-12.0,0.1524999999999892,-0.034168176093525245,0.0,0.47041834318949677,,,-0.05603967755724231,-0.20325210249223577,0.7010835529744738,-0.2300344658365651,0.2117774668026671,0.33931841248962363,-0.32346971546258146,2.4850672411632417,51.7,35.2,45.8,54.4,,,
1999-03-31,117.0,0.06069802917767355,-0.46295003477304053,0.5495543846257452,1.7534055291524913,2.3669744085904703,-0.20000000000000018,0.22660526894455305,,93.0,,0.3355305724246928,1.4920326473912022,4.3,0.3284075201189797,-55.0,-0.14639999999999986,0.03006861133007519,0.056931399203519424,0.5961453428774368,,,0.07564614775521089,-0.4077477616656039,-1.5440921903988178,0.16252676317575276,0.5951453298631847,0.08333201961108347,0.5797117684325914,-0.29034898938531783,52.4,42.5,47.6,55.3,1.5441393262813392,5.548951000723443,3.7401940509788734
1999-04-30,361.0,0.6652579721027396,-0.9225428651148097,0.7901285725423174,6.1782699537062475,-9.630482634801844,0.09999999999999964,0.22959860915069005,,292.0,,0.12354290701565322,-1.151161336999758,20.6,0.9788006366162944,-65.0,-0.12989999999999213,0.25658187160037677,0.3409094210773096,0.19251134280645238,,,0.48194884058624377,0.20408170348525448,0.9413838922721194,-0.3983379011488258,-0.3665413910763906,-0.3284560778553803,1.0612933797929407,1.0650172710829284,52.3,47.4,48.8,55.5,,,
1999-05-31,218.0,0.06025911601442921,1.609982845017129,0.7026362506678357,-3.322564762832039,3.666656002828729,-0.09999999999999964,0.6302647258384999,,226.0,,0.21845283380913819,-0.19640893972210755,13.1,0.7547205635382683,40.0,0.20869999999999322,0.09536785463956557,0.11337869695268951,0.40681420585305134,,,0.06547739522458419,0.1018848789102848,1.4989889153790479,-0.4256637824098199,0.23566484406734406,0.17228353880607894,0.0012597552295688559,2.1819944022288573,54.3,51.2,51.1,55.3,,,
1999-06-30,271.0,0.0,-1.830452704522827,0.38658184837919174,3.8657491510682083,-3.2810514119197824,0.09999999999999964,-0.07846779120085433,,228.0,,0.06103804593274126,1.6105085483451056,5.8,-0.21505384632284735,62.0,-0.36469999999999914,0.05309409350846964,0.056641179650825754,0.19989736197936736,,,0.03063426884639858,0.0,-1.3897964606469786,-0.6299819278415266,-0.18938517590233436,0.33736445184233116,0.32825469819925945,3.143903377725444,55.8,54.2,51.3,56.7,0.19991101937994857,1.9221741983483254,3.3251127398278153
1999-07-31,338.0,0.4208001400205049,3.4942869950504383,0.7726889852088528,-2.523447117854146,6.818005460405866,0.0,0.5769502318011012,,271.0,,1.072716958542742,0.8953703699386673,9.8,0.9641210192385989,-20.0,0.18120000000000402,0.1794942010334085,0.28272566189283227,0.5122465878301597,,,0.2655674760037069,-0.10188487891028768,0.2553563918722987,0.6664516583697437,0.5766959176014135,0.18611699194368791,1.6228319804261422,1.4614355130680003,53.6,55.5,50.4,56.2,,,
1999-08-31,150.0,0.23966458445996747,0.17490235556936745,1.0219705780270218,-0.7808182447811699,-1.266221319241812,-0.09999999999999964,0.40072431636249917,,114.0,,0.2283529614893775,-0.5770052294998456,13.8,1.0604553248797066,-11.0,0.03810000000000002,0.04889709974638332,0.11286682913745333,0.178886926155298,,,0.1817362550627884,0.30534374868904696,1.9810961595919199,-0.0839002730377066,-0.2158284109050411,0.4203779103066807,1.856766947500352,0.9878650212108862,54.8,60.6,53.1,56.4,,,
1999-09-30,199.0,0.41803584317578113,-0.26643844860787813,0.4657359073815353,-7.7991807355521,-0.791962713806321,0.0,-0.4045261045452114,,170.0,,0.54699229174462,1.3233266956291856,13.9,1.0493275715838724,-120.0,-0.6144000000000034,0.2644445834834391,0.28161099996420924,0.4913157006728057,,,0.3583414992889477,0.10157441198354218,-1.576045672921746,0.40325205256982727,0.5787293405083378,-0.12980353338837852,1.2940095499723916,1.0799653868480927,57.0,65.8,51.3,56.2,-0.16577279613185333,3.9052814848194575,5.268681314312327
1999-10-31,407.0,0.17862463814640644,2.9403067942446537,-0.08355481073346054,5.419465038800149,-1.6651633592442032,-0.10000000000000053,1.2148883898798781,,354.0,,1.0496701816216896,1.1253946585838086,16.0,0.2085506491021361,98.0,0.7129000000000048,0.17050071789445825,0.16858672158116025,0.5035332981988686,,,0.16835020811137943,0.30410565757789204,1.7562894823659314,0.8961620549601859,-0.13452064934913194,0.5432127599108015,0.24390839228007974,0.8104032916171652,57.2,68.8,53.0,57.6,,,
1999-11-30,288.0,0.1783061393656522,-4.172256799762107,1.2933239896075375,-1.0374732825551705,2.457126073050533,0.0,0.48356761014250027,,249.0,,1.2960017751721424,2.7635177499451617,20.9,0.7265210991412432,23.0,0.12089999999999179,0.0959478981964381,0.16830298502931784,1.0095291681881025,,,0.0895791905439767,0.20222453807678706,-0.9838585132543926,-0.2376306984446782,0.7201224265263977,0.6459138948989813,0.8359989943705503,2.2589559972778885,58.1,68.1,53.1,54.9,,,
1999-12-31,317.0,0.23724803536303957,5.091701176592048,1.9860887098683364,1.1520864756174192,3.5760663879098256,-0.09999999999999964,0.7683533835146547,,273.0,,0.46942686007683426,1.0482513869805663,14.2,0.7212808189240784,11.0,0.36120000000001085,0.12688815298408468,0.16802020194733308,0.7024469325573554,,,0.23253104583824835,0.0,0.5965684463381101,1.4272754458051253,0.6599229807787288,0.773327288744137,1.8340310727030664,2.2469168461643223,57.8,67.4,55.7,56.9,2.11575082439558,5.80486487184336,6.509414268426671
2000-01-31,228.0,0.2957706977232991,2.522612794755364,-0.6729490239571893,0.0,-4.3068857185822855,0.0,-0.13689853853143383,,197.0,,0.8872174159576267,-0.5705151049355618,11.2,0.4098366392282185,44.0,-0.3802000000000021,0.2398373490227488,0.33519584457049945,0.4209138571009442,,,0.2717467566720374,0.20181641562371952,3.4440861301174825,0.9706196449259793,-0.09159320417200535,0.6552097068940921,-0.1722292470607643,0.8258352366544341,56.7,72.4,52.8,56.6,,,
2000-02-29,109.0,0.4126147911171987,-9.064240588872648,1.5708807542434127,-1.9665179697860147,5.9905249078412535,0.09999999999999964,0.311842571099073,,81.0,,0.6214256217199777,1.1144890379795969,14.5,1.924109992702103,-35.0,-0.007100000000008322,0.14658322566018026,0.05575690136085463,0.4744641227021348,,,0.3147410776023607,0.4024150299725327,-5.741486558544313,-0.18779900446167672,0.5382158836341686,0.3870092111040599,0.638549532504736,2.7335429191530696,55.8,71.6,53.6,56.2,,,
2000-03-31,484.0,0.5865119452398058,4.372028130527592,1.246684870512381,5.012438718256861,-7.9658977814645135,-0.09999999999999964,0.35494125296792517,,350.0,,0.7426705897478998,1.9613951166496606,19.4,0.2004008686715262,-41.0,0.030400000000000205,0.2053926337733911,0.33389012655146305,0.2797968361251615,,,0.42809685274073983,0.4008021397538868,2.7866001696103306,0.34865694799422026,0.06320857695286582,0.2649492208171062,1.8302003874461534,2.0346047513104204,54.9,78.7,51.2,57.4,15.453504808349308,7.878719478095168,1.4485476032206335
2000-04-30,280.0,-0.058496638111456487,1.5052947892670436,-1.857915025137122,-6.7803103351362735,1.3622501681296075,-0.20000000000000018,0.5934581411047356,,211.0,,0.92432080745993,-0.5814571354331423,10.0,-1.4113137476464654,-54.0,0.22930000000000916,0.06569025272252126,0.1665279319061249,0.759664923651721,,,-0.08302200559889086,0.0,2.61729714320688,-0.05417748637502865,0.6128626105638072,0.5025873040441685,1.2601508188339445,-0.6610279800543608,54.7,71.2,53.2,58.0,,,
2000-05-31,221.0,0.17538735860964214,-3.3564991081345585,0.7263374315053703,1.8846258624831718,-3.1867738848022484,0.20000000000000018,0.2704032053406759,,-124.0,,0.5659230470348228,0.029693664720759825,13.9,0.30410565757789204,-54.0,-0.03490000000000748,0.10715674036598934,0.22160673889109989,0.47427968407334714,,,0.0830220055988834,0.1998002662673058,-2.420869231845105,-0.27172093148655946,-0.20799900489886647,0.4107071335229262,-0.374353329424429,0.13803926450397588,53.2,65.7,53.0,57.7,,,
2000-06-30,-42.0,0.5824128285988713,15.280760012294007,0.6587476186396609,-7.761469696293178,-1.0210682201956902,0.0,0.03904567263825654,,218.0,,0.6409398094572469,-1.1989526381696445,2.6,1.407058389694237,29.0,-0.2237999999999971,0.07627918550400575,0.22111672911848923,0.8216949008660235,,,0.3381799921346885,-0.09985023295896603,1.0559962094218336,5.300206025263664,0.874552719306284,0.278881445546318,2.958493622545148,3.33164749990935,51.4,62.9,50.7,56.9,-6.958170914143374,2.6565361627996413,7.219604137991746
2000-07-31,165.0,0.28993931590025784,-14.931963376346264,-0.7749840543534228,11.202176067473152,-6.35554680376522,0.0,-0.19527324535884188,,185.0,,0.29345189068725724,-1.4711455630879626,4.7,0.0,-30.0,-0.41259999999999764,0.22848906579456962,0.22062888155377058,0.21585772758633118,,,0.25051979004452496,-0.09995003330834994,-1.291958828209511,-0.03535482323130771,0.13794889457533635,0.5355139632220997,-0.48008510123189035,0.30450491870324303,52.5,63.4,52.5,55.3,,,
2000-08-31,6.0,0.0,-0.283072716436424,0.4513985222550243,-4.496434651767641,5.194243429999153,0.09999999999999964,-0.27266333927551173,,36.0,,0.32177278446757174,2.711828364200965,17.3,0.19940186068644494,10.0,-0.47459999999999525,0.12804611408992927,0.22014318191710328,0.6052737973146041,,,-0.006762559766695362,-0.20020026706730792,-1.416276372550566,0.38747571033502126,0.5574800674470454,0.6198428523264421,2.0843714815179375,0.4994282626474956,49.9,58.1,48.8,57.6,,,
2000-09-30,103.0,0.5197817073616917,5.773490917928426,1.3539268391442334,7.27593542824283,-2.2310636693620314,-0.19999999999999973,0.46040830248799314,,205.0,,0.055712498737356134,1.1099899044545554,5.5,1.1881327886752686,18.0,0.1203999999999894,0.24230494334600952,0.21965961605407455,0.03466400858809807,,,0.4291910006922062,0.5994023940210647,3.5405101588016525,1.1731069458945884,-0.015489441669559192,0.1187613333969189,-0.2445634363224812,2.5421796263712535,49.7,58.4,50.6,56.7,8.025515596946436,3.6489480628001627,0.4075226814873044
2000-10-31,15.0,0.17266191339877246,-7.14565559395048,-0.0680395395122529,2.2765210773012425,2.7488641790373256,0.0,-0.38933847177072334,,7.0,,0.6723235747909574,0.21712072218195616,1.8,-0.3944778291016229,7.0,-0.5726999999999975,0.13952470853791513,0.1644286476250746,0.5955837562187747,,,0.13593084425373433,-0.09965122897390845,-3.124884095478501,-0.25372738574735393,0.4209853972349682,0.2854393404483331,-0.7807759668881549,-0.5384177135560447,48.7,57.7,48.2,56.7,,,
2000-11-30,204.0,0.17236430581650375,1.7223165721710394,-0.5523123747506907,-5.84832933750917,0.129032275967015,0.0,0.02796044748454494,,187.0,,0.6636309851991531,0.48332952733812284,7.1,0.0,37.0,-0.2370999999999981,0.1764522942220588,0.2734483519596908,0.5009663748861178,,,0.1397755754751106,0.0,-1.359484988442982,0.762358097399728,0.6728459314228766,0.042400667213143166,-0.271066305025217,-0.7286522309732241,48.5,58.1,47.1,56.2,,,
2000-12-31,160.0,0.22935789870993645,-0.3877788544533704,-0.19062233521125466,11.068721267491432,-1.2325812876002191,0.0,-0.32683707203065376,,116.0,,-0.04429936743752004,-1.046608841405639,-7.8,-0.69410293542348,-71.0,-0.5228000000000037,0.09804182136187904,0.10917031651943797,0.031158813353953135,,,0.15299141401087193,-0.19960086467149274,1.8651376157353416,0.17467253349415784,-0.24284056924658337,0.20484747016906957,-0.9617143874154301,-0.1478328945562522,43.9,59.8,42.7,54.0,-1.8381613443994238,0.09208498708249148,2.3810543139555818
2001-01-31,-13.0,0.5711037795514434,-6.3475085951304795,1.6788422814583548,-4.899364366957456,4.34295579273361,0.30000000000000027,-0.4770869350923317,,-44.0,,-0.14435154366974698,0.3644541686432436,-36.6,0.0,156.0,-0.6402999999999963,0.3714208789063231,0.3267976764616013,0.12024931510435705,146.0,,0.48293439144386313,0.19960086467148783,-4.357863255742346,-0.7252715019998196,0.3418962896674147,0.465254078349105,-0.24574233678081522,1.1950643398026954,42.3,64.6,42.3,51.6,,,
2001-02-28,85.0,0.22753138371356055,1.8022943152587783,-0.09312421389089713,2.843793532053341,1.5504186535965254,0.0,-0.6534765134370768,,14.0,,0.09420814868772812,-0.10220340101716262,-29.4,-0.5988041844622557,-43.0,-0.7728000000000037,0.17663424177743764,0.2715179512218112,-0.5933068564797227,-137.0,,0.1546873224837435,-0.09975063171254137,1.8449180494277424,-0.8475219810421655,-0.7079224379836236,0.11450887226827719,0.3634405260462259,-4.599768123953412,42.1,55.6,37.8,51.3,,,
2001-03-31,-37.0,0.05680204640086013,1.0665370005453063,-1.0349490568578088,-2.523793258986265,-2.177379954956062,0.09999999999999964,-0.20524117552426385,,-76.0,,0.004853685647146879,1.7555381584782956,-20.8,-1.614565850138705,3.0,-0.41319999999998913,0.10398911026008723,0.16255760827007953,-0.4413109115119474,-335.0,,0.009326928848956442,-0.19980026626731087,-1.4937748808097346,-0.005176385331276598,-1.4114306266515637,0.3027671300713855,-2.0345406824461123,1.3598946590227512,43.1,49.9,39.9,50.7,11.040844808270087,4.103067838518816,-1.3133489796569924
2001-04-30,-293.0,0.1702128070530584,-5.853237657789719,1.686826832571168,-3.2470385030784046,3.6435027345321793,0.10000000000000053,-0.3596380672338287,,-340.0,,0.46067335787281394,1.7163471502942895,-10.8,-0.5099450112349249,7.0,-0.526600000000002,0.15906509903777533,0.2163332374257654,-0.11665140411711307,-147.0,,0.17571655590837504,-0.10005003335834234,-4.2536327663966755,-0.6082382862688123,-0.6893045316582144,-0.20793174056687458,-1.6242128720961222,-3.085333186278403,42.7,48.0,38.2,48.3,,,
2001-05-31,-50.0,0.5089069507471228,3.375043949263845,0.4940220415367445,-2.6757449169549306,-2.704528699548268,-0.10000000000000053,-0.4787344785631192,,-87.0,,0.3668242346261862,0.6807326685194132,-11.8,0.2042901629800331,-1.0,-0.6078000000000117,0.02364097254210391,0.10799137118624354,-0.2906894585637085,-190.0,,0.26299725596586804,-0.300752106395544,2.8658006836390633,-0.5709840384733305,-1.041763770878949,-0.1799705099460207,0.7158226700170449,-2.4346558448908358,41.3,45.1,35.1,49.0,,,
2001-06-30,-108.0,0.22535220804432538,-0.7901786106420388,-0.47070199566546433,-0.33955890011381606,1.9130481598576061,0.20000000000000018,-0.5294243917337967,,-216.0,,-0.7805907728432206,0.8902115041763738,-7.0,-0.4089985251525166,-39.0,-0.6320999999999941,0.22300063023863148,0.3770540421887049,-0.7404983172317984,-64.0,,0.1762722204833691,-0.2010050928024112,-1.3016260381627673,-0.3827257259191202,-1.1673820814082196,0.03327982490290608,-2.9202006086086474,-0.4446209161136225,43.2,42.8,35.7,50.1,-5.141217691835216,-0.4306886225451602,2.490243965908525
2001-07-31,-128.0,-0.16896652851263821,-3.5913683863397847,-0.5025833667041285,-0.22701485345391856,2.056938824810844,0.09999999999999964,-0.6424803271452068,,-176.0,-13.3,-0.9567087569122924,-0.6164592160539152,-12.6,-1.5488177442800026,-28.0,-0.700099999999992,0.25779786970711527,0.2148228538289605,-0.7307825531692824,86.0,,-0.03311017108475046,-0.4032263527938451,-2.2967094869341684,-0.8408632370696435,-1.5936716035873446,1.4823864862325853,-3.263052064390526,-1.7832784858014044,43.5,39.9,37.2,48.1,,,
2001-08-31,-151.0,0.0,0.20844778592772426,0.9333889474399775,-1.6036998909816962,-6.366066305477992,0.3000000000000007,-0.1148439565091319,,-184.0,-8.0,-0.2576360389040616,-0.3540773198208411,-18.1,-0.10411245084105039,17.0,-0.2868000000000137,0.04965113646307383,0.16081482961861254,-0.18268739199797485,-423.0,,-0.011922345801887094,-0.2022245380767809,-0.09368883724835594,-0.8646107696657958,-0.9930637651674633,1.648709514210782,0.8204239272652527,-1.0499138913257786,46.3,35.0,41.3,46.9,,,
2001-09-30,-258.0,0.3938120420136736,-3.8025303963195936,-2.5747732824774303,-1.5125361070755992,-0.31959119563895655,0.09999999999999964,-0.5077876004763502,,-282.0,-12.5,-0.24944003677044987,-1.1933356915088398,-8.2,-0.10422095784436428,-50.0,-0.5700999999999965,-0.5698543628588255,0.21401827323670503,-0.4106160829712235,47.0,,-0.3410504198216873,0.20222453807678706,-2.8063600181409254,-1.037229809221972,-1.3511304703995515,-0.860173241181021,-5.339916384291234,-1.6966825928938372,46.2,36.6,41.5,49.5,-1.865838737026574,-2.069795288308469,-1.6057756167269368
2001-10-31,-311.0,-0.28113597375462573,4.414203170698931,7.173565852622602,2.088242936082368,-1.4184634991956413,0.2999999999999998,-0.27452194543419073,,-344.0,-14.7,-0.5829173812471973,1.0133433669930474,-23.6,-2.3207792645016116,1.0,-0.38060000000000116,0.701702143484243,0.16021365242778537,-1.5867677222224708,-364.0,,0.3516481307260628,-0.7095822981469104,-0.7054022530075847,0.6015293010583755,-1.3808312016019748,-1.7866839507086323,-0.5407672343828261,-0.022117573423740548,40.8,33.3,35.6,44.8,,,
2001-11-30,-308.0,-0.056322164259922494,-4.604485419041015,-3.0245066936406197,5.907009478918139,3.9470432220629648,0.20000000000000018,-0.6065460085319009,,-359.0,-21.5,-1.1664427654788043,-0.24025784228378197,-17.7,-1.5054047735570137,85.0,-0.6113,0.20330507967059627,0.37283665026628604,-1.2022080553832002,68.0,,-0.06757965712067958,-0.5099450112349249,0.4468527432864807,-1.0574863950168427,-1.6307944494667985,0.1168031124550806,-0.7745321918770539,-1.1326681971578672,44.1,32.0,36.4,48.2,,,
2001-12-31,-161.0,-0.05635390399913477,0.9072878729979966,-1.341298295545922,5.781957088882623,-2.145192671795143,0.20000000000000018,-0.04275098074007238,,-190.0,-9.8,-0.6308704157732729,0.6823361381418308,-11.0,-0.9798663048702101,29.0,-0.17659999999999343,0.02343170320149856,0.1593625835278026,-0.6006207503256661,-98.0,,-0.10344554117350134,-0.20470836217249105,1.209980395848474,-1.140148476916699,-1.8558329843892785,0.18660166941606435,-0.82948661831845,-3.0571554244783163,45.3,33.2,39.1,49.7,-1.270416387083464,-3.282301051956437,1.0975945209429128
2002-01-31,-124.0,0.16896652851264518,-1.2050245014599075,0.3010281672672936,-10.660973505825826,7.965016596093949,0.0,0.6633064841170301,,-146.0,1.4,-0.2672151661195779,1.0495646714392735,10.5,0.21857932199802255,-15.0,0.3609000000000009,0.05595352100124745,0.15910902322416817,-0.17287663469012737,22.0,,0.09018927093825499,-0.1025115415245297,-0.5728584122432456,-1.2847170366272018,-0.737542589601809,2.0737184661211305,1.8949814686606996,3.6686473955022816,47.5,43.9,41.0,48.9,,,
2002-02-28,-122.0,0.16868151314795696,5.411620246150822,0.6237385420844127,7.443259478276974,7.431828151957316,0.0,0.01152246826099873,,-135.0,13.3,-0.9381951389215527,0.42812582824954276,11.0,0.0,122.0,-0.10290000000000532,0.19104685157634252,0.21175232899072832,-0.5464731865160315,-263.0,,0.16822421494306375,-0.2053388811842196,0.022291637584567266,0.4922301538734994,-0.7160792346244216,0.16059833445639526,0.008842123883917774,2.5565611623176303,50.7,41.5,43.8,52.7,,,
2002-03-31,-15.0,0.28050509276086816,-2.6763564040907664,-0.28368915224528674,-2.6725267752169604,-10.785435837849212,0.0,0.7212332694922952,,-56.0,13.8,0.08976447629805719,-2.0842179988858245,12.4,1.3015368112070447,-96.0,0.44259999999999877,0.11938130764877015,0.05286809533661568,-0.2007664317115937,176.0,,0.27094735748899573,0.30785042270873736,-0.358984580481011,-0.22857378979482412,-0.8799750376367325,0.0702400530050567,1.2901137722317637,-0.2767304188739757,52.4,51.9,46.6,52.8,-6.606844686954904,4.785336721967343,3.331522227558539
2002-04-30,-106.0,0.4471779391393411,2.3545044917260873,1.0972418237568204,1.398624197473987,-3.0923923608045185,0.20000000000000018,0.48710021656791713,,-118.0,20.2,-0.36636438354201506,1.6078655465087563,12.6,1.6034549847256823,-22.0,0.28940000000000055,0.27843447262640075,0.2639220323190704,-0.22167417161224495,-141.0,,0.4175371410480592,0.4089985251525066,3.026365763982693,-0.5212380051828452,-0.423878174329013,0.33344100007243427,2.186694927007917,4.0587235386394624,52.4,60.3,46.6,53.5,,,
2002-05-31,16.0,0.11148273172463631,0.0011637853281706416,-0.7787753624586384,4.389419355722534,10.259287016240835,-0.10000000000000053,0.4009628467360337,,-55.0,12.9,0.13158255464194502,-0.8548035725595865,10.1,0.10598835120432523,47.0,0.2442000000000064,0.11115707896683631,0.15801952195177915,0.30311946642228627,-14.0,,0.06569870809862427,0.0,-0.10912837585333036,-0.48553670022987333,-0.39441705215466993,0.39923226871873924,0.39691288380342904,0.3680240244427617,53.1,63.0,47.3,54.8,,,
2002-06-30,42.0,0.055694793976556724,-3.4235892919185753,0.5219964944711302,-2.170627858186306,-2.700537566926113,0.0,0.8215019236448063,,7.0,8.9,0.28710725345418453,-0.4898367112817523,20.4,-0.3183026560121212,42.0,0.5795999999999992,0.15876604709649714,0.10520779508038346,0.33426629353114534,-45.0,,0.12470875561972998,0.0,-0.5390336722425284,-1.470510967660756,0.15656637021991118,0.29814691467259347,1.3721245135428493,1.5551370134955085,53.6,65.5,48.3,52.5,3.000884233133718,3.7653303805431007,2.4433486773880366
2002-07-31,-90.0,0.22246950221111086,4.826529075082457,1.3231103400959645,-0.10454784015529453,-3.677757308631228,0.0,-0.03219706395004759,,-85.0,-1.9,0.8068884351629786,0.04156074836109169,5.9,0.4241787908363124,-20.0,-0.04619999999999891,0.20357421381197077,0.1576044455465714,0.49845769532153955,-45.0,,0.22015760638603143,0.3056548482548874,-0.034171468277158445,0.19093016763961182,-0.2693224968686776,-0.25576904470346135,0.18201418029410915,-0.5054079026706285,50.2,68.3,45.0,50.4,,,
2002-08-31,-3.0,0.27739268827252245,1.6186666755837502,0.6045155196842215,5.890027109972721,-1.3382194840698187,-0.09999999999999964,-0.11111535235631594,,-48.0,8.2,0.24802927141900524,-0.9632743715803882,-1.3,0.3169574761279039,-43.0,-0.0910999999999973,0.1967378171751429,0.314465667947156,0.18482138673640613,150.0,,0.19616054833225047,0.20325210249224307,0.9141142456121165,0.42579207426848303,0.11237019240810937,0.018828845847389978,-0.02991378868472417,2.083762231440807,50.3,61.5,46.8,50.9,,,
2002-09-30,-79.0,0.16606701851405403,-5.9838062001396075,-1.7003732730653613,2.915658429145549,9.958760765210387,0.0,0.08486486965993494,,-36.0,6.3,0.3971786786698361,-0.8226756037534134,4.3,0.7356838225708409,108.0,0.0677999999999912,0.16301177422606536,0.10460251999799926,0.7264240883498649,-216.0,,0.18012848811310192,0.30410565757789204,-1.3233975055233946,-1.1569905534454317,0.12804839818548372,0.09973373802617412,-0.2576286421988445,-0.500005250486518,50.5,62.5,45.8,52.3,-1.0275484674571238,1.1567295910348339,1.6227496189512927
2002-10-31,115.0,0.220994565080267,1.3668018428757664,0.6652459622842426,-3.7077417782899484,-9.044399015315191,0.0,-0.20848363369350345,,102.0,-3.8,-0.10920103452758147,0.9039290558361693,-7.6,0.0,-4.0,-0.14419999999999789,0.08460996594752829,0.10449321744935214,0.07524391028863998,178.0,,0.18240809737744526,-0.10126583143861578,0.16470069519046784,-0.801196643734694,-0.28060903199279175,0.2648460839778264,-0.8664114015545853,-1.4860680865817137,49.0,58.3,46.4,51.4,,,
2002-11-30,-1.0,0.1654260096026468,0.5242421863799717,0.1652694479452699,1.7734454939768476,6.176617445181744,0.20000000000000018,0.5586575917318194,,-23.0,4.0,0.09145560769513392,0.5945207066898355,7.4,-0.9468771428852014,-28.0,0.44480000000000075,0.09734105999413306,0.20865943929536454,0.16136469864912503,35.0,,0.09888237707043952,0.10126583143861856,0.24682367451848453,-0.6826190646290156,-0.25349438955263287,0.2725652307741917,1.4012968151695604,4.653052719147355,48.5,55.7,44.8,52.9,,,
2002-12-31,-151.0,0.1651528038473161,-3.6299028357647622,1.1360449447119982,2.316705928153438,1.9769070812224887,0.09999999999999964,-0.5576627290919478,,-158.0,2.4,0.8894103487186358,1.3200098992779266,7.2,0.6322465739487108,125.0,-0.39279999999999404,0.09340951792746244,0.10416667608567039,0.6492399235105693,-345.0,,0.0961863489553078,-0.20263431452324726,-3.878491715492307,-0.603666225722906,0.9314735346904964,0.27089149152791764,-2.843380426983524,1.364155781586736,51.6,56.9,47.5,52.3,1.4256586480307571,2.9184821139710224,0.49411489758948096
2003-01-31,108.0,0.43907864174895395,3.612844865092529,0.6991127078330944,-4.788408623243396,3.5708270551900427,-0.20000000000000018,0.8485405723899884,,70.0,8.1,-0.03485390440501403,0.9226848482788029,5.5,1.7699577099400856,-88.0,0.6755999999999887,0.06776324039719434,0.15604684570951918,-0.07844477881264963,272.0,,0.29836827780476527,0.30379770200768014,2.4122096463855653,-0.11662100854326903,-0.7560875341601032,-0.08865952060671863,1.1669769405804382,-1.104508690241631,51.3,57.5,47.4,53.3,,,
2003-02-28,-132.0,0.5461510025521943,2.394137140677537,-1.3817187727464086,-6.513930217096149,-12.883961768331464,0.10000000000000053,0.11874209279268255,,-130.0,-3.5,0.31589633189397,-0.5374110480385808,-1.6,1.6377029281322546,46.0,0.11790000000000589,0.13794162659350012,0.05196154962327853,0.7045011287370337,-212.0,,0.42009536534263053,0.6048405535880657,0.6833274931768312,0.5259071819626099,0.67543338627732,-0.3404354123117288,0.7074431657256054,-0.4740778681987596,48.8,65.5,42.6,52.6,,,
2003-03-31,-206.0,0.1632653423885312,-1.0786631820275752,1.215293038205769,6.513930217096145,5.784026304132809,0.0,-0.263197134762851,,-192.0,6.5,0.3831700742070554,-0.9463591987378934,-3.9,0.6072893157899082,-97.0,-0.17360000000000753,0.16069177425735867,0.0,0.23262362025704225,-130.0,,0.2563591976679359,0.20080328032456132,0.38549375661552865,-0.018690346698039356,-0.6066020088270646,0.210570724257776,0.10237572782981628,3.069096517943168,46.3,70.0,42.2,49.1,-1.514931252870809,-0.22400777856258985,2.101040306340338
2003-04-30,-62.0,-0.3813679370245629,-1.6968017581241592,0.30351876115324855,1.2929071198857374,-4.928275360610519,0.09999999999999964,-0.5974715309085648,,-47.0,-14.5,0.24465790572858778,0.9735893354524905,-6.7,-3.178124986810596,46.0,-0.42439999999999145,0.11080333543618645,0.0,0.020881534219384892,9.0,,-0.16997390100339663,-0.10035123772401337,-2.322331110973362,0.2371082628972592,-0.4742724327066894,0.5240300673945226,-0.7722046093910278,-1.8581351538689144,46.1,63.5,41.8,50.1,,,
2003-05-31,24.0,-0.16388968432098425,1.287827026754744,0.19562037924567027,6.317890162153167,6.366321424858379,0.09999999999999964,-0.027277943080935983,,52.0,15.7,-0.4915683512279672,0.8521299360395301,-0.6,-0.731838080767984,32.0,0.007099999999994111,0.14373392623055242,0.20757661838445252,-0.34976993050096983,181.0,,-0.11476690041563001,0.1003512377240109,1.400087471280484,0.21029196097573236,-0.3700501319012316,0.7347830341643002,0.10306341736916892,-0.7173148219983698,49.0,51.5,42.4,52.8,,,
2003-06-30,-11.0,0.10928962836450476,1.1389809811800689,1.3893827024064336,10.136367062897367,6.414581125587084,0.20000000000000018,0.12771147115509307,,-50.0,25.1,-0.28761949491754885,1.6079958341129859,3.7,0.9399547011504521,40.0,0.12120000000000175,0.055911356544463914,0.05182689932021143,-0.27955178868441566,101.0,,0.10832281254181425,-0.20080328032456343,0.6360833412200358,0.40773093457997156,-1.1815337218281394,0.2636845428506052,3.038818843278793,0.9800420804970549,49.0,56.5,45.6,54.3,1.7442501469551013,3.235237356411882,3.5268921811471636
2003-07-31,-2.0,0.32715405406149484,-0.10783475226601431,0.8598441116733059,-2.117825870974378,1.5940826393291512,-0.09999999999999964,0.5125135550598797,,-29.0,19.3,0.05600004122680192,1.1736300645795774,7.7,0.5184044787587919,10.0,0.4057999999999993,0.2499477933697977,0.2070394114308495,-0.27369593891209815,-409.0,,0.29342895110939843,-0.10055305020186496,1.2122380015725687,-0.2635145437128784,-1.0070099449022887,1.1944292800146528,0.8545359689999379,1.8120858246361882,51.0,53.0,46.3,57.3,,,
2003-08-31,-31.0,0.43454712595018635,-0.1593699451543393,1.1363014781787375,3.2016213898958346,-3.431972209530924,-0.10000000000000053,-0.21841578199743145,,46.0,15.5,-0.20991307759151678,1.179533201149343,20.2,0.0,81.0,-0.15370000000000061,0.11271602457311539,0.1033591823282692,-0.4203095786734692,209.0,,0.3374069078633456,0.0,-1.8171019411000962,0.5374264709674842,-0.5554038147546597,0.6854744899418058,-1.2172819266644768,-2.0367759600631894,53.2,53.0,47.1,59.1,,,
2003-09-30,99.0,0.3246756098869873,3.2106563470404623,-0.22422245836765697,-6.420690117101029,5.621840740294671,0.0,0.6426751702139123,,151.0,20.4,0.30494194934655866,1.0753218711286578,20.6,-0.5184044787587843,-5.0,0.49980000000000757,0.13913661663534985,0.051639557047342466,0.22900302277412085,-99.0,,0.3120167235124671,0.40160696548897434,3.2897832075278273,0.4360501808971586,-0.7529053656757515,-1.1441678835144804,2.403799368961708,3.241728499153853,52.4,56.0,46.5,57.6,-2.826501889418048,4.288566035670351,6.59808103437705
2003-10-31,187.0,-0.10810811863725966,2.767330572599936,-0.23981549728256482,1.142869582362285,1.433716314640725,-0.09999999999999964,0.12308567584179511,,133.0,36.8,0.9853432068067791,1.5395545307582272,28.3,0.10389611324190386,51.0,0.10539999999998884,0.18437374993239994,0.15475886503779107,0.44284120378580694,214.0,,0.012766826694913655,0.20020026706731903,-0.08295906089255332,1.5470150449720543,0.06457289292989303,0.37859654492410294,2.21000952276489,1.1426025353494478,55.2,58.5,48.6,58.7,,,
2003-11-30,41.0,0.054068668524567765,-1.1051348282063478,0.41095168922258485,-4.560468376320466,5.729962287191298,-0.20000000000000018,0.6682592049196556,,64.0,34.0,0.3395844502849617,0.027325990048614576,26.8,0.5178675478451498,-94.0,0.525100000000009,0.1361676585312216,0.0,0.3215191649963993,19.0,,0.12630371978556873,0.4987541511038968,0.7267063916063943,0.8356253928417742,-0.7187007728914736,0.6000735187577403,2.717483022828211,0.719183296119894,58.4,64.0,50.4,57.5,,,
2003-12-31,109.0,0.26990569691649835,-0.09471418502200579,0.422905476710433,3.240607597312348,-1.2560551608014823,-0.09999999999999964,0.029594602940967545,,98.0,27.4,0.6792971483250482,2.4014264852860703,26.5,0.7205383721270163,69.0,0.03539999999999566,0.1246576797558682,0.10303967938964016,0.1462674580019857,90.0,,0.22033032977750966,0.298062813813772,-0.8774173466753638,1.1015719483652753,0.3387365335788867,0.07961783860071987,-0.33608677624270983,2.883638409133594,60.1,66.0,54.1,56.8,1.8709195956896907,3.370978808320973,4.616146818961049
2004-01-31,167.0,0.43033955600529733,-1.56412384530299,0.4284097178602404,3.138880185013894,-7.3621945412684155,0.0,0.15206262190346223,,175.0,32.5,0.10148154182609066,-1.056280673943375,36.1,1.526747213078838,-35.0,0.13170000000000925,0.256381394441812,0.20576138946801623,0.07002355344180251,10.0,,0.3859979144106142,0.6920442844573758,-0.6965435881268659,0.7403076671738205,-0.33751745995293325,-0.05427801330991621,-0.518421633186347,0.0940818133103096,60.8,75.5,54.7,61.2,,,
2004-02-29,65.0,0.21447729401339455,1.6461779560540002,0.6344218747934249,-0.5163522660049269,-3.4605529177475605,-0.10000000000000053,0.6014306109160528,,53.0,37.0,1.3240451151147796,-0.07589251341432474,27.7,0.4032263527938451,14.0,0.48329999999999984,0.16178493661848115,0.15404367616105247,0.9625165975156139,108.0,,0.2126771528163048,0.687287928776205,1.338510534175738,0.8948719076689257,0.26013516529213954,0.17900575247583347,3.8688894427109912,2.54734056672058,59.9,81.5,55.7,58.0,,,
2004-03-31,319.0,0.21401827323670503,4.943951126826071,1.8116331173005384,9.61726205649834,7.9125544145701445,0.20000000000000018,-0.4008755848768866,,281.0,32.7,0.6324696242249209,2.458927914783885,29.6,0.8016074988236125,100.0,-0.29180000000000916,0.16777897183308,0.30737729119052304,0.6917569274727104,-7.0,,0.1541611162295443,0.7797310460031711,3.2701956942261496,1.4956400502720824,0.49365047092895026,0.4020450188515271,2.7130945365934536,3.45447489774683,60.6,86.0,57.0,58.3,0.3515824364826619,3.2995001821825785,2.2602080955606776
2004-04-30,272.0,0.16021365242778537,-3.465356858839762,-0.6851196247743744,-7.314388434706441,0.24993764573194244,-0.20000000000000018,0.37074991758071035,,246.0,39.0,0.008897419118806751,0.6680997765560639,32.3,0.19940186068644494,4.0,0.30859999999999843,0.25987670489294856,0.20439455250746866,0.5943021499637912,-14.0,,0.18543636459508717,0.6773127005845959,-1.7347725230793087,0.883310782600109,0.463128650671681,0.3385891177101034,-0.33812549068943487,0.12853968763928134,60.6,88.0,57.2,59.6,,,
2004-05-31,285.0,0.4259857346957287,-0.49425509844662346,1.2062638381983928,4.533120564693641,-1.1044288967267346,0.0,0.7197750706737387,,285.0,37.0,1.127042171951943,0.6981551882980875,28.9,1.4829732971050296,80.0,0.5816000000000088,0.13716225949311614,0.15302221807675365,0.8268149825722428,199.0,,0.32463067200737716,0.38498603854414937,0.0016157829680709997,0.7338820119628886,0.7231829027835345,0.4972687353771714,1.8558984598423063,1.4640305252728079,61.4,86.0,60.1,58.5,,,
2004-06-30,97.0,0.371254735618464,1.1818105085782662,-0.6323634658172955,-5.0403067744896735,-8.037929468445554,0.0,-0.7832838806188908,,110.0,27.0,0.8466036449468618,0.8895223222151324,30.6,-0.19646371741648544,-130.0,-0.5953999999999979,0.1581264220014027,0.2036660581803555,0.8559292108492486,-373.0,,0.28475573542488675,-0.6747013546594376,0.7688362938424285,0.8314863240741226,1.1412799079092315,0.06153928674861014,-2.507359771437429,2.8424294185879213,60.5,81.0,59.4,58.6,3.406023075848677,4.51410526917034,3.0878599675768124
2004-07-31,60.0,0.10582011569479043,0.6416560037942698,0.8228033172617648,-8.117329004382249,9.092420786107049,-0.09999999999999964,0.7443879683666588,,55.0,35.0,1.7810140727255408,2.322261571084864,34.7,0.3925422116105512,92.0,0.5924999999999869,0.11812028503744568,0.10167769050870329,1.0690474094972275,477.0,,0.09265288387565211,0.48239360308530044,-0.9720911358564298,1.4514624115934318,0.8349894503919951,0.2199828997723129,1.1520193948628685,-0.981069063592672,59.9,77.0,57.4,58.5,,,
2004-08-31,85.0,0.05286809533661568,-1.676947137708432,-0.15701438349810312,7.69269991623715,1.092907053219023,-0.09999999999999964,0.06709667193686185,,65.0,15.2,1.0197163817386472,0.735917768245599,25.0,1.4584604654762752,-56.0,0.05730000000001212,0.03851434085586672,0.05080010269267893,0.8890426078493349,-273.0,,0.05129777217418921,-0.4823936030852935,2.3205001356925528,0.04250804910660692,0.9059375373527606,0.30290805790978637,0.4167704307808548,1.6077614190587508,58.5,81.5,56.4,57.3,,,
2004-09-30,150.0,0.31662295580497346,2.5344477488448236,1.9897640094626416,3.265254504118413,-6.059374284655488,0.0,0.12701843581539432,,141.0,28.4,-0.016965892537532164,-0.1516516095581085,19.6,0.48146457955404504,-15.0,0.09420000000000073,0.18739030433733211,0.30425986960967305,-0.0982549471622033,280.0,,0.19743836466876744,0.3861008657459372,0.25909888157929784,0.8199327880175402,0.4273560315719844,0.044337640722439814,1.5242827101104777,-0.3017966202240159,57.4,76.0,58.0,57.9,5.513764800224512,4.893885420310426,3.776491954068427
2004-10-31,340.0,0.5254872838358596,-1.7434755158393,0.3239393827251472,7.228234813735016,8.403231581857243,0.09999999999999964,0.849531273723381,,319.0,24.5,1.5414777752187276,0.3589116974999173,26.9,1.6198543803275944,56.0,0.6525999999999925,0.21673579731413378,0.20232682673435387,0.8005362570845864,122.0,,0.4285222562280585,0.5763704716750134,0.7017682996142702,-0.016241690996475062,0.7922909653675942,0.025706827076992296,1.7358353698127633,3.344617042679305,56.3,78.5,55.5,58.8,,,
2004-11-30,74.0,0.47058910374124924,3.896376727864796,0.6397557955058556,-10.153641921942283,-15.077799534861905,-0.09999999999999964,0.24803554509937667,,38.0,15.3,1.2326268773724594,0.7136885750374256,19.1,-0.2839566508077848,-18.0,0.16610000000000014,0.21503258489649996,0.2019182917230364,0.9780427176940337,-471.0,,0.38460154351860926,0.2869442427952739,0.29152030908649745,1.2373670358011382,1.127062864578653,-0.3231450838036376,-0.382367648179828,2.2488411056182,56.2,74.0,56.9,58.4,,,
2004-12-31,127.0,0.0,0.535063937920299,1.2870765034355078,5.2056361956053125,13.619339069385624,0.0,0.7936241000935799,,126.0,21.6,0.23489321397718788,1.4061073978826444,25.5,-1.4320053774748558,3.0,0.5883000000000038,0.12830479078570795,0.1511716085321939,0.15328753439847437,602.0,,0.05323132851203224,0.0954654010450542,2.2129684651691623,0.6660061789816687,0.19460589014467522,3.6057012070171632,2.650266401021704,-0.8815845313604258,57.2,72.0,53.8,59.6,-0.1970906255677162,2.193868023043995,4.060156528453472
2005-01-31,151.0,-0.0521784514838575,0.6677795356201089,-1.0527325589341552,-3.1904546518745227,4.874352346608184,-0.10000000000000053,0.35900791158702894,,109.0,15.6,1.4935189063728445,0.8257060623067858,13.5,0.5752652489449841,57.0,0.23149999999999693,0.35936288750809253,0.20120731134202352,1.0238423090390765,-270.0,,0.13110052091690302,0.7604599385219213,1.546077359891889,0.2494839482765359,1.312998080411636,-3.7801358961035905,0.4034360679914895,1.0576052434070549,56.8,69.0,58.6,58.0,,,
2005-02-28,253.0,0.4166672694845912,0.8176869374298047,1.248430950570405,9.205543674263565,2.896088406604376,0.10000000000000053,0.7232846062771174,,244.0,17.2,0.5341311278502148,1.9656750237664105,21.1,0.8567401285298805,-25.0,0.5090000000000003,0.16570825643240783,0.20080328032456132,0.6955922192587669,161.0,,0.27771109992837795,0.09465216040308783,-0.9767238216433284,0.8770894080586291,1.1211303423006505,0.022266260028316578,0.7644802114284407,1.6961147256731108,55.5,65.5,56.0,59.4,,,
2005-03-31,120.0,0.3631651202862546,-5.152503680354458,0.2673884571590865,0.6800177319064641,-16.890941101119985,-0.20000000000000018,-0.13521797796179472,,124.0,24.3,0.4776886925327901,0.45796545287718066,15.1,2.1566705558775485,-52.0,-0.1945999999999941,0.24621352157469945,0.35043840619497335,0.5127731974422299,79.0,,0.2990642632191996,0.6600684031352093,-1.0974095931058776,-0.45216665919913673,0.8354157124768401,0.3538127418607085,1.0058519520010283,-2.4562317992235374,55.2,73.0,52.5,58.0,-1.8703111236959076,3.445346795944828,4.4130202116941915
2005-04-30,366.0,0.31023809784813516,4.320447525868312,0.8988269020393569,-5.256233009085545,10.04665856449225,0.0,0.2150195443822259,,352.0,8.3,0.9323950473274731,0.8609478210039289,25.2,0.9233675946945524,88.0,0.0782999999999987,0.11493691962758798,0.049962529143247975,0.5205189651505938,115.0,,0.27979254714049534,0.4688241123455538,3.033461959943142,-0.13259450189424415,0.29150125439517927,0.31364930687887993,2.1303183399679626,3.9838836944281857,52.2,71.0,53.0,55.6,,,
2005-05-31,169.0,-0.0516395570473542,5.868124151612481,-0.5762124063857179,2.042490485204094,-1.762160134981956,-0.10000000000000053,0.0899720526852151,,142.0,-4.9,0.24853755892199594,1.1340506470459346,9.3,-0.8306462157753192,-65.0,-0.0327000000000055,0.20509071462743428,0.14973798655037812,0.16729990842977335,-362.0,,0.05635459439077741,-0.18726597232918885,-0.9437822560868916,2.3287220118842393,0.5927794368854012,0.42812630219091946,-0.23353801868770205,-0.879176572188054,50.8,58.0,49.3,55.3,,,
2005-06-30,259.0,0.051639557047342466,1.6306887554345433,3.006011553355735,-0.9375068665456044,2.101225608768013,-0.09999999999999964,0.4487529157463777,,277.0,7.8,0.38943623457909415,1.141772023059754,-1.3,1.197619104671562,93.0,0.24729999999999563,0.06948889371691608,0.04986287812112265,-0.18501831552804848,265.0,,0.06244299219110639,0.0,0.35140271730155703,2.7826447065470887,-0.05361231182982578,0.20063188152250216,-0.0458374462536648,1.2692169876798458,52.4,50.5,51.1,58.1,3.0468296854618515,3.8070091112704207,1.9656601234498785
2005-07-31,352.0,0.6176036100565044,-7.689914418500959,0.6826792163325571,8.64225066222352,-0.6792845139816195,0.0,-0.31714662882168804,,258.0,23.8,0.37245984602984905,1.1869818287562517,8.1,1.1834457647002798,25.0,-0.37649999999999295,0.14613476223315225,0.14943962930537263,-0.226978176560404,194.0,,0.4226063720054984,0.09367682183866581,-1.6845908966213283,0.6527570439233928,0.853648320611286,0.10192158192979378,0.02525996729634677,0.12012892435282259,52.8,48.5,53.2,59.5,,,
2005-08-31,202.0,0.6138126688785481,5.192068463058348,-1.1624489914615186,-10.144849118845956,1.9764441867734652,-0.09999999999999964,0.32537883465618994,,196.0,23.7,0.49875555018668244,0.8950965883325397,11.2,1.4375809120306668,16.0,0.13700000000000045,0.08149910133075022,0.09950249577174661,0.28613274251870013,-114.0,,0.40262061528492543,-0.1874414794350304,2.33407966705193,1.6523596819457,0.06500538049650943,0.15970239086920185,1.2937223880278454,1.1307703717292341,52.4,62.5,51.8,61.3,,,
2005-09-30,50.0,1.3674561020173095,-0.41190168696904167,0.2960408585723421,-0.8803578266759522,2.6379296911491923,0.09999999999999964,-1.956382876954614,,68.0,16.9,0.3906991326141979,1.6926107933209054,7.1,2.03097488675834,44.0,-1.685299999999998,0.2210509317045821,0.09940358671394749,0.5111599420637315,210.0,,0.9604480984986316,0.8407335835973448,1.4994306472023937,1.024144831761682,0.1732608438940878,-0.3522104605002397,-1.2142419056518015,2.833155018783712,56.8,78.0,53.4,55.7,2.5244439125198372,2.974664682814991,3.1230326804525497
2005-10-31,89.0,0.15079168476769278,2.8530703134923723,0.045444218005447644,7.134808079746621,-4.080262387259695,0.0,1.206432940721048,,105.0,12.0,0.8437556995854806,1.073336971826862,4.8,0.08737440485967712,-93.0,0.8288000000000011,0.2871215332722313,0.34713647554590044,0.8079968940912707,-168.0,,0.15978186571842146,0.741430643922746,1.441130436272862,1.3807358296625452,0.5835733795602223,0.557168051736866,2.485970350041069,2.9184995679468932,57.2,84.0,54.3,57.4,,,
2005-11-30,356.0,-0.5035257365645317,5.031783533745216,0.8769081370103826,-9.575938247714749,3.8941292483648,0.0,1.117751662149517,,326.0,18.0,0.4533454341937688,0.9652352063912021,10.3,-1.940096124989691,48.0,0.7652999999999963,0.2549311194295433,0.2472189145389073,0.6306273952274911,64.0,,-0.2090894558769511,-0.6484506279260935,0.273924632640096,3.025277260227331,0.7550393774903715,0.6227995428283783,1.5066453983560955,-1.001126114264929,56.7,74.0,56.0,59.1,,,
2005-12-31,162.0,0.0,0.34642484762060666,0.05179410781252086,2.038391000969886,-7.3928847356997425,-0.09999999999999964,0.515169356423118,,142.0,22.9,1.1910844719757858,1.0681683577076584,12.9,0.0,-98.0,0.28489999999999327,0.1037194361880688,0.14803851704344248,1.0471727917753746,34.0,,0.0,0.09289364346588147,2.9095769651847285,2.2628286765436196,0.3318719902964528,0.3047499026728745,2.08859351781346,1.730624002861314,55.1,63.0,53.7,59.0,2.269297612384463,5.991620812195379,2.2159169488306745
2006-01-31,268.0,0.6039273514243958,-5.5503422877494035,2.833594700334565,-5.388788124110068,13.095787333075947,-0.20000000000000018,0.15766002009161736,,300.0,17.6,0.4622065532348789,0.9213116023833009,5.4,1.2389539012092858,92.0,-0.0030999999999892225,0.22395616931844406,0.1970443987298517,0.7333371039357389,115.0,,0.48360577857185105,0.7400588818171324,-1.8422472777566792,0.6167073434295192,0.736761526420929,1.0057444504287172,1.7662697203407203,2.5179150289391754,55.0,65.0,53.1,56.3,,,
2006-02-28,306.0,0.05016303089889478,4.752127564089085,-0.7587396540671807,-10.120486177405864,-7.015626558424419,0.09999999999999964,0.04215001803382235,,275.0,20.9,0.9413792546293253,0.8326437228488952,15.3,-0.7947061692531834,-71.0,-0.09670000000001266,0.1610345009824661,0.19665689720408472,0.2967566592285543,-72.0,,0.05983796059300395,0.09212345193208402,1.4079584206370641,2.011845659071585,0.30079623574660785,0.43674548968758753,0.8861340203655199,-2.008672664120865,55.8,62.5,53.5,57.6,,,
2006-03-31,305.0,0.15033828940314653,3.3341940985016563,0.38425191588779584,5.053900432727318,-7.341847962917352,-0.09999999999999964,0.22521146597457445,,280.0,33.2,0.45684652621249155,-0.03899107734456957,14.7,-0.08869180182278928,-23.0,0.04980000000000473,0.27579939299209216,0.343221714720871,0.8671816902262666,407.0,,0.1936294156632458,0.1839926922007295,0.6325539861293114,2.8216946544029358,1.1697418865244176,0.3812322583370387,1.696013884484047,1.1169554662465422,54.3,66.5,53.8,56.9,4.696797449683963,6.162271658304461,5.345655379085184
2006-04-30,172.0,0.499501538052293,-5.6885549333086605,0.49110316063504045,0.6252811797186854,-7.8139998911517585,0.0,0.30320784432704834,,156.0,18.5,1.1976921746871552,-0.9900579732392685,14.2,2.1071894682106196,-120.0,0.1103999999999985,0.30489104342826073,0.24443913417764385,0.8037309066126052,58.0,,0.4634243257866275,0.7326040092072881,-2.715355444923323,1.5287332515797574,1.26453647152718,-0.026392075719665533,0.607843362568834,0.5358734045238039,55.2,71.5,54.2,58.4,,,
2006-05-31,39.0,0.2985076843453499,0.5547774216341321,-0.33850275755248277,-3.3502454244562467,6.433256912366231,-0.10000000000000053,0.0254114556411531,,32.0,18.7,0.7727745781181166,-1.0712536155738566,13.7,1.808056141507537,-93.0,-0.1191999999999922,0.250390620750278,0.29254043291051357,1.0143138088134196,-327.0,,0.26825578711287745,0.7272759329079879,3.017361523794509,0.9768208894299267,1.1222474476970692,-0.06473263943398413,1.299772567523368,2.052442501649719,53.7,77.0,53.2,57.0,,,
2006-06-30,88.0,0.2480775273762845,2.471758804012735,0.5448187223394682,-1.1111225425070723,-7.482121068298694,0.0,0.3161409216424567,,92.0,26.5,0.7720415765108838,-0.7185789974816406,11.7,0.0852878516517384,-38.0,0.10799999999998988,0.2521409518505445,0.24313165392859898,0.7739037946419727,151.0,,0.24625597006190691,0.7220247973487097,0.30433938748778216,1.6511358704863748,1.201638709523304,0.12857248021505427,1.2928826275716043,0.2876377317692593,52.0,76.5,49.9,55.2,1.1366999909967777,1.6265448175058879,1.0336742995592996
2006-07-31,192.0,0.5436138912260425,-5.446258214017587,0.3190503495511668,-10.701717372982404,-3.673767192717826,0.10000000000000053,-0.05127465055314873,,141.0,16.5,0.9144309150588538,-1.2190426380977986,4.0,0.7643349312568066,-104.0,-0.19579999999999131,0.09735596243099882,0.19408060434625096,0.5866783943243531,-220.0,,0.3411502066260166,0.359066813072854,-3.9519631720768325,1.0349264500970294,1.4044033486679548,-0.04255536517146817,-1.9044901230471332,0.43313665707856425,53.0,78.5,50.7,55.6,,,
2006-08-31,163.0,0.44258739568553745,0.46622795284585644,0.3882585871959038,7.002860436048356,-5.138419934647864,0.0,0.43791388783339674,,125.0,11.7,0.9081844561628909,-1.0434010660282962,12.5,0.5063301956546634,-41.0,0.18970000000000198,0.20390267158959538,0.24207225570680224,0.6642837828628809,316.0,,0.31414932032586484,0.4470280130903732,3.5593034456478025,0.19185720160977704,0.8488175264318023,-0.08431308757461131,1.928139556998064,1.9905391251417701,53.7,73.0,52.6,53.9,,,
2006-09-30,134.0,-0.49188490715963773,10.895498474392504,-0.5805346136437316,-1.852807756104224,4.154900291287248,-0.20000000000000018,-0.16629623569391533,,63.0,14.9,0.5076011031206666,-0.8900596086841723,-0.8,-2.2128562510733656,-67.0,-0.3048000000000002,0.15738437570274072,0.19323677510538603,0.40999856808458507,27.0,,-0.2623114303808897,-0.3574624002959134,-1.1896687598653024,3.8153918810048677,1.3409231260448191,0.5361760893994391,1.0221636993700824,-1.0227870483534598,52.2,61.0,49.9,54.5,1.9006419329346487,1.544162366717693,0.599374416032005
2006-10-31,17.0,-0.44477463982363646,-7.86362326904588,-0.05838168974339521,-7.6685488553047545,-14.287725504276025,-0.09999999999999964,-0.11474759561266443,,31.0,18.7,0.5724021420935471,-1.1368774844105562,2.3,-2.527367638385023,-85.0,-0.2687999999999988,0.18074535780226075,0.19286409064056864,0.3845374776080744,-146.0,,-0.23584360357499268,-0.26893785819713234,0.04422801022527885,1.3419564020658514,1.0758780374023114,0.4532049120473848,1.1914310774261405,-2.2058649337094205,51.4,47.0,49.6,54.9,,,
2006-11-30,217.0,0.04951720824129466,3.557502188946483,0.3074733170104965,6.380764837655587,5.162858357761527,0.09999999999999964,-0.04204326283365999,,202.0,22.9,0.9501133910025111,-0.10380178268234039,4.5,0.4403353658269974,-35.0,-0.21410000000000196,0.04719986871665671,0.09629273733935646,0.3283488438749205,54.0,,0.03423182058180639,0.3584233227815107,0.9946511702259485,2.0651217682387877,0.3919119809614303,0.40579961056563624,1.4662601379894495,0.6661266833631654,50.3,53.5,49.2,54.5,,,
2006-12-31,189.0,0.5430771185134244,1.953142351392442,1.2000431952637134,-0.49975116504715095,4.909342421724525,-0.09999999999999964,1.0141747096689284,,184.0,20.1,-0.3744488394790277,1.2101221812437735,-1.8,1.1358794035606385,103.0,0.6321999999999974,0.13439753033912172,0.14426547344615512,0.22654555768169882,-25.0,,0.35461238953449475,0.6241660923476133,3.2853373278806406,1.6420517862256745,0.3645509413253716,0.47526335764985284,1.1036362820062051,2.3097887250086813,51.4,47.5,49.8,53.7,3.6646729218027647,0.8963037567470831,3.423110226166918
2007-01-31,223.0,0.16579060562328177,-2.7749827975308095,-0.16148082800267222,-11.340884884065472,-15.728881066091875,0.1999999999999993,-0.338886599431626,,216.0,7.4,0.31322126216575846,0.22091018488506192,7.5,-1.2237914971346553,-12.0,-0.4532999999999987,0.4044590003168792,0.23998091670833652,0.17645838901419456,143.0,,0.33343539474955325,0.4434597067865775,-2.855443023822779,1.6810785859468464,0.8239279288785123,-0.01672576440642056,1.4316222452540024,-1.0515455691091475,49.5,53.0,50.3,55.6,,,
2007-02-28,88.0,0.38708491335397677,-0.9042007311899849,0.211416866026687,-7.333127308554962,4.916185485948053,-0.09999999999999964,0.9378469307673878,,52.0,24.6,0.4161080499147896,0.09793808197938643,3.5,0.3511856111539428,-28.0,0.5765999999999991,0.2156688913217072,0.25614338875541404,0.4706487285111399,-64.0,-0.025045618936599585,0.31012857147507567,0.7933051740795921,1.536604993005886,0.9846938332677085,0.6099498367437254,0.32898337162168767,-0.8959350575934367,-0.39210596965234285,51.9,59.0,50.9,54.2,,,
2007-03-31,224.0,0.5186647493199587,3.80255718121096,0.801725060822873,0.6020487781583025,1.0084119066626007,-0.09999999999999964,0.1778615449302796,,206.0,13.4,0.5776280751056606,0.6643193832177828,2.8,1.5652493477676166,-2.0,-0.028599999999997294,0.10064248195930443,0.13522781732580147,0.14561414547358706,263.0,0.1117623244873716,0.3650681995917866,0.6999153682188493,1.663478232288235,1.5556399752905268,0.2654940179542428,0.32541194122151373,3.329624038593194,4.203622384121409,50.7,65.5,49.9,52.0,7.622259738722693,-0.015465726918855794,1.2015362468522506
2007-04-30,63.0,0.29961694819980367,1.682309314005947,-0.23761218014873337,6.281134014273674,-0.33500868852819743,0.09999999999999964,0.670031990175266,,37.0,3.9,0.3757605782059237,0.3452881569021791,2.9,1.371058323850762,-126.0,0.38049999999999784,0.14259835272420496,0.1569787876187642,0.6277102898539069,-273.0,0.09646216841082428,0.23489748576194877,0.4349724126465842,0.7396983212701782,1.8346661975328442,0.3364361997122916,0.14696177903154994,-0.3393477747401631,-1.1032819885367717,52.6,73.0,51.9,53.3,,,
2007-05-31,145.0,0.4124476656924383,-1.9833816198279741,1.2535378729258697,-5.2064968067252755,-5.164658886216681,-0.09999999999999964,0.0955921474810443,,127.0,10.0,0.28661357839001084,0.9507153913699948,3.7,0.9318152979411373,23.0,-0.06929999999999836,0.11789907571725043,0.1481640556419218,0.5532510766044277,-32.0,0.14719331812981098,0.2899527669027716,0.260078170005744,0.7789571038427245,1.0720949241397904,0.44846715670114007,0.05889013014049566,1.808483193931478,0.8269256992386261,52.5,71.0,52.2,54.2,,,
2007-06-30,78.0,0.2314072179458679,0.013982836091514683,-0.788314634169014,-5.995679260747871,2.3053762868323706,0.1999999999999993,0.05768477837079103,,64.0,24.3,0.354175550725115,0.16601497431260212,17.3,1.173525621842093,-86.0,-0.080600000000004,0.1655243535475027,0.15887742668901397,0.47972217552317165,202.0,0.0044570231549631275,0.2117137450234135,0.43196611445163796,-0.39671422376355475,1.149430582424427,0.2529144815658945,-0.054741802538167725,1.073824999288057,0.9565230113129819,52.6,68.0,51.9,55.3,-1.4756979909817258,1.9244634415086477,2.439593165871891
2007-07-31,-26.0,0.1779012466680695,1.8648115081311936,0.4254830491958139,-1.9096697456456362,-6.712011947344135,0.10000000000000053,-0.12002567099922434,,10.0,26.1,0.25521922197276525,-0.6954010392331299,6.8,1.242251999855711,-46.0,-0.19830000000000325,0.15013357722927714,0.18092676453741188,0.20580754999100825,-261.0,0.3035011741786641,0.152433772804037,0.08616975974811417,-0.05508809792168931,1.570780569583388,-0.10826976482252017,0.10862491065890564,0.9115383531199648,0.724231765459518,52.4,65.0,49.8,53.6,,,
2007-08-31,-31.0,0.030823320011906713,1.1012321962044462,0.5254710579977828,-10.707578194458128,-1.7884232256420873,-0.10000000000000053,0.19240393848492088,,-86.0,22.8,0.25359445090207555,0.3135851177959025,-0.5,-0.3297612221556609,-40.0,0.08270000000000266,0.148747296519334,0.16402305688278362,0.29473525587012483,-52.0,0.4212362177178542,0.06805820969697693,0.17211708207730533,0.8174221403667223,1.6938134418986899,0.13646813440800556,0.0372866894982926,2.1081253213850246,-0.08415631263417093,50.9,63.0,50.0,52.8,,,
2007-09-30,86.0,0.4228600245437914,-4.01801226706399,0.41215445788094573,-1.8773114507925002,-11.712535723741269,0.10000000000000053,0.2220126784417204,,33.0,14.7,0.7223457265492161,-0.042888141568674515,7.5,0.5763704716750134,-60.0,0.13049999999999784,0.2725160702460541,0.2058329505698799,0.6876182642360217,106.0,0.08403473340258659,0.3844078070266967,0.34334797678915363,-1.0291716434036224,0.843767295444537,0.5290815483467146,0.15479815181102713,0.3798473882863598,0.7473185251370887,51.0,59.0,52.0,52.5,-1.6677791289482762,-3.4544170473808644,2.297492443722903
2007-10-31,76.0,0.3078494401099269,1.849243266014881,0.5853941631833082,5.804884980763416,6.622771072841601,0.0,-0.28240612145145494,,58.0,25.7,0.3027819324768843,-0.5269430570831035,7.8,1.467018974779362,-69.0,-0.25499999999999545,0.2602255598836424,0.24691312284063502,0.2795570204725673,-16.0,0.07954676443178295,0.30280113976409734,0.7682496172016211,0.19841717701512157,1.2393387785462415,0.38761861149179017,-0.0761274343757836,1.708308648197549,0.9947938439988676,51.1,63.0,50.7,53.5,,,
2007-11-30,115.0,0.7828164082873188,-1.6146121509165539,0.9359259103626927,-12.58970206128493,-5.446286914882953,0.0,0.532071179671448,,78.0,25.9,1.1681843412567767,-1.7137908351649047,6.7,3.106581957489053,32.0,0.4227999999999952,0.19616673534266002,0.2745229947651859,0.6602008822201914,10.0,0.20828927956886645,0.5288449152609507,0.9310266151095901,0.49565407532869776,0.8181732191442662,0.6362738727578631,-0.08529844619786439,1.1961428538159515,2.343799565137768,50.5,67.5,48.4,52.7,,,
2007-12-31,105.0,0.2893823402949134,7.401010923127764,-1.1411335676963748,-3.4924184236073956,-14.348649732844581,0.2999999999999998,0.03487607063124457,,63.0,8.6,1.2571896132679734,-1.5806924079774747,-5.4,-0.15698590351200178,-75.0,0.036000000000001364,0.20038471344229042,0.2385940994916101,0.8754595390207678,-101.0,-0.06261768580908036,0.23099034536051063,0.5042027488248078,-0.26614192075876575,2.705664942307057,0.9654135317250607,0.4166913836390643,0.797702495502763,-0.6285781031639298,49.0,68.0,48.6,52.5,1.6548102919816672,0.1498581054597444,2.505086204878263
2008-01-31,-4.0,0.3441775367173219,-2.0892309037441215,0.21772994566213463,1.2841267948324657,4.432597377006409,0.0,-0.1324373400967894,,-16.0,7.2,1.2599535304389562,-0.3408061190752059,-18.4,1.4815085785140683,-55.0,-0.0875999999999948,0.1988357846796023,0.28247613872640737,0.7728111160070221,79.0,-0.016763497963669112,0.2520008144425368,1.166679899961538,1.6351990277062225,1.7378172856752299,-0.0062758223962894434,0.13686434429819003,2.4809044021789024,3.1012592958546947,50.3,76.0,47.1,45.0,,,
2008-02-29,-62.0,0.2414908637454258,-1.8346895305157072,-0.8864108872041728,-5.575214163519523,1.737583725391099,-0.09999999999999964,-0.39296708981344985,,-91.0,-7.1,1.155582389949051,-1.331453843765881,-20.3,0.23192897910909918,-80.0,-0.29470000000000596,0.09754922705486893,0.07855790542184445,0.46105000008025454,-345.0,-0.34737142204174537,0.1993341090862979,0.9072227172310858,-0.4052048285202413,1.348374537178244,0.034064016775736734,0.03871674629994965,1.7037843262911072,2.5645136207125723,48.3,75.5,45.8,49.3,,,
2008-03-31,-70.0,0.35716418927452975,-0.07192943564614458,0.28466061537217185,-10.292765210171885,-9.304619876032634,0.1999999999999993,-0.30504888010828163,,-96.0,-14.7,0.19038766508996,0.6179755623413994,-14.7,3.042059670071172,-47.0,-0.22209999999999752,0.19595828120519362,0.2245780768754724,0.06562429858131272,-54.0,0.24938109846895096,0.2858484465000389,1.6287004974699058,-2.127056942332071,1.7595475260714657,0.5553368480133343,0.0337619456675257,-0.5485548921741158,-2.1843012490567992,48.6,83.5,48.2,49.6,6.411252710291144,-0.24635178455239473,-1.7107102360127044
2008-04-30,-219.0,0.2311706965507739,-1.6233718593026674,-0.09534508517027931,0.18674141747954623,0.7928683755507263,-0.09999999999999964,-0.6472955790125192,,-226.0,-3.1,1.6000996891781132,-0.19902959264748696,-21.3,2.80668349336213,41.0,-0.5005000000000024,0.058369434386441585,0.06527111052747334,0.4253118582716991,-190.0,0.16238211011168152,0.18485752077071152,0.4834820054583311,2.306913499455428,0.7904829871472644,-0.08084435228355405,-0.3720098158681679,2.9893793264438613,3.696857136028517,48.6,84.5,46.6,52.0,,,
2008-05-31,-189.0,0.5900052068123849,-1.621128911768626,0.9382516095589002,-6.155789299943332,-4.028742206267832,0.40000000000000036,-0.6076205184033746,,-222.0,-3.8,0.5662777907606622,0.02678410529182968,-16.1,2.8009012285216137,-13.0,-0.479699999999994,0.1817569187891281,0.17508898618657398,0.1884779176219289,159.0,0.18588594073386827,0.42814105258760415,0.32102756302481894,-1.6802597979515388,0.7811043735161975,0.09391597588694732,4.803116997347172,0.9872048149112548,0.15036911609399972,49.6,87.0,46.1,51.7,,,
2008-06-30,-151.0,1.042371879716586,0.8286807876558926,0.1820448940788529,-3.431214498877882,7.23445624388631,0.1999999999999993,-0.23354873224962833,,-185.0,-8.2,1.4369075385292112,-1.044795498114091,-16.8,2.999876155240567,185.0,-0.20080000000000098,0.22929641175938698,0.2267869733052032,0.636438949346372,-364.0,-0.18412236561433576,0.7228799068660391,1.0362787035546657,0.5361087183662917,0.8118128320947379,-0.11592170936141198,-2.5495143066662993,3.084011727730528,1.5770269078664731,50.2,91.5,44.8,48.2,-4.027740547484815,-0.7304355654309308,2.37465037252643
2008-07-31,-203.0,0.7116065393504348,-3.937146907937398,-0.3617013664772578,-2.074763219424854,-12.509941012201601,0.20000000000000018,-0.3580204065058132,,-254.0,-5.3,1.2499214246456538,-0.2890151526029754,-16.2,1.3652089168327264,-259.0,-0.3246000000000038,0.17987459169683015,0.2508178389422922,0.5920868910413056,-81.0,-0.48350052426004525,0.4642595748220505,1.495502094874324,-1.1963243475348229,0.2702273481527329,0.3518083143113059,-1.5298300011028518,1.3208534079594192,3.6244222212895414,50.0,88.5,51.2,49.5,,,
2008-08-31,-286.0,-0.14895846082944983,-2.902276579855225,-0.8148036420272776,-9.217045979965711,-8.947673990689504,0.2999999999999998,-1.5824415805610854,,-285.0,-0.9,0.8492499900585717,-1.5648709455071113,-17.6,-3.09835455199672,-63.0,-1.3074000000000012,0.12276635016188514,0.1979841426804556,0.22045293808686844,-75.0,-0.011519359181922331,-0.08092364243254885,-1.6542322869315638,-2.9855404429774453,0.21557889197585983,0.19333804195917634,-0.560280864907414,-1.7862934032026374,-3.3192178511419237,49.9,43.5,48.9,50.6,,,
2008-09-30,-451.0,0.08547262996730605,0.5305694743650652,-1.5533713302677814,-0.46083030861942187,-2.884815433765828,0.0,-4.50476005695623,,-421.0,-8.1,-0.1939385081079906,-0.9857080055491508,2.1,-3.7041271680348977,-61.0,-3.5035000000000025,0.10219028719118164,0.14776985690760688,-0.6742853536414798,-452.0,-0.6668351048968121,0.08313980713798795,-0.797452391876947,-0.39736130795819435,0.40066681250892106,-0.5626949383752127,0.2340377506271296,-5.495857256460994,-4.896354982872738,43.5,53.5,42.1,50.2,3.1546613735540983,-0.46187549394678207,-2.10656952111413
2008-10-31,-469.0,-0.8635616399558412,-11.473998060670969,-3.6462668090200205,-9.692811613322865,-5.386398989065141,0.40000000000000036,0.9892320608247046,,-481.0,-25.9,-1.4461624946884817,-0.3422300647080874,-37.5,-6.135057466138403,-61.0,0.645300000000006,-0.14195917367519753,0.034601996649745226,-0.9593131560815008,155.0,-0.15355637731773847,-0.6626001184653081,-2.1036374438405336,-4.861216910398518,-0.8406621170124858,-0.17088779453157663,0.7503264050452355,-1.7767238480929881,-1.1074498418934795,38.9,37.0,33.7,44.4,,,
2008-11-30,-750.0,-1.7864094092817806,-5.549481957898738,-4.020080540572259,-1.0230268250814922,-17.539578844099445,0.2999999999999998,-1.3288653060593256,,-761.0,-22.6,-0.7219018724928882,-2.001604850573707,-40.9,-7.696104113612832,-110.0,-1.0849000000000046,-0.044332540241723686,0.07331665976796686,-1.0778777738345935,-146.0,-0.30692575110821435,-1.1871506760786232,-3.240832024322129,-4.64832169663062,-1.0566088209984492,-0.5584595214956598,0.857389822643761,-6.016034429620235,-12.453987039249474,36.2,25.5,34.4,37.3,,,
2008-12-31,-694.0,-0.8267605054081875,-4.335500769643733,-2.3525842899652973,-3.13341561704355,-15.210777819745799,0.5,-2.860419685390871,,-690.0,-25.4,-1.0861014412809955,-3.529468114041428,-37.6,-4.69169197877516,-72.0,-2.174999999999997,-0.04890225900787511,-0.010141239821347466,-2.167883701026363,-85.0,-0.2907918042646254,-0.560301650897138,-2.220415731101052,-3.3918406590680337,-1.050588862460418,-1.1924459852171176,-0.4635745696696442,-7.663229659567537,-6.52675134509237,32.4,18.0,29.9,40.6,7.367406496374275,-9.19244168987157,-8.853365095794153
2009-01-31,-768.0,0.2527574332267035,-14.034451400658845,1.5338989379036672,-11.513402748480651,-13.353139262452263,0.5,-2.5259180320142356,,-791.0,-26.5,-1.0875948492599117,-2.4354903804035453,-31.1,-1.31870042819538,-9.0,-1.8765999999999963,-0.030718296400058624,0.193888208923679,-1.2339139465163076,-408.0,0.4528729250636894,0.011350351305560882,0.6884708777497013,-7.516359086695753,-2.1471107593300514,-0.48117130005980585,0.5898525436612168,-5.060642777075911,-6.434235059246552,35.6,29.0,28.8,42.9,,,
2009-02-28,-761.0,0.36360422314449575,-1.5011001423880923,-0.42876982197212304,10.178269430994238,17.206505662676555,0.5000000000000009,-0.6104174649481385,,-758.0,-34.1,-1.8523774117141671,-0.34836564994802277,-39.6,0.0,13.0,-0.497799999999998,0.07962055540793998,0.2049925109650162,-1.4800092701997782,126.0,-0.41063769216454005,0.17916477742186973,-0.2576214391773252,-0.1693586374179268,-2.441623393814619,-1.2657542952468153,-0.9722310093798007,1.6169585003757532,-5.310515356597715,35.8,29.0,25.5,41.6,,,
2009-03-31,-824.0,-0.09877705412728337,-1.701508404219261,-1.7640739485922348,-9.289374689269634,-14.191201845607795,0.3999999999999986,-1.577969562595754,,-808.0,-33.7,-1.883572408385931,-0.8178806542985213,-34.4,0.5295687574710283,-45.0,-1.1437000000000097,0.07160433796310704,0.2114461451267061,-1.4454943700550802,-330.0,-0.4132330290322217,-0.10995551877228107,-0.6902529562770463,-2.128180206287348,-2.351452452127655,-2.099524116138833,0.006534719785384336,-1.1148773428547527,0.11348104279244725,36.3,31.0,28.6,40.8,-15.44257267035678,-6.655343409924212,-4.565452543960741
2009-04-30,-672.0,0.10065757521972496,0.7787915055756429,0.5221378970278248,-0.5917177028088507,-5.49476967839039,0.3000000000000007,-0.8325115063071317,,-789.0,-19.4,-1.5128443787306358,-3.3026692879634916,-25.2,1.0507977598415164,8.0,-0.6126999999999896,0.2224417291635109,0.20734218189358256,-1.347990163487488,-239.0,-0.1498695693245047,0.14280535566806568,0.5181358741997585,-3.129091092249742,-1.6541234368872313,-1.252226121509033,0.6294117111907035,-0.9228156719454131,-0.598513908784546,40.1,32.0,33.2,43.7,,,
2009-05-31,-356.0,0.14704123326470167,1.2051830613801189,0.8253876690958211,10.95062130375329,12.195840706686404,0.40000000000000036,-1.0150910930024282,,-296.0,-5.9,-1.2648699888424333,-1.3454439445375375,-22.4,1.7271586508660717,35.0,-0.7086000000000041,0.07705819407881023,0.09049153973236794,-1.1023029485409872,254.0,0.09121245456530203,0.10414191407717678,0.4297385212546173,-1.744086104567575,-1.1783224306097755,-1.3460191076216537,1.4512686170881888,1.5789280502520815,-1.5562533564659413,42.8,43.5,34.8,44.0,,,
2009-06-30,-458.0,0.8265359855441612,-1.4999201168501015,1.5824660740805334,4.422046847936674,8.004270767353635,0.09999999999999964,-0.37759360437510653,,-417.0,-9.7,-1.3009343483069802,-0.8174447308681254,0.2,2.7028672387919417,45.0,-0.25379999999999825,0.12792140805148444,0.09497370672974598,-1.2888885236701055,-46.0,0.02707678994123111,0.5922216531706185,1.0238997301094286,-0.16973786297966204,-1.4505451479714906,-2.1180169310682304,-1.8318620859497234,1.8950902316687654,2.4128435506056074,44.8,50.0,40.7,47.0,1.3333852395317696,1.391845061703547,-0.7152428870508096
2009-07-31,-346.0,-0.029800985515629996,4.428704182166503,0.4334010391194837,4.478360262697344,1.526747213078838,0.0,1.1226962849123383,,-291.0,-0.1,-1.5252684056344112,-0.11973895709469651,-6.6,-0.5850413678175589,-6.0,0.7762000000000029,0.08594368956012412,0.06889079257348402,-1.2048153739967749,-271.0,0.33334565445409536,0.011246443324155298,-0.34013638234901783,2.1688864344381242,-1.048391635770607,-0.8735911218135254,-0.44504583111029566,1.5846567257414945,5.1388095814784815,48.9,55.0,47.1,46.4,,,
2009-08-31,-190.0,0.334285979088001,2.44115213545754,1.7574748009665058,1.6888218028521795,-1.3559529785632363,0.09999999999999964,1.0907281117748377,,-206.0,12.6,-1.2406180750960514,-1.2504372031413418,8.9,1.4975321455176065,21.0,0.7894999999999897,0.14796661591497007,0.10620865755576088,-1.2715569241042113,106.0,0.8945220171859496,0.2897218228523668,0.5944815809320386,0.7357858853110986,-0.7827667749304367,-1.36252357399774,-0.19579337362577814,0.4952454539819291,-0.6400756865628052,52.9,65.0,46.1,48.4,,,
2009-09-30,-226.0,0.1929025466835424,0.3498878478362299,-2.5614895554130572,-7.96440630599254,-0.17079423451561473,0.20000000000000107,0.8775750967465086,,-140.0,20.9,-1.1704670147967553,-1.4402552253480927,15.2,0.16501653909579253,-7.0,0.6754000000000104,0.17591939311424137,0.1929834742433491,-0.48206747004844175,149.0,-0.9260071721955816,0.16134095733100187,-0.16949156599913182,3.015233291310989,-1.3328246030470927,-0.5919031478853871,0.29313768155846265,3.3208120591075305,4.80700889694957,52.6,63.5,47.8,50.9,-3.103608316246738,1.642110803747206,1.4023086188557472
2009-10-31,-185.0,0.2997434998585561,1.9152175000414697,1.0808512162557045,2.5576841789649776,-9.121600827166167,0.1999999999999993,0.2691831647081177,,-258.0,32.9,0.37550339242323516,-1.8025862350183486,12.6,0.8210226743122143,-26.0,0.2807999999999993,0.3677529069146491,0.2638386167019118,0.6344026062753771,-81.0,0.11240149193677816,0.37879891316715586,0.0,-0.03629209995390753,-0.9462758466490316,0.20673403350183042,-0.3062588887283401,2.8802336665975248,2.077775541065195,55.7,65.0,52.4,50.6,,,
2009-11-30,-4.0,0.3342996544930736,-0.42175257529626736,0.8114154020807054,-5.448818528406968,9.633110893843211,-0.09999999999999964,0.4328725221761207,,-13.0,25.7,1.5296192853218906,-1.4912258874787183,15.4,1.4610649517434853,40.0,0.4112999999999971,0.08752146517545363,0.07480160922893898,0.7541351475166489,97.0,-0.159197749090271,0.24951280001379122,0.844599615341087,2.1477764103147208,-1.4910353262570077,0.22458027679948023,0.2555535104184897,0.7145060356852042,2.4936151007522187,53.6,55.0,51.7,48.7,,,
2009-12-31,-249.0,0.052004115479812575,0.06294031160703972,0.418604368048443,-6.329485037231375,-1.197619104671565,0.0,0.40498600148736036,0.09975063171253382,-198.0,5.2,-0.3795889257211791,-1.8675495835083322,16.5,0.24144880945175534,41.0,0.4070999999999998,0.08520370927352683,0.09738488405167378,-0.1616303085829599,65.0,0.6093339084466505,0.057833685283972924,0.6705808867191201,1.4872389051164774,-1.8105851572058957,-0.26901409403925075,0.4554254829437633,2.391828686603339,2.3908912902297113,55.9,61.5,51.6,50.1,-3.5553058533873125,6.1609449007081425,4.300454151697932
2010-01-31,-6.0,0.06485218758462614,12.016687975031052,0.10533631137346748,-2.0086758566737344,5.5244171295231155,-0.09999999999999964,1.0840638479048323,0.893306188547535,-15.0,15.2,0.049975452796861886,-2.46239591411184,12.9,1.198576074522235,-28.0,0.8991000000000042,0.14781306581438589,-0.11234073034251503,0.17167632766750318,269.0,-0.183575839251174,0.21879781045747027,0.8319515539558463,1.954276796196746,0.34144013812518675,0.36641241688335463,0.045591468672140784,0.17328881672712482,-0.7286156525573086,58.4,70.0,53.6,50.5,,,
2010-02-28,-96.0,-0.09522298767451216,-0.3131694060229065,0.14351538475469278,-2.6433257068155482,-1.6420730212327521,0.0,0.3745944091096664,-0.19782400121057075,-81.0,21.6,0.3811504518465785,-0.8832072581297716,14.0,-0.07945967839614526,14.0,0.40799999999998704,0.08724149669175883,0.044407791125008984,0.6286215354374346,-171.0,0.3739593003288675,-0.002218893881482649,-0.3319505122852705,-1.7771966836435962,0.571613197728133,0.6267563741120452,0.050452035019512426,0.7836038467642723,2.6985312087920916,56.5,67.0,54.6,53.0,,,
2010-03-31,160.0,0.03313132458970315,0.9365812343924846,2.1540289297863464,12.56882151634967,5.162436540530725,0.09999999999999964,0.6833361127325353,0.09896091851662818,118.0,19.8,0.6481938150950841,0.8509680894507546,14.2,0.39666850901053385,37.0,0.6352000000000118,0.14858262753074125,0.02355531205825978,0.4699509420832289,13.0,0.4766007409143701,0.14080215192406287,0.7453450654580972,1.622339650052527,0.294166003871218,0.4042915329160458,0.3921685096635606,2.81826172141013,1.5629096129102003,59.6,75.0,54.0,55.4,-4.2862222888660515,2.18553261982087,1.9333240882710743
2010-04-30,254.0,0.02300140778755736,0.4382416024119241,0.8308949521063569,10.220593890931081,7.713572888222724,0.0,0.3386556200030132,0.29629651306572696,203.0,27.4,0.2992416982656215,0.9464119667346881,16.0,1.1023733682048291,-50.0,0.39409999999999457,0.05133814090123016,0.01766284353729027,0.37171257440828587,474.0,0.204197663197054,0.05427228204169334,1.0668956349567535,2.228160225326718,0.08306831349871485,0.6898131125000729,0.8617334686127031,-0.6436106843599422,0.07063189481693656,60.4,78.0,55.6,55.4,,,
2010-05-31,522.0,-0.05199071645752246,3.746415390719616,-0.8643324416083656,-41.021571086676225,-16.414710587185695,-0.3000000000000007,1.3418531682922519,0.1970443987298517,95.0,18.3,0.4723454846177759,-0.7521611446962526,22.2,-0.7861675711400232,-62.0,1.1240999999999985,0.1103992885994304,0.06337939114428388,0.3171543798581919,-165.0,0.2489116940449107,0.03210646087064263,0.4886003205626209,1.0500651241942538,0.6652830694811208,0.8136999874834214,0.7459794312588665,2.4588810623605175,2.265702586081519,59.7,77.5,57.1,55.4,,,
2010-06-30,-132.0,-0.041888287772799446,-2.2711366774338737,-0.09864806806560752,8.552217343816192,-8.405302527969035,-0.1999999999999993,0.1847502209251882,-0.19704439872986138,124.0,19.9,0.539067628767131,-0.18281385189837673,15.0,-1.190962866109522,12.0,0.27720000000000766,0.04791326676279857,0.10494034742975897,0.723052806646973,-187.0,0.24211589202804817,-0.042072631267197624,-0.7337986452912797,-0.1299957379596601,0.06309047275831194,1.2269891638003236,0.03189207748102546,-0.3337812921946343,2.397722856128772,56.2,57.0,55.9,53.8,3.4697558694281807,3.831909405603194,3.851739929043594
2010-07-31,-95.0,0.18675086613587766,0.9856098308777156,0.31579216248838565,-7.486487896417398,1.848481467410316,0.0,0.3789845743598986,0.1970443987298517,76.0,5.2,1.241873506313011,-2.7441895090002,7.7,0.0,-8.0,0.40909999999999513,0.0022279654220762513,0.0763743464524922,0.88891494867711,281.0,0.27410195944595295,0.08523403899910696,-0.16380020042383583,2.164502887633244,-0.058455354606541776,0.5428355639987918,0.07888918073543241,2.2419162823795133,-1.1822603425903158,55.5,57.5,59.5,54.3,,,
2010-08-31,0.0,0.14602967272386344,2.235551938961835,0.452354387887711,-0.35398267051240623,9.264262237054439,0.09999999999999964,0.36579355962980564,0.19665689720408472,149.0,10.0,1.3091586120250827,0.29168591545570965,3.6,0.3985656930203611,1.0,0.3873999999999995,0.09575558563577477,0.065933274304572,0.8698655637267879,-83.0,0.24174879581085676,0.13710749604717737,0.8163310639160836,-0.2876029644118669,0.5065456796044212,0.4277722016272916,0.2958770292885509,0.6231739555200841,2.5349485904572147,56.3,61.5,62.1,51.5,,,
2010-09-30,-74.0,0.1613946310657675,5.176464277591289,0.852910995769097,11.699470293916704,-0.8382278752804388,0.0,0.2943425265869447,0.29426210541975784,99.0,9.8,1.4273867236103885,0.7079354533198101,4.5,0.0,-17.0,0.31929999999999836,0.056742008965633486,0.09115112765038781,1.074166864915461,-81.0,0.09390454898416381,0.09939590202841708,0.5674924026024651,1.063362056388916,1.4631787780506267,1.003418344674172,-0.011913602568362215,0.5284605021036202,-0.21854566615577697,54.4,70.5,57.9,53.2,-0.19443217351452644,5.997419993806741,3.0725090820010665
2010-10-31,279.0,0.3475798701795249,-4.489890770524639,1.1394912070903902,-8.557850670578816,-8.976999942870949,-0.09999999999999964,-0.2837691245094572,0.391007340784304,229.0,15.1,1.9921716663324378,-0.7900109449230259,0.3,1.1076062599206637,-5.0,-0.12760000000000105,0.15226539349400336,0.0536590767731869,1.185305668084413,317.0,0.254065177314327,0.3185049503940525,0.8051573287548556,-0.187588870604818,0.44809495419346645,0.8131521695324285,0.020649342471236398,3.470729171763874,0.8861180918537092,56.9,71.0,59.5,54.3,,,
2010-11-30,129.0,0.25306368592334977,2.119648474617382,0.9040604287471783,-1.3841051411871355,0.36764747293086275,0.40000000000000036,0.0869184552610764,0.2922554442601867,139.0,-7.5,0.8127506909193616,0.34618037553045544,19.1,1.6387413153092962,2.0,0.13309999999999889,0.12985357229389297,0.1437005150667607,0.7695512040901097,-24.0,0.25429407810910976,0.19896347725341018,1.5121657024085005,0.22147151377512256,0.9099853314077326,1.0487492351677712,0.10000953305235775,0.8457056576216305,-0.25414102953644935,56.6,69.5,60.5,55.0,,,
2010-12-31,81.0,0.4008531438849716,-1.919916442307331,0.701111366346074,12.741516560708652,-1.1070223754246922,-0.5,0.9737829134777881,0.29140380018494977,102.0,11.8,1.580235558352462,-1.8520233205784613,15.4,1.3835731852650226,72.0,0.7836999999999961,0.021071426668997112,0.08729066544210141,1.1443073656687344,-153.0,0.13257049108777103,0.2259640077360123,0.7083854888405042,1.2912683431973513,0.13578639282857421,0.7030608233310601,0.5971772533385036,1.7249350376547457,2.8677755444585817,57.0,72.5,58.2,57.1,0.06187503465184373,1.0409886178402212,2.0949454577807956
2011-01-31,7.0,0.3237794880805334,5.130466665297304,0.6649500734292909,-6.004963377951049,15.600424847658118,-0.20000000000000107,-0.21083561409290058,0.5802724212567456,15.0,9.8,0.8164337692026787,-3.799576554678273,16.5,1.5151805020602247,-56.0,-0.1226999999999947,0.21379009090041973,0.20667383902686862,0.8083959672684352,46.0,0.11150215448409774,0.2997650075796358,1.2470933254115892,1.8285845088645645,0.9483335965821753,1.0885008463234944,0.46812329051982726,0.8602737991933853,3.658128219925625,60.8,81.5,60.7,59.4,,,
2011-02-28,220.0,0.3209319251425389,-3.621633259750593,0.8419589300417143,-12.842578858882245,-19.767694487714927,-0.09999999999999964,-0.397874812894078,0.5769246771245137,263.0,12.2,1.203665517846562,-0.20917588669448123,28.8,1.7145406954988736,-34.0,-0.28130000000000166,0.17468025801340964,0.1838499585154243,0.6612398601316049,122.0,-0.027863885102438216,0.2781733994768374,1.3082141170501729,-0.266527997482867,0.21980065497572693,1.1032623385177318,0.28608734589357415,-0.6999650220982155,-2.0232559451212415,61.4,82.0,61.6,59.7,,,
2011-03-31,226.0,0.5160211385657418,7.999061296691474,0.8940120499974927,10.536051565782635,14.888678070771716,0.0,1.034899107180462,0.668898815079671,249.0,12.4,1.0404676190876554,1.4115805045486869,36.5,2.913534560901764,41.0,0.7819000000000074,0.15121666043687118,0.10791037770257292,1.144638705153349,35.0,0.34600606559497515,0.4011681641175161,1.4421502315063286,3.264466371016353,1.1857110807750055,1.7061830764295807,-0.2656814249663362,4.666912864867719,3.394154325541232,61.2,85.0,60.9,57.3,10.493978071298713,0.4429201630995823,-0.9499466944201231
2011-04-30,314.0,0.4683116049055338,-5.813269990397986,0.5500319813073276,3.278982282299097,-7.976496846886255,0.09999999999999964,-0.3235499381844537,0.4750602758597799,322.0,19.0,0.5567872656884503,0.036396866631616495,12.9,2.551520415006163,-2.0,-0.26200000000000045,0.22914817619656846,0.12209822596024379,0.9011429199909591,-2.0,-0.11896751506269634,0.4233371956280704,0.8255206355966345,-1.9285364882874907,0.3551566594324336,1.050361981646895,-0.16808046684027922,1.1456491187975435,0.2539964748105578,60.4,85.5,59.7,52.8,,,
2011-05-31,106.0,0.3176663791119917,3.156404545753365,-0.08452688927785702,-1.626052087178029,1.2556218775412464,-0.09999999999999964,0.1205352935432107,0.28395665080777394,161.0,10.4,2.176221133947766,0.7527769303944936,6.2,0.13986016265833762,37.0,0.05570000000000164,0.23740709962501344,0.20004382628289177,1.217171112622118,-80.0,-0.11562956362331919,0.3031367784246225,0.3729955835063789,0.37535663604993325,0.9719139869400933,1.272707008627037,-0.12585247034086608,0.023507155798374427,2.2649648037758,53.5,76.5,57.5,54.6,,,
2011-06-30,228.0,0.0,-2.7358348152974536,0.8239674898197528,-1.3201511858535842,8.045397644347066,0.09999999999999964,0.3020314962187075,0.09447331831618877,193.0,-5.3,0.9797862704365864,2.4952730535775265,-0.5,-0.6309169193264721,18.0,0.1740999999999957,0.10972011502187393,0.23258311291984432,0.4109595729999775,276.0,0.23199346573894403,-0.02046785207810489,0.14880955127017187,0.4706397536754577,0.21575911446454887,0.5658189641958706,0.4053072447611444,-1.1165126284020828,0.0823336517423349,55.3,68.0,61.0,53.3,-3.7889556660883885,2.9013255141512286,2.6972149874665394
2011-07-31,61.0,0.2616610518663307,2.391563777923942,-0.03861368916557037,-1.6750810424815354,2.437163682128617,-0.09999999999999964,0.4915055867338456,0.18867930125766355,176.0,-6.3,0.7449657088616345,-0.3097241674054719,7.1,0.14054816087349464,-15.0,0.30060000000000286,0.14793145254324022,0.2315994056119469,0.4848959958307271,168.0,0.17342598625391903,0.17007905238763885,-0.372439909098244,1.537292166053032,0.3891109091594816,0.8264832834112686,0.38102735585031683,2.5831241059385164,0.2905183839304454,50.9,59.0,55.3,52.7,,,
2011-08-31,133.0,0.31494972889112405,4.8439979765392,0.11127350735920767,1.0084119066626007,-6.2934671555596635,0.0,0.6728443816048307,0.18832397279648724,165.0,-3.9,0.3765617489582406,2.440011996513578,-19.6,-0.35174148118784393,26.0,0.4235999999999933,0.19908776279521528,0.28553712758360034,0.4824254954351701,-294.0,-0.06066488902381235,0.23526515769008582,0.4467617259716052,0.7861050923073121,1.378458360899255,0.681217788880514,-0.04608420994416834,0.5406414501954371,-0.013308077579122323,50.6,55.5,54.6,53.3,,,
2011-09-30,219.0,0.21691934558830164,-5.6805868692403,1.1065039300182942,1.658412801553526,10.536051565782635,0.0,-0.08274225944708267,0.3755872959805486,253.0,-4.4,-0.7724017579410585,0.2100131614844452,-10.7,-0.14104374693623867,-37.0,-0.16750000000000398,0.06773069661038106,0.113279360757284,-0.3523932444637001,445.0,0.16457629658820078,0.14046527402961576,0.5187117966115128,-1.0532140510309405,0.25070517152459865,-0.115460055200221,-0.14072727036537916,0.7235992769521526,-0.0834376352119561,51.6,56.0,54.7,53.0,3.905170298112671,0.8536910802358352,-0.08926090231363562
2011-10-31,209.0,0.06749796769753305,2.91739598658868,0.5680573728131978,3.871451218069043,-6.351340572232586,-0.1999999999999993,0.6916436587234633,-0.3755872959805495,194.0,-5.7,1.000405492280274,-0.6512817419128539,6.2,-0.35348216374931063,61.0,0.4131,0.04803913097889058,0.17144477316199147,0.9243528418839285,-155.0,0.1798577188091876,0.0021429795989008015,-2.0157457424980394,1.9310852742449198,0.5202026918303126,0.46104250775531413,0.07976976679757007,-0.6654744055483064,0.35103307033048364,50.8,41.0,54.9,52.9,,,
2011-11-30,137.0,0.1846144880495314,2.2199677883348903,0.3173863633516149,3.72713947972316,15.32134726358839,-0.20000000000000107,-0.008659124192387312,0.2818226383841791,164.0,4.7,0.2515536469740139,0.453214371183149,4.0,0.7057192309998759,35.0,-0.13400000000000034,0.21153413695246506,0.17335499097723361,0.46044611358977217,-54.0,-0.16774175168054703,0.20444323119410665,0.07538635863996895,-0.2873435967384003,1.0473777956543366,0.6178636294450071,-0.07194638740662616,-1.0287413955897013,0.017253926970211858,52.7,45.0,52.9,52.0,,,
2011-12-31,198.0,0.023768024196813016,3.780442257755534,0.14672790344817024,3.8868868899372986,-2.420046929643634,-0.09999999999999964,0.529226190156129,-0.09385265822642773,215.0,11.6,1.413776482068587,1.1408110784351426,2.4,0.0,-9.0,0.27120000000000744,0.1654260096026468,0.22275842133748736,0.6076723322558661,203.0,0.04498931579650225,0.05772499545627394,-0.4531729809882192,1.190372435850297,1.4468383846498074,0.07824038907004127,0.9018331295759108,0.8894044849767274,1.5695340256768588,53.9,47.5,54.7,52.6,-7.888344740428758,3.6675632425591145,4.467158724585995
2012-01-31,358.0,0.2720492157261997,1.093028454682374,0.9192356268804788,-1.7751945458450338,4.093726165196014,-0.1999999999999993,0.5946556615738015,0.37488328815198807,366.0,11.7,0.3793343135785097,1.119034520874159,7.5,0.0,15.0,0.31569999999999254,0.2985968178562003,0.20734409403411513,0.4324780799059829,141.0,0.3850408790487754,0.341391929071435,0.3023433897997351,2.5849596404045845,1.2736208214796252,0.5053841973523465,0.5335201706494429,0.06969272377284792,0.32217209058773194,54.1,55.5,54.2,56.8,,,
2012-02-29,263.0,0.21351650368678946,0.21541553053072102,1.22564979929483,8.850280157629978,-2.6630866000722304,0.0,0.3210503784291487,0.28024306057021153,262.0,17.6,1.3446033166741802,-0.7543338459450496,10.3,0.0,26.0,0.10210000000000719,0.13976242666379352,0.06887309418112822,0.8247553485415002,-293.0,0.6039200015860996,0.22340672490502714,0.4518079974788915,-0.5575686569674603,1.4123689685852623,0.2143267344505229,0.4777465033795755,1.4789270373079992,-2.0887548776199885,52.4,61.5,53.9,57.3,,,
2012-03-31,239.0,0.20912821313985855,-2.2537697670865233,0.35317743401080015,-3.3336420267591835,-1.28665105932503,-0.10000000000000142,-0.5191174823684342,0.18639334380627326,243.0,15.5,0.31896609050049834,0.5950469163242721,8.8,1.3966707481708103,68.0,-0.5478999999999985,0.16983534384901489,0.1945184967749227,0.36535492059490204,363.0,-0.13112620417328263,0.19109503235446063,0.7485064886566927,0.24208646236003215,0.6826848120383134,0.6816012974811906,0.28203574795784525,1.8115214790677094,4.48544542522148,53.4,61.0,55.1,56.0,7.449134413612829,7.893412930150524,3.3403767275155727
2012-04-30,77.0,0.16594107660743906,-1.4921648862454653,-0.4136070983997971,0.0,8.015338223510154,0.0,0.7167758505782871,0.27894020875785924,89.0,7.4,0.762467095509382,1.490367664123921,5.7,-0.06937218453722968,-74.0,0.40399999999999636,0.15120262949164048,0.18671447082714984,0.5390039892463341,-186.0,0.09343431776213333,0.13143113417625937,0.44642931286855275,0.42635023878616635,0.31137169479307725,0.2801505268590156,0.3826929877477227,-0.7175745232282067,-1.8477856777285429,54.8,61.0,56.4,53.5,,,
2012-05-31,107.0,-0.20703217702825244,0.4754182557273198,-0.17793122051059265,4.42060925044957,-6.162113410617376,0.0,0.23065483365497594,-0.09289364346589735,127.0,15.2,0.16732680516258078,1.0856340689843642,-0.8,-1.4680445404215687,64.0,0.03119999999999834,0.10139363167492357,0.13926210807677036,0.28104886002824825,42.0,0.005140639325306428,-0.11234170012001465,-0.5210283465406875,1.184019779372594,0.15976883437469178,0.5005826483105633,-0.030500591185403977,0.12235685375687451,-0.5719137848436343,53.5,47.5,56.5,53.7,,,
2012-06-30,81.0,-0.08267047975740081,-0.7114538852206796,-0.8918582310909617,-2.739897418811439,6.6919159743728915,0.0,0.0055291838529277345,-0.2791998091031179,62.0,1.7,0.5366530168177744,0.8287070294857727,-12.6,-2.3513730280474907,-2.0,-0.1396999999999906,0.10236794083782447,0.1739142243791353,0.3621191565177598,76.0,-0.10372066642462233,-0.050913257638966855,-1.731319120167605,-0.6460283274843253,0.18583960460341256,0.15320323753652543,-0.11675068190720814,-0.06409845742185546,-1.0281969425404098,49.7,37.0,56.7,52.1,0.01292483669043619,0.9216151688065685,1.7813665065292486
2012-07-31,144.0,0.02887682305009985,2.2329476398088577,0.45911342021605445,2.4692612590371414,-2.2713067239233347,0.0,0.2096784200142982,-0.0932400999951134,161.0,2.5,1.2160668708450573,0.10774965616140564,-12.7,-0.7235921586176742,55.0,0.02230000000000132,0.10333915535660552,0.15100319888932376,0.825446970295461,-176.0,0.20990142343353374,0.036066234969980696,0.3789318668350513,-1.5485477870422615,0.9876836596671127,0.6995832704829804,-0.7464494175535885,-0.2980628138137789,-0.4673943297952533,49.8,39.5,52.1,52.6,,,
2012-08-31,182.0,0.5792717743123191,-10.616306770654695,1.2338688308589525,1.6129381929883717,1.8742181809740663,-0.09999999999999964,-0.4288270469703259,0.2794598931015925,179.0,-2.8,0.3972331351389325,0.44050580623718427,-2.6,1.22700925918144,-9.0,-0.46520000000001005,0.06345757966332029,0.11429739859658182,0.3791452637616742,74.0,0.019682428361747512,0.3356400688166843,0.903620606393752,-1.0897687734233137,-1.089393359915826,0.5707064600379634,-0.29428326337178384,-0.9260571739249511,0.03040524932593235,49.6,54.0,52.5,53.7,,,
2012-09-30,178.0,0.4759919863458326,7.893010995444091,0.7970201430481126,2.6317308317373356,11.630832664409837,-0.2999999999999998,-0.07339600552239395,0.6490518844663705,169.0,-7.0,1.1329491266527407,0.44665184234954775,0.2,0.9992945397518487,90.0,-0.18739999999999668,0.12249899449366929,0.18485897837825566,0.8124204564289157,73.0,0.14108656075480308,0.3039612257034845,0.8212065560370475,0.8693469315951197,0.41386067216056704,0.16386596156805752,0.7034513357299771,3.2933763258070328,0.3966235082438035,51.5,58.0,54.1,55.1,1.1271612264076591,-3.421509247381581,0.575697505945138
2012-10-31,152.0,0.26931647543996884,0.6851749731031329,-0.04703367270029151,-7.271034788708394,7.72233706234669,0.0,0.34679632891861345,0.09237875945636811,174.0,-4.6,-0.14171239759058682,1.007842262389943,-1.2,0.28368813351995353,-43.0,0.13809999999999434,0.24240615954400443,0.15811718258841317,0.032927815549213715,-107.0,-0.0076905000999334915,0.2956854211742046,0.07432181687336577,-0.11917466039178973,0.5871175163470059,0.26897670234382504,0.6787555024286656,-2.692615210960528,-1.0517171747972236,51.7,55.0,52.9,54.2,,,
2012-11-30,156.0,-0.16807561740777954,-0.5414093967792095,0.5554440887395364,9.072885338976219,-9.389042310867866,-0.09999999999999964,0.36609386281409545,0.09229349986008988,176.0,-0.9,0.9409143916742064,-0.37930294562937267,-10.6,-0.7107350458651944,30.0,0.15730000000000643,0.10707212329749716,0.1323661284115849,0.38965783885926264,103.0,0.4357156754532605,-0.06831929550013444,-0.5961269516499221,1.8582056632215502,0.026882486222235144,0.29105219125971943,1.3130581695239796,1.264094792960798,2.8151535925813866,49.5,52.5,48.6,54.7,,,
2012-12-31,249.0,-0.01210889356464298,6.2440960046362814,0.34590400884996847,1.7699577099400856,15.842894424624973,0.20000000000000018,0.23667469005938263,0.0,245.0,-5.8,0.1932893971772132,-0.02786919388331485,2.5,-0.5722476274066098,24.0,0.06350000000000477,0.07381297838863828,0.1706061248917381,0.4280304300607067,92.0,0.04168137625897487,-0.01577262191564008,-0.14958865915828023,0.5880560489405718,1.3238508323906817,-0.2662893093324095,2.426078986951169,1.9786491593882116,-2.207214043742558,50.7,55.5,52.2,56.1,11.65147361266907,5.697869014868237,0.46229496630008915
2013-01-31,183.0,0.1978829766479834,-3.569480199120123,0.8295238168554628,11.135753513020065,-9.449084342092242,0.09999999999999964,0.024511262335751804,0.2763705121617942,201.0,-7.3,0.7992675229282185,-1.0477856129287213,-1.4,0.5008955016537684,-1.0,-0.09329999999999927,0.2019048101462493,0.21726300376912333,0.716308321072815,-47.0,0.44380591239567685,0.19015706815806663,0.37355291850874484,-0.5404306287665946,0.56627347418227,0.10116476304505252,-6.021102458415953,-1.0054594586684502,0.8593765170888181,53.1,56.5,54.2,55.2,,,
2013-02-28,289.0,0.5415237848955401,4.9766776027228214,1.1515064204375245,0.223964259350466,8.004270767353635,-0.2999999999999998,0.4666005179331894,0.18382358117509823,277.0,9.4,-0.20820194411415227,1.2510638003934422,-5.5,0.8528836347520502,40.0,0.25269999999999015,0.10879536879596326,0.14630013926217406,0.13561912621832603,81.0,-0.016935374650962228,0.3551806090271391,0.7429454678520299,1.5809218948808723,1.3540857087375404,0.03940479784012481,-0.24630362343032547,1.1401809463125667,1.2766685188297089,54.2,61.5,52.7,56.0,,,
2013-03-31,143.0,-0.2815879973952098,-7.51141265216117,-0.7101353092848494,-0.6734032181344068,4.869115916959864,-0.20000000000000018,0.402048765132615,0.0,154.0,5.0,0.10774478007637445,-1.0440272657906322,2.1,-0.07079646313402391,-44.0,0.21059999999999945,0.09163754796923833,0.09669871370627127,-0.022871326618578575,72.0,0.1286369737818646,-0.13186677089542878,-0.519481687710391,-0.1791486675534384,-0.2066390527668114,-0.3715649864884575,0.29767028915101257,-1.3886531289383481,-4.035736165498379,51.3,54.5,52.8,54.4,-8.037654601265434,-0.030140667366159574,3.9269037062063
2013-04-30,184.0,-0.2090162134341092,4.049234666652989,-0.4915773162596479,-0.6779686985378803,-19.02738849844497,0.09999999999999964,-0.08633445250438548,-0.18382358117510092,185.0,4.0,0.3968966237970193,1.7449896348288652,0.4,-0.7107350458651944,76.0,-0.15819999999999368,0.04898098358035811,0.01632211263304258,0.2548998944778766,-88.0,0.0219871291614856,-0.10163507599036777,-0.5970166986503908,0.03174298048529007,0.642143321065099,0.3419448978735923,0.32083304209582897,0.4884611648470961,2.110610114076438,50.7,50.0,50.4,53.1,,,
2013-05-31,223.0,0.04140697507888465,4.521614650225494,0.6032761838210247,-2.9921679865049158,10.775286129644606,-0.09999999999999964,0.07806732341147295,-0.09203866273287838,228.0,0.2,-0.6075798901927347,1.0205462681815411,0.3,-0.5722476274066098,-9.0,-0.024600000000006617,0.11703125005846804,0.07041225807628398,-0.22637173084812373,157.0,0.2845504632493749,0.07335527334155525,-0.525329538334565,1.2509325106272846,1.3782107720956778,-0.40578060766290597,0.47045073536731086,-0.4773931253808827,1.1706473783662974,49.0,49.5,49.5,53.7,,,
2013-06-30,183.0,0.2377579521954492,3.981837637771257,0.30542696325326657,9.360949912230755,-10.29738796800955,0.0,0.20727838311219046,0.36764747293086275,207.0,4.7,0.04334547642365135,1.1792891558570857,12.7,-0.43134502537193536,-61.0,0.08120000000000971,0.17210611081473218,0.1518186359459417,0.1613258045107069,5.0,-0.020237964804423622,0.2218339876089359,-0.07527286768661572,-0.46150218082072947,2.3666460982415987,-0.011189086013446984,0.011578585804468095,1.6153751053126415,-1.826436628742215,50.9,52.5,50.8,52.2,3.6616243401528754,2.4128062980744915,1.0691153060548297
2013-07-31,112.0,0.19555389871961032,-11.023605872550638,0.5737076488281934,-22.58066687336935,4.7711201005046044,-0.20000000000000018,-0.31067520457494946,0.18331810816609118,137.0,4.4,0.2717582987336072,2.0320437058605374,15.9,0.07202016875939114,55.0,-0.31110000000001037,0.12729531044573783,0.2268690911645236,0.2749102213937289,-265.0,0.12305100583412908,0.12430471921542333,-0.1507159290571474,-2.216144757364033,0.37853228921933724,0.20747659018391634,-0.10734627925301364,-0.4136403075025486,0.5008357714372579,55.4,49.0,54.0,56.0,,,
2013-08-31,255.0,0.23844456313711226,1.7461929669576362,-0.14073876748485478,1.5873349156290164,4.118556478421265,-0.09999999999999964,0.5765462239130704,0.0915331871688206,239.0,9.4,0.7827872766903323,1.2242838576624269,8.0,0.3593248566125486,-33.0,0.37640000000000384,0.10807375495651489,0.1947819571189665,0.49839108057422155,200.0,0.1514986023648315,0.14812808483421191,-0.5293018028493088,1.7979395831503504,0.3723169101650571,0.006808621896701142,0.21457744982316881,0.17065205698135946,0.22926353114337844,55.7,54.0,54.5,58.6,,,
2013-09-30,175.0,0.037687366613108446,5.527851658784055,0.08612539950595723,5.613718681998199,-7.587112277210266,0.0,0.5071694571082397,0.0,171.0,7.4,0.6138080853704967,0.9704539894182573,20.6,0.2865331473286427,40.0,0.32739999999999725,0.1185348387755036,0.1552119978318369,0.5990284175750143,43.0,0.3006334035664222,0.04377051812886155,0.3783583779638891,0.3263588572499956,1.491162706065251,0.6319959791077728,0.44543503493801534,0.01923211873704199,1.3767912720170445,56.2,56.5,54.6,54.4,-3.7254911566874673,0.36841661922669094,3.3911586209990983
2013-10-31,220.0,0.05350878634905929,-2.4539356659403837,0.32990754780875414,9.688800048554173,8.455738802806296,0.0,-0.07890413557397505,0.18281540740626234,225.0,3.5,1.039214202526662,1.3860124964371505,13.4,-0.645858003941182,40.0,-0.12439999999999429,0.16909212149568023,0.09411845565423994,0.5759014869934875,94.0,0.32230142547172086,0.13223727581542305,-0.606062461169107,0.6945148195382154,0.7680267644268935,0.21221127979437387,-0.4068907740866441,2.027588361150969,0.09836314991819275,56.4,55.5,53.2,55.4,,,
2013-11-30,276.0,0.18427904455770489,5.087656967156814,0.28205271380776065,0.44943895878392676,17.327172127403678,-0.2999999999999998,0.2333360007728033,0.18248180246291174,263.0,2.0,0.84733680009088,1.3478779100715492,4.8,-0.8676844025689082,-15.0,0.1186000000000007,0.16564417728990025,0.1862720620247812,0.6107352865276304,-103.0,0.40953752873071875,0.14868808919779988,0.15186031771900596,2.4903007825098884,1.36356503584316,0.10580212213325264,0.18711384364715103,0.40712343364560577,-0.6461096353393277,57.3,52.5,56.5,53.9,,,
2013-12-31,55.0,0.26406794933663374,-2.218571978351722,0.5441331911923719,-2.9581224017574197,-9.331217714165183,-0.20000000000000018,0.20086317141123064,0.09111617942456438,78.0,3.1,0.5213297488920055,1.552930273548911,3.9,0.07259528449491545,-24.0,0.09389999999999077,0.10641605463184434,0.1698088785046714,0.5525885851888898,2.0,0.09152024067987627,0.17440054249120227,0.3786449052503262,-2.9542505714933682,1.4557306414211224,0.39979430891907314,0.1552771470419357,-0.4687683355011959,-0.5362997768207234,57.0,53.5,56.9,53.0,-0.6179055300803726,2.2967521196299283,3.4718560953045587
2014-01-31,189.0,0.24212417175743434,-6.024468469276784,-0.7868158257514494,2.283204204264569,-12.078153865264005,-0.10000000000000053,-0.3563932744874154,0.2728514653203914,195.0,13.4,0.5731951671364409,0.7504366791746627,15.4,0.36218800911543547,-29.0,-0.3386999999999887,0.1084067991971191,0.08564403135211841,0.2779992833940897,6.0,-0.3306999769322041,0.20722389660522444,0.301887021725173,-0.3380479857573108,0.3047980932960592,0.33395371515048466,0.4628609031457873,-0.25871123239121946,1.4548938588443023,51.3,60.5,52.3,54.0,,,
2014-02-28,151.0,0.11001732077014897,3.001642270873583,1.249568050125905,-5.331505876772166,6.115442315333064,0.10000000000000053,0.7528506037615463,0.18148825308225341,140.0,7.1,0.6530563433164746,0.09634649007179745,2.1,1.0787591128997385,63.0,0.5206999999999908,0.047325330977452416,0.09488591105557515,0.5508605937430683,246.0,0.452873686553458,0.04760081632145888,0.7507542769735633,2.040532553661206,0.4718765706014212,0.8697329926976596,0.5223536803258061,-0.3670160933239411,0.8327323819783661,53.2,60.0,52.3,51.6,,,
2014-03-31,273.0,0.20399731402487029,1.758583655964775,1.0726075009367904,-3.636764417087483,2.7169905351927857,0.0,0.9638605074811821,0.36199134551343937,265.0,2.9,0.9077418160039673,0.365797056687345,12.6,0.4994658974090417,28.0,0.6881000000000057,0.14814117093104978,0.18612132865952574,0.4604330319240727,15.0,0.5706563107582477,0.16022745384235618,0.893527910581287,0.5271923864485856,0.7392303273416835,0.3019136286949675,0.5453614296437463,2.3095223051352907,2.5275722260805114,53.7,59.0,51.1,53.1,10.920744344039267,2.634006943183321,-1.3827712598634005
2014-04-30,313.0,0.18624501675628674,0.7749582990536219,1.0194047483615913,-0.4950505159856203,7.25603835033439,-0.5,0.09672024963488438,0.09029345985922825,293.0,3.5,0.8230528291556788,1.5759628453926275,16.9,-0.5710222510884438,23.0,0.007699999999999818,0.1709823507558536,0.18872829368917898,0.379943089797357,178.0,0.16339063891438826,0.1775007947899057,-1.0432285373405974,0.014291870332100245,0.9069374312467177,0.3046990186616513,0.3797649722183228,-0.30312938822110647,0.7862656885639512,54.9,56.5,54.7,55.2,,,
2014-05-31,215.0,0.19011974817408406,-1.211606763618997,0.16600164178496912,11.253077755599538,-3.5125562282210114,0.09999999999999964,0.3824320971515534,0.18034269991507268,236.0,19.4,0.22657808222142217,0.024428414935824354,18.3,0.2859187080045161,-72.0,0.22939999999999827,0.16859790261871802,0.19258288172342294,0.496035086998432,181.0,0.21743973381439327,0.16483463610422802,0.14970062675931886,0.4519537592831445,0.526016565638626,0.8586111699547131,0.32125701460065265,1.163332577836424,-0.8088215143281106,55.4,60.0,52.8,56.3,,,
2014-06-30,336.0,0.1320260278796452,1.2891101477410853,0.24649772661553107,-7.598590697792199,-10.018799545860396,-0.20000000000000018,0.3426313788952507,-0.09013069560127757,273.0,16.1,0.33873204765422743,-0.07181271790975678,14.2,0.28510354308390845,-8.0,0.19530000000000314,0.11293764533339216,0.12958438049828086,0.17265142603446673,235.0,0.34987469781336694,0.10905350875018006,-0.5249355886143678,0.3520221217350902,0.718763294424221,0.2536994827530993,0.35616178134635645,-0.4471406430140155,-0.6634906720718984,55.3,58.0,52.8,56.0,-4.813626258090671,5.507482515277552,5.134276091659679
2014-07-31,223.0,0.11248524027508036,23.399056848233897,0.18097140260788047,-3.902934390573523,17.47923687146017,0.10000000000000053,0.2218785517998932,0.36003639251777664,217.0,19.7,0.07714345206774002,0.8421116977789701,21.4,-0.28510354308391944,66.0,0.0981000000000023,0.17334103437076975,0.15041008482309268,0.3314263983376605,-136.0,0.21702908107962995,0.1417973563248476,0.0751597179312122,2.4250248341740863,5.4099724007701795,0.4582124225836048,0.19740390450607145,0.1246833205594648,0.20458796538664537,57.1,59.5,58.2,58.7,,,
2014-08-31,197.0,-0.016001414896081465,-23.86371169425433,0.7679296061403168,12.604072089536498,-9.770936892230644,-0.10000000000000053,-0.18898378264741095,0.0,243.0,15.7,0.722080274818324,0.01586182677382381,22.6,-0.7882520212269472,-29.0,-0.22639999999999816,0.03859533878811018,0.0881242188796924,0.34971562547196605,503.0,0.6759068703921627,-0.012322226231129756,-0.5273081898158003,-0.7580178091853957,0.2877895042956821,0.32105753445156937,0.4405080038033028,0.7463369706481487,-0.30051446275859084,59.0,58.0,58.1,59.6,,,
2014-09-30,294.0,0.00715884422871254,-0.12190168108493966,-0.27624070455961064,3.0239885189718176,3.8868868899372986,-0.1999999999999993,0.28693197501494605,-0.1798561635914867,252.0,28.8,0.27557991703593776,0.6670664592818182,21.8,-0.7945148331435534,30.0,0.15489999999999782,0.13340422410149302,0.15968452085632848,0.12847255264258856,-435.0,0.030060893847380577,0.034909031526219436,-0.3783583779638917,-0.03972161119132532,0.2657441340737531,0.4183149762153128,0.30001284932229927,-1.3477440620037469,0.8024359166746521,56.6,59.5,54.6,58.6,-1.2535898447018654,4.570374783934343,4.832259330312024
2014-10-31,235.0,-0.019793349078221993,-1.2958850014501804,0.39763789906913277,1.2685159527315641,4.865050911718347,-0.20000000000000018,0.01193360840263373,0.17985616359148976,215.0,6.1,0.6297939528431915,2.3703759139125626,18.0,-1.3873899063204145,17.0,-0.05550000000000921,0.086409283442609,0.16946426163756798,0.2033548316774376,98.0,0.6388866759435173,-0.029774586070871353,-0.9139439093092758,-0.13830354117212454,0.06118263843520981,0.002320523613369155,0.47638511515758947,0.8930569601503423,0.29936521955105766,59.0,53.5,55.5,57.1,,,
2014-11-30,291.0,-0.18844345845422728,-1.8818266054181645,0.2797637937795322,-7.410797215372185,-7.039049575358942,0.09999999999999964,0.6153151350189172,-0.1798561635914867,276.0,11.7,0.7669480317986606,-0.14431252041325587,35.9,-1.8553407895747835,-35.0,0.4299000000000035,0.08841411665157878,0.1115640177639668,0.30215334497256446,-169.0,0.2539330739712645,-0.09554386241139469,-0.9223739490583774,-1.9730086725167275,0.06495564107651065,0.4845813129601055,0.5424096374459527,-1.2406492813469054,-1.4002660352534133,58.7,44.5,54.9,59.3,,,
2014-12-31,275.0,-0.3089376658124069,-1.5966635017552915,-0.6957674006367773,11.72801440189306,6.9458963315477895,-0.20000000000000018,-0.007906777172807642,-0.2703922332400858,260.0,-2.5,0.18309309267286544,1.0979864957057943,21.6,-2.5798092321844623,13.0,-0.054299999999997794,0.07067505360960329,0.05260499200723999,-0.10719282812046622,287.0,0.2773793068740969,-0.17591601719930816,-0.9309609518001632,2.236339685329007,-0.6209454182781332,0.004875026140075388,0.6926719596063345,-0.22769414205761096,1.1731139854295554,55.5,38.5,56.8,56.2,5.6935550277082605,3.430144106968273,2.017834406173431
2015-01-31,204.0,-0.639069349248721,0.2816947007733423,-0.4431931086748863,3.557687456710743,1.1121523343861417,0.10000000000000053,-0.7879228487476458,-0.6337730584549135,191.0,13.4,0.12477608922454597,0.4544625255208023,13.4,-3.2021478566981587,-23.0,-0.6616000000000071,-0.036370627482500355,0.09470270527043782,-0.06989450600544067,214.0,0.23737170224712223,-0.480973606730468,-1.7296028650717035,-2.650306108097985,-0.09885613003763594,0.737490033972323,0.5712889127580548,-2.081672775803474,-3.494022114936806,53.5,35.0,54.1,56.7,,,
2015-02-28,259.0,0.25314368884977984,-3.800394146056038,-0.2546395912755975,4.74022388945839,-20.261831536947895,-0.20000000000000018,-0.6405903226315237,-0.4551669214719075,241.0,10.5,0.553551517085414,1.0921624341048313,10.7,-0.39761483796394065,78.0,-0.5252999999999872,0.11426317087335418,0.15042202247532854,0.33749325882146297,122.0,0.2352113985829452,0.17676341569324389,-0.1587301920572275,-0.3495482233417933,-0.6784805241169486,0.2868771041723063,0.3638906267848056,-1.1997470927306002,-3.0687402020960906,52.9,35.0,51.4,56.9,,,
2015-03-31,96.0,0.2690329596581885,5.729491533745929,1.5168176158308022,-11.778303565638351,8.021633385680106,-0.09999999999999964,-0.3351872508375763,0.18231545615151784,104.0,4.5,0.39685749489429034,1.2829148152267449,7.2,-0.15948966698160025,-55.0,-0.2746000000000066,0.15145702450221477,0.24244855688249187,0.18958540813814065,-256.0,0.30080729937783446,0.18882239285590116,0.0,2.3871646548015004,-0.12001680064648479,0.014982471805745924,-0.2653720198087998,0.14477359525681266,6.500570275192015,51.5,39.0,50.0,56.5,2.3276106267379695,2.677274379593844,3.585819150769915
2015-04-30,273.0,0.10419358923816893,-1.9658722748443367,0.18960583574785353,4.481401578979264,21.47753016436931,0.0,-0.5470746111495662,-0.18231545615151365,238.0,-0.7,0.09019052090895728,2.6219657284739624,9.6,-0.15974444291571754,94.0,-0.4317000000000064,0.18434330348005218,0.2451769633542749,0.3267431824731628,388.0,0.18307296987131833,0.08861320916577982,-0.6374523577436101,-0.49346652157566057,-0.33665362882508826,0.3128488506426789,0.2220350743851514,0.5076521916936761,-3.3450149514471192,51.5,40.5,48.3,57.8,,,
2015-05-31,342.0,0.32923197040532154,-3.3068161268379583,0.7783746246502791,0.0,-9.791862084744041,0.1999999999999993,-0.44228298448434067,0.364299127850123,335.0,6.2,0.5778859589606264,1.7604668158796684,5.7,1.1128890694709548,106.0,-0.3394999999999868,0.12201806967466643,0.14160496244492393,0.2763024262716981,-35.0,0.3009431551682959,0.23968615689424272,0.4784698123336253,-1.152201217953079,-0.7110091448947113,-0.2783215318283031,0.1703504143781676,-0.637834778112661,-1.1912994218769664,52.8,49.5,51.7,55.7,,,
2015-06-30,171.0,0.27640971717153456,4.755134903050713,0.019638828310145063,-4.481401578979254,11.044488066662067,-0.2999999999999998,-0.3150018513620207,0.27235604670405206,168.0,-4.2,0.8182551473615997,1.9846955951183693,8.2,0.07902015425008825,107.0,-0.2318000000000069,0.11980502135297146,0.1554515849929839,0.5786411959367908,-315.0,0.07053891226649561,0.19400241145760205,-0.31872536941791874,0.9253018002366523,-0.04390868855664294,0.6625900069762484,0.061284010036377956,-0.24624771804086878,1.5378081791691887,53.5,49.5,55.5,56.0,1.5497345478194042,1.3850050502609705,2.4699786330145574
2015-07-31,282.0,0.158506290399428,-0.2628501715639875,0.9071619775745943,5.275056538552896,-5.0201948650070545,-0.09999999999999964,0.6460082190607669,0.1811594698350824,247.0,0.1,-0.20030869557828038,-0.31408467876665963,4.6,-0.9523881511255365,-239.0,0.5150000000000006,0.09904055281874645,0.20675616955376463,0.053458036853370174,808.0,0.3701071840405362,0.09122545105059145,-0.39984059666953625,0.21025199514719894,-0.1573823647283753,-0.05902220061823624,0.22750353587548894,-0.3327703033654157,-1.1558120927827586,52.7,44.0,52.7,60.3,,,
2015-08-31,134.0,-0.0004201089342470604,-2.6681148346242707,-0.021045699796277715,2.3438572972017595,-1.4059985568298599,-0.10000000000000053,-0.18402107442869045,-0.1811594698350714,124.0,-14.2,0.2274411529049977,0.8465994889471655,5.4,-1.7699577099400974,25.0,-0.120900000000006,0.08039828504439406,0.1038357510752033,0.15352596306008132,-589.0,0.24676673367842517,0.007171506582928413,-1.4528100562909743,-0.44752949830423666,-0.5354014768995486,-0.2440251702904947,0.21622406642723513,-1.4347342377310062,0.536510849469414,51.1,39.0,51.2,59.0,,,
2015-09-30,150.0,-0.22501171352724142,-2.0865192653329565,-0.449578625853018,-12.748243274509697,7.990655136588518,-0.09999999999999964,-0.2794967313555192,-0.36330648498809825,170.0,-13.8,0.2483440856821604,-0.03779558987643815,-3.6,-1.0608014612193544,-21.0,-0.19239999999999213,0.1441426850070798,0.2052936851663984,0.18094612942331081,21.0,0.05903908164986535,-0.13839839411588625,-0.5707312679290867,0.1195657207425477,-0.9552331619680766,-0.591052751451505,0.26085724982636965,0.51915387062496,-0.7971217325642141,50.2,38.0,50.5,56.9,1.3634090179234577,0.6712881631095625,1.59778484627612
2015-10-31,304.0,0.09889928020461461,3.9499936476265227,-0.2672556680887556,5.545130453621429,-14.574385065402664,0.0,-0.4847235319528369,-0.2733486895660598,288.0,-14.0,-0.11362316211038258,-1.071412599338319,-4.9,-0.32867737066226976,16.0,-0.35089999999999577,0.03291774707746495,0.18559432448767066,0.1447635488362852,285.0,0.06844169546285322,0.0,-0.24559979598700385,-1.4264974100132155,0.024681807728117726,-0.07533723950116016,0.17662353397964176,-0.725654452273749,-1.1653327506112023,50.1,39.0,47.6,59.1,,,
2015-11-30,229.0,0.11939045033511388,-0.9750851375199346,0.3663274464183864,4.463215402076837,10.233135771871316,0.09999999999999964,-0.7384517731685705,0.09119927672694428,204.0,-10.0,-0.3499854554073515,-0.5244145454164181,-3.1,-0.5777977279888571,84.0,-0.5463000000000022,0.10690790491919772,0.1938489446373546,-0.16971927733840286,-65.0,0.16579646981985904,0.06255929235128524,-0.740439417421001,0.36427227104420046,-0.20426374358990962,-0.2301807921984558,-0.025008663845991305,-1.2647639769219736,-1.134857159703049,48.6,35.5,51.3,55.9,,,
2015-12-31,269.0,-0.10761322495167533,-3.05485080889166,0.41838030685633076,8.004270767353635,-2.243407286227305,-0.09999999999999964,-0.49161232406853894,-0.0911992767269462,253.0,-5.9,-0.4506876591719677,0.9421999059932136,-9.1,-1.2494956396844124,-33.0,-0.3605000000000018,0.06573271671708927,0.12520767284640233,-0.18844315016910326,137.0,0.31590154159880596,-0.08410515691115888,-1.0792964877697564,-2.570224696927229,-0.30043791757790683,0.32205408478496145,0.47623211459705084,-0.48298168184744983,-0.08130081748632792,48.2,33.5,48.1,55.3,1.6732574630693713,0.797490519768202,0.737236690842017
2016-01-31,133.0,-0.045854868045230916,5.11227600146935,-0.608657584762903,-7.806054646954516,-4.826674096983451,-0.20000000000000018,0.5226534839914181,0.364299127850123,116.0,-15.6,0.01742329566044484,0.39994149994759837,-4.4,-1.2653057886384071,-40.0,0.40339999999999065,0.17541794478883138,0.16670007251545152,-0.04770478778191009,167.0,0.16734442441411443,0.04103574270722617,-0.9224384065726584,1.5871250862046005,0.35029885140857975,-0.5225872891291784,0.43220216810664563,-1.94398788471905,-1.877923808440846,48.2,33.5,45.9,53.5,,,
2016-02-29,196.0,-0.1330560126235848,-5.470502932915236,0.8273490031153188,2.3484445233069327,11.492996667397701,0.10000000000000053,-0.5198264319300556,-0.2730998511231628,172.0,-13.1,-0.6596756817098517,1.016617013505652,-5.7,-0.5106394074574028,1.0,-0.39569999999999084,0.17306446104916878,0.2263159397255119,-0.2589079099814913,-242.0,0.6642628201200835,-0.05232352472137774,-0.42211966436245313,-0.4780662139616652,-0.5783692645892226,-0.48626720496123993,0.10050821191228787,1.1416320479692548,2.418981212790269,49.5,38.5,48.5,53.4,,,
2016-03-31,256.0,0.31298930089275656,0.7334928790617928,-0.2849806386010154,2.8600614833215343,-9.768033333919737,0.09999999999999964,-0.7447561483016334,0.0,216.0,-1.0,0.1912073851175169,1.3486669472183355,8.4,0.42571371233186894,-54.0,-0.5704000000000065,0.14314052706794111,0.16401352412918127,0.34778394867058576,359.0,-0.3724717662719904,0.23370483889144583,-0.08463817686812977,-1.1272702081835955,-0.22474556471783264,-0.3232625537597626,0.0007074462252592178,-0.562316509649976,-3.4166281042037108,51.8,51.5,48.1,54.5,-1.55848337253271,2.3927717005217524,2.3113866073886387
2016-04-30,192.0,0.3823326923209406,5.109706472127726,0.5412433792650122,7.94641713542468,4.574236287903449,0.09999999999999964,0.3376465558706353,0.18214941283912356,186.0,8.0,0.9077370232762255,-0.2420539882235426,-1.8,0.6773946308954863,42.0,0.23820000000000618,0.24592727440718404,0.25910537904802355,0.30791521159211516,-326.0,0.2653047696598071,0.3270882885099379,0.5067578412305885,1.0521319568636425,0.5292784723623989,-0.3688049283963584,-0.2067872245564291,1.2350118055235586,1.4284000111111372,50.8,59.0,49.2,55.7,,,
2016-05-31,46.0,0.2361305791154474,-2.967406447816279,0.2778329036370977,-0.8718451039881047,-1.2981575639152723,-0.2999999999999998,-0.22703697198567713,0.1818182319058505,31.0,-5.3,0.42057462773049975,0.40251052939659326,-5.6,1.1745101458282674,45.0,-0.19350000000000023,0.17006027489441392,0.23739700993813426,0.31174094747683084,-26.0,0.16303465379639054,0.1631438168383537,1.0892441166423537,-0.9273841554030495,0.12982729476340385,-0.5409408415093409,-0.07588195401999914,0.4663174582859561,0.8874422343618379,51.3,63.5,49.2,52.9,,,
2016-06-30,247.0,0.2772111434035183,-7.541238143807504,1.059931082099915,-2.482396972872624,4.679713909516725,0.10000000000000053,0.4712588491570034,0.4531045359600102,266.0,3.8,-0.02607841311856673,2.235622150700901,4.4,0.6650066070017278,3.0,0.3263999999999925,0.10372706477388802,0.1629346378165976,-0.005812904540035349,-35.0,0.44427661525413537,0.17508326014883585,0.7472014838701057,-0.23275141207925068,-1.1844761360222913,-0.4657053305479252,0.06666572352262863,0.9165247219156128,1.963783452271884,53.2,60.5,50.4,56.5,1.211316082486731,-1.8843531855981817,1.2824382650696664
2016-07-31,373.0,-0.05038276433132479,4.371182681898937,-0.09955268781126408,11.997492654091465,2.9486165654463483,-0.10000000000000053,0.11714023549630953,-0.09045681304268273,264.0,-1.3,-0.10388281623903674,-0.2526175866547259,1.6,0.08281573972286368,-10.0,0.054100000000005366,0.145240357654751,0.11668070984982694,0.08781561697864118,220.0,0.18209319558856402,0.017288106334394895,0.16528929382995944,-0.027130343676585584,-0.3911005305229781,0.12563586845300037,0.39058956432109065,0.7085076880634357,-0.24353991839376862,52.6,55.0,49.4,55.5,,,
2016-08-31,141.0,0.1847514080185307,0.6589239936304082,0.03489916510827731,-8.817012567084829,-5.644651803142513,0.10000000000000053,-0.1508219677233403,-0.1811594698350714,146.0,-5.7,-0.19076033576468057,0.5516106970397514,5.0,-0.24865325700048163,3.0,-0.1518999999999977,0.1764420024550744,0.23939461551122304,0.01665543524393295,-285.0,0.10709485080709245,0.13921280973649452,-0.8291921473108723,0.009340785210986226,-0.2559178674910932,-0.03733471924188055,0.11716214885872271,1.0560676046543207,1.0283499616722087,49.4,53.0,48.3,51.4,,,
2016-09-30,306.0,0.2619775184769032,-0.08644076127920476,0.6888162587934643,-3.0011078416039507,-9.20703440775772,0.09999999999999964,-0.10556910872728154,0.2716162828777683,267.0,-3.4,0.2881640202051073,0.911939703491616,12.5,0.08295313623753789,102.0,-0.11750000000000682,0.13263339951926162,0.16852185420731527,0.1386145773797262,191.0,0.26762041581109103,0.1897081397784738,0.3325023844771916,0.6446257880391578,-0.4140297718531859,-0.30101402397268834,0.2282832548004527,0.2647755683979945,-1.147689102273187,51.5,53.0,49.7,57.1,0.35124981835582036,2.6215630719899776,2.827543676441542
2016-10-31,98.0,0.23399476837550182,7.129446435054981,0.17443986855915836,3.0011078416039405,20.65268547826561,-0.09999999999999964,0.015594399819346511,0.2708805268087099,126.0,-9.9,0.2329846809484855,0.7003761743566875,11.0,0.4962789342129097,-49.0,-0.022700000000000387,0.12841580166593083,0.12048581331610597,0.1026326707463265,-277.0,-0.04609038405745759,0.2045218245086351,0.16583751727761256,-0.8396287882330397,1.1318787771950871,-0.19400733350274976,0.18492156652159605,-0.7134444200125146,0.25353594443189514,51.9,54.5,52.9,54.8,,,
2016-11-30,118.0,0.11782533036426714,-7.610370660945254,0.00991474422423596,-0.6980831141340205,-14.128633291425501,-0.20000000000000018,-0.41804087257064787,0.18018022892629457,136.0,1.2,0.7317558961888926,1.8979963454932252,10.7,-0.08254230761675468,-24.0,-0.34199999999999875,0.04445207836147058,0.1359744946509126,0.6357525610667351,380.0,0.1681272635466189,0.03337226795532277,0.08281573972286368,-0.01916464440965367,-0.2768857025629794,0.1526157369776109,0.2679857088044587,-0.8858281237901894,1.6372720871634776,53.2,54.5,52.3,57.2,,,
2016-12-31,225.0,0.25213409056822006,1.4554788251150728,1.1855193124005101,-1.7668304133313915,9.371401027150277,0.0,0.6812594589355484,0.26966308475995404,198.0,9.6,0.590439704151047,0.43876119366991695,22.4,0.412031897302007,18.0,0.49260000000001014,0.11608834111292791,0.1758106664090906,0.2119437306435918,-7.0,0.7009311984823369,0.1717415006008682,0.4130530449289978,1.2500107393780917,-0.23518043791207685,-0.36856336298341624,0.2805443417225577,2.571956010863624,0.7686492737206484,54.7,65.5,53.1,57.2,1.5971500720396512,1.9581511603736823,2.211074114484348
2017-01-31,220.0,0.4034925423658628,-0.11303504833871993,1.1057611879613056,2.116481119204333,-5.07889655544688,0.0,-0.26321858636490175,0.4478287824695973,208.0,9.8,-0.02699322486450366,-1.1413686238455276,24.0,0.5740073161059981,55.0,-0.2085000000000008,0.2669959521675422,0.2186308668633901,0.21565918630340994,-347.0,0.05939508566069346,0.38282957465847606,0.2470153582062117,0.31205113069687657,-0.3081981822834702,-0.047086986842554815,0.41830272167262583,1.6075635648854547,2.2715428153070225,56.0,69.0,56.1,56.5,,,
2017-02-28,218.0,0.1591390423297148,1.0150022142747186,-0.02756553292153983,2.4139103113356875,6.585068508387897,-0.10000000000000053,-0.40228192946493696,0.0,208.0,19.5,0.17900073355568905,1.6817640875351203,41.4,0.32653090237392046,-69.0,-0.29930000000000234,0.17693248008418305,0.21177956525930522,0.15458329488852648,306.0,0.05403410368268732,0.13565319081580204,0.32840752011900187,-0.6427436369842072,-0.07963476868020666,0.1950430264845666,0.2994045410590171,0.3801868768655701,-1.19682786503338,57.7,68.0,54.2,57.6,,,
2017-03-31,124.0,-0.04673107988743692,0.6434825942289121,-0.13147148639575823,7.386457431876092,-6.585068508387897,-0.1999999999999993,0.6577241165916399,0.17857147602345314,121.0,18.1,0.19058160880326017,-0.22423458319591993,29.6,-0.16313217320840853,38.0,0.5092999999999961,-0.04219409345300259,-0.021516430268169642,0.19228747310606034,-112.0,0.4425877690114272,-0.051225135586106765,0.08193363834024275,0.8194333601972614,-0.09191294016362193,-0.013131114193911154,0.41186362217277056,-0.1692470441673289,0.47646562663595343,57.2,70.5,58.9,55.2,3.3245282814478507,3.2487016334177214,1.942834932414497
2017-04-30,205.0,0.12333918811606984,0.5394851753740073,0.34490588042770387,-5.529864019622564,-3.7675688830890177,0.0,1.0135936505023562,0.44503856274758624,199.0,4.5,-0.40100181549030495,-0.49058282718900026,22.0,0.24459857282604422,-21.0,0.7952999999999975,0.20477617298217277,0.11271062246109714,-0.09245679920885895,280.0,0.033323488065780296,0.19070566855736132,0.2453988961566787,-0.48874085390994876,0.09487920148382839,0.19023260025279945,0.22769936974170127,-0.05205515922921144,1.2184042785678497,54.8,68.5,52.0,57.5,,,
2017-05-31,205.0,-0.0774277635635793,-0.8323637683268267,-0.543518250180346,6.003424494205998,0.955282991899172,0.0,0.1183034781709034,-0.0888494061115167,193.0,4.1,0.569253447504686,1.0892738825556005,33.7,-0.08146639961763358,-43.0,0.12879999999999825,0.0801900547166332,0.08077078844471523,0.250540360106659,-265.0,0.06358674884770885,-0.043127874815323,-0.5735370084744198,1.9062480445307124,-0.42592233119864753,0.05477233583696773,0.6964313862552277,-0.19110108622002714,-0.3268490950847938,54.9,60.5,53.5,56.9,,,
2017-06-30,203.0,0.06514164440552148,6.3983916470413575,0.5121341014972086,-2.5519726208095546,7.651278293190118,-0.10000000000000053,0.2057980285209821,0.08884940611152349,190.0,19.3,0.815894444104424,-0.3654537012682897,28.5,-0.24479816386400016,145.0,0.20780000000000598,0.13417444688405833,0.12560219149690835,0.42776725750436273,479.0,0.3188373458661599,0.08423248662967618,-0.08220304614148749,-0.909785424966608,1.009324779888544,0.18584495414129626,0.05473940758114077,1.2366889934553487,0.44616161800399634,57.8,55.0,57.2,57.4,2.2358558264449173,2.4540621032711027,2.233244405190973
2017-07-31,189.0,0.03275963060055446,-8.46786515795221,-0.008815128486203198,-7.896628130479821,-3.503413283844688,0.0,-0.23975598889276148,0.08877053401405918,175.0,7.9,0.4798705509019523,-0.14273059638310787,22.6,-0.16353233407307532,-97.0,-0.12239999999999895,0.07301935337216851,0.09489192363936783,0.38598309207755427,-67.0,0.2516312144859882,0.03707990762484663,0.4922077205428455,-0.4582344835323768,-0.5465433985497326,0.39879162774681465,0.28348078508162344,-0.4039386930509095,-0.07659484008079176,56.3,62.0,55.2,53.9,,,
2017-08-31,147.0,0.3841239148787778,1.6276372811698878,0.19997665370239323,-2.8370697129215574,-3.9751533947379034,0.10000000000000053,-0.4147167620660212,0.3542962076344129,211.0,23.2,0.6532915064148329,-0.12370263843482278,19.9,0.5711969834494244,63.0,-0.24670000000000414,0.10793093468597005,0.21802910404997355,0.5552619265019819,38.0,0.012038311942245033,0.22419065587885942,0.5711969834494244,1.171319652916979,-0.47112258775446014,0.3429705518690572,0.12338737356273957,0.8540391250607519,-0.091320764224906,58.8,62.0,59.9,55.3,,,
2017-09-30,89.0,0.5093396526107496,3.3196114461449584,2.0609302471491673,13.600136132158095,1.880397285761064,-0.10000000000000053,0.10316416096038926,0.3530453799382659,66.0,20.7,0.5522791915313113,0.468508168251942,24.5,0.8103772063107519,-46.0,0.1524000000000001,0.12178202525283068,0.10962765297591696,0.17031289825114965,44.0,0.5454674934172745,0.37220577129777876,0.8103772063107519,0.5842115974886317,0.05828877102124333,0.560670751505222,0.18853611081544955,1.0749322572458002,0.9792224510346723,60.8,71.5,60.3,59.8,1.89628799415706,1.963406011960166,3.1417261027391388
2017-10-31,141.0,0.07747520471252745,-0.1964495343184834,0.08047647548161375,-1.7419284472064822,6.2366392392885075,-0.09999999999999964,1.2242951327366367,0.35180335316792505,113.0,25.9,-0.2617534195778215,0.30141415907429464,27.8,0.1612903575464779,83.0,1.0161999999999978,0.2451103725099363,0.28202523739179264,0.06662514757811318,88.0,0.09423591085315752,0.13039303896452062,0.080677696994011,0.47468715204178613,-0.08535992746546678,0.25315947090922747,0.289258925282332,0.8639362590707861,1.2578367196689293,58.7,68.5,59.8,60.1,,,
2017-11-30,223.0,0.26644546143193926,0.8295436694445704,1.0118616492330141,12.732205870314228,1.264838996715914,0.0,0.23896267805680657,0.3505700347628487,205.0,17.4,0.5299469839159627,1.9598111435597865,25.8,0.9623169691461131,-57.0,0.25840000000000884,0.048751126469833504,0.11432131839441678,0.4686152600632064,-137.0,0.5464596318363362,0.1431369090243736,0.48270407483159444,1.5111175796903857,-0.21555360384903988,0.14022487159208996,0.15244060310334984,1.974072827281052,2.688844857496479,58.2,65.5,59.7,57.4,,,
2017-12-31,151.0,0.21046728661737688,4.864227120436867,0.5467933398263736,-12.095261041766255,-7.840749129712981,-0.10000000000000053,0.19533298635994295,0.08745081449325756,146.0,20.3,0.1429959148162528,0.38534077499021896,29.0,0.15948966698159736,12.0,0.22010000000000218,0.14710416234024937,0.20780863901585675,0.3732334803856632,65.0,0.778358128954525,0.1449160534708442,0.08022463326380473,-0.015184299463558188,0.7611780852398043,0.1739142042242129,0.18127097526832733,1.331636448485847,1.4668989023881192,59.7,69.0,57.0,55.9,2.415314897467337,4.236223121245931,4.482971107757605
2018-01-31,137.0,0.42443244618279324,-5.743710337783655,-0.4501562005790047,-6.559728248581323,9.862590941032275,-0.09999999999999964,-0.0018725955011806047,0.3490404939768346,147.0,23.3,0.898991018219969,1.8181119576571585,20.8,0.7936549595736342,6.0,0.05999999999998806,0.3212854169325343,0.3375543880423953,0.49834329444417796,285.0,-0.10407172292296832,0.37422081093924897,0.7191401348107411,0.7806827942040979,-0.5276613551285216,0.4670668093556958,0.5976200642963652,-1.1166651935750238,-0.6238904020835365,59.1,72.7,54.2,59.9,,,
2018-02-28,394.0,0.2688669886177236,3.7543454153584053,0.5421347481598577,4.636592055792556,-1.7081160638060193,0.09999999999999964,0.2421606629052912,0.260983184237095,349.0,16.8,0.6898673155192012,1.2095670017158302,32.3,0.23687338355506102,4.0,0.23700000000000898,0.18891724418894007,0.19846752059346434,0.5191046479746638,-69.0,0.04429907856530466,0.21419942548068027,0.15910902322419035,0.6062938579769026,0.08066657573860368,0.8065791017933384,0.23148391459676243,1.5100608534955917,1.8274906795413053,60.8,74.2,59.7,59.5,,,
2018-03-31,226.0,0.019234391150581894,3.072382746025862,0.016319936904925753,9.413267010100546,3.1601859029913157,-0.09999999999999964,0.488635463438427,0.17361115471765173,218.0,27.1,0.2917469434277819,-0.6686223848045217,19.7,-0.23687338355506088,64.0,0.4188999999999936,0.2181456517867371,0.21875777793873113,0.009821516039444821,266.0,0.28893872050324515,0.10643540967344015,0.39666850901053385,0.5881662323248218,0.5810343225012319,-0.04537210909856997,0.3592469720170047,1.2146672985082145,-0.9954525981645116,59.3,78.1,57.3,58.8,1.0894709433541394,2.899864397886086,3.2404778196677095
2018-04-30,140.0,0.2601021066074959,-0.1929478390148973,0.009088430434331548,-5.603282386873499,-3.23852511577173,0.0,1.0958581903170899,0.17331026868348742,123.0,14.6,-0.013651792439494756,0.5754996846801568,23.2,0.47318700278334125,-7.0,0.8900000000000006,0.1802769659908911,0.13998805173966553,0.29005290058339317,59.0,0.08975472550517914,0.2380836384596895,0.4739345363896568,1.2326628813227347,0.28988844024082605,0.5206665861301389,0.2161297619388914,-0.4551292170442851,0.693180661929509,57.3,79.3,54.2,56.8,,,
2018-05-31,322.0,0.22554044437666926,-0.28909349963325565,1.5994374448496025,3.067725224704704,6.154619593013403,-0.20000000000000018,-0.9045665423148675,0.34572203838579424,317.0,22.3,-0.025291767044034748,0.5324562542460669,32.1,0.86173662911612,-40.0,-0.707099999999997,0.1750401170682827,0.20047692958449323,0.17011156087502824,139.0,0.3069108697098484,0.17181544379995162,0.7067167223092353,-0.037589223775694985,0.24927462240246773,0.5744092528848699,0.3366043424305391,1.6064884416346115,-0.5301073212047942,58.7,79.5,56.3,58.6,,,
2018-06-30,218.0,0.09007393845482631,0.25054125881945005,-0.35268233684128414,-4.006699259688607,-12.96438122095741,0.20000000000000018,0.7739323183955853,0.34453091789126034,185.0,25.8,0.07135909906346699,-1.3807448709159016,22.2,0.0,7.0,0.6033999999999935,0.09035021139828706,0.09872820230406117,0.14219316317803957,214.0,0.09672385363269229,0.08628720445164018,0.1563721976182759,0.5737376633769761,0.18008446061046945,-0.18524101682543542,0.4075944020017802,-0.9693234709282517,0.4069137865390084,60.2,76.8,56.0,59.1,2.028397910273912,2.3995493872107145,2.1176849215075237
2018-07-31,60.0,0.07805158171934323,-3.333336108435475,0.5926576017870434,-1.2658396871923465,1.3333530869465169,-0.20000000000000018,0.161307067324279,0.08594757727187018,106.0,16.3,0.44299174161353677,-0.525945820855161,24.7,-0.07803355838810866,-11.0,0.102800000000002,0.13145118089772778,0.11648270190160591,0.6361728469111585,-40.0,0.2121713969581704,0.10579627369255082,-0.46985207815541497,-0.483057309473462,-0.4067640234783044,1.6396220011154043,0.43162685806772744,-0.9300684181117144,1.1584720928378562,58.1,73.2,56.5,55.7,,,
2018-08-31,257.0,0.1785725413231741,4.1011640044841355,0.06142388041328851,-5.734576747047327,6.412452816953857,0.0,0.6442729109766876,0.08587377084178045,225.0,25.6,0.9235917971669694,0.30790944109370777,8.7,-0.391083799199906,-61.0,0.47339999999999804,0.009802864404829055,0.07447778617703922,0.5464853876578879,18.0,0.21026356389733664,0.06949032553485143,-0.07852375747021967,0.9993705131948671,0.221885205069041,-0.13701545916736613,0.3543340557667353,-0.02365867172325772,-0.07985110315987762,61.3,72.1,58.5,58.5,,,
2018-09-30,81.0,0.20601581183254344,0.9319089998871901,-0.3935222226025586,0.3367006547904249,-2.994707636795209,-0.09999999999999964,0.06505452749955742,0.17152662867551677,75.0,14.6,0.6859992145028334,-1.1941310456301895,22.2,0.07833921278040774,41.0,-0.0007999999999981355,0.18509365242453554,0.18479101990944305,0.5876220675507259,203.0,-0.1781113374440627,0.20525258151466852,0.0,0.3856943033997472,0.3346320053693311,0.8661647072222876,-0.0072187714338661675,1.1302851902831286,1.1956987336374416,59.8,66.9,58.8,61.6,2.730332472911545,3.9151390437062417,2.487041930090145
2018-10-31,169.0,0.23368475880657605,-3.7197732226546663,0.9938103280145796,-7.139671879834593,-2.347335618564213,0.09999999999999964,-0.11033900564873926,0.6831794291703273,164.0,18.7,0.6472181256031001,-0.5542653255745794,20.7,0.4687508583097243,-42.0,-0.1512000000000029,0.15740259688866762,0.21226217892561083,0.5430142309755096,-107.0,0.2918197750527526,0.17267201980171132,0.47022030214363236,-0.029801938151995225,-0.41987536009827814,0.3299488229565703,0.2399088710828581,0.25095288762673496,0.9064744730213348,57.7,71.6,56.8,60.3,,,
2018-11-30,90.0,-0.07044399795824596,-1.2522460949759027,0.48991828878654653,12.058696298911773,-3.3308657913342428,0.0,0.07930645244381049,-0.08514261902175128,96.0,17.6,0.24528235961146955,-1.0089245960753703,14.8,-1.6503321514478044,68.0,-0.007999999999995566,0.18543646308896328,0.20140605161516717,-0.015848820456950713,290.0,0.5318349901369168,0.03410890519119962,-0.7849333864454981,0.4184266292692641,-0.7576683676161226,0.6617512598975479,0.2687215773644001,-1.1661501753407986,-2.1450181914596307,59.3,60.7,58.4,60.7,,,
2018-12-31,192.0,0.06846591120324254,3.117513814979982,-1.9719921146092458,-13.513267399149639,-7.56071739467611,0.10000000000000009,0.02450018435433025,0.0,154.0,11.2,1.077246265840943,-0.8228919481612911,10.9,-1.4365769802033639,-23.0,-0.057999999999992724,0.1743866466261426,0.24023018201844815,0.7452488574369013,-105.0,-0.8587304339965524,0.0691566327828875,-0.6324131749468224,-0.2116071483229859,-0.08919142333917085,0.41673444255184144,1.2413491567382462,-1.1760873883561525,1.3075390763775034,54.1,54.9,56.2,57.6,2.035588112292164,1.6482250907818043,0.5661759932739241
2019-01-31,251.0,-0.08153120801192204,-3.011606283528626,0.27094007404924303,8.594242980072462,11.300247424555545,0.10000000000000009,-0.6665223038358249,-0.34129725962399576,254.0,10.2,0.838837139628291,0.2637294176104395,11.6,0.1606426048273573,-63.0,-0.6118000000000023,0.1313197824960393,0.2699544099611535,0.7478422552639704,13.0,0.28754946101399254,-0.0516194392734762,-0.6364381068851235,-0.5954594293310046,-0.5815633238175313,0.8318936284807392,0.19199304929899694,0.8217731637335796,-1.8751306654058397,56.6,49.6,55.5,56.7,,,
2019-02-28,7.0,0.29967603671729887,-1.9107636408478248,0.2669543456549596,8.532929080664484,-8.953569342399675,-0.20000000000000018,-0.5479088490066776,0.17079423451561157,-10.0,9.1,0.42804713139992956,1.121246233019134,0.8,1.0379334696948912,32.0,-0.5147000000000048,0.09036452495805121,0.16093437352457834,0.33372668092050306,-436.0,0.0495442666289854,0.18298266770761573,0.6364381068851314,0.17291536305848185,-0.9801863084539536,0.5068633492796872,0.15500040084669808,1.0071376291802892,0.410336070549441,54.2,49.4,52.3,59.7,,,
2019-03-31,228.0,0.3774659916428186,3.7087959045089365,1.5218604126063453,10.257887269594953,6.057214628314023,0.0,0.037528049254103496,0.34071583216141343,184.0,10.8,-0.10286469491720342,0.715414983644521,9.1,0.5544568659774174,9.0,-0.054000000000002046,0.09222361480945455,0.1457667645952357,0.07179272278655993,251.0,0.6990116763878201,0.22631805876680997,0.7111843487717374,-0.48556748879431183,-0.158025840890505,0.15432414705099937,0.03919439506079715,0.6341388853456402,0.784967247494725,55.3,54.3,57.5,56.1,5.96870420826999,4.020667929434947,2.4895091629067716
2019-04-30,296.0,0.3752629474922566,-3.263541171739299,0.01021394203974916,-2.253616502241306,6.579717454476726,-0.09999999999999964,-0.5865977141161808,0.508906950747145,246.0,5.8,0.8913547170916222,2.5001077648337917,8.9,0.15785322930497897,27.0,-0.5438999999999936,0.20065631989995134,0.1642588476983986,0.49105720724332247,-45.0,0.007956398938034443,0.28193731768303676,0.07870917368170026,-0.78470740099515,-0.6506077531801211,0.4568036735539033,-0.20771244128298202,-1.6171111093179642,-0.656285253908963,52.8,50.0,52.4,55.5,,,
2019-05-31,27.0,0.024680282734096472,-3.577393952244397,1.0752192057570598,-12.744494656812035,1.6374634871790104,-0.10000000000000009,0.11530983463275594,0.08456660123431427,84.0,20.7,0.15412805884656539,0.8619134640304547,17.8,0.1576044455465714,25.0,0.006399999999999295,0.10259587806374135,0.08393519170262452,0.2019178692006468,3.0,0.36963547843641015,0.07253560607208419,-0.3152090868314911,0.0882659477447654,-1.3861353254100706,0.5326341956311283,-0.011588007712557802,1.9526592490256824,2.1278577323713614,52.1,53.2,53.7,56.9,,,
2019-06-30,220.0,-0.03251656708551766,0.14461962004843687,0.10099090752133451,16.51852745509673,-3.943728726114638,0.0,0.04442719505578798,-0.0845666012343258,178.0,-5.9,0.06598223088900573,1.2230474651921275,2.5,-1.108483242449304,-48.0,-0.046900000000007935,0.18266963630863492,0.19887387592333658,0.0918383414868713,-81.0,0.3381152236311407,0.04736152882618759,-0.5540180375615356,0.11511896896813086,-1.4108047090951166,0.4450333231360102,0.1910306262004097,-1.1791426580723456,-1.9033509163719688,51.7,47.9,54.5,55.1,-2.4099584279242343,0.9090169414404514,3.3267111731583214
2019-07-31,99.0,0.23052171103787075,1.791845158465022,0.7571446996302164,-11.778303565638351,-0.2416432911628568,0.10000000000000009,-0.48606038693657805,0.2534855603188116,131.0,-2.0,-0.028980209923431078,2.2649845532484427,21.6,0.0,80.0,-0.45579999999999643,0.11387874111140367,0.2056960644963445,0.3197919320457423,-152.0,0.47144889213115343,0.133265111028682,0.15860431556347795,-1.898739085388396,-0.6452474345647059,0.7413137141056418,0.12394241155088888,0.0798890993874499,-0.09637588881718201,51.2,45.1,51.7,53.7,,,
2019-08-31,232.0,0.09143518703292457,0.6091751890721866,0.6792945823683654,9.418721505970106,10.334235150158912,-0.10000000000000009,0.6825724834901714,0.08435259884390583,179.0,6.7,-0.07999400107323257,0.9132830981080445,11.2,-0.5588836902566169,103.0,0.4562000000000097,0.11471262855701242,0.22649808509585226,0.02106112828820967,136.0,0.38311352975714835,0.04631148414593778,-0.556219153527427,-0.08361256672262386,-0.5098783984930501,0.6042806161470318,0.5306342602004697,-0.12220918089745975,-0.018129044128305186,49.1,46.0,47.4,56.4,,,
2019-09-30,196.0,0.15376632893943978,-1.5592708719224242,-0.6417837681108136,0.0,-4.766352633697184,-0.10000000000000009,-0.33894417233817986,-0.253271557928394,168.0,-3.0,-0.5491511625846429,0.8522569572297264,13.7,0.08003201707691157,-13.0,-0.32920000000000016,0.07319304992817856,0.1934635682399934,-0.06153053475357617,-54.0,0.1607980481508128,0.06075129283339333,-0.3192341098973207,-0.7544179044512194,-0.6782615600976488,0.4583832813899626,0.2117226205255416,-0.4359975326379133,-2.037363691710414,47.8,49.7,46.3,52.6,-4.278986184783426,2.2385682833827296,4.6528410323636225
2019-10-31,95.0,0.2823293054042275,-0.25297524136744126,0.2678616800668149,1.3947227480850553,1.0622254656622707,0.10000000000000009,-0.8478362664280364,0.42176359442035133,78.0,2.4,-0.34312100220462133,0.48201288400183934,5.5,-0.4008021397538822,54.0,-0.7106000000000137,0.14910945952010685,0.2198890862151492,0.03542387297384221,165.0,0.007108987896397571,0.17722133220130357,0.0,-0.7990309372974705,-0.5587415262567982,0.45192744332186807,0.1311450550204409,0.2839678128514177,-0.9016872699774898,48.3,45.5,47.7,54.7,,,
2019-11-30,207.0,0.28114667260626747,-3.3711335203275814,0.6960958495370049,-1.2543718478530286,2.0911889750465495,0.0,0.5006764315212775,-0.16849203649195232,168.0,-3.2,0.0448473030394003,1.3567125166904221,13.9,0.16051367812284367,12.0,0.34210000000000207,0.061502980989225894,0.2179003271134823,0.0010287216639283195,-401.0,0.5359814320017907,0.1029138163650853,0.07990411931327646,-0.7032574655341104,-1.1063805511362217,0.3366373415624098,0.3099891318273499,0.25403768713305375,-0.7932988459611452,48.1,46.7,46.6,53.9,,,
2019-12-31,127.0,0.29079862276498275,1.608256277052406,0.3205575898918826,-1.840108537089129,13.463942597888432,0.0,-0.2326684494464219,0.3367006547904249,110.0,3.2,-0.018671679160119598,0.3035909051587666,3.3,0.24028846163103157,-92.0,-0.21039999999999281,0.22071462893117824,0.1775878623420784,-0.05076288989044202,-189.0,0.16178889729365403,0.2716832099617752,-0.1598721363697104,-0.578432336628984,-0.6604687960708966,0.3101784125556685,-0.528447337484368,0.2758868362445251,2.129080220005762,47.2,51.7,45.1,55.0,3.1284728730204603,3.1088533747773868,2.718254387221374
2020-01-31,237.0,0.19198201188967035,4.997958457166112,-0.1449099901003707,-1.583906402974607,2.1093783059799627,0.0,-0.6575138580045964,0.1679261519719994,182.0,13.0,-0.7534440420926352,1.4751139203584909,13.0,0.15987213636970735,47.0,-0.5225999999999971,0.1771785033652859,0.26129279642777015,-0.3169190449997383,425.0,0.4578053100079499,0.17528991973829244,0.6379606964038987,-0.48581492994670455,0.4969193387329958,0.09512350233382649,1.0086805941720982,-2.130536061371975,-1.8743315414411297,50.9,53.3,46.6,55.5,,,
2020-02-29,262.0,0.047455810079677724,2.826704886744527,0.040953022022241374,2.578939488291423,-2.044799679260341,-0.10000000000000009,0.3356601456010003,-0.5046268067624384,186.0,10.9,-0.8553437906595298,0.48221462170865254,36.4,-0.7214460149332789,-29.0,0.25739999999998986,0.19501196326359238,0.24490450110328005,-0.5611898392205533,-158.0,-0.347035590316591,0.07940190694740697,-1.199534574967469,1.1927125497026534,0.870169680631429,-0.1373535700844053,0.3622838531234539,0.25478938697250203,-1.3774239369728158,50.1,45.9,46.9,57.3,,,
2020-03-31,-1398.0,-0.4538731922905509,-16.05226536666918,-9.564710807750203,-12.16802947964742,-20.17472377127472,0.9000000000000004,-3.9905426201024894,-0.5071862097960228,-1368.0,-13.4,-0.8856342494428078,0.21992953656114067,-19.4,-2.443118256666102,-110.0,-2.9876999999999896,-0.07547422531452518,-0.11825817584059808,-0.3393629756957259,-1072.0,-6.800162123996971,-0.2892112873742482,-1.4586968531883775,-6.014011538724674,-1.163281217064886,0.309122075718383,-1.2530778532778641,-9.841488508856292,-6.573140546552948,49.1,37.4,43.8,52.5,10.922700995041483,-2.7036119253983433,-5.300247883185935
2020-04-30,-20469.0,-0.7951678519017844,-21.46433146856854,-15.512911377023613,-8.324271040420733,-30.20021262265295,10.4,-14.142247901545593,-1.1935350549272792,-19551.0,-80.0,-0.26582130764829726,-2.8860706245514645,-58.7,-2.588871097800661,-272.0,-9.704000000000008,-0.3245186526335756,-0.49099197736334665,-1.4264406722233527,-1288.0,-11.594874523189576,-0.416128687207139,-3.5732925012783827,-21.90167129363929,-0.8054516999170505,0.07462958590217884,13.741419841080418,-22.331214006868542,-12.757255209715257,41.5,35.3,27.5,41.8,,,
2020-05-31,2614.0,-0.08987289452484809,11.024846899570106,17.65183718352336,20.492300520068156,10.439851462163539,-1.6000000000000014,1.6402914528457953,0.5132603226520216,3130.0,-43.3,-1.1667037190557874,-0.6974440295282767,-42.9,0.6745388139531435,172.0,1.1026999999999987,0.10445866926508507,-0.125762972231275,-2.363934796711461,1006.0,7.9939691449694035,0.1001058895803452,0.0,3.99961883002887,0.3212772963364704,-0.2067330101928118,-5.155830894664049,-3.1912725740673573,-1.3284335498977073,43.1,40.8,32.1,45.4,,,
2020-06-30,4631.0,0.48357879450010255,9.490735529403262,7.949897650166747,24.247459171176512,19.76036116048941,-2.1999999999999993,6.347249159182694,0.2556456441301394,4612.0,-0.3,-1.2592700293538888,0.8411421922753881,28.3,1.3355791181555636,82.0,4.334400000000002,0.15600552533054501,0.16451427775106667,-1.2184101319932694,517.0,5.304911676420975,0.31506375360186534,1.761051800863537,14.759333002973982,-0.7065397411385236,-0.0756964335701933,-0.3501154038095962,8.874434476332183,4.272784105428145,52.6,51.3,42.1,57.1,3.785605804015113,-36.338841294144366,-32.81728241610834
2020-07-31,1584.0,0.5083500471799465,9.842250409838655,1.5830393916661658,8.50672019570251,18.678760914028086,-0.8000000000000007,3.678711230080065,0.5939771387784158,1482.0,9.5,0.1143772639327436,0.9238167557291159,29.5,1.2361096823573927,206.0,2.6885000000000048,0.35512824790193004,0.5776048524481812,0.23663027185212307,401.0,1.5221038845152364,0.2949515660105065,0.9925639799969999,6.661067010102776,-0.11970415388140337,-0.5246066627949799,0.8916040392397382,7.197548726860087,9.845766393039485,54.2,53.2,44.3,58.1,,,
2020-08-31,1566.0,0.37243990909824937,1.3856624636228017,0.8383845731585213,3.505616857306408,-8.903892852208454,-1.799999999999999,0.9731960431251231,0.1690617477907452,1080.0,6.9,0.5640874089415339,1.039797997011761,15.4,0.8968669982760537,-5.0,0.8088999999999942,0.2911791951684591,0.3855842003412224,0.5652349030058469,-101.0,0.7970489669268206,0.27882833847071364,0.49261183360557814,0.5754085881146226,0.05954035400796701,-0.05206177350084328,-3.917537298868887,2.339974063598892,2.9582726474758214,56.0,59.5,46.4,56.9,,,
2020-09-30,949.0,0.2622697257173156,1.5782447746927708,1.9714510314456206,-3.709698560791687,5.3690133140312435,-0.6000000000000005,0.012505093236555416,0.3372684478639156,1020.0,10.5,0.6110796602489594,1.4992810552432945,16.4,0.1622060371868051,116.0,0.12590000000000146,0.15855462299221404,0.19019089951144444,0.6726729047766876,82.0,1.2364338857375785,0.17815721604317084,0.5716634596383194,0.8225739371956203,0.2530275277982579,-0.05484324492797058,0.5528156664857685,3.236132157071486,0.3699262481662004,55.4,62.8,49.6,57.8,-12.149260022368292,25.464835306445167,29.902998544979116
2020-10-31,690.0,0.12377095499913904,2.5094554252242776,-0.40502972765319056,5.1752841486449475,4.642743590053058,-0.8999999999999995,0.8017424837306384,0.5037794029957302,814.0,9.0,1.1445911753291915,1.6879158131489238,30.5,-0.08107013009889456,-38.0,0.7185000000000059,0.09197931588128526,0.13860016078771528,1.0052309475914532,287.0,0.3038787968165555,0.08943523202315405,0.16273396593754075,1.516385875589582,0.4235379856028741,0.3020672573941126,-0.36196899850304187,1.8286112193621287,3.0576747766904244,59.3,65.5,53.2,56.6,,,
2020-11-30,273.0,0.22715509642852644,0.32822717252674755,-0.9641705363685311,-16.177749164477685,0.0,-0.20000000000000018,0.353109679099897,0.08371704130635566,395.0,-1.9,0.22358455515380368,0.917262789696127,32.4,0.08107013009888613,80.0,0.4000999999999948,0.0928417210194756,0.25033065973891416,0.708161127124047,22.0,-0.26306962922257837,0.10170668481254697,0.8097210232619303,0.13537469122735604,0.48730966162090045,0.8408753580350814,-1.1640105452204363,2.27467979674018,2.9846640917809224,57.5,65.4,48.4,55.9,,,
2020-12-31,-185.0,0.4336891736264594,1.9623580079131004,0.8591283149590169,-0.34266167166475553,4.498699646673321,0.0,1.3112855111043258,0.4175371410480592,-180.0,5.7,0.46428928865766583,1.6005647820875109,12.3,0.9677494882065217,63.0,1.1265999999999963,0.2751761775364166,0.13325389425928605,0.6699638415436122,-47.0,0.4029008557678187,0.41809529183986704,1.2024192966801812,2.335321757557653,0.4041306669174755,-0.2635790081211588,0.0970118595280468,3.1837880565137873,1.4739305357417458,60.7,77.6,51.5,57.2,13.239711345969473,14.490534621812223,4.508555862817171
2021-01-31,315.0,0.244696462323052,3.3040050510149346,3.7684208434990714,2.820265881608478,0.6176671891729136,-0.2999999999999998,0.5264525566604699,0.9950330853168092,252.0,14.0,1.383921511730502,1.3344437461956355,25.5,1.513370181422221,101.0,0.5498000000000047,0.36290495438942083,0.017014099551320903,0.8845688823593166,389.0,1.2610239574576945,0.42294937628421037,2.673115137330319,2.4308749929902733,0.6013069350767793,0.42252640642613154,10.395078830725204,1.3562238236589041,1.0464632984460103,58.7,82.1,52.6,58.7,,,
2021-02-28,517.0,0.33899239327928116,0.5939825546946966,-2.5975062888686873,-15.229848444684407,-14.984959792786764,-0.20000000000000018,-3.3600576999423892,0.6578971098042561,504.0,9.5,0.8479124352707473,-1.5138750581403717,29.3,1.1787955752042172,-153.0,-2.367599999999996,0.20678448213946105,0.15004252787176084,0.7950237954554424,665.0,-0.9236666939284748,0.33200592931363077,1.6160413256009907,-3.0215559086422155,1.413016807379383,1.3734693180445605,-8.584483969494519,-1.642759892771805,-0.22903794901344182,60.8,86.0,54.4,55.3,,,
2021-03-31,852.0,0.5229512050376868,0.9417543985991546,10.229447393781307,9.86019768045395,18.850175236214678,-0.10000000000000053,2.856578623245058,0.6535970979785449,762.0,25.0,1.077038269976023,2.2088350366629173,37.9,1.4734659756936732,53.0,2.2746999999999957,0.4048095335650006,0.24564237103336592,0.18316779810751646,672.0,4.2149794366700615,0.5188394905085784,2.4878780328040375,1.5242356094226128,1.2860975938817008,0.8928005019214538,20.615299059764396,6.5562351596493205,5.0638650539865715,64.7,85.6,59.6,63.7,-2.5652346938804125,3.2262526869013737,5.544658613895645
2021-04-30,355.0,0.6219274149762086,-0.47075822792952227,0.8873977652029408,-4.194743196931283,-12.543964247189344,0.0,0.1757857877320389,0.972454989199478,306.0,22.6,0.6369180903466001,0.2798832174007093,48.8,0.9195467093100176,-46.0,0.2744,0.5827766842415658,0.8075344872613213,0.168326758953478,847.0,0.7870850783837985,0.5254539927687958,1.1843217627906186,0.8515162717912476,0.9917005832138791,0.8062754138802664,-16.374086598865496,-0.09424597939590791,-0.27101081586007714,60.7,89.6,55.1,62.7,,,
2021-05-31,478.0,0.6613145296404325,0.1566387858787183,-0.6059761115277889,-13.056325426038248,7.189887554386362,-0.2999999999999998,0.8834757856393223,1.0429296296985766,442.0,31.9,1.3461094012103763,0.7528156469956854,33.7,1.2883846272679387,-5.0,0.8093999999999966,0.5017236953748149,0.6574118828532423,0.8167792528379437,608.0,-0.16639951890395827,0.5162366128695,2.2554611973593772,-0.43748265568601535,1.1134534487880283,1.4593672881680337,-2.9020966223110167,1.3345734313299318,1.416851951089808,61.2,88.0,50.9,64.0,,,
2021-06-30,755.0,0.8426187578421076,2.0634693489299463,1.0956114693205887,-0.4192878260035927,3.922071315328133,0.10000000000000053,0.3668089560924184,0.7157088205090228,653.0,16.7,1.0985519662780434,0.8399009467947347,32.0,1.048698749524785,-43.0,0.40569999999999595,0.4651557519110401,0.7904350557695814,0.85408440965109,365.0,0.817156650631689,0.5393333653321509,1.1445046245872659,1.3517821236052787,1.2695017190210882,1.5284039452304845,-0.49940122453483715,1.1252431651049295,2.7245637974417973,60.6,92.1,49.9,60.1,5.616056151232405,5.568497523710421,6.7502854167053385
2021-07-31,942.0,0.4604132676794061,0.43731960753706917,-1.669716744381578,4.250125603997519,-3.9220713153281266,-0.5,0.4530861445059503,1.013860454090742,934.0,35.8,1.1123797055748568,1.287073312759255,26.7,0.2976192673045955,4.0,0.46050000000001035,0.4180819372829695,0.3584407189128046,1.3008574465152456,664.0,-0.158593657239866,0.4550132611853384,1.0612055726490386,2.928692609048304,0.718566173078603,1.3106947245393217,0.6582359193117565,1.0923994414279306,-0.10279302194264668,59.5,85.7,52.9,64.1,,,
2021-08-31,552.0,0.28388921319172333,1.8602683088077145,0.6155649536403758,-7.95953804462158,-0.25031302181184767,-0.3000000000000007,-0.20789280941337757,0.8723585032701847,455.0,20.7,1.2729789291774347,0.233788723462303,17.5,-0.223131368143542,74.0,-0.06640000000000157,0.3213302714051881,0.12516925483627026,0.939335854392753,-111.0,0.6783049680646296,0.3818576786398641,0.21089638748205786,-0.7606506681330262,1.2990800958890683,1.498171009462642,-0.19015903493170727,0.7281127553165521,2.2876643953308404,59.9,79.4,49.0,61.7,,,
2021-09-30,457.0,0.451530809997354,-1.946653406580901,0.6810405485691641,6.335686395330783,-1.2610507591929696,-0.39999999999999947,-1.1923625038835892,0.48326698121433376,491.0,28.4,1.4098767640539456,0.4863819904678789,32.2,0.4457659684518188,-91.0,-0.8436999999999983,0.21182386372736534,0.2509420588553182,1.1552348082472546,-38.0,0.13617796021837691,0.3277079780231081,0.28050509276086816,0.9634525222966669,0.6383252771907334,1.5838673055717973,-1.121109300483812,-1.8335890982847232,-0.678741498508092,61.1,81.2,50.2,61.9,7.653446142065716,4.366061907022119,3.2866716567676137
2021-10-31,801.0,0.9592051163052466,1.6613292111256204,1.4495744947072633,-6.190443087299287,0.695545010858459,-0.20000000000000018,1.3345990980446365,0.631773491145011,876.0,18.1,2.24598716088893,0.9049873202510248,21.5,1.471696908069294,50.0,1.0966999999999985,0.49766057157509846,0.7018622741734465,1.557313321672399,404.0,0.631067957259141,0.6594346257291932,1.8731036706063127,1.7571886767149092,0.6118668001936617,1.1752823661096448,0.029884645491676205,6.635141557979461,2.165449067892618,60.8,85.7,52.0,66.7,,,
2021-11-30,658.0,0.8529780648274328,1.9227025259294779,1.0134817058690229,12.661346953165243,7.2892002268031595,-0.40000000000000036,0.6757498302163356,1.0936175071092176,639.0,21.3,1.519926442794319,2.521433834702509,44.0,0.7278052504852891,71.0,0.5781999999999954,0.5267981661252116,0.6151426115857808,1.660759453375496,-39.0,0.2013152388104352,0.6640835700128594,0.6849341845574768,1.015809444335777,0.7946091609594996,1.437565618687146,-0.2818681754522862,1.0331425055024235,5.531296877765607,61.1,82.4,53.3,69.1,,,
2021-12-31,586.0,0.6881498633264446,3.2364668067463978,-0.7930556373586007,4.25596144187959,0.23405510977528485,-0.19999999999999973,-0.2907100013006407,0.5952962771108363,570.0,34.4,2.5722512231190335,1.7447540947732563,17.1,-0.36324050110071576,116.0,-0.1932999999999936,0.5832914803997445,0.6240061332444458,2.541190262347996,321.0,-0.37580698477604946,0.6178185067372033,-1.5824203606273397,1.787740324340391,1.1357472896502712,1.2977472858984438,-0.45409301626715076,2.2342494826820984,0.8528747772253187,58.7,68.2,54.2,62.0,3.4407962014603033,6.662824199403659,6.804809235885943
2022-01-31,190.0,0.602783567051996,1.23136445516715,1.8492720431658842,-0.861543790561529,-1.0575891759058142,0.10000000000000009,-0.3855389013895069,0.9549000467520941,203.0,10.9,1.4722159035772093,2.544145618334937,18.3,1.9460073554712343,37.0,-0.28070000000001016,0.49956682855058526,0.5514607365833507,1.7831087492582984,-310.0,0.05709164691867171,0.5457888355169096,2.73614880111378,1.30911767344028,1.1211201933926902,1.154909244399717,-2.466537164852849,-1.7444659713345956,0.08937133747010359,57.6,76.1,54.5,59.9,,,
2022-02-28,819.0,0.6902502173639705,-1.394026815228646,1.0384384555094266,-3.138989670808382,2.161930535868933,-0.10000000000000009,0.6177379936952057,0.9258359088474521,836.0,-0.8,2.642887420232185,1.880085571016336,15.9,1.7687054637234305,-77.0,0.48969999999999914,0.4384174119691611,0.5272780593516442,1.833966437773582,488.0,0.06700790081446588,0.5886633343438833,3.1875208530449033,0.2044311234293391,0.7523165559160592,1.248304031064246,0.009255345740052552,1.9278917733712253,1.3856422182973882,58.6,75.6,52.9,56.5,,,
2022-03-31,490.0,1.1094640992139613,0.1868047208331847,2.00545379773403,-9.914405031504671,-1.7493157447517231,-0.19999999999999973,0.5779525289359483,1.667392055516839,489.0,0.1,2.6030340451118006,1.8997881206181793,20.8,2.9027608200219777,53.0,0.44760000000000844,0.3957730272734573,0.2712493154109764,2.3442050360319024,603.0,0.5219180550949956,0.8756746312733605,3.846628082779614,1.2986272995557193,0.5090045765479566,1.5046741935655121,-0.497298054693511,4.848348124449081,7.597978928638399,57.1,87.1,56.3,58.3,6.938635590304454,1.143911106305083,-1.0204951651818233
2022-04-30,308.0,0.30786075145350866,0.5758838715904877,1.3982615219793082,-14.853268752303507,6.103976054792108,0.0,0.04861197143317195,0.5356440884552757,272.0,20.3,2.223205313887526,1.8860623938119416,16.8,0.47570595994592413,-50.0,0.01649999999999352,0.34744819920233394,0.5031326934383145,1.2641198325476717,-440.0,0.5172391286988787,0.29919640604641146,1.001259929242977,0.7880358012061991,0.4634621428371592,1.2336283555068859,-0.010541753103308816,3.1276926884616203,-2.124249686155106,55.4,84.6,50.9,57.1,,,
2022-05-31,301.0,0.9440296094643148,-0.14948998745529185,-0.052574125802558304,4.317217186520878,-15.599706144486127,-0.10000000000000009,-0.10504332153142076,0.8960050695108347,245.0,-4.8,2.081676521424122,0.563811088836538,4.7,0.47345370821119226,-138.0,-0.11939999999999884,0.34888366298867124,0.5317764519700359,1.734354425927237,-326.0,-0.1399037979225875,0.6190948716979142,2.6422428052892024,0.40779524874368767,0.34120796319042146,1.0870206290065672,-0.13962799171848106,1.0876816531712006,0.6588654526569963,56.1,82.2,49.6,55.9,,,
2022-06-30,434.0,1.2482784835835552,2.1377807676340574,0.9451335853123416,-12.485020287947595,0.6447475590969727,0.0,-0.3118338689469307,0.9023069889979208,417.0,-1.1,1.7120875468528634,-0.19223606570657167,-1.9,0.20222453807678706,15.0,-0.29649999999999466,0.5901481094182225,0.6780288484448622,1.4581098239570238,-252.0,0.06242258980460824,0.9588164580604248,1.0856560191195062,0.5310747549802369,0.7069015027616862,1.059823929871679,-0.24933249667526666,1.2631375764653054,0.28827246527724176,53.0,78.5,47.3,55.3,3.4823732840795256,-0.2685599193463937,0.625698380341202
2022-07-31,714.0,-0.014918541401187278,-0.10646092256221339,-0.9901541522859504,-5.27875046020524,-11.858670041072177,-0.10000000000000009,0.2027284973971847,-0.3113065239460546,550.0,2.1,0.641632697605844,0.1866224975028511,-8.1,-1.4242356715543103,-19.0,0.09449999999999648,0.22008358082585316,0.35237960344852415,0.7139338360573632,293.0,0.08863880924531574,-0.006001654743760611,-3.790184718667775,0.2657251806911835,0.6154793524003996,0.8613014107253215,1.2835240985629675,0.9739573871119591,-2.713650337260261,52.8,60.0,49.9,56.7,,,
2022-08-31,290.0,0.06237182622837172,-0.7381461391154124,0.6070537024621138,16.978220754121935,10.30423459729214,0.10000000000000009,-0.12524758296693903,-0.05865690173616458,290.0,-28.4,1.2250952776645,-0.3016725449741081,4.1,-1.2371291802546942,-142.0,-0.17659999999999343,0.5637150427849738,0.4891638375560272,0.7805502037374802,-1484.0,0.5412865959547862,0.2782690900745511,-1.380197568310407,0.6207015264878609,0.3129157602847027,0.7426858471755623,0.5937935866615754,0.14659692435394486,0.3200369521997891,52.8,52.5,54.2,56.9,,,
2022-09-30,220.0,0.42336979879509506,0.02195475205260831,-0.25833335125497986,-13.850090816013058,-3.385653603273785,-0.10000000000000009,0.19319323696046933,0.3179085029991614,229.0,-8.9,0.33972737061000396,-0.00891565090968175,-8.3,-1.042762316225905,21.0,0.0648999999999944,0.443167986327546,0.5686333019317071,0.24583587242796515,708.0,0.06981987409371265,0.3542062450247239,-0.9520858970658937,0.4825744744528554,0.21889829973815692,0.8643884207677168,0.34460604196267935,-1.19903469159026,-0.8358759539209235,50.9,51.7,48.7,56.7,6.809810604059215,3.509217433936939,2.877225330117275
2022-10-31,357.0,0.5579162322644533,1.6298839652690411,1.0247172584097406,5.977174329991735,-2.3916411549088834,0.10000000000000009,-0.03841127462558634,0.3424941310991932,361.0,-11.0,0.5265689524581397,-0.18386037222700052,-11.5,-0.2799162079614578,-3.0,-0.12439999999999429,0.3586334407009313,0.3925543631262446,0.49647684447496804,-353.0,0.1798714013761288,0.46580899389342806,-0.5115100666770489,0.3590102189683258,0.4941845096307374,0.7103883604525014,0.3191482370072814,-0.9069792666104833,1.722449377169572,50.2,46.6,50.0,54.4,,,
2022-11-30,303.0,0.2610621915570538,-2.817734626824314,-1.3873874871231742,1.0186845306992998,-0.83333815591443,0.0,-0.2944493470728878,0.33990828955876107,217.0,-9.6,0.6354367447586025,0.26975123982447236,-13.4,-0.7738343223171292,-159.0,-0.3299000000000092,0.28787137000484403,0.3088089640848748,0.3606733729225371,185.0,-0.2673170796927611,0.25831819668679695,-0.38535693159899664,0.4252883381992828,-0.2182083920684428,0.5205760468290166,0.16010191721507536,-1.5933101570242323,-5.050620116745826,49.0,43.0,48.4,56.5,,,
2022-12-31,100.0,0.015394449327434506,4.984148052188991,-1.1737286606752106,3.8115632922512153,-10.118514424734563,-0.10000000000000009,-1.184540079752463,-0.33066795192448317,114.0,-9.8,0.11150155850075892,0.38155065483174205,-11.4,0.14114328384078084,-26.0,-1.0210000000000008,0.3537613276010143,0.3553157286608326,0.4713892963659469,270.0,-0.08817565159961283,0.13524481369033434,-3.0047982359691385,0.23541490995023207,0.8454535493422096,0.6475872269023907,0.45645753948061196,-0.9178229975144968,1.0705041866505673,48.4,39.4,51.4,49.6,-1.7494195061641755,-2.3375039135960565,2.7514765401293473
2023-01-31,434.0,0.5299952998657184,-1.5403099294127651,4.278378888384692,5.995486146991317,4.673043120642153,0.0,0.737602422182949,0.36112520045379964,315.0,-20.9,-0.7846610697230537,1.5828389403454712,-12.4,-0.3532324407545363,20.0,0.46760000000000446,0.47172916610269333,0.41322099206537666,-0.05384892652141425,-584.0,1.2848698597711639,0.5341163993819383,0.1987413704837974,0.8704141931870347,0.30563193085086915,0.39037724681080865,1.963324334944584,2.3047776417676933,1.1565463792036526,47.4,44.5,50.6,55.2,,,
2023-02-28,290.0,0.34226693655060597,-2.8729061482635507,-1.1980282374829576,-3.110670713225492,2.688138613682447,0.10000000000000009,0.1358213571587366,-0.04816921655238406,236.0,-9.8,-0.3557947050178154,0.6902905543874345,-22.2,-0.21253993123135886,187.0,0.006799999999998363,0.36018625890386335,0.4881636024041174,-0.13467204301355054,-461.0,-0.06259417562317016,0.2944793580609501,0.3963017075792561,-1.5482505780886704,-0.0022382130108223107,-0.0231464764003884,0.5385633469888973,-2.144789587040599,-1.789095033454632,47.7,51.3,49.1,55.1,,,
2023-03-31,68.0,0.12299614825539737,3.0098962621205625,-1.0590703548165343,0.9434032233358715,-2.1007654124730673,-0.10000000000000009,0.37577754656583384,-0.2831084194542716,26.0,-10.3,-0.019152884400850462,1.4731823654807323,-25.0,-0.7832008706732742,-133.0,0.19580000000000553,0.3267810767634306,0.33614028728925743,-0.10878117078881044,-202.0,0.014200052951332918,0.14147766971172873,-0.3963017075792676,0.6298942480569766,0.5040291731412506,-1.0927406502739332,0.5900829510263541,2.159433301637653,-1.980662842950073,46.3,49.2,46.9,51.2,2.219904769742158,3.091151994524365,2.884974679698935
2023-04-30,241.0,0.3386997049354128,0.3099557567653406,0.8120952261867683,2.6256334566554176,-1.6980843607497842,-0.10000000000000009,0.22988686347240922,0.14059007534574564,179.0,5.6,-0.4406523333297061,1.413899592100038,-25.5,0.2855105436979715,10.0,0.08440000000000225,0.35351377678070206,0.4535051365551206,-0.0018565691994128736,311.0,0.3080316137830747,0.3449013603214111,-0.06620324637695366,-0.6246490985078277,0.7097267301637691,0.8817390465407351,0.21323775902132486,-2.3170551365191496,2.811808968296368,47.1,53.2,50.2,51.9,,,
2023-05-31,280.0,0.16133851752459513,-0.15899981793350731,0.5069945611310805,11.506932978478728,18.07069504691457,0.20000000000000018,-0.3208999022467116,-0.2273148008808681,200.0,-24.6,-0.5817264833170042,1.2239245429929986,-8.1,-0.42857208454992973,97.0,-0.33840000000000714,0.29350319828758886,0.36405949820555084,-0.17525278605860822,-598.0,-0.042475143026842646,0.1657636124522409,-2.074346709817023,1.4851440256460473,0.33979979655087555,0.11156746455739763,0.3576841748897912,-0.09666620730286407,-1.9615776380162688,46.9,44.2,51.4,50.3,,,
2023-06-30,225.0,0.22392443348422209,4.806223470846033,0.4759379503565524,-6.889582650652688,-12.495599639707681,0.0,-0.8047864805022571,0.05972017012894163,155.0,6.1,-0.44719001934370267,0.9849566103008702,-12.1,-0.21497679364925487,-132.0,-0.7028999999999996,0.25747163795993366,0.2175417352771139,-0.1141742717870484,-188.0,0.3142746800100663,0.26514962400498787,-0.6103782938017799,0.3549066421962872,1.3296239302709183,0.11231329097963452,0.11391045313890404,-0.380072952106157,-0.49122394277818227,46.0,41.8,48.1,53.9,2.350985272764597,1.5883650747026887,2.503636219206331
2023-07-31,163.0,0.19552339939636135,-3.5811337472582756,0.19283819597100654,5.659218531117008,3.0515543925950412,-0.10000000000000009,0.7830856183775964,0.5577955018774239,118.0,-8.6,-0.26860881870946546,0.45134012522613526,-16.1,0.0,83.0,0.5306000000000068,0.1389435493422638,0.20671272681915656,-0.15551758530074905,-523.0,0.4756350488803067,0.11448673038650507,0.33955890011381074,0.2602199451425337,0.4619021880119981,0.10123500603675392,0.19903160030569153,1.4835946958866695,1.0831822486053335,46.4,42.6,44.4,52.7,,,
2023-08-31,218.0,0.48240529386348413,-1.425146801376816,0.9288648841121414,-11.96761607377469,-10.278338999893151,0.20000000000000018,-0.06681669277958593,0.6509494830880064,148.0,-15.4,-0.20502810848644745,1.184966300503246,10.5,0.6435488781991868,66.0,-0.1185000000000116,0.1111831082788367,0.20047214655271264,0.27054428149908505,597.0,0.06511954774122707,0.30052552453638465,1.1459511989785782,0.31212366692456217,0.07506124260174298,0.2542007852334338,0.14308101578151616,1.9508778045773456,0.3360240354976392,47.6,48.4,48.5,54.5,,,
2023-09-30,156.0,0.3893326599538476,3.0992151137158435,0.6764895631851268,5.577934104768962,3.56915207661235,0.0,0.18012453076874022,0.23496169012390736,115.0,-5.3,0.12703541356228293,0.41290962644778656,-15.2,0.4976903269752874,-66.0,0.07870000000001198,0.30782474139396765,0.3092957205031263,0.24790190120040123,5.0,0.12819983067990406,0.3704792821142434,0.5347606326595278,-0.41523923914593247,0.8440184860856665,0.008843718494587639,0.03993344479024438,1.0712599662045523,1.1928088033768631,49.0,43.8,51.2,53.6,1.1584236510289425,2.388525423887302,4.5880109584365245
2023-10-31,159.0,0.1365916058944007,-4.195375655503477,-0.4732657786543261,1.0211613170196463,0.800295286280143,0.19999999999999973,-0.5481179041073229,-0.3473773024374207,114.0,-6.5,-0.48334911595409424,1.0532966197532623,-14.6,-0.6403437035207025,-6.0,-0.478500000000011,0.1523102762621435,0.2951789614560774,-0.1487215732960726,-679.0,0.2686222954813985,0.05351930733792084,-0.9377161812597044,-0.9269751545416772,0.13089514995936125,0.12286408256841953,0.34138696202537433,-0.20513683293704,1.3892783552642896,46.7,45.1,46.8,51.8,,,
2023-11-30,127.0,0.14679044730874216,4.309651998831647,-0.11957921213511921,-12.671247995416024,9.79417602703807,-0.19999999999999973,0.392385648842358,0.05973652855417991,84.0,-6.5,-0.2754550785224057,1.4260834514730025,-3.9,-0.5008955016537773,-11.0,0.24909999999999854,0.11055006009207699,0.2997522477689757,-0.21122016222170598,22.0,0.3553551258614373,0.00740810858979133,-0.7429956503784232,0.730384379022593,0.9031556182921628,-0.032564206336045905,0.49355261772052705,-2.1388132908507234,-1.6840539768186298,46.7,49.9,45.8,52.7,,,
2023-12-31,154.0,0.19225506781735927,1.9088512126427069,0.13837805365723188,4.352016337772757,-1.1897033911846056,0.09999999999999964,-0.2589011060650594,-0.11880535248154332,99.0,-13.6,0.6193800492868555,0.20809315129053235,-7.2,-0.7199455142854344,-12.0,-0.2500999999999891,0.18093843901243462,0.2567190306102892,0.5073618432105425,-82.0,0.40710336835491634,0.13736209403827587,-0.6802747322752523,-0.05805615120253479,1.3169762679057364,0.057499832721764094,0.31281536187617087,1.8613425798208028,0.5775746843964796,47.4,45.2,48.1,50.6,1.2195286749007666,5.611017933520332,3.3620596105877665
2024-01-31,175.0,0.309489137610503,-8.111286381954278,-0.8518174650446315,7.444590513356411,-8.749505293618128,-0.09999999999999964,-1.3820284885654506,0.28868360048843256,126.0,-29.7,-0.7262444983763617,0.7689070624821456,-14.7,0.7199455142854329,47.0,-1.1038000000000068,0.516938072442393,0.358239402491513,-0.22301032879661792,-142.0,-0.3640389547269914,0.46742468966121326,0.680274732275262,-0.682707126835761,-0.2622865995735852,0.03237240410680159,0.5345577536337764,-0.42415290350745927,0.4710976955191026,49.1,52.9,47.1,53.4,,,
2024-02-29,206.0,0.4089168128625178,0.7133794548293101,0.7064352205436891,-4.491773029435894,12.084237303973058,0.19999999999999973,1.065334502345764,0.5455856181280088,135.0,-7.2,0.3671981618213401,1.327684770840041,-1.0,0.2149767936492443,22.0,0.7614999999999981,0.2636415345177511,0.3953120250323979,0.3668992132654311,62.0,0.4384531044161936,0.3006194366174673,0.7429956503784158,0.17940324730242346,-0.1485191309232584,0.21301545845957465,0.11827726020338765,2.591373762491115,1.885418728043719,47.8,52.5,45.9,52.6,,,
2024-03-31,228.0,0.44215489032838895,1.6841144220358262,0.3439385554490977,4.19851768730813,-18.142164029689063,0.0,0.1718620047660912,0.11503189045789029,143.0,-4.7,-0.535986537944642,-0.30719039416748944,1.8,0.5710222510884493,-93.0,0.08070000000000732,0.38760693334354596,0.3883893071812603,-0.1495236983574292,-234.0,0.33480839598089773,0.3582540593412964,0.13449901153328342,-0.061838754831517885,0.2033335507324964,-0.018482548295088632,0.11813753035295375,-1.1229297382970245,-1.3126303551016845,50.3,55.8,47.4,51.4,5.393809541430349,1.8323575152480631,0.8385657658582282
2024-04-30,64.0,0.21683241408003653,-0.15703482540072505,-0.0056717249257730844,3.605293134372977,6.130469347685787,0.0,-0.213352387770971,0.4699054239930215,63.0,-19.7,0.00822096605824509,0.2965636265005051,17.6,0.8504657922834138,-21.0,-0.2160999999999973,0.24149361136569059,0.27015924924203183,0.3346046591147058,-677.0,0.1814102156254147,0.24596264515764185,0.6697948684127718,1.251070166513386,-0.09632537571149108,0.15086968689898783,0.12253374047022933,0.7946226855116231,3.3231217189125437,49.2,60.9,48.6,49.4,,,
2024-05-31,78.0,0.04854694616886912,-0.049843065090683786,0.7493645503345258,-5.2337525108230345,-3.693181908005643,0.0,0.6161931798148965,0.018722631208448297,45.0,-7.0,0.5726749391559457,0.5459049010793265,7.5,-0.14124296133423261,-51.0,0.4157999999999902,0.06457229255740833,0.14030807154064193,0.44280934382851156,253.0,0.4630159314941997,0.005675161844978313,-0.6697948684127581,-0.5393062334355672,0.009709166982834848,0.13858558756315348,0.42260874904781387,-0.42691577467933184,-0.5067891119185177,48.7,57.0,51.1,53.8,,,
2024-06-30,87.0,-0.0418383989980916,-2.0076137741666935,-0.046923853554750795,1.9217147185778352,-0.8311343650792788,0.19999999999999973,0.03073003687004655,0.44622392811106676,78.0,-6.5,0.15126666313853257,0.25933216188654196,2.9,0.07064641763270316,54.0,-0.037499999999994316,0.23994135399579103,0.09269661378463392,0.29185500328702263,-366.0,0.2817640782451795,0.15472668719296578,-0.26917916657114144,0.808553288676158,-0.576573172626662,-0.12047581642977881,0.2131715992052186,1.0508945239566576,1.1396942290427992,48.5,52.1,49.3,48.8,1.046058037417299,2.937247057290654,3.526355417094438
2024-07-31,53.0,0.16756758089767393,4.2160843458209,0.9180073727031486,6.928565439052142,-3.7886247348064823,0.10000000000000053,-0.9143304316003359,0.036578085993638924,-8.0,-16.7,0.2543544757262917,0.08028427672157258,9.9,0.14114328384078084,-11.0,-0.7639999999999958,0.19056311449490726,0.17259508779853838,0.3605051122954975,10.0,0.36907977102680695,0.15933680451238402,0.5376357036380275,0.9801841709706246,0.09192208102708682,0.05034517585769602,-0.04451419033731071,0.746988616969976,2.228514184114237,46.8,52.9,43.4,51.4,,,
2024-08-31,9.0,0.1570987097175417,-1.1345207085558235,-0.257329958301859,-6.344622173896224,9.394812360608155,0.0,0.4542772371983832,0.33547947463484173,-27.0,0.1,0.18950741001242893,0.2468339587217786,-3.0,-0.2824860635554739,44.0,0.2750999999999948,0.17639484493641583,0.2536443139125915,0.2919706775538982,94.0,0.13573190388587858,0.12357396827452885,-0.6724974907673968,-0.81354637229399,0.024896193194934396,-0.03810137943777316,0.05465389291473682,1.6479992787092446,-0.3831653764059992,47.2,54.0,46.0,51.5,,,
2024-09-30,155.0,0.2131064398080943,0.8732960144636512,0.859376159714117,3.9948250471658335,-2.6900931485600004,-0.10000000000000053,-0.6217580718655453,0.2705934098926243,142.0,3.8,-0.3034291354658343,0.7595819342164637,-1.6,-0.3542334557837804,-71.0,-0.5481000000000051,0.2741349843649347,0.3066442989762884,0.04278363758034611,-577.0,0.5072060543794097,0.22172689922298214,-0.6091389393401817,-0.18774238559864537,0.2576243731230738,-0.1748317064949229,0.09571318307007592,-0.9153306970699215,2.736836077118615,47.2,48.3,43.9,54.9,1.0899325536261957,1.847417098640228,3.2855812596193403
2024-10-31,33.0,0.28523267054203993,0.27213688506635303,0.7418489467216549,-12.339314854715026,0.9534358987301518,0.0,-0.34012836016453935,0.3361900070560833,-4.0,-14.0,0.26112470099625773,0.03180966536989117,7.6,0.14184399541336276,14.0,-0.3363999999999976,0.2959993750274026,0.31099092248275195,0.14675891149638368,436.0,0.12255394060587362,0.2654249561555212,1.0131798930406954,-0.5105882845033834,0.42438637155733067,0.044038751358300134,0.22821563344538912,-1.2808035093832175,-3.1307340633327274,46.5,54.8,44.4,56.0,,,
2024-11-30,134.0,0.283789553580792,-1.6939707616249082,0.5017815073416869,5.689466598137112,-5.244647537254254,0.10000000000000053,-0.1781025012705958,0.10452926917042997,116.0,16.8,0.05766319511455027,-0.05240298277860648,-1.5,0.14164308317135063,77.0,-0.21710000000000207,0.10492587546664751,0.28740468084687226,0.2132177210664622,187.0,0.318307219891327,0.11479905407578127,0.0,-0.05784432508243494,0.0781894768766055,0.6376787804840361,0.22937654994529103,2.5042116105978676,3.079682312018459,48.4,50.3,48.1,52.1,,,
2024-12-31,237.0,0.339361846637306,0.7666314393292444,0.757393843109437,4.8149343897582595,13.909282224313454,-0.10000000000000053,1.03678018845612,0.4122677466738176,212.0,2.2,-0.7681509181420577,-0.16875087910016273,-9.6,0.07074637719904772,-45.0,0.6970000000000027,0.18858958353447694,0.1864020009746375,-0.31133627735954095,-271.0,0.7091577939225246,0.2740210675593605,0.4693270431749567,0.7853930059175942,0.07538554211097512,0.3278382587714783,0.09238703543245692,-2.2029753529034513,3.057625683348726,49.3,52.5,45.3,54.1,2.855698003788237,3.644707889456675,1.8352819713325939
2025-01-31,-48.0,0.4263514505441052,0.21864920683986244,-0.840732275731626,-5.414636336995693,-9.913273752197451,-0.09999999999999964,-0.2620864608518172,0.6257074853226052,-76.0,-7.4,0.927831235670501,0.09871955225248137,32.9,0.28248606355548406,-4.0,-0.28699999999999193,0.31433041802297007,0.4256855896489115,0.421454888787569,136.0,-0.6049144683188644,0.3498462010032436,1.394908037753007,0.3506288794936717,0.04568024127590172,0.03522059928525572,0.12249111513459085,1.5400319767089352,8.363585172573728,50.9,54.9,50.3,52.8,,,
2025-02-28,42.0,0.22485290696176,0.9535599783484309,0.044277798219246996,-3.6757583735184047,9.712268659395043,0.20000000000000018,1.028622539084394,0.17420195622305729,40.0,4.3,0.3467257554751519,0.21021182664617646,13.4,0.21134210050277147,-17.0,0.6903999999999968,0.44687979803302036,0.2544213597227324,0.13981477106327828,-189.0,-0.11958239577930742,0.40105409889969934,0.6574645642085385,1.1322984138066938,0.00649312702732258,0.04477721700672497,0.11564150192504898,2.054955630493549,-0.484235717278785,50.3,62.4,47.6,53.5,,,
2025-03-31,67.0,0.03315276574472114,7.289361635144738,1.6397168859241542,2.3131332023418927,-10.230980456006531,0.0,-0.058276530208506386,-0.12015337874948429,67.0,-15.7,0.3570027090788601,-0.4224177020693137,10.2,-0.35248538434355786,46.0,-0.1367000000000047,0.09743942754554875,0.06910797243508228,0.10498708402799722,-290.0,0.7756549253489852,0.015881713034940105,-0.06555228028903289,0.22733360954016374,1.5537416396134283,0.11390349490959036,0.6599986116477287,1.0058570144972971,4.607955137021116,49.0,69.4,44.7,50.8,7.0042166043436,0.9665407736183949,-0.6505944225690983
2025-04-30,108.0,0.1615405757115822,-6.867103559676186,-0.1240851989469476,6.634709809050106,3.9335005398676945,0.0,0.08656154843619723,-0.2705354867706889,99.0,-8.6,0.17714347352442794,0.33402176023044483,-12.9,0.07059654370154013,-47.0,-0.027000000000001023,0.18742354022348576,0.23828629230470333,-0.05547459637432282,146.0,0.13994185571111883,0.1658131768967537,0.06555228028901756,0.2884368897865934,-0.009376564987532216,0.12655897767642654,0.5740848685408434,2.519093355336728,-17.091863713207715,48.7,69.8,46.5,51.6,,,
2025-05-31,13.0,0.09923205197966269,15.309089227137019,-1.1035948201581158,-11.95677942954107,-8.260551266416261,0.09999999999999964,-0.16071780172620428,0.336705207761141,20.0,-6.9,-0.31404646272033115,-0.8598983609109409,-0.7,-0.49522563184664187,-29.0,-0.21540000000000248,0.22921551509432436,0.13040285917944494,-0.006856431599229673,212.0,-0.13994185571112608,0.1821566258242363,-0.6574645642085357,0.25639291689592325,3.3502949548859906,0.1808614399923536,-0.8417884441338284,-2.9222070664021405,-0.5606401737028108,48.5,69.4,46.8,49.9,,,
2025-06-30,-20.0,0.25387246816277437,-9.860535003409286,0.7877772104418437,6.684694791667479,6.749187485411433,-0.20000000000000018,0.506807905446902,0.16186362479997393,-45.0,-14.9,0.20186631036719374,-0.29927657431959676,-1.4,-0.1419446654226143,-17.0,0.2916000000000025,0.2627913751194323,0.23374812606457482,0.24935440247474866,-106.0,0.2578277024029801,0.2868172776468508,0.4606786692845047,0.7233914976014981,0.9221873569712907,0.24420534551878587,-0.10461008660628811,-0.41933248847567045,-2.681068123245731,49.0,69.7,45.0,50.8,-2.9335203189176826,2.548352203693804,3.7662126431826737
2025-07-31,64.0,0.22809066389322327,-2.83984581268733,1.0447014016143559,-2.5896344303579477,3.7713469727289146,0.20000000000000018,0.40861038548213835,0.8080852053938674,65.0,3.1,0.11526387996331297,0.21935785270561448,11.4,0.28368813351995353,1.0,0.21869999999999834,0.24470317218309381,0.312033650500611,0.1416144924521273,-115.0,0.49191649395693554,0.1710662096376001,0.32776168313040777,1.5358792107156725,0.008235738139482123,0.28931659648846986,0.4377419983287704,1.1054215390620903,5.5781434214478685,48.0,64.8,43.4,50.1,,,
2025-08-31,-70.0,0.3476593840382678,2.960698721855444,0.5444616023381463,7.432840641009769,-10.36549566739484,0.0,-0.26464414048793244,-0.18064797301375418,-20.0,9.1,-0.06863543014274637,-0.027159267865680695,0.7,-0.14174346809733934,-53.0,-0.29419999999998936,0.2243783136485893,0.3092432087367501,-0.04346569544103741,-170.0,0.2914618290415738,0.26194396164892886,0.13080446600151674,-0.14784802619092896,0.6523436121561879,-0.08093108432243552,0.1993477560751536,0.20003065133854234,-4.222236030660815,48.7,63.7,43.8,52.0,,,
2025-09-30,76.0,0.2946556454727988,0.6415631512554574,0.06721807599535541,2.266385957721187,2.1456761870672176,0.10000000000000053,0.04259867733055724,0.6128762858150122,68.0,-7.0,0.45620682614722285,0.16823305599820715,19.5,-0.1419446654226143,97.0,-0.05940000000001078,0.18922376619144568,0.21753695040743065,0.2594627505125471,250.0,0.11141190128069424,0.2604760650186796,0.0,0.08905993606883415,0.7580317865400379,-0.10083217044397345,0.09786711312909956,2.63785605581106,2.1146385171595043,49.1,61.9,45.3,50.0,0.9802324787899858,3.4659982512452086,4.282379361041974
2025-10-31,-140.0,,-2.1158325608707726,-0.15595498919335407,-9.083840041293147,-3.5497554159908113,,-0.44211765689015525,0.1290391420356604,13.0,7.8,0.21314971448249143,-0.20762487010355188,-10.1,,-26.0,-0.42669999999999675,0.22738279721467736,,0.22756244688183197,1.0,0.21044031864556528,0.19256667503047614,,0.5023181965771379,0.21069822084730633,0.15671209441121503,-0.31717151899250823,2.9676488258310054,-3.827626485925003,48.7,58.0,46.0,52.4,,,
2025-11-30,41.0,,5.298172740099851,0.5003527363947464,14.931869151079589,3.5497554159908145,,-0.18303731268256637,0.40797023679045413,72.0,13.5,0.2444799188408358,-0.9150941730008829,0.6,,-4.0,-0.22929999999999495,0.17745536865710113,,0.018267811774292646,-324.0,0.0984541577351949,0.21951161640477831,,-0.2884435286419931,1.3859378493957368,0.23182191722142406,-0.012197691324826766,-3.9465930128359887,4.289679597308951,48.2,58.5,44.0,52.6,,,
2025-12-31,-17.0,0.29734591724420867,-0.9178454484339191,-0.00013610673490409584,-4.595403127868411,4.375929885628929,-0.09999999999999964,0.45396158018464106,0.3555312587672214,-7.0,-3.7,-0.14895664816125762,-0.21507076298876454,-8.8,0.14154284033307596,68.0,0.25209999999999866,0.32660442966048403,0.2326294653894626,-0.013709885764335317,-296.0,0.08996473989220556,0.3303109793286809,0.5838485608771492,1.226345047567405,0.9276451314744898,0.2419009116432382,-0.09208512422071065,-1.469094909687791,2.2353364933540636,47.9,58.5,44.9,54.4,2.1026469775281806,1.626674962409615,0.4810890211212576
2026-01-31,160.0,0.17069687987821122,-0.4263108791227648,-0.02913110378478099,-22.73015614628735,0.5066967047834986,-0.10000000000000053,-0.4496067226373027,0.5762036595911573,180.0,7.7,-0.2680902160486068,-0.9211707831245345,12.6,0.4938281640582577,-89.0,-0.4001999999999981,0.44394063727843797,0.2946104112971545,0.006164077662598902,690.0,-0.19322401988865448,0.3470513850257831,0.5161301780225548,0.9050701049135006,0.6403876982255285,0.24736784751173438,0.6422707823387114,4.965743406400809,-2.060320226457634,52.6,59.0,48.1,53.8,,,
2026-02-28,-156.0,0.26664725422765195,-1.1763584085685574,0.9181643612113835,8.961215868968713,-2.8562908416765715,0.10000000000000053,0.8745401613161026,0.4815628662989138,-148.0,7.1,0.9322547727670312,-0.2714969495564281,16.3,0.9804000096620835,147.0,0.5878999999999905,0.3931384620371424,0.2158171645339967,0.35080028762619114,-318.0,0.21660160089502972,0.3991311058965088,1.9121041446778377,1.5505993048379039,0.08045925900711481,0.07963322100380532,-0.45707732983532207,3.923597931920512,3.5498903443504126,52.4,70.5,48.8,56.1,,,
2026-03-31,214.0,0.8614229105845648,1.3356189737238238,1.7033885609767023,5.256233009085551,12.288802821695802,-0.10000000000000053,-0.3037190945507475,0.7808653859819142,202.0,-0.2,1.5233594588815293,0.4427356732303429,18.1,0.9018444751940293,-177.0,-0.2985999999999933,0.29577573594554046,0.1956036251667847,0.985822340077531,-35.0,0.2723353980223594,0.6647661261192624,1.6901810802603037,0.7902497609663952,0.1940574902156424,0.2922843592550617,-0.1186174007780316,2.211708364388082,2.311517293983417,52.7,78.3,48.7,54.0,1.8170586687583627,1.2352675960784698,2.067664705054285
2026-04-30,148.0,0.6379982407466562,8.16972419090232,0.6719959727799177,-5.893177837633537,-7.360269196511311,0.0,0.7865288384765837,1.0469275967057594,150.0,11.0,0.6505842989710044,0.3473094074267262,26.7,2.0506528562485493,60.0,0.5311999999999983,0.25018352109789327,0.3757538904973859,0.5601880761830031,698.0,-0.0029886699524284566,0.4094273362032959,3.4770199741717702,0.6815715445855616,1.8018262355507877,0.31613932102018133,-0.5098803627895192,2.90949061040405,1.951737022590435,52.7,84.6,46.4,53.6,,,
2026-05-31,129.0,0.4717995023876308,-4.57413353647792,1.0195550491370993,-7.632226755963346,-16.49346914290038,0.0,0.13757428496883795,0.6203878301684252,97.0,19.6,0.11559515787565142,0.1432108121469594,-0.4,1.677328824482743,-13.0,0.039400000000000546,0.3195395193935736,0.20787923095435412,0.293395521849303,9.0,0.2614692711318779,0.44882250108957567,1.1919092237210283,0.9993986349847229,0.5858687981757579,0.14344572372794318,0.25053878916688227,-3.254842456430375,3.214843043326834,54.0,82.1,48.6,54.5,,,
2026-06-30,57.0,-0.42337662840111545,,0.21844066600743298,,17.408646244932218,-0.09999999999999964,0.07690055110915289,-0.27745284360455724,49.0,5.7,,,10.3,0.33211588149269794,-43.0,-0.008200000000002206,,-0.016662054886454294,,,,,-0.5941788128750916,,,,,,,53.3,73.0,49.7,54.0,,,
2026-07-31,,,,,,,,,,,15.6,,,41.4,,,,,,,,,,,,,,,,,,,,,,,
