,PAYEMS,CPIAUCSL,DGORDER,RSAFS,HSN1F,HOUST,UNRATE,INDPRO,PPIFIS,USPRIV,GACDISA066MSFRBNY,WHLSLRIMSA,TTLCONS,GACDFSA066MSFRBPHI,IR,PERMIT,TCU,PCEPILFE,CPILFESL,BUSINV,JTSJOL,PCEC96,PCEPI,IQ,AMDMVS,AMTMUO,AMDMTI,DSPIC96,BOPTEXP,BOPTIMP,ISM_PMI,ISM_PRICES,ISM_EMP,ISM_NMI,ULCNFB,A261RX1Q020SBEA,GDPC1
1985-01-31,96372.0,105.7,,,645.0,1711.0,7.3,54.6322,,80036.0,,,,5.5,,1660.0,80.0654,49.165,107.1,,,,49.326,,,,,6141.6,,,50.3,47.6,44.4,,,,
1985-02-28,96503.0,106.3,,,682.0,1632.0,7.2,54.7825,,80154.0,,,,10.9,,1662.0,80.0794,49.42,107.7,,,,49.555,,,,,6085.2,,,49.9,44.8,45.2,,,,
1985-03-31,96842.0,106.8,,,671.0,1800.0,7.2,54.8653,,80447.0,,,,30.9,75.5,1727.0,79.9936,49.593,108.1,,,,49.749,84.0,,,,6057.8,,,47.8,46.2,44.2,,60.896,8323.077,8400.82
1985-04-30,97038.0,107.0,,,620.0,1821.0,7.3,54.7459,,80608.0,,,,10.0,,1664.0,79.6154,49.652,108.4,,,,49.821,,,,,6159.5,,,48.2,44.1,43.2,,,,
1985-05-31,97312.0,107.2,,,678.0,1680.0,7.2,54.8255,,80838.0,,,,8.0,,1709.0,79.53,49.823,108.8,,,,49.939,,,,,6310.8,,,47.1,48.7,40.4,,,,
1985-06-30,97459.0,107.5,,,722.0,1676.0,7.4,54.7989,,80961.0,,,,-2.4,75.8,1716.0,79.295,49.988,109.1,,,,50.075,84.4,,,,6178.9,,,47.8,42.4,44.5,,61.28,8382.955,8474.787
1985-07-31,97648.0,107.7,,,766.0,1684.0,7.4,54.5396,,81028.0,,,,11.5,,1697.0,78.7325,50.134,109.4,,,,50.198,,,,,6192.8,,,47.9,45.6,45.2,,,,
1985-08-31,97840.0,107.9,,,726.0,1743.0,7.1,54.7055,,81221.0,,,,6.9,,1808.0,78.7932,50.38,109.8,,,,50.364,,,,,6189.0,,,47.7,44.0,41.1,,,,
1985-09-30,98045.0,108.1,,,678.0,1676.0,7.1,54.8906,,81407.0,,,,2.3,76.0,1916.0,78.8917,50.484,110.0,,,,50.449,83.7,,,,6216.2,,,49.9,44.3,41.8,,61.404,8484.646,8604.22
1985-10-31,98233.0,108.5,,,655.0,1834.0,7.1,54.7199,,81579.0,,,,6.3,,1743.0,78.4909,50.565,110.5,,,,50.533,,,,,6247.8,,,50.9,46.4,45.2,,,,
1985-11-30,98443.0,109.0,,,733.0,1698.0,7.0,54.9124,,81769.0,,,,19.7,,1692.0,78.624,50.689,111.1,,,,50.68,,,,,6258.1,,,52.0,45.7,44.5,,,,
1985-12-31,98609.0,109.5,,,721.0,1942.0,7.0,55.4412,,81915.0,,,,13.4,77.8,1794.0,79.2506,50.827,111.4,,,,50.85,83.8,,,,6296.4,,,50.7,48.7,42.6,,62.314,8532.34,8668.188
1986-01-31,98732.0,109.9,,,733.0,1972.0,6.7,55.7481,,82017.0,,,,22.4,,1847.0,79.5708,51.101,111.9,,,,51.084,,,,,6308.5,,,51.2,48.4,45.1,,,,
1986-02-28,98847.0,109.7,,,728.0,1848.0,7.2,55.3568,,82088.0,,,,19.8,,1767.0,78.9079,51.233,112.2,,,,51.084,,,,,6341.7,,,51.0,49.7,43.0,,,,
1986-03-31,98934.0,109.1,,,880.0,1876.0,7.2,54.9625,,82179.0,,,,14.0,75.0,1780.0,78.2531,51.389,112.5,,,,50.972,83.6,,,,6406.5,,,51.0,49.0,43.4,,62.464,8616.568,8749.127
1986-04-30,99121.0,108.7,,,857.0,1933.0,7.1,55.0413,,82356.0,,,,3.2,,1858.0,78.2809,51.482,112.9,,,,50.868,,,,,6430.4,,,49.7,42.8,42.2,,,,
1986-05-31,99248.0,109.0,,,789.0,1854.0,7.2,55.1226,,82458.0,,,,1.9,,1797.0,78.3175,51.57,113.1,,,,50.961,,,,,6435.8,,,53.4,49.5,45.4,,,,
1986-06-30,99155.0,109.4,,,728.0,1847.0,7.2,54.9005,,82376.0,,,,2.8,75.1,1790.0,77.9257,51.725,113.4,,,,51.151,83.3,,,,6429.8,,,50.5,51.3,43.3,,62.694,8640.488,8788.524
1986-07-31,99473.0,109.5,,,698.0,1782.0,7.0,55.2592,,82694.0,,,,11.8,,1780.0,78.3589,51.819,113.8,,,,51.164,,,,,6461.8,,,48.0,49.3,41.9,,,,
1986-08-31,99588.0,109.6,,,621.0,1807.0,6.9,55.1567,,82788.0,,,,6.8,,1726.0,78.1348,51.925,114.2,,,,51.228,,,,,6469.4,,,52.6,51.5,44.5,,,,
1986-09-30,99934.0,110.0,,,763.0,1687.0,7.0,55.2975,,83024.0,,,,10.6,76.9,1686.0,78.2497,52.096,114.6,,,,51.396,82.4,,,,6472.9,,,52.4,57.1,43.9,,63.208,8694.612,8872.601
1986-10-31,100121.0,110.2,,,669.0,1681.0,7.0,55.5332,,83152.0,,,,9.1,,1675.0,78.4896,52.273,115.0,,,,51.488,,,,,6466.0,,,51.2,56.9,43.7,,,,
1986-11-30,100308.0,110.4,,,707.0,1623.0,6.9,55.7557,,83303.0,,,,16.4,,1644.0,78.7,52.384,115.3,,,,51.58,,,,,6466.7,,,51.2,57.1,42.2,,,,
1986-12-31,100509.0,110.8,,,784.0,1833.0,6.6,56.2845,,83488.0,,,,22.8,77.7,1903.0,79.3312,52.452,115.6,,,,51.651,83.3,,,,6473.8,,,50.5,57.0,44.5,,64.193,8762.963,8920.193
1987-01-31,100678.0,111.4,,,709.0,1774.0,6.6,56.0882,,83633.0,,,,5.8,,1690.0,78.9302,52.578,115.9,,,,51.894,,,,,6494.2,,,54.9,61.1,47.3,,,,
1987-02-28,100919.0,111.8,,,732.0,1784.0,6.6,56.8275,,83883.0,,,,9.3,,1689.0,79.832,52.685,116.2,,,,52.076,,,,,6525.0,,,52.6,62.5,46.6,,,,
1987-03-31,101164.0,112.2,,,713.0,1726.0,6.6,56.9098,,84100.0,,,,5.6,80.8,1704.0,79.799,52.841,116.6,,,,52.214,84.3,,,,6530.5,,,55.0,62.7,48.3,,64.781,8853.75,8986.367
1987-04-30,101499.0,112.7,,,735.0,1614.0,6.3,57.2701,,84390.0,,,,14.3,,1601.0,80.1481,53.065,117.3,,,,52.409,,,,,6282.3,,,55.5,65.6,51.3,,,,
1987-05-31,101728.0,113.0,,,651.0,1628.0,6.3,57.6322,,84616.0,,,,19.7,,1500.0,80.4929,53.214,117.7,,,,52.542,,,,,6537.0,,,57.2,67.6,50.9,,,,
1987-06-30,101900.0,113.5,,,637.0,1594.0,6.2,57.9307,,84776.0,,,,13.0,83.6,1522.0,80.7451,53.36,117.9,,,,52.741,86.0,,,,6527.6,,,57.4,72.6,51.4,,64.817,8994.869,9083.256
1987-07-31,102247.0,113.8,,,658.0,1575.0,6.1,58.3258,,85087.0,,,,15.5,,1516.0,81.1334,53.498,118.3,,,,52.863,,,,,6545.8,,,57.5,74.3,46.6,,,,
1987-08-31,102420.0,114.3,,,657.0,1605.0,6.0,58.7636,,85248.0,,,,30.1,,1511.0,81.5864,53.679,118.7,,,,53.072,,,,,6574.0,,,59.3,77.4,52.4,,,,
1987-09-30,102647.0,114.7,,,666.0,1695.0,5.9,58.9951,,85512.0,,,,26.3,84.3,1514.0,81.762,53.892,119.2,,,,53.251,86.6,,,,6575.3,,,60.0,77.3,54.5,,65.465,9125.627,9162.024
1987-10-31,103138.0,115.0,,,650.0,1515.0,6.0,59.781,,85869.0,,,,27.2,,1447.0,82.7171,54.122,119.8,,,,53.42,,,,,6619.6,,,60.7,78.1,54.6,,,,
1987-11-30,103372.0,115.4,,,625.0,1656.0,5.8,60.0726,,86073.0,,,,11.8,,1457.0,83.0015,54.235,120.1,,,,53.521,,,,,6648.1,,,58.8,79.2,53.7,,,,
1987-12-31,103661.0,115.6,,,595.0,1400.0,5.7,60.4095,,86314.0,,,,29.8,85.5,1345.0,83.3639,54.349,120.4,,,,53.62,88.3,,,,6711.5,,,61.0,80.2,59.1,,65.587,9247.572,9319.332
1988-01-31,103753.0,116.0,,,585.0,1271.0,5.7,60.3976,,86388.0,,,,3.5,,1244.0,83.2612,54.606,120.9,,,,53.828,,,,,6730.2,,,57.5,78.7,51.2,,,,
1988-02-29,104214.0,116.2,,,663.0,1473.0,5.7,60.7003,,86825.0,,,,18.3,,1438.0,83.6092,54.718,121.2,,,,53.908,,,,,6773.5,,,56.2,81.2,52.5,,,,
1988-03-31,104489.0,116.5,,,669.0,1532.0,5.7,60.8501,,87042.0,,,,12.8,86.5,1525.0,83.7608,54.952,121.7,,,,54.093,89.8,,,,6804.3,,,54.6,74.5,50.2,,66.478,9357.969,9367.502
1988-04-30,104732.0,117.2,,,699.0,1573.0,5.4,61.2031,,87280.0,,,,26.8,,1429.0,84.2045,55.219,122.3,,,,54.356,,,,,6830.1,,,55.8,81.0,49.2,,,,
1988-05-31,104962.0,117.5,,,684.0,1421.0,5.6,61.0797,,87481.0,,,,17.8,,1444.0,84.0006,55.407,122.7,,,,54.514,,,,,6841.7,,,55.5,81.5,50.4,,,,
1988-06-30,105326.0,118.0,,,717.0,1478.0,5.4,61.2569,,87811.0,,,,17.4,88.8,1485.0,84.2142,55.641,123.2,,,,54.746,92.2,,,,6868.5,,,59.3,80.7,50.5,,67.099,9465.72,9490.594
1988-07-31,105550.0,118.5,,,679.0,1467.0,5.4,61.2659,,88056.0,,,,23.7,,1439.0,84.1973,55.868,123.6,,,,55.012,,,,,6898.2,,,58.2,81.0,52.5,,,,
1988-08-31,105674.0,119.0,,,688.0,1493.0,5.6,61.5731,,88130.0,,,,15.2,,1460.0,84.5859,56.007,124.0,,,,55.175,,,,,6918.4,,,56.0,78.2,51.2,,,,
1988-09-30,106013.0,119.5,,,703.0,1492.0,5.4,61.3807,,88379.0,,,,25.6,87.6,1436.0,84.2804,56.307,124.7,,,,55.444,94.1,,,,6932.4,,,54.5,72.8,50.2,,67.786,9551.092,9546.206
1988-10-31,106276.0,119.9,,,718.0,1522.0,5.4,61.6453,,88606.0,,,,27.2,,1516.0,84.5914,56.521,125.2,,,,55.625,,,,,6969.9,,,55.4,71.5,52.4,,,,
1988-11-30,106617.0,120.3,,,628.0,1569.0,5.3,61.7944,,88871.0,,,,27.2,,1508.0,84.7301,56.676,125.6,,,,55.754,,,,,6971.9,,,55.6,70.9,53.8,,,,
1988-12-31,106898.0,120.7,,,658.0,1563.0,5.3,62.0743,,89162.0,,,,22.7,89.3,1501.0,85.0338,56.864,126.0,,,,55.928,93.8,,,,7005.2,,,56.0,69.8,54.8,,68.22,9681.941,9673.405
1989-01-31,107161.0,121.2,,,719.0,1621.0,5.4,62.2574,,89387.0,,,,28.2,91.1,1466.0,85.1891,57.152,126.5,,,,56.215,94.9,,,,7033.4,,,54.7,70.5,51.4,,,,
1989-02-28,107427.0,121.6,,,622.0,1425.0,5.2,61.9819,,89615.0,,,,20.1,90.6,1383.0,84.7014,57.297,126.9,,,,56.402,94.6,,,,7052.7,,,54.1,67.9,50.0,,,,
1989-03-31,107621.0,122.2,,,567.0,1422.0,5.0,62.1369,,89799.0,,,,18.0,91.3,1214.0,84.786,57.468,127.4,,,,56.612,95.2,,,,7087.1,,,51.5,67.9,50.2,,68.293,9740.964,9771.725
1989-04-30,107791.0,123.1,,,608.0,1339.0,5.2,62.1276,,89951.0,,,,4.1,92.0,1376.0,84.6312,57.661,127.8,,,,56.989,95.0,,,,7050.0,,,52.2,65.4,50.0,,,,
1989-05-31,107913.0,123.7,,,656.0,1331.0,5.2,61.7744,,90037.0,,,,-10.2,92.6,1381.0,83.9944,57.833,128.3,,,,57.197,95.4,,,,7017.2,,,49.3,59.3,47.6,,,,
1989-06-30,108027.0,124.1,,,642.0,1397.0,5.3,61.7697,,90115.0,,,,-7.6,91.5,1322.0,83.819,57.987,128.8,,,,57.322,95.2,,,,7036.7,,,47.3,50.0,47.4,,68.374,9723.615,9846.293
1989-07-31,108069.0,124.5,,,731.0,1427.0,5.2,61.1738,,90164.0,,,,-16.9,90.5,1283.0,82.8332,58.136,129.2,,,,57.459,94.7,,,,7061.3,,,45.9,48.1,44.5,,,,
1989-08-31,108120.0,124.5,,,697.0,1332.0,5.2,61.7732,,90131.0,,,,-9.5,90.0,1334.0,83.4581,58.217,129.5,,,,57.466,94.0,,,,7080.0,,,45.1,43.3,44.6,,,,
1989-09-30,108369.0,124.8,,,639.0,1279.0,5.3,61.5796,,90342.0,,,,-5.4,90.4,1314.0,83.0045,58.419,129.9,,,,57.594,94.4,,,,7101.4,,,46.0,42.4,45.4,,68.667,9763.944,9919.228
1989-10-31,108476.0,125.4,,,645.0,1410.0,5.3,61.4966,,90443.0,,,,-7.0,90.9,1365.0,82.6969,58.631,130.6,,,,57.819,94.6,,,,7136.8,,,46.8,41.0,45.0,,,,
1989-11-30,108752.0,125.9,,,684.0,1351.0,5.4,61.7044,,90695.0,,,,-4.2,91.1,1344.0,82.7778,58.787,131.1,,,,57.945,94.2,,,,7144.0,,,46.8,40.9,45.9,,,,
1989-12-31,108836.0,126.3,,,630.0,1251.0,5.4,62.0428,,90761.0,,,,-2.1,91.6,1422.0,83.0331,58.954,131.6,,,,58.113,94.4,,,,7144.7,,,47.4,41.0,44.6,,69.646,9774.696,9938.767
1990-01-31,109196.0,127.5,,,620.0,1551.0,5.4,61.729,,91045.0,,,,-7.5,92.5,1748.0,82.4179,59.181,132.1,,,,58.553,95.2,,,,7187.4,,,47.2,50.8,45.4,,,,
1990-02-28,109436.0,128.0,,,591.0,1437.0,5.3,62.2896,,91259.0,,,,-22.1,92.7,1329.0,82.9732,59.468,132.7,,,,58.811,94.6,,,,7203.3,,,49.1,44.6,46.5,,,,
1990-03-31,109640.0,128.6,,,574.0,1289.0,5.2,62.5999,,91346.0,,,,-21.8,92.4,1246.0,83.1981,59.754,133.5,,,,59.033,94.8,,,,7206.1,,,49.9,50.1,46.5,,70.319,9867.971,10047.386
1990-04-30,109674.0,128.9,,,542.0,1248.0,5.4,62.4359,,91297.0,,,,-9.0,91.6,1136.0,82.8001,59.932,134.0,,,,59.157,95.1,,,,7253.4,,,50.0,50.9,46.6,,,,
1990-05-31,109828.0,129.1,,,534.0,1212.0,5.4,62.6258,,91229.0,,,,-16.5,91.2,1067.0,82.8798,60.115,134.4,,,,59.29,95.3,,,,7245.8,,,49.5,50.1,46.2,,,,
1990-06-30,109850.0,129.9,,,545.0,1177.0,5.2,62.8382,,91294.0,,,,-8.6,90.8,1108.0,82.9978,60.349,135.1,,,,59.552,95.1,,,,7257.3,,,49.2,53.2,45.4,,71.191,9922.905,10083.855
1990-07-31,109815.0,130.5,,,542.0,1171.0,5.5,62.7284,,91255.0,,,,-18.1,90.5,1078.0,82.7018,60.501,135.8,,,,59.699,95.3,,,,7283.7,,,46.6,51.4,46.3,,,,
1990-08-31,109607.0,131.6,,,528.0,1115.0,5.7,62.9475,,91150.0,,,,-18.2,93.3,1069.0,82.8509,60.753,136.6,,,,60.096,95.4,,,,7239.1,,,46.1,53.1,43.1,,,,
1990-09-30,109522.0,132.5,,,496.0,1110.0,5.9,62.9523,,91085.0,,,,-43.4,96.5,976.0,82.7293,60.965,137.1,,,,60.465,95.8,,,,7236.8,,,44.5,70.2,41.3,,71.898,9915.892,10090.569
1990-10-31,109377.0,133.4,,,465.0,1014.0,5.9,62.5845,,90934.0,,,,-48.2,99.3,925.0,82.1303,61.172,137.6,,,,60.811,96.6,,,,7178.7,,,43.2,73.4,40.2,,,,
1990-11-30,109222.0,133.7,,,493.0,1145.0,6.2,61.7887,,90772.0,,,,-27.1,98.7,941.0,80.9828,61.246,138.0,,,,60.888,96.7,,,,7181.9,,,41.3,64.2,36.2,,,,
1990-12-31,109168.0,134.2,,,464.0,969.0,6.3,61.3352,,90700.0,,,,-37.1,98.4,861.0,80.2964,61.331,138.6,,,,60.945,96.3,,,,7224.7,,,40.8,58.9,38.8,,73.201,9869.991,9998.704
1991-01-31,109058.0,134.7,,,401.0,798.0,6.4,61.1355,,90584.0,,,,-32.0,97.0,786.0,79.9522,61.637,139.5,,,,61.177,96.8,,,,7205.7,,,39.2,51.6,37.3,,,,
1991-02-28,108735.0,134.8,,,482.0,965.0,6.6,60.6838,,90253.0,,,,-22.1,95.0,853.0,79.2872,61.807,140.2,,,,61.208,96.7,,,,7216.8,,,39.4,44.5,35.6,,,,
1991-03-31,108568.0,134.8,,,507.0,921.0,6.8,60.3346,,90080.0,,,,-11.6,95.0,911.0,78.7629,61.936,140.5,,,,61.221,96.4,,,,7229.1,,,40.7,41.2,33.6,,73.401,9849.502,9951.916
1991-04-30,108350.0,135.1,,,508.0,1001.0,6.7,60.4938,,89865.0,,,,-6.5,94.2,916.0,78.9062,62.06,140.9,,,,61.332,96.6,,,,7258.0,,,42.8,38.8,35.8,,,,
1991-05-31,108253.0,135.6,,,517.0,996.0,6.9,61.0633,,89755.0,,,,3.9,94.0,991.0,79.5846,62.307,141.3,,,,61.586,96.4,,,,7259.5,,,44.5,38.2,37.4,,,,
1991-06-30,108330.0,136.0,,,516.0,1036.0,6.9,61.5581,,89769.0,,,,13.0,93.4,964.0,80.1624,62.442,141.8,,,,61.69,96.1,,,,7296.7,,,50.3,39.6,43.0,,73.61,9878.301,10029.51
1991-07-31,108290.0,136.2,,,511.0,1063.0,6.8,61.7305,,89692.0,,,,19.9,92.8,973.0,80.3158,62.632,142.3,,,,61.787,95.7,,,,7282.0,,,50.6,38.4,41.3,,,,
1991-08-31,108300.0,136.6,,,526.0,1049.0,6.9,61.7298,,89733.0,,,,27.0,93.1,944.0,80.2365,62.804,142.9,,,,61.931,96.0,,,,7298.3,,,52.9,41.8,44.0,,,,
1991-09-30,108335.0,137.0,,,487.0,1015.0,6.9,62.2195,,89792.0,,,,20.0,93.3,974.0,80.7851,63.055,143.4,,,,62.144,95.6,,,,7317.7,,,54.9,45.5,47.3,,73.857,9905.175,10080.195
1991-10-31,108361.0,137.2,,,524.0,1079.0,7.0,62.1855,,89768.0,,,,9.5,94.1,991.0,80.6424,63.194,143.7,,,,62.26,96.6,,,,7328.0,,,53.1,50.0,44.7,,,,
1991-11-30,108300.0,137.8,,,575.0,1103.0,7.0,62.0871,,89673.0,,,,1.3,94.5,984.0,80.4053,63.312,144.2,,,,62.397,96.7,,,,7338.4,,,49.5,47.6,43.0,,,,
1991-12-31,108330.0,138.2,,,558.0,1079.0,7.3,61.7852,,89689.0,,,,-18.8,94.3,1061.0,79.8949,63.468,144.7,,,,62.553,95.7,,,,7403.6,,,46.8,48.9,39.8,,74.493,9939.939,10115.329
1992-01-31,108365.0,138.3,,159177.0,676.0,1176.0,7.3,61.4616,,89677.0,,188403.0,,-2.2,94.0,1077.0,79.3278,63.641,145.1,800927.0,,,62.638,95.7,117958.0,471297.0,242159.0,7474.8,50251.0,52277.0,47.3,45.4,40.6,,,,
1992-02-29,108312.0,138.6,114535.0,159189.0,639.0,1250.0,7.4,61.8955,,89623.0,,189335.0,,0.6,94.0,1146.0,79.7329,63.814,145.4,802413.0,,,62.797,96.3,119895.0,468468.0,241142.0,7507.2,51682.0,52513.0,52.7,45.9,43.9,,,,
1992-03-31,108367.0,139.1,120025.0,158647.0,553.0,1297.0,7.4,62.4232,,89652.0,,190547.0,,15.0,93.9,1082.0,80.2464,63.973,145.9,806267.0,,,62.949,96.2,124897.0,466222.0,242116.0,7513.8,50294.0,52935.0,54.6,48.1,43.7,,74.951,10110.308,10236.435
1992-04-30,108516.0,139.4,124470.0,159921.0,546.0,1099.0,7.4,62.897,,89777.0,,189951.0,,20.0,93.6,1054.0,80.6802,64.183,146.3,808718.0,,,63.119,96.4,126174.0,467127.0,241520.0,7535.0,50302.0,53411.0,52.6,51.1,45.0,,,,
1992-05-31,108646.0,139.7,125822.0,160471.0,554.0,1214.0,7.6,63.104,,89893.0,,189115.0,,17.0,94.0,1056.0,80.764,64.273,146.8,808186.0,,,63.203,96.7,127638.0,468021.0,240786.0,7570.2,50044.0,53963.0,55.7,55.0,49.5,,,,
1992-06-30,108706.0,140.1,122834.0,161205.0,596.0,1145.0,7.8,63.1363,,89944.0,,192831.0,,15.0,94.8,1057.0,80.6204,64.323,147.1,813573.0,,,63.315,96.5,127867.0,465647.0,240148.0,7601.6,51727.0,54551.0,53.6,53.9,46.6,,75.008,10194.831,10347.429
1992-07-31,108793.0,140.5,122590.0,162855.0,627.0,1139.0,7.7,63.7176,,89976.0,,191989.0,,27.6,95.3,1089.0,81.1771,64.566,147.6,817069.0,,,63.524,96.6,129589.0,461351.0,239228.0,7595.9,52533.0,55313.0,53.9,56.2,45.5,,,,
1992-08-31,108916.0,140.8,120411.0,162412.0,636.0,1226.0,7.6,63.3613,,90033.0,,192602.0,,16.7,95.7,1075.0,80.5433,64.625,147.9,819296.0,,,63.609,96.3,127652.0,456633.0,240139.0,7622.6,50940.0,55395.0,53.4,53.7,47.3,,,,
1992-09-30,108951.0,141.1,120711.0,164361.0,650.0,1186.0,7.6,63.5703,,90122.0,,193344.0,,21.0,95.9,1114.0,80.6355,64.73,148.1,820056.0,,,63.713,96.6,126553.0,453470.0,239765.0,7586.9,51984.0,55515.0,49.7,51.6,45.1,,75.189,10227.459,10449.673
1992-10-31,109139.0,141.7,127392.0,166063.0,621.0,1244.0,7.3,63.9995,,90311.0,,193625.0,,-4.8,96.6,1132.0,81.0138,64.979,148.8,820439.0,,,63.938,96.3,127779.0,455872.0,238799.0,7537.9,53035.0,56556.0,50.3,46.4,44.7,,,,
1992-11-30,109283.0,142.1,122374.0,166124.0,614.0,1214.0,7.4,64.2422,,90442.0,,195300.0,,18.2,96.0,1118.0,81.1636,65.121,149.2,822786.0,,,64.064,96.2,128989.0,451965.0,237825.0,7549.3,52246.0,56214.0,53.6,42.1,47.1,,,,
1992-12-31,109502.0,142.3,126080.0,167691.0,650.0,1227.0,7.4,64.3507,,90624.0,,196914.0,,25.4,94.4,1176.0,81.1549,65.242,149.6,828308.0,,,64.176,96.3,130106.0,450897.0,237854.0,7818.6,51843.0,57446.0,54.2,48.0,45.9,,75.146,10323.834,10558.648
1993-01-31,109790.0,142.8,121637.0,169500.0,596.0,1210.0,7.3,64.5978,,90889.0,,197552.0,458080.0,31.1,94.3,1177.0,81.3264,65.432,150.1,828939.0,,,64.332,96.4,129525.0,445479.0,235379.0,7648.1,52568.0,56439.0,55.8,49.8,46.9,,,,
1993-02-28,110047.0,143.1,128854.0,168840.0,604.0,1210.0,7.1,64.9089,,91145.0,,197207.0,462967.0,34.3,94.2,1148.0,81.5884,65.557,150.6,830856.0,,,64.429,96.7,131195.0,445929.0,235598.0,7684.5,52480.0,56076.0,55.2,53.9,47.0,,,,
1993-03-31,110004.0,143.3,126762.0,167682.0,602.0,1083.0,7.0,64.8522,,91097.0,,198831.0,458399.0,16.2,94.7,1056.0,81.3955,65.7,150.8,837436.0,,,64.561,96.6,131602.0,443831.0,237272.0,7660.8,53035.0,59813.0,53.5,53.6,47.1,,75.243,10287.953,10576.275
1993-04-30,110300.0,143.8,127395.0,172102.0,701.0,1258.0,7.1,65.0301,,91362.0,,199622.0,469425.0,23.3,95.2,1104.0,81.5045,65.891,151.4,839070.0,,,64.733,96.8,131373.0,442604.0,237841.0,7700.6,53139.0,59584.0,50.2,54.6,44.8,,,,
1993-05-31,110571.0,144.2,126529.0,172960.0,626.0,1260.0,7.1,64.784,,91620.0,,199395.0,468998.0,14.8,95.5,1112.0,81.0851,66.114,151.8,839878.0,,,64.933,97.1,133133.0,438750.0,237906.0,7689.4,54229.0,58598.0,51.2,50.4,43.6,,,,
1993-06-30,110742.0,144.3,130212.0,173018.0,653.0,1280.0,7.0,64.9301,,91773.0,,199698.0,480247.0,3.5,95.0,1130.0,81.1568,66.177,152.1,841644.0,,,64.955,96.9,134079.0,438096.0,238082.0,7675.1,52346.0,59275.0,49.6,50.6,43.2,,76.247,10411.816,10637.847
1993-07-31,111054.0,144.5,128111.0,175822.0,655.0,1254.0,6.9,65.1052,,91994.0,,199737.0,483571.0,-3.2,94.5,1174.0,81.262,66.314,152.3,841559.0,,,65.059,97.0,131105.0,437944.0,237392.0,7694.3,52818.0,59200.0,50.2,51.4,43.6,,,,
1993-08-31,111200.0,144.8,129378.0,175233.0,645.0,1300.0,6.8,65.0267,,92172.0,,201788.0,491494.0,-0.3,94.4,1230.0,81.0442,66.438,152.8,843399.0,,,65.17,97.0,132099.0,438224.0,237260.0,7705.4,53224.0,58805.0,50.7,52.3,41.9,,,,
1993-09-30,111448.0,145.0,127233.0,176608.0,726.0,1343.0,6.7,65.3717,,92407.0,,202858.0,497297.0,7.3,94.5,1251.0,81.3448,66.538,152.9,846941.0,,,65.238,96.9,134181.0,434328.0,238954.0,7684.4,53648.0,60679.0,50.8,49.0,44.5,,75.94,10432.4,10688.606
1993-10-31,111734.0,145.6,133168.0,177588.0,704.0,1392.0,6.8,65.8509,,92692.0,,202074.0,492823.0,8.9,94.9,1287.0,81.7992,66.647,153.4,848063.0,,,65.443,96.9,137961.0,432381.0,238728.0,7646.9,55476.0,62069.0,53.4,50.9,46.0,,,,
1993-11-30,111987.0,146.0,130391.0,179758.0,769.0,1376.0,6.6,66.1518,,92919.0,,203158.0,515934.0,18.9,94.4,1357.0,82.0178,66.819,153.9,851485.0,,,65.567,97.0,137581.0,428393.0,238903.0,7668.1,54345.0,61361.0,53.8,52.7,45.5,,,,
1993-12-31,112325.0,146.3,133565.0,181077.0,812.0,1533.0,6.5,66.5436,,93216.0,,204842.0,533150.0,41.4,93.5,1461.0,82.3349,66.849,154.3,855017.0,,,65.582,97.3,139595.0,425607.0,238719.0,7929.4,55552.0,61271.0,55.6,53.1,47.1,,76.194,10635.328,10833.987
1994-01-31,112601.0,146.3,138498.0,179615.0,619.0,1272.0,6.6,66.7351,,93454.0,,204844.0,513314.0,27.2,93.5,1390.0,82.3903,66.902,154.5,855511.0,,,65.604,98.0,141207.0,426329.0,240358.0,7780.4,55159.0,61365.0,56.0,58.9,47.5,,,,
1994-02-28,112782.0,146.7,137141.0,183101.0,686.0,1337.0,6.6,66.774,,93632.0,,206498.0,513196.0,21.2,93.9,1269.0,82.2437,67.047,154.8,860111.0,,,65.756,98.0,141669.0,425325.0,240919.0,7795.0,53729.0,62974.0,56.5,63.0,48.7,,,,
1994-03-31,113245.0,147.1,136548.0,186721.0,747.0,1564.0,6.5,67.4552,,94055.0,,205748.0,521040.0,19.8,94.0,1342.0,82.871,67.275,155.3,860830.0,,,65.937,98.2,141220.0,424271.0,241453.0,7820.5,58307.0,64772.0,56.9,62.9,48.2,,75.545,10694.028,10939.116
1994-04-30,113589.0,147.2,140336.0,186423.0,692.0,1465.0,6.4,67.8541,,94366.0,,206510.0,528063.0,16.8,94.7,1392.0,83.1358,67.376,155.5,864378.0,,,66.015,98.2,143829.0,424611.0,242171.0,7820.4,56436.0,64323.0,57.4,63.5,50.1,,,,
1994-05-31,113922.0,147.5,142630.0,185616.0,691.0,1526.0,6.1,68.1663,,94658.0,,210080.0,532328.0,22.1,95.5,1396.0,83.2793,67.526,155.9,875122.0,,,66.111,98.5,145843.0,425269.0,243814.0,7910.6,57342.0,65070.0,58.2,67.8,51.4,,,,
1994-06-30,114239.0,147.9,145063.0,187800.0,621.0,1409.0,6.1,68.6265,,94965.0,,209820.0,536198.0,25.0,96.3,1357.0,83.5893,67.676,156.4,880413.0,,,66.272,98.5,146152.0,427978.0,245144.0,7898.1,58451.0,66831.0,58.8,69.7,49.5,,76.106,10859.839,11087.361
1994-07-31,114608.0,148.4,145013.0,188062.0,628.0,1439.0,6.1,68.7178,,95307.0,,211902.0,537232.0,17.8,97.2,1335.0,83.4406,67.818,156.7,886897.0,,,66.481,98.7,148565.0,428538.0,247017.0,7905.0,58492.0,67230.0,58.5,71.6,52.3,,,,
1994-08-31,114902.0,149.0,145884.0,190771.0,656.0,1450.0,6.0,69.1785,,95596.0,,213360.0,537960.0,18.5,97.6,1377.0,83.7334,67.894,157.1,893918.0,,,66.634,98.9,149668.0,428792.0,248044.0,7914.4,60407.0,68710.0,58.0,75.2,51.4,,,,
1994-09-30,115246.0,149.3,145487.0,192585.0,677.0,1474.0,5.9,69.3961,,95909.0,,215081.0,538215.0,18.4,97.2,1412.0,83.7254,67.997,157.5,899042.0,,,66.708,99.1,148008.0,430311.0,248871.0,7949.0,60715.0,69026.0,59.0,80.3,52.5,,76.515,10961.671,11152.176
1994-10-31,115457.0,149.4,149547.0,193914.0,715.0,1450.0,5.8,69.9544,,96113.0,,218049.0,533273.0,26.1,97.9,1397.0,84.1216,68.157,157.8,905590.0,,,66.821,99.7,150644.0,433310.0,250163.0,8024.4,59861.0,69019.0,59.4,84.1,51.1,,,,
1994-11-30,115867.0,149.8,150038.0,194425.0,646.0,1511.0,5.6,70.4326,,96500.0,,219673.0,539150.0,24.7,98.5,1340.0,84.414,68.282,158.2,911254.0,,,66.948,100.4,153109.0,434540.0,251515.0,8023.9,61532.0,71147.0,59.2,84.5,51.6,,,,
1994-12-31,116174.0,150.1,152489.0,194939.0,629.0,1455.0,5.5,71.1523,,96786.0,,221978.0,541794.0,23.3,98.4,1396.0,84.9892,68.305,158.3,918423.0,,,66.991,101.1,156482.0,434899.0,253095.0,8060.2,62825.0,71281.0,56.1,87.1,46.7,,76.312,11092.882,11279.932
1995-01-31,116505.0,150.5,150459.0,195908.0,626.0,1407.0,5.6,71.2734,,97108.0,,224148.0,543930.0,8.8,98.7,1282.0,84.8472,68.475,159.0,927523.0,,,67.127,101.9,157247.0,432805.0,254813.0,8086.0,63118.0,72442.0,57.4,86.0,51.9,,,,
1995-02-28,116694.0,150.9,153856.0,193068.0,559.0,1316.0,5.4,71.193,,97287.0,,226012.0,537826.0,9.2,99.4,1254.0,84.4634,68.587,159.4,934668.0,,,67.246,102.5,157396.0,434001.0,256365.0,8102.0,63077.0,71894.0,55.1,81.7,50.0,,,,
1995-03-31,116908.0,151.2,152888.0,195179.0,616.0,1249.0,5.4,71.3113,,97481.0,,228569.0,542715.0,2.0,99.9,1226.0,84.3123,68.755,159.9,942766.0,,,67.37,103.0,155596.0,436109.0,258641.0,8124.2,64349.0,74057.0,52.1,78.9,48.1,,76.704,11138.844,11319.951
1995-04-30,117066.0,151.8,151401.0,195310.0,621.0,1267.0,5.8,71.1882,,97632.0,,231002.0,543096.0,-11.2,100.9,1259.0,83.8748,68.915,160.4,951521.0,,,67.547,104.0,157671.0,434900.0,260137.0,8064.0,65074.0,74682.0,51.5,74.5,47.4,,,,
1995-05-31,117046.0,152.1,152838.0,198060.0,674.0,1314.0,5.6,71.5378,,97628.0,,231862.0,542566.0,-8.5,101.8,1271.0,83.9876,69.032,160.7,957122.0,,,67.651,104.3,155524.0,437528.0,262161.0,8145.6,65755.0,74845.0,46.7,70.5,43.7,,,,
1995-06-30,117291.0,152.4,150051.0,200383.0,725.0,1281.0,5.6,71.7749,,97846.0,,233297.0,546131.0,-20.7,101.4,1305.0,83.9584,69.092,161.1,960494.0,,,67.717,104.5,156708.0,436469.0,262697.0,8169.8,64855.0,75478.0,45.9,64.7,46.5,,76.978,11203.9,11353.721
1995-07-31,117382.0,152.6,148915.0,199110.0,765.0,1461.0,5.7,71.4748,,97945.0,,235664.0,547342.0,-20.4,101.1,1354.0,83.2944,69.201,161.4,964875.0,,,67.802,104.8,155508.0,435490.0,263958.0,8187.8,66560.0,74247.0,50.7,58.6,48.1,,,,
1995-08-31,117646.0,152.9,154372.0,201078.0,701.0,1416.0,5.7,72.4223,,98217.0,,236003.0,550996.0,1.2,100.8,1386.0,84.0724,69.367,161.8,967283.0,,,67.948,104.3,158130.0,437616.0,264114.0,8193.0,67469.0,74173.0,47.1,48.5,45.0,,,,
1995-09-30,117873.0,153.1,160175.0,201337.0,678.0,1369.0,5.6,72.7144,,98443.0,,237075.0,554011.0,26.2,100.8,1421.0,84.0747,69.458,162.2,971442.0,,,67.995,104.4,162135.0,441696.0,265774.0,8219.4,68943.0,74867.0,48.1,48.8,45.5,,77.401,11342.048,11450.31
1995-10-31,118026.0,153.5,155473.0,200597.0,696.0,1369.0,5.5,72.5866,,98562.0,,238005.0,555132.0,21.7,100.4,1400.0,83.58,69.627,162.7,975989.0,,,68.171,104.5,160560.0,442507.0,267062.0,8228.4,68105.0,74219.0,46.7,46.5,45.9,,,,
1995-11-30,118165.0,153.7,156146.0,203545.0,664.0,1452.0,5.6,72.7779,,98702.0,,238149.0,557445.0,5.5,100.6,1430.0,83.4429,69.672,163.0,977882.0,,,68.169,104.5,160003.0,444404.0,266643.0,8250.5,68009.0,74523.0,45.9,44.5,44.5,,,,
1995-12-31,118325.0,153.9,163279.0,204032.0,709.0,1431.0,5.6,73.0305,,98859.0,,238392.0,557953.0,19.6,101.0,1442.0,83.3654,69.77,163.1,977873.0,,,68.3,104.4,166204.0,447510.0,267437.0,8261.3,69071.0,75342.0,46.2,40.3,46.2,,77.605,11415.939,11528.067
1996-01-31,118317.0,154.7,155806.0,203793.0,714.0,1467.0,5.6,72.6125,,98867.0,,239788.0,575138.0,-14.7,101.2,1387.0,82.5158,69.849,163.7,982240.0,,,68.452,104.9,156881.0,452372.0,270284.0,8272.1,68299.0,76764.0,45.5,40.3,45.3,,,,
1996-02-29,118738.0,155.0,150773.0,206875.0,769.0,1491.0,5.5,73.6752,,99253.0,,239571.0,568052.0,4.8,101.0,1420.0,83.3451,69.94,164.0,982477.0,,,68.56,104.7,154948.0,453836.0,270362.0,8335.8,69899.0,77217.0,45.9,38.8,44.6,,,,
1996-03-31,118992.0,155.5,164976.0,207650.0,721.0,1424.0,5.5,73.585,,99460.0,,239391.0,574538.0,-3.5,101.6,1437.0,82.8594,70.102,164.4,981668.0,,,68.767,104.6,160676.0,464172.0,270703.0,8362.4,69797.0,77553.0,46.9,39.9,44.4,,77.965,11543.259,11614.418
1996-04-30,119158.0,156.1,156830.0,209294.0,736.0,1516.0,5.6,74.3172,,99643.0,,242644.0,590464.0,21.3,102.5,1463.0,83.2941,70.197,164.6,983745.0,,,68.973,105.2,161875.0,465089.0,270093.0,8311.8,70126.0,78870.0,49.3,41.5,44.7,,,,
1996-05-31,119497.0,156.4,164502.0,211157.0,746.0,1504.0,5.6,74.8726,,99968.0,,242517.0,600186.0,19.6,101.8,1457.0,83.5236,70.319,165.0,984605.0,,,69.092,105.6,165577.0,469914.0,270316.0,8416.8,71029.0,80288.0,49.1,50.2,44.7,,,,
1996-06-30,119770.0,156.7,164599.0,209474.0,721.0,1467.0,5.3,75.4433,,100242.0,,241659.0,602150.0,21.0,100.7,1429.0,83.7665,70.373,165.4,985451.0,,,69.091,105.4,168274.0,472134.0,270198.0,8467.1,71056.0,78516.0,53.6,47.9,48.2,,77.937,11711.702,11808.14
1996-07-31,120019.0,157.0,163588.0,210827.0,770.0,1472.0,5.5,75.4549,,100472.0,,241933.0,599899.0,29.5,100.6,1450.0,83.3918,70.505,165.7,989198.0,,,69.237,104.9,164913.0,476647.0,270584.0,8444.0,69404.0,79536.0,49.7,44.1,46.7,,,,
1996-08-31,120198.0,157.2,157310.0,210846.0,826.0,1557.0,5.1,75.8411,,100694.0,,241755.0,603959.0,13.8,100.7,1413.0,83.4315,70.566,166.0,991497.0,,,69.303,104.7,165620.0,473958.0,271017.0,8464.7,70563.0,80919.0,51.6,46.6,47.4,,,,
1996-09-30,120400.0,157.7,165442.0,213233.0,770.0,1475.0,5.2,76.3158,,100833.0,,240016.0,615466.0,12.9,101.8,1392.0,83.564,70.78,166.5,992465.0,,,69.499,103.9,168582.0,476545.0,271911.0,8483.9,70553.0,80748.0,51.1,50.1,47.2,,78.247,11819.348,11914.063
1996-10-31,120665.0,158.2,165266.0,215526.0,720.0,1392.0,5.2,76.3384,,101111.0,,240734.0,621761.0,8.2,102.4,1358.0,83.1973,70.948,166.8,995369.0,,,69.709,103.6,164965.0,482916.0,272455.0,8482.7,73769.0,80404.0,50.5,45.7,46.0,,,,
1996-11-30,120947.0,158.7,170783.0,215167.0,771.0,1489.0,5.4,77.0397,,101382.0,,240909.0,620812.0,11.1,102.2,1412.0,83.5622,71.041,167.2,995666.0,,,69.833,103.2,169821.0,490023.0,273142.0,8505.1,74263.0,81531.0,53.0,46.3,47.6,,,,
1996-12-31,121143.0,159.1,162332.0,215690.0,805.0,1370.0,5.4,77.5333,,101572.0,,241058.0,606078.0,8.1,102.5,1411.0,83.6933,71.068,167.4,996068.0,,,69.914,103.2,169364.0,489147.0,272428.0,8533.1,72842.0,83317.0,55.2,52.0,48.6,,78.628,11965.404,12037.775
1997-01-31,121356.0,159.4,161827.0,218124.0,830.0,1355.0,5.3,77.6562,,101763.0,,243449.0,608608.0,12.8,102.2,1382.0,83.4262,71.144,167.8,998368.0,,,70.005,103.3,168307.0,488645.0,273791.0,8556.4,72910.0,84179.0,53.8,53.3,49.8,,,,
1997-02-28,121673.0,159.7,170221.0,219587.0,801.0,1486.0,5.2,78.5833,,102075.0,,243583.0,615415.0,16.9,101.2,1445.0,84.0084,71.29,168.1,1001215.0,,,70.151,103.5,174085.0,491116.0,274586.0,8579.2,75225.0,85001.0,53.1,56.4,45.9,,,,
1997-03-31,121991.0,159.8,167568.0,221189.0,831.0,1457.0,5.2,79.082,,102383.0,,244978.0,620467.0,13.4,100.0,1436.0,84.12,71.46,168.4,1002074.0,,,70.225,103.6,175605.0,490223.0,274005.0,8619.0,77050.0,85433.0,53.8,51.1,50.8,,79.69,12097.066,12115.472
1997-04-30,122289.0,159.9,174054.0,217925.0,744.0,1492.0,5.1,79.1747,,102686.0,,245342.0,616175.0,6.5,98.8,1421.0,83.7916,71.6,168.9,1005762.0,,,70.294,103.6,178425.0,492183.0,275619.0,8624.5,77769.0,85855.0,53.7,50.3,51.8,,,,
1997-05-31,122560.0,159.9,168586.0,217771.0,760.0,1442.0,4.9,79.6133,,102959.0,,246725.0,624743.0,1.1,98.8,1414.0,83.8144,71.652,169.2,1009674.0,,,70.262,103.4,174936.0,492334.0,276535.0,8661.9,77883.0,86277.0,56.1,48.5,50.7,,,,
1997-06-30,122816.0,160.2,174828.0,220233.0,793.0,1494.0,5.0,79.9792,,103156.0,,251010.0,626396.0,18.0,98.8,1402.0,83.7402,71.758,169.4,1016262.0,,,70.352,103.2,179927.0,493879.0,276790.0,8689.7,78889.0,86043.0,54.9,48.9,51.3,,79.245,12253.605,12317.221
1997-07-31,123114.0,160.4,178860.0,222985.0,805.0,1437.0,4.9,80.6624,,103428.0,,249996.0,637410.0,20.2,98.5,1440.0,83.978,71.807,169.7,1017717.0,,,70.394,103.2,183172.0,495937.0,278157.0,8723.1,80099.0,87132.0,57.7,52.0,51.7,56.7,,,
1997-08-31,123087.0,160.8,177302.0,223120.0,815.0,1390.0,4.8,81.4694,,103470.0,,250888.0,639593.0,17.2,98.4,1449.0,84.3178,71.778,169.8,1019904.0,,,70.45,103.2,181229.0,498648.0,279043.0,8768.6,78622.0,87365.0,56.3,52.1,51.3,62.0,,,
1997-09-30,123575.0,161.2,177835.0,224509.0,840.0,1546.0,4.9,82.2156,,103896.0,,253166.0,646526.0,19.1,98.4,1494.0,84.5693,71.927,170.2,1025683.0,,,70.62,102.9,182233.0,501436.0,279208.0,8791.5,79287.0,88556.0,53.9,53.0,51.2,56.2,79.392,12451.017,12471.01
1997-10-31,123924.0,161.5,177801.0,224300.0,800.0,1520.0,4.7,82.9446,,104186.0,,254054.0,653196.0,19.3,98.6,1499.0,84.7793,72.036,170.6,1028924.0,,,70.712,102.5,180680.0,504599.0,280588.0,8834.8,79383.0,88472.0,56.4,53.6,52.8,56.6,,,
1997-11-30,124225.0,161.7,191187.0,223718.0,864.0,1510.0,4.6,83.5978,,104464.0,,256109.0,643710.0,19.8,98.1,1469.0,84.8918,72.058,170.8,1031740.0,,,70.716,102.5,185136.0,517043.0,279817.0,8892.2,78300.0,88086.0,55.7,52.1,53.7,58.5,,,
1997-12-31,124549.0,161.8,173770.0,225236.0,793.0,1566.0,4.7,83.9538,,104783.0,,258454.0,642021.0,15.6,97.2,1456.0,84.692,72.1,171.2,1036516.0,,,70.701,102.0,184000.0,513317.0,280730.0,8944.3,79038.0,90327.0,54.5,52.2,52.1,55.5,80.442,12619.947,12577.495
1998-01-31,124806.0,162.0,174288.0,225954.0,872.0,1525.0,4.6,84.3218,,105036.0,,259088.0,645686.0,18.6,95.9,1555.0,84.4984,72.21,171.6,1039703.0,,,70.736,101.3,179659.0,514063.0,283142.0,9022.9,79008.0,89784.0,53.8,47.0,51.1,57.0,,,
1998-02-28,125017.0,162.0,181270.0,225746.0,866.0,1584.0,4.6,84.4583,,105231.0,,261734.0,648121.0,13.2,95.0,1647.0,84.074,72.272,171.9,1046174.0,,,70.699,101.0,188172.0,513589.0,285165.0,9081.2,77931.0,89495.0,52.9,45.5,51.7,56.2,,,
1998-03-31,125165.0,162.0,176886.0,226889.0,836.0,1567.0,4.7,84.488,,105373.0,,263439.0,666906.0,10.6,94.1,1605.0,83.5488,72.349,172.2,1051280.0,,,70.71,100.7,187912.0,508657.0,286370.0,9134.4,78812.0,91692.0,52.9,44.2,51.4,54.7,81.061,12743.709,12703.742
1998-04-30,125445.0,162.2,180915.0,230409.0,866.0,1540.0,4.3,84.7779,,105629.0,,263284.0,674351.0,8.7,93.9,1547.0,83.2923,72.482,172.5,1053018.0,,,70.798,100.3,184654.0,510809.0,288019.0,9164.1,77626.0,91566.0,52.2,40.5,49.0,54.9,,,
1998-05-31,125845.0,162.6,180634.0,230995.0,887.0,1536.0,4.4,85.3367,,105970.0,,265233.0,674325.0,13.2,93.7,1554.0,83.3136,72.552,172.9,1053282.0,,,70.895,100.4,185928.0,511034.0,288944.0,9202.0,77147.0,91349.0,50.9,41.1,49.3,56.2,,,
1998-06-30,126076.0,162.8,172189.0,233207.0,923.0,1641.0,4.5,84.8248,,106197.0,,264400.0,703177.0,24.1,93.1,1551.0,82.3151,72.461,173.2,1053235.0,,,70.835,99.9,179960.0,509293.0,290110.0,9254.2,76961.0,90208.0,48.9,39.3,47.0,55.1,81.666,12931.11,12821.339
1998-07-31,126212.0,163.2,170459.0,231551.0,876.0,1698.0,4.5,84.4986,,106282.0,,264793.0,696540.0,8.3,92.3,1610.0,81.5396,72.665,173.5,1054725.0,,,71.01,99.5,178098.0,507842.0,290075.0,9270.0,76149.0,90098.0,49.2,38.4,45.1,55.8,,,
1998-08-31,126546.0,163.4,179033.0,229792.0,846.0,1614.0,4.5,86.248,,106587.0,,267204.0,698156.0,10.4,92.0,1654.0,82.7869,72.807,174.0,1057965.0,,,71.108,99.0,184540.0,508658.0,290817.0,9299.3,75512.0,91540.0,49.3,37.8,46.7,53.5,,,
1998-09-30,126744.0,163.5,181422.0,232308.0,864.0,1582.0,4.6,86.2021,,106759.0,,268711.0,707561.0,-14.2,92.2,1577.0,82.3253,72.795,174.2,1061883.0,,,71.067,98.5,187552.0,509084.0,291182.0,9325.5,77179.0,91999.0,48.7,34.0,45.7,55.0,81.866,13110.454,12982.752
1998-10-31,126949.0,163.9,178527.0,236174.0,893.0,1715.0,4.5,86.7914,,106948.0,,269467.0,707943.0,3.5,92.3,1719.0,82.4879,72.937,174.4,1064717.0,,,71.223,98.4,189944.0,504267.0,292236.0,9337.5,79351.0,94166.0,48.7,34.7,45.2,53.8,,,
1998-11-30,127222.0,164.1,182400.0,237592.0,995.0,1660.0,4.4,86.7256,,107178.0,,271044.0,707845.0,-4.7,91.8,1672.0,82.0403,72.95,174.8,1068824.0,,,71.226,98.6,191372.0,501947.0,291721.0,9374.6,79117.0,94290.0,48.2,34.5,45.3,52.6,,,
1998-12-31,127595.0,164.4,178424.0,240140.0,949.0,1792.0,4.4,87.1185,,107516.0,,272297.0,706989.0,4.6,91.0,1742.0,82.0415,73.076,175.4,1067789.0,,,71.298,98.5,190578.0,496363.0,290071.0,9391.7,78382.0,93127.0,46.8,31.9,41.9,52.9,81.7,13235.908,13191.67
1999-01-31,127699.0,164.7,186527.0,240269.0,875.0,1748.0,4.3,87.4949,,107615.0,,272635.0,708818.0,13.8,91.3,1732.0,82.0391,73.18,175.6,1069505.0,,,71.398,98.5,192027.0,497889.0,288205.0,9444.1,78341.0,93196.0,50.6,33.7,45.5,55.6,,,
1999-02-28,128117.0,164.7,185546.0,243346.0,848.0,1670.0,4.4,88.027,,107973.0,,274923.0,726308.0,15.1,91.2,1720.0,82.1916,73.155,175.6,1074548.0,,,71.358,98.3,193378.0,496745.0,288816.0,9476.2,78088.0,95541.0,51.7,35.2,45.8,54.4,,,
1999-03-31,128234.0,164.8,184689.0,244687.0,863.0,1710.0,4.2,88.2267,,108066.0,,275847.0,737226.0,4.3,91.5,1665.0,82.0452,73.177,175.7,1080973.0,,,71.412,97.9,190415.0,497553.0,290540.0,9484.1,78542.0,95264.0,52.4,42.5,47.6,55.3,82.016,13420.801,13315.597
1999-04-30,128595.0,165.9,182993.0,246628.0,918.0,1553.0,4.3,88.4295,,108358.0,,276188.0,728788.0,20.6,92.4,1600.0,81.9153,73.365,176.3,1083056.0,,,71.757,98.1,192216.0,495575.0,289477.0,9453.0,79380.0,96284.0,52.3,47.4,48.8,55.5,,,
1999-05-31,128813.0,166.0,185963.0,248367.0,888.0,1611.0,4.2,88.9886,,108584.0,,276792.0,727358.0,13.1,93.1,1640.0,82.124,73.435,176.5,1087471.0,,,71.804,98.2,195119.0,493470.0,290160.0,9469.3,79381.0,98408.0,54.3,51.2,51.1,55.3,,,
1999-06-30,129084.0,166.0,182590.0,249329.0,923.0,1559.0,4.3,88.9188,,108812.0,,276961.0,739167.0,5.8,92.9,1702.0,81.7593,73.474,176.6,1089647.0,,,71.826,98.2,192426.0,490371.0,289611.0,9501.3,79642.0,101551.0,55.8,54.2,51.3,56.7,82.057,13485.449,13426.748
1999-07-31,129422.0,166.7,189083.0,251263.0,900.0,1669.0,4.3,89.4333,,109083.0,,279948.0,745815.0,9.8,93.8,1682.0,81.9405,73.606,177.1,1095243.0,,,72.017,98.1,192918.0,493650.0,291286.0,9519.0,80945.0,103046.0,53.6,55.5,50.4,56.2,,,
1999-08-31,129572.0,167.1,189414.0,253844.0,893.0,1648.0,4.2,89.7924,,109197.0,,280588.0,741524.0,13.8,94.8,1671.0,81.9786,73.642,177.3,1097204.0,,,72.148,98.4,196778.0,493236.0,290658.0,9559.1,82462.0,104069.0,54.8,60.6,53.1,56.4,,,
1999-09-30,129771.0,167.8,188910.0,255029.0,826.0,1635.0,4.2,89.4299,,109367.0,,282127.0,751402.0,13.9,95.8,1551.0,81.3642,73.837,177.8,1102608.0,,,72.407,98.5,193701.0,495229.0,292345.0,9546.7,83536.0,105199.0,57.0,65.8,51.3,56.2,82.023,13617.755,13604.771
1999-10-31,130178.0,168.1,194547.0,254816.0,872.0,1608.0,4.1,90.523,,109721.0,,285104.0,759906.0,16.0,96.0,1649.0,82.0771,73.963,178.1,1108174.0,,,72.529,98.8,197133.0,499687.0,291952.0,9598.7,83740.0,106055.0,57.2,68.8,53.0,57.6,,,
1999-11-30,130466.0,168.4,186597.0,258133.0,863.0,1648.0,4.1,90.9618,,109970.0,,288823.0,781199.0,20.9,96.7,1672.0,82.198,74.034,178.4,1119418.0,,,72.594,99.0,195203.0,498501.0,294062.0,9660.9,84443.0,108478.0,58.1,68.1,53.1,54.9,,,
1999-12-31,130783.0,168.8,196344.0,263311.0,873.0,1708.0,4.0,91.6634,,110243.0,,290182.0,789431.0,14.2,97.4,1683.0,82.5592,74.128,178.7,1127309.0,,,72.763,99.0,196371.0,505667.0,296009.0,9735.9,86006.0,110943.0,57.8,67.4,55.7,56.9,82.458,13816.819,13827.98
2000-01-31,131011.0,169.3,201360.0,261545.0,873.0,1636.0,4.0,91.538,,110440.0,,292768.0,784940.0,11.2,97.8,1727.0,82.179,74.306,179.3,1132064.0,,,72.961,99.2,203252.0,510599.0,295738.0,9799.9,85858.0,111863.0,56.7,72.4,52.8,56.6,,,
2000-02-29,131120.0,170.0,183911.0,265686.0,856.0,1737.0,4.1,91.8239,,110521.0,,294593.0,793737.0,14.5,99.7,1692.0,82.1719,74.415,179.4,1137448.0,,,73.191,99.6,191911.0,509641.0,297334.0,9837.9,86408.0,114963.0,55.8,71.6,53.6,56.2,,,
2000-03-31,131604.0,171.0,192130.0,269019.0,900.0,1604.0,4.0,92.1504,,110871.0,,296789.0,809459.0,19.4,99.9,1651.0,82.2023,74.568,180.0,1140635.0,,,73.505,100.0,197334.0,511421.0,297522.0,9864.0,88004.0,117326.0,54.9,78.7,51.2,57.4,85.706,14091.664,13878.147
2000-04-30,131884.0,170.9,195044.0,264067.0,841.0,1626.0,3.8,92.6989,,111082.0,,299545.0,804766.0,10.0,98.5,1597.0,82.4316,74.617,180.3,1149333.0,,,73.444,100.0,202567.0,511144.0,299351.0,9913.7,89120.0,116553.0,54.7,71.2,53.2,58.0,,,
2000-05-31,132105.0,171.2,188606.0,265992.0,857.0,1575.0,4.0,92.9499,,110958.0,,301245.0,805005.0,13.9,98.8,1543.0,82.3967,74.697,180.7,1154797.0,,,73.505,100.2,197722.0,509757.0,298729.0,9954.5,88787.0,116714.0,53.2,65.7,53.0,57.7,,,
2000-06-30,132063.0,172.2,219745.0,267750.0,793.0,1559.0,4.0,92.9862,,111176.0,,303182.0,795411.0,2.6,100.2,1572.0,82.1729,74.754,181.1,1164325.0,,,73.754,100.1,199821.0,537504.0,301353.0,9982.3,91453.0,120668.0,51.4,62.9,50.7,56.9,84.228,14185.563,14130.908
2000-07-31,132228.0,172.7,189265.0,265683.0,887.0,1463.0,4.0,92.8048,,111361.0,,304073.0,783795.0,4.7,100.2,1542.0,81.7603,74.925,181.5,1166841.0,,,73.939,100.0,197256.0,537314.0,301769.0,10035.9,91015.0,121036.0,52.5,63.4,52.5,55.3,,,
2000-08-31,132234.0,172.7,188730.0,266885.0,848.0,1541.0,4.1,92.5521,,111397.0,,305053.0,805341.0,17.3,100.4,1552.0,81.2857,75.021,181.9,1173925.0,,,73.934,99.8,194482.0,539400.0,303456.0,10098.3,92932.0,121642.0,49.9,58.1,48.8,57.6,,,
2000-09-30,132337.0,173.6,199947.0,270523.0,912.0,1507.0,3.9,92.9792,,111602.0,,305223.0,814330.0,5.5,101.6,1570.0,81.4061,75.203,182.3,1174332.0,,,74.252,100.4,201491.0,545765.0,303409.0,10110.3,92705.0,124774.0,49.7,58.4,50.6,56.7,85.935,14315.561,14145.312
2000-10-31,132352.0,173.9,186158.0,270339.0,933.0,1549.0,3.9,92.6179,,111609.0,,307282.0,816100.0,1.8,101.2,1577.0,80.8334,75.308,182.6,1181347.0,,,74.353,100.3,195292.0,544382.0,304689.0,10139.2,91984.0,124104.0,48.7,57.7,48.2,56.7,,,
2000-11-30,132556.0,174.2,189392.0,268850.0,880.0,1551.0,3.9,92.6438,,111796.0,,309328.0,820054.0,7.1,101.2,1614.0,80.5963,75.441,183.1,1187280.0,,,74.457,100.3,192655.0,548548.0,306746.0,10143.5,91735.0,123203.0,48.5,58.1,47.1,56.2,,,
2000-12-31,132716.0,174.6,188659.0,268338.0,983.0,1532.0,3.9,92.3415,,111912.0,,309191.0,811516.0,-7.8,100.5,1543.0,80.0735,75.515,183.3,1187650.0,5088.0,,74.571,100.1,196282.0,549507.0,306002.0,10164.3,90857.0,123021.0,43.9,59.8,42.7,54.0,85.541,14318.857,14229.765
2001-01-31,132703.0,175.6,177056.0,272881.0,936.0,1600.0,4.2,91.902,,111868.0,,308745.0,814479.0,-36.6,100.5,1699.0,79.4332,75.796,183.9,1189079.0,5234.0,,74.932,100.3,187912.0,545536.0,307050.0,10211.7,90634.0,124500.0,42.3,64.6,42.3,51.6,,,
2001-02-28,132788.0,176.0,180276.0,272627.0,963.0,1625.0,4.2,91.3034,,111882.0,,309036.0,813647.0,-29.4,99.9,1656.0,78.6604,75.93,184.4,1182045.0,5097.0,,75.048,100.2,191411.0,540932.0,304884.0,10223.4,90964.0,118903.0,42.1,55.6,37.8,51.3,,,
2001-03-31,132751.0,176.1,182209.0,269820.0,939.0,1590.0,4.3,91.1162,,111806.0,,309051.0,828057.0,-20.8,98.3,1659.0,78.2472,76.009,184.7,1176840.0,4762.0,,75.055,100.0,188573.0,540904.0,300611.0,10254.4,89132.0,120531.0,43.1,49.9,39.9,50.7,87.935,14466.491,14183.12
2001-04-30,132458.0,176.4,171850.0,274410.0,909.0,1649.0,4.4,90.7891,,111466.0,,310478.0,842392.0,-10.8,97.8,1666.0,77.7206,76.13,185.1,1175468.0,4615.0,,75.187,99.9,180720.0,537624.0,298546.0,10233.1,87696.0,116869.0,42.7,48.0,38.2,48.3,,,
2001-05-31,132408.0,177.3,177749.0,275769.0,885.0,1605.0,4.3,90.3555,,111379.0,,311619.0,848146.0,-11.8,98.0,1665.0,77.1128,76.148,185.3,1172056.0,4425.0,,75.385,99.6,185974.0,534563.0,295452.0,10214.7,88326.0,114058.0,41.3,45.1,35.1,49.0,,,
2001-06-30,132300.0,177.7,176350.0,274474.0,882.0,1636.0,4.5,89.8784,,111163.0,,309196.0,855730.0,-7.0,97.6,1626.0,76.4807,76.318,186.0,1163409.0,4361.0,,75.518,99.4,183569.0,532521.0,292023.0,10218.1,85784.0,113552.0,43.2,42.8,35.7,50.1,86.812,14450.923,14271.694
2001-07-31,132172.0,177.4,170129.0,273098.0,880.0,1670.0,4.6,89.3028,,110987.0,-13.3,306252.0,850471.0,-12.6,96.1,1598.0,75.7806,76.515,186.4,1154938.0,4447.0,,75.493,99.0,179401.0,528062.0,287406.0,10370.7,83030.0,111545.0,43.5,39.9,37.2,48.1,,,
2001-08-31,132021.0,177.4,170484.0,275659.0,866.0,1567.0,4.9,89.2003,,110803.0,-8.0,305464.0,847465.0,-18.1,96.0,1615.0,75.4938,76.553,186.7,1152830.0,4024.0,,75.484,98.8,179233.0,523516.0,284566.0,10543.1,83714.0,110380.0,46.3,35.0,41.3,46.9,,,
2001-09-30,131763.0,178.1,164123.0,268652.0,853.0,1562.0,5.0,88.7485,,110521.0,-12.5,304703.0,837412.0,-8.2,95.9,1565.0,74.9237,76.118,187.1,1148106.0,4071.0,,75.227,99.0,174273.0,518114.0,280747.0,10452.8,79361.0,108523.0,46.2,36.6,41.5,49.5,86.408,14376.34,14214.516
2001-10-31,131452.0,177.6,171530.0,288632.0,871.0,1540.0,5.3,88.5052,,110177.0,-14.7,302932.0,845941.0,-23.6,93.7,1566.0,74.5431,76.654,187.4,1130032.0,3707.0,,75.492,98.3,173048.0,521240.0,276897.0,10267.7,78933.0,108499.0,40.8,33.3,35.6,44.8,,,
2001-11-30,131144.0,177.5,163811.0,280033.0,924.0,1602.0,5.5,87.97,,109818.0,-21.5,299419.0,843911.0,-17.7,92.3,1651.0,73.9318,76.81,188.1,1116528.0,3775.0,,75.441,97.8,173823.0,515757.0,272418.0,10279.7,78324.0,107277.0,44.1,32.0,36.4,48.2,,,
2001-12-31,130983.0,177.4,165304.0,276302.0,979.0,1568.0,5.7,87.9324,,109628.0,-9.8,297536.0,849689.0,-11.0,91.4,1680.0,73.7552,76.828,188.4,1109842.0,3677.0,,75.363,97.6,175939.0,509910.0,267409.0,10298.9,77677.0,104047.0,45.3,33.2,39.1,49.7,86.134,14258.854,14253.574
2002-01-31,130859.0,177.7,163324.0,277135.0,880.0,1698.0,5.7,88.5176,,109482.0,1.4,296742.0,858654.0,10.5,91.6,1665.0,74.1161,76.871,188.7,1107925.0,3699.0,,75.431,97.5,174934.0,503401.0,265444.0,10514.7,79163.0,107935.0,47.5,43.9,41.0,48.9,,,
2002-02-28,130737.0,178.0,172406.0,278869.0,948.0,1829.0,5.7,88.5278,,109347.0,13.3,293971.0,862338.0,11.0,91.6,1787.0,74.0132,77.018,189.1,1101887.0,3436.0,,75.558,97.3,174973.0,505885.0,263550.0,10531.6,79170.0,110730.0,50.7,41.5,43.8,52.7,,,
2002-03-31,130722.0,178.5,167853.0,278079.0,923.0,1642.0,5.7,89.1686,,109291.0,13.8,294235.0,844551.0,12.4,92.8,1691.0,74.4558,77.11,189.2,1099677.0,3612.0,,75.763,97.6,174346.0,504730.0,261241.0,10539.0,80198.0,110424.0,52.4,51.9,46.6,52.8,84.723,14430.462,14372.785
2002-04-30,130616.0,179.3,171852.0,281147.0,936.0,1592.0,5.9,89.604,,109173.0,20.2,293159.0,858240.0,12.6,94.3,1669.0,74.7452,77.325,189.7,1097242.0,3471.0,,76.08,98.0,179703.0,502106.0,260136.0,10574.2,81971.0,114998.0,52.4,60.3,46.6,53.5,,,
2002-05-31,130632.0,179.5,171854.0,278966.0,978.0,1764.0,5.8,89.964,,109118.0,12.9,293545.0,850935.0,10.1,94.4,1716.0,74.9894,77.411,190.0,1100573.0,3457.0,,76.13,98.0,179507.0,499674.0,259112.0,10616.5,82297.0,115422.0,53.1,63.0,47.3,54.8,,,
2002-06-30,130674.0,179.6,166070.0,280426.0,957.0,1717.0,5.8,90.7061,,109125.0,8.9,294389.0,846777.0,20.4,94.1,1758.0,75.569,77.534,190.2,1104258.0,3412.0,,76.225,98.0,178542.0,492380.0,259518.0,10648.2,83434.0,117231.0,53.6,65.5,48.3,52.5,85.361,14566.942,14460.848
2002-07-31,130584.0,180.0,174282.0,284161.0,956.0,1655.0,5.8,90.6769,,109040.0,-1.9,296774.0,847129.0,5.9,94.5,1738.0,75.5228,77.692,190.5,1109776.0,3367.0,,76.393,98.3,178481.0,493321.0,258820.0,10621.0,83586.0,116640.0,50.2,68.3,45.0,50.4,,,
2002-08-31,130581.0,180.5,177126.0,285884.0,1014.0,1633.0,5.7,90.5762,,108992.0,8.2,297511.0,839008.0,-1.3,94.8,1695.0,75.4317,77.845,191.1,1111829.0,3517.0,,76.543,98.5,180120.0,495426.0,259111.0,10623.0,83561.0,119096.0,50.3,61.5,46.8,50.9,,,
2002-09-30,130502.0,180.8,166838.0,281064.0,1044.0,1804.0,5.7,90.6531,,108956.0,6.3,298695.0,832134.0,4.3,95.5,1803.0,75.4995,77.972,191.3,1119935.0,3301.0,,76.681,98.8,177752.0,489727.0,259443.0,10633.6,83346.0,118502.0,50.5,62.5,45.8,52.3,85.142,14609.128,14519.633
2002-10-31,130617.0,181.2,169134.0,282940.0,1006.0,1648.0,5.7,90.4643,,109058.0,-3.8,298369.0,839690.0,-7.6,95.5,1799.0,75.3553,78.038,191.5,1120778.0,3479.0,,76.821,98.7,178045.0,485819.0,258716.0,10661.8,82627.0,116754.0,49.0,58.3,46.4,51.4,,,
2002-11-30,130616.0,181.5,170023.0,283408.0,1024.0,1753.0,5.9,90.9711,,109035.0,4.0,298642.0,844697.0,7.4,94.6,1771.0,75.8001,78.114,191.9,1122588.0,3514.0,,76.897,98.8,178485.0,482514.0,258061.0,10690.9,83793.0,122315.0,48.5,55.7,44.8,52.9,,,
2002-12-31,130465.0,181.8,163962.0,286646.0,1048.0,1788.0,6.0,90.4652,,108877.0,2.4,301310.0,855921.0,7.2,95.2,1896.0,75.4073,78.187,192.1,1129900.0,3169.0,,76.971,98.6,171695.0,479610.0,260476.0,10719.9,81444.0,123995.0,51.6,56.9,47.5,52.3,85.446,14716.109,14537.58
2003-01-31,130573.0,182.6,169994.0,288657.0,999.0,1853.0,5.8,91.2361,,108947.0,8.1,301205.0,863855.0,5.5,96.9,1808.0,76.0829,78.24,192.4,1129014.0,3441.0,,77.201,98.9,175887.0,479051.0,258514.0,10710.4,82400.0,122633.0,51.3,57.5,47.4,53.3,,,
2003-02-28,130441.0,183.6,174113.0,284696.0,936.0,1629.0,5.9,91.3445,,108817.0,-3.5,302158.0,859225.0,-1.6,98.5,1854.0,76.2008,78.348,192.5,1136996.0,3229.0,,77.526,99.5,177093.0,481577.0,260266.0,10674.0,82985.0,122053.0,48.8,65.5,42.6,52.6,,,
2003-03-31,130235.0,183.9,172245.0,288177.0,999.0,1726.0,5.9,91.1044,,108625.0,6.5,303318.0,851132.0,-3.9,99.1,1757.0,76.0272,78.474,192.5,1139644.0,3099.0,,77.725,99.7,177777.0,481487.0,258692.0,10696.5,83070.0,125857.0,46.3,70.0,42.2,49.1,85.123,14707.87,14614.141
2003-04-30,130173.0,183.2,169347.0,289053.0,1012.0,1643.0,6.0,90.5617,,108578.0,-14.5,304061.0,859459.0,-6.7,96.0,1803.0,75.6028,78.561,192.5,1139882.0,3108.0,,77.593,99.6,173696.0,482630.0,257468.0,10752.7,82431.0,123540.0,46.1,63.5,41.8,50.1,,,
2003-05-31,130197.0,182.9,171542.0,289619.0,1078.0,1751.0,6.1,90.537,,108630.0,15.7,302570.0,866814.0,-0.6,95.3,1835.0,75.6099,78.674,192.9,1135902.0,3289.0,,77.504,99.7,176145.0,483646.0,256517.0,10832.0,82516.0,122657.0,49.0,51.5,42.4,52.8,,,
2003-06-30,130186.0,183.1,173507.0,293671.0,1193.0,1867.0,6.3,90.6527,,108580.0,25.1,301701.0,880865.0,3.7,96.2,1875.0,75.7311,78.718,193.0,1132731.0,3390.0,,77.588,99.5,177269.0,485622.0,253504.0,10860.6,85062.0,123865.0,49.0,56.5,45.6,54.3,85.495,14827.311,14743.567
2003-07-31,130184.0,183.7,173320.0,296207.0,1168.0,1897.0,6.2,91.1185,,108551.0,19.3,301870.0,891264.0,7.7,96.7,1885.0,76.1369,78.915,193.4,1129635.0,2981.0,,77.816,99.4,179431.0,484344.0,250964.0,10991.1,85792.0,126130.0,51.0,53.0,46.3,57.3,,,
2003-08-31,130153.0,184.5,173044.0,299592.0,1206.0,1833.0,6.1,90.9197,,108597.0,15.5,301237.0,901839.0,20.2,96.7,1966.0,75.9832,79.004,193.6,1124897.0,3190.0,,78.079,99.4,176200.0,486954.0,249574.0,11066.7,84754.0,123587.0,53.2,53.0,47.1,59.1,,,
2003-09-30,130252.0,185.1,178690.0,298921.0,1131.0,1939.0,6.1,91.5059,,108748.0,20.4,302157.0,911589.0,20.6,96.2,1961.0,76.483,79.114,193.7,1127476.0,3091.0,,78.323,99.8,182093.0,489082.0,247702.0,10940.8,86816.0,127659.0,52.4,56.0,46.5,57.6,84.893,14987.136,14988.782
2003-10-31,130439.0,184.9,183704.0,298205.0,1144.0,1967.0,6.0,91.6186,,108881.0,36.8,305149.0,925732.0,28.3,96.3,2012.0,76.5884,79.26,194.0,1132480.0,3305.0,,78.333,100.0,181942.0,496707.0,247862.0,10982.3,88756.0,129126.0,55.2,58.5,48.6,58.7,,,
2003-11-30,130480.0,185.0,181685.0,299433.0,1093.0,2083.0,5.8,92.2329,,108945.0,34.0,306187.0,925985.0,26.8,96.8,1918.0,77.1135,79.368,194.0,1136127.0,3324.0,,78.432,100.5,183269.0,500875.0,246087.0,11048.4,91201.0,130058.0,58.4,64.0,50.4,57.5,,,
2003-12-31,130589.0,185.5,181513.0,300702.0,1129.0,2057.0,5.7,92.2602,,109043.0,27.4,308274.0,948491.0,26.5,97.5,1987.0,77.1489,79.467,194.2,1137790.0,3414.0,,78.605,100.8,181668.0,506423.0,246922.0,11057.2,90895.0,133863.0,60.1,66.0,54.1,56.8,85.291,15113.973,15162.76
2004-01-31,130756.0,186.3,178696.0,301993.0,1165.0,1911.0,5.7,92.4006,,109218.0,32.5,308587.0,938525.0,36.1,99.0,1952.0,77.2806,79.671,194.6,1138587.0,3424.0,,78.909,101.5,180407.0,510186.0,246090.0,11051.2,90425.0,133989.0,60.8,75.5,54.7,61.2,,,
2004-02-29,130821.0,186.7,181662.0,303915.0,1159.0,1846.0,5.6,92.958,,109271.0,37.0,312700.0,937813.0,27.7,99.4,1966.0,77.7639,79.8,194.9,1149599.0,3532.0,,79.077,102.2,182838.0,514772.0,246731.0,11071.0,93992.0,137446.0,59.9,81.5,55.7,58.0,,,
2004-03-31,131140.0,187.1,190869.0,309471.0,1276.0,1998.0,5.8,92.5861,,109552.0,32.7,314684.0,961159.0,29.6,100.2,2066.0,77.4721,79.934,195.5,1157579.0,3525.0,,79.199,103.0,188916.0,522529.0,247952.0,11115.6,96577.0,142277.0,60.6,86.0,57.0,58.3,85.366,15239.16,15248.68
2004-04-30,131412.0,187.4,184368.0,307358.0,1186.0,2003.0,5.6,92.93,,109798.0,39.0,314712.0,967602.0,32.3,100.4,2070.0,77.7807,80.142,195.9,1164479.0,3511.0,,79.346,103.7,185667.0,527165.0,249103.0,11153.3,96251.0,142460.0,60.6,88.0,57.2,59.6,,,
2004-05-31,131697.0,188.2,183459.0,311088.0,1241.0,1981.0,5.6,93.6013,,110083.0,37.0,318279.0,974381.0,28.9,101.9,2150.0,78.3623,80.252,196.2,1174147.0,3710.0,,79.604,104.1,185670.0,531048.0,250911.0,11208.9,98054.0,144561.0,61.4,86.0,60.1,58.5,,,
2004-06-30,131794.0,188.9,185640.0,309127.0,1180.0,1828.0,5.6,92.871,,110193.0,27.0,320985.0,983087.0,30.6,101.7,2020.0,77.7669,80.379,196.6,1184240.0,3337.0,,79.831,103.4,187103.0,535482.0,253791.0,11215.8,95626.0,148729.0,60.5,81.0,59.4,58.6,86.096,15412.112,15366.85
2004-07-31,131854.0,189.1,186835.0,311681.0,1088.0,2002.0,5.5,93.5649,,110248.0,35.0,326753.0,1006184.0,34.7,102.1,2112.0,78.3594,80.474,196.8,1196968.0,3814.0,,79.905,103.9,185293.0,543311.0,255919.0,11240.5,96734.0,147277.0,59.9,77.0,57.4,58.5,,,
2004-08-31,131939.0,189.2,183728.0,311192.0,1175.0,2024.0,5.4,93.6277,,110313.0,15.2,330102.0,1013616.0,25.0,103.6,2056.0,78.4167,80.505,196.9,1207657.0,3541.0,,79.946,103.4,189643.0,543542.0,258248.0,11274.6,97138.0,149664.0,58.5,81.5,56.4,57.3,,,
2004-09-30,132089.0,189.8,188444.0,317446.0,1214.0,1905.0,5.4,93.7467,,110454.0,28.4,330046.0,1012080.0,19.6,104.1,2041.0,78.5109,80.656,197.5,1206471.0,3821.0,,80.104,103.8,190135.0,548017.0,259354.0,11279.6,98630.0,149213.0,57.4,76.0,58.0,57.9,87.291,15601.833,15512.619
2004-10-31,132429.0,190.8,185187.0,318476.0,1305.0,2072.0,5.5,94.5465,,110773.0,24.5,335173.0,1015719.0,26.9,105.8,2097.0,79.1635,80.831,197.9,1216168.0,3943.0,,80.448,104.4,191474.0,547928.0,261417.0,11282.5,100357.0,154288.0,56.3,78.5,55.5,58.8,,,
2004-11-30,132503.0,191.7,192545.0,320520.0,1179.0,1782.0,5.4,94.7813,,110811.0,15.3,339330.0,1022994.0,19.1,105.5,2079.0,79.3296,81.005,198.3,1228121.0,3472.0,,80.758,104.7,192033.0,554750.0,264380.0,11246.1,99974.0,157797.0,56.2,74.0,56.9,58.4,,,
2004-12-31,132630.0,191.7,193578.0,324672.0,1242.0,2042.0,5.4,95.5365,,110937.0,21.6,340128.0,1037480.0,25.5,104.0,2082.0,79.9179,81.109,198.6,1230005.0,4074.0,,80.801,104.8,196330.0,558457.0,264895.0,11659.0,102659.0,156412.0,57.2,72.0,53.8,59.6,87.248,15687.639,15670.88
2005-01-31,132781.0,191.6,194875.0,321272.0,1203.0,2144.0,5.3,95.8801,,111046.0,15.6,345246.0,1046082.0,13.5,104.6,2139.0,80.1494,81.401,199.0,1242663.0,3804.0,,80.907,105.6,199389.0,559852.0,268396.0,11226.5,103074.0,158075.0,56.8,69.0,58.6,58.0,,,
2005-02-28,133034.0,192.4,196475.0,325308.0,1319.0,2207.0,5.4,96.5761,,111290.0,17.2,347095.0,1066848.0,21.1,105.5,2114.0,80.6584,81.536,199.4,1251337.0,3965.0,,81.132,105.7,197451.0,564784.0,271422.0,11229.0,103865.0,160779.0,55.5,65.5,56.0,59.4,,,
2005-03-31,133154.0,193.1,186608.0,326179.0,1328.0,1864.0,5.2,96.4456,,111414.0,24.3,348757.0,1071745.0,15.1,107.8,2062.0,80.4638,81.737,200.1,1257770.0,4044.0,,81.375,106.4,195296.0,562236.0,273699.0,11268.8,104915.0,156878.0,55.2,73.0,52.5,58.0,86.841,15823.346,15844.727
2005-04-30,133520.0,193.7,194847.0,329124.0,1260.0,2061.0,5.2,96.6532,,111766.0,8.3,352024.0,1081012.0,25.2,108.8,2150.0,80.5421,81.831,200.2,1264334.0,4159.0,,81.603,106.9,201311.0,561491.0,274498.0,11304.2,107174.0,163254.0,52.2,71.0,53.0,55.6,,,
2005-05-31,133689.0,193.6,206623.0,327233.0,1286.0,2025.0,5.1,96.7402,,111908.0,-4.9,352900.0,1093341.0,9.3,107.9,2085.0,80.5094,81.999,200.5,1266451.0,3797.0,,81.649,106.7,199420.0,574720.0,276130.0,11352.7,106924.0,161825.0,50.8,58.0,49.3,55.3,,,
2005-06-30,133948.0,193.7,210020.0,337219.0,1274.0,2068.0,5.0,97.1753,,112185.0,7.8,354277.0,1105896.0,-1.3,109.2,2178.0,80.7567,82.056,200.6,1264110.0,4062.0,,81.7,106.7,200122.0,590937.0,275982.0,11375.5,106875.0,163892.0,52.4,50.5,51.1,58.1,87.505,15974.664,15922.782
2005-07-31,134300.0,194.9,194475.0,339529.0,1389.0,2054.0,5.0,96.8676,,112443.0,23.8,355599.0,1119101.0,8.1,110.5,2203.0,80.3802,82.176,200.9,1261244.0,4256.0,,82.046,106.8,196779.0,594807.0,278348.0,11387.1,106902.0,164089.0,52.8,48.5,53.2,59.5,,,
2005-08-31,134502.0,196.1,204839.0,335605.0,1255.0,2095.0,4.9,97.1833,,112639.0,23.7,357377.0,1129163.0,11.2,112.1,2219.0,80.5172,82.243,201.1,1264858.0,4142.0,,82.377,106.6,201426.0,604717.0,278529.0,11405.3,108294.0,165955.0,52.4,62.5,51.8,61.3,,,
2005-09-30,134552.0,198.8,203997.0,336600.0,1244.0,2151.0,5.0,95.3005,,112707.0,16.9,358776.0,1148438.0,7.1,114.4,2263.0,78.8319,82.425,201.3,1271340.0,4352.0,,83.172,107.5,204469.0,610942.0,279012.0,11365.2,106987.0,170724.0,56.8,78.0,53.4,55.7,88.059,16093.905,16047.587
2005-10-31,134641.0,199.1,209901.0,336753.0,1336.0,2065.0,5.0,96.4572,,112812.0,12.0,361816.0,1160831.0,4.8,114.5,2170.0,79.6607,82.662,202.0,1281654.0,4184.0,,83.305,108.3,207437.0,619436.0,280645.0,11428.7,109680.0,175780.0,57.2,84.0,54.3,57.4,,,
2005-11-30,134997.0,198.1,220733.0,339719.0,1214.0,2147.0,5.0,97.5414,,113138.0,18.0,363460.0,1172090.0,10.3,112.3,2218.0,80.426,82.873,202.5,1289762.0,4248.0,,83.131,107.6,208006.0,638462.0,282772.0,11500.1,111345.0,174029.0,56.7,74.0,56.0,59.1,,,
2005-12-31,135159.0,198.1,221499.0,339895.0,1239.0,1994.0,4.9,98.0452,,113280.0,22.9,367815.0,1184677.0,12.9,112.3,2120.0,80.7109,82.959,202.8,1303339.0,4282.0,,83.131,107.7,214147.0,653074.0,283712.0,11535.2,113695.0,177067.0,55.1,63.0,53.7,59.0,88.56,16336.791,16136.734
2006-01-31,135427.0,199.3,209540.0,349664.0,1174.0,2273.0,4.7,98.1999,,113580.0,17.6,369519.0,1195642.0,5.4,113.7,2212.0,80.7078,83.145,203.2,1312932.0,4397.0,,83.534,108.5,210238.0,657114.0,285810.0,11651.8,115721.0,181582.0,55.0,65.0,53.1,56.3,,,
2006-02-28,135733.0,199.4,219738.0,347021.0,1061.0,2119.0,4.8,98.2413,,113855.0,20.9,373014.0,1205639.0,15.3,112.8,2141.0,80.6111,83.279,203.6,1316834.0,4325.0,,83.584,108.6,213219.0,670468.0,286671.0,11702.8,116751.0,177971.0,55.8,62.5,53.5,57.6,,,
2006-03-31,136038.0,199.7,227188.0,348357.0,1116.0,1969.0,4.7,98.4628,,114135.0,33.2,374722.0,1205169.0,14.7,112.7,2118.0,80.6609,83.509,204.3,1328303.0,4732.0,,83.746,108.8,214572.0,689656.0,290044.0,11747.5,118748.0,179970.0,54.3,66.5,53.8,56.9,89.606,16590.419,16353.835
2006-04-30,136210.0,200.7,214625.0,350072.0,1123.0,1821.0,4.7,98.7618,,114291.0,18.5,379237.0,1193296.0,14.2,115.1,1998.0,80.7713,83.764,204.8,1339022.0,4790.0,,84.135,109.6,208824.0,700280.0,293735.0,11744.4,119472.0,180937.0,55.2,71.5,54.2,58.4,,,
2006-05-31,136249.0,201.3,215819.0,348889.0,1086.0,1942.0,4.6,98.7869,,114323.0,18.7,382179.0,1180581.0,13.7,117.2,1905.0,80.6521,83.974,205.4,1352673.0,4463.0,,84.361,110.4,215221.0,707154.0,297050.0,11736.8,121035.0,184689.0,53.7,77.0,53.2,57.0,,,
2006-06-30,136337.0,201.8,221220.0,350795.0,1074.0,1802.0,4.6,99.0997,,114415.0,26.5,385141.0,1172128.0,11.7,117.3,1867.0,80.7601,84.186,205.9,1363182.0,4614.0,,84.569,111.2,215877.0,718927.0,300641.0,11751.9,122610.0,185221.0,52.0,76.5,49.9,55.2,89.861,16658.019,16396.151
2006-07-31,136529.0,202.9,209494.0,351916.0,965.0,1737.0,4.7,99.0489,,114556.0,16.5,388679.0,1157926.0,4.0,118.2,1763.0,80.5643,84.268,206.3,1371203.0,4394.0,,84.858,111.6,207512.0,726406.0,304893.0,11746.9,120297.0,186025.0,53.0,78.5,50.7,55.6,,,
2006-08-31,136692.0,203.8,210473.0,353285.0,1035.0,1650.0,4.7,99.4836,,114681.0,11.7,392225.0,1145907.0,12.5,118.8,1722.0,80.754,84.44,206.8,1380342.0,4710.0,,85.125,112.1,215031.0,727801.0,307492.0,11737.0,122639.0,189765.0,53.7,73.0,52.6,53.9,,,
2006-09-30,136826.0,202.8,234701.0,351240.0,1016.0,1720.0,4.5,99.3183,,114744.0,14.9,394221.0,1135753.0,-0.8,116.2,1655.0,80.4492,84.573,207.2,1386013.0,4737.0,,84.902,111.7,212488.0,756106.0,311643.0,11800.1,123899.0,187834.0,52.2,61.0,49.9,54.5,90.289,16722.45,16420.738
2006-10-31,136843.0,201.9,216952.0,351035.0,941.0,1491.0,4.4,99.2044,,114775.0,18.7,396484.0,1122914.0,2.3,113.3,1570.0,80.1804,84.726,207.6,1391353.0,4591.0,,84.702,111.4,212582.0,766321.0,315014.0,11853.7,125384.0,183736.0,51.4,47.0,49.6,54.9,,,
2006-11-30,137060.0,202.0,224809.0,352116.0,1003.0,1570.0,4.5,99.1627,,114977.0,22.9,400269.0,1121749.0,4.5,113.8,1535.0,79.9663,84.766,207.8,1395929.0,4645.0,,84.731,111.8,214707.0,782311.0,316251.0,11901.9,127236.0,184964.0,50.3,53.5,49.2,54.5,,,
2006-12-31,137249.0,203.1,229243.0,356367.0,998.0,1649.0,4.4,100.1735,,115161.0,20.1,398773.0,1135406.0,-1.8,115.1,1638.0,80.5985,84.88,208.1,1399095.0,4620.0,,85.032,112.5,221878.0,795263.0,317406.0,11958.6,128648.0,189286.0,51.4,47.5,49.8,53.7,91.12,16759.963,16561.866
2007-01-31,137472.0,203.437,222969.0,355792.0,891.0,1409.0,4.6,99.8346,,115377.0,7.4,400024.0,1137917.0,7.5,113.7,1626.0,80.1452,85.224,208.6,1401566.0,4763.0,11181.0,85.316,113.0,215632.0,808745.0,320032.0,11956.6,130503.0,187306.0,49.5,53.0,50.3,55.6,,,
2007-02-28,137560.0,204.226,220962.0,356545.0,828.0,1480.0,4.5,100.7753,,115429.0,24.6,401692.0,1139032.0,3.5,114.1,1598.0,80.7218,85.408,209.135,1408178.0,4699.0,11178.2,85.581,113.9,218971.0,816748.0,321990.0,11996.0,129339.0,186573.0,51.9,59.0,50.9,54.2,,,
2007-03-31,137784.0,205.288,229526.0,359415.0,833.0,1495.0,4.4,100.9547,,115635.0,13.4,404019.0,1146624.0,2.8,115.9,1596.0,80.6932,85.494,209.418,1410230.0,4962.0,11190.7,85.894,114.7,222644.0,829553.0,322846.0,12035.1,133718.0,194583.0,50.7,65.5,49.9,52.0,92.873,16759.315,16611.69
2007-04-30,137847.0,205.904,233420.0,358562.0,887.0,1490.0,4.5,101.6334,,115672.0,3.9,405540.0,1150590.0,2.9,117.5,1470.0,81.0737,85.616,209.747,1419110.0,4689.0,11201.5,86.096,115.2,224297.0,844913.0,323934.0,12052.8,133265.0,192448.0,52.6,73.0,51.9,53.3,,,
2007-05-31,137992.0,206.755,228836.0,363085.0,842.0,1415.0,4.4,101.7306,,115799.0,10.0,406704.0,1161581.0,3.7,118.6,1493.0,81.0044,85.717,210.058,1426983.0,4657.0,11218.0,86.346,115.5,226051.0,854020.0,325390.0,12059.9,135697.0,194046.0,52.5,71.0,52.2,54.2,,,
2007-06-30,138070.0,207.234,228868.0,360234.0,793.0,1448.0,4.6,101.7893,,115863.0,24.3,408147.0,1163511.0,17.3,120.0,1407.0,80.9238,85.859,210.392,1433845.0,4859.0,11218.5,86.529,116.0,225156.0,863893.0,326214.0,12053.3,137162.0,195911.0,52.6,68.0,51.9,55.3,92.531,16840.141,16713.314
2007-07-31,138044.0,207.603,233176.0,361770.0,778.0,1354.0,4.7,101.6672,,115873.0,26.1,409190.0,1155448.0,6.8,121.5,1361.0,80.7255,85.988,210.773,1436799.0,4598.0,11252.6,86.661,116.1,225032.0,877570.0,325861.0,12066.4,138418.0,197335.0,52.4,65.0,49.8,53.6,,,
2007-08-31,138013.0,207.667,235758.0,363676.0,699.0,1330.0,4.6,101.863,,115787.0,22.8,410229.0,1159077.0,-0.5,121.1,1321.0,80.8082,86.116,211.119,1441040.0,4546.0,11300.1,86.72,116.3,226879.0,892561.0,326306.0,12070.9,141367.0,197169.0,50.9,63.0,50.0,52.8,,,
2007-09-30,138099.0,208.547,226473.0,365178.0,686.0,1183.0,4.7,102.0894,,115820.0,14.7,413203.0,1158580.0,7.5,121.8,1261.0,80.9387,86.351,211.554,1450983.0,4652.0,11309.6,87.054,116.7,224556.0,900124.0,328037.0,12089.6,141905.0,198648.0,51.0,59.0,52.0,52.5,92.146,16695.335,16809.587
2007-10-31,138175.0,209.19,230700.0,367322.0,727.0,1264.0,4.7,101.8015,,115878.0,25.7,414456.0,1152491.0,7.8,123.6,1192.0,80.6837,86.576,212.077,1455045.0,4636.0,11318.6,87.318,117.6,225002.0,911349.0,329311.0,12080.4,144350.0,200634.0,51.1,63.0,50.7,53.5,,,
2007-11-30,138290.0,210.834,227005.0,370776.0,641.0,1197.0,4.7,102.3446,,115956.0,25.9,419326.0,1132908.0,6.7,127.5,1224.0,81.1065,86.746,212.66,1464683.0,4646.0,11342.2,87.781,118.7,226120.0,918836.0,331413.0,12070.1,146087.0,205392.0,50.5,67.5,48.4,52.7,,,
2007-12-31,138395.0,211.445,244443.0,366569.0,619.0,1037.0,5.0,102.3803,,116019.0,8.6,424631.0,1115141.0,-5.4,127.3,1149.0,81.1425,86.92,213.168,1477562.0,4545.0,11335.1,87.984,119.3,225519.0,944036.0,334628.0,12120.5,147257.0,204105.0,49.0,68.0,48.6,52.5,92.528,16701.591,16915.191
2008-01-31,138391.0,212.174,239389.0,367368.0,627.0,1084.0,5.0,102.2448,,116003.0,7.2,430015.0,1111347.0,-18.4,129.2,1094.0,81.0549,87.093,213.771,1489025.0,4624.0,11333.2,88.206,120.7,229237.0,960585.0,334607.0,12137.1,150956.0,210534.0,50.3,76.0,47.1,45.0,,,
2008-02-29,138329.0,212.687,235037.0,364126.0,593.0,1103.0,4.9,101.8438,,115912.0,-7.1,435013.0,1096648.0,-20.3,129.5,1014.0,80.7602,87.178,213.939,1495906.0,4279.0,11293.9,88.382,121.8,228310.0,973625.0,334721.0,12141.8,153550.0,216003.0,48.3,75.5,45.8,49.3,,,
2008-03-31,138259.0,213.448,234868.0,365164.0,535.0,1005.0,5.1,101.5336,,115816.0,-14.7,435842.0,1103446.0,-14.7,133.5,967.0,80.5381,87.349,214.42,1496888.0,4225.0,11322.1,88.635,123.8,223505.0,990908.0,336585.0,12145.9,152710.0,211336.0,48.6,83.5,48.2,49.6,94.023,16691.308,16843.003
2008-04-30,138040.0,213.942,231086.0,364816.0,536.0,1013.0,5.0,100.8785,,115590.0,-3.1,442872.0,1101252.0,-21.3,137.3,1008.0,80.0376,87.4,214.56,1503268.0,4035.0,11340.5,88.799,124.4,228721.0,998772.0,336313.0,12100.8,157344.0,219295.0,48.6,84.5,46.6,52.0,,,
2008-05-31,137851.0,215.208,227370.0,368255.0,504.0,973.0,5.4,100.2674,,115368.0,-3.8,445387.0,1101547.0,-16.1,141.2,995.0,79.5579,87.559,214.936,1506104.0,4194.0,11361.6,89.18,124.8,224910.0,1006604.0,336629.0,12696.2,158905.0,219625.0,49.6,87.0,46.1,51.7,,,
2008-06-30,137700.0,217.463,229262.0,368926.0,487.0,1046.0,5.6,100.0335,,115183.0,-8.2,451833.0,1090098.0,-16.8,145.5,1180.0,79.3571,87.76,215.424,1515720.0,3830.0,11340.7,89.827,126.1,226119.0,1014809.0,336239.0,12376.6,163882.0,223116.0,50.2,91.5,44.8,48.2,93.081,16660.856,16943.291
2008-07-31,137497.0,219.016,220411.0,367594.0,477.0,923.0,5.8,99.676,,114929.0,-5.3,457516.0,1086952.0,-16.2,147.5,921.0,79.0325,87.918,215.965,1524721.0,3749.0,11286.0,90.245,128.0,223430.0,1017555.0,337424.0,12188.7,166061.0,231351.0,50.0,88.5,51.2,49.5,,,
2008-08-31,137211.0,218.69,214106.0,364611.0,435.0,844.0,6.1,98.1111,,114644.0,-0.9,461418.0,1070075.0,-17.6,143.0,858.0,77.7251,88.026,216.393,1528086.0,3674.0,11284.7,90.172,125.9,216858.0,1019751.0,338077.0,12120.6,163121.0,223798.0,49.9,43.5,48.9,50.6,,,
2008-09-30,136760.0,218.877,215245.0,358991.0,433.0,820.0,6.1,93.7895,,114223.0,-8.1,460524.0,1059579.0,2.1,137.8,797.0,74.2216,88.116,216.713,1517817.0,3222.0,11209.7,90.247,124.9,215998.0,1023845.0,336180.0,12149.0,154398.0,213104.0,43.5,53.5,42.1,50.2,93.818,16641.629,16854.295
2008-10-31,136291.0,216.995,191912.0,346137.0,393.0,777.0,6.5,94.7219,,113742.0,-25.9,453912.0,1055959.0,-37.5,129.6,736.0,74.8669,87.991,216.788,1503326.0,3377.0,11192.5,89.651,122.3,205749.0,1015274.0,335606.0,12240.5,151679.0,210757.0,38.9,37.0,33.7,44.4,,,
2008-11-30,135541.0,213.153,181552.0,332498.0,389.0,652.0,6.8,93.4715,,112981.0,-22.6,450647.0,1035033.0,-40.9,120.0,626.0,73.782,87.952,216.947,1487209.0,3231.0,11158.2,88.593,118.4,196404.0,1004603.0,333737.0,12345.9,142823.0,186078.0,36.2,25.5,34.4,37.3,,,
2008-12-31,134847.0,211.398,173849.0,324767.0,377.0,560.0,7.3,90.8357,,112291.0,-25.4,445779.0,999139.0,-37.6,114.5,554.0,71.607,87.909,216.925,1455315.0,3146.0,11125.8,88.098,115.8,189854.0,994104.0,329781.0,12288.8,132287.0,174321.0,32.4,18.0,29.9,40.6,95.562,16263.547,16485.35
2009-01-31,134079.0,211.933,151085.0,329787.0,336.0,490.0,7.8,88.57,,111500.0,-26.5,440957.0,975099.0,-31.1,113.0,545.0,69.7304,87.882,217.346,1437468.0,2738.0,11176.3,88.108,116.6,176107.0,972987.0,328198.0,12361.5,125759.0,163458.0,35.6,29.0,28.8,42.9,,,
2009-02-28,133318.0,212.705,148834.0,328376.0,372.0,582.0,8.3,88.031,,110742.0,-34.1,432864.0,971708.0,-39.6,113.0,558.0,69.2326,87.952,217.792,1416350.0,2864.0,11130.5,88.266,116.3,175809.0,949518.0,324070.0,12241.9,127809.0,155004.0,35.8,29.0,25.5,41.6,,,
2009-03-31,132494.0,212.495,146323.0,322634.0,339.0,505.0,8.7,86.6528,,109934.0,-33.7,424787.0,963793.0,-34.4,113.6,513.0,68.0889,88.015,218.253,1396024.0,2534.0,11084.6,88.169,115.5,172107.0,927451.0,317337.0,12242.7,126392.0,155180.0,36.3,31.0,28.6,40.8,91.943,15995.187,16298.262
2009-04-30,131822.0,212.709,147467.0,324323.0,337.0,478.0,9.0,85.9344,,109145.0,-19.4,418409.0,932482.0,-25.2,114.8,521.0,67.4762,88.211,218.706,1377332.0,2295.0,11068.0,88.295,116.1,166805.0,912236.0,313388.0,12320.0,125231.0,154254.0,40.1,32.0,33.2,43.7,,,
2009-05-31,131466.0,213.022,149255.0,327011.0,376.0,540.0,9.4,85.0665,,108849.0,-5.9,413150.0,920020.0,-22.4,116.8,556.0,66.7676,88.279,218.904,1362233.0,2549.0,11078.1,88.387,116.6,163921.0,901550.0,309198.0,12500.1,127224.0,151872.0,42.8,43.5,34.8,44.0,,,
2009-06-30,131008.0,214.79,147033.0,332227.0,393.0,585.0,9.5,84.7459,,108432.0,-9.7,407810.0,912530.0,0.2,120.0,601.0,66.5138,88.392,219.112,1344788.0,2503.0,11081.1,88.912,117.8,163643.0,888567.0,302718.0,12273.2,129658.0,155581.0,44.8,50.0,40.7,47.0,92.25,16050.941,16269.145
2009-07-31,130662.0,214.726,153691.0,333670.0,411.0,594.0,9.5,85.7027,,108141.0,-0.1,401637.0,911438.0,-6.6,119.3,595.0,67.29,88.468,219.263,1328683.0,2232.0,11118.1,88.922,117.4,167231.0,879300.0,300085.0,12218.7,131729.0,163785.0,48.9,55.0,47.1,46.4,,,
2009-08-31,130472.0,215.445,157489.0,339586.0,418.0,586.0,9.6,86.6426,,107935.0,12.6,396685.0,900112.0,8.9,121.1,616.0,68.0795,88.599,219.496,1311895.0,2338.0,11218.0,89.18,118.1,168466.0,872444.0,296024.0,12194.8,132383.0,162740.0,52.9,65.0,46.1,48.4,,,
2009-09-30,130246.0,215.861,158041.0,330998.0,386.0,585.0,9.8,87.4063,,107795.0,20.9,392069.0,887241.0,15.2,121.3,609.0,68.7549,88.755,219.92,1305586.0,2487.0,11114.6,89.324,117.9,173623.0,860893.0,294277.0,12230.6,136853.0,170754.0,52.6,63.5,47.8,50.9,91.537,16116.97,16326.281
2009-10-31,130061.0,216.509,161097.0,334595.0,396.0,534.0,10.0,87.6419,,107537.0,32.9,393544.0,871391.0,12.6,122.3,583.0,69.0357,89.082,220.501,1313895.0,2406.0,11127.1,89.663,117.9,173560.0,852785.0,294886.0,12193.2,140852.0,174339.0,55.7,65.0,52.4,50.6,,,
2009-11-30,130057.0,217.234,160419.0,337321.0,375.0,588.0,9.9,88.0221,100.2,107524.0,25.7,399610.0,858493.0,15.4,124.1,623.0,69.447,89.16,220.666,1323841.0,2503.0,11109.4,89.887,118.9,177328.0,840164.0,295549.0,12224.4,141862.0,178741.0,53.6,55.0,51.7,48.7,,,
2009-12-31,129808.0,217.347,160520.0,338736.0,352.0,581.0,9.9,88.3793,100.3,107326.0,5.2,398096.0,842609.0,16.5,124.4,664.0,69.8541,89.236,220.881,1321703.0,2568.0,11177.3,89.939,119.7,179985.0,825089.0,294755.0,12280.2,145296.0,183066.0,55.9,61.5,51.6,50.1,90.727,16367.131,16502.754
2010-01-31,129802.0,217.488,181016.0,339093.0,345.0,614.0,9.8,89.3426,101.2,107311.0,15.2,398295.0,822114.0,12.9,125.9,636.0,70.7532,89.368,220.633,1323974.0,2837.0,11156.8,90.136,120.7,183537.0,827911.0,295837.0,12285.8,145548.0,181737.0,58.4,70.0,53.6,50.5,,,
2010-02-28,129706.0,217.281,180450.0,339580.0,336.0,604.0,9.8,89.6779,101.0,107230.0,21.6,399816.0,814885.0,14.0,125.8,650.0,71.1612,89.446,220.731,1332323.0,2666.0,11198.6,90.134,120.3,180304.0,832657.0,297697.0,12292.0,146693.0,186708.0,56.5,67.0,54.6,53.0,,,
2010-03-31,129866.0,217.353,182148.0,346974.0,381.0,636.0,9.9,90.2928,101.1,107348.0,19.8,402416.0,821849.0,14.2,126.3,687.0,71.7964,89.579,220.783,1338599.0,2679.0,11252.1,90.261,121.2,183253.0,835110.0,298903.0,12340.3,150886.0,189649.0,59.6,75.0,54.0,55.4,89.76,16456.803,16582.71
2010-04-30,130120.0,217.403,182948.0,349869.0,422.0,687.0,9.9,90.5991,101.4,107551.0,27.4,403622.0,829664.0,16.0,127.7,637.0,72.1905,89.625,220.822,1343584.0,3153.0,11275.1,90.31,122.5,187382.0,835804.0,300972.0,12447.1,149918.0,189783.0,60.4,78.0,55.6,55.4,,,
2010-05-31,130642.0,217.29,189932.0,346858.0,280.0,583.0,9.6,91.823,101.6,107646.0,18.3,405533.0,823447.0,22.2,126.7,575.0,73.3146,89.724,220.962,1347852.0,2988.0,11303.2,90.339,123.1,189360.0,841383.0,303431.0,12540.3,153650.0,194132.0,59.7,77.5,57.1,55.4,,,
2010-06-30,130510.0,217.199,185667.0,346516.0,305.0,536.0,9.4,91.9928,101.4,107770.0,19.9,407725.0,821943.0,15.0,125.2,587.0,73.5918,89.767,221.194,1357633.0,2801.0,11330.6,90.301,122.2,189114.0,841914.0,307177.0,12544.3,153138.0,198843.0,56.2,57.0,55.9,53.8,90.542,16615.213,16743.162
2010-07-31,130415.0,217.605,187506.0,347612.0,283.0,546.0,9.4,92.3421,101.6,107846.0,5.2,412820.0,799694.0,7.7,125.2,579.0,74.0009,89.769,221.363,1369755.0,3082.0,11361.7,90.378,122.0,193252.0,841422.0,308849.0,12554.2,156610.0,196506.0,55.5,57.5,59.5,54.3,,,
2010-08-31,130415.0,217.923,191745.0,349188.0,282.0,599.0,9.5,92.6805,101.8,107995.0,10.0,418260.0,802030.0,3.6,125.7,580.0,74.3883,89.855,221.509,1381722.0,2999.0,11389.2,90.502,123.0,192697.0,845695.0,310173.0,12591.4,157589.0,201551.0,56.3,61.5,62.1,51.5,,,
2010-09-30,130341.0,218.275,201932.0,352179.0,317.0,594.0,9.5,92.9537,102.1,108094.0,9.8,424273.0,807728.0,4.5,125.7,563.0,74.7076,89.906,221.711,1396644.0,2918.0,11399.9,90.592,123.7,194757.0,858160.0,313301.0,12589.9,158424.0,201111.0,54.4,70.5,57.9,53.2,90.498,16866.211,16872.266
2010-10-31,130620.0,219.035,193066.0,356215.0,291.0,543.0,9.4,92.6903,102.5,108323.0,15.1,432810.0,801372.0,0.3,127.1,558.0,74.58,90.043,221.83,1413297.0,3235.0,11428.9,90.881,124.7,194392.0,862014.0,315859.0,12592.5,164019.0,202901.0,56.9,71.0,59.5,54.3,,,
2010-11-30,130749.0,219.59,197202.0,359450.0,287.0,545.0,9.8,92.7709,102.8,108462.0,-7.5,436342.0,804151.0,19.1,129.2,560.0,74.7131,90.16,222.149,1424215.0,3211.0,11458.0,91.062,126.6,194823.0,869894.0,319189.0,12605.1,165412.0,202386.0,56.6,69.5,60.5,55.0,,,
2010-12-31,130830.0,220.472,193452.0,361979.0,326.0,539.0,9.3,93.6787,103.1,108564.0,11.8,443292.0,789395.0,15.4,131.0,632.0,75.4968,90.179,222.343,1440606.0,3058.0,11473.2,91.268,127.5,197355.0,871076.0,321441.0,12680.6,168290.0,208274.0,57.0,72.5,58.2,57.1,90.512,16910.162,16960.864
2011-01-31,130837.0,221.187,203636.0,364394.0,307.0,630.0,9.1,93.4814,103.7,108579.0,9.8,446926.0,759964.0,16.5,133.0,576.0,75.3741,90.372,222.803,1452299.0,3104.0,11486.0,91.542,129.1,200997.0,879376.0,324959.0,12740.1,169744.0,216034.0,60.8,81.5,60.7,59.4,,,
2011-02-28,131057.0,221.898,196393.0,367475.0,270.0,517.0,9.0,93.1102,104.3,108842.0,12.2,452338.0,758376.0,28.8,135.3,542.0,75.0928,90.53,223.213,1461934.0,3226.0,11482.8,91.797,130.8,200462.0,881311.0,328564.0,12776.6,168560.0,211707.0,61.4,82.0,61.6,59.7,,,
2011-03-31,131283.0,223.046,212748.0,370775.0,300.0,600.0,9.0,94.0788,105.0,109091.0,12.4,457069.0,769157.0,36.5,139.3,583.0,75.8747,90.667,223.454,1478764.0,3261.0,11522.6,92.166,132.7,207114.0,891823.0,334218.0,12742.7,176613.0,219016.0,61.2,85.0,60.9,57.3,92.918,16928.897,16920.632
2011-04-30,131597.0,224.093,200733.0,372820.0,310.0,554.0,9.1,93.7749,105.5,109413.0,19.0,459621.0,769437.0,12.9,142.9,581.0,75.6127,90.875,223.727,1492150.0,3259.0,11508.9,92.557,133.8,203158.0,894996.0,337747.0,12721.3,178648.0,219573.0,60.4,85.5,59.7,52.8,,,
2011-05-31,131703.0,224.806,207170.0,372505.0,305.0,561.0,9.0,93.888,105.8,109574.0,10.4,469733.0,775251.0,6.2,143.1,618.0,75.6684,91.091,224.175,1510423.0,3179.0,11495.6,92.838,134.3,203922.0,903737.0,342073.0,12705.3,178690.0,224603.0,53.5,76.5,57.5,54.6,,,
2011-06-30,131931.0,224.806,201579.0,375587.0,301.0,608.0,9.1,94.172,105.9,109767.0,-5.3,474358.0,794839.0,-0.5,142.2,636.0,75.8425,91.191,224.697,1516643.0,3455.0,11522.3,92.819,134.5,204884.0,905689.0,344014.0,12756.9,176706.0,224788.0,55.3,68.0,61.0,53.3,92.042,17052.134,17035.114
2011-07-31,131992.0,225.395,206458.0,375442.0,296.0,623.0,9.0,94.636,106.1,109943.0,-6.3,477905.0,792381.0,7.1,142.4,621.0,76.1431,91.326,225.218,1524015.0,3623.0,11542.3,92.977,134.0,208058.0,909220.0,346869.0,12805.6,181330.0,225442.0,50.9,59.0,55.3,52.7,,,
2011-08-31,132125.0,226.106,216705.0,375860.0,299.0,585.0,9.0,95.2749,106.3,110108.0,-3.9,479708.0,811953.0,-19.6,141.9,647.0,76.5667,91.508,225.862,1531385.0,3329.0,11535.3,93.196,134.6,209700.0,921840.0,349240.0,12799.7,182313.0,225412.0,50.6,55.5,54.6,53.3,,,
2011-09-30,132344.0,226.597,204738.0,380042.0,304.0,650.0,9.0,95.1961,106.7,110361.0,-4.4,476017.0,813660.0,-10.7,141.7,610.0,76.3992,91.57,226.118,1525998.0,3774.0,11554.3,93.327,135.3,207503.0,924154.0,348837.0,12781.7,183637.0,225224.0,51.6,56.0,54.7,53.0,92.945,17088.566,17031.313
2011-10-31,132553.0,226.75,210799.0,382207.0,316.0,610.0,8.8,95.8568,106.3,110555.0,-5.7,480803.0,808378.0,6.2,141.2,671.0,76.8123,91.614,226.506,1540169.0,3619.0,11575.1,93.329,132.6,211549.0,928974.0,350449.0,12791.9,182419.0,226016.0,50.8,41.0,54.9,52.9,,,
2011-11-30,132690.0,227.169,215531.0,383422.0,328.0,711.0,8.6,95.8485,106.6,110719.0,4.7,482014.0,812050.0,4.0,142.2,706.0,76.6783,91.808,226.899,1547277.0,3565.0,11555.7,93.52,132.7,210942.0,938755.0,352621.0,12782.7,180552.0,226055.0,52.7,45.0,52.9,52.0,,,
2011-12-31,132888.0,227.223,223835.0,383985.0,341.0,694.0,8.5,96.3571,106.5,110934.0,11.6,488877.0,821367.0,2.4,142.2,697.0,76.9495,91.96,227.405,1556708.0,3768.0,11560.9,93.574,132.1,213468.0,952436.0,352897.0,12898.5,182165.0,229631.0,53.9,47.5,54.7,52.6,91.13,17245.97,17222.583
2012-01-31,133246.0,227.842,226295.0,387531.0,335.0,723.0,8.3,96.9318,106.9,111300.0,11.7,490735.0,830610.0,7.5,142.2,712.0,77.2652,92.235,227.877,1563455.0,3909.0,11605.5,93.894,132.5,219058.0,964644.0,354685.0,12967.5,182292.0,230372.0,54.1,55.5,54.2,56.8,,,
2012-02-29,133509.0,228.329,226783.0,392310.0,366.0,704.0,8.3,97.2435,107.2,111562.0,17.6,497378.0,824368.0,10.3,142.2,738.0,77.3673,92.364,228.034,1576403.0,3616.0,11675.8,94.104,133.1,217840.0,978365.0,355446.0,13029.6,185008.0,225610.0,52.4,61.5,53.9,57.3,,,
2012-03-31,133748.0,228.807,221729.0,393698.0,354.0,695.0,8.2,96.74,107.4,111805.0,15.5,498967.0,829288.0,8.8,144.2,806.0,76.8194,92.521,228.478,1582173.0,3979.0,11660.5,94.284,134.1,218368.0,985067.0,357877.0,13066.4,188390.0,235960.0,53.4,61.0,55.1,56.0,92.843,17589.674,17367.01
2012-04-30,133825.0,229.187,218445.0,392073.0,354.0,753.0,8.2,97.4359,107.7,111894.0,7.4,502786.0,841740.0,5.7,144.1,732.0,77.2234,92.661,228.905,1590724.0,3793.0,11671.4,94.408,134.7,219301.0,988139.0,358881.0,13116.5,187043.0,231640.0,54.8,61.0,56.4,53.5,,,
2012-05-31,133932.0,228.713,219486.0,391376.0,370.0,708.0,8.2,97.6609,107.6,112021.0,15.2,503628.0,850928.0,-0.8,142.0,796.0,77.2546,92.755,229.224,1595201.0,3835.0,11672.0,94.302,134.0,221913.0,989719.0,360682.0,13112.5,187272.0,230319.0,53.5,47.5,56.5,53.7,,,
2012-06-30,134013.0,228.524,217930.0,387901.0,360.0,757.0,8.2,97.6663,107.3,112083.0,1.7,506338.0,858009.0,-12.6,138.7,794.0,77.1149,92.85,229.623,1600988.0,3911.0,11659.9,94.254,131.7,220484.0,991560.0,361235.0,13097.2,187152.0,227963.0,49.7,37.0,56.7,52.1,92.846,17630.248,17444.525
2012-07-31,134157.0,228.59,222851.0,389686.0,369.0,740.0,8.2,97.8713,107.2,112244.0,2.5,512533.0,858934.0,-12.7,137.7,849.0,77.1372,92.946,229.97,1614258.0,3735.0,11684.4,94.288,132.2,217096.0,1001402.0,363771.0,12999.8,186595.0,226900.0,49.8,39.5,52.1,52.6,,,
2012-08-31,134339.0,229.918,200405.0,394524.0,375.0,754.0,8.1,97.4525,107.5,112423.0,-2.8,514573.0,862726.0,-2.6,139.4,840.0,76.672,93.005,230.233,1620390.0,3809.0,11686.7,94.605,133.4,214743.0,990552.0,365853.0,12961.6,184875.0,226969.0,49.6,54.0,52.5,53.7,,,
2012-09-30,134517.0,231.015,216864.0,397681.0,385.0,847.0,7.8,97.381,108.2,112592.0,-7.0,520436.0,866588.0,0.2,140.8,930.0,76.4846,93.119,230.659,1633608.0,3882.0,11703.2,94.893,134.5,216618.0,994660.0,366453.0,13053.1,191065.0,227871.0,51.5,58.0,54.1,55.1,93.108,17480.086,17469.65
2012-10-31,134669.0,231.638,218355.0,397494.0,358.0,915.0,7.8,97.7193,108.3,112766.0,-4.6,519699.0,875366.0,-1.2,141.2,887.0,76.6227,93.345,231.024,1634146.0,3775.0,11702.3,95.174,134.6,216360.0,1000517.0,367440.0,13142.0,185989.0,225487.0,51.7,55.0,52.9,54.2,,,
2012-11-30,134825.0,231.249,217176.0,399708.0,392.0,833.0,7.7,98.0777,108.4,112942.0,-0.9,524612.0,872052.0,-10.6,140.2,917.0,76.78,93.445,231.33,1640526.0,3878.0,11753.4,95.109,133.8,220418.0,1000786.0,368511.0,13315.7,188355.0,231925.0,49.5,52.5,48.6,54.7,,,
2012-12-31,135074.0,231.221,231169.0,401093.0,399.0,976.0,7.9,98.3101,108.4,113187.0,-5.8,525627.0,871809.0,2.5,139.4,941.0,76.8435,93.514,231.725,1647563.0,3970.0,11758.3,95.094,133.6,221718.0,1014123.0,367531.0,13642.7,192119.0,226862.0,50.7,55.5,52.2,56.1,95.86,17730.866,17489.852
2013-01-31,135257.0,231.679,223063.0,404434.0,446.0,888.0,8.0,98.3342,108.7,113388.0,-7.3,529845.0,862722.0,-1.4,140.1,940.0,76.7502,93.703,232.229,1659407.0,3923.0,11810.6,95.275,134.1,220523.0,1019882.0,367903.0,12845.5,190197.0,228820.0,53.1,56.5,54.2,55.2,,,
2013-02-28,135546.0,232.937,234445.0,409118.0,447.0,962.0,7.7,98.7941,108.9,113665.0,9.4,528743.0,873583.0,-5.5,141.3,980.0,77.0029,93.805,232.569,1661659.0,4004.0,11808.6,95.614,135.1,224037.0,1033786.0,368048.0,12813.9,192378.0,231760.0,54.2,61.5,52.7,56.0,,,
2013-03-31,135689.0,232.282,217480.0,406223.0,444.0,1010.0,7.5,99.1921,108.9,113819.0,5.0,529313.0,864510.0,2.1,141.2,936.0,77.2135,93.891,232.794,1661279.0,4076.0,11823.8,95.488,134.4,223636.0,1031652.0,366683.0,12852.1,189725.0,222593.0,51.3,54.5,52.8,54.4,93.953,17729.53,17662.4
2013-04-30,135873.0,231.797,226467.0,404231.0,441.0,835.0,7.6,99.1065,108.7,114004.0,4.0,531418.0,879728.0,0.4,140.2,1012.0,77.0553,93.937,232.832,1665519.0,3988.0,11826.4,95.391,133.6,223707.0,1038298.0,367939.0,12893.4,190654.0,227341.0,50.7,50.0,50.4,53.1,,,
2013-05-31,136096.0,231.893,236942.0,406677.0,428.0,930.0,7.5,99.1839,108.6,114232.0,0.2,528199.0,888752.0,0.3,139.4,1003.0,77.0307,94.047,232.996,1661753.0,4145.0,11860.1,95.461,132.9,226523.0,1052707.0,366449.0,12954.2,189746.0,230018.0,49.0,49.5,49.5,53.7,,,
2013-06-30,136279.0,232.445,246567.0,407921.0,470.0,839.0,7.5,99.3897,109.0,114439.0,4.7,528428.0,899295.0,12.7,138.8,942.0,77.1119,94.209,233.35,1664436.0,4150.0,11857.7,95.673,132.8,225480.0,1077918.0,366408.0,12955.7,192836.0,225855.0,50.9,52.5,50.8,52.2,94.817,17836.798,17709.671
2013-07-31,136391.0,232.9,220831.0,410268.0,375.0,880.0,7.3,99.0814,109.2,114576.0,4.4,529866.0,917756.0,15.9,138.9,997.0,76.8008,94.329,233.88,1669018.0,3885.0,11872.3,95.792,132.6,220538.0,1082006.0,367169.0,12941.8,192040.0,226989.0,55.4,49.0,54.0,56.0,,,
2013-08-31,136646.0,233.456,224721.0,409691.0,381.0,917.0,7.2,99.6543,109.3,114815.0,9.4,534030.0,929061.0,8.0,139.4,964.0,77.1772,94.431,234.336,1677357.0,4085.0,11890.3,95.934,131.9,224539.0,1086042.0,367194.0,12969.6,192368.0,227510.0,55.7,54.0,54.5,58.6,,,
2013-09-30,136821.0,233.544,237493.0,410044.0,403.0,850.0,7.2,100.161,109.3,114986.0,7.4,537318.0,938121.0,20.6,139.8,1004.0,77.5046,94.543,234.7,1687435.0,4128.0,11926.1,95.976,132.4,225273.0,1102358.0,369522.0,13027.5,192405.0,230664.0,56.2,56.5,54.6,54.4,93.938,17853.234,17860.45
2013-10-31,137041.0,233.669,231736.0,411399.0,444.0,925.0,7.2,100.082,109.5,115211.0,3.5,542931.0,951214.0,13.4,138.9,1044.0,77.3802,94.703,234.921,1697181.0,4222.0,11964.6,96.103,131.6,226843.0,1110857.0,370307.0,12974.6,196346.0,230891.0,56.4,55.5,53.2,55.4,,,
2013-11-30,137317.0,234.1,243831.0,412561.0,446.0,1100.0,6.9,100.3158,109.7,115474.0,2.0,547551.0,964122.0,4.8,137.7,1029.0,77.4988,94.86,235.359,1707578.0,4119.0,12013.7,96.246,131.8,232563.0,1126108.0,370699.0,12998.9,197147.0,229404.0,57.3,52.5,56.5,53.9,,,
2013-12-31,137372.0,234.719,238481.0,414812.0,433.0,1002.0,6.7,100.5175,109.8,115552.0,3.1,550413.0,979211.0,3.9,137.8,1005.0,77.5927,94.961,235.759,1717040.0,4121.0,12024.7,96.414,132.3,225793.0,1142621.0,372184.0,13019.1,196225.0,228177.0,57.0,53.5,56.9,53.0,93.793,17956.04,18016.147
2014-01-31,137561.0,235.288,224538.0,411561.0,443.0,888.0,6.6,100.1599,110.1,115747.0,13.4,553577.0,986587.0,15.4,138.3,976.0,77.254,95.064,235.961,1721820.0,4127.0,11985.0,96.614,132.7,225031.0,1146109.0,373429.0,13079.5,195718.0,231521.0,51.3,60.5,52.3,54.0,,,
2014-02-28,137712.0,235.547,231380.0,416736.0,420.0,944.0,6.7,100.9168,110.3,115887.0,7.1,557204.0,987538.0,2.1,139.8,1039.0,77.7747,95.109,236.185,1731331.0,4373.0,12039.4,96.66,133.7,229670.0,1151530.0,376691.0,13148.0,195001.0,233457.0,53.2,60.0,52.3,51.6,,,
2014-03-31,137985.0,236.028,235485.0,421230.0,405.0,970.0,6.7,101.8942,110.7,116152.0,2.9,562285.0,991157.0,12.6,140.5,1067.0,78.4628,95.25,236.625,1739321.0,4388.0,12108.3,96.815,134.9,230884.0,1160074.0,377830.0,13219.9,199557.0,239433.0,53.7,59.0,51.1,53.1,96.389,18074.671,17953.974
2014-04-30,138298.0,236.468,237317.0,425546.0,403.0,1043.0,6.2,101.9928,110.8,116445.0,3.5,566932.0,1006901.0,16.9,139.7,1090.0,78.4705,95.413,237.072,1745942.0,4566.0,12128.1,96.987,133.5,230917.0,1170643.0,378983.0,13270.2,198953.0,241323.0,54.9,56.5,54.7,55.2,,,
2014-05-31,138513.0,236.918,234459.0,426253.0,451.0,1007.0,6.3,102.3836,111.0,116681.0,19.4,568218.0,1007147.0,18.3,140.1,1018.0,78.6999,95.574,237.529,1754624.0,4747.0,12154.5,97.147,133.7,231963.0,1176817.0,382251.0,13312.9,201281.0,239379.0,55.4,60.0,52.8,56.3,,,
2014-06-30,138849.0,237.231,237501.0,427305.0,418.0,911.0,6.1,102.735,110.9,116954.0,16.1,570146.0,1006424.0,14.2,140.5,1010.0,78.8952,95.682,237.837,1757656.0,4982.0,12197.1,97.253,133.0,232781.0,1185306.0,383222.0,13360.4,200383.0,237796.0,55.3,58.0,52.8,56.0,95.236,18325.257,18185.911
2014-07-31,139072.0,237.498,300114.0,428079.0,402.0,1085.0,6.2,102.9632,111.3,117171.0,19.7,570586.0,1014935.0,21.4,140.1,1076.0,78.9933,95.848,238.195,1763491.0,4846.0,12223.6,97.391,133.1,238495.0,1251197.0,384982.0,13386.8,200633.0,238283.0,57.1,59.5,58.2,58.7,,,
2014-08-31,139269.0,237.46,236400.0,431379.0,456.0,984.0,6.1,102.7688,111.3,117414.0,15.7,574721.0,1015096.0,22.6,139.0,1047.0,78.7669,95.885,238.405,1769669.0,5349.0,12306.5,97.379,132.4,236694.0,1254803.0,386220.0,13445.9,202136.0,237568.0,59.0,58.0,58.1,59.6,,,
2014-09-30,139563.0,237.477,236112.0,430189.0,470.0,1023.0,5.9,103.0641,111.1,117666.0,28.8,576307.0,1021890.0,21.8,137.9,1077.0,78.9218,96.013,238.786,1771944.0,4914.0,12310.2,97.413,131.9,236600.0,1258142.0,387839.0,13486.3,199430.0,239482.0,56.6,59.5,54.6,58.6,94.938,18535.841,18406.941
2014-10-31,139798.0,237.43,233072.0,431903.0,476.0,1074.0,5.7,103.0764,111.3,117881.0,6.1,579948.0,1046402.0,18.0,136.0,1094.0,78.8663,96.096,239.191,1775551.0,5012.0,12389.1,97.384,130.7,236273.0,1258912.0,387848.0,13550.7,201219.0,240200.0,59.0,53.5,55.5,57.1,,,
2014-11-30,140089.0,236.983,228727.0,433113.0,442.0,1001.0,5.8,103.7126,111.1,118157.0,11.7,584413.0,1044893.0,35.9,133.5,1059.0,79.2962,96.181,239.458,1780924.0,4843.0,12420.6,97.291,129.5,231657.0,1259730.0,389732.0,13624.4,198738.0,236860.0,58.7,44.5,54.9,59.3,,,
2014-12-31,140364.0,236.252,225104.0,430110.0,497.0,1073.0,5.6,103.7044,110.8,118417.0,-2.5,585484.0,1056429.0,21.6,130.1,1072.0,79.2419,96.249,239.584,1779016.0,5130.0,12455.1,97.12,128.3,236896.0,1251932.0,389751.0,13719.1,198286.0,239655.0,55.5,38.5,56.8,56.2,96.299,18695.476,18500.031
2015-01-31,140568.0,234.747,225739.0,428208.0,515.0,1085.0,5.7,102.8905,110.1,118608.0,13.4,586215.0,1061241.0,13.4,126.0,1049.0,78.5803,96.214,239.811,1777773.0,5344.0,12484.7,96.654,126.1,230700.0,1250695.0,392636.0,13797.7,194201.0,231426.0,53.5,35.0,54.1,56.7,,,
2015-02-28,140827.0,235.342,217321.0,427119.0,540.0,886.0,5.5,102.2335,109.6,118849.0,10.5,589469.0,1072895.0,10.7,125.5,1127.0,78.055,96.324,240.172,1783783.0,5466.0,12514.1,96.825,125.9,229895.0,1242238.0,393764.0,13848.0,191885.0,224432.0,52.9,35.0,51.4,56.9,,,
2015-03-31,140923.0,235.976,230136.0,433647.0,480.0,960.0,5.4,101.8914,109.8,118953.0,4.5,591813.0,1086748.0,7.2,125.3,1072.0,77.7804,96.47,240.755,1787168.0,5210.0,12551.8,97.008,125.9,235449.0,1240748.0,393823.0,13811.3,192163.0,239506.0,51.5,39.0,50.0,56.5,96.861,18821.028,18666.621
2015-04-30,141196.0,236.222,225656.0,434470.0,502.0,1190.0,5.4,101.3355,109.6,119191.0,-0.7,592347.0,1115619.0,9.6,125.1,1166.0,77.3487,96.648,241.346,1793017.0,5598.0,12574.8,97.094,125.1,234290.0,1236578.0,395057.0,13842.0,193141.0,231627.0,51.5,40.5,48.3,57.8,,,
2015-05-31,141538.0,237.001,218316.0,437865.0,502.0,1079.0,5.6,100.8883,110.0,119526.0,6.2,595780.0,1135433.0,5.7,126.5,1272.0,77.0092,96.766,241.688,1797978.0,5563.0,12612.7,97.327,125.7,231606.0,1227817.0,393959.0,13865.6,191913.0,228884.0,52.8,49.5,51.7,55.7,,,
2015-06-30,141709.0,237.657,228948.0,437951.0,480.0,1205.0,5.3,100.571,110.3,119694.0,-4.2,600675.0,1158193.0,8.2,126.6,1379.0,76.7774,96.882,242.064,1808412.0,5248.0,12621.6,97.516,125.3,233759.0,1227278.0,396578.0,13874.1,191441.0,232431.0,53.5,49.5,55.5,56.0,97.237,18886.309,18782.243
2015-07-31,141991.0,238.034,228347.0,441942.0,506.0,1146.0,5.2,101.2228,110.5,119941.0,0.1,599473.0,1154561.0,4.6,125.4,1140.0,77.2924,96.978,242.565,1809379.0,6056.0,12668.4,97.605,124.8,234251.0,1225348.0,396344.0,13905.7,190805.0,229760.0,52.7,44.0,52.7,60.3,,,
2015-08-31,142125.0,238.033,222335.0,441849.0,518.0,1130.0,5.1,101.0367,110.3,120065.0,-14.2,600838.0,1164377.0,5.4,123.2,1165.0,77.1715,97.056,242.817,1812159.0,5467.0,12699.7,97.612,123.0,233205.0,1218805.0,395378.0,13935.8,188087.0,230996.0,51.1,39.0,51.2,59.0,,,
2015-09-30,142275.0,237.498,217744.0,439867.0,456.0,1224.0,5.0,100.7547,109.9,120235.0,-13.8,602332.0,1163937.0,-3.6,121.9,1144.0,76.9791,97.196,243.316,1815441.0,5488.0,12707.2,97.477,122.3,233484.0,1207218.0,393048.0,13972.2,189066.0,229162.0,50.2,38.0,50.5,56.9,97.569,18918.031,18857.418
2015-10-31,142579.0,237.733,226517.0,438693.0,482.0,1058.0,5.0,100.2675,109.6,120523.0,-14.0,601648.0,1151533.0,-4.9,121.5,1160.0,76.6282,97.228,243.768,1818071.0,5773.0,12715.9,97.477,122.0,230177.0,1207516.0,392752.0,13996.9,187699.0,226507.0,50.1,39.0,47.6,59.1,,,
2015-11-30,142808.0,238.017,224319.0,440303.0,504.0,1172.0,5.1,99.5298,109.7,120727.0,-10.0,599546.0,1145510.0,-3.1,120.8,1244.0,76.0819,97.332,244.241,1814988.0,5708.0,12737.0,97.538,121.1,231017.0,1205052.0,391849.0,13993.4,185340.0,223951.0,48.6,35.5,51.3,55.9,,,
2015-12-31,143077.0,237.761,217570.0,442149.0,546.0,1146.0,5.0,99.0417,109.6,120980.0,-5.9,596850.0,1156354.0,-9.1,119.3,1211.0,75.7214,97.396,244.547,1811571.0,5845.0,12777.3,97.456,119.8,225155.0,1201437.0,393113.0,14060.2,184447.0,223769.0,48.2,33.5,48.1,55.3,97.978,18955.786,18892.206
2016-01-31,143210.0,237.652,228982.0,439466.0,505.0,1092.0,4.8,99.5607,110.0,121096.0,-15.6,596954.0,1160988.0,-4.4,117.8,1171.0,76.1248,97.567,244.955,1810707.0,6012.0,12798.7,97.496,118.7,228757.0,1205653.0,391064.0,14121.1,180896.0,219606.0,48.2,33.5,45.9,53.5,,,
2016-02-29,143406.0,237.336,216792.0,443117.0,517.0,1225.0,4.9,99.0445,109.7,121268.0,-13.1,593029.0,1172851.0,-5.7,117.2,1172.0,75.7291,97.736,245.51,1806025.0,5770.0,12884.0,97.445,118.2,227666.0,1198700.0,389167.0,14135.3,182973.0,224983.0,49.5,38.5,48.5,53.4,,,
2016-03-31,143662.0,238.08,218388.0,441856.0,532.0,1111.0,5.0,98.3096,109.7,121484.0,-1.0,594164.0,1188776.0,8.4,117.7,1118.0,75.1587,97.876,245.913,1812317.0,6129.0,12836.1,97.673,118.1,225114.0,1196009.0,387911.0,14135.4,181947.0,217426.0,51.8,51.5,48.1,54.5,97.597,19069.518,19001.69
2016-04-30,143854.0,238.992,229837.0,444254.0,576.0,1163.0,5.1,98.6421,109.9,121670.0,8.0,599582.0,1185902.0,-1.8,118.5,1160.0,75.3969,98.117,246.551,1817906.0,5803.0,12870.2,97.993,118.7,227495.0,1202356.0,386483.0,14106.2,184208.0,220554.0,50.8,59.0,49.2,55.7,,,
2016-05-31,143900.0,239.557,223117.0,445490.0,571.0,1148.0,4.8,98.4184,110.1,121701.0,-5.3,602109.0,1190685.0,-5.6,119.9,1205.0,75.2034,98.284,247.137,1823582.0,5777.0,12891.2,98.153,120.0,225395.0,1203918.0,384398.0,14095.5,185069.0,222520.0,51.3,63.5,49.2,52.9,,,
2016-06-30,144147.0,240.222,206910.0,450237.0,557.0,1203.0,4.9,98.8833,110.6,121967.0,3.8,601952.0,1217604.0,4.4,120.7,1208.0,75.5298,98.386,247.54,1823476.0,5742.0,12948.6,98.325,120.9,224871.0,1189742.0,382612.0,14104.9,186773.0,226933.0,53.2,60.5,50.4,56.5,97.893,18979.895,19062.709
2016-07-31,144520.0,240.101,216155.0,449789.0,628.0,1239.0,4.8,98.9992,110.5,122231.0,-1.3,601327.0,1214532.0,1.6,120.8,1198.0,75.5839,98.529,247.829,1825078.0,5962.0,12972.2,98.342,121.1,224810.0,1185098.0,383093.0,14160.1,188101.0,226381.0,52.6,55.0,49.4,55.5,,,
2016-08-31,144661.0,240.545,217584.0,449946.0,575.0,1171.0,4.9,98.85,110.3,122377.0,-5.7,600181.0,1221250.0,5.0,120.5,1201.0,75.432,98.703,248.423,1825382.0,5677.0,12986.1,98.479,120.1,224831.0,1182069.0,382950.0,14176.7,190098.0,228721.0,49.4,53.0,48.3,51.4,,,
2016-09-30,144967.0,241.176,217396.0,453056.0,558.0,1068.0,5.0,98.7457,110.6,122644.0,-3.4,601913.0,1232438.0,12.5,120.6,1303.0,75.3145,98.834,248.842,1827914.0,5868.0,13020.9,98.666,120.5,226285.0,1177185.0,381799.0,14209.1,190602.0,226111.0,51.5,53.0,49.7,57.1,97.979,19104.696,19197.938
2016-10-31,145065.0,241.741,233461.0,453847.0,575.0,1313.0,4.9,98.7611,110.9,122770.0,-9.9,603317.0,1241100.0,11.0,121.2,1254.0,75.2918,98.961,249.142,1829791.0,5591.0,13014.9,98.868,120.7,224393.0,1190585.0,381059.0,14235.4,189247.0,226685.0,51.9,54.5,52.9,54.8,,,
2016-11-30,145183.0,242.026,216353.0,453892.0,571.0,1140.0,4.7,98.3491,111.1,122906.0,1.2,607748.0,1264881.0,10.7,121.1,1230.0,74.9498,99.005,249.481,1841461.0,5971.0,13036.8,98.901,120.8,224350.0,1187293.0,381641.0,14273.6,187578.0,230427.0,53.2,54.5,52.3,57.2,,,
2016-12-31,145408.0,242.637,219525.0,459305.0,561.0,1252.0,4.7,99.0214,111.4,123104.0,9.6,611347.0,1270443.0,22.4,121.6,1248.0,75.4424,99.12,249.92,1845368.0,5964.0,13128.5,99.071,121.3,227172.0,1184504.0,380237.0,14313.7,192465.0,232205.0,54.7,65.5,53.1,57.2,98.371,19198.45,19304.352
2017-01-31,145628.0,243.618,219277.0,464412.0,573.0,1190.0,4.7,98.7611,111.9,123312.0,9.8,611182.0,1256025.0,24.0,122.3,1303.0,75.2339,99.385,250.467,1849352.0,5617.0,13136.3,99.451,121.6,227882.0,1180859.0,380058.0,14373.7,195584.0,237540.0,56.0,69.0,56.1,56.5,,,
2017-02-28,145846.0,244.006,221514.0,464284.0,587.0,1271.0,4.6,98.3646,111.9,123520.0,19.5,612277.0,1277327.0,41.4,122.7,1234.0,74.9346,99.561,250.998,1852213.0,5923.0,13143.4,99.586,122.0,226422.0,1179919.0,380800.0,14416.8,196329.0,234714.0,57.7,68.0,54.2,57.6,,,
2017-03-31,145970.0,243.892,222944.0,463674.0,632.0,1190.0,4.4,99.0137,112.1,123641.0,18.1,613445.0,1274466.0,29.6,122.5,1272.0,75.4439,99.519,250.944,1855778.0,5811.0,13201.7,99.535,122.1,228285.0,1178835.0,380750.0,14476.3,195997.0,235835.0,57.2,70.5,58.9,55.2,99.192,19355.01,19398.343
2017-04-30,146175.0,244.193,224150.0,465276.0,598.0,1146.0,4.4,100.0224,112.6,123840.0,4.5,610990.0,1268229.0,22.0,122.8,1251.0,76.2392,99.723,251.227,1854063.0,6091.0,13206.1,99.725,122.4,227172.0,1179954.0,381475.0,14509.3,195895.0,238726.0,54.8,68.5,52.0,57.5,,,
2017-05-31,146380.0,244.004,222292.0,462754.0,635.0,1157.0,4.4,100.1408,112.5,124033.0,4.1,614478.0,1282119.0,33.7,122.7,1208.0,76.368,99.803,251.43,1858714.0,5826.0,13214.5,99.682,121.7,231544.0,1174939.0,381684.0,14610.7,195521.0,237947.0,54.9,60.5,53.5,56.9,,,
2017-06-30,146583.0,244.163,236980.0,465130.0,619.0,1249.0,4.3,100.3471,112.6,124223.0,19.3,619512.0,1277442.0,28.5,122.4,1353.0,76.5758,99.937,251.746,1866682.0,6305.0,13256.7,99.766,121.6,229447.0,1186858.0,382394.0,14618.7,197954.0,239011.0,57.8,55.0,57.2,57.4,99.748,19474.121,19506.949
2017-07-31,146772.0,244.243,217739.0,465089.0,572.0,1206.0,4.3,100.1068,112.7,124398.0,7.9,622492.0,1275620.0,22.6,122.2,1256.0,76.4534,100.01,251.985,1873901.0,6238.0,13290.1,99.803,122.2,228398.0,1180389.0,383922.0,14660.2,197156.0,238828.0,56.3,62.0,55.2,53.9,,,
2017-08-31,146919.0,245.183,221312.0,466020.0,556.0,1159.0,4.4,99.6925,113.1,124609.0,23.2,626572.0,1274043.0,19.9,122.9,1319.0,76.2067,100.118,252.535,1884335.0,6276.0,13291.7,100.027,122.9,231089.0,1174841.0,385241.0,14678.3,198847.0,238610.0,58.8,62.0,59.9,55.3,,,
2017-09-30,147008.0,246.435,228782.0,475724.0,637.0,1181.0,4.3,99.7954,113.5,124675.0,20.7,630042.0,1280026.0,24.5,123.9,1273.0,76.3591,100.24,252.812,1887547.0,6320.0,13364.4,100.4,123.9,232443.0,1175526.0,387407.0,14706.0,200996.0,240958.0,60.8,71.5,60.3,59.8,100.222,19569.945,19660.766
2017-10-31,147149.0,246.626,228333.0,476107.0,626.0,1257.0,4.2,101.0247,113.9,124788.0,25.9,628395.0,1283890.0,27.8,124.1,1356.0,77.3753,100.486,253.526,1888805.0,6408.0,13377.0,100.531,124.0,233549.0,1174523.0,388389.0,14748.6,202740.0,244008.0,58.7,68.5,59.8,60.1,,,
2017-11-30,147372.0,247.284,230235.0,480949.0,711.0,1273.0,4.2,101.2664,114.3,124993.0,17.4,631734.0,1309300.0,25.8,125.3,1299.0,77.6337,100.535,253.816,1897677.0,6271.0,13450.3,100.675,124.6,237105.0,1171994.0,388934.0,14771.1,206782.0,250658.0,58.2,65.5,59.7,57.4,,,
2017-12-31,147523.0,247.805,241711.0,483586.0,630.0,1177.0,4.1,101.4644,114.4,125139.0,20.3,632638.0,1314355.0,29.0,125.5,1311.0,77.8538,100.683,254.344,1904773.0,6336.0,13555.4,100.821,124.7,237069.0,1180949.0,389611.0,14797.9,209554.0,254362.0,59.7,69.0,57.0,55.9,100.829,19778.303,19882.352
2018-01-31,147660.0,248.859,228219.0,481414.0,590.0,1299.0,4.0,101.4625,114.8,125286.0,23.3,638351.0,1338470.0,20.8,126.5,1317.0,77.9138,101.007,255.204,1914289.0,6621.0,13541.3,101.199,125.6,238927.0,1174734.0,391435.0,14886.6,207227.0,252780.0,59.1,72.7,54.2,59.9,,,
2018-02-28,148054.0,249.529,236950.0,484031.0,618.0,1277.0,4.1,101.7085,115.1,125635.0,16.8,642770.0,1354758.0,32.3,126.8,1321.0,78.1508,101.198,255.711,1924252.0,6552.0,13547.3,101.416,125.8,240380.0,1175682.0,394605.0,14921.1,210380.0,257442.0,60.8,74.2,59.7,59.5,,,
2018-03-31,148280.0,249.577,244343.0,484110.0,679.0,1318.0,4.0,102.2067,115.3,125853.0,27.1,644648.0,1345730.0,19.7,126.5,1385.0,78.5697,101.419,256.271,1924441.0,6818.0,13586.5,101.524,126.3,241798.0,1182533.0,394426.0,14974.8,212951.0,254892.0,59.3,78.1,57.3,58.8,101.104,19922.21,20044.077
2018-04-30,148420.0,250.227,243872.0,484154.0,642.0,1276.0,4.0,103.3329,115.5,125976.0,14.6,644560.0,1353497.0,23.2,127.1,1378.0,79.4597,101.602,256.63,1930031.0,6877.0,13598.7,101.766,126.9,244797.0,1185966.0,396485.0,15007.2,211984.0,256665.0,57.3,79.3,54.2,56.8,,,
2018-05-31,148742.0,250.792,243168.0,491960.0,662.0,1357.0,3.8,102.4024,115.9,126293.0,22.3,644397.0,1360723.0,32.1,128.2,1338.0,78.7526,101.78,257.145,1933317.0,7016.0,13640.5,101.941,127.8,244705.0,1188926.0,398769.0,15057.8,215417.0,255308.0,58.7,79.5,56.3,58.6,,,
2018-06-30,148960.0,251.018,243778.0,490228.0,636.0,1192.0,4.0,103.198,116.3,126478.0,25.8,644857.0,1342064.0,22.2,128.2,1345.0,79.356,101.872,257.399,1936068.0,7230.0,13653.7,102.029,128.0,246113.0,1191069.0,398031.0,15119.3,213339.0,256349.0,60.2,76.8,56.0,59.1,101.618,20042.08,20150.476
2018-07-31,149020.0,251.214,235786.0,493142.0,628.0,1208.0,3.8,103.3646,116.4,126584.0,16.3,647720.0,1335024.0,24.7,128.1,1334.0,79.4588,102.006,257.699,1948424.0,7190.0,13682.7,102.137,127.4,244927.0,1186234.0,404611.0,15184.7,211364.0,259336.0,58.1,73.2,56.5,55.7,,,
2018-08-31,149277.0,251.663,245657.0,493445.0,593.0,1288.0,3.8,104.0327,116.5,126809.0,25.6,653730.0,1339141.0,8.7,127.6,1273.0,79.9322,102.016,257.891,1959101.0,7208.0,13711.5,102.208,127.3,247387.0,1188869.0,404057.0,15238.6,211314.0,259129.0,61.3,72.1,58.5,58.5,,,
2018-09-30,149358.0,252.182,247957.0,491507.0,595.0,1250.0,3.7,104.1004,116.7,126884.0,14.6,658230.0,1323245.0,22.2,127.7,1314.0,79.9314,102.205,258.368,1970647.0,7411.0,13687.1,102.418,127.3,248343.0,1192854.0,407572.0,15237.5,213716.0,262246.0,59.8,66.9,58.8,61.6,102.314,20239.212,20276.154
2018-10-31,149527.0,252.772,238903.0,496416.0,554.0,1221.0,3.8,103.9856,117.5,127048.0,18.7,662504.0,1315931.0,20.7,128.3,1272.0,79.7802,102.366,258.917,1981377.0,7304.0,13727.1,102.595,127.9,248269.0,1187856.0,408919.0,15274.1,214253.0,264634.0,57.7,71.6,56.8,60.3,,,
2018-11-30,149617.0,252.594,235930.0,498854.0,625.0,1181.0,3.8,104.0681,117.4,127144.0,17.6,664131.0,1302721.0,14.8,126.2,1340.0,79.7722,102.556,259.439,1981063.0,7594.0,13800.3,102.63,126.9,249310.0,1178890.0,411634.0,15315.2,211769.0,259018.0,59.3,60.7,58.4,60.7,,,
2018-12-31,149809.0,252.767,243401.0,489113.0,546.0,1095.0,3.9,104.0936,117.4,127298.0,11.2,671324.0,1292045.0,10.9,124.4,1317.0,79.7142,102.735,260.063,1995882.0,7489.0,13682.3,102.701,126.1,248783.0,1177839.0,413353.0,15506.5,209293.0,262427.0,54.1,54.9,56.2,57.6,102.836,20322.781,20304.874
2019-01-31,150060.0,252.561,236180.0,490440.0,595.0,1226.0,4.0,103.4021,117.0,127552.0,10.2,676979.0,1295457.0,11.6,124.6,1254.0,79.1024,102.87,260.766,2010864.0,7502.0,13721.7,102.648,125.3,247306.0,1171009.0,416806.0,15536.3,211020.0,257552.0,56.6,49.6,55.5,56.7,,,
2019-02-28,150067.0,253.319,231710.0,491751.0,648.0,1121.0,3.8,102.8371,117.2,127542.0,9.1,679883.0,1310064.0,0.8,125.9,1286.0,78.5877,102.963,261.186,2017586.0,7066.0,13728.5,102.836,126.1,247734.0,1159587.0,418924.0,15560.4,213156.0,258611.0,54.2,49.4,52.3,59.7,,,
2019-03-31,150295.0,254.277,240465.0,499292.0,718.0,1191.0,3.8,102.8757,117.6,127726.0,10.8,679184.0,1319470.0,9.1,126.6,1295.0,78.5337,103.058,261.567,2019035.0,7317.0,13824.8,103.069,127.0,246534.0,1157756.0,419571.0,15566.5,214512.0,260649.0,55.3,54.3,57.5,56.1,104.382,20528.089,20431.641
2019-04-30,150591.0,255.233,232744.0,499343.0,702.0,1272.0,3.7,102.274,118.2,127972.0,5.8,685265.0,1352874.0,8.9,126.8,1322.0,77.9898,103.265,261.997,2028974.0,7272.0,13825.9,103.36,127.1,244607.0,1150248.0,421492.0,15534.2,211071.0,258944.0,52.8,50.0,52.4,55.5,,,
2019-05-31,150618.0,255.296,224565.0,504741.0,618.0,1293.0,3.6,102.392,118.3,128056.0,20.7,686322.0,1364585.0,17.8,127.0,1347.0,77.9962,103.371,262.217,2033075.0,7275.0,13877.1,103.435,126.7,244823.0,1134414.0,423743.0,15532.4,215233.0,264513.0,52.1,53.2,53.7,56.9,,,
2019-06-30,150838.0,255.213,224890.0,505251.0,729.0,1243.0,3.6,102.4375,118.2,128234.0,-5.9,686775.0,1381377.0,2.5,125.6,1299.0,77.9493,103.56,262.739,2034943.0,7194.0,13924.1,103.484,126.0,245105.0,1118522.0,425633.0,15562.1,212710.0,259526.0,51.7,47.9,54.5,55.1,103.755,20574.793,20602.275
2019-07-31,150937.0,255.802,228956.0,509091.0,648.0,1240.0,3.7,101.9408,118.5,128365.0,-2.0,686576.0,1413022.0,21.6,125.6,1379.0,77.4935,103.678,263.28,2041461.0,7042.0,13989.9,103.622,126.2,240495.0,1111328.0,428800.0,15581.4,212880.0,259276.0,51.2,45.1,51.7,53.7,,,
2019-08-31,151169.0,256.036,230355.0,512561.0,712.0,1375.0,3.6,102.639,118.6,128544.0,6.7,686027.0,1425986.0,11.2,124.9,1482.0,77.9497,103.797,263.877,2041891.0,7178.0,14043.6,103.67,125.5,240294.0,1105676.0,431399.0,15664.3,212620.0,259229.0,49.1,46.0,47.4,56.4,,,
2019-09-30,151365.0,256.43,226791.0,509282.0,712.0,1311.0,3.5,102.2917,118.3,128712.0,-3.0,682270.0,1438191.0,13.7,125.0,1469.0,77.6205,103.873,264.388,2040635.0,7124.0,14066.2,103.733,125.1,238488.0,1098202.0,433381.0,15697.5,211695.0,254001.0,47.8,49.7,46.3,52.6,102.651,20690.261,20843.322
2019-10-31,151460.0,257.155,226218.0,510648.0,722.0,1325.0,3.6,101.4281,118.8,128790.0,2.4,679933.0,1445140.0,5.5,124.5,1523.0,76.9099,104.028,264.97,2041358.0,7289.0,14067.2,103.917,125.1,236590.0,1092083.0,435344.0,15718.1,212297.0,251721.0,48.3,45.5,47.7,54.7,,,
2019-11-30,151667.0,257.879,218719.0,514215.0,713.0,1353.0,3.6,101.9372,118.6,128958.0,-3.2,680238.0,1464880.0,13.9,124.7,1535.0,77.252,104.092,265.548,2041379.0,6888.0,14142.8,104.024,125.2,234932.0,1080067.0,436812.0,15766.9,212837.0,249732.0,48.1,46.7,46.6,53.9,,,
2019-12-31,151794.0,258.63,222265.0,515866.0,700.0,1548.0,3.6,101.7003,119.0,129068.0,3.2,680111.0,1469334.0,3.3,125.0,1443.0,77.0416,104.322,266.02,2040343.0,6699.0,14165.7,104.307,125.0,233577.0,1072957.0,438169.0,15683.8,213425.0,255106.0,47.2,51.7,45.1,55.0,103.457,20851.695,20985.448
2020-01-31,152031.0,259.127,233656.0,515119.0,689.0,1581.0,3.6,101.0338,119.2,129250.0,13.0,675006.0,1491169.0,13.0,125.2,1490.0,76.519,104.507,266.716,2033887.0,7124.0,14230.7,104.49,125.8,232445.0,1078302.0,438586.0,15842.8,208926.0,250369.0,50.9,53.3,46.6,55.5,,,
2020-02-29,152293.0,259.25,240355.0,515330.0,707.0,1549.0,3.5,101.3735,118.6,129436.0,10.9,669257.0,1498377.0,36.4,124.3,1461.0,76.7764,104.711,267.37,2022505.0,6966.0,14181.4,104.573,124.3,235234.0,1087726.0,437984.0,15900.3,209459.0,246944.0,50.1,45.9,46.9,57.3,,,
2020-03-31,150895.0,258.076,204710.0,468324.0,626.0,1266.0,4.4,97.4078,118.0,128068.0,-13.4,663356.0,1501676.0,-19.4,121.3,1351.0,73.7887,104.632,267.054,2015653.0,5894.0,13249.1,104.271,122.5,221504.0,1075146.0,439340.0,15702.3,189827.0,231234.0,49.1,37.4,43.8,52.5,106.321,20711.233,20709.212
2020-04-30,130426.0,256.032,165166.0,401028.0,576.0,936.0,14.8,84.5619,116.6,108517.0,-80.0,661595.0,1458956.0,-58.7,118.2,1079.0,64.0847,104.293,265.746,1987105.0,4606.0,11798.6,103.838,118.2,177936.0,1066521.0,439668.0,18015.3,151836.0,203539.0,41.5,35.3,27.5,41.8,,,
2020-05-31,133040.0,255.802,184417.0,478449.0,707.0,1039.0,13.2,85.9604,117.2,111647.0,-43.3,653921.0,1448816.0,-42.9,119.0,1251.0,65.1874,104.402,265.412,1940682.0,5612.0,12780.5,103.942,118.2,185197.0,1069953.0,438760.0,17110.0,147067.0,200853.0,43.1,40.8,32.1,45.4,,,
2020-06-30,137671.0,257.042,202777.0,518038.0,901.0,1266.0,11.0,91.5934,117.5,116259.0,-0.3,645738.0,1461054.0,28.3,120.6,1333.0,69.5218,104.565,265.849,1917180.0,6129.0,13476.8,104.27,120.3,214651.0,1062420.0,438428.0,17050.2,160715.0,209621.0,52.6,51.3,42.1,57.1,107.332,18912.614,19077.992
2020-07-31,139255.0,258.352,223750.0,526304.0,981.0,1526.0,10.2,95.0256,118.2,117741.0,9.5,646477.0,1474614.0,29.5,122.1,1539.0,72.2103,104.937,267.389,1921722.0,6530.0,13683.5,104.578,121.5,229436.0,1061149.0,436134.0,17202.9,172709.0,231310.0,54.2,53.2,44.3,58.1,,,
2020-08-31,140821.0,259.316,226872.0,530735.0,1016.0,1396.0,8.4,95.9549,118.4,118821.0,6.9,650134.0,1490027.0,15.4,123.2,1534.0,73.0192,105.243,268.422,1932615.0,6429.0,13793.0,104.87,122.1,230760.0,1061781.0,435907.0,16542.0,176798.0,238255.0,56.0,59.5,46.4,56.9,,,
2020-09-30,141770.0,259.997,230481.0,541302.0,979.0,1473.0,7.8,95.9669,118.8,119841.0,10.5,654119.0,1512535.0,16.4,123.4,1650.0,73.1451,105.41,268.933,1945659.0,6511.0,13964.6,105.057,122.8,232666.0,1064471.0,435668.0,16633.7,182613.0,239138.0,55.4,62.8,49.6,57.8,104.121,20155.782,20558.879
2020-10-31,142460.0,260.319,236338.0,539114.0,1031.0,1543.0,6.9,96.7394,119.4,120655.0,9.0,661649.0,1538282.0,30.5,123.3,1612.0,73.8636,105.507,269.306,1965316.0,6798.0,14007.1,105.151,123.0,236221.0,1068989.0,436986.0,16573.6,185983.0,246563.0,59.3,65.5,53.2,56.6,,,
2020-11-30,142733.0,260.911,237115.0,533941.0,877.0,1543.0,6.7,97.0816,119.5,121050.0,-1.9,663130.0,1552457.0,32.4,123.4,1692.0,74.2637,105.605,269.981,1979283.0,6820.0,13970.3,105.258,124.0,236541.0,1074211.0,440676.0,16381.8,190262.0,254033.0,57.5,65.4,48.4,55.9,,,
2020-12-31,142548.0,262.045,241814.0,538548.0,874.0,1614.0,6.7,98.363,120.0,120870.0,5.7,666216.0,1577505.0,12.3,124.6,1755.0,75.3903,105.896,270.341,1992588.0,6773.0,14026.7,105.699,125.5,242130.0,1078561.0,439516.0,16397.7,196417.0,257805.0,60.7,77.6,51.5,57.2,107.625,20899.339,20791.917
2021-01-31,142863.0,262.687,249937.0,559230.0,899.0,1624.0,6.4,98.8822,121.2,121122.0,14.0,675500.0,1598697.0,25.5,126.5,1856.0,75.9401,106.281,270.387,2010292.0,7162.0,14204.7,106.147,128.9,248088.0,1085066.0,441377.0,18194.0,199099.0,260517.0,58.7,82.1,52.6,58.7,,,
2021-02-28,143380.0,263.579,251426.0,544891.0,772.0,1398.0,6.2,95.6149,122.0,121626.0,9.5,681252.0,1574677.0,29.3,128.0,1703.0,73.5725,106.501,270.793,2026338.0,7827.0,14074.1,106.5,131.0,240704.0,1100507.0,447481.0,16697.3,195855.0,259921.0,60.8,86.0,54.4,55.3,,,
2021-03-31,144232.0,264.961,253805.0,603581.0,852.0,1688.0,6.1,98.3856,122.8,122388.0,25.0,688629.0,1609846.0,37.9,129.9,1756.0,75.8472,106.933,271.459,2030053.0,8499.0,14680.0,107.054,134.3,244401.0,1114752.0,451494.0,20520.0,209126.0,273422.0,64.7,85.6,59.6,63.7,106.937,21068.587,21082.134
2021-04-30,144587.0,266.614,252613.0,608961.0,817.0,1489.0,6.1,98.5587,124.0,122694.0,22.6,693029.0,1614358.0,48.8,131.1,1710.0,76.1216,107.558,273.66,2033473.0,9346.0,14796.0,107.618,135.9,246491.0,1125862.0,455149.0,17420.7,208929.0,272682.0,60.7,89.6,55.1,62.7,,,
2021-05-31,145065.0,268.383,253009.0,605282.0,717.0,1600.0,5.8,99.4333,125.3,123136.0,31.9,702421.0,1626557.0,33.7,132.8,1705.0,76.931,108.099,275.465,2050150.0,9954.0,14771.4,108.175,139.0,245415.0,1138468.0,461840.0,16922.4,211736.0,276573.0,61.2,88.0,50.9,64.0,,,
2021-06-30,145820.0,270.654,258284.0,611950.0,714.0,1664.0,5.9,99.7987,126.2,123789.0,16.7,710180.0,1640276.0,32.0,134.2,1662.0,77.3367,108.603,277.651,2067735.0,10319.0,14892.6,108.76,140.6,248755.0,1153013.0,468953.0,16838.1,214132.0,284212.0,60.6,92.1,49.9,60.1,108.449,21363.939,21440.929
2021-07-31,146762.0,271.903,259416.0,601817.0,745.0,1600.0,5.4,100.2519,127.486,124723.0,35.8,718124.0,1661524.0,26.7,134.6,1666.0,77.7972,109.058,278.648,2094809.0,10983.0,14869.0,109.256,142.1,256148.0,1161328.0,475140.0,16949.3,216484.0,283920.0,59.5,85.7,52.9,64.1,,,
2021-08-31,147314.0,272.676,264287.0,605533.0,688.0,1596.0,5.1,100.0437,128.603,125178.0,20.7,727324.0,1665413.0,17.5,134.3,1740.0,77.7308,109.409,278.997,2114579.0,10872.0,14970.2,109.674,142.4,254207.0,1176513.0,482312.0,16917.1,218066.0,290490.0,59.9,79.4,49.0,61.7,,,
2021-09-30,147771.0,273.91,259192.0,609671.0,733.0,1576.0,4.7,98.8579,129.226,125669.0,28.4,737651.0,1673533.0,32.2,134.9,1649.0,76.8871,109.641,279.698,2139149.0,10834.0,14990.6,110.034,142.8,256668.0,1184047.0,490012.0,16728.5,214104.0,288525.0,61.1,81.2,50.2,61.9,110.544,21598.407,21617.828
2021-10-31,148572.0,276.55,263534.0,618573.0,689.0,1587.0,4.5,100.1861,130.045,126545.0,18.1,754406.0,1688747.0,21.5,136.9,1699.0,77.9838,110.188,281.668,2172723.0,11238.0,15085.5,110.762,145.5,261218.0,1191314.0,495805.0,16733.5,228792.0,294841.0,60.8,85.7,52.0,66.7,,,
2021-11-30,149230.0,278.919,268650.0,624874.0,782.0,1707.0,4.1,100.8654,131.475,127184.0,21.3,765960.0,1731869.0,44.0,137.9,1770.0,78.562,110.77,283.406,2209108.0,11199.0,15115.9,111.5,146.5,263885.0,1200818.0,502984.0,16686.4,231168.0,311609.0,61.1,82.4,53.3,69.1,,,
2021-12-31,149816.0,280.845,277487.0,619938.0,816.0,1711.0,3.9,100.5726,132.26,127754.0,34.4,785918.0,1762351.0,17.1,137.4,1886.0,78.3687,111.418,285.18,2265965.0,11520.0,15059.2,112.191,144.2,268645.0,1214534.0,509554.0,16610.8,236391.0,314278.0,58.7,68.2,54.2,62.0,111.499,21961.186,21988.737
2022-01-31,150006.0,282.543,280925.0,631509.0,809.0,1693.0,4.0,100.1856,133.529,127957.0,10.9,797574.0,1807763.0,18.3,140.1,1923.0,78.088,111.976,286.757,2306732.0,11210.0,15067.8,112.805,148.2,272185.0,1228227.0,515473.0,16206.1,232303.0,314559.0,57.6,76.1,54.5,59.9,,,
2022-02-28,150825.0,284.5,277036.0,638101.0,784.0,1730.0,3.9,100.8064,134.771,128793.0,-0.8,818934.0,1842072.0,15.9,142.6,1846.0,78.5777,112.468,288.273,2349427.0,11698.0,15077.9,113.471,153.0,272742.0,1237502.0,521948.0,16207.6,236825.0,318948.0,58.6,75.6,52.9,56.5,,,
2022-03-31,151315.0,287.674,277554.0,651027.0,710.0,1700.0,3.7,101.3907,137.037,129282.0,0.1,840531.0,1877402.0,20.8,146.8,1899.0,79.0253,112.914,289.056,2405153.0,12301.0,15156.8,114.469,159.0,276307.0,1243817.0,529861.0,16127.2,248590.0,344126.0,57.1,87.1,56.3,58.3,113.45,22024.08,21932.71
2022-04-30,151623.0,288.561,279157.0,660194.0,612.0,1807.0,3.7,101.44,137.773,129554.0,20.3,859427.0,1913147.0,16.8,147.5,1849.0,79.0418,113.307,290.514,2435750.0,11861.0,15235.4,114.812,160.6,278493.0,1249595.0,536438.0,16125.5,256488.0,336893.0,55.4,84.6,50.9,57.1,,,
2022-05-31,151924.0,291.298,278740.0,659847.0,639.0,1546.0,3.6,101.3335,139.013,129799.0,-4.8,877505.0,1923964.0,4.7,148.2,1711.0,78.9224,113.703,292.063,2478363.0,11535.0,15214.1,115.525,164.9,279631.0,1253866.0,542301.0,16103.0,259293.0,339120.0,56.1,82.2,49.6,55.9,,,
2022-06-30,152358.0,294.957,284763.0,666113.0,564.0,1556.0,3.6,101.018,140.273,130216.0,-1.1,892658.0,1920269.0,-1.9,148.5,1726.0,78.6259,114.376,294.05,2514765.0,11283.0,15223.6,116.638,166.7,281120.0,1262761.0,548079.0,16062.9,262589.0,340099.0,53.0,78.5,47.3,55.3,114.442,22009.298,21967.045
2022-07-31,153072.0,294.913,284460.0,659550.0,535.0,1382.0,3.5,101.223,139.837,130766.0,2.1,898404.0,1923856.0,-8.1,146.4,1707.0,78.7204,114.628,295.088,2532783.0,11576.0,15237.1,116.631,160.5,281868.0,1270557.0,552820.0,16270.4,265159.0,330994.0,52.8,60.0,49.9,56.7,,,
2022-08-31,153362.0,295.097,282368.0,663566.0,634.0,1532.0,3.6,101.0963,139.755,131056.0,-28.4,909478.0,1918061.0,4.1,144.6,1565.0,78.5438,115.276,296.535,2552630.0,10092.0,15319.8,116.956,158.3,283623.0,1274539.0,556941.0,16367.3,265548.0,332055.0,52.8,52.5,54.2,56.9,,,
2022-09-30,153582.0,296.349,282430.0,661854.0,552.0,1481.0,3.5,101.2918,140.2,131285.0,-8.9,912573.0,1917890.0,-8.3,143.1,1586.0,78.6087,115.788,298.226,2558913.0,10800.0,15330.5,117.371,156.8,284995.0,1277332.0,561776.0,16423.8,262383.0,329291.0,50.9,51.7,48.7,56.7,116.407,22203.236,22125.625
2022-10-31,153939.0,298.007,287071.0,668671.0,586.0,1446.0,3.6,101.2529,140.681,131646.0,-11.0,917391.0,1914367.0,-11.5,142.7,1583.0,78.4843,116.204,299.399,2571649.0,10447.0,15358.1,117.919,156.0,286020.0,1283660.0,565781.0,16476.3,260014.0,335012.0,50.2,46.6,50.0,54.4,,,
2022-11-30,154242.0,298.786,279095.0,659458.0,592.0,1434.0,3.6,100.9552,141.16,131863.0,-9.6,923239.0,1919538.0,-13.4,141.6,1424.0,78.1544,116.539,300.325,2580941.0,10632.0,15317.1,118.224,155.4,287239.0,1280862.0,568734.0,16502.7,255904.0,318512.0,49.0,43.0,48.4,56.5,,,
2022-12-31,154342.0,298.832,293358.0,651763.0,615.0,1296.0,3.5,99.7664,140.694,131977.0,-9.8,924269.0,1926876.0,-11.4,141.8,1398.0,77.1334,116.952,301.394,2593136.0,10902.0,15303.6,118.384,150.8,287916.0,1291737.0,572429.0,16578.2,253566.0,321940.0,48.4,39.4,51.4,49.6,115.899,22073.864,22278.345
2023-01-31,154776.0,300.42,288874.0,680253.0,653.0,1358.0,3.5,100.505,141.203,132292.0,-20.9,917045.0,1957618.0,-12.4,141.3,1418.0,77.601,117.505,302.642,2591740.0,10318.0,15501.5,119.018,151.1,290433.0,1295691.0,574668.0,16906.9,259478.0,325685.0,47.4,44.5,50.6,55.2,,,
2023-02-28,155066.0,301.45,280693.0,672152.0,633.0,1395.0,3.6,100.6416,141.135,132528.0,-9.8,913788.0,1971178.0,-22.2,141.0,1605.0,77.6078,117.929,304.123,2588252.0,9857.0,15491.8,119.369,151.7,285971.0,1295662.0,574535.0,16998.2,253972.0,319910.0,47.7,51.3,49.1,55.1,,,
2023-03-31,155134.0,301.821,289270.0,665071.0,639.0,1366.0,3.5,101.0205,140.736,132554.0,-10.3,913613.0,2000432.0,-25.0,139.9,1472.0,77.8036,118.315,305.147,2585438.0,9655.0,15494.0,119.538,151.1,287778.0,1302209.0,568291.0,17098.8,259516.0,313636.0,46.3,49.2,46.9,51.2,116.544,22245.109,22439.607
2023-04-30,155375.0,302.845,290168.0,670494.0,656.0,1343.0,3.4,101.253,140.934,132733.0,5.6,909596.0,2028917.0,-25.5,140.3,1482.0,77.888,118.734,306.534,2585390.0,9966.0,15541.8,119.951,151.0,285986.0,1311484.0,573324.0,17135.3,253572.0,322580.0,47.1,53.2,50.2,51.9,,,
2023-05-31,155655.0,303.334,289707.0,673902.0,736.0,1609.0,3.6,100.9286,140.614,132933.0,-24.6,904320.0,2053902.0,-8.1,139.7,1579.0,77.5496,119.083,307.652,2580863.0,9368.0,15535.2,120.15,147.9,290265.0,1315948.0,573964.0,17196.7,253327.0,316314.0,46.9,44.2,51.4,50.3,,,
2023-06-30,155880.0,304.014,303971.0,677117.0,687.0,1420.0,3.6,100.1196,140.698,133088.0,6.1,900285.0,2074232.0,-12.1,139.4,1447.0,76.8467,119.39,308.322,2577918.0,9180.0,15584.1,120.469,147.0,291297.0,1333562.0,574609.0,17216.3,252366.0,314764.0,46.0,41.8,48.1,53.9,117.231,22333.618,22580.499
2023-07-31,156043.0,304.609,293278.0,678424.0,727.0,1464.0,3.5,100.9067,141.485,133206.0,-8.6,897870.0,2083615.0,-16.1,139.4,1530.0,77.3773,119.556,308.96,2573912.0,8657.0,15658.4,120.607,147.5,292056.0,1339736.0,575191.0,17250.6,256138.0,318192.0,46.4,42.6,44.4,52.7,,,
2023-08-31,156261.0,306.082,289128.0,684755.0,645.0,1321.0,3.7,100.8393,142.409,133354.0,-15.4,896031.0,2108452.0,10.5,140.3,1596.0,77.2588,119.689,309.58,2580885.0,9254.0,15668.6,120.97,149.2,292969.0,1340742.0,576655.0,17275.3,261184.0,319263.0,47.6,48.4,48.5,54.5,,,
2023-09-30,156417.0,307.276,298229.0,689403.0,682.0,1369.0,3.7,101.0211,142.744,133469.0,-5.3,897170.0,2117176.0,-15.2,141.0,1530.0,77.3375,120.058,310.539,2587291.0,9259.0,15688.7,121.419,150.0,291755.0,1352106.0,576706.0,17282.2,263997.0,323094.0,49.0,43.8,51.2,53.6,117.571,22467.378,22840.989
2023-10-31,156576.0,307.696,285976.0,686148.0,689.0,1380.0,3.9,100.4689,142.249,133583.0,-6.5,892844.0,2139594.0,-14.6,140.1,1524.0,76.859,120.241,311.457,2583446.0,8580.0,15730.9,121.484,148.6,289063.0,1353877.0,577415.0,17341.3,263456.0,327614.0,46.7,45.1,46.8,51.8,,,
2023-11-30,156703.0,308.148,298570.0,685328.0,607.0,1522.0,3.7,100.8639,142.334,133667.0,-6.5,890388.0,2170325.0,-3.9,139.4,1513.0,77.1081,120.374,312.392,2577995.0,8602.0,15786.9,121.493,147.5,291182.0,1366160.0,577227.0,17427.1,257881.0,322143.0,46.7,49.9,45.8,52.7,,,
2023-12-31,156857.0,308.741,304324.0,686277.0,634.0,1504.0,3.8,100.6031,142.165,133766.0,-13.6,895920.0,2174846.0,-7.2,138.4,1501.0,76.858,120.592,313.195,2591108.0,8520.0,15851.3,121.66,146.5,291013.0,1384271.0,577559.0,17481.7,262726.0,324009.0,47.4,45.2,48.1,50.6,117.93,22784.761,23033.78
2024-01-31,157032.0,309.698,280614.0,680456.0,683.0,1378.0,3.7,99.2223,142.576,133892.0,-29.7,889437.0,2191633.0,-14.7,139.4,1548.0,75.7542,121.217,314.319,2585336.0,8378.0,15793.7,122.23,147.5,289033.0,1380645.0,577746.0,17575.4,261614.0,325539.0,49.1,52.9,47.1,53.4,,,
2024-02-29,157238.0,310.967,282623.0,685280.0,653.0,1555.0,3.9,100.285,143.356,134027.0,-7.2,892709.0,2220925.0,-1.0,139.7,1570.0,76.5157,121.537,315.564,2594839.0,8440.0,15863.1,122.598,148.6,289552.0,1378596.0,578978.0,17596.2,268482.0,331735.0,47.8,52.5,45.9,52.6,,,
2024-03-31,157466.0,312.345,287423.0,687641.0,681.0,1297.0,3.9,100.4575,143.521,134170.0,-4.7,887937.0,2214113.0,1.8,140.5,1477.0,76.5964,122.009,316.792,2590962.0,8206.0,15916.3,123.038,148.8,289373.0,1381402.0,578871.0,17617.0,265484.0,327409.0,50.3,55.8,47.4,51.4,119.531,22889.375,23082.119
2024-04-30,157530.0,313.023,286972.0,687602.0,706.0,1379.0,3.9,100.2434,144.197,134233.0,-19.7,888010.0,2220689.0,17.6,141.7,1456.0,76.3803,122.304,317.649,2599646.0,7529.0,15945.2,123.341,149.8,293016.0,1380072.0,579745.0,17638.6,267602.0,338472.0,49.2,60.9,48.6,49.4,,,
2024-05-31,157608.0,313.175,286829.0,692774.0,670.0,1329.0,3.9,100.863,144.224,134278.0,-7.0,893110.0,2232845.0,7.5,141.5,1405.0,76.7961,122.383,318.095,2611183.0,7782.0,16019.2,123.348,148.8,291440.0,1380206.0,580549.0,17713.3,266462.0,336761.0,48.7,57.0,51.1,53.8,,,
2024-06-30,157695.0,313.044,281128.0,692449.0,683.0,1318.0,4.1,100.894,144.869,134356.0,-6.5,894462.0,2238643.0,2.9,141.6,1459.0,76.7586,122.677,318.39,2618815.0,7416.0,16064.4,123.539,148.4,293806.0,1372271.0,579850.0,17751.1,269277.0,340621.0,48.5,52.1,49.3,48.8,119.844,23058.073,23286.508
2024-07-31,157748.0,313.569,293234.0,698835.0,732.0,1269.0,4.2,99.9757,144.922,134348.0,-16.7,896740.0,2240441.0,9.9,141.8,1448.0,75.9946,122.911,318.94,2628273.0,7426.0,16123.8,123.736,149.2,296700.0,1373533.0,580142.0,17743.2,271296.0,348297.0,46.8,52.9,43.4,51.4,,,
2024-08-31,157757.0,314.062,289926.0,697039.0,687.0,1394.0,4.2,100.4309,145.409,134321.0,0.1,898441.0,2245978.0,-3.0,141.4,1492.0,76.2697,123.128,319.75,2635958.0,7520.0,16145.7,123.889,148.2,294296.0,1373875.0,579921.0,17752.9,275804.0,346965.0,47.2,54.0,46.0,51.5,,,
2024-09-30,157912.0,314.732,292469.0,703055.0,715.0,1357.0,4.1,99.8084,145.803,134463.0,3.8,895719.0,2263103.0,-1.6,140.9,1421.0,75.7216,123.466,320.732,2637086.0,6943.0,16227.8,124.164,147.3,293744.0,1377419.0,578908.0,17769.9,273291.0,356592.0,47.2,48.3,43.9,54.9,120.171,23164.814,23478.57
2024-10-31,157945.0,315.631,293266.0,708290.0,632.0,1370.0,4.1,99.4695,146.294,134459.0,-14.0,898061.0,2263823.0,7.6,141.1,1435.0,75.3852,123.832,321.731,2640959.0,7379.0,16247.7,124.494,148.8,292248.0,1383277.0,579163.0,17810.5,269813.0,345601.0,46.5,54.8,44.4,56.0,,,
2024-11-30,158079.0,316.528,288340.0,711853.0,669.0,1300.0,4.2,99.2925,146.447,134575.0,16.8,898579.0,2262637.0,-1.5,141.3,1512.0,75.1681,123.962,322.657,2646596.0,7566.0,16299.5,124.637,148.8,292079.0,1384359.0,582868.0,17851.4,276655.0,356410.0,48.4,50.3,48.1,52.1,,,
2024-12-31,158316.0,317.604,290559.0,717265.0,702.0,1494.0,4.1,100.3273,147.052,134787.0,2.2,891703.0,2258822.0,-9.6,141.4,1467.0,75.8651,124.196,323.259,2638369.0,7295.0,16415.5,124.979,149.5,294382.0,1385403.0,584782.0,17867.9,270627.0,367476.0,49.3,52.5,45.3,54.1,121.032,23376.851,23586.542
2025-01-31,158268.0,318.961,291195.0,711260.0,665.0,1353.0,4.0,100.0647,147.975,134711.0,-7.4,900015.0,2261053.0,32.9,141.8,1463.0,75.5781,124.587,324.638,2649512.0,7431.0,16316.5,125.417,151.6,295416.0,1386036.0,584988.0,17889.8,274827.0,399532.0,50.9,54.9,50.3,52.8,,,
2025-02-28,158310.0,319.679,293985.0,711575.0,641.0,1491.0,4.2,101.0993,148.233,134751.0,4.3,903141.0,2265811.0,13.4,142.1,1446.0,76.2685,125.145,325.465,2653219.0,7242.0,16297.0,125.921,152.6,298780.0,1386126.0,585250.0,17910.5,280533.0,397602.0,50.3,62.4,47.6,53.5,,,
2025-03-31,158377.0,319.785,316215.0,723339.0,656.0,1346.0,4.2,101.0404,148.055,134818.0,-15.7,906371.0,2256260.0,10.2,141.6,1492.0,76.1318,125.267,325.69,2656006.0,6952.0,16423.9,125.941,152.5,299460.0,1407831.0,585917.0,18029.1,283369.0,416352.0,49.0,69.4,44.7,50.8,123.17,23433.406,23548.21
2025-04-30,158485.0,320.302,295229.0,722442.0,701.0,1400.0,4.2,101.1279,147.655,134917.0,-8.6,907978.0,2263809.0,-12.9,141.7,1445.0,76.1048,125.502,326.467,2654533.0,7098.0,16446.9,126.15,152.6,300325.0,1407699.0,586659.0,18132.9,290598.0,350939.0,48.7,69.8,46.5,51.6,,,
2025-05-31,158498.0,320.62,344069.0,714513.0,622.0,1289.0,4.3,100.9655,148.153,134937.0,-6.9,905131.0,2244426.0,-0.7,141.0,1416.0,75.8894,125.79,326.893,2654351.0,7310.0,16423.9,126.38,151.6,301096.0,1455660.0,587721.0,17980.9,282229.0,348977.0,48.5,69.4,46.8,49.9,,,
2025-06-30,158478.0,321.435,311761.0,720164.0,665.0,1379.0,4.1,101.4785,148.393,134892.0,-14.9,906960.0,2237719.0,-1.4,140.8,1399.0,76.181,126.121,327.658,2660978.0,7204.0,16466.3,126.743,152.3,303282.0,1469146.0,589158.0,17962.1,281048.0,339745.0,49.0,69.7,45.0,50.8,122.27,23583.174,23770.976
2025-07-31,158542.0,322.169,303032.0,727727.0,648.0,1432.0,4.3,101.894,149.597,134957.0,3.1,908006.0,2242633.0,11.4,141.2,1400.0,76.3997,126.43,328.682,2664749.0,7089.0,16547.5,126.96,152.8,307976.0,1469267.0,590865.0,18040.9,284172.0,359235.0,48.0,64.8,43.4,50.1,,,
2025-08-31,158472.0,323.291,312138.0,731700.0,698.0,1291.0,4.3,101.6247,149.327,134937.0,9.1,907383.0,2242024.0,0.7,141.0,1347.0,76.1055,126.714,329.7,2663591.0,6919.0,16595.8,127.293,153.0,307521.0,1478883.0,590387.0,18076.9,284741.0,344383.0,48.7,63.7,43.8,52.0,,,
2025-09-30,158548.0,324.245,314147.0,732192.0,714.0,1319.0,4.4,101.668,150.245,135005.0,-7.0,911532.0,2245799.0,19.5,140.8,1444.0,76.0461,126.954,330.418,2670511.0,7169.0,16614.3,127.625,153.0,307795.0,1490136.0,589792.0,18094.6,292352.0,351743.0,49.1,61.9,45.3,50.0,122.57,23788.41,24026.834
2025-10-31,158408.0,,307570.0,731051.0,652.0,1273.0,,101.2195,150.439,135018.0,7.8,913477.0,2241141.0,-10.1,,1418.0,75.6194,127.243,,2676595.0,7170.0,16649.3,127.871,,309345.0,1493279.0,590717.0,18037.3,301158.0,338534.0,48.7,58.0,46.0,52.4,,,
2025-11-30,158449.0,325.063,324305.0,734718.0,757.0,1319.0,4.5,101.0344,151.054,135090.0,13.5,915713.0,2220726.0,0.6,141.2,1414.0,75.3901,127.469,331.043,2677084.0,6846.0,16665.7,128.152,153.7,308454.0,1514119.0,592088.0,18035.1,289504.0,353372.0,48.2,58.5,44.0,52.6,,,
2025-12-31,158432.0,326.031,321342.0,734717.0,723.0,1378.0,4.4,101.4941,151.592,135083.0,-3.7,914350.0,2215955.0,-8.8,141.4,1482.0,75.6422,127.886,331.814,2676717.0,6550.0,16680.7,128.576,154.6,312260.0,1528230.0,593522.0,18018.5,285282.0,361360.0,47.9,58.5,44.9,54.4,123.216,23885.347,24055.749
2026-01-31,158592.0,326.588,319975.0,734503.0,576.0,1385.0,4.3,101.0388,152.468,135263.0,7.7,911902.0,2195636.0,12.6,142.1,1393.0,75.242,128.455,332.793,2676882.0,7240.0,16648.5,129.023,155.4,315099.0,1538048.0,594992.0,18134.6,299806.0,353991.0,52.6,59.0,48.1,53.8,,,
2026-02-28,158436.0,327.46,316233.0,741278.0,630.0,1346.0,4.4,101.9263,153.204,135115.0,7.1,920443.0,2189683.0,16.3,143.5,1540.0,75.8299,128.961,333.512,2686289.0,6922.0,16684.6,129.539,158.4,320023.0,1539286.0,595466.0,18051.9,311803.0,366783.0,52.4,70.5,48.8,56.1,,,
2026-03-31,158650.0,330.293,320485.0,754013.0,664.0,1522.0,4.3,101.6172,154.405,135317.0,-0.2,934572.0,2199399.0,18.1,144.8,1363.0,75.5313,129.343,334.165,2712902.0,6887.0,16730.1,130.403,161.1,322562.0,1542276.0,597209.0,18030.5,318776.0,375360.0,52.7,78.3,48.7,54.0,123.777,23959.223,24180.419
2026-04-30,158798.0,332.407,347767.0,759097.0,626.0,1414.0,4.3,102.4196,156.03,135467.0,11.0,940672.0,2207051.0,26.7,147.8,1423.0,76.0625,129.667,335.423,2728142.0,7585.0,16729.6,130.938,166.8,324768.0,1570317.0,599100.0,17938.8,328187.0,382758.0,52.7,84.6,46.4,53.6,,,
2026-05-31,158927.0,333.979,332218.0,766876.0,580.0,1199.0,4.3,102.5606,157.001,135564.0,19.6,941760.0,2210214.0,-0.4,150.3,1410.0,76.1019,130.082,336.121,2736158.0,7594.0,16773.4,131.527,168.8,328030.0,1579544.0,599960.0,17983.8,317677.0,395263.0,54.0,82.1,48.6,54.5,,,
2026-06-30,158984.0,332.568,,768553.0,,1427.0,4.2,102.6395,156.566,135613.0,5.7,,,10.3,150.8,1367.0,76.0937,,336.065,,,,,167.8,,,,,,,53.3,73.0,49.7,54.0,,,
2026-07-31,,,,,,,,,,,15.6,,,41.4,,,,,,,,,,,,,,,,,,,,,,,
