as_of,target_quarter,horizon_week,spec,variant,nowcast_bea,nowcast_livello,nowcast_z,sd_z,realizzato_bea,realizzato_livello,errore_bea,gdp_release_date,n_releases,n_iter,converged,reestimated
2007-01-05,2006Q4,14,diag3,gaussian_ar1,3.0295139534473714,2.984530443322486,-0.07010663611242335,0.8739155724896938,3.4823729200428755,3.423110226166918,-0.45285896659550406,2007-01-28,,95,True,True
2007-01-05,2007Q1,1,diag3,gaussian_ar1,3.0612620045297856,3.0153402174969703,-0.05481562652028241,0.8816042586606938,1.2087836914185912,1.2015362468522506,1.8524783131111944,2007-04-28,,0,True,False
2007-01-05,2007Q2,-12,diag3,gaussian_ar1,3.270773803076721,3.2184224676509925,0.045974876438693496,0.9083650612475836,2.4695947150627617,2.439593165871891,0.8011790880139591,2007-07-28,,0,True,False
2007-01-12,2006Q4,15,diag3,gaussian_ar1,3.0543633111062896,3.008646214152474,-0.058137886163304564,0.8738541261666438,3.4823729200428755,3.423110226166918,-0.4280096089365859,2007-01-28,4.0,0,True,False
2007-01-12,2007Q1,2,diag3,gaussian_ar1,3.0871489768589555,3.040455106660562,-0.04235101029391353,0.8815291403596542,1.2087836914185912,1.2015362468522506,1.8783652854403643,2007-04-28,4.0,0,True,False
2007-01-12,2007Q2,-11,diag3,gaussian_ar1,3.2918652205002674,3.238843796112453,0.05611006041050788,0.9083088932717126,2.4695947150627617,2.439593165871891,0.8222705054375057,2007-07-28,4.0,0,True,False
2007-01-19,2006Q4,16,diag3,gaussian_ar1,3.07366499011974,3.027374069096736,-0.04884317962079138,0.8737285014924024,3.4823729200428755,3.423110226166918,-0.40870792992313554,2007-01-28,10.0,0,True,False
2007-01-19,2007Q1,3,diag3,gaussian_ar1,3.0240339012202355,2.979211386906824,-0.07274650429881158,0.8803140408995866,1.2087836914185912,1.2015362468522506,1.8152502098016443,2007-04-28,10.0,0,True,False
2007-01-19,2007Q2,-10,diag3,gaussian_ar1,3.186191006589989,3.136485003059344,0.005308997165088397,0.9067067105224147,2.4695947150627617,2.439593165871891,0.7165962915272273,2007-07-28,10.0,0,True,False
2007-01-26,2006Q4,17,diag3,gaussian_ar1,3.0945283403984725,3.0476132243349126,-0.038798408921365435,0.8736851551700219,3.4823729200428755,3.423110226166918,-0.387844579644403,2007-01-28,4.0,0,True,False
2007-01-26,2007Q1,4,diag3,gaussian_ar1,3.0967944241156786,3.049811264181528,-0.037707513279347515,0.8795730363010457,1.2087836914185912,1.2015362468522506,1.8880107326970874,2007-04-28,4.0,0,True,False
2007-01-26,2007Q2,-9,diag3,gaussian_ar1,3.2665700641545614,3.2143517859582467,0.04395458143562647,0.9056921445901932,2.4695947150627617,2.439593165871891,0.7969753490917997,2007-07-28,4.0,0,True,False
2007-02-02,2007Q1,5,diag3,gaussian_ar1,3.0844929384017394,3.037878575346475,-0.04556354273494134,0.8775912587002993,1.2087836914185912,1.2015362468522506,1.8757092469831482,2007-04-28,10.0,3,True,True
2007-02-02,2007Q2,-8,diag3,gaussian_ar1,3.322833393947766,3.26882053434751,0.06970386947132304,0.8993200620398379,2.4695947150627617,2.439593165871891,0.8532386788850044,2007-07-28,10.0,0,True,False
2007-02-09,2007Q1,6,diag3,gaussian_ar1,3.098253404132678,3.0512264097268664,-0.038901391195910684,0.877165079716039,1.2087836914185912,1.2015362468522506,1.889469712714087,2007-04-28,8.0,0,True,False
2007-02-09,2007Q2,-7,diag3,gaussian_ar1,3.360990610640857,3.3057438081550896,0.08813295979511282,0.8983610393392465,2.4695947150627617,2.439593165871891,0.8913958955780954,2007-07-28,8.0,0,True,False
2007-02-16,2007Q1,7,diag3,gaussian_ar1,3.1705677877345684,3.1213430528013926,-0.0039048750376897146,0.8766200976730967,1.2087836914185912,1.2015362468522506,1.9617840963159772,2007-04-28,7.0,0,True,False
2007-02-16,2007Q2,-6,diag3,gaussian_ar1,3.534293244859188,3.4732707536904273,0.17174876339445605,0.8966548090122712,2.4695947150627617,2.439593165871891,1.0646985297964262,2007-07-28,7.0,0,True,False
2007-02-23,2007Q1,8,diag3,gaussian_ar1,3.10589128472476,3.0586344864239523,-0.035203882808988174,0.8763398236499994,1.2087836914185912,1.2015362468522506,1.8971075933061687,2007-04-28,4.0,0,True,False
2007-02-23,2007Q2,-5,diag3,gaussian_ar1,3.433807846980552,3.376168441552409,0.12328319963198658,0.8955743164817102,2.4695947150627617,2.439593165871891,0.9642131319177905,2007-07-28,4.0,0,True,False
2007-03-02,2007Q1,9,diag3,gaussian_ar1,3.132726479764969,3.0846579300278103,-0.022215099766323576,0.875484280409851,1.2087836914185912,1.2015362468522506,1.9239427883463778,2007-04-28,11.0,3,True,True
2007-03-02,2007Q2,-4,diag3,gaussian_ar1,3.5478877001773768,3.4864002806016097,0.17830195362931392,0.8910864897886464,2.4695947150627617,2.439593165871891,1.078292985114615,2007-07-28,11.0,0,True,False
2007-03-09,2007Q1,10,diag3,gaussian_ar1,3.095151651143069,3.0482178236966564,-0.04040303224720465,0.8752136019394252,1.2087836914185912,1.2015362468522506,1.8863679597244776,2007-04-28,8.0,0,True,False
2007-03-09,2007Q2,-3,diag3,gaussian_ar1,3.4582777819802235,3.399823222777494,0.1350897393786622,0.8902066009833087,2.4695947150627617,2.439593165871891,0.9886830669174618,2007-07-28,8.0,0,True,False
2007-03-16,2007Q1,11,diag3,gaussian_ar1,3.0859593908460825,3.0393011385002073,-0.044853515097954044,0.8750890454153037,1.2087836914185912,1.2015362468522506,1.8771756994274913,2007-04-28,7.0,0,True,False
2007-03-16,2007Q2,-2,diag3,gaussian_ar1,3.439562776806593,3.381732163756166,0.12606015650650026,0.8901036778004278,2.4695947150627617,2.439593165871891,0.9699680617438311,2007-07-28,7.0,0,True,False
2007-03-23,2007Q1,12,diag3,gaussian_ar1,3.095006653165866,3.048077178790618,-0.04047323072663728,0.8748731814251588,1.2087836914185912,1.2015362468522506,1.8862229617472748,2007-04-28,4.0,0,True,False
2007-03-23,2007Q2,-1,diag3,gaussian_ar1,3.385500139774922,3.329453549645681,0.09996693122898165,0.8876270110810701,2.4695947150627617,2.439593165871891,0.9159054247121601,2007-07-28,4.0,0,True,False
2007-03-30,2007Q1,13,diag3,gaussian_ar1,3.102491714429423,3.0553372680992616,-0.03684958558820678,0.8747918036957159,1.2087836914185912,1.2015362468522506,1.8937080230108316,2007-04-28,8.0,0,True,False
2007-03-30,2007Q2,0,diag3,gaussian_ar1,3.3974972490446564,3.341057123860869,0.105758490190002,0.8874881764119902,2.4695947150627617,2.439593165871891,0.9279025339818947,2007-07-28,8.0,0,True,False
2007-04-06,2007Q1,14,diag3,gaussian_ar1,3.044026943574063,2.998615696662141,-0.06516037321688684,0.8743774555958653,1.2087836914185912,1.2015362468522506,1.8352432521554718,2007-04-28,10.0,2,True,True
2007-04-06,2007Q2,1,diag3,gaussian_ar1,3.3510695835190063,3.2961449225166493,0.08334197805929938,0.8827146046767234,2.4695947150627617,2.439593165871891,0.8814748684562446,2007-07-28,10.0,0,True,False
2007-04-06,2007Q3,-12,diag3,gaussian_ar1,3.1600541237333246,3.1111519683051174,-0.008991434199750667,0.9110468191185689,2.3240880884577653,2.297492443722903,0.8359660352755593,2007-10-28,10.0,0,True,False
2007-04-13,2007Q1,15,diag3,gaussian_ar1,3.057612916457253,3.0117994567837068,-0.0585801141815237,0.8742995039428579,1.2087836914185912,1.2015362468522506,1.8488292250386618,2007-04-28,6.0,0,True,False
2007-04-13,2007Q2,2,diag3,gaussian_ar1,3.3565882444472006,3.3014845030503337,0.0860070616718534,0.8825909076858869,2.4695947150627617,2.439593165871891,0.8869935293844389,2007-07-28,6.0,0,True,False
2007-04-13,2007Q3,-11,diag3,gaussian_ar1,3.1532037540912494,3.104511222368526,-0.01230595358176892,0.9109451707129537,2.3240880884577653,2.297492443722903,0.8291156656334842,2007-10-28,6.0,0,True,False
2007-04-20,2007Q1,16,diag3,gaussian_ar1,3.0422661515483895,2.9969069056511017,-0.06601326248263917,0.8742408993934656,1.2087836914185912,1.2015362468522506,1.8334824601297983,2007-04-28,7.0,0,True,False
2007-04-20,2007Q2,3,diag3,gaussian_ar1,3.2372961796327093,3.185999886063666,0.02836654884661516,0.8808610034127471,2.4695947150627617,2.439593165871891,0.7677014645699476,2007-07-28,7.0,0,True,False
2007-04-20,2007Q3,-10,diag3,gaussian_ar1,3.0088052465114368,2.9644286417876304,-0.08222376595584208,0.9084910433460315,2.3240880884577653,2.297492443722903,0.6847171580536715,2007-10-28,7.0,0,True,False
2007-04-27,2007Q1,17,diag3,gaussian_ar1,3.050966171806735,3.005349706188911,-0.06179930424838609,0.8742030430058285,1.2087836914185912,1.2015362468522506,1.8421824803881437,2007-04-28,4.0,0,True,False
2007-04-27,2007Q2,4,diag3,gaussian_ar1,3.2508160080057635,3.199094904705782,0.03490251536477712,0.8807185358986638,2.4695947150627617,2.439593165871891,0.7812212929430018,2007-07-28,4.0,0,True,False
2007-04-27,2007Q3,-9,diag3,gaussian_ar1,3.0204496911911516,2.975732322612589,-0.07658188934435692,0.9083831082393877,2.3240880884577653,2.297492443722903,0.6963616027333863,2007-10-28,4.0,0,True,False
2007-05-04,2007Q2,5,diag3,gaussian_ar1,3.502533123950613,3.44259010453757,0.16732635232021165,0.8766048982268496,2.4695947150627617,2.439593165871891,1.0329384088878513,2007-07-28,12.0,4,True,True
2007-05-04,2007Q3,-8,diag3,gaussian_ar1,3.0609230150825617,3.0150112966220215,-0.04618897544648648,0.8995010985939771,2.3240880884577653,2.297492443722903,0.7368349266247964,2007-10-28,12.0,0,True,False
2007-05-11,2007Q2,6,diag3,gaussian_ar1,3.5135280896443355,3.4532124356162335,0.17263070899065536,0.8762531375880318,2.4695947150627617,2.439593165871891,1.0439333745815738,2007-07-28,7.0,0,True,False
2007-05-11,2007Q3,-7,diag3,gaussian_ar1,3.0100774092793436,2.96566363806712,-0.07083117308540665,0.8985830132482643,2.3240880884577653,2.297492443722903,0.6859893208215784,2007-10-28,7.0,0,True,False
2007-05-18,2007Q2,7,diag3,gaussian_ar1,3.5201037285881087,3.459564677895173,0.17580275836993398,0.8756943247118663,2.4695947150627617,2.439593165871891,1.050509013525347,2007-07-28,11.0,0,True,False
2007-05-18,2007Q3,-6,diag3,gaussian_ar1,3.007845579241031,2.9634970012948965,-0.07191310266659412,0.8968620509743875,2.3240880884577653,2.297492443722903,0.6837574907832655,2007-10-28,11.0,0,True,False
2007-05-25,2007Q2,8,diag3,gaussian_ar1,3.5127697914657308,3.4524798734380284,0.17226489747078266,0.8754933897814101,2.4695947150627617,2.439593165871891,1.043175076402969,2007-07-28,0.0,0,True,False
2007-05-25,2007Q3,-5,diag3,gaussian_ar1,2.991166101006071,2.947303255378001,-0.07999959550301983,0.8958430788534749,2.3240880884577653,2.297492443722903,0.6670780125483056,2007-10-28,0.0,0,True,False
2007-06-01,2007Q2,9,diag3,gaussian_ar1,3.53484750673394,3.4738060935993547,0.18291433753533726,0.8746003614085465,2.4695947150627617,2.439593165871891,1.0652527916711785,2007-07-28,12.0,2,True,True
2007-06-01,2007Q3,-4,diag3,gaussian_ar1,3.048429252818763,3.002887865888144,-0.05224291974606443,0.8909122783477681,2.3240880884577653,2.297492443722903,0.7243411643609976,2007-10-28,12.0,0,True,False
2007-06-08,2007Q2,10,diag3,gaussian_ar1,3.533262563778994,3.472275251448485,0.18214989772318768,0.8743593535379413,2.4695947150627617,2.439593165871891,1.063667848716232,2007-07-28,8.0,0,True,False
2007-06-08,2007Q3,-3,diag3,gaussian_ar1,3.0515701874254564,3.005935837373313,-0.05072088774019401,0.8900521703387727,2.3240880884577653,2.297492443722903,0.7274820989676911,2007-10-28,8.0,0,True,False
2007-06-15,2007Q2,11,diag3,gaussian_ar1,3.5627766225075685,3.500778026339158,0.19638301501146205,0.8742500317227773,2.4695947150627617,2.439593165871891,1.0931819074448068,2007-07-28,5.0,0,True,False
2007-06-15,2007Q3,-2,diag3,gaussian_ar1,3.073430690348289,3.0271467559049956,-0.040129024582608586,0.8899610076083831,2.3240880884577653,2.297492443722903,0.7493426018905236,2007-10-28,5.0,0,True,False
2007-06-22,2007Q2,12,diag3,gaussian_ar1,3.6125940424328595,3.5488700565120155,0.22039820331179438,0.8740407500049917,2.4695947150627617,2.439593165871891,1.1429993273700978,2007-07-28,6.0,0,True,False
2007-06-22,2007Q3,-1,diag3,gaussian_ar1,3.2852038857520416,3.232394547142709,0.06236330807801016,0.8874762586602152,2.3240880884577653,2.297492443722903,0.9611157972942763,2007-10-28,6.0,0,True,False
2007-06-29,2007Q2,13,diag3,gaussian_ar1,3.6208592528754524,3.556846771000482,0.22438144751608313,0.8739694935070891,2.4695947150627617,2.439593165871891,1.1512645378126907,2007-07-28,4.0,0,True,False
2007-06-29,2007Q3,0,diag3,gaussian_ar1,3.2964397927361944,3.243272480724001,0.06779530215965468,0.8873506678754628,2.3240880884577653,2.297492443722903,0.9723517042784291,2007-10-28,4.0,0,True,False
2007-07-06,2007Q2,14,diag3,gaussian_ar1,3.632067305884612,3.5676625922351435,0.22978242523816172,0.8738894651587804,2.4695947150627617,2.439593165871891,1.1624725908218503,2007-07-28,13.0,3,True,True
2007-07-06,2007Q3,1,diag3,gaussian_ar1,3.168999121035676,3.119822581742519,0.006149483527308042,0.8827263861811776,2.3240880884577653,2.297492443722903,0.8449110325779108,2007-10-28,13.0,0,True,False
2007-07-06,2007Q4,-12,diag3,gaussian_ar1,3.5235254464896393,3.462869988872845,0.17745329516853953,0.9118850757665652,2.5367271478347497,2.505086204878263,0.9867982986548895,2008-01-28,13.0,0,True,False
2007-07-13,2007Q2,15,diag3,gaussian_ar1,3.6213739768730546,3.5573435075870217,0.22462949740332094,0.8738242281436533,2.4695947150627617,2.439593165871891,1.1517792618102929,2007-07-28,6.0,0,True,False
2007-07-13,2007Q3,2,diag3,gaussian_ar1,3.150061773516355,3.10146523997255,-0.003017420379946456,0.8826490026747923,2.3240880884577653,2.297492443722903,0.8259736850585897,2007-10-28,6.0,0,True,False
2007-07-13,2007Q4,-11,diag3,gaussian_ar1,3.4997422474163598,3.4398936351104408,0.1659798460320419,0.9118160201926846,2.5367271478347497,2.505086204878263,0.96301509958161,2008-01-28,6.0,0,True,False
2007-07-20,2007Q2,16,diag3,gaussian_ar1,3.6224241415169667,3.558356965797548,0.22513557688619645,0.8736820422494713,2.4695947150627617,2.439593165871891,1.152829426454205,2007-07-28,8.0,0,True,False
2007-07-20,2007Q3,3,diag3,gaussian_ar1,3.1529134592173547,3.1042298008791165,-0.0016369119984058766,0.8807886129033052,2.3240880884577653,2.297492443722903,0.8288253707595894,2007-10-28,8.0,0,True,False
2007-07-20,2007Q4,-10,diag3,gaussian_ar1,3.5064166002562125,3.446342093339238,0.16919994171223635,0.9092819335301041,2.5367271478347497,2.505086204878263,0.9696894524214628,2008-01-28,8.0,0,True,False
2007-07-27,2007Q2,17,diag3,gaussian_ar1,3.6164919916741756,3.5526320276873746,0.2222767774920057,0.8736437304383508,2.4695947150627617,2.439593165871891,1.1468972766114138,2007-07-28,4.0,0,True,False
2007-07-27,2007Q3,4,diag3,gaussian_ar1,3.1421641978118586,3.093808552309054,-0.006840856307578802,0.8806470081471961,2.3240880884577653,2.297492443722903,0.8180761093540934,2007-10-28,4.0,0,True,False
2007-07-27,2007Q4,-9,diag3,gaussian_ar1,3.496951583269281,3.4371972981829253,0.16463340590874745,0.9091746294141779,2.5367271478347497,2.505086204878263,0.9602244354345313,2008-01-28,4.0,0,True,False
2007-08-03,2007Q3,5,diag3,gaussian_ar1,3.073496798599673,3.0272108929282115,-0.03657444772040533,0.8772601872582559,2.3240880884577653,2.297492443722903,0.7494087101419078,2007-10-28,12.0,2,True,True
2007-08-03,2007Q4,-8,diag3,gaussian_ar1,3.225968164583537,3.1750264907756165,0.03761045614126354,0.8997693675615477,2.5367271478347497,2.505086204878263,0.6892410167487872,2008-01-28,12.0,0,True,False
2007-08-10,2007Q3,6,diag3,gaussian_ar1,3.0215101772604225,2.9767617110633267,-0.0618936140401188,0.8768183591101197,2.3240880884577653,2.297492443722903,0.6974220888026572,2007-10-28,7.0,0,True,False
2007-08-10,2007Q4,-7,diag3,gaussian_ar1,3.1277789645178133,3.0798605838393516,-0.010150901657143357,0.8987701468394487,2.5367271478347497,2.505086204878263,0.5910518166830636,2008-01-28,7.0,0,True,False
2007-08-17,2007Q3,7,diag3,gaussian_ar1,3.0353939057816692,2.9902373367445345,-0.05513053889653187,0.8761728804696554,2.3240880884577653,2.297492443722903,0.711305817323904,2007-10-28,9.0,0,True,False
2007-08-17,2007Q4,-6,diag3,gaussian_ar1,3.164641401950319,3.1155986276893066,0.007785117178635684,0.8970098978991268,2.5367271478347497,2.505086204878263,0.6279142541155691,2008-01-28,9.0,0,True,False
2007-08-24,2007Q3,8,diag3,gaussian_ar1,2.99949050739563,2.9553855699170812,-0.07262175774728533,0.8759633208279402,2.3240880884577653,2.297492443722903,0.6754024189378649,2007-10-28,2.0,0,True,False
2007-08-24,2007Q4,-5,diag3,gaussian_ar1,3.09253381621446,3.045678549905589,-0.02730599853528385,0.8959822123444,2.5367271478347497,2.505086204878263,0.5558066683797103,2008-01-28,2.0,0,True,False
2007-08-31,2007Q3,9,diag3,gaussian_ar1,2.972252575961143,2.928937348247903,-0.08589545017496543,0.8758207712465382,2.3240880884577653,2.297492443722903,0.6481644875033776,2007-10-28,8.0,0,True,False
2007-08-31,2007Q4,-4,diag3,gaussian_ar1,3.068120194331825,3.0219944748681615,-0.039192435794211916,0.8958597644243783,2.5367271478347497,2.505086204878263,0.5313930464970751,2008-01-28,8.0,0,True,False
2007-09-07,2007Q3,10,diag3,gaussian_ar1,2.8267445325480756,2.7875294019467174,-0.15686451605432547,0.8745549339259959,2.3240880884577653,2.297492443722903,0.5026564440903103,2007-10-28,12.0,3,True,True
2007-09-07,2007Q4,-3,diag3,gaussian_ar1,2.8136826393705627,2.7748257780778967,-0.1632401430458433,0.8903544595318054,2.5367271478347497,2.505086204878263,0.276955491535813,2008-01-28,12.0,0,True,False
2007-09-14,2007Q3,11,diag3,gaussian_ar1,2.8181604330990373,2.7791809340326017,-0.1610544006038589,0.8744683698045602,2.3240880884577653,2.297492443722903,0.49407234464127203,2007-10-28,5.0,0,True,False
2007-09-14,2007Q4,-2,diag3,gaussian_ar1,2.811141087522162,2.772353749844667,-0.16448079139078162,0.8902780998152855,2.5367271478347497,2.505086204878263,0.27441393968741234,2008-01-28,5.0,0,True,False
2007-09-21,2007Q3,12,diag3,gaussian_ar1,2.8327574706179304,2.793376871198549,-0.1539298193741481,0.8742875028004902,2.3240880884577653,2.297492443722903,0.5086693821601651,2007-10-28,6.0,0,True,False
2007-09-21,2007Q4,-1,diag3,gaussian_ar1,2.8718044993373937,2.831341055186021,-0.1348765571994433,0.8878971905430204,2.5367271478347497,2.505086204878263,0.33507735150264395,2008-01-28,6.0,0,True,False
2007-09-28,2007Q3,13,diag3,gaussian_ar1,2.8464149886844536,2.8066572806083037,-0.14726471833167698,0.8742260758970359,2.3240880884577653,2.297492443722903,0.5223269002266884,2007-10-28,4.0,0,True,False
2007-09-28,2007Q4,0,diag3,gaussian_ar1,2.8897092122406765,2.848744419523226,-0.1261422495280843,0.887779075568291,2.5367271478347497,2.505086204878263,0.3529820644059267,2008-01-28,4.0,0,True,False
2007-10-05,2007Q3,14,diag3,gaussian_ar1,2.8255488834150633,2.7863666148820436,-0.15744808942452856,0.8734851621447806,2.3240880884577653,2.297492443722903,0.501460794957298,2007-10-28,13.0,4,True,True
2007-10-05,2007Q4,1,diag3,gaussian_ar1,2.8882348115251366,2.8473114178256287,-0.1268614367770484,0.8827673731125328,2.5367271478347497,2.505086204878263,0.3515076636903869,2008-01-28,13.0,0,True,False
2007-10-05,2008Q1,-12,diag3,gaussian_ar1,2.8779883704561415,2.8373521145745775,-0.13185975877396747,0.9118618080377379,-1.6961606735480972,-1.7107102360127044,4.574149044004239,2008-04-28,13.0,0,True,False
2007-10-12,2007Q3,15,diag3,gaussian_ar1,2.8246316696101115,2.7854746012669684,-0.1578957684600385,0.8734666960178995,2.3240880884577653,2.297492443722903,0.5005435811523462,2007-10-28,4.0,0,True,False
2007-10-12,2007Q4,2,diag3,gaussian_ar1,2.889791294533617,2.8488241964618606,-0.12610221150361878,0.882734667319802,2.5367271478347497,2.505086204878263,0.3530641466988671,2008-01-28,4.0,0,True,False
2007-10-12,2008Q1,-11,diag3,gaussian_ar1,2.881138315868337,2.8404138941059798,-0.1303231291929866,0.9118363007768757,-1.6961606735480972,-1.7107102360127044,4.577298989416434,2008-04-28,4.0,0,True,False
2007-10-19,2007Q3,16,diag3,gaussian_ar1,2.848611163678161,2.808792650660645,-0.1461930301989702,0.8734231599169947,2.3240880884577653,2.297492443722903,0.5245230752203955,2007-10-28,10.0,0,True,False
2007-10-19,2007Q4,3,diag3,gaussian_ar1,3.0299929883291776,2.98499539142308,-0.05776133845614044,0.881704709940991,2.5367271478347497,2.505086204878263,0.4932658404944279,2008-01-28,10.0,0,True,False
2007-10-19,2008Q1,-10,diag3,gaussian_ar1,3.0378729304167074,2.9926433010631794,-0.05392304635668803,0.9104193787509346,-1.6961606735480972,-1.7107102360127044,4.7340336039648045,2008-04-28,10.0,0,True,False
2007-10-26,2007Q3,17,diag3,gaussian_ar1,2.854652962210058,2.8146669361848065,-0.1432448751110626,0.8734061190704371,2.3240880884577653,2.297492443722903,0.5305648737522928,2007-10-28,4.0,0,True,False
2007-10-26,2007Q4,4,diag3,gaussian_ar1,3.0455816420151383,3.000124456324286,-0.05016844405556729,0.8810183395727931,2.5367271478347497,2.505086204878263,0.5088544941803885,2008-01-28,4.0,0,True,False
2007-10-26,2008Q1,-9,diag3,gaussian_ar1,3.0502885945774105,3.00469218740759,-0.047876015541827695,0.9094515582635535,-1.6961606735480972,-1.7107102360127044,4.746449268125508,2008-04-28,4.0,0,True,False
2007-11-02,2007Q4,5,diag3,gaussian_ar1,3.0476810440095425,3.0021617883235185,-0.04492961310929375,0.8770446585061372,2.5367271478347497,2.505086204878263,0.5109538961747928,2008-01-28,11.0,3,True,True
2007-11-02,2008Q1,-8,diag3,gaussian_ar1,2.957214249796114,2.914332030783092,-0.08921618328872874,0.9001137510370315,-1.6961606735480972,-1.7107102360127044,4.653374923344211,2008-04-28,11.0,0,True,False
2007-11-09,2007Q4,6,diag3,gaussian_ar1,3.052492996802436,3.00683131644611,-0.04257508782427516,0.8767730916774161,2.5367271478347497,2.505086204878263,0.5157658489676864,2008-01-28,8.0,0,True,False
2007-11-09,2008Q1,-7,diag3,gaussian_ar1,2.946023653468788,2.9034622684109266,-0.09469706479870116,0.8992534598315863,-1.6961606735480972,-1.7107102360127044,4.642184327016885,2008-04-28,8.0,0,True,False
2007-11-16,2007Q4,7,diag3,gaussian_ar1,3.13216977680999,3.084118135845587,-0.003604603934406425,0.8763609033323118,2.5367271478347497,2.505086204878263,0.5954426289752401,2008-01-28,7.0,0,True,False
2007-11-16,2008Q1,-6,diag3,gaussian_ar1,3.053646581981284,3.0079507252916873,-0.04201064611582181,0.8977300823072917,-1.6961606735480972,-1.7107102360127044,4.749807255529381,2008-04-28,7.0,0,True,False
2007-11-23,2007Q4,8,diag3,gaussian_ar1,3.1016606649803213,3.054531222789797,-0.018523270888883225,0.8761161285252836,2.5367271478347497,2.505086204878263,0.5649335171455716,2008-01-28,4.0,0,True,False
2007-11-23,2008Q1,-5,diag3,gaussian_ar1,3.0237382504228805,2.9789244138478312,-0.056646639824637454,0.8966659646159415,-1.6961606735480972,-1.7107102360127044,4.719898923970978,2008-04-28,4.0,0,True,False
2007-11-30,2007Q4,9,diag3,gaussian_ar1,3.1376303996215826,3.0894127769498114,-0.0009348767097898114,0.8753672432510203,2.5367271478347497,2.505086204878263,0.6009032517868329,2008-01-28,8.0,0,True,False
2007-11-30,2008Q1,-4,diag3,gaussian_ar1,3.0631401338190978,3.017162543499988,-0.03736575302962239,0.8960234312587567,-1.6961606735480972,-1.7107102360127044,4.759300807367195,2008-04-28,8.0,0,True,False
2007-12-07,2007Q4,10,diag3,gaussian_ar1,3.087369597956502,3.040669120593101,-0.025512985752731115,0.8747231583485284,2.5367271478347497,2.505086204878263,0.5506424501217522,2008-01-28,12.0,3,True,True
2007-12-07,2008Q1,-3,diag3,gaussian_ar1,2.9238148381373508,2.8818866791159348,-0.1055761663268538,0.8908102617763253,-1.6961606735480972,-1.7107102360127044,4.619975511685448,2008-04-28,12.0,0,True,False
2007-12-14,2007Q4,11,diag3,gaussian_ar1,3.0831585077111257,3.0365840650959335,-0.027572801264335395,0.8746720938141852,2.5367271478347497,2.505086204878263,0.5464313598763759,2008-01-28,5.0,0,True,False
2007-12-14,2008Q1,-2,diag3,gaussian_ar1,2.8942486062116135,2.853156225010673,-0.12006297931200931,0.8907567525415852,-1.6961606735480972,-1.7107102360127044,4.590409279759711,2008-04-28,5.0,0,True,False
2007-12-21,2007Q4,12,diag3,gaussian_ar1,3.0549215357176474,3.0091878924293995,-0.04138682691373924,0.8745326243183844,2.5367271478347497,2.505086204878263,0.5181943878828976,2008-01-28,6.0,0,True,False
2007-12-21,2008Q1,-1,diag3,gaussian_ar1,2.7022195768986235,2.666354295142569,-0.21425448124061058,0.888487673113754,-1.6961606735480972,-1.7107102360127044,4.398380250446721,2008-04-28,6.0,0,True,False
2007-12-28,2007Q4,13,diag3,gaussian_ar1,3.075431076927093,3.029087476374382,-0.031352820836523576,0.874487707761815,2.5367271478347497,2.505086204878263,0.5387039290923434,2008-01-28,4.0,0,True,False
2007-12-28,2008Q1,0,diag3,gaussian_ar1,2.734077434265969,2.6973691236672357,-0.1986158136804895,0.888383061724193,-1.6961606735480972,-1.7107102360127044,4.430238107814066,2008-04-28,4.0,0,True,False
2008-01-04,2007Q4,14,diag3,gaussian_ar1,3.0885785936059618,3.041841901084789,-0.02492163235492295,0.8742544861302476,2.5367271478347497,2.505086204878263,0.551851445771212,2008-01-28,12.0,3,True,True
2008-01-04,2008Q1,1,diag3,gaussian_ar1,2.7827605871192596,2.744745440111722,-0.17472716111195483,0.8839069540415467,-1.6961606735480972,-1.7107102360127044,4.478921260667357,2008-04-28,12.0,0,True,False
2008-01-04,2008Q2,-12,diag3,gaussian_ar1,2.8943328485890207,2.8532380977528993,-0.12002169645929592,0.9131861138096828,2.403069701864058,2.37465037252643,0.49126314672496285,2008-07-28,12.0,0,True,False
2008-01-11,2007Q4,15,diag3,gaussian_ar1,3.1058849732744642,3.0586283650952875,-0.016457360822312694,0.8742231217620586,2.5367271478347497,2.505086204878263,0.5691578254397145,2008-01-28,5.0,0,True,False
2008-01-11,2008Q1,2,diag3,gaussian_ar1,2.795157995038866,2.7568064708101097,-0.16864560404725953,0.8834395712418863,-1.6961606735480972,-1.7107102360127044,4.491318668586963,2008-04-28,5.0,0,True,False
2008-01-11,2008Q2,-11,diag3,gaussian_ar1,2.897854652587517,2.8566607777307866,-0.11829587184942278,0.9123757498275822,2.403069701864058,2.37465037252643,0.4947849507234592,2008-07-28,5.0,0,True,False
2008-01-18,2007Q4,16,diag3,gaussian_ar1,3.1228288197755916,3.075060457627506,-0.008171774712296354,0.8741813515677358,2.5367271478347497,2.505086204878263,0.5861016719408418,2008-01-28,10.0,0,True,False
2008-01-18,2008Q1,3,diag3,gaussian_ar1,2.797489571234135,2.7590746221501115,-0.1675019296673055,0.8824383012778808,-1.6961606735480972,-1.7107102360127044,4.493650244782232,2008-04-28,10.0,0,True,False
2008-01-18,2008Q2,-10,diag3,gaussian_ar1,2.8915992690900394,2.8505813763035643,-0.12136130030437119,0.9109931236417882,2.403069701864058,2.37465037252643,0.4885295672259815,2008-07-28,10.0,0,True,False
2008-01-25,2007Q4,17,diag3,gaussian_ar1,3.116052813407588,3.0684894305575505,-0.01148509652524321,0.8741794717660557,2.5367271478347497,2.505086204878263,0.5793256655728385,2008-01-28,0.0,0,True,False
2008-01-25,2008Q1,4,diag3,gaussian_ar1,2.6747572023340105,2.6396109131345424,-0.22773934898135065,0.8818609910308317,-1.6961606735480972,-1.7107102360127044,4.370917875882108,2008-04-28,0.0,0,True,False
2008-01-25,2008Q2,-9,diag3,gaussian_ar1,2.737237497994083,2.700445040837869,-0.19706483795815885,0.9101114309716949,2.403069701864058,2.37465037252643,0.3341677961300249,2008-07-28,0.0,0,True,False
2008-02-01,2008Q1,5,diag3,gaussian_ar1,2.7951205046820915,2.756769999866985,-0.1662880892694509,0.8793681147505671,-1.6961606735480972,-1.7107102360127044,4.491281178230189,2008-04-28,14.0,5,True,True
2008-02-01,2008Q2,-8,diag3,gaussian_ar1,2.7753889196593606,2.737573097413817,-0.17601673908242216,0.9018542159527282,2.403069701864058,2.37465037252643,0.37231921779530275,2008-07-28,14.0,0,True,False
2008-02-08,2008Q1,6,diag3,gaussian_ar1,2.826485749747598,2.7872777328626626,-0.1508273110722056,0.8789677662729576,-1.6961606735480972,-1.7107102360127044,4.522646423295695,2008-04-28,9.0,0,True,False
2008-02-08,2008Q2,-7,diag3,gaussian_ar1,2.7508825780194313,2.713725691846166,-0.18810218142300644,0.9008644131479584,2.403069701864058,2.37465037252643,0.3478128761553734,2008-07-28,9.0,0,True,False
2008-02-15,2008Q1,7,diag3,gaussian_ar1,2.7816994321029576,2.7437130096845883,-0.17290514040079,0.8784487878566175,-1.6961606735480972,-1.7107102360127044,4.477860105651055,2008-04-28,5.0,0,True,False
2008-02-15,2008Q2,-6,diag3,gaussian_ar1,2.5634281575763973,2.531123249904126,-0.28064186156053794,0.8992434428220931,2.403069701864058,2.37465037252643,0.16035845571233942,2008-07-28,5.0,0,True,False
2008-02-22,2008Q1,8,diag3,gaussian_ar1,2.7358168750642786,2.69906225813269,-0.19553334965455577,0.878166474271914,-1.6961606735480972,-1.7107102360127044,4.431977548612376,2008-04-28,6.0,0,True,False
2008-02-22,2008Q2,-5,diag3,gaussian_ar1,2.481672087870468,2.4513787703329664,-0.32105494998238593,0.8981605749471256,2.403069701864058,2.37465037252643,0.07860238600641001,2008-07-28,6.0,0,True,False
2008-02-29,2008Q1,9,diag3,gaussian_ar1,2.726535300423083,2.6900274402702182,-0.20011203516501225,0.8780420981845302,-1.6961606735480972,-1.7107102360127044,4.42269597397118,2008-04-28,4.0,0,True,False
2008-02-29,2008Q2,-4,diag3,gaussian_ar1,2.4719659042357733,2.441907180819328,-0.32585498362193777,0.8980512654680248,2.403069701864058,2.37465037252643,0.06889620237171545,2008-07-28,4.0,0,True,False
2008-03-07,2008Q1,10,diag3,gaussian_ar1,2.7622046821827118,2.724744069629963,-0.18251826291182544,0.8783074194822467,-1.6961606735480972,-1.7107102360127044,4.458365355730809,2008-04-28,15.0,4,True,True
2008-03-07,2008Q2,-3,diag3,gaussian_ar1,2.4611655157990464,2.431366778326182,-0.3311966727300504,0.893512989725544,2.403069701864058,2.37465037252643,0.05809581393498853,2008-07-28,15.0,0,True,False
2008-03-14,2008Q1,11,diag3,gaussian_ar1,2.8202016644022665,2.7811661971736603,-0.1539245290052983,0.8782149661146345,-1.6961606735480972,-1.7107102360127044,4.516362337950364,2008-04-28,5.0,0,True,False
2008-03-14,2008Q2,-2,diag3,gaussian_ar1,2.5054918411275384,2.4746190092901204,-0.3092772089152787,0.8934473343424696,2.403069701864058,2.37465037252643,0.10242213926348054,2008-07-28,5.0,0,True,False
2008-03-21,2008Q1,12,diag3,gaussian_ar1,2.790567564439783,2.7523407613476825,-0.16853274882312308,0.877852685499147,-1.6961606735480972,-1.7107102360127044,4.48672823798788,2008-04-28,7.0,0,True,False
2008-03-21,2008Q2,-1,diag3,gaussian_ar1,2.323884112412977,2.297293100389482,-0.3991428356573939,0.8909211800981571,2.403069701864058,2.37465037252643,-0.07918558945108067,2008-07-28,7.0,0,True,False
2008-03-28,2008Q1,13,diag3,gaussian_ar1,2.7978020777151835,2.75937862374329,-0.1649660849383752,0.8777648469337487,-1.6961606735480972,-1.7107102360127044,4.493962751263281,2008-04-28,4.0,0,True,False
2008-03-28,2008Q2,0,diag3,gaussian_ar1,2.333886755537229,2.3070680950938556,-0.3941890416463811,0.8907762697819726,2.403069701864058,2.37465037252643,-0.06918294632682898,2008-07-28,4.0,0,True,False
2008-04-04,2008Q1,14,diag3,gaussian_ar1,2.74952225699574,2.712401781049195,-0.18877311594271687,0.877228063202618,-1.6961606735480972,-1.7107102360127044,4.445682930543837,2008-04-28,12.0,6,True,True
2008-04-04,2008Q2,1,diag3,gaussian_ar1,2.5321566978814047,2.50062872710945,-0.296095945062125,0.8866326995943548,2.403069701864058,2.37465037252643,0.12908699601734686,2008-07-28,12.0,0,True,False
2008-04-04,2008Q3,-12,diag3,gaussian_ar1,2.649164799086301,2.614682104907257,-0.23829571529650007,0.9157383487237567,-2.0845363314131338,-2.10656952111413,4.733701130499435,2008-10-28,12.0,0,True,False
2008-04-11,2008Q1,15,diag3,gaussian_ar1,2.7723347027663214,2.7346013136942524,-0.17752278638344202,0.8771591285761674,-1.6961606735480972,-1.7107102360127044,4.468495376314419,2008-04-28,5.0,0,True,False
2008-04-11,2008Q2,2,diag3,gaussian_ar1,2.51284640359295,2.481793550388763,-0.305641278687069,0.8860602993612945,2.403069701864058,2.37465037252643,0.10977670172889198,2008-07-28,5.0,0,True,False
2008-04-11,2008Q3,-11,diag3,gaussian_ar1,2.601388537770477,2.568128016353551,-0.2618885019976861,0.914796901521585,-2.0845363314131338,-2.10656952111413,4.68592486918361,2008-10-28,5.0,0,True,False
2008-04-18,2008Q1,16,diag3,gaussian_ar1,2.782402246434268,2.7443968006048727,-0.1725586072856185,0.8770671039338767,-1.6961606735480972,-1.7107102360127044,4.478562919982365,2008-04-28,10.0,0,True,False
2008-04-18,2008Q2,3,diag3,gaussian_ar1,2.4986371036335386,2.467931595205497,-0.31266627180927165,0.8849559548860711,2.403069701864058,2.37465037252643,0.09556740176948075,2008-07-28,10.0,0,True,False
2008-04-18,2008Q3,-10,diag3,gaussian_ar1,2.570868209681776,2.5383770853089294,-0.2769657463838095,0.9133331612924727,-2.0845363314131338,-2.10656952111413,4.65540454109491,2008-10-28,10.0,0,True,False
2008-04-25,2008Q1,17,diag3,gaussian_ar1,2.7759201948579726,2.7380900245021533,-0.17575476959888003,0.8770633504988038,-1.6961606735480972,-1.7107102360127044,4.47208086840607,2008-04-28,0.0,0,True,False
2008-04-25,2008Q2,4,diag3,gaussian_ar1,2.4084983285608708,2.3799514663565167,-0.35725304127168495,0.8843512495404503,2.403069701864058,2.37465037252643,0.005428626696812877,2008-07-28,0.0,0,True,False
2008-04-25,2008Q3,-9,diag3,gaussian_ar1,2.4579845407820544,2.428262163636585,-0.33277003641166414,0.9124197918046049,-2.0845363314131338,-2.10656952111413,4.542520872195189,2008-10-28,0.0,0,True,False
2008-05-02,2008Q2,5,diag3,gaussian_ar1,2.6364014488733156,2.602247377553832,-0.2129322384199106,0.8822436045378536,2.403069701864058,2.37465037252643,0.23333174700925774,2008-07-28,13.0,8,True,True
2008-05-02,2008Q3,-8,diag3,gaussian_ar1,2.005873467168895,1.9860208649801454,-0.5173161034220328,0.9046995934514076,-2.0845363314131338,-2.10656952111413,4.090409798582028,2008-10-28,13.0,0,True,False
2008-05-09,2008Q2,6,diag3,gaussian_ar1,2.5476970741798777,2.515784166361411,-0.2556405702852924,0.8816135027228876,2.403069701864058,2.37465037252643,0.1446273723158198,2008-07-28,10.0,0,True,False
2008-05-09,2008Q3,-7,diag3,gaussian_ar1,1.8350253747279277,1.8183919608517132,-0.6001160685056208,0.9034290138708919,-2.0845363314131338,-2.10656952111413,3.9195617061410615,2008-10-28,10.0,0,True,False
2008-05-16,2008Q2,7,diag3,gaussian_ar1,2.5294497608625566,2.497988606351828,-0.26443065189500947,0.881482140683579,2.403069701864058,2.37465037252643,0.1263800589984987,2008-07-28,7.0,0,True,False
2008-05-16,2008Q3,-6,diag3,gaussian_ar1,1.8044642027087665,1.7883769845698478,-0.6149419065736133,0.9033391208885893,-2.0845363314131338,-2.10656952111413,3.8890005341219003,2008-10-28,7.0,0,True,False
2008-05-23,2008Q2,8,diag3,gaussian_ar1,2.4437028011150996,2.4143220737570337,-0.30575756990794445,0.880778522985197,2.403069701864058,2.37465037252643,0.04063309925104175,2008-07-28,4.0,0,True,False
2008-05-23,2008Q3,-5,diag3,gaussian_ar1,1.7000137708859997,1.6857252473355666,-0.6656465288042521,0.900649157482365,-2.0845363314131338,-2.10656952111413,3.7845501022991335,2008-10-28,4.0,0,True,False
2008-05-30,2008Q2,9,diag3,gaussian_ar1,2.477064666532902,2.446882820161428,-0.2896742537316732,0.8805020752600229,2.403069701864058,2.37465037252643,0.07399496466884425,2008-07-28,8.0,0,True,False
2008-05-30,2008Q3,-4,diag3,gaussian_ar1,1.7358484034625032,1.7209546631958121,-0.6482450286374991,0.9004243764687383,-2.0845363314131338,-2.10656952111413,3.820384734875637,2008-10-28,8.0,0,True,False
2008-06-06,2008Q2,10,diag3,gaussian_ar1,2.526929573089154,2.4955305625867696,-0.26564479774282135,0.8769001917605941,2.403069701864058,2.37465037252643,0.12385987122509601,2008-07-28,10.0,8,True,True
2008-06-06,2008Q3,-3,diag3,gaussian_ar1,1.8060406750923574,1.7899255022993792,-0.614177019309074,0.8928767748638847,-2.0845363314131338,-2.10656952111413,3.890577006505491,2008-10-28,10.0,0,True,False
2008-06-13,2008Q2,11,diag3,gaussian_ar1,2.569625885449267,2.537165891743276,-0.2450791093949387,0.8767765586342238,2.403069701864058,2.37465037252643,0.16655618358520918,2008-07-28,6.0,0,True,False
2008-06-13,2008Q3,-2,diag3,gaussian_ar1,1.8259414625404924,1.8094713391591897,-0.6045223919168801,0.8927681889335426,-2.0845363314131338,-2.10656952111413,3.910477793953626,2008-10-28,6.0,0,True,False
2008-06-20,2008Q2,12,diag3,gaussian_ar1,2.489863355545441,2.4593713607788694,-0.28350556383630265,0.8765201646256999,2.403069701864058,2.37465037252643,0.08679365368138292,2008-07-28,7.0,0,True,False
2008-06-20,2008Q3,-1,diag3,gaussian_ar1,1.613101397187,1.6002291602570207,-0.7078771516296762,0.8900412059289913,-2.0845363314131338,-2.10656952111413,3.697637728600134,2008-10-28,7.0,0,True,False
2008-06-27,2008Q2,13,diag3,gaussian_ar1,2.4962288145867984,2.46558198607156,-0.2804378377776269,0.8764379469144551,2.403069701864058,2.37465037252643,0.09315911272274047,2008-07-28,4.0,0,True,False
2008-06-27,2008Q3,0,diag3,gaussian_ar1,1.6231277449769044,1.6100958536515495,-0.7030035179755928,0.88990949213589,-2.0845363314131338,-2.10656952111413,3.707664076390038,2008-10-28,4.0,0,True,False
2008-07-04,2008Q2,14,diag3,gaussian_ar1,2.453291047396222,2.423681163032115,-0.3011346663029837,0.8742184261095798,2.403069701864058,2.37465037252643,0.050221345532164285,2008-07-28,9.0,6,True,True
2008-07-04,2008Q3,1,diag3,gaussian_ar1,1.6803195335258314,1.6663583428746087,-0.6752127728925382,0.8839587485075379,-2.0845363314131338,-2.10656952111413,3.764855864938965,2008-10-28,9.0,0,True,False
2008-07-04,2008Q4,-12,diag3,gaussian_ar1,2.454937218596176,2.4252879029994814,-0.3003410202794175,0.915200199131055,-8.472768957225274,-8.853365095794153,10.927706175821449,2009-01-28,9.0,0,True,False
2008-07-11,2008Q2,15,diag3,gaussian_ar1,2.475729248867675,2.4455796735785156,-0.2903179404044758,0.8740563529672044,2.403069701864058,2.37465037252643,0.07265954700361732,2008-07-28,7.0,0,True,False
2008-07-11,2008Q3,2,diag3,gaussian_ar1,1.654039555452047,1.64050931437018,-0.6879808493095476,0.883238691019182,-2.0845363314131338,-2.10656952111413,3.738575886865181,2008-10-28,7.0,0,True,False
2008-07-11,2008Q4,-11,diag3,gaussian_ar1,2.3971585178772736,2.3688777383454953,-0.32820470934900003,0.9140747998781726,-8.472768957225274,-8.853365095794153,10.869927475102546,2009-01-28,7.0,0,True,False
2008-07-18,2008Q2,16,diag3,gaussian_ar1,2.471900793684245,2.4418436409314817,-0.2921633463285551,0.8739023142329277,2.403069701864058,2.37465037252643,0.06883109182018732,2008-07-28,11.0,0,True,False
2008-07-18,2008Q3,3,diag3,gaussian_ar1,1.5794301660192467,1.5670869662827447,-0.7242476726811116,0.8818240589988481,-2.0845363314131338,-2.10656952111413,3.6639664974323805,2008-10-28,11.0,0,True,False
2008-07-18,2008Q4,-10,diag3,gaussian_ar1,2.284714162103385,2.259005412463909,-0.38247592703636124,0.9122253804017858,-8.472768957225274,-8.853365095794153,10.757483119328658,2009-01-28,11.0,0,True,False
2008-07-25,2008Q2,17,diag3,gaussian_ar1,2.4697466559656878,2.4397414447742376,-0.2932017219555012,0.8738951538593641,2.403069701864058,2.37465037252643,0.06667695410162988,2008-07-28,0.0,0,True,False
2008-07-25,2008Q3,4,diag3,gaussian_ar1,1.5508036613375964,1.5389015954181735,-0.7381697807780925,0.8811055077832258,-2.0845363314131338,-2.10656952111413,3.63533999275073,2008-10-28,0.0,0,True,False
2008-07-25,2008Q4,-9,diag3,gaussian_ar1,2.2487425830569396,2.223831138298948,-0.39985019007197636,0.9111562921666169,-8.472768957225274,-8.853365095794153,10.721511540282213,2009-01-28,0.0,0,True,False
2008-08-01,2008Q3,5,diag3,gaussian_ar1,1.8047504020186844,1.7886581106578556,-0.6143058198089988,0.876725484089065,-2.0845363314131338,-2.10656952111413,3.889286733431818,2008-10-28,13.0,3,True,True
2008-08-01,2008Q4,-8,diag3,gaussian_ar1,2.5955109474791627,2.562399284284343,-0.23026493092822198,0.9010712158224268,-8.472768957225274,-8.853365095794153,11.068279904704436,2009-01-28,13.0,0,True,False
2008-08-08,2008Q3,6,diag3,gaussian_ar1,1.7990126819291463,1.7830219475495248,-0.6171032889935006,0.8760298419318062,-2.0845363314131338,-2.10656952111413,3.88354901334228,2008-10-28,10.0,0,True,False
2008-08-08,2008Q4,-7,diag3,gaussian_ar1,2.4876575802301737,2.4572191488628747,-0.2824703376930435,0.8997239311880455,-8.472768957225274,-8.853365095794153,10.960426537455447,2009-01-28,10.0,0,True,False
2008-08-15,2008Q3,7,diag3,gaussian_ar1,1.8618979698347804,1.8447768417046249,-0.5864516896571162,0.8758936587450789,-2.0845363314131338,-2.10656952111413,3.946434301247914,2008-10-28,5.0,0,True,False
2008-08-15,2008Q4,-6,diag3,gaussian_ar1,2.5241794732961953,2.492848207142889,-0.2647861098423916,0.8996367933511871,-8.472768957225274,-8.853365095794153,10.996948430521469,2009-01-28,5.0,0,True,False
2008-08-22,2008Q3,8,diag3,gaussian_ar1,1.8080539499126802,1.791903042041017,-0.6126952213618391,0.8750307348074154,-2.0845363314131338,-2.10656952111413,3.892590281325814,2008-10-28,6.0,0,True,False
2008-08-22,2008Q4,-5,diag3,gaussian_ar1,2.42238847191083,2.3935140140642606,-0.31408992500240374,0.8964152848846383,-8.472768957225274,-8.853365095794153,10.895157429136104,2009-01-28,6.0,0,True,False
2008-08-29,2008Q3,9,diag3,gaussian_ar1,1.8258595797582489,1.809390924665596,-0.604015236094533,0.8748961781843357,-2.0845363314131338,-2.10656952111413,3.9103959111713826,2008-10-28,4.0,0,True,False
2008-08-29,2008Q4,-4,diag3,gaussian_ar1,2.440557399913379,2.41125165614771,-0.3052859734168243,0.8963048245707079,-8.472768957225274,-8.853365095794153,10.913326357138653,2009-01-28,4.0,0,True,False
2008-09-05,2008Q3,10,diag3,gaussian_ar1,1.7991113056291308,1.7831188283046653,-0.6170552029246862,0.8735613557543762,-2.0845363314131338,-2.10656952111413,3.8836476370422646,2008-10-28,12.0,3,True,True
2008-09-05,2008Q4,-3,diag3,gaussian_ar1,2.3471708083400378,2.32004834151193,-0.350554085306791,0.8902692013864789,-8.472768957225274,-8.853365095794153,10.819939765565312,2009-01-28,12.0,0,True,False
2008-09-12,2008Q3,11,diag3,gaussian_ar1,1.8426482317310144,1.8258771769499391,-0.5958324028714838,0.8734991265939622,-2.0845363314131338,-2.10656952111413,3.927184563144148,2008-10-28,4.0,0,True,False
2008-09-12,2008Q4,-2,diag3,gaussian_ar1,2.380082638733305,2.3522002217551607,-0.3345957298661392,0.8902237722445411,-8.472768957225274,-8.853365095794153,10.85285159595858,2009-01-28,4.0,0,True,False
2008-09-19,2008Q3,12,diag3,gaussian_ar1,1.7538327162504697,1.738630559817028,-0.6391366362994682,0.8731000166683516,-2.0845363314131338,-2.10656952111413,3.8383690476636034,2008-10-28,10.0,0,True,False
2008-09-19,2008Q4,-1,diag3,gaussian_ar1,2.3510631475420096,2.3238513437432844,-0.348666492391838,0.8871274382508545,-8.472768957225274,-8.853365095794153,10.823832104767284,2009-01-28,10.0,0,True,False
2008-09-26,2008Q3,13,diag3,gaussian_ar1,1.7444939631550138,1.7294523486205116,-0.6436921756792908,0.8730165291372378,-2.0845363314131338,-2.10656952111413,3.8290302945681476,2008-10-28,4.0,0,True,False
2008-09-26,2008Q4,0,diag3,gaussian_ar1,2.3456543147682973,2.3185666153489644,-0.3512895294735221,0.8869885971964566,-8.472768957225274,-8.853365095794153,10.81842327199357,2009-01-28,4.0,0,True,False
2008-10-03,2008Q3,14,diag3,gaussian_ar1,1.3671264215245005,1.3578655579388914,-0.8281266173943096,0.8604463573752728,-2.0845363314131338,-2.10656952111413,3.4516627529376342,2008-10-28,10.0,15,True,True
2008-10-03,2008Q4,1,diag3,gaussian_ar1,1.3891116220778654,1.3795518950416934,-0.817362759322116,0.8723830561166646,-8.472768957225274,-8.853365095794153,9.86188057930314,2009-01-28,10.0,0,True,False
2008-10-03,2009Q1,-12,diag3,gaussian_ar1,1.135101587857834,1.1287076494218875,-0.9418675037277203,0.9104139348854745,-4.462803810727223,-4.565452543960741,5.597905398585057,2009-04-28,10.0,0,True,False
2008-10-10,2008Q3,15,diag3,gaussian_ar1,1.311402133371109,1.3028777011049162,-0.8554194462316218,0.8603036520269963,-2.0845363314131338,-2.10656952111413,3.3959384647842428,2008-10-28,7.0,0,True,False
2008-10-10,2008Q4,2,diag3,gaussian_ar1,1.1978026443445033,1.1906857628994718,-0.9111051110796392,0.8715453854648314,-8.472768957225274,-8.853365095794153,9.670571601569776,2009-01-28,7.0,0,True,False
2008-10-10,2009Q1,-11,diag3,gaussian_ar1,0.8708901107633782,0.8671197375629784,-1.0717047899094916,0.9089684519111827,-4.462803810727223,-4.565452543960741,5.333693921490601,2009-04-28,7.0,0,True,False
2008-10-17,2008Q3,16,diag3,gaussian_ar1,1.0968224862169862,1.0908510130146754,-0.9606573740246838,0.8601482845059127,-2.0845363314131338,-2.10656952111413,3.18135881763012,2008-10-28,9.0,0,True,False
2008-10-17,2008Q4,3,diag3,gaussian_ar1,0.6844753933094916,0.6821434952872556,-1.1635164226967722,0.8695519320196561,-8.472768957225274,-8.853365095794153,9.157244350534764,2009-01-28,9.0,0,True,False
2008-10-17,2009Q1,-10,diag3,gaussian_ar1,0.3865411933918761,0.3857960425137459,-1.310606358013608,0.9063346736977288,-4.462803810727223,-4.565452543960741,4.849345004119099,2009-04-28,9.0,0,True,False
2008-10-24,2008Q3,17,diag3,gaussian_ar1,1.0797206742989784,1.073933311592505,-0.9690543539366334,0.8601382115079335,-2.0845363314131338,-2.10656952111413,3.164257005712112,2008-10-28,2.0,0,True,False
2008-10-24,2008Q4,4,diag3,gaussian_ar1,0.4343025917371346,0.4333622197546694,-1.2869972266775482,0.8686126927680142,-8.472768957225274,-8.853365095794153,8.907071548962408,2009-01-28,2.0,0,True,False
2008-10-24,2009Q1,-9,diag3,gaussian_ar1,0.06565508786278151,0.06563354433905966,-1.4695167205176614,0.9049357573243905,-4.462803810727223,-4.565452543960741,4.528458898590005,2009-04-28,2.0,0,True,False
2008-10-31,2008Q4,5,diag3,gaussian_ar1,0.4430878817169859,0.44210913742891744,-1.221112408761088,0.8670832033590348,-8.472768957225274,-8.853365095794153,8.91585683894226,2009-01-28,10.0,0,True,False
2008-10-31,2009Q1,-8,diag3,gaussian_ar1,-0.48306646040685575,-0.48423699760251626,-1.6681839550367072,0.898752222090432,-4.462803810727223,-4.565452543960741,3.9797373503203675,2009-04-28,10.0,0,True,False
2008-11-07,2008Q4,6,diag3,gaussian_ar1,-0.7667427571855123,-0.7696973418629027,-1.8059523255006602,0.8356417360463243,-8.472768957225274,-8.853365095794153,7.706026200039761,2009-01-28,13.0,12,True,True
2008-11-07,2009Q1,-7,diag3,gaussian_ar1,-2.2288750093797716,-2.254089803553224,-2.522347210772401,0.8803204982409074,-4.462803810727223,-4.565452543960741,2.2339288013474516,2009-04-28,13.0,0,True,False
2008-11-14,2008Q4,7,diag3,gaussian_ar1,-0.8264299941054154,-0.8298638588604876,-1.8349897843628553,0.8355194888405983,-8.472768957225274,-8.853365095794153,7.646338963119858,2009-01-28,5.0,0,True,False
2008-11-14,2009Q1,-6,diag3,gaussian_ar1,-2.188938173419752,-2.2132508732140175,-2.5026375978701227,0.880210825151457,-4.462803810727223,-4.565452543960741,2.273865637307471,2009-04-28,5.0,0,True,False
2008-11-21,2008Q4,8,diag3,gaussian_ar1,-0.5811566363665643,-0.5828519229175759,-1.715777317257582,0.833731887429789,-8.472768957225274,-8.853365095794153,7.891612320858709,2009-01-28,6.0,0,True,False
2008-11-21,2009Q1,-5,diag3,gaussian_ar1,-1.9358438782607124,-1.954826720670948,-2.3779173868137273,0.873313983983351,-4.462803810727223,-4.565452543960741,2.526959932466511,2009-04-28,6.0,0,True,False
2008-11-28,2008Q4,9,diag3,gaussian_ar1,-0.5735331796190013,-0.5751841969407843,-1.7120767328008384,0.8335919797900573,-8.472768957225274,-8.853365095794153,7.899235777606272,2009-01-28,4.0,0,True,False
2008-11-28,2009Q1,-4,diag3,gaussian_ar1,-1.920732718356133,-1.9394184447550136,-2.3704810717273106,0.8732011547916688,-4.462803810727223,-4.565452543960741,2.5420710923710903,2009-04-28,4.0,0,True,False
2008-12-05,2008Q4,10,diag3,gaussian_ar1,-1.4622218163613199,-1.473017648146595,-2.145387537638316,0.8195544098164059,-8.472768957225274,-8.853365095794153,7.010547140863954,2009-01-28,13.0,9,True,True
2008-12-05,2009Q1,-3,diag3,gaussian_ar1,-3.519287775818458,-3.582707094502972,-3.1635621564722314,0.8555629232508163,-4.462803810727223,-4.565452543960741,0.943516034908765,2009-04-28,13.0,0,True,False
2008-12-12,2008Q4,11,diag3,gaussian_ar1,-1.4798458441718232,-1.490904802089863,-2.1540202044887216,0.8195026335677432,-8.472768957225274,-8.853365095794153,6.99292311305345,2009-01-28,4.0,0,True,False
2008-12-12,2009Q1,-2,diag3,gaussian_ar1,-3.5275405387728553,-3.5912612559996018,-3.167690550884175,0.8555080462845739,-4.462803810727223,-4.565452543960741,0.9352632719543679,2009-04-28,4.0,0,True,False
2008-12-19,2008Q4,12,diag3,gaussian_ar1,-1.5083464250386203,-1.5198376679864665,-2.167983733460687,0.8188613039166134,-8.472768957225274,-8.853365095794153,6.964422532186653,2009-01-28,10.0,0,True,False
2008-12-19,2009Q1,-1,diag3,gaussian_ar1,-3.4277512691829215,-3.4878766261770884,-3.117795242243075,0.8512102871419583,-4.462803810727223,-4.565452543960741,1.0350525415443017,2009-04-28,10.0,0,True,False
2008-12-26,2008Q4,13,diag3,gaussian_ar1,-1.5265560262610722,-1.5383278487351988,-2.1769074320498443,0.8185718829974943,-8.472768957225274,-8.853365095794153,6.946212930964201,2009-01-28,4.0,0,True,False
2008-12-26,2009Q1,0,diag3,gaussian_ar1,-3.3711993590444966,-3.4293345924382233,-3.089541788640804,0.8480601375740788,-4.462803810727223,-4.565452543960741,1.0916044516827266,2009-04-28,4.0,0,True,False
2009-01-02,2008Q4,14,diag3,gaussian_ar1,-2.1156188123613195,-2.138318760989279,-2.466473993347851,0.8098499357396836,-8.472768957225274,-8.853365095794153,6.3571501448639545,2009-01-28,8.0,9,True,True
2009-01-02,2009Q1,1,diag3,gaussian_ar1,-4.76814279157357,-4.885566562612809,-3.7923459069090266,0.8366124028833407,-4.462803810727223,-4.565452543960741,-0.30533898084634714,2009-04-28,8.0,0,True,False
2009-01-02,2009Q2,-12,diag3,gaussian_ar1,-4.037863447842572,-4.12164832357244,-3.423665026792507,0.9157480485482979,-0.7126911125331037,-0.7152428870508096,-3.325172335309468,2009-07-28,8.0,0,True,False
2009-01-09,2008Q4,15,diag3,gaussian_ar1,-2.1033325829381333,-2.1257677714763727,-2.460416656811726,0.8092388955465696,-8.472768957225274,-8.853365095794153,6.36943637428714,2009-01-28,8.0,0,True,False
2009-01-09,2009Q1,2,diag3,gaussian_ar1,-4.675791188378198,-4.788638018321668,-3.745566422938907,0.832656316042622,-4.462803810727223,-4.565452543960741,-0.21298737765097453,2009-04-28,8.0,0,True,False
2009-01-09,2009Q2,-11,diag3,gaussian_ar1,-3.9212426241387988,-4.000194152375741,-3.365049027799118,0.909937270807777,-0.7126911125331037,-0.7152428870508096,-3.208551511605695,2009-07-28,8.0,0,True,False
2009-01-16,2008Q4,16,diag3,gaussian_ar1,-2.1401756532436145,-2.1634095072967665,-2.478583245305292,0.8091350671658597,-8.472768957225274,-8.853365095794153,6.332593303981659,2009-01-28,7.0,0,True,False
2009-01-16,2009Q1,3,diag3,gaussian_ar1,-4.744440599975297,-4.860680728007454,-3.78033554907772,0.832408619855966,-4.462803810727223,-4.565452543960741,-0.2816367892480738,2009-04-28,7.0,0,True,False
2009-01-16,2009Q2,-10,diag3,gaussian_ar1,-3.988107600792501,-4.069812303423301,-3.398648017702203,0.9097286572886151,-0.7126911125331037,-0.7152428870508096,-3.2754164882593972,2009-07-28,7.0,0,True,False
2009-01-23,2008Q4,17,diag3,gaussian_ar1,-2.16616304515983,-2.1899687651655513,-2.491401227735723,0.8088969276631763,-8.472768957225274,-8.853365095794153,6.306605912065443,2009-01-28,4.0,0,True,False
2009-01-23,2009Q1,4,diag3,gaussian_ar1,-4.611859100846005,-4.721592449407028,-3.713209008110832,0.8271853964205972,-4.462803810727223,-4.565452543960741,-0.14905529011878205,2009-04-28,4.0,0,True,False
2009-01-23,2009Q2,-9,diag3,gaussian_ar1,-3.7516296380771696,-3.8238144268231804,-3.279924954137628,0.9012883072002578,-0.7126911125331037,-0.7152428870508096,-3.038938525544066,2009-07-28,4.0,0,True,False
2009-01-30,2009Q1,5,diag3,gaussian_ar1,-5.289636742764515,-5.434675928879054,-3.4682198298584206,0.8235802014650636,-4.462803810727223,-4.565452543960741,-0.8268329320372914,2009-04-28,10.0,0,True,False
2009-01-30,2009Q2,-8,diag3,gaussian_ar1,-5.853171845596872,-6.0314620731203625,-3.7180797419343397,0.8913819890011663,-0.7126911125331037,-0.7152428870508096,-5.140480733063768,2009-07-28,10.0,0,True,False
2009-02-06,2009Q1,6,diag3,gaussian_ar1,-7.41893752262921,-7.7085574134435735,-4.4202389631555565,0.7222395283856694,-4.462803810727223,-4.565452543960741,-2.9561337119019866,2009-04-28,11.0,18,True,True
2009-02-06,2009Q2,-7,diag3,gaussian_ar1,-7.4589433722831,-7.751778450962007,-4.438334565304489,0.8163480342255156,-0.7126911125331037,-0.7152428870508096,-6.746252259749996,2009-07-28,11.0,0,True,False
2009-02-13,2009Q1,7,diag3,gaussian_ar1,-7.41538880968462,-7.704724399608203,-4.418634173049196,0.7218446654645969,-4.462803810727223,-4.565452543960741,-2.9525849989573967,2009-04-28,6.0,0,True,False
2009-02-13,2009Q2,-6,diag3,gaussian_ar1,-7.50731072412778,-7.804057944856607,-4.460222723858312,0.81609182250603,-0.7126911125331037,-0.7152428870508096,-6.794619611594676,2009-07-28,6.0,0,True,False
2009-02-20,2009Q1,8,diag3,gaussian_ar1,-7.4559553175412745,-7.748549606802285,-4.43698272641607,0.7176773387856503,-4.462803810727223,-4.565452543960741,-2.9931515068140513,2009-04-28,7.0,0,True,False
2009-02-20,2009Q2,-5,diag3,gaussian_ar1,-7.591884565624241,-7.8955381820865735,-4.498523284706657,0.8027548654322555,-0.7126911125331037,-0.7152428870508096,-6.879193453091137,2009-07-28,7.0,0,True,False
2009-02-27,2009Q1,9,diag3,gaussian_ar1,-7.56637695805682,-7.86793877954946,-4.486968082968456,0.7171895805962598,-4.462803810727223,-4.565452543960741,-3.1035731473295964,2009-04-28,4.0,0,True,False
2009-02-27,2009Q2,-4,diag3,gaussian_ar1,-7.691506892059907,-8.003403237514929,-4.543683772304196,0.8023074286058881,-0.7126911125331037,-0.7152428870508096,-6.978815779526803,2009-07-28,4.0,0,True,False
2009-03-06,2009Q1,10,diag3,gaussian_ar1,-8.048865731287268,-8.391289930190723,-4.706082540879166,0.7105648297427306,-4.462803810727223,-4.565452543960741,-3.586061920560045,2009-04-28,10.0,6,True,True
2009-03-06,2009Q2,-3,diag3,gaussian_ar1,-8.220561110592184,-8.578189068786072,-4.7843326859053485,0.7816097991509792,-0.7126911125331037,-0.7152428870508096,-7.50786999805908,2009-07-28,10.0,0,True,False
2009-03-13,2009Q1,11,diag3,gaussian_ar1,-8.082215017329386,-8.427564996736596,-4.721270033124353,0.7096424646041825,-4.462803810727223,-4.565452543960741,-3.6194112066021624,2009-04-28,8.0,0,True,False
2009-03-13,2009Q2,-2,diag3,gaussian_ar1,-8.257983403789893,-8.618971541459214,-4.801407319984369,0.7808562226758836,-0.7126911125331037,-0.7152428870508096,-7.545292291256789,2009-07-28,8.0,0,True,False
2009-03-20,2009Q1,12,diag3,gaussian_ar1,-7.506509888678082,-7.8031921121199606,-4.459860220650858,0.7074822508857326,-4.462803810727223,-4.565452543960741,-3.0437060779508585,2009-04-28,9.0,0,True,False
2009-03-20,2009Q2,-1,diag3,gaussian_ar1,-7.337399362162111,-7.62052399371756,-4.383381501358337,0.7678288045965895,-0.7126911125331037,-0.7152428870508096,-6.624708249629007,2009-07-28,9.0,0,True,False
2009-03-27,2009Q1,13,diag3,gaussian_ar1,-7.458239324271609,-7.7510176585537724,-4.43801603993981,0.707028818045849,-4.462803810727223,-4.565452543960741,-2.995435513544386,2009-04-28,4.0,0,True,False
2009-03-27,2009Q2,0,diag3,gaussian_ar1,-7.28908905477782,-7.568401866812332,-4.361559228553551,0.7671180691520809,-0.7126911125331037,-0.7152428870508096,-6.576397942244716,2009-07-28,4.0,0,True,False
2009-04-03,2009Q1,14,diag3,gaussian_ar1,-7.3604592432773615,-7.6454129464957035,-4.39380190339484,0.7097225180461181,-4.462803810727223,-4.565452543960741,-2.8976554325501382,2009-04-28,9.0,5,True,True
2009-04-03,2009Q2,1,diag3,gaussian_ar1,-6.841870194862965,-7.087181625786112,-4.160083962627561,0.750367974192353,-0.7126911125331037,-0.7152428870508096,-6.129179082329861,2009-07-28,9.0,0,True,False
2009-04-03,2009Q3,-12,diag3,gaussian_ar1,-6.372448215560944,-6.58454891476128,-3.949643813848966,0.8626245953368249,1.4121870876976361,1.4023086188557472,-7.78463530325858,2009-10-28,9.0,0,True,False
2009-04-10,2009Q1,15,diag3,gaussian_ar1,-7.249772665064691,-7.526003345303515,-4.343807993947041,0.7085040141747103,-4.462803810727223,-4.565452543960741,-2.786968854337468,2009-04-28,7.0,0,True,False
2009-04-10,2009Q2,2,diag3,gaussian_ar1,-6.809969395065696,-7.05294377762201,-4.145749404403482,0.7451682749266593,-0.7126911125331037,-0.7152428870508096,-6.097278282532592,2009-07-28,7.0,0,True,False
2009-04-10,2009Q3,-11,diag3,gaussian_ar1,-6.356500535565834,-6.567517259385502,-3.942513072031712,0.8555815329648706,1.4121870876976361,1.4023086188557472,-7.76868762326347,2009-10-28,7.0,0,True,False
2009-04-17,2009Q1,16,diag3,gaussian_ar1,-7.164805342107206,-7.43443653150767,-4.305471185586338,0.7078309198108707,-4.462803810727223,-4.565452543960741,-2.702001531379983,2009-04-28,9.0,0,True,False
2009-04-17,2009Q2,3,diag3,gaussian_ar1,-6.496142312824416,-6.716749185819637,-4.004992867143503,0.740160544418318,-0.7126911125331037,-0.7152428870508096,-5.783451200291312,2009-07-28,9.0,0,True,False
2009-04-17,2009Q3,-10,diag3,gaussian_ar1,-5.955454344328592,-6.140162601451902,-3.763590021811987,0.8492026266491214,1.4121870876976361,1.4023086188557472,-7.367641432026228,2009-10-28,9.0,0,True,False
2009-04-24,2009Q1,17,diag3,gaussian_ar1,-7.148466906540973,-7.416838681832303,-4.2981033919218214,0.7077873697591874,-4.462803810727223,-4.565452543960741,-2.6856630958137497,2009-04-28,2.0,0,True,False
2009-04-24,2009Q2,4,diag3,gaussian_ar1,-6.283153468176616,-6.489222067576252,-3.9097327705280693,0.7366388992051748,-0.7126911125331037,-0.7152428870508096,-5.570462355643512,2009-07-28,2.0,0,True,False
2009-04-24,2009Q3,-9,diag3,gaussian_ar1,-5.65160878267259,-5.817596553960103,-3.6285394261460318,0.8436968658672287,1.4121870876976361,1.4023086188557472,-7.063795870370226,2009-10-28,2.0,0,True,False
2009-05-01,2009Q2,5,diag3,gaussian_ar1,-5.239878732759696,-5.382152696805639,-3.2718417250688083,0.7072716579220747,-0.7126911125331037,-0.7152428870508096,-4.5271876202265915,2009-07-28,13.0,5,True,True
2009-05-01,2009Q3,-8,diag3,gaussian_ar1,-3.704301393806808,-3.7746534783949106,-2.6268879759363797,0.7804779805812293,1.4121870876976361,1.4023086188557472,-5.116488481504444,2009-10-28,13.0,0,True,False
2009-05-08,2009Q2,6,diag3,gaussian_ar1,-5.074043358918501,-5.207300205867847,-3.2016881795591776,0.7034232073473332,-0.7126911125331037,-0.7152428870508096,-4.3613522463853975,2009-07-28,10.0,0,True,False
2009-05-08,2009Q3,-7,diag3,gaussian_ar1,-3.624217125679907,-3.691523092804386,-2.5935347691420145,0.7743309882684264,1.4121870876976361,1.4023086188557472,-5.036404213377543,2009-10-28,10.0,0,True,False
2009-05-15,2009Q2,7,diag3,gaussian_ar1,-5.020441263823516,-5.1508488738336276,-3.1790390250078087,0.7029606124344839,-0.7126911125331037,-0.7152428870508096,-4.307750151290412,2009-07-28,5.0,0,True,False
2009-05-15,2009Q3,-6,diag3,gaussian_ar1,-3.589706213887467,-3.6557208058769333,-2.5791703334291283,0.7740397962646246,1.4121870876976361,1.4023086188557472,-5.001893301585103,2009-10-28,5.0,0,True,False
2009-05-22,2009Q2,8,diag3,gaussian_ar1,-4.725657099628123,-4.840963612550775,-3.0547082267242156,0.7001361557215936,-0.7126911125331037,-0.7152428870508096,-4.0129659870950185,2009-07-28,6.0,0,True,False
2009-05-22,2009Q3,-5,diag3,gaussian_ar1,-3.0225597432377405,-3.069180920694587,-2.3438413866828522,0.7646569343087247,1.4121870876976361,1.4023086188557472,-4.434746830935376,2009-10-28,6.0,0,True,False
2009-05-29,2009Q2,9,diag3,gaussian_ar1,-4.674658938556697,-4.787450237052569,-3.0332378261411153,0.699732929528438,-0.7126911125331037,-0.7152428870508096,-3.9619678260235935,2009-07-28,4.0,0,True,False
2009-05-29,2009Q3,-4,diag3,gaussian_ar1,-2.974448092882065,-3.019582045125342,-2.3239415445026714,0.7643144079456098,1.4121870876976361,1.4023086188557472,-4.386635180579701,2009-10-28,4.0,0,True,False
2009-06-05,2009Q2,10,diag3,gaussian_ar1,-4.28515303561311,-4.379675886855781,-2.8696323991851553,0.6937239746682624,-0.7126911125331037,-0.7152428870508096,-3.5724619230800063,2009-07-28,13.0,5,True,True
2009-06-05,2009Q3,-3,diag3,gaussian_ar1,-1.8802192954917363,-1.8981201572698843,-1.8739935502531946,0.7441694519502154,1.4121870876976361,1.4023086188557472,-3.2924063831893724,2009-10-28,13.0,0,True,False
2009-06-12,2009Q2,11,diag3,gaussian_ar1,-4.330459549397025,-4.42702197944171,-2.88862838970903,0.6935864306723194,-0.7126911125331037,-0.7152428870508096,-3.6177684368639214,2009-07-28,4.0,0,True,False
2009-06-12,2009Q3,-2,diag3,gaussian_ar1,-1.936880934339913,-1.955884254436429,-1.8971694066431253,0.7440424426163438,1.4121870876976361,1.4023086188557472,-3.349068022037549,2009-10-28,4.0,0,True,False
2009-06-19,2009Q2,12,diag3,gaussian_ar1,-4.162061564057518,-4.251156232869894,-2.8180683102412427,0.6921670431350496,-0.7126911125331037,-0.7152428870508096,-3.449370451524414,2009-07-28,10.0,0,True,False
2009-06-19,2009Q3,-1,diag3,gaussian_ar1,-1.3684208456816838,-1.3778700257952976,-1.6652610862256807,0.7346925280060208,1.4121870876976361,1.4023086188557472,-2.78060793337932,2009-10-28,10.0,0,True,False
2009-06-26,2009Q2,13,diag3,gaussian_ar1,-4.134758776596237,-4.222671793859115,-2.806639909205939,0.6919086355563395,-0.7126911125331037,-0.7152428870508096,-3.422067664063133,2009-07-28,4.0,0,True,False
2009-06-26,2009Q3,0,diag3,gaussian_ar1,-1.3487505911887188,-1.3579288533157592,-1.657260376921766,0.7343037785111742,1.4121870876976361,1.4023086188557472,-2.760937678886355,2009-10-28,4.0,0,True,False
2009-07-03,2009Q2,14,diag3,gaussian_ar1,-4.098629908638629,-4.184991753379327,-2.791522089491583,0.6917185011592709,-0.7126911125331037,-0.7152428870508096,-3.3859387961055254,2009-07-28,8.0,3,True,True
2009-07-03,2009Q3,1,diag3,gaussian_ar1,-0.8923133745735168,-0.8963183326842201,-1.4720550390214306,0.7238431401812799,1.4121870876976361,1.4023086188557472,-2.304500462271153,2009-10-28,8.0,0,True,False
2009-07-03,2009Q4,-12,diag3,gaussian_ar1,-1.0482838991253796,-1.0538170978490617,-1.5352459991870102,0.8063368399220242,4.394263592305325,4.300454151697932,-5.442547491430705,2010-01-28,8.0,0,True,False
2009-07-10,2009Q2,15,diag3,gaussian_ar1,-4.07886796672754,-4.164387349034552,-2.783255281222811,0.6907189576439655,-0.7126911125331037,-0.7152428870508096,-3.366176854194436,2009-07-28,8.0,0,True,False
2009-07-10,2009Q3,2,diag3,gaussian_ar1,-0.9647025338198612,-0.969385933637994,-1.5013708997294934,0.7191327729141461,1.4121870876976361,1.4023086188557472,-2.3768896215174973,2009-10-28,8.0,0,True,False
2009-07-10,2009Q4,-11,diag3,gaussian_ar1,-1.152087948923497,-1.1587758991344588,-1.5773571066875094,0.8013227261712857,4.394263592305325,4.300454151697932,-5.546351541228822,2010-01-28,8.0,0,True,False
2009-07-17,2009Q2,16,diag3,gaussian_ar1,-3.9537306819729445,-4.03401385687012,-2.7309474034982606,0.6902279659286045,-0.7126911125331037,-0.7152428870508096,-3.241039569439841,2009-07-28,9.0,0,True,False
2009-07-17,2009Q3,3,diag3,gaussian_ar1,-0.5894876450544762,-0.5912319819512946,-1.349649638470837,0.7151464065060431,1.4121870876976361,1.4023086188557472,-2.0016747327521123,2009-10-28,9.0,0,True,False
2009-07-17,2009Q4,-10,diag3,gaussian_ar1,-0.7654355629120535,-0.7683800560052725,-1.4207242077173832,0.7966111658736038,4.394263592305325,4.300454151697932,-5.159699155217378,2010-01-28,9.0,0,True,False
2009-07-24,2009Q2,17,diag3,gaussian_ar1,-3.9441620318114268,-4.024051810847197,-2.726950475314454,0.6901981806679975,-0.7126911125331037,-0.7152428870508096,-3.231470919278323,2009-07-28,2.0,0,True,False
2009-07-24,2009Q3,4,diag3,gaussian_ar1,-0.580816126539796,-0.5825094232141756,-1.3461500119110839,0.7123262119050534,1.4121870876976361,1.4023086188557472,-1.993003214237432,2009-10-28,2.0,0,True,False
2009-07-24,2009Q4,-9,diag3,gaussian_ar1,-0.7716582119456472,-0.7746508994127201,-1.4232401678618953,0.7926026959061587,4.394263592305325,4.300454151697932,-5.1659218042509725,2010-01-28,2.0,0,True,False
2009-07-31,2009Q3,5,diag3,gaussian_ar1,-0.7155024245246278,-0.7180744189201009,-1.3796042706360416,0.7107106501757396,1.4121870876976361,1.4023086188557472,-2.127689512222264,2009-10-28,10.0,0,True,False
2009-07-31,2009Q4,-8,diag3,gaussian_ar1,-0.2962562182595718,-0.2966959256489181,-1.2113525007854815,0.7860352004729505,4.394263592305325,4.300454151697932,-4.690519810564897,2010-01-28,10.0,0,True,False
2009-08-07,2009Q3,6,diag3,gaussian_ar1,0.055909184669600265,0.055893561307937656,-1.070567420012473,0.7023352306737916,1.4121870876976361,1.4023086188557472,-1.3562779030280359,2009-10-28,13.0,4,True,True
2009-08-07,2009Q4,-7,diag3,gaussian_ar1,0.6947579680599114,0.6923556453562805,-0.816435152243901,0.7651466195102454,4.394263592305325,4.300454151697932,-3.699505624245414,2010-01-28,13.0,0,True,False
2009-08-14,2009Q3,7,diag3,gaussian_ar1,-0.07540628134518057,-0.07543472618187641,-1.1230053520722476,0.7019260605025366,1.4121870876976361,1.4023086188557472,-1.4875933690428167,2009-10-28,5.0,0,True,False
2009-08-14,2009Q4,-6,diag3,gaussian_ar1,0.578022691912583,0.5763585504149735,-0.862751508757232,0.7648608104680563,4.394263592305325,4.300454151697932,-3.816240900392742,2010-01-28,5.0,0,True,False
2009-08-21,2009Q3,8,diag3,gaussian_ar1,0.5419128056060041,0.5404497414694283,-0.8770894988416604,0.6992513508705119,1.4121870876976361,1.4023086188557472,-0.870274282091632,2009-10-28,6.0,0,True,False
2009-08-21,2009Q4,-5,diag3,gaussian_ar1,1.5178344173712333,1.5064305604341535,-0.491384046314182,0.7559107576581214,4.394263592305325,4.300454151697932,-2.876429174934092,2010-01-28,6.0,0,True,False
2009-08-28,2009Q3,9,diag3,gaussian_ar1,0.6692787031649106,0.6670489764473877,-0.8265398251233571,0.6989082238603692,1.4121870876976361,1.4023086188557472,-0.7429083845327256,2009-10-28,4.0,0,True,False
2009-08-28,2009Q4,-4,diag3,gaussian_ar1,1.6309809785085783,1.6178233565147515,-0.4469061353898066,0.7556395882012208,4.394263592305325,4.300454151697932,-2.763282613796747,2010-01-28,4.0,0,True,False
2009-09-04,2009Q3,10,diag3,gaussian_ar1,0.9884690341180669,0.983615635647932,-0.700138260884309,0.698348269999419,1.4121870876976361,1.4023086188557472,-0.42371805357956926,2009-10-28,12.0,4,True,True
2009-09-04,2009Q4,-3,diag3,gaussian_ar1,2.1627491806710974,2.1396935913177657,-0.23852912507707016,0.7462020460603401,4.394263592305325,4.300454151697932,-2.231514411634228,2010-01-28,12.0,0,True,False
2009-09-11,2009Q3,11,diag3,gaussian_ar1,0.8265736738551244,0.8231762622313068,-0.7641999274432847,0.6974203130363142,1.4121870876976361,1.4023086188557472,-0.5856134138425118,2009-10-28,5.0,0,True,False
2009-09-11,2009Q4,-2,diag3,gaussian_ar1,1.9528564344453603,1.9340328633454924,-0.3206471781401643,0.7441618599108913,4.394263592305325,4.300454151697932,-2.441407157859965,2010-01-28,5.0,0,True,False
2009-09-18,2009Q3,12,diag3,gaussian_ar1,1.1031854670100039,1.097144762317191,-0.6548073367941744,0.696338258037345,1.4121870876976361,1.4023086188557472,-0.30900162068763226,2009-10-28,10.0,0,True,False
2009-09-18,2009Q4,-1,diag3,gaussian_ar1,2.52371793101136,2.492398027169653,-0.09769814648217434,0.7388335434424639,4.394263592305325,4.300454151697932,-1.8705456612939653,2010-01-28,10.0,0,True,False
2009-09-25,2009Q3,13,diag3,gaussian_ar1,1.1399419036788316,1.1334935248698523,-0.640293678102469,0.6961009204755828,1.4121870876976361,1.4023086188557472,-0.2722451840188045,2009-10-28,0.0,0,True,False
2009-09-25,2009Q4,0,diag3,gaussian_ar1,2.6872378612335712,2.6517657024479915,-0.03406439713157938,0.7345914945263002,4.394263592305325,4.300454151697932,-1.707025731071754,2010-01-28,0.0,0,True,False
2009-10-02,2009Q3,14,diag3,gaussian_ar1,1.2349141061215985,1.2273512414728822,-0.6028173303895136,0.6955644318540065,1.4121870876976361,1.4023086188557472,-0.17727298157603766,2009-10-28,11.0,4,True,True
2009-10-02,2009Q4,1,diag3,gaussian_ar1,2.711685320488466,2.6755705588626553,-0.024559381363657734,0.7245143027927027,4.394263592305325,4.300454151697932,-1.6825782718168592,2010-01-28,11.0,0,True,False
2009-10-02,2010Q1,-12,diag3,gaussian_ar1,2.561302060544768,2.5290502701815525,-0.08306331140107734,0.8003167596382565,1.952133820572155,1.9333240882710745,0.6091682399726128,2010-04-28,11.0,0,True,False
2009-10-09,2009Q3,15,diag3,gaussian_ar1,1.0816807299253828,1.075872411354219,-0.6633011511571654,0.6946796938199328,1.4121870876976361,1.4023086188557472,-0.33050635777225335,2009-10-28,9.0,0,True,False
2009-10-09,2009Q4,2,diag3,gaussian_ar1,2.4489204535443454,2.419415134061,-0.12683940815174538,0.7212851422929359,4.394263592305325,4.300454151697932,-1.9453431387609799,2010-01-28,9.0,0,True,False
2009-10-09,2010Q1,-11,diag3,gaussian_ar1,2.3031192929326982,2.2769978126649986,-0.1837050687511636,0.797405463298203,1.952133820572155,1.9333240882710745,0.3509854723605432,2010-04-28,9.0,0,True,False
2009-10-16,2009Q3,16,diag3,gaussian_ar1,0.9699940077287028,0.9653197681089856,-0.7074435983505902,0.694542458045361,1.4121870876976361,1.4023086188557472,-0.4421930799689333,2009-10-28,7.0,0,True,False
2009-10-16,2009Q4,3,diag3,gaussian_ar1,2.2396587961353243,2.214946735206804,-0.20848137739099842,0.7208616659648537,4.394263592305325,4.300454151697932,-2.154604796170001,2010-01-28,7.0,0,True,False
2009-10-16,2010Q1,-10,diag3,gaussian_ar1,2.1241300533389573,2.1018848706236106,-0.25362572890037727,0.7971243512618804,1.952133820572155,1.9333240882710745,0.17199623276680231,2010-04-28,7.0,0,True,False
2009-10-23,2009Q3,17,diag3,gaussian_ar1,1.141665178896134,1.1351973626455132,-0.6396133545314492,0.694204978315487,1.4121870876976361,1.4023086188557472,-0.27052190880150206,2009-10-28,4.0,0,True,False
2009-10-23,2009Q4,4,diag3,gaussian_ar1,2.835138048207675,2.7956918436776976,0.023403718532490264,0.7139550319479206,4.394263592305325,4.300454151697932,-1.5591255440976504,2010-01-28,4.0,0,True,False
2009-10-23,2010Q1,-9,diag3,gaussian_ar1,2.7740485104238877,2.7362688766363314,-0.0003232146976947514,0.7881401691440326,1.952133820572155,1.9333240882710745,0.8219146898517327,2010-04-28,4.0,0,True,False
2009-10-30,2009Q4,5,diag3,gaussian_ar1,2.8789339669880842,2.8382712540340864,0.04595748592722232,0.7129950163448797,4.394263592305325,4.300454151697932,-1.515329625317241,2010-01-28,10.0,0,True,False
2009-10-30,2010Q1,-8,diag3,gaussian_ar1,2.8455481290346585,2.805814408931007,0.03295003457522933,0.7829806314715674,1.952133820572155,1.9333240882710745,0.8934143084625035,2010-04-28,10.0,0,True,False
2009-11-06,2009Q4,6,diag3,gaussian_ar1,3.087245454606191,3.0405486951466614,0.12702248058463042,0.7008944843272679,4.394263592305325,4.300454151697932,-1.307018137699134,2010-01-28,11.0,7,True,True
2009-11-06,2010Q1,-7,diag3,gaussian_ar1,3.1064913047796905,3.059216430192226,0.1345037886010414,0.7685070299937574,1.952133820572155,1.9333240882710745,1.1543574842075355,2010-04-28,11.0,0,True,False
2009-11-13,2009Q4,7,diag3,gaussian_ar1,3.116513901562179,3.0689365841394936,0.13839925130548567,0.7005865288918303,4.394263592305325,4.300454151697932,-1.2777496907431463,2010-01-28,6.0,0,True,False
2009-11-13,2010Q1,-6,diag3,gaussian_ar1,3.1333390718169207,3.0852519124168323,0.14493780544361232,0.768298839897526,1.952133820572155,1.9333240882710745,1.1812052512447657,2010-04-28,6.0,0,True,False
2009-11-20,2009Q4,8,diag3,gaussian_ar1,3.2148710273617986,3.1642755780435574,0.17660744194190126,0.6972454259909303,4.394263592305325,4.300454151697932,-1.1793925649435266,2010-01-28,7.0,0,True,False
2009-11-20,2010Q1,-5,diag3,gaussian_ar1,3.306463219132194,3.2529755645217087,0.21215497453087517,0.7574304066767794,1.952133820572155,1.9333240882710745,1.354329398560039,2010-04-28,7.0,0,True,False
2009-11-27,2009Q4,9,diag3,gaussian_ar1,3.2626526449199833,3.2105582121640253,0.19515573614154183,0.6968633574896093,4.394263592305325,4.300454151697932,-1.131610947385342,2010-01-28,4.0,0,True,False
2009-11-27,2010Q1,-4,diag3,gaussian_ar1,3.3517005637271557,3.2967554418703022,0.22970026037118074,0.7571347012680534,1.952133820572155,1.9333240882710745,1.3995667431550007,2010-04-28,4.0,0,True,False
2009-12-04,2009Q4,10,diag3,gaussian_ar1,3.0495226893004546,3.0039489501652086,0.11235471479194005,0.693692366613664,4.394263592305325,4.300454151697932,-1.3447409030048707,2010-01-28,9.0,4,True,True
2009-12-04,2010Q1,-3,diag3,gaussian_ar1,2.8137712186306896,2.774911933169018,0.020565514488522577,0.7433369089671261,1.952133820572155,1.9333240882710745,0.8616373980585346,2010-04-28,9.0,0,True,False
2009-12-11,2009Q4,11,diag3,gaussian_ar1,3.1428670991079377,3.0944900378164273,0.1486400897025173,0.6924987147356219,4.394263592305325,4.300454151697932,-1.2513964931973875,2010-01-28,7.0,0,True,False
2009-12-11,2010Q1,-2,diag3,gaussian_ar1,2.8917481958375513,2.8507261176048733,0.0509489147453409,0.7415959947694576,1.952133820572155,1.9333240882710745,0.9396143752653963,2010-04-28,7.0,0,True,False
2009-12-18,2009Q4,12,diag3,gaussian_ar1,3.23591670259622,3.1846636574873295,0.1847781976232744,0.6913252569122461,4.394263592305325,4.300454151697932,-1.1583468897091054,2010-01-28,11.0,0,True,False
2009-12-18,2010Q1,-1,diag3,gaussian_ar1,2.732291950207588,2.6956311418614765,-0.011207168062885284,0.735675744492009,1.952133820572155,1.9333240882710745,0.7801581296354332,2010-04-28,11.0,0,True,False
2009-12-25,2009Q4,13,diag3,gaussian_ar1,3.2728842269657,3.2204660296844874,0.19912640716617586,0.6910293303999817,4.394263592305325,4.300454151697932,-1.1213793653396253,2010-01-28,0.0,0,True,False
2009-12-25,2010Q1,0,diag3,gaussian_ar1,2.8854336814087223,2.8445888827830097,0.048489347799520424,0.7309079239396393,1.952133820572155,1.9333240882710745,0.9332998608365672,2010-04-28,0.0,0,True,False
2010-01-01,2009Q4,14,diag3,gaussian_ar1,3.3793983065586453,3.3235513551591835,0.2404390286473458,0.6901144712209223,4.394263592305325,4.300454151697932,-1.01486528574668,2010-01-28,9.0,4,True,True
2010-01-01,2010Q1,1,diag3,gaussian_ar1,3.0823156729983703,3.0357664357463943,0.12510593551365914,0.7250378451208882,1.952133820572155,1.9333240882710745,1.1301818524262153,2010-04-28,9.0,0,True,False
2010-01-01,2010Q2,-12,diag3,gaussian_ar1,3.090547804377697,3.043752095202114,0.12830627974163253,0.8034018302117735,3.926881074055233,3.851739929043594,-0.8363332696775361,2010-07-28,9.0,0,True,False
2010-01-08,2009Q4,15,diag3,gaussian_ar1,3.2926497285336698,3.239603299343962,0.20679588654148257,0.6891905418228721,4.394263592305325,4.300454151697932,-1.1016138637716555,2010-01-28,11.0,0,True,False
2010-01-08,2010Q1,2,diag3,gaussian_ar1,3.196325423471036,3.146306006373467,0.16940593087166247,0.7173911380532986,1.952133820572155,1.9333240882710745,1.2441916028988809,2010-04-28,11.0,0,True,False
2010-01-08,2010Q2,-11,diag3,gaussian_ar1,3.170990304382837,3.1217525841165337,0.15956586648716392,0.7968268439891308,3.926881074055233,3.851739929043594,-0.755890769672396,2010-07-28,11.0,0,True,False
2010-01-15,2009Q4,16,diag3,gaussian_ar1,3.3231451680685975,3.269122281444665,0.21862595574308888,0.6890591508879106,4.394263592305325,4.300454151697932,-1.0711184242367278,2010-01-28,6.0,0,True,False
2010-01-15,2010Q1,3,diag3,gaussian_ar1,3.2484508532721224,3.196804189809124,0.18964365460350516,0.7169866142733905,1.952133820572155,1.9333240882710745,1.2963170326999673,2010-04-28,6.0,0,True,False
2010-01-15,2010Q2,-10,diag3,gaussian_ar1,3.2153818648948063,3.16477050310987,0.17680578881457182,0.7965688902304721,3.926881074055233,3.851739929043594,-0.7114992091604266,2010-07-28,6.0,0,True,False
2010-01-22,2009Q4,17,diag3,gaussian_ar1,3.3738814403330375,3.3182146889320125,0.23830029870882913,0.6886382155259653,4.394263592305325,4.300454151697932,-1.0203821519722878,2010-01-28,6.0,0,True,False
2010-01-22,2010Q1,4,diag3,gaussian_ar1,3.4183590387856233,3.3612313892060572,0.25553973262056245,0.7091944773699277,1.952133820572155,1.9333240882710745,1.4662252182134683,2010-04-28,6.0,0,True,False
2010-01-22,2010Q2,-9,diag3,gaussian_ar1,3.408207613609493,3.35141502436609,0.2516057123020822,0.7866029294783571,3.926881074055233,3.851739929043594,-0.5186734604457399,2010-07-28,6.0,0,True,False
2010-01-29,2010Q1,5,diag3,gaussian_ar1,3.434407572410203,3.376748255545052,0.25622248917375584,0.7081457947989649,1.952133820572155,1.9333240882710745,1.482273751838048,2010-04-28,6.0,0,True,False
2010-01-29,2010Q2,-8,diag3,gaussian_ar1,3.577113278909505,3.5146205135893465,0.31164587895377466,0.7811150368112371,3.926881074055233,3.851739929043594,-0.34976779514572787,2010-07-28,6.0,0,True,False
2010-02-05,2010Q1,6,diag3,gaussian_ar1,3.9684375385729442,3.891718188629728,0.46323570366083994,0.6989598218501424,1.952133820572155,1.9333240882710745,2.0163037180007892,2010-04-28,14.0,6,True,True
2010-02-05,2010Q2,-7,diag3,gaussian_ar1,4.240310769304689,4.1528728110553645,0.5682174790873334,0.7714960351923346,3.926881074055233,3.851739929043594,0.3134296952494564,2010-07-28,14.0,0,True,False
2010-02-12,2010Q1,7,diag3,gaussian_ar1,3.8883363750950473,3.8146447635640897,0.43225289000646744,0.6988176447325368,1.952133820572155,1.9333240882710745,1.9362025545228922,2010-04-28,4.0,0,True,False
2010-02-12,2010Q2,-6,diag3,gaussian_ar1,4.17440975788157,4.089632543330752,0.5427954684695927,0.7714088369517625,3.926881074055233,3.851739929043594,0.24752868382633686,2010-07-28,4.0,0,True,False
2010-02-19,2010Q1,8,diag3,gaussian_ar1,4.013670463268371,3.93521512771085,0.48072107630307404,0.6945538846355152,1.952133820572155,1.9333240882710745,2.0615366426962156,2010-04-28,11.0,0,True,False
2010-02-19,2010Q2,-5,diag3,gaussian_ar1,4.376103361644468,4.283056825658211,0.6205502651518306,0.758761859976887,3.926881074055233,3.851739929043594,0.4492222875892349,2010-07-28,11.0,0,True,False
2010-02-26,2010Q1,9,diag3,gaussian_ar1,4.160752844495108,4.076522021577791,0.5375251583459973,0.6941240828822544,1.952133820572155,1.9333240882710745,2.208619023922953,2010-04-28,4.0,0,True,False
2010-02-26,2010Q2,-4,diag3,gaussian_ar1,4.505589773781549,4.407037464439674,0.6703893507360612,0.7584369199934314,3.926881074055233,3.851739929043594,0.5787086997263158,2010-07-28,4.0,0,True,False
2010-03-05,2010Q1,10,diag3,gaussian_ar1,3.988592449729622,3.9111019153745405,0.4710277849541048,0.6910815764725622,1.952133820572155,1.9333240882710745,2.036458629157467,2010-04-28,10.0,3,True,True
2010-03-05,2010Q2,-3,diag3,gaussian_ar1,4.226073573149813,4.139213825965836,0.5627266917066465,0.7438866821801171,3.926881074055233,3.851739929043594,0.29919249909458046,2010-07-28,10.0,0,True,False
2010-03-12,2010Q1,11,diag3,gaussian_ar1,3.9121989248424915,3.8376115473771266,0.44148532754915604,0.6905460552587801,1.952133820572155,1.9333240882710745,1.9600651042703365,2010-04-28,6.0,0,True,False
2010-03-12,2010Q2,-2,diag3,gaussian_ar1,4.158711116493374,4.074561832200402,0.5367371801011589,0.7434820264525254,3.926881074055233,3.851739929043594,0.23183004243814143,2010-07-28,6.0,0,True,False
2010-03-19,2010Q1,12,diag3,gaussian_ar1,3.9185089137376172,3.843683786617122,0.4439263123202016,0.6891495407793858,1.952133820572155,1.9333240882710745,1.9663750931654622,2010-04-28,12.0,0,True,False
2010-03-19,2010Q2,-1,diag3,gaussian_ar1,4.177706626264466,4.092797251652783,0.5440676523400829,0.7365832827848536,3.926881074055233,3.851739929043594,0.25082555220923286,2010-07-28,12.0,0,True,False
2010-03-26,2010Q1,13,diag3,gaussian_ar1,3.9074467258000123,3.8330381596895178,0.43964686742656883,0.6885013499058733,1.952133820572155,1.9333240882710745,1.9553129052278573,2010-04-28,4.0,0,True,False
2010-03-26,2010Q2,0,diag3,gaussian_ar1,4.1649501761702235,4.080551607572036,0.539145015149528,0.7307615383179521,3.926881074055233,3.851739929043594,0.23806910211499055,2010-07-28,4.0,0,True,False
2010-04-02,2010Q1,14,diag3,gaussian_ar1,3.9794298782436677,3.9022903958060025,0.4674856344843239,0.688304172068103,1.952133820572155,1.9333240882710745,2.0272960576715127,2010-04-28,8.0,3,True,True
2010-04-02,2010Q2,1,diag3,gaussian_ar1,4.745637124474733,4.6364721583745645,0.7626200043235827,0.7197974063279555,3.926881074055233,3.851739929043594,0.8187560504195002,2010-07-28,8.0,0,True,False
2010-04-02,2010Q3,-12,diag3,gaussian_ar1,4.3684348702139,4.275709575762249,0.6175967377303511,0.8038057666115584,3.1201978026194954,3.0725090820010665,1.2482370675944043,2010-10-28,8.0,0,True,False
2010-04-09,2010Q1,15,diag3,gaussian_ar1,4.011638476853574,3.933261532328423,0.4799357487840463,0.6875436801560824,1.952133820572155,1.9333240882710745,2.059504656281419,2010-04-28,8.0,0,True,False
2010-04-09,2010Q2,2,diag3,gaussian_ar1,4.8040610077393575,4.6922335221934475,0.7850355638091356,0.7176474532461821,3.926881074055233,3.851739929043594,0.8771799336841246,2010-07-28,8.0,0,True,False
2010-04-09,2010Q3,-11,diag3,gaussian_ar1,4.42226019764862,4.327268701622353,0.6383230358979168,0.802135571079079,3.1201978026194954,3.0725090820010665,1.3020623950291244,2010-10-28,8.0,0,True,False
2010-04-16,2010Q1,16,diag3,gaussian_ar1,4.093425380755211,4.01186308732797,0.5115328567291115,0.6873292389708127,1.952133820572155,1.9333240882710745,2.141291560183056,2010-04-28,8.0,0,True,False
2010-04-16,2010Q2,3,diag3,gaussian_ar1,5.0795303437061845,4.954730930751772,0.8905571270093178,0.7132282542148256,3.926881074055233,3.851739929043594,1.1526492696509516,2010-07-28,8.0,0,True,False
2010-04-16,2010Q3,-10,diag3,gaussian_ar1,4.718423574720787,4.6104881782910745,0.7521746814092309,0.796426203573463,3.1201978026194954,3.0725090820010665,1.5982257721012916,2010-10-28,8.0,0,True,False
2010-04-23,2010Q1,17,diag3,gaussian_ar1,4.115519162069958,4.033085788827358,0.5200641890948126,0.6868949580149945,1.952133820572155,1.9333240882710745,2.1633853414978033,2010-04-28,4.0,0,True,False
2010-04-23,2010Q2,4,diag3,gaussian_ar1,5.077596780713511,4.95289081900378,0.889817418875902,0.7084001508317694,3.926881074055233,3.851739929043594,1.1507157066582785,2010-07-28,4.0,0,True,False
2010-04-23,2010Q3,-9,diag3,gaussian_ar1,4.709405688085133,4.6018762505707205,0.7487127650413336,0.7904897974953045,3.1201978026194954,3.0725090820010665,1.5892078854656377,2010-10-28,4.0,0,True,False
2010-04-30,2010Q2,5,diag3,gaussian_ar1,5.090642739653184,4.9653055958380055,0.9020667518968323,0.7072461829209984,3.926881074055233,3.851739929043594,1.163761665597951,2010-07-28,10.0,0,True,False
2010-04-30,2010Q3,-8,diag3,gaussian_ar1,4.360904495853402,4.268494131698065,0.620691432608228,0.7847349258450498,3.1201978026194954,3.0725090820010665,1.2407066932339061,2010-10-28,10.0,0,True,False
2010-05-07,2010Q2,6,diag3,gaussian_ar1,5.312178403334289,5.175888081704166,0.9871008210052008,0.7007438111033679,3.926881074055233,3.851739929043594,1.385297329279056,2010-07-28,13.0,3,True,True
2010-05-07,2010Q3,-7,diag3,gaussian_ar1,4.643160884456066,4.5385908493697045,0.7297575919422523,0.7739649143257142,3.1201978026194954,3.0725090820010665,1.5229630818365703,2010-10-28,13.0,0,True,False
2010-05-14,2010Q2,7,diag3,gaussian_ar1,5.303154321929582,5.167318827705941,0.9836405211911156,0.7003422655450432,3.926881074055233,3.851739929043594,1.376273247874349,2010-07-28,6.0,0,True,False
2010-05-14,2010Q3,-6,diag3,gaussian_ar1,4.628570258426934,4.524646657315584,0.7241268701568513,0.7736910795445187,3.1201978026194954,3.0725090820010665,1.5083724558074385,2010-10-28,6.0,0,True,False
2010-05-21,2010Q2,8,diag3,gaussian_ar1,5.228755283738296,5.096641616419857,0.955100774192843,0.6963832530431396,3.926881074055233,3.851739929043594,1.3018742096830627,2010-07-28,6.0,0,True,False
2010-05-21,2010Q3,-5,diag3,gaussian_ar1,4.535165782062078,4.43533434692964,0.6880621939215578,0.7609024586348065,3.1201978026194954,3.0725090820010665,1.414967979442583,2010-10-28,6.0,0,True,False
2010-05-28,2010Q2,9,diag3,gaussian_ar1,5.271633077760507,5.137380538517796,0.9715513175646135,0.6959535531953704,3.926881074055233,3.851739929043594,1.344752003705274,2010-07-28,4.0,0,True,False
2010-05-28,2010Q3,-4,diag3,gaussian_ar1,4.574967740811164,4.473402286114789,0.7034341834684021,0.7605712336305732,3.1201978026194954,3.0725090820010665,1.454769938191669,2010-10-28,4.0,0,True,False
2010-06-04,2010Q2,10,diag3,gaussian_ar1,5.229252608887935,5.097114228656958,0.955291616947243,0.694191529444305,3.926881074055233,3.851739929043594,1.3023715348327025,2010-07-28,12.0,3,True,True
2010-06-04,2010Q3,-3,diag3,gaussian_ar1,4.645489107892242,4.540815741580882,0.7306560125172864,0.7469283070554661,3.1201978026194954,3.0725090820010665,1.5252913052727468,2010-10-28,12.0,0,True,False
2010-06-11,2010Q2,11,diag3,gaussian_ar1,5.152735294285793,5.0243729082247865,0.9259183742332475,0.6935850584623287,3.926881074055233,3.851739929043594,1.22585422023056,2010-07-28,5.0,0,True,False
2010-06-11,2010Q3,-2,diag3,gaussian_ar1,4.564875569755467,4.463751163780774,0.6995370207953131,0.7463176696690781,3.1201978026194954,3.0725090820010665,1.4446777671359712,2010-10-28,5.0,0,True,False
2010-06-18,2010Q2,12,diag3,gaussian_ar1,5.214968334662329,5.083538874405372,0.9498098333751104,0.6921798565502761,3.926881074055233,3.851739929043594,1.2880872606070959,2010-07-28,11.0,0,True,False
2010-06-18,2010Q3,-1,diag3,gaussian_ar1,4.65784434098826,4.5526217963691895,0.7354233457294329,0.7392765603585153,3.1201978026194954,3.0725090820010665,1.5376465383687643,2010-10-28,11.0,0,True,False
2010-06-25,2010Q2,13,diag3,gaussian_ar1,5.1715078865294695,5.042224005187877,0.9331267202007483,0.6918282061856772,3.926881074055233,3.851739929043594,1.2446268124742366,2010-07-28,0.0,0,True,False
2010-06-25,2010Q3,0,diag3,gaussian_ar1,4.484545412756358,4.386898369283302,0.6685035480371712,0.7339255926788937,3.1201978026194954,3.0725090820010665,1.3643476101368623,2010-10-28,0.0,0,True,False
2010-07-02,2010Q2,14,diag3,gaussian_ar1,5.14216899752491,5.014323880355711,0.9218605356776042,0.6921120870555129,3.926881074055233,3.851739929043594,1.2152879234696767,2010-07-28,11.0,4,True,True
2010-07-02,2010Q3,1,diag3,gaussian_ar1,3.986711872331572,3.9092934531590675,0.475644729426697,0.7230034500618321,3.1201978026194954,3.0725090820010665,0.8665140697120766,2010-10-28,11.0,0,True,False
2010-07-02,2010Q4,-12,diag3,gaussian_ar1,4.185807858043145,4.100573307650686,0.5528843170352155,0.8057589327040985,2.117043484228409,2.094945457780796,2.0687643738147354,2011-01-28,11.0,0,True,False
2010-07-09,2010Q2,15,diag3,gaussian_ar1,5.04776537543965,4.924496906752381,0.8855880363300765,0.6913569628198192,3.926881074055233,3.851739929043594,1.1208843013844172,2010-07-28,9.0,0,True,False
2010-07-09,2010Q3,2,diag3,gaussian_ar1,3.8255576037895977,3.754197412629164,0.4130163138934306,0.7209184137698609,3.1201978026194954,3.0725090820010665,0.7053598011701023,2010-10-28,9.0,0,True,False
2010-07-09,2010Q4,-11,diag3,gaussian_ar1,4.035265073572325,3.9559742922081753,0.494494643166728,0.8041452197538971,2.117043484228409,2.094945457780796,1.9182215893439158,2011-01-28,9.0,0,True,False
2010-07-16,2010Q2,16,diag3,gaussian_ar1,4.986248507372548,4.865918899610656,0.8619339974529506,0.691218607290681,3.926881074055233,3.851739929043594,1.0593674333173153,2010-07-28,8.0,0,True,False
2010-07-16,2010Q3,3,diag3,gaussian_ar1,3.713822713679682,3.6465215578255874,0.3695363633125009,0.7205101928495479,3.1201978026194954,3.0725090820010665,0.5936249110601866,2010-10-28,8.0,0,True,False
2010-07-16,2010Q4,-10,diag3,gaussian_ar1,3.9437566693534043,3.8679765611321324,0.45896079943360923,0.8038740146112063,2.117043484228409,2.094945457780796,1.8267131851249951,2011-01-28,8.0,0,True,False
2010-07-23,2010Q2,17,diag3,gaussian_ar1,4.953236542297823,4.834469870059111,0.8492347506885412,0.6907256235110361,3.926881074055233,3.851739929043594,1.0263554682425902,2010-07-28,4.0,0,True,False
2010-07-23,2010Q3,4,diag3,gaussian_ar1,3.351377167434366,3.2964425328450995,0.2281730211468992,0.7118186115694068,3.1201978026194954,3.0725090820010665,0.23117936481487078,2010-10-28,4.0,0,True,False
2010-07-23,2010Q4,-9,diag3,gaussian_ar1,3.4837374069940585,3.42442878691974,0.27985439402622386,0.7926461909742359,2.117043484228409,2.094945457780796,1.3666939227656494,2011-01-28,4.0,0,True,False
2010-07-30,2010Q3,5,diag3,gaussian_ar1,3.3979558282185796,3.341500633780548,0.24289297933622206,0.7105292709016904,3.1201978026194954,3.0725090820010665,0.27775802559908414,2010-10-28,10.0,0,True,False
2010-07-30,2010Q4,-8,diag3,gaussian_ar1,3.357902666949575,3.3027562305393747,0.22718570805680097,0.7866272167604993,2.117043484228409,2.094945457780796,1.2408591827211657,2011-01-28,10.0,0,True,False
2010-08-06,2010Q3,6,diag3,gaussian_ar1,3.6862383428908574,3.6199214008044622,0.35576684373018364,0.7024046009300465,3.1201978026194954,3.0725090820010665,0.566040540271362,2010-10-28,11.0,4,True,True
2010-08-06,2010Q4,-7,diag3,gaussian_ar1,3.7686681990567017,3.6993891385194306,0.38798365983343,0.7738199898931478,2.117043484228409,2.094945457780796,1.6516247148282925,2011-01-28,11.0,0,True,False
2010-08-13,2010Q3,7,diag3,gaussian_ar1,3.729012774439755,3.6611666148616253,0.37248796244611726,0.7021145811343992,3.1201978026194954,3.0725090820010665,0.6088149718202596,2010-10-28,6.0,0,True,False
2010-08-13,2010Q4,-6,diag3,gaussian_ar1,3.8021334494309222,3.731633799520302,0.4010558869239078,0.7736336237875377,2.117043484228409,2.094945457780796,1.685089965202513,2011-01-28,6.0,0,True,False
2010-08-20,2010Q3,8,diag3,gaussian_ar1,3.66171805086708,3.5962700539915633,0.34617841057762216,0.6981334508739708,3.1201978026194954,3.0725090820010665,0.5415202482475845,2010-10-28,8.0,0,True,False
2010-08-20,2010Q4,-5,diag3,gaussian_ar1,3.6327793136357256,3.5683496433803064,0.334859266984831,0.7610773641469036,2.117043484228409,2.094945457780796,1.5157358294073164,2011-01-28,8.0,0,True,False
2010-08-27,2010Q3,9,diag3,gaussian_ar1,3.6635709751143164,3.5980575100766115,0.34690305866300203,0.6977132007490568,3.1201978026194954,3.0725090820010665,0.543373172494821,2010-10-28,4.0,0,True,False
2010-08-27,2010Q4,-4,diag3,gaussian_ar1,3.6310982892738153,3.566727533072047,0.33420165131584323,0.7607612794003662,2.117043484228409,2.094945457780796,1.5140548050454061,2011-01-28,4.0,0,True,False
2010-09-03,2010Q3,10,diag3,gaussian_ar1,3.7128076080377603,3.645542796670023,0.36615394952486363,0.6965766552248072,3.1201978026194954,3.0725090820010665,0.5926098054182649,2010-10-28,9.0,13,True,True
2010-09-03,2010Q4,-3,diag3,gaussian_ar1,3.9540119412397656,3.8778422484487445,0.46032988725802426,0.7484011910194448,2.117043484228409,2.094945457780796,1.8369684570113565,2011-01-28,9.0,0,True,False
2010-09-10,2010Q3,11,diag3,gaussian_ar1,3.712846847166662,3.645580631072907,0.36616928787518205,0.6955554578617043,3.1201978026194954,3.0725090820010665,0.5926490445471666,2010-10-28,7.0,0,True,False
2010-09-10,2010Q4,-2,diag3,gaussian_ar1,3.9559283614769347,3.8796857584169877,0.46107726000750937,0.7474072824831672,2.117043484228409,2.094945457780796,1.8388848772485256,2011-01-28,7.0,0,True,False
2010-09-17,2010Q3,12,diag3,gaussian_ar1,3.770242297509574,3.700906057394206,0.38859863010737283,0.6941557899946704,3.1201978026194954,3.0725090820010665,0.6500444948900785,2010-10-28,10.0,0,True,False
2010-09-17,2010Q4,-1,diag3,gaussian_ar1,3.9557052618258037,3.8794711483470783,0.46099025547768413,0.7404327412322044,2.117043484228409,2.094945457780796,1.8386617775973946,2011-01-28,10.0,0,True,False
2010-09-24,2010Q3,13,diag3,gaussian_ar1,3.7406125488886444,3.6723487572527365,0.37702128672856866,0.6938077898937507,3.1201978026194954,3.0725090820010665,0.6204147462691489,2010-10-28,2.0,0,True,False
2010-09-24,2010Q4,0,diag3,gaussian_ar1,3.85564266484022,3.783169761808731,0.4219489520531223,0.7351370622716072,2.117043484228409,2.094945457780796,1.7385991806118106,2011-01-28,2.0,0,True,False
2010-10-01,2010Q3,14,diag3,gaussian_ar1,3.7351369017448954,3.6670704081834877,0.374881404479716,0.693501611416951,3.1201978026194954,3.0725090820010665,0.6149390991254,2010-10-28,11.0,6,True,True
2010-10-01,2010Q4,1,diag3,gaussian_ar1,3.684877327354985,3.6186087632835555,0.35523469064721874,0.7239741545276595,2.117043484228409,2.094945457780796,1.567833843126576,2011-01-28,11.0,0,True,False
2010-10-01,2011Q1,-13,diag3,gaussian_ar1,3.4451714486964713,3.387154189612507,0.2614012728272607,0.8055086833360285,-0.9454489541211974,-0.9499466944201232,4.390620402817669,2011-04-28,11.0,0,True,False
2010-10-08,2010Q3,15,diag3,gaussian_ar1,3.7522286654188663,3.683545400447158,0.3815604897452967,0.6927591560813958,3.1201978026194954,3.0725090820010665,0.6320308627993709,2010-10-28,9.0,0,True,False
2010-10-08,2010Q4,2,diag3,gaussian_ar1,3.729217526548312,3.661364006026351,0.37256798630280696,0.7219176972131235,2.117043484228409,2.094945457780796,1.6121740423199027,2011-01-28,9.0,0,True,False
2010-10-08,2011Q1,-12,diag3,gaussian_ar1,3.4842577941697206,3.4249316542110337,0.2767165399383364,0.8039261764207344,-0.9454489541211974,-0.9499466944201232,4.4297067482909185,2011-04-28,9.0,0,True,False
2010-10-15,2010Q3,16,diag3,gaussian_ar1,3.7705600542254025,3.701212268714786,0.3887227704703366,0.6926289551214561,3.1201978026194954,3.0725090820010665,0.6503622516059071,2010-10-28,6.0,0,True,False
2010-10-15,2010Q4,3,diag3,gaussian_ar1,3.763045660427,3.69397065232616,0.38578696494483633,0.7215301703891432,2.117043484228409,2.094945457780796,1.646002176198591,2011-01-28,6.0,0,True,False
2010-10-15,2011Q1,-11,diag3,gaussian_ar1,3.512606278245145,3.4523219090148376,0.287820754395784,0.8036717907037232,-0.9454489541211974,-0.9499466944201232,4.458055232366343,2011-04-28,6.0,0,True,False
2010-10-22,2010Q3,17,diag3,gaussian_ar1,3.7705652028303227,3.7012172302422033,0.3887247819107148,0.6921201324787503,3.1201978026194954,3.0725090820010665,0.6503674002108273,2010-10-28,6.0,0,True,False
2010-10-22,2010Q4,4,diag3,gaussian_ar1,3.674939230882668,3.6090233994026737,0.3513487123330921,0.7128960716955091,2.117043484228409,2.094945457780796,1.5578957466542587,2011-01-28,6.0,0,True,False
2010-10-22,2011Q1,-10,diag3,gaussian_ar1,3.398850951133059,3.342366336620363,0.2432439417518179,0.7925914634378501,-0.9454489541211974,-0.9499466944201232,4.344299905254257,2011-04-28,6.0,0,True,False
2010-10-29,2010Q4,5,diag3,gaussian_ar1,3.845714865361871,3.773610075147114,0.41879532697290434,0.7117864116479541,2.117043484228409,2.094945457780796,1.728671381133462,2011-01-28,6.0,0,True,False
2010-10-29,2011Q1,-9,diag3,gaussian_ar1,3.4263344472411417,3.3689428835886908,0.25394453944809375,0.7869176623906421,-0.9454489541211974,-0.9499466944201232,4.37178340136234,2011-04-28,6.0,0,True,False
2010-11-05,2010Q4,6,diag3,gaussian_ar1,4.3506124000073365,4.258631622903643,0.6163803691559516,0.7042105857587986,2.117043484228409,2.094945457780796,2.2335689157789274,2011-01-28,14.0,4,True,True
2010-11-05,2011Q1,-8,diag3,gaussian_ar1,4.08746386973462,4.006135845943161,0.5135202200088843,0.7758726808127342,-0.9454489541211974,-0.9499466944201232,5.032912823855817,2011-04-28,14.0,0,True,False
2010-11-12,2010Q4,7,diag3,gaussian_ar1,4.396199870780437,4.302308909279342,0.6341733486862458,0.7040743673971731,2.117043484228409,2.094945457780796,2.279156386552028,2011-01-28,4.0,0,True,False
2010-11-12,2011Q1,-7,diag3,gaussian_ar1,4.1253957087245,4.042571481557889,0.528363141180535,0.7757878628684709,-0.9454489541211974,-0.9499466944201232,5.070844662845698,2011-04-28,4.0,0,True,False
2010-11-19,2010Q4,8,diag3,gaussian_ar1,4.1607215507258655,4.076491977849127,0.5421814606378353,0.6997973881513612,2.117043484228409,2.094945457780796,2.0436780664974563,2011-01-28,11.0,0,True,False
2010-11-19,2011Q1,-6,diag3,gaussian_ar1,3.7419725789394676,3.673659739617848,0.3780781849137372,0.7630709743828795,-0.9454489541211974,-0.9499466944201232,4.687421533060665,2011-04-28,11.0,0,True,False
2010-11-26,2010Q4,9,diag3,gaussian_ar1,4.105987473137573,4.023930453153286,0.5207692757106488,0.6993599422487776,2.117043484228409,2.094945457780796,1.9889439889091642,2011-01-28,4.0,0,True,False
2010-11-26,2011Q1,-5,diag3,gaussian_ar1,3.6958850352195594,3.629224702534166,0.3599765176430867,0.7627364123271501,-0.9454489541211974,-0.9499466944201232,4.641333989340756,2011-04-28,4.0,0,True,False
2010-12-03,2010Q4,10,diag3,gaussian_ar1,4.2013233319094345,4.115464317288721,0.5580577683354258,0.6972789209288104,2.117043484228409,2.094945457780796,2.0842798476810254,2011-01-28,9.0,4,True,True
2010-12-03,2011Q1,-4,diag3,gaussian_ar1,3.9938719017802438,3.9161787395849093,0.4768740570978245,0.7490158219514473,-0.9454489541211974,-0.9499466944201232,4.939320855901441,2011-04-28,9.0,0,True,False
2010-12-10,2010Q4,11,diag3,gaussian_ar1,4.218361372359025,4.1318140594080734,0.5647182239404949,0.6962500483754176,2.117043484228409,2.094945457780796,2.101317888130616,2011-01-28,7.0,0,True,False
2010-12-10,2011Q1,-3,diag3,gaussian_ar1,4.000356622023249,3.922414220531801,0.4794142282956238,0.7480594920841925,-0.9454489541211974,-0.9499466944201232,4.945805576144446,2011-04-28,7.0,0,True,False
2010-12-17,2010Q4,12,diag3,gaussian_ar1,4.250843660592096,4.162976732562419,0.577413078670596,0.6948706145345643,2.117043484228409,2.094945457780796,2.133800176363687,2011-01-28,10.0,0,True,False
2010-12-17,2011Q1,-2,diag3,gaussian_ar1,4.173903172381643,4.08914625621586,0.5473364813507338,0.7415102991406407,-0.9454489541211974,-0.9499466944201232,5.119352126502841,2011-04-28,10.0,0,True,False
2010-12-24,2010Q4,13,diag3,gaussian_ar1,4.218840122941692,4.132273430939867,0.5649053598397288,0.69451191118459,2.117043484228409,2.094945457780796,2.1017966387132825,2011-01-28,2.0,0,True,False
2010-12-24,2011Q1,-1,diag3,gaussian_ar1,4.075440214723902,3.9945836867561333,0.5088141737088135,0.7361547082422318,-0.9454489541211974,-0.9499466944201232,5.0208891688451,2011-04-28,2.0,0,True,False
2010-12-31,2010Q4,14,diag3,gaussian_ar1,4.208678737513383,4.12252290903957,0.5609332532603648,0.6941761301655336,2.117043484228409,2.094945457780796,2.0916352532849736,2011-01-28,8.0,0,True,False
2010-12-31,2011Q1,0,diag3,gaussian_ar1,4.07695440967919,3.9960385774942697,0.509406857990978,0.7356935859686219,-0.9454489541211974,-0.9499466944201232,5.022403363800388,2011-04-28,8.0,0,True,False
2011-01-07,2010Q4,15,diag3,gaussian_ar1,4.154916723409197,4.07091887026465,0.5399111229543594,0.6928731627536202,2.117043484228409,2.094945457780796,2.0378732391807874,2011-01-28,12.0,3,True,True
2011-01-07,2011Q1,1,diag3,gaussian_ar1,4.072520197298735,3.991777973532157,0.5076711998177006,0.722167589112129,-0.9454489541211974,-0.9499466944201232,5.017969151419932,2011-04-28,12.0,0,True,False
2011-01-07,2011Q2,-11,diag3,gaussian_ar1,4.058244744685524,3.978060200823643,0.5020829394366797,0.8044673424305155,2.7339190839842376,2.6972149874665394,1.3243256607012865,2011-07-28,12.0,0,True,False
2011-01-14,2010Q4,16,diag3,gaussian_ar1,4.150474013228922,4.0666532963731274,0.5381734401623476,0.6927433513536074,2.117043484228409,2.094945457780796,2.033430529000513,2011-01-28,6.0,0,True,False
2011-01-14,2011Q1,2,diag3,gaussian_ar1,4.067501550113306,3.9869555975717144,0.5057066904840969,0.7217726437049483,-0.9454489541211974,-0.9499466944201232,5.012950504234503,2011-04-28,6.0,0,True,False
2011-01-14,2011Q2,-10,diag3,gaussian_ar1,4.051648682756004,3.9717211826990493,0.4995005899115084,0.8042054070428282,2.7339190839842376,2.6972149874665394,1.3177295987717663,2011-07-28,6.0,0,True,False
2011-01-21,2010Q4,17,diag3,gaussian_ar1,4.228622640470281,4.141659505882759,0.5687290002988028,0.6922257582825024,2.117043484228409,2.094945457780796,2.1115791562418718,2011-01-28,6.0,0,True,False
2011-01-21,2011Q1,3,diag3,gaussian_ar1,4.1492390185125405,4.065467510086216,0.5376903819670917,0.7133637367719788,-0.9454489541211974,-0.9499466944201232,5.0946879726337375,2011-04-28,6.0,0,True,False
2011-01-21,2011Q2,-9,diag3,gaussian_ar1,4.101353040845868,4.019478705889193,0.5189557507754524,0.7933748774317634,2.7339190839842376,2.6972149874665394,1.36743395686163,2011-07-28,6.0,0,True,False
2011-01-28,2011Q1,4,diag3,gaussian_ar1,4.131268246310782,4.048211193129488,0.535633901125509,0.7122096010803189,-0.9454489541211974,-0.9499466944201232,5.076717200431979,2011-04-28,6.0,0,True,False
2011-01-28,2011Q2,-8,diag3,gaussian_ar1,3.7438511352329673,3.675470519997846,0.38309863130420513,0.7875534071740281,2.7339190839842376,2.6972149874665394,1.0099320512487298,2011-07-28,6.0,0,True,False
2011-02-04,2011Q1,5,diag3,gaussian_ar1,4.8718097006196,4.75685583186509,0.8256298928931685,0.706086116443416,-0.9454489541211974,-0.9499466944201232,5.817258654740797,2011-04-28,13.0,3,True,True
2011-02-04,2011Q2,-7,diag3,gaussian_ar1,4.754515018931493,4.644947469128507,0.7798340526864398,0.7779676539536845,2.7339190839842376,2.6972149874665394,2.0205959349472558,2011-07-28,13.0,0,True,False
2011-02-11,2011Q1,6,diag3,gaussian_ar1,4.805066187039264,4.6931926209821055,0.7995772355103854,0.7053928834107706,-0.9454489541211974,-0.9499466944201232,5.750515141160461,2011-04-28,5.0,0,True,False
2011-02-11,2011Q2,-6,diag3,gaussian_ar1,4.700475957850525,4.593347779832046,0.7587181050668697,0.7775393745535462,2.7339190839842376,2.6972149874665394,1.9665568738662875,2011-07-28,5.0,0,True,False
2011-02-18,2011Q1,7,diag3,gaussian_ar1,4.817280388432144,4.704846150871688,0.8043461659068013,0.7011411076522327,-0.9454489541211974,-0.9499466944201232,5.762729342553341,2011-04-28,11.0,0,True,False
2011-02-18,2011Q2,-5,diag3,gaussian_ar1,4.813843406408291,4.701567074786079,0.8030042818798165,0.7649852885703297,2.7339190839842376,2.6972149874665394,2.079924322424054,2011-07-28,11.0,0,True,False
2011-02-25,2011Q1,8,diag3,gaussian_ar1,4.817280388432144,4.704846150871688,0.8043461659068013,0.7011411076522327,-0.9454489541211974,-0.9499466944201232,5.762729342553341,2011-04-28,0.0,0,True,False
2011-02-25,2011Q2,-4,diag3,gaussian_ar1,4.813843406408291,4.701567074786079,0.8030042818798165,0.7649852885703297,2.7339190839842376,2.6972149874665394,2.079924322424054,2011-07-28,0.0,0,True,False
2011-03-04,2011Q1,9,diag3,gaussian_ar1,4.990751894321455,4.87020830934694,0.8720167027691617,0.6993545807068648,-0.9454489541211974,-0.9499466944201232,5.9362008484426525,2011-04-28,12.0,3,True,True
2011-03-04,2011Q2,-3,diag3,gaussian_ar1,5.17446866447373,5.045039155725085,0.9435620753235512,0.7515974346481025,2.7339190839842376,2.6972149874665394,2.4405495804894928,2011-07-28,12.0,0,True,False
2011-03-11,2011Q1,10,diag3,gaussian_ar1,5.003149357164771,4.882015759738443,0.876848621476175,0.6983138885333182,-0.9454489541211974,-0.9499466944201232,5.948598311285968,2011-04-28,8.0,0,True,False
2011-03-11,2011Q2,-2,diag3,gaussian_ar1,5.183517471922472,5.053642401668375,0.9470827494433712,0.7507458234000957,2.7339190839842376,2.6972149874665394,2.4495983879382344,2011-07-28,8.0,0,True,False
2011-03-18,2011Q1,11,diag3,gaussian_ar1,4.666187634343144,4.560593449963459,0.7453141733136093,0.6969332459821693,-0.9454489541211974,-0.9499466944201232,5.611636588464341,2011-04-28,12.0,0,True,False
2011-03-18,2011Q2,-1,diag3,gaussian_ar1,4.686915189896301,4.580394976992447,0.7534174780666534,0.7442790470168121,2.7339190839842376,2.6972149874665394,1.9529961059120637,2011-07-28,12.0,0,True,False
2011-03-25,2011Q1,12,diag3,gaussian_ar1,4.738847228797383,4.629989677630748,0.773712931685954,0.696558663232039,-0.9454489541211974,-0.9499466944201232,5.68429618291858,2011-04-28,0.0,0,True,False
2011-03-25,2011Q2,0,diag3,gaussian_ar1,4.98187946377544,4.861757274091614,0.8685583172591766,0.7387173087730026,2.7339190839842376,2.6972149874665394,2.247960379791203,2011-07-28,0.0,0,True,False
2011-04-01,2011Q1,13,diag3,gaussian_ar1,4.695891905308658,4.588969430207962,0.7569263694463093,0.6970094586962892,-0.9454489541211974,-0.9499466944201232,5.641340859429855,2011-04-28,11.0,5,True,True
2011-04-01,2011Q2,1,diag3,gaussian_ar1,4.989834360715917,4.869334387026875,0.8716590708107977,0.7271094128186487,2.7339190839842376,2.6972149874665394,2.2559152767316792,2011-07-28,11.0,0,True,False
2011-04-01,2011Q3,-12,diag3,gaussian_ar1,4.946872353322829,4.828405853217552,0.8549100401897404,0.8086098762595662,-0.08922107662069356,-0.0892609023136356,5.036093429943522,2011-10-28,11.0,0,True,False
2011-04-08,2011Q1,14,diag3,gaussian_ar1,4.536522059688264,4.436631775233004,0.6945858013770358,0.6962419871743334,-0.9454489541211974,-0.9499466944201232,5.481971013809462,2011-04-28,9.0,0,True,False
2011-04-08,2011Q2,2,diag3,gaussian_ar1,4.738007568079805,4.629188003652597,0.7733848656459948,0.7250901118827284,2.7339190839842376,2.6972149874665394,2.0040884840955675,2011-07-28,9.0,0,True,False
2011-04-08,2011Q3,-11,diag3,gaussian_ar1,4.715489816551721,4.607686570736939,0.7645859147727792,0.8070948212350258,-0.08922107662069356,-0.0892609023136356,4.804710893172414,2011-10-28,9.0,0,True,False
2011-04-15,2011Q1,15,diag3,gaussian_ar1,4.539424565527361,4.439408283852143,0.6957220216017386,0.6961091208711666,-0.9454489541211974,-0.9499466944201232,5.484873519648559,2011-04-28,6.0,0,True,False
2011-04-15,2011Q2,3,diag3,gaussian_ar1,4.75548494651723,4.645873370122172,0.780212955682751,0.7246850764462761,2.7339190839842376,2.6972149874665394,2.0215658625329924,2011-07-28,6.0,0,True,False
2011-04-15,2011Q3,-10,diag3,gaussian_ar1,4.720927252036056,4.612879015834759,0.7667107996354208,0.8068203725490124,-0.08922107662069356,-0.0892609023136356,4.81014832865675,2011-10-28,6.0,0,True,False
2011-04-22,2011Q1,16,diag3,gaussian_ar1,4.558574563182671,4.457725051863921,0.7032177239823159,0.6956077448229873,-0.9454489541211974,-0.9499466944201232,5.504023517303869,2011-04-28,6.0,0,True,False
2011-04-22,2011Q2,4,diag3,gaussian_ar1,4.556138137409116,4.455394822926705,0.7022641331206118,0.7164790960120659,2.7339190839842376,2.6972149874665394,1.8222190534248783,2011-07-28,6.0,0,True,False
2011-04-22,2011Q3,-9,diag3,gaussian_ar1,4.443131923763488,4.34725451734065,0.6580102808309223,0.7960539402018494,-0.08922107662069356,-0.0892609023136356,4.532353000384182,2011-10-28,6.0,0,True,False
2011-04-29,2011Q2,5,diag3,gaussian_ar1,4.783665358362854,4.672770884953662,0.8007715279630414,0.7153981345315151,2.7339190839842376,2.6972149874665394,2.0497462743786166,2011-07-28,6.0,0,True,False
2011-04-29,2011Q3,-8,diag3,gaussian_ar1,3.7304345117403326,3.6625372319332454,0.38983455014793156,0.7903534424178006,-0.08922107662069356,-0.0892609023136356,3.819655588361026,2011-10-28,6.0,0,True,False
2011-05-06,2011Q2,6,diag3,gaussian_ar1,4.825275978626031,4.712473982106253,0.8169217232223314,0.7220453466249833,2.7339190839842376,2.6972149874665394,2.0913568946417938,2011-07-28,14.0,4,True,True
2011-05-06,2011Q3,-7,diag3,gaussian_ar1,3.824399033613868,3.753081524916495,0.4266656317553372,0.7867491896394723,-0.08922107662069356,-0.0892609023136356,3.9136201102345614,2011-10-28,14.0,0,True,False
2011-05-13,2011Q2,7,diag3,gaussian_ar1,4.839548810088035,4.726088885319937,0.8224599144745719,0.7218985658158843,2.7339190839842376,2.6972149874665394,2.105629726103797,2011-07-28,6.0,0,True,False
2011-05-13,2011Q3,-6,diag3,gaussian_ar1,3.8334776398482706,3.7618253360212046,0.4302223884513874,0.7866606920678603,-0.08922107662069356,-0.0892609023136356,3.922698716468964,2011-10-28,6.0,0,True,False
2011-05-20,2011Q2,8,diag3,gaussian_ar1,4.507871590645318,4.409220880616763,0.6935661879295156,0.7181293745945129,2.7339190839842376,2.6972149874665394,1.7739525066610806,2011-07-28,9.0,0,True,False
2011-05-20,2011Q3,-5,diag3,gaussian_ar1,3.2892779779322145,3.2363389764293675,0.21646809918562515,0.7753794437100905,-0.08922107662069356,-0.0892609023136356,3.378499054552908,2011-10-28,9.0,0,True,False
2011-05-27,2011Q2,9,diag3,gaussian_ar1,4.4162671462622205,4.32152928996851,0.6578955120090961,0.717719852746561,2.7339190839842376,2.6972149874665394,1.682348062277983,2011-07-28,4.0,0,True,False
2011-05-27,2011Q3,-4,diag3,gaussian_ar1,3.210211139071517,3.1597607310664726,0.185318045312716,0.7750568858209941,-0.08922107662069356,-0.0892609023136356,3.2994322156922107,2011-10-28,4.0,0,True,False
2011-06-03,2011Q2,10,diag3,gaussian_ar1,4.18005728106996,4.095053615669669,0.5657710526162116,0.7180777573353803,2.7339190839842376,2.6972149874665394,1.4461381970857223,2011-07-28,9.0,2,True,True
2011-06-03,2011Q3,-3,diag3,gaussian_ar1,2.5546346907446393,2.5225491958056923,-0.07388316199818268,0.764913546790935,-0.08922107662069356,-0.0892609023136356,2.643855767365333,2011-10-28,9.0,0,True,False
2011-06-10,2011Q2,11,diag3,gaussian_ar1,4.090617886707526,4.00916596030152,0.5308341710115565,0.7171480891147182,2.7339190839842376,2.6972149874665394,1.3566988027232885,2011-07-28,7.0,0,True,False
2011-06-10,2011Q3,-2,diag3,gaussian_ar1,2.4663742140528244,2.4364502319818295,-0.10890599842914794,0.7641000014873021,-0.08922107662069356,-0.0892609023136356,2.555595290673518,2011-10-28,7.0,0,True,False
2011-06-17,2011Q2,12,diag3,gaussian_ar1,3.9534881489316165,3.877338377921795,0.4772101127218433,0.715918743916282,2.7339190839842376,2.6972149874665394,1.219569064947379,2011-07-28,10.0,0,True,False
2011-06-17,2011Q3,-1,diag3,gaussian_ar1,2.025210077916695,2.0049754384399585,-0.28441880888777116,0.7581585964065564,-0.08922107662069356,-0.0892609023136356,2.1144311545373884,2011-10-28,10.0,0,True,False
2011-06-24,2011Q2,13,diag3,gaussian_ar1,3.9282673155495385,3.853073782455518,0.4673399015098072,0.7155840694336252,2.7339190839842376,2.6972149874665394,1.194348231565301,2011-07-28,2.0,0,True,False
2011-06-24,2011Q3,0,diag3,gaussian_ar1,1.9149025420623467,1.8967990280278966,-0.3284221808133758,0.753203592049486,-0.08922107662069356,-0.0892609023136356,2.0041236186830402,2011-10-28,2.0,0,True,False
2011-07-01,2011Q2,14,diag3,gaussian_ar1,3.973771232330736,3.896848165646407,0.4851461908572292,0.7172021864477938,2.7339190839842376,2.6972149874665394,1.2398521483464986,2011-07-28,11.0,4,True,True
2011-07-01,2011Q3,1,diag3,gaussian_ar1,2.6109578455642435,2.5774542659377975,-0.05154919646520306,0.7451515968430095,-0.08922107662069356,-0.0892609023136356,2.700178922184937,2011-10-28,11.0,0,True,False
2011-07-01,2011Q4,-13,diag3,gaussian_ar1,3.325477098589724,3.271379185454602,0.2307215518950932,0.8200497150918062,4.568438742179692,4.467158724585995,-1.2429616435899682,2012-01-28,11.0,0,True,False
2011-07-08,2011Q2,15,diag3,gaussian_ar1,4.091837090224937,4.010337243940737,0.5313106189673582,0.716478948063866,2.7339190839842376,2.6972149874665394,1.3579180062406992,2011-07-28,9.0,0,True,False
2011-07-08,2011Q3,2,diag3,gaussian_ar1,2.728239555007894,2.6916864473057527,-0.005082493202818061,0.7432236685754874,-0.08922107662069356,-0.0892609023136356,2.8174606316285877,2011-10-28,9.0,0,True,False
2011-07-08,2011Q4,-12,diag3,gaussian_ar1,3.4202617832671978,3.363071224024198,0.26801950678586617,0.8186306845779258,4.568438742179692,4.467158724585995,-1.1481769589124946,2012-01-28,9.0,0,True,False
2011-07-15,2011Q2,16,diag3,gaussian_ar1,4.148456478357265,4.064716143007076,0.5534305516902716,0.7163570880572114,2.7339190839842376,2.6972149874665394,1.4145373943730277,2011-07-28,6.0,0,True,False
2011-07-15,2011Q3,3,diag3,gaussian_ar1,2.8256957274210626,2.7865094236515793,0.033489046371700804,0.7428488567783417,-0.08922107662069356,-0.0892609023136356,2.914916804041756,2011-10-28,6.0,0,True,False
2011-07-15,2011Q4,-11,diag3,gaussian_ar1,3.5136801256268058,3.453359310979894,0.3047463703934595,0.8183813065084566,4.568438742179692,4.467158724585995,-1.0547586165528866,2012-01-28,6.0,0,True,False
2011-07-22,2011Q2,17,diag3,gaussian_ar1,4.148613771133092,4.064867170360115,0.5534919857197551,0.7158801282524763,2.7339190839842376,2.6972149874665394,1.4146946871488542,2011-07-28,6.0,0,True,False
2011-07-22,2011Q3,4,diag3,gaussian_ar1,2.727853037109762,2.6913101937780386,-0.005235543427495104,0.7350952142215889,-0.08922107662069356,-0.0892609023136356,2.8170741137304556,2011-10-28,6.0,0,True,False
2011-07-22,2011Q4,-10,diag3,gaussian_ar1,3.388736664134706,3.332584040571512,0.25561810737427043,0.80835114468243,4.568438742179692,4.467158724585995,-1.1797020780449863,2012-01-28,6.0,0,True,False
2011-07-29,2011Q3,5,diag3,gaussian_ar1,2.7067914117223424,2.670805740385858,-0.01361447900051671,0.7341950621183463,-0.08922107662069356,-0.0892609023136356,2.796012488343036,2011-10-28,6.0,0,True,False
2011-07-29,2011Q4,-9,diag3,gaussian_ar1,3.166341593255262,3.11724665095785,0.1688571459239539,0.8031938677870876,4.568438742179692,4.467158724585995,-1.4020971489244305,2012-01-28,6.0,0,True,False
2011-08-05,2011Q3,6,diag3,gaussian_ar1,2.137905979627819,2.1153733549032125,-0.24063366007162457,0.7269934782760515,-0.08922107662069356,-0.0892609023136356,2.2271270562485124,2011-10-28,14.0,2,True,True
2011-08-05,2011Q4,-8,diag3,gaussian_ar1,2.37929224966249,2.3514282042870973,-0.14415210804900191,0.7925418687201216,4.568438742179692,4.467158724585995,-2.189146492517202,2012-01-28,14.0,0,True,False
2011-08-12,2011Q3,7,diag3,gaussian_ar1,2.120021296772978,2.097861493171307,-0.24779119825865895,0.7268719107928046,-0.08922107662069356,-0.0892609023136356,2.2092423733936717,2011-10-28,4.0,0,True,False
2011-08-12,2011Q4,-7,diag3,gaussian_ar1,2.364619003876256,2.337094937210665,-0.15001047468158057,0.792463097932486,4.568438742179692,4.467158724585995,-2.2038197383034364,2012-01-28,4.0,0,True,False
2011-08-19,2011Q3,8,diag3,gaussian_ar1,2.144559400781687,2.121887297393398,-0.23797124799714456,0.7242968419680443,-0.08922107662069356,-0.0892609023136356,2.2337804774023806,2011-10-28,11.0,0,True,False
2011-08-19,2011Q4,-6,diag3,gaussian_ar1,2.330968833191749,2.304216679947584,-0.16344864507638754,0.7863964934007155,4.568438742179692,4.467158724585995,-2.2374699089879435,2012-01-28,11.0,0,True,False
2011-08-26,2011Q3,9,diag3,gaussian_ar1,1.942433174428193,1.9238087330615252,-0.31893093748894047,0.7225643029609992,-0.08922107662069356,-0.0892609023136356,2.0316542510488866,2011-10-28,4.0,0,True,False
2011-08-26,2011Q4,-5,diag3,gaussian_ar1,1.7999063209880095,1.7838997901856601,-0.3761152401446157,0.7806054846080005,4.568438742179692,4.467158724585995,-2.768532421191683,2012-01-28,4.0,0,True,False
2011-09-02,2011Q3,10,diag3,gaussian_ar1,2.051991971053835,2.031222263682548,-0.2750283268474102,0.7214062255524158,-0.08922107662069356,-0.0892609023136356,2.1412130476745284,2011-10-28,8.0,2,True,True
2011-09-02,2011Q4,-4,diag3,gaussian_ar1,2.092878432069467,2.071278583962924,-0.25865630162084524,0.769396862079003,4.568438742179692,4.467158724585995,-2.4755603101102253,2012-01-28,8.0,0,True,False
2011-09-09,2011Q3,11,diag3,gaussian_ar1,2.1764865470885963,2.153139238590798,-0.22519779386851801,0.7201846324469041,-0.08922107662069356,-0.0892609023136356,2.26570762370929,2011-10-28,8.0,0,True,False
2011-09-09,2011Q4,-3,diag3,gaussian_ar1,2.237154256716445,2.2124970301457676,-0.2009367720390307,0.767666120391548,4.568438742179692,4.467158724585995,-2.3312844854632475,2012-01-28,8.0,0,True,False
2011-09-16,2011Q3,12,diag3,gaussian_ar1,2.165157751824087,2.142051146082804,-0.22972977606220696,0.7195653212547094,-0.08922107662069356,-0.0892609023136356,2.2543788284447808,2011-10-28,8.0,0,True,False
2011-09-16,2011Q4,-2,diag3,gaussian_ar1,2.125771215530814,2.103491884562603,-0.24548991573324197,0.762623378731055,4.568438742179692,4.467158724585995,-2.4426675266488784,2012-01-28,8.0,0,True,False
2011-09-23,2011Q3,13,diag3,gaussian_ar1,2.3069104808302487,2.280703582027484,-0.17305903938140718,0.7185825963974776,-0.08922107662069356,-0.0892609023136356,2.3961315574509423,2011-10-28,4.0,0,True,False
2011-09-23,2011Q4,-1,diag3,gaussian_ar1,2.2793848268605643,2.2537949818259317,-0.18405726084128482,0.7566754263519558,4.568438742179692,4.467158724585995,-2.289053915319128,2012-01-28,4.0,0,True,False
2011-09-30,2011Q3,14,diag3,gaussian_ar1,2.382894930267976,2.3549470967696218,-0.14271384821659075,0.7182643511763869,-0.08922107662069356,-0.0892609023136356,2.4721160068886694,2011-10-28,8.0,0,True,False
2011-09-30,2011Q4,0,diag3,gaussian_ar1,2.368565918855836,2.34095060426489,-0.14843456661426038,0.7562234222941473,4.568438742179692,4.467158724585995,-2.1998728233238563,2012-01-28,8.0,0,True,False
2011-10-07,2011Q3,15,diag3,gaussian_ar1,2.5325353653527616,2.5009980422436517,-0.08301915467191401,0.7185453234282431,-0.08922107662069356,-0.0892609023136356,2.621756441973455,2011-10-28,12.0,3,True,True
2011-10-07,2011Q4,1,diag3,gaussian_ar1,2.75867857869998,2.7213126874491063,0.007028980150207753,0.7447614156400195,4.568438742179692,4.467158724585995,-1.8097601634797122,2012-01-28,12.0,0,True,False
2011-10-07,2012Q1,-12,diag3,gaussian_ar1,2.6402054465592073,2.6059535940037892,-0.040121181791293814,0.8186861187405473,3.396793738645587,3.3403767275155727,-0.7565882920863798,2012-04-28,12.0,0,True,False
2011-10-14,2011Q3,16,diag3,gaussian_ar1,2.555421488951626,2.5233163919360475,-0.07389708400687056,0.7184220696833347,-0.08922107662069356,-0.0892609023136356,2.6446425655723194,2011-10-28,6.0,0,True,False
2011-10-14,2011Q4,2,diag3,gaussian_ar1,2.800276125464829,2.7617853074743635,0.023571157549445887,0.7443742478217086,4.568438742179692,4.467158724585995,-1.7681626167148634,2012-01-28,6.0,0,True,False
2011-10-14,2012Q1,-11,diag3,gaussian_ar1,2.6764944702789784,2.641302909585363,-0.025673027732398518,0.8184282960045802,3.396793738645587,3.3403767275155727,-0.7202992683666087,2012-04-28,6.0,0,True,False
2011-10-21,2011Q3,17,diag3,gaussian_ar1,2.5496533519487885,2.517691824129678,-0.07619598628670693,0.7179580862171462,-0.08922107662069356,-0.0892609023136356,2.638874428569482,2011-10-28,6.0,0,True,False
2011-10-21,2011Q4,3,diag3,gaussian_ar1,2.82193442981018,2.78285142126329,0.032181407916026944,0.7369603625694195,4.568438742179692,4.467158724585995,-1.7465043123695123,2012-01-28,6.0,0,True,False
2011-10-21,2012Q1,-10,diag3,gaussian_ar1,2.7134586375441305,2.6772970437724735,-0.010961320096876184,0.8088087470285853,3.396793738645587,3.3403767275155727,-0.6833351011014566,2012-04-28,6.0,0,True,False
2011-10-28,2011Q4,4,diag3,gaussian_ar1,2.7120013864353254,2.6758782798971024,-0.0008697007102013155,0.736204408553763,4.568438742179692,4.467158724585995,-1.856437355744367,2012-01-28,6.0,0,True,False
2011-10-28,2012Q1,-9,diag3,gaussian_ar1,2.2677728660606356,2.2424411591247324,-0.17778338621589818,0.8041155905491607,3.396793738645587,3.3403767275155727,-1.1290208725849515,2012-04-28,6.0,0,True,False
2011-11-04,2011Q4,5,diag3,gaussian_ar1,2.516754293361667,2.4856055753411628,-0.07853228151118041,0.7309445609531936,4.568438742179692,4.467158724585995,-2.0516844488180253,2012-01-28,13.0,3,True,True
2011-11-04,2012Q1,-8,diag3,gaussian_ar1,2.0087426155575017,1.9888335540353583,-0.281297030844867,0.7945419367626512,3.396793738645587,3.3403767275155727,-1.3880511230880854,2012-04-28,13.0,0,True,False
2011-11-11,2011Q4,6,diag3,gaussian_ar1,2.4844846798218967,2.4541232155584356,-0.09138226604331645,0.7303206190651622,4.568438742179692,4.467158724585995,-2.0839540623577957,2012-01-28,5.0,0,True,False
2011-11-11,2012Q1,-7,diag3,gaussian_ar1,1.9783772091028995,1.9590616677466701,-0.29344886066138726,0.7941969290004027,3.396793738645587,3.3403767275155727,-1.4184165295426876,2012-04-28,5.0,0,True,False
2011-11-18,2011Q4,7,diag3,gaussian_ar1,2.5849915754865505,2.5521455107800524,-0.051373035919044296,0.7278572895716976,4.568438742179692,4.467158724585995,-1.983447166693142,2012-01-28,11.0,0,True,False
2011-11-18,2012Q1,-6,diag3,gaussian_ar1,2.1551891551333746,2.1322933350282294,-0.22274182788471758,0.788439961949466,3.396793738645587,3.3403767275155727,-1.2416045835122125,2012-04-28,11.0,0,True,False
2011-11-25,2011Q4,8,diag3,gaussian_ar1,2.5597358967117456,2.5275232070888127,-0.061422988456324656,0.7265739278477763,4.568438742179692,4.467158724585995,-2.0087028454679468,2012-01-28,0.0,0,True,False
2011-11-25,2012Q1,-5,diag3,gaussian_ar1,2.1023429640108615,2.080548665685188,-0.24386216972908564,0.7831781659139601,3.396793738645587,3.3403767275155727,-1.2944507746347256,2012-04-28,0.0,0,True,False
2011-12-02,2011Q4,9,diag3,gaussian_ar1,2.71729920932533,2.681036086379251,0.0012355332675808572,0.7255642963209876,4.568438742179692,4.467158724585995,-1.8511395328543623,2012-01-28,11.0,3,True,True
2011-12-02,2012Q1,-4,diag3,gaussian_ar1,2.348064713924769,2.320921742968924,-0.14575039074062962,0.7719939491406196,3.396793738645587,3.3403767275155727,-1.048729024720818,2012-04-28,11.0,0,True,False
2011-12-09,2011Q4,10,diag3,gaussian_ar1,2.7168054584981283,2.680555396156952,0.0010393325391756525,0.7243305662777798,4.568438742179692,4.467158724585995,-1.851633283681564,2012-01-28,9.0,0,True,False
2011-12-09,2012Q1,-3,diag3,gaussian_ar1,2.315630468000429,2.28922657967479,-0.15868723413114977,0.7702492852559051,3.396793738645587,3.3403767275155727,-1.081163270645158,2012-04-28,9.0,0,True,False
2011-12-16,2011Q4,11,diag3,gaussian_ar1,2.8802913314087686,2.839590625662492,0.06595188208484648,0.7240475164514767,4.568438742179692,4.467158724585995,-1.6881474107709238,2012-01-28,8.0,0,True,False
2011-12-16,2012Q1,-2,diag3,gaussian_ar1,2.498485114508031,2.46778331105021,-0.08580669874187463,0.769899426715862,3.396793738645587,3.3403767275155727,-0.898308624137556,2012-04-28,8.0,0,True,False
2011-12-23,2011Q4,12,diag3,gaussian_ar1,2.856827569884346,2.8167811669207157,0.05664186866650567,0.722784661931843,4.568438742179692,4.467158724585995,-1.7116111722953464,2012-01-28,4.0,0,True,False
2011-12-23,2012Q1,-1,diag3,gaussian_ar1,2.478274589757379,2.4480634902809757,-0.09385563133809588,0.7598379570257316,3.396793738645587,3.3403767275155727,-0.9185191488882083,2012-04-28,4.0,0,True,False
2011-12-30,2011Q4,13,diag3,gaussian_ar1,2.882277401432254,2.841521073980459,0.06673982273469481,0.7224649745506881,4.568438742179692,4.467158724585995,-1.6861613407474385,2012-01-28,8.0,0,True,False
2011-12-30,2012Q1,0,diag3,gaussian_ar1,2.5121342495347143,2.481098850595623,-0.08037176697765902,0.7593794139946881,3.396793738645587,3.3403767275155727,-0.8846594891108728,2012-04-28,8.0,0,True,False
2012-01-06,2011Q4,14,diag3,gaussian_ar1,2.9002023488495343,2.8589423311101885,0.0738505630410875,0.7223240933480903,4.568438742179692,4.467158724585995,-1.668236393330158,2012-01-28,10.0,3,True,True
2012-01-06,2012Q1,1,diag3,gaussian_ar1,2.781245383344033,2.743271248394074,0.02663772277194698,0.7481219096123776,3.396793738645587,3.3403767275155727,-0.6155483553015539,2012-04-28,10.0,0,True,False
2012-01-06,2012Q2,-12,diag3,gaussian_ar1,3.226378153741938,3.175423666361856,0.20302703808172204,0.820830836298144,1.7973274732638433,1.7813665065292486,1.4290506804780945,2012-07-28,10.0,0,True,False
2012-01-13,2011Q4,15,diag3,gaussian_ar1,2.877934088030476,2.8372993506735162,0.06501666476408641,0.7222336919276857,4.568438742179692,4.467158724585995,-1.6905046541492164,2012-01-28,6.0,0,True,False
2012-01-13,2012Q1,2,diag3,gaussian_ar1,2.7394953211387962,2.702642684448244,0.010054581550326569,0.7478510561760218,3.396793738645587,3.3403767275155727,-0.6572984175067909,2012-04-28,6.0,0,True,False
2012-01-13,2012Q2,-11,diag3,gaussian_ar1,3.195673560758716,3.145674331971806,0.19088441315170562,0.8206589419915128,1.7973274732638433,1.7813665065292486,1.3983460874948728,2012-07-28,6.0,0,True,False
2012-01-20,2011Q4,16,diag3,gaussian_ar1,2.9134163770338395,2.8717831025656992,0.07909171128165038,0.7217393695053057,4.568438742179692,4.467158724585995,-1.6550223651458529,2012-01-28,8.0,0,True,False
2012-01-20,2012Q1,3,diag3,gaussian_ar1,2.823131493755082,2.7840156251692347,0.0432681346897853,0.7404835897420204,3.396793738645587,3.3403767275155727,-0.5736622448905049,2012-04-28,8.0,0,True,False
2012-01-20,2012Q2,-10,diag3,gaussian_ar1,3.2853438690069847,3.232530077842964,0.22633585321764008,0.8111484330817912,1.7973274732638433,1.7813665065292486,1.4880163957431414,2012-07-28,8.0,0,True,False
2012-01-27,2011Q4,17,diag3,gaussian_ar1,2.9360577632656426,2.8937811051524625,0.08807051702965185,0.7215887113796451,4.568438742179692,4.467158724585995,-1.6323809789140498,2012-01-28,4.0,0,True,False
2012-01-27,2012Q1,4,diag3,gaussian_ar1,2.844300732489935,2.804601518210684,0.051670567321533745,0.7400383921150453,3.396793738645587,3.3403767275155727,-0.5524930061556521,2012-04-28,4.0,0,True,False
2012-01-27,2012Q2,-9,diag3,gaussian_ar1,3.302621191254995,3.249256436789635,0.23316296069074638,0.8108245943793762,1.7973274732638433,1.7813665065292486,1.5052937179911519,2012-07-28,4.0,0,True,False
2012-02-03,2012Q1,5,diag3,gaussian_ar1,3.050029255971598,3.0044405249079755,0.12675571024487153,0.7344073674253743,3.396793738645587,3.3403767275155727,-0.34676448267398907,2012-04-28,12.0,3,True,True
2012-02-03,2012Q2,-8,diag3,gaussian_ar1,3.8120549762542977,3.7411914573144682,0.4281363179128446,0.7969073522130912,1.7973274732638433,1.7813665065292486,2.0147275029904543,2012-07-28,12.0,0,True,False
2012-02-10,2012Q1,6,diag3,gaussian_ar1,3.2441557641230023,3.192644148226913,0.20374363094679027,0.7333236251720532,3.396793738645587,3.3403767275155727,-0.15263797452258476,2012-04-28,7.0,0,True,False
2012-02-10,2012Q2,-7,diag3,gaussian_ar1,3.972440174851144,3.8955679716283518,0.4912866793811509,0.7962529028193805,1.7973274732638433,1.7813665065292486,2.1751127015873006,2012-07-28,7.0,0,True,False
2012-02-17,2012Q1,7,diag3,gaussian_ar1,3.3819224703582007,3.3259929760486155,0.2582922565310779,0.7309192403692083,3.396793738645587,3.3403767275155727,-0.014871268287386386,2012-04-28,10.0,0,True,False
2012-02-17,2012Q2,-6,diag3,gaussian_ar1,4.162938314879505,4.078620170254317,0.5661673214410834,0.7906648716871238,1.7973274732638433,1.7813665065292486,2.365610841615662,2012-07-28,10.0,0,True,False
2012-02-24,2012Q1,8,diag3,gaussian_ar1,3.3694237688757678,3.3139024124561693,0.2533464040831718,0.7296716963923897,3.396793738645587,3.3403767275155727,-0.027369969769819313,2012-04-28,2.0,0,True,False
2012-02-24,2012Q2,-5,diag3,gaussian_ar1,4.135659293683225,4.052427942687328,0.5554529414340801,0.7855448960501319,1.7973274732638433,1.7813665065292486,2.3383318204193815,2012-07-28,2.0,0,True,False
2012-03-02,2012Q1,9,diag3,gaussian_ar1,3.4167615861571132,3.359686726361842,0.27207526310406516,0.7282353211379382,3.396793738645587,3.3403767275155727,0.019967847511526138,2012-04-28,11.0,3,True,True
2012-03-02,2012Q2,-4,diag3,gaussian_ar1,4.073512804932444,3.992731734331149,0.5310331833333428,0.7745054404371507,1.7973274732638433,1.7813665065292486,2.276185331668601,2012-07-28,11.0,0,True,False
2012-03-09,2012Q1,10,diag3,gaussian_ar1,3.364500656278513,3.309139659935614,0.2513981184608808,0.7269953916933348,3.396793738645587,3.3403767275155727,-0.03229308236707418,2012-04-28,9.0,0,True,False
2012-03-09,2012Q2,-3,diag3,gaussian_ar1,4.052472997426393,3.9725133963887544,0.5227625253577745,0.7727367201643955,1.7973274732638433,1.7813665065292486,2.2551455241625495,2012-07-28,9.0,0,True,False
2012-03-16,2012Q1,11,diag3,gaussian_ar1,3.3596748784887165,3.304470851579565,0.24948826231066812,0.7267052181807254,3.396793738645587,3.3403767275155727,-0.0371188601568706,2012-04-28,8.0,0,True,False
2012-03-16,2012Q2,-2,diag3,gaussian_ar1,4.050708720743956,3.9708178176206514,0.5220689197754772,0.7723898369299493,1.7973274732638433,1.7813665065292486,2.253381247480113,2012-07-28,8.0,0,True,False
2012-03-23,2012Q1,12,diag3,gaussian_ar1,3.32028719594335,3.266356190993359,0.2338968065509739,0.725467128772937,3.396793738645587,3.3403767275155727,-0.07650654270223711,2012-04-28,4.0,0,True,False
2012-03-23,2012Q2,-1,diag3,gaussian_ar1,3.938571754530318,3.8629882440746104,0.47795938292869655,0.7625536104257811,1.7973274732638433,1.7813665065292486,2.1412442812664745,2012-07-28,4.0,0,True,False
2012-03-30,2012Q1,13,diag3,gaussian_ar1,3.3325307873392163,3.2782056218694215,0.2387440195246755,0.725142835052654,3.396793738645587,3.3403767275155727,-0.06426295130637083,2012-04-28,8.0,0,True,False
2012-03-30,2012Q2,0,diag3,gaussian_ar1,3.9488611869921364,3.872887286382888,0.4820087560003463,0.7620881046631118,1.7973274732638433,1.7813665065292486,2.151533713728293,2012-07-28,8.0,0,True,False
2012-04-06,2012Q1,14,diag3,gaussian_ar1,3.305026596702487,3.251584913468341,0.22785436208201215,0.7244786326331173,3.396793738645587,3.3403767275155727,-0.09176714194309987,2012-04-28,10.0,3,True,True
2012-04-06,2012Q2,1,diag3,gaussian_ar1,4.119062414412,4.03648892419092,0.5489328124884839,0.7502653107730749,1.7973274732638433,1.7813665065292486,2.321734941148157,2012-07-28,10.0,0,True,False
2012-04-06,2012Q3,-12,diag3,gaussian_ar1,3.490943307971839,3.431391861780683,0.30140747882974706,0.8229821532946935,0.5773578286532466,0.575697505945138,2.9135854793185922,2012-10-28,10.0,0,True,False
2012-04-13,2012Q1,15,diag3,gaussian_ar1,3.3437127248430842,3.2890263502944785,0.24317042411367484,0.7243847733184691,3.396793738645587,3.3403767275155727,-0.05308101380250285,2012-04-28,6.0,0,True,False
2012-04-13,2012Q2,2,diag3,gaussian_ar1,4.190597844314103,4.105170743963747,0.5770282890849849,0.7499934151246062,1.7973274732638433,1.7813665065292486,2.39327037105026,2012-07-28,6.0,0,True,False
2012-04-13,2012Q3,-11,diag3,gaussian_ar1,3.544026528812827,3.482671336012568,0.32238422745009726,0.8228086466026826,0.5773578286532466,0.575697505945138,2.9666687001595804,2012-10-28,6.0,0,True,False
2012-04-20,2012Q1,16,diag3,gaussian_ar1,3.16920283102331,3.1200200342604747,0.17403549128137996,0.7238976217158584,3.396793738645587,3.3403767275155727,-0.22759090762227707,2012-04-28,8.0,0,True,False
2012-04-20,2012Q2,3,diag3,gaussian_ar1,3.7036203666209744,3.636684056296855,0.385385772729807,0.7427711138839093,1.7973274732638433,1.7813665065292486,1.906292893357131,2012-07-28,8.0,0,True,False
2012-04-20,2012Q3,-10,diag3,gaussian_ar1,3.0396124519154633,2.9943315218754174,0.12262044913713427,0.8134634082755575,0.5773578286532466,0.575697505945138,2.4622546232622167,2012-10-28,8.0,0,True,False
2012-04-27,2012Q1,17,diag3,gaussian_ar1,3.147542045905305,3.0990224315593524,0.16544606168817344,0.7237470102696931,3.396793738645587,3.3403767275155727,-0.24925169274028214,2012-04-28,4.0,0,True,False
2012-04-27,2012Q2,4,diag3,gaussian_ar1,3.68418953423697,3.6179454115808016,0.37772040865221873,0.7423247053483436,1.7973274732638433,1.7813665065292486,1.8868620609731268,2012-07-28,4.0,0,True,False
2012-04-27,2012Q3,-9,diag3,gaussian_ar1,3.0239460418548525,2.9791261064149506,0.11640041309815558,0.8131370006246765,0.5773578286532466,0.575697505945138,2.446588213201606,2012-10-28,4.0,0,True,False
2012-05-04,2012Q2,5,diag3,gaussian_ar1,3.975008057208851,3.8980377132670827,0.4919981877476979,0.7353743154636068,1.7973274732638433,1.7813665065292486,2.1776805839450075,2012-07-28,12.0,3,True,True
2012-05-04,2012Q3,-8,diag3,gaussian_ar1,3.424255959602318,3.3669332324343917,0.27379842285763034,0.7976092759250628,0.5773578286532466,0.575697505945138,2.8468981309490715,2012-10-28,12.0,0,True,False
2012-05-11,2012Q2,6,diag3,gaussian_ar1,3.949229596492132,3.8732416999309796,0.48181095627929477,0.734271976638007,1.7973274732638433,1.7813665065292486,2.1519021232282887,2012-07-28,7.0,0,True,False
2012-05-11,2012Q3,-7,diag3,gaussian_ar1,3.3997309799688846,3.343217434173958,0.26405498857800674,0.7969290695209624,0.5773578286532466,0.575697505945138,2.822373151315638,2012-10-28,7.0,0,True,False
2012-05-18,2012Q2,7,diag3,gaussian_ar1,3.994234791974538,3.9165276924169534,0.4995946386324625,0.731888341559058,1.7973274732638433,1.7813665065292486,2.1969073187106947,2012-07-28,12.0,0,True,False
2012-05-18,2012Q3,-6,diag3,gaussian_ar1,3.5155486234632827,3.455164368022163,0.31004743550209357,0.7914095875162941,0.5773578286532466,0.575697505945138,2.938190794810036,2012-10-28,12.0,0,True,False
2012-05-25,2012Q2,8,diag3,gaussian_ar1,3.8706809772635964,3.797648728350831,0.4507542259721633,0.7306665992074293,1.7973274732638433,1.7813665065292486,2.073353503999753,2012-07-28,0.0,0,True,False
2012-05-25,2012Q3,-5,diag3,gaussian_ar1,3.2558760225433137,3.203995486366173,0.20685683383533265,0.7863691932161692,0.5773578286532466,0.575697505945138,2.678518193890067,2012-10-28,0.0,0,True,False
2012-06-01,2012Q2,9,diag3,gaussian_ar1,3.7448971864282754,3.676478816788661,0.4009725969918107,0.7288897844626168,1.7973274732638433,1.7813665065292486,1.947569713164432,2012-07-28,11.0,3,True,True
2012-06-01,2012Q3,-4,diag3,gaussian_ar1,3.0291294986044104,2.984157292420856,0.11653817909998251,0.774603087505271,0.5773578286532466,0.575697505945138,2.451771669951164,2012-10-28,11.0,0,True,False
2012-06-08,2012Q2,10,diag3,gaussian_ar1,3.6822059498164528,3.6160322911680747,0.3761386553572864,0.7276446122682694,1.7973274732638433,1.7813665065292486,1.8848784765526094,2012-07-28,9.0,0,True,False
2012-06-08,2012Q3,-3,diag3,gaussian_ar1,2.978803475586944,2.9352989564412457,0.09646514675245582,0.7728108112218871,0.5773578286532466,0.575697505945138,2.4014456469336976,2012-10-28,9.0,0,True,False
2012-06-15,2012Q2,11,diag3,gaussian_ar1,3.6630472424002747,3.5975522853075663,0.36854630191374566,0.7273693621924144,1.7973274732638433,1.7813665065292486,1.8657197691364313,2012-07-28,6.0,0,True,False
2012-06-15,2012Q3,-2,diag3,gaussian_ar1,2.954104302416116,2.9113113640202224,0.08661004815050141,0.772486555293177,0.5773578286532466,0.575697505945138,2.3767464737628696,2012-10-28,6.0,0,True,False
2012-06-22,2012Q2,12,diag3,gaussian_ar1,3.5100157792920417,3.449819284975512,0.3078514535320892,0.726139137290016,1.7973274732638433,1.7813665065292486,1.7126883060281983,2012-07-28,6.0,0,True,False
2012-06-22,2012Q3,-1,diag3,gaussian_ar1,2.3440339729118964,2.316983397483943,-0.15756454883743237,0.762795207210474,0.5773578286532466,0.575697505945138,1.7666761442586498,2012-10-28,6.0,0,True,False
2012-06-29,2012Q2,13,diag3,gaussian_ar1,3.5364182718686132,3.4753232187579695,0.3183295281029893,0.7258597821182331,1.7973274732638433,1.7813665065292486,1.73909079860477,2012-07-28,4.0,0,True,False
2012-06-29,2012Q3,0,diag3,gaussian_ar1,2.3814069954910977,2.353493782141124,-0.14256456741051518,0.762387181726582,0.5773578286532466,0.575697505945138,1.804049166837851,2012-10-28,4.0,0,True,False
2012-07-06,2012Q2,14,diag3,gaussian_ar1,3.4155170421190872,3.358483293274608,0.2703268371253663,0.7251597180794818,1.7973274732638433,1.7813665065292486,1.618189568855244,2012-07-28,13.0,2,True,True
2012-07-06,2012Q3,1,diag3,gaussian_ar1,2.0538665366304443,2.033059119900568,-0.27421242670534846,0.7509269720038875,0.5773578286532466,0.575697505945138,1.4765087079771977,2012-10-28,13.0,0,True,False
2012-07-06,2012Q4,-12,diag3,gaussian_ar1,2.2635774828254407,2.2383387237487966,-0.18987504505459918,0.8232958856698733,0.4633651980530562,0.4622949663000891,1.8002122847723845,2013-01-28,13.0,0,True,False
2012-07-13,2012Q2,15,diag3,gaussian_ar1,3.3879837809527524,3.331855831728318,0.2593871707156415,0.7250912541650362,1.7973274732638433,1.7813665065292486,1.590656307688909,2012-07-28,6.0,0,True,False
2012-07-13,2012Q3,2,diag3,gaussian_ar1,1.9960799795384787,1.9764194984515728,-0.2974823340958048,0.7507734381093648,0.5773578286532466,0.575697505945138,1.4187221508852321,2012-10-28,6.0,0,True,False
2012-07-13,2012Q4,-11,diag3,gaussian_ar1,2.2210284770830757,2.196722870900887,-0.20697256472318984,0.8231990618175204,0.4633651980530562,0.4622949663000891,1.7576632790300195,2013-01-28,6.0,0,True,False
2012-07-20,2012Q2,16,diag3,gaussian_ar1,3.3545049245941483,3.2994688203685847,0.24608124218514588,0.7245189059895973,1.7973274732638433,1.7813665065292486,1.557177451330305,2012-07-28,9.0,0,True,False
2012-07-20,2012Q3,3,diag3,gaussian_ar1,1.8285296323611089,1.81201306564998,-0.36502732058787524,0.7433146612145883,0.5773578286532466,0.575697505945138,1.2511718037078623,2012-10-28,9.0,0,True,False
2012-07-20,2012Q4,-10,diag3,gaussian_ar1,2.015477623739459,1.9954357193827021,-0.28966968124496745,0.8137176149103844,0.4633651980530562,0.4622949663000891,1.5521124256864027,2013-01-28,9.0,0,True,False
2012-07-27,2012Q2,17,diag3,gaussian_ar1,3.3476301339918413,3.2928169388068396,0.24334837314481372,0.7243687512856447,1.7973274732638433,1.7813665065292486,1.550302660727998,2012-07-28,4.0,0,True,False
2012-07-27,2012Q3,4,diag3,gaussian_ar1,1.8166111013715236,1.8003078700727675,-0.36983630076995855,0.7428679993251811,0.5773578286532466,0.575697505945138,1.239253272718277,2012-10-28,4.0,0,True,False
2012-07-27,2012Q4,-9,diag3,gaussian_ar1,2.0049605516158975,1.985125897261998,-0.29390538409437483,0.8133930078372693,0.4633651980530562,0.4622949663000891,1.5415953535628413,2013-01-28,4.0,0,True,False
2012-08-03,2012Q3,5,diag3,gaussian_ar1,1.7406042127761756,1.725629218166071,-0.398657914216108,0.7368837623248794,0.5773578286532466,0.575697505945138,1.163246384122929,2012-10-28,12.0,3,True,True
2012-08-03,2012Q4,-8,diag3,gaussian_ar1,1.672475613950275,1.6586437505339842,-0.42628737211431267,0.7995767535454413,0.4633651980530562,0.4622949663000891,1.2091104158972188,2013-01-28,12.0,0,True,False
2012-08-10,2012Q3,6,diag3,gaussian_ar1,1.8034649894120403,1.7873954773164629,-0.37318122028454437,0.7357792235602063,0.5773578286532466,0.575697505945138,1.2261071607587937,2012-10-28,7.0,0,True,False
2012-08-10,2012Q4,-7,diag3,gaussian_ar1,1.7248712593923798,1.710164232395249,-0.4050367481386854,0.7989047143845764,0.4633651980530562,0.4622949663000891,1.2615060613393236,2013-01-28,7.0,0,True,False
2012-08-17,2012Q3,7,diag3,gaussian_ar1,1.8391731898895314,1.8224649511385622,-0.35871613427810217,0.7333464818323691,0.5773578286532466,0.575697505945138,1.2618153612362848,2012-10-28,10.0,0,True,False
2012-08-17,2012Q4,-6,diag3,gaussian_ar1,1.6678597491974756,1.654103712036124,-0.4281599992223568,0.7932249866287829,0.4633651980530562,0.4622949663000891,1.2044945511444194,2013-01-28,10.0,0,True,False
2012-08-24,2012Q3,8,diag3,gaussian_ar1,1.8915364066563356,1.873869295651516,-0.3375134134087605,0.7321151778800278,0.5773578286532466,0.575697505945138,1.314178578003089,2012-10-28,2.0,0,True,False
2012-08-24,2012Q4,-5,diag3,gaussian_ar1,1.784226123966004,1.76849564560454,-0.38097682316718495,0.7881115098884278,0.4633651980530562,0.4622949663000891,1.3208609259129478,2013-01-28,2.0,0,True,False
2012-08-31,2012Q3,9,diag3,gaussian_ar1,1.9144433697974472,1.8963484822413248,-0.3282414360467409,0.731636501226952,0.5773578286532466,0.575697505945138,1.3370855411442006,2012-10-28,8.0,0,True,False
2012-08-31,2012Q4,-4,diag3,gaussian_ar1,1.8131021345453746,1.7968614508142546,-0.3692767955567922,0.787728648238929,0.4633651980530562,0.4622949663000891,1.3497369364923184,2013-01-28,8.0,0,True,False
2012-09-07,2012Q3,10,diag3,gaussian_ar1,2.08835709268147,2.0668498328319957,-0.2579148405289481,0.7295638006190445,0.5773578286532466,0.575697505945138,1.5109992640282233,2012-10-28,12.0,3,True,True
2012-09-07,2012Q4,-3,diag3,gaussian_ar1,2.144438729205911,2.121769159288201,-0.23526229704811974,0.7748040900811961,0.4633651980530562,0.4622949663000891,1.6810735311528546,2013-01-28,12.0,0,True,False
2012-09-14,2012Q3,11,diag3,gaussian_ar1,2.2004523808540455,2.1765918198859473,-0.21264962527918482,0.7292877439965897,0.5773578286532466,0.575697505945138,1.623094552200799,2012-10-28,6.0,0,True,False
2012-09-14,2012Q4,-2,diag3,gaussian_ar1,2.27638763927569,2.2508645462298573,-0.1820143959071211,0.7744592054901015,0.4633651980530562,0.4622949663000891,1.8130224412226337,2013-01-28,6.0,0,True,False
2012-09-21,2012Q3,12,diag3,gaussian_ar1,2.0740641181997033,2.052848260534458,-0.2636900611249776,0.7280527903456063,0.5773578286532466,0.575697505945138,1.4967062895464567,2012-10-28,6.0,0,True,False
2012-09-21,2012Q4,-1,diag3,gaussian_ar1,2.002723714816401,1.9829330026093883,-0.29252796796609526,0.7646499372808917,0.4633651980530562,0.4622949663000891,1.539358516763345,2013-01-28,6.0,0,True,False
2012-09-28,2012Q3,13,diag3,gaussian_ar1,1.9755438349370547,1.956283222349276,-0.30352018773736505,0.7277721780233088,0.5773578286532466,0.575697505945138,1.398186006283808,2012-10-28,4.0,0,True,False
2012-09-28,2012Q4,0,diag3,gaussian_ar1,1.8967230646684596,1.8789595378732185,-0.3354138440823411,0.7642391407662567,0.4633651980530562,0.4622949663000891,1.4333578666154034,2013-01-28,4.0,0,True,False
2012-10-05,2012Q3,14,diag3,gaussian_ar1,2.0043609186332523,1.9845380486496667,-0.2918659355348503,0.7273417724261709,0.5773578286532466,0.575697505945138,1.4270030899800057,2012-10-28,13.0,3,True,True
2012-10-05,2012Q4,1,diag3,gaussian_ar1,2.352705718865944,2.3254561713759694,-0.15124763052671547,0.7529654892052392,0.4633651980530562,0.4622949663000891,1.8893405208128877,2013-01-28,13.0,0,True,False
2012-10-05,2013Q1,-12,diag3,gaussian_ar1,2.567703116571729,2.5352912754684507,-0.06469706397798763,0.824985783277632,4.005025807945661,3.9269037062063,-1.4373226913739323,2013-04-28,13.0,0,True,False
2012-10-12,2012Q3,15,diag3,gaussian_ar1,1.9992039763728764,1.97948231125201,-0.2939512726760369,0.7272795258844456,0.5773578286532466,0.575697505945138,1.4218461477196298,2012-10-28,4.0,0,True,False
2012-10-12,2012Q4,2,diag3,gaussian_ar1,2.3455499651285905,2.318464657240824,-0.154131416402522,0.7528479782135958,0.4633651980530562,0.4622949663000891,1.8821847670755343,2013-01-28,4.0,0,True,False
2012-10-12,2013Q1,-11,diag3,gaussian_ar1,2.5614560466213465,2.5292004105930843,-0.06720935956367935,0.8249051101336284,4.005025807945661,3.9269037062063,-1.4435697613243148,2013-04-28,4.0,0,True,False
2012-10-19,2012Q3,16,diag3,gaussian_ar1,1.9776275439548519,1.9583265433761343,-0.3026773802706145,0.7267599750060818,0.5773578286532466,0.575697505945138,1.4002697153016053,2012-10-28,11.0,0,True,False
2012-10-19,2012Q4,3,diag3,gaussian_ar1,2.2523579404774674,2.2273669211496365,-0.19170644801650671,0.7485603790931793,0.4633651980530562,0.4622949663000891,1.7889927424244112,2013-01-28,11.0,0,True,False
2012-10-19,2013Q1,-10,diag3,gaussian_ar1,2.449644869555123,2.4201222312626194,-0.1122007744176717,0.8198772964371733,4.005025807945661,3.9269037062063,-1.5553809383905381,2013-04-28,11.0,0,True,False
2012-10-26,2012Q3,17,diag3,gaussian_ar1,1.9881512406960011,1.968645624168222,-0.2984210748603261,0.7265558909765242,0.5773578286532466,0.575697505945138,1.4107934120427545,2012-10-28,4.0,0,True,False
2012-10-26,2012Q4,4,diag3,gaussian_ar1,2.216627430397744,2.19241735617909,-0.20612207528685714,0.7448735700678365,0.4633651980530562,0.4622949663000891,1.7532622323446878,2013-01-28,4.0,0,True,False
2012-10-26,2013Q1,-9,diag3,gaussian_ar1,2.397659561192733,2.3693670508389917,-0.13313573494273134,0.8150529168266959,4.005025807945661,3.9269037062063,-1.6073662467529282,2013-04-28,4.0,0,True,False
2012-11-02,2012Q4,5,diag3,gaussian_ar1,2.169276663124875,2.146082685175202,-0.21761138656497026,0.7385401446075944,0.4633651980530562,0.4622949663000891,1.7059114650718188,2013-01-28,10.0,2,True,True
2012-11-02,2013Q1,-8,diag3,gaussian_ar1,2.1882762363551356,2.1646771271377605,-0.20993319949465422,0.8013560118549448,4.005025807945661,3.9269037062063,-1.8167495715905257,2013-04-28,10.0,0,True,False
2012-11-09,2012Q4,6,diag3,gaussian_ar1,2.3225031659873885,2.295943507617298,-0.1557294848903306,0.7368185536888402,0.4633651980530562,0.4622949663000891,1.8591379679343323,2013-01-28,9.0,0,True,False
2012-11-09,2013Q1,-7,diag3,gaussian_ar1,2.312650893579682,2.2863143972519855,-0.15970562522594595,0.799878589408077,4.005025807945661,3.9269037062063,-1.6923749143659794,2013-04-28,9.0,0,True,False
2012-11-16,2012Q4,7,diag3,gaussian_ar1,2.369545200610279,2.341907223185625,-0.13674972699864185,0.7353182759748287,0.4633651980530562,0.4622949663000891,1.9061800025572229,2013-01-28,8.0,0,True,False
2012-11-16,2013Q1,-6,diag3,gaussian_ar1,2.3285659152957994,2.30186846988346,-0.15328289527200467,0.7949893533904877,4.005025807945661,3.9269037062063,-1.676459892649862,2013-04-28,8.0,0,True,False
2012-11-23,2012Q4,8,diag3,gaussian_ar1,2.283169391735984,2.25749513593313,-0.17160593823776207,0.733148659833287,0.4633651980530562,0.4622949663000891,1.819804193682928,2013-01-28,4.0,0,True,False
2012-11-23,2013Q1,-5,diag3,gaussian_ar1,2.0830926365463576,2.0616929353879487,-0.25245837401360816,0.7890679647379358,4.005025807945661,3.9269037062063,-1.9219331713993038,2013-04-28,4.0,0,True,False
2012-11-30,2012Q4,9,diag3,gaussian_ar1,2.3337005744281436,2.306886159975032,-0.1512109447794038,0.7326644562957241,0.4633651980530562,0.4622949663000891,1.8703353763750874,2013-01-28,8.0,0,True,False
2012-11-30,2013Q1,-4,diag3,gaussian_ar1,2.1287944581038554,2.106452153835696,-0.23397598809124726,0.7886831296019691,4.005025807945661,3.9269037062063,-1.876231349841806,2013-04-28,8.0,0,True,False
2012-12-07,2012Q4,10,diag3,gaussian_ar1,2.175847217958493,2.1525135260106474,-0.21495590494022443,0.7299244395763517,0.4633651980530562,0.4622949663000891,1.712482019905437,2013-01-28,12.0,2,True,True
2012-12-07,2013Q1,-3,diag3,gaussian_ar1,1.7797040066054315,1.764052699982106,-0.3753627027211171,0.7757422117987558,4.005025807945661,3.9269037062063,-2.22532180134023,2013-04-28,12.0,0,True,False
2012-12-14,2012Q4,11,diag3,gaussian_ar1,2.1134735941642946,2.091449515924937,-0.24017101457598797,0.7296565523354367,0.4633651980530562,0.4622949663000891,1.6501083961112384,2013-01-28,6.0,0,True,False
2012-12-14,2013Q1,-2,diag3,gaussian_ar1,1.7077557031211832,1.6933374759726023,-0.40456307989605933,0.7753977434451411,4.005025807945661,3.9269037062063,-2.297270104824478,2013-04-28,6.0,0,True,False
2012-12-21,2012Q4,12,diag3,gaussian_ar1,2.2015898204433393,2.1777047633546704,-0.20455370877592888,0.7284033442857833,0.4633651980530562,0.4622949663000891,1.738224622390283,2013-01-28,6.0,0,True,False
2012-12-21,2013Q1,-1,diag3,gaussian_ar1,1.8381296807759684,1.8214402821166633,-0.35166569734555847,0.7653794470464259,4.005025807945661,3.9269037062063,-2.166896127169693,2013-04-28,6.0,0,True,False
2012-12-28,2012Q4,13,diag3,gaussian_ar1,2.257014945431557,2.231921240483945,-0.18216614508725726,0.7281174449414112,0.4633651980530562,0.4622949663000891,1.7936497473785007,2013-01-28,4.0,0,True,False
2012-12-28,2013Q1,0,diag3,gaussian_ar1,1.9057377627310634,1.8878060434864317,-0.32426134007110513,0.7649643043540479,4.005025807945661,3.9269037062063,-2.099288045214598,2013-04-28,4.0,0,True,False
2013-01-04,2012Q4,14,diag3,gaussian_ar1,2.3997178963617305,2.37137716951787,-0.12458072717886892,0.7275114673715946,0.4633651980530562,0.4622949663000891,1.9363526983086743,2013-01-28,12.0,11,False,True
2013-01-04,2013Q1,1,diag3,gaussian_ar1,2.4291206598116677,2.400086763205126,-0.11272569912869178,0.7536868473056845,4.005025807945661,3.9269037062063,-1.5759051481339936,2013-04-28,12.0,0,True,False
2013-01-04,2013Q2,-12,diag3,gaussian_ar1,2.66231623280222,2.6274933063732444,-0.018822909092045842,0.8264506025092442,1.0748507650766292,1.0691153060548295,1.5874654677255906,2013-07-28,12.0,0,True,False
2013-01-11,2012Q4,15,diag3,gaussian_ar1,2.4866919255696063,2.4562769288603232,-0.08952314191931737,0.7272132315265425,0.4633651980530562,0.4622949663000891,2.02332672751655,2013-01-28,5.0,0,True,False
2013-01-11,2013Q1,2,diag3,gaussian_ar1,2.554101583388446,2.5220293667960876,-0.062372043767690816,0.7530844076282199,4.005025807945661,3.9269037062063,-1.4509242245572151,2013-04-28,5.0,0,True,False
2013-01-11,2013Q2,-11,diag3,gaussian_ar1,2.7678757000432874,2.730262500656185,0.023613486706169765,0.8260663033717928,1.0748507650766292,1.0691153060548295,1.6930249349666582,2013-07-28,5.0,0,True,False
2013-01-18,2012Q4,16,diag3,gaussian_ar1,2.5281275664778002,2.496699022809473,-0.0728316811193418,0.7266903775979008,0.4633651980530562,0.4622949663000891,2.064762368424744,2013-01-28,11.0,0,True,False
2013-01-18,2013Q1,3,diag3,gaussian_ar1,2.4959046317852174,2.4652656980305303,-0.08581141712759124,0.7487305727118942,4.005025807945661,3.9269037062063,-1.509121176160444,2013-04-28,11.0,0,True,False
2013-01-18,2013Q2,-10,diag3,gaussian_ar1,2.663127228154849,2.628283267265536,-0.018496711214128117,0.8209510427337441,1.0748507650766292,1.0691153060548295,1.5882764630782198,2013-07-28,11.0,0,True,False
2013-01-25,2012Q4,17,diag3,gaussian_ar1,2.516852116613877,2.485700997017569,-0.07737308653524189,0.726636674025763,0.4633651980530562,0.4622949663000891,2.0534869185608207,2013-01-28,0.0,0,True,False
2013-01-25,2013Q1,4,diag3,gaussian_ar1,2.4051271515486805,2.376659520320597,-0.12239949056439879,0.7454252595592893,4.005025807945661,3.9269037062063,-1.5998986563969808,2013-04-28,0.0,0,True,False
2013-01-25,2013Q2,-9,diag3,gaussian_ar1,2.550876749027986,2.5188847972327775,-0.06367052819714214,0.8163582648512154,1.0748507650766292,1.0691153060548295,1.4760259839513568,2013-07-28,0.0,0,True,False
2013-02-01,2013Q1,5,diag3,gaussian_ar1,2.998956345900905,2.954866962614072,0.12460781474839844,0.7393876964577252,4.005025807945661,3.9269037062063,-1.0060694620447563,2013-04-28,13.0,2,True,True
2013-02-01,2013Q2,-8,diag3,gaussian_ar1,2.9755351529489937,2.9321251241636768,0.11520967519748593,0.8017362043430989,1.0748507650766292,1.0691153060548295,1.9006843878723645,2013-07-28,13.0,0,True,False
2013-02-08,2013Q1,6,diag3,gaussian_ar1,2.936760345795264,2.894463645505357,0.09964594525117398,0.7376294251296133,4.005025807945661,3.9269037062063,-1.0682654621503973,2013-04-28,10.0,0,True,False
2013-02-08,2013Q2,-7,diag3,gaussian_ar1,2.913737422737972,2.8720950591741525,0.0904020533663629,0.8002050636821393,1.0748507650766292,1.0691153060548295,1.8388866576613427,2013-07-28,10.0,0,True,False
2013-02-15,2013Q1,7,diag3,gaussian_ar1,3.067949399733494,3.0218287643268975,0.152279999582986,0.7362135218790703,4.005025807945661,3.9269037062063,-0.9370764082121674,2013-04-28,6.0,0,True,False
2013-02-15,2013Q2,-6,diag3,gaussian_ar1,3.159834448461196,3.110939022017059,0.18910510670951014,0.795537379815842,1.0748507650766292,1.0691153060548295,2.084983683384567,2013-07-28,6.0,0,True,False
2013-02-22,2013Q1,8,diag3,gaussian_ar1,2.8801311806786467,2.839434958476188,0.07690515931464248,0.7340416888680433,4.005025807945661,3.9269037062063,-1.1248946272670146,2013-04-28,6.0,0,True,False
2013-02-22,2013Q2,-5,diag3,gaussian_ar1,2.8407971842944857,2.801194807436538,0.06110229110315191,0.7896512956513227,1.0748507650766292,1.0691153060548295,1.7659464192178564,2013-07-28,6.0,0,True,False
2013-03-01,2013Q1,9,diag3,gaussian_ar1,2.916857663326544,2.875126912225451,0.09165497661336047,0.7320869961556026,4.005025807945661,3.9269037062063,-1.0881681446191172,2013-04-28,7.0,11,False,True
2013-03-01,2013Q2,-4,diag3,gaussian_ar1,2.9824579054129385,2.9388476138944606,0.11798776619295614,0.7780196978125076,1.0748507650766292,1.0691153060548295,1.9076071403363093,2013-07-28,7.0,0,True,False
2013-03-08,2013Q1,10,diag3,gaussian_ar1,2.9159761792492356,2.8742704073998,0.09130102317661193,0.7308998077371722,4.005025807945661,3.9269037062063,-1.0890496286964257,2013-04-28,12.0,0,True,False
2013-03-08,2013Q2,-3,diag3,gaussian_ar1,3.017336126278791,2.9727099984304153,0.13198150799574482,0.7762337997343964,1.0748507650766292,1.0691153060548295,1.942485361202162,2013-07-28,12.0,0,True,False
2013-03-15,2013Q1,11,diag3,gaussian_ar1,2.9594239456154137,2.9164782350322858,0.10874354679211445,0.7307106533647667,4.005025807945661,3.9269037062063,-1.0456018623302477,2013-04-28,6.0,0,True,False
2013-03-15,2013Q2,-2,diag3,gaussian_ar1,3.0672009390780186,3.0211025799238334,0.15197990148957188,0.7760057921944393,1.0748507650766292,1.0691153060548295,1.9923501740013894,2013-07-28,6.0,0,True,False
2013-03-22,2013Q1,12,diag3,gaussian_ar1,3.0150909265237003,2.970530535918318,0.13108083794308623,0.7292951391306907,4.005025807945661,3.9269037062063,-0.9899348814219611,2013-04-28,7.0,0,True,False
2013-03-22,2013Q2,-1,diag3,gaussian_ar1,3.0598445606732083,3.013964866975884,0.14903021813369452,0.7660458559480877,1.0748507650766292,1.0691153060548295,1.984993795596579,2013-07-28,7.0,0,True,False
2013-03-29,2013Q1,13,diag3,gaussian_ar1,3.0408501994423798,2.9955327493096013,0.14141308487402376,0.7290100808233232,4.005025807945661,3.9269037062063,-0.9641756085032815,2013-04-28,4.0,0,True,False
2013-03-29,2013Q2,0,diag3,gaussian_ar1,3.084003039453709,3.0374033340195097,0.1587162417423809,0.7656317303435498,1.0748507650766292,1.0691153060548295,2.0091522743770796,2013-07-28,4.0,0,True,False
2013-04-05,2013Q1,14,diag3,gaussian_ar1,2.989480208032247,2.945666312292275,0.12080561573656362,0.72893284427601,4.005025807945661,3.9269037062063,-1.0155455999134144,2013-04-28,13.0,2,True,True
2013-04-05,2013Q2,1,diag3,gaussian_ar1,2.750120700818748,2.7129842091394645,0.02464897118033038,0.7544234069843884,1.0748507650766292,1.0691153060548295,1.6752699357421186,2013-07-28,13.0,0,True,False
2013-04-05,2013Q3,-12,diag3,gaussian_ar1,2.9021630498865303,2.860847752394585,0.08575406684069736,0.8259863879741313,3.4493139225505898,3.3911586209990983,-0.5471508726640595,2013-10-28,13.0,0,True,False
2013-04-12,2013Q1,15,diag3,gaussian_ar1,2.9534583421501948,2.910683936588603,0.1063490338994057,0.7288686679091436,4.005025807945661,3.9269037062063,-1.0515674657954666,2013-04-28,4.0,0,True,False
2013-04-12,2013Q2,2,diag3,gaussian_ar1,2.6998974290055155,2.6640932202061873,0.004444609172426284,0.754304609440455,1.0748507650766292,1.0691153060548295,1.6250466639288863,2013-07-28,4.0,0,True,False
2013-04-12,2013Q3,-11,diag3,gaussian_ar1,2.8586849511948786,2.8185869435370123,0.0682896485596412,0.825905243333523,3.4493139225505898,3.3911586209990983,-0.5906289713557111,2013-10-28,4.0,0,True,False
2013-04-19,2013Q1,16,diag3,gaussian_ar1,2.9207706215881313,2.8789288976006957,0.09322615957664704,0.7283014311624885,4.005025807945661,3.9269037062063,-1.08425518635753,2013-04-28,11.0,0,True,False
2013-04-19,2013Q2,3,diag3,gaussian_ar1,2.5336038010742357,2.50204008236381,-0.06252438312904948,0.7469290056311905,1.0748507650766292,1.0691153060548295,1.4587530359976064,2013-07-28,11.0,0,True,False
2013-04-19,2013Q3,-10,diag3,gaussian_ar1,2.6851735188575088,2.6497553619526304,-0.0014805579165074745,0.8166170967162119,3.4493139225505898,3.3911586209990983,-0.764140403693081,2013-10-28,11.0,0,True,False
2013-04-26,2013Q1,17,diag3,gaussian_ar1,2.877117894134762,2.8365059860510122,0.07569475182482505,0.7281494698334375,4.005025807945661,3.9269037062063,-1.1279079138108994,2013-04-28,4.0,0,True,False
2013-04-26,2013Q2,4,diag3,gaussian_ar1,2.4517483788984107,2.422175423102859,-0.09552871629048976,0.7464764886301207,1.0748507650766292,1.0691153060548295,1.3768976138217814,2013-07-28,4.0,0,True,False
2013-04-26,2013Q3,-9,diag3,gaussian_ar1,2.6123746777192203,2.578835036961814,-0.03078861551763687,0.8162914409850643,3.4493139225505898,3.3911586209990983,-0.8369392448313695,2013-10-28,4.0,0,True,False
2013-05-03,2013Q2,5,diag3,gaussian_ar1,2.2069629823224135,2.182962040319481,-0.1996897746111096,0.7404326750907496,1.0748507650766292,1.0691153060548295,1.1321122172457843,2013-07-28,11.0,2,True,True
2013-05-03,2013Q3,-8,diag3,gaussian_ar1,2.4802817140185285,2.450022056244169,-0.088967171905308,0.8025311561940595,3.4493139225505898,3.3911586209990983,-0.9690322085320613,2013-10-28,11.0,0,True,False
2013-05-10,2013Q2,6,diag3,gaussian_ar1,2.0738669940442156,2.052655141599163,-0.2537147806640696,0.7393450206634418,1.0748507650766292,1.0691153060548295,0.9990162289675864,2013-07-28,8.0,0,True,False
2013-05-10,2013Q3,-7,diag3,gaussian_ar1,2.3756510877877,2.3478715996788613,-0.13131856763684413,0.801834135042496,3.4493139225505898,3.3911586209990983,-1.0736628347628896,2013-10-28,8.0,0,True,False
2013-05-17,2013Q2,7,diag3,gaussian_ar1,1.9291159765971289,1.910744430655966,-0.3125507064130312,0.7370052781296242,1.0748507650766292,1.0691153060548295,0.8542652115204996,2013-07-28,10.0,0,True,False
2013-05-17,2013Q3,-6,diag3,gaussian_ar1,2.1784351637144983,2.1550463290681394,-0.21126357833245651,0.7964114374593795,3.4493139225505898,3.3911586209990983,-1.2708787588360915,2013-10-28,10.0,0,True,False
2013-05-24,2013Q2,8,diag3,gaussian_ar1,1.9214339734918484,1.9032075335410839,-0.31567549041334725,0.7357857483827098,1.0748507650766292,1.0691153060548295,0.8465832084152192,2013-07-28,2.0,0,True,False
2013-05-24,2013Q3,-5,diag3,gaussian_ar1,2.1697791225039342,2.1465744750360667,-0.21477599379055817,0.7913386996160247,3.4493139225505898,3.3911586209990983,-1.2795348000466555,2013-10-28,2.0,0,True,False
2013-05-31,2013Q2,9,diag3,gaussian_ar1,1.9668189746449238,1.9477270203152794,-0.29721779119657066,0.7353015123986261,1.0748507650766292,1.0691153060548295,0.8919682095682946,2013-07-28,8.0,0,True,False
2013-05-31,2013Q3,-4,diag3,gaussian_ar1,2.2171828664561577,2.1929607458049167,-0.1955443292841369,0.7909521745917786,3.4493139225505898,3.3911586209990983,-1.232131056094432,2013-10-28,8.0,0,True,False
2013-06-07,2013Q2,10,diag3,gaussian_ar1,2.0608798323593858,2.039931034699914,-0.2589901725197675,0.732521881615101,1.0748507650766292,1.0691153060548295,0.9860290672827565,2013-07-28,12.0,11,False,True
2013-06-07,2013Q3,-3,diag3,gaussian_ar1,2.2083246029452663,2.184294250487291,-0.19913744266946592,0.7777947428946375,3.4493139225505898,3.3911586209990983,-1.2409893196053234,2013-10-28,12.0,0,True,False
2013-06-14,2013Q2,11,diag3,gaussian_ar1,2.0856358580647605,2.0641842292675636,-0.24893484163407775,0.7322463726500238,1.0748507650766292,1.0691153060548295,1.0107850929881312,2013-07-28,6.0,0,True,False
2013-06-14,2013Q3,-2,diag3,gaussian_ar1,2.2333060425119067,2.208732951755819,-0.18900520103894025,0.7774545153656848,3.4493139225505898,3.3911586209990983,-1.216007880038683,2013-10-28,6.0,0,True,False
2013-06-21,2013Q2,12,diag3,gaussian_ar1,2.1865843472198776,2.163021454683281,-0.20795710558341285,0.7310357846360578,1.0748507650766292,1.0691153060548295,1.1117335821432484,2013-07-28,6.0,0,True,False
2013-06-21,2013Q3,-1,diag3,gaussian_ar1,2.5714603047659823,2.5389543382712922,-0.05209600758475219,0.7677601627721502,3.4493139225505898,3.3911586209990983,-0.8778536177846075,2013-10-28,6.0,0,True,False
2013-06-28,2013Q2,13,diag3,gaussian_ar1,2.235442690123257,2.2108229020535086,-0.1881387114010784,0.7307513810324627,1.0748507650766292,1.0691153060548295,1.160591925046628,2013-07-28,4.0,0,True,False
2013-06-28,2013Q3,0,diag3,gaussian_ar1,2.609871664021779,2.5763957169152034,-0.036572879279703485,0.7673445410448506,3.4493139225505898,3.3911586209990983,-0.8394422585288108,2013-10-28,4.0,0,True,False
2013-07-05,2013Q2,14,diag3,gaussian_ar1,2.30816233586717,2.281927201597364,-0.15865899658188665,0.7299058347321598,1.0748507650766292,1.0691153060548295,1.2333115707905407,2013-07-28,13.0,11,False,True
2013-07-05,2013Q3,1,diag3,gaussian_ar1,2.7823610971538404,2.7443567652605165,0.033063469544721336,0.755509099930483,3.4493139225505898,3.3911586209990983,-0.6669528253967494,2013-10-28,13.0,0,True,False
2013-07-05,2013Q4,-12,diag3,gaussian_ar1,2.548718702179009,2.516780408051222,-0.0612892792082938,0.8274284214120355,3.532828598657445,3.4718560953045587,-0.9841098964784356,2014-01-28,13.0,0,True,False
2013-07-12,2013Q2,15,diag3,gaussian_ar1,2.2672456036470834,2.2419255873488013,-0.17524359396797895,0.7298413469989817,1.0748507650766292,1.0691153060548295,1.1923948385704541,2013-07-28,4.0,0,True,False
2013-07-12,2013Q3,2,diag3,gaussian_ar1,2.724563158429061,2.6881076238186314,0.009742676580458798,0.7553902165436179,3.4493139225505898,3.3911586209990983,-0.724750764121529,2013-10-28,4.0,0,True,False
2013-07-12,2013Q4,-11,diag3,gaussian_ar1,2.4989084164859454,2.468196293840503,-0.08143216565627388,0.8273472314040514,3.532828598657445,3.4718560953045587,-1.0339201821714994,2014-01-28,4.0,0,True,False
2013-07-19,2013Q2,16,diag3,gaussian_ar1,2.239438564811125,2.2147313280311653,-0.186518285014033,0.7293241131518144,1.0748507650766292,1.0691153060548295,1.1645877997344956,2013-07-28,11.0,0,True,False
2013-07-19,2013Q3,3,diag3,gaussian_ar1,2.655350888075736,2.6207083620215634,-0.018200936246725197,0.7512009191565777,3.4493139225505898,3.3911586209990983,-0.7939630344748538,2013-10-28,11.0,0,True,False
2013-07-19,2013Q4,-10,diag3,gaussian_ar1,2.4268631423487452,2.3978827587907854,-0.1105840309371694,0.8224649012330011,3.532828598657445,3.4718560953045587,-1.1059654563086996,2014-01-28,11.0,0,True,False
2013-07-26,2013Q2,17,diag3,gaussian_ar1,2.288544702607509,2.2627503207924247,-0.16660969690349747,0.7291209625955076,1.0748507650766292,1.0691153060548295,1.2136939375308797,2013-07-28,4.0,0,True,False
2013-07-26,2013Q3,4,diag3,gaussian_ar1,2.8361976659517785,2.796722242727175,0.05477410240364955,0.7475096199447473,3.4493139225505898,3.3911586209990983,-0.6131162565988113,2013-10-28,4.0,0,True,False
2013-07-26,2013Q4,-9,diag3,gaussian_ar1,2.629482926583515,2.595506342809091,-0.02864964812515719,0.8176565637156078,3.532828598657445,3.4718560953045587,-0.9033456720739297,2014-01-28,4.0,0,True,False
2013-08-02,2013Q3,5,diag3,gaussian_ar1,3.3548057107733342,3.2997598437175117,0.26981201631583196,0.7410668834206965,3.4493139225505898,3.3911586209990983,-0.09450821177725555,2013-10-28,10.0,11,False,True
2013-08-02,2013Q4,-8,diag3,gaussian_ar1,3.142596576416379,3.094227757879942,0.18438446466986014,0.8033330217475619,3.532828598657445,3.4718560953045587,-0.390232022241066,2014-01-28,10.0,0,True,False
2013-08-09,2013Q3,6,diag3,gaussian_ar1,3.396570427174006,3.3401607520441265,0.2866042882793618,0.7393450206634418,3.4493139225505898,3.3911586209990983,-0.05274349537658374,2013-10-28,9.0,0,True,False
2013-08-09,2013Q4,-7,diag3,gaussian_ar1,3.204885904453336,3.1546009974078,0.2094780553702273,0.801834135042496,3.532828598657445,3.4718560953045587,-0.3279426942041086,2014-01-28,9.0,0,True,False
2013-08-16,2013Q3,7,diag3,gaussian_ar1,3.4105594780532655,3.353689348381217,0.2922273269284107,0.7389406495719464,3.4493139225505898,3.3911586209990983,-0.038754444497324236,2013-10-28,8.0,0,True,False
2013-08-16,2013Q4,-6,diag3,gaussian_ar1,3.2181188702153474,3.1674222096506783,0.21480707622154133,0.8015390310993058,3.532828598657445,3.4718560953045587,-0.31470972844209744,2014-01-28,8.0,0,True,False
2013-08-23,2013Q3,8,diag3,gaussian_ar1,3.2067389167411253,3.1563964508271,0.21022431933714103,0.7357857483827098,3.4493139225505898,3.3911586209990983,-0.24257500580946445,2013-10-28,4.0,0,True,False
2013-08-23,2013Q4,-5,diag3,gaussian_ar1,2.9650916155937956,2.9219828442958953,0.11279242495988606,0.7913386996160247,3.532828598657445,3.4718560953045587,-0.5677369830636492,2014-01-28,4.0,0,True,False
2013-08-30,2013Q3,9,diag3,gaussian_ar1,3.02864378542933,2.9836858584464396,0.13843872444921979,0.7353015123986262,3.4493139225505898,3.3911586209990983,-0.42067013712125956,2013-10-28,8.0,0,True,False
2013-08-30,2013Q4,-4,diag3,gaussian_ar1,2.8099956613079513,2.7712396365464387,0.05013737471399282,0.7909521745917786,3.532828598657445,3.4718560953045587,-0.7228329373494935,2014-01-28,8.0,0,True,False
2013-09-06,2013Q3,10,diag3,gaussian_ar1,3.1888281655723105,3.139040698989055,0.2030105581355397,0.7325241638774387,3.4493139225505898,3.3911586209990983,-0.26048575697827925,2013-10-28,10.0,11,False,True
2013-09-06,2013Q4,-3,diag3,gaussian_ar1,3.2057484036993156,3.15543670943289,0.20982541151120943,0.7777977847499017,3.532828598657445,3.4718560953045587,-0.32708019495812923,2014-01-28,10.0,0,True,False
2013-09-13,2013Q3,11,diag3,gaussian_ar1,3.174413342813698,3.125070359429832,0.19720391291348682,0.7323149644132347,3.4493139225505898,3.3911586209990983,-0.27490057973689197,2013-10-28,6.0,0,True,False
2013-09-13,2013Q4,-2,diag3,gaussian_ar1,3.188395220758422,3.138621132520644,0.20283616912954544,0.7775583790483982,3.532828598657445,3.4718560953045587,-0.34443337789902273,2014-01-28,6.0,0,True,False
2013-09-20,2013Q3,12,diag3,gaussian_ar1,3.2561377698618887,3.2042489799172515,0.23011379004231325,0.7310357846360578,3.4493139225505898,3.3911586209990983,-0.19317615268870103,2013-10-28,8.0,0,True,False
2013-09-20,2013Q4,-1,diag3,gaussian_ar1,3.4191273359371,3.3619742885372568,0.29567088733495095,0.7677601627721502,3.532828598657445,3.4718560953045587,-0.11370126272034486,2014-01-28,8.0,0,True,False
2013-09-27,2013Q3,13,diag3,gaussian_ar1,3.2132178849254123,3.1626739138077133,0.21283349002110818,0.7307513810324627,3.4493139225505898,3.3911586209990983,-0.2360960376251775,2013-10-28,4.0,0,True,False
2013-09-27,2013Q4,0,diag3,gaussian_ar1,3.3641625239966277,3.308812533279182,0.2735746848155603,0.7673445410448506,3.532828598657445,3.4718560953045587,-0.16866607466081707,2014-01-28,4.0,0,True,False
2013-10-04,2013Q3,14,diag3,gaussian_ar1,3.176663189556428,3.1272509603558207,0.1981102599564073,0.7304349330047533,3.4493139225505898,3.3911586209990983,-0.27265073299416187,2013-10-28,9.0,11,False,True
2013-10-04,2013Q4,1,diag3,gaussian_ar1,3.271251216599347,3.218884759547847,0.23619701940855353,0.7564235526456579,3.532828598657445,3.4718560953045587,-0.261577382058098,2014-01-28,9.0,0,True,False
2013-10-04,2014Q1,-12,diag3,gaussian_ar1,3.475350994722537,3.416324371365083,0.318261007455691,0.8280506170234827,-1.3732548917761767,-1.3827712598634003,4.848605886498714,2014-04-28,9.0,0,True,False
2013-10-11,2013Q3,15,diag3,gaussian_ar1,3.1361474886650864,3.087974968449175,0.1817855493236189,0.7298413472428409,3.4493139225505898,3.3911586209990983,-0.31316643388550336,2013-10-28,7.0,0,True,False
2013-10-11,2013Q4,2,diag3,gaussian_ar1,3.220673096707549,3.1698967702388297,0.21583560493803783,0.7553902169075869,3.532828598657445,3.4718560953045587,-0.3121555019498956,2014-01-28,7.0,0,True,False
2013-10-11,2014Q1,-11,diag3,gaussian_ar1,3.431363196550552,3.373804920987025,0.30058818265888315,0.8273472316414531,-1.3732548917761767,-1.3827712598634003,4.804618088326729,2014-04-28,7.0,0,True,False
2013-10-18,2013Q3,16,diag3,gaussian_ar1,3.1522148456847754,3.103552538478202,0.18826022534683184,0.7293241131518146,3.4493139225505898,3.3911586209990983,-0.2970990768658144,2013-10-28,12.0,0,True,False
2013-10-18,2013Q4,3,diag3,gaussian_ar1,3.1509360975151557,3.10231285972024,0.18774496408877234,0.7512009191565776,3.532828598657445,3.4718560953045587,-0.3818925011422891,2014-01-28,12.0,0,True,False
2013-10-18,2014Q1,-10,diag3,gaussian_ar1,3.3317013858932487,3.277402965853674,0.2605195823361317,0.8224649012330011,-1.3732548917761767,-1.3827712598634003,4.704956277669425,2014-04-28,12.0,0,True,False
2013-10-25,2013Q3,17,diag3,gaussian_ar1,3.1466314605205215,3.098139628744974,0.18601039839691325,0.7292731287703211,3.4493139225505898,3.3911586209990983,-0.3026824620300683,2013-10-28,0.0,0,True,False
2013-10-25,2013Q4,4,diag3,gaussian_ar1,3.106856674127312,3.0595707907136904,0.1699796098734781,0.7479634953944838,3.532828598657445,3.4718560953045587,-0.425971924530133,2014-01-28,0.0,0,True,False
2013-10-25,2014Q1,-9,diag3,gaussian_ar1,3.277371448702504,3.2248109497358612,0.23866018673489756,0.8179832814095301,-1.3732548917761767,-1.3827712598634003,4.650626340478681,2014-04-28,0.0,0,True,False
2013-11-01,2013Q4,5,diag3,gaussian_ar1,3.253360785868331,3.201559530750844,0.2272242143729855,0.7411058746907703,3.532828598657445,3.4718560953045587,-0.2794678127891137,2014-01-28,13.0,11,False,True
2013-11-01,2014Q1,-8,diag3,gaussian_ar1,3.4841464315785053,3.4248240410788617,0.32039308375521586,0.8033576965472745,-1.3732548917761767,-1.3827712598634003,4.857401323354682,2014-04-28,13.0,0,True,False
2013-11-08,2013Q4,6,diag3,gaussian_ar1,3.3248133669290247,3.270736813591295,0.2560920770696157,0.7393450206634418,3.532828598657445,3.4718560953045587,-0.20801523172842007,2014-01-28,10.0,0,True,False
2013-11-08,2014Q1,-7,diag3,gaussian_ar1,3.5579041730499528,3.4960730886769333,0.35012549935284154,0.801834135042496,-1.3732548917761767,-1.3827712598634003,4.931159064826129,2014-04-28,10.0,0,True,False
2013-11-15,2013Q4,7,diag3,gaussian_ar1,3.3175774741650566,3.263733514086801,0.2531695817038264,0.738963258679364,3.532828598657445,3.4718560953045587,-0.21525112449238826,2014-01-28,6.0,0,True,False
2013-11-15,2014Q1,-6,diag3,gaussian_ar1,3.5515372548136748,3.4899247275067196,0.34755977201023436,0.8015581099672136,-1.3732548917761767,-1.3827712598634003,4.924792146589851,2014-04-28,6.0,0,True,False
2013-11-22,2013Q4,8,diag3,gaussian_ar1,3.1056558493965936,3.0584061429277347,0.1674859278351034,0.7357857483827098,3.532828598657445,3.4718560953045587,-0.42717274926085125,2014-01-28,6.0,0,True,False
2013-11-22,2014Q1,-5,diag3,gaussian_ar1,3.1829383963460023,3.133332777478239,0.1987530101735812,0.7913386996160247,-1.3732548917761767,-1.3827712598634003,4.556193288122179,2014-04-28,6.0,0,True,False
2013-11-29,2013Q4,9,diag3,gaussian_ar1,3.0861070556731596,3.039444382761792,0.15957313527545147,0.7353638926393646,3.532828598657445,3.4718560953045587,-0.44672154298428524,2014-01-28,4.0,0,True,False
2013-11-29,2014Q1,-4,diag3,gaussian_ar1,3.1624924061931736,3.1135155320561196,0.19048322135879642,0.7909980333967737,-1.3732548917761767,-1.3827712598634003,4.53574729796935,2014-04-28,4.0,0,True,False
2013-12-06,2013Q4,10,diag3,gaussian_ar1,3.2934681645291786,3.2403956429959626,0.24343062650612352,0.7326309588697707,3.532828598657445,3.4718560953045587,-0.23936043412826624,2014-01-28,13.0,11,False,True
2013-12-06,2014Q1,-3,diag3,gaussian_ar1,3.668767392009098,3.603070154931534,0.3947756574792304,0.7778929189262651,-1.3732548917761767,-1.3827712598634003,5.042022283785275,2014-04-28,13.0,0,True,False
2013-12-13,2013Q4,11,diag3,gaussian_ar1,3.316062502602035,3.2622671782440853,0.25255767588682143,0.7325080025838067,3.532828598657445,3.4718560953045587,-0.21676609605540964,2014-01-28,6.0,0,True,False
2013-12-13,2014Q1,-2,diag3,gaussian_ar1,3.6883069091398824,3.621916405781163,0.40264024769634144,0.77776396488681,-1.3732548917761767,-1.3827712598634003,5.061561800916059,2014-04-28,6.0,0,True,False
2013-12-20,2013Q4,12,diag3,gaussian_ar1,3.27787080478974,3.2252944582460175,0.23712886225609786,0.7310357846360578,3.532828598657445,3.4718560953045587,-0.254957793867705,2014-01-28,9.0,0,True,False
2013-12-20,2014Q1,-1,diag3,gaussian_ar1,3.518925046541077,3.458426069340039,0.3344152988284671,0.7677601627721502,-1.3732548917761767,-1.3827712598634003,4.892179938317254,2014-04-28,9.0,0,True,False
2013-12-27,2013Q4,13,diag3,gaussian_ar1,3.3335222057117697,3.279165061853105,0.25960920731244697,0.7307513810324627,3.532828598657445,3.4718560953045587,-0.1993063929456751,2014-01-28,4.0,0,True,False
2013-12-27,2014Q1,0,diag3,gaussian_ar1,3.57644450760648,3.51397483672029,0.3575959460562369,0.7673445410448506,-1.3732548917761767,-1.3827712598634003,4.949699399382657,2014-04-28,4.0,0,True,False
2014-01-03,2013Q4,14,diag3,gaussian_ar1,3.384434620280752,3.328422916739182,0.28016464015391024,0.7305172507279278,3.532828598657445,3.4718560953045587,-0.148393978376693,2014-01-28,8.0,11,False,True
2014-01-03,2014Q1,1,diag3,gaussian_ar1,3.8011866578504083,3.730721683490536,0.4480449772348979,0.7573082891680054,-1.3732548917761767,-1.3827712598634003,5.174441549626585,2014-04-28,8.0,0,True,False
2014-01-03,2014Q2,-12,diag3,gaussian_ar1,3.4661030715267716,3.407386652005123,0.3131164152753419,0.8287767350989771,5.268365026582655,5.134276091659679,-1.8022619550558838,2014-07-28,8.0,0,True,False
2014-01-10,2013Q4,15,diag3,gaussian_ar1,3.259720424770718,3.2077185971568154,0.22979440903872678,0.7298413472428409,3.532828598657445,3.4718560953045587,-0.2731081738867269,2014-01-28,8.0,0,True,False
2014-01-10,2014Q1,2,diag3,gaussian_ar1,3.5884724786386935,3.525586813517053,0.362441654618953,0.7553902169075869,-1.3732548917761767,-1.3827712598634003,4.96172737041487,2014-04-28,8.0,0,True,False
2014-01-10,2014Q2,-11,diag3,gaussian_ar1,3.276909033148634,3.2243632073285893,0.23674024879056954,0.8273472316414531,5.268365026582655,5.134276091659679,-1.9914559934340215,2014-07-28,8.0,0,True,False
2014-01-17,2013Q4,16,diag3,gaussian_ar1,3.2592500783541034,3.2072630976785286,0.22960432790431895,0.729324768116134,3.532828598657445,3.4718560953045587,-0.2735785203033414,2014-01-28,10.0,0,True,False
2014-01-17,2014Q1,3,diag3,gaussian_ar1,3.689564038682569,3.6231288104962376,0.4031461873836263,0.7512082761337467,-1.3732548917761767,-1.3827712598634003,5.062818930458746,2014-04-28,10.0,0,True,False
2014-01-17,2014Q2,-10,diag3,gaussian_ar1,3.408348157234631,3.351550935753476,0.2898160235262456,0.8224676077136457,5.268365026582655,5.134276091659679,-1.8600168693480246,2014-07-28,10.0,0,True,False
2014-01-24,2013Q4,17,diag3,gaussian_ar1,3.275711359909028,3.2232035287562972,0.23625631186181895,0.7292731287703211,3.532828598657445,3.4718560953045587,-0.25711723874841663,2014-01-28,2.0,0,True,False
2014-01-24,2014Q1,4,diag3,gaussian_ar1,3.8227038806588842,3.7514488000373696,0.4566944576712869,0.7479634953944838,-1.3732548917761767,-1.3827712598634003,5.195958772435061,2014-04-28,2.0,0,True,False
2014-01-24,2014Q2,-9,diag3,gaussian_ar1,3.570972693971841,3.5086918226138826,0.35539133032711223,0.8179832814095301,5.268365026582655,5.134276091659679,-1.6973923326108142,2014-07-28,2.0,0,True,False
2014-01-31,2014Q1,5,diag3,gaussian_ar1,3.722521185996319,3.6549082003571645,0.41507753165434663,0.7471517948045207,-1.3732548917761767,-1.3827712598634003,5.095776077772496,2014-04-28,10.0,0,True,False
2014-01-31,2014Q2,-8,diag3,gaussian_ar1,3.5301487190410485,3.4692676271474263,0.3373092837998458,0.8132599598260625,5.268365026582655,5.134276091659679,-1.7382163075416068,2014-07-28,10.0,0,True,False
2014-02-07,2014Q1,6,diag3,gaussian_ar1,3.073246808993413,3.026968357342279,0.15202199102032293,0.7400180564914977,-1.3732548917761767,-1.3827712598634003,4.4465017007695895,2014-04-28,13.0,2,True,True
2014-02-07,2014Q2,-7,diag3,gaussian_ar1,2.6662466483047265,2.6313217221063896,-0.013721655747353852,0.8024958055498428,5.268365026582655,5.134276091659679,-2.602118378277929,2014-07-28,13.0,0,True,False
2014-02-14,2014Q1,7,diag3,gaussian_ar1,3.0012659415754817,2.9571092860921944,0.12275674219067322,0.7385983754600554,-1.3732548917761767,-1.3827712598634003,4.374520833351658,2014-04-28,6.0,0,True,False
2014-02-14,2014Q2,-6,diag3,gaussian_ar1,2.534298990789785,2.502718091653495,-0.06759608004548281,0.797833184265002,5.268365026582655,5.134276091659679,-2.7340660357928703,2014-07-28,6.0,0,True,False
2014-02-21,2014Q1,8,diag3,gaussian_ar1,2.7588995740811084,2.7215277497159,0.024067307041403627,0.7364410671042689,-1.3732548917761767,-1.3827712598634003,4.132154465857285,2014-04-28,6.0,0,True,False
2014-02-21,2014Q2,-5,diag3,gaussian_ar1,2.2004704310661705,2.176609481461907,-0.2042089701393588,0.7920382130303222,5.268365026582655,5.134276091659679,-3.067894595516485,2014-07-28,6.0,0,True,False
2014-02-28,2014Q1,9,diag3,gaussian_ar1,2.6656260607202054,2.6307172493800293,-0.01397488048153779,0.7360263858594867,-1.3732548917761767,-1.3827712598634003,4.038880952496382,2014-04-28,4.0,0,True,False
2014-02-28,2014Q2,-4,diag3,gaussian_ar1,2.1218085023592126,2.0996115808864855,-0.23646480577212364,0.7917047993956052,5.268365026582655,5.134276091659679,-3.146556524223443,2014-07-28,4.0,0,True,False
2014-03-07,2014Q1,10,diag3,gaussian_ar1,2.7227124156334215,2.686305952036404,0.009312248680721807,0.7338260864367591,-1.3732548917761767,-1.3827712598634003,4.095967307409598,2014-04-28,15.0,2,True,True
2014-03-07,2014Q2,-3,diag3,gaussian_ar1,2.3809722967861546,2.353069193692363,-0.13028675367664805,0.7790179447997841,5.268365026582655,5.134276091659679,-2.8873927297965007,2014-07-28,15.0,0,True,False
2014-03-14,2014Q1,11,diag3,gaussian_ar1,2.761398757090361,2.723959804388522,0.025086139440517463,0.7336277056557418,-1.3732548917761767,-1.3827712598634003,4.1346536488665375,2014-04-28,6.0,0,True,False
2014-03-14,2014Q2,-2,diag3,gaussian_ar1,2.428482310034208,2.399463550038308,-0.11085130515923201,0.7787754437382223,5.268365026582655,5.134276091659679,-2.8398827165484475,2014-07-28,6.0,0,True,False
2014-03-21,2014Q1,12,diag3,gaussian_ar1,2.912053302019424,2.870458606606526,0.08645718007184186,0.7322144360063603,-1.3732548917761767,-1.3827712598634003,4.285308193795601,2014-04-28,7.0,0,True,False
2014-03-21,2014Q2,-1,diag3,gaussian_ar1,2.686636720492741,2.6511802913366136,-0.005402536132338515,0.7689133963090179,5.268365026582655,5.134276091659679,-2.5817283060899143,2014-07-28,7.0,0,True,False
2014-03-28,2014Q1,13,diag3,gaussian_ar1,2.9761148019331385,2.9326880222849177,0.112526225963282,0.7319375117605484,-1.3732548917761767,-1.3827712598634003,4.349369693709315,2014-04-28,4.0,0,True,False
2014-03-28,2014Q2,0,diag3,gaussian_ar1,2.7746791470567134,2.7368824894180745,0.03049968969490284,0.7685056344893654,5.268365026582655,5.134276091659679,-2.493685879525942,2014-07-28,4.0,0,True,False
2014-04-04,2014Q1,14,diag3,gaussian_ar1,2.997021820318979,2.9529887457680934,0.1210305721208517,0.7316744482686062,-1.3732548917761767,-1.3827712598634003,4.370276712095156,2014-04-28,12.0,2,True,True
2014-04-04,2014Q2,1,diag3,gaussian_ar1,2.792805538175158,2.754517954669982,0.03788751019678358,0.7575119428409954,5.268365026582655,5.134276091659679,-2.475559488407497,2014-07-28,12.0,0,True,False
2014-04-04,2014Q3,-12,diag3,gaussian_ar1,2.8295086038929718,2.790217451838606,0.05284268565271085,0.8286271163705689,4.950916534930627,4.832259330312024,-2.1214079310376555,2014-10-28,12.0,0,True,False
2014-04-11,2014Q1,15,diag3,gaussian_ar1,3.0618110287205402,3.01587293242565,0.14737391360896668,0.7313773741464515,-1.3732548917761767,-1.3827712598634003,4.435065920496717,2014-04-28,5.0,0,True,False
2014-04-11,2014Q2,2,diag3,gaussian_ar1,2.894941912312188,2.8538300272632036,0.07949116258180353,0.7568183267682524,5.268365026582655,5.134276091659679,-2.3734231142704676,2014-07-28,5.0,0,True,False
2014-04-11,2014Q3,-11,diag3,gaussian_ar1,2.9228098120044788,2.8809101985595142,0.09083554402224686,0.828102870105841,4.950916534930627,4.832259330312024,-2.0281067229261485,2014-10-28,5.0,0,True,False
2014-04-18,2014Q1,16,diag3,gaussian_ar1,3.2256850791274827,3.1747522517936604,0.21393138040587256,0.7308614256107423,-1.3732548917761767,-1.3827712598634003,4.598939970903659,2014-04-28,11.0,0,True,False
2014-04-18,2014Q2,3,diag3,gaussian_ar1,3.146286313953106,3.097805010793835,0.1816967670003558,0.7526529925511072,5.268365026582655,5.134276091659679,-2.1220787126295493,2014-07-28,11.0,0,True,False
2014-04-18,2014Q3,-10,diag3,gaussian_ar1,3.1295256565207152,3.0815542857968774,0.17488903964028746,0.8232903235538691,4.950916534930627,4.832259330312024,-1.821390878409912,2014-10-28,11.0,0,True,False
2014-04-25,2014Q1,17,diag3,gaussian_ar1,3.2388271255854084,3.1874828138988214,0.21926444683635984,0.7308101332723413,-1.3732548917761767,-1.3827712598634003,4.612082017361585,2014-04-28,0.0,0,True,False
2014-04-25,2014Q2,4,diag3,gaussian_ar1,3.2536849668188594,3.2018734967458973,0.22529296835564266,0.7494531121352496,5.268365026582655,5.134276091659679,-2.014680059763796,2014-07-28,0.0,0,True,False
2014-04-25,2014Q3,-9,diag3,gaussian_ar1,3.261039615216532,3.2089961350136136,0.22827677242715833,0.8189069599030333,4.950916534930627,4.832259330312024,-1.689876919714095,2014-10-28,0.0,0,True,False
2014-05-02,2014Q2,5,diag3,gaussian_ar1,3.622998472967409,3.5589112182806213,0.38628512851872965,0.7461645375633127,5.268365026582655,5.134276091659679,-1.6453665536152462,2014-07-28,13.0,2,True,True
2014-05-02,2014Q3,-8,diag3,gaussian_ar1,3.062191590061669,3.0162421871813203,0.16074198890144342,0.8060038897273945,4.950916534930627,4.832259330312024,-1.888724944868958,2014-10-28,13.0,0,True,False
2014-05-09,2014Q2,6,diag3,gaussian_ar1,3.804080730189807,3.7335097363911096,0.45885145475148503,0.7444052084045946,5.268365026582655,5.134276091659679,-1.4642842963928482,2014-07-28,10.0,0,True,False
2014-05-09,2014Q3,-7,diag3,gaussian_ar1,3.2265537980723735,3.175593820719837,0.22697143202742054,0.8043924772610324,4.950916534930627,4.832259330312024,-1.7243627368582537,2014-10-28,10.0,0,True,False
2014-05-16,2014Q2,7,diag3,gaussian_ar1,3.803311178124069,3.732768383148662,0.45854333483255694,0.7440002777915392,5.268365026582655,5.134276091659679,-1.4650538484585862,2014-07-28,8.0,0,True,False
2014-05-16,2014Q3,-6,diag3,gaussian_ar1,3.23073782169756,3.179646982119875,0.2286559997752582,0.8041016899070424,4.950916534930627,4.832259330312024,-1.720178713233067,2014-10-28,8.0,0,True,False
2014-05-23,2014Q2,8,diag3,gaussian_ar1,3.9057518333363683,3.831406990470783,0.49953933775139103,0.740995435030654,5.268365026582655,5.134276091659679,-1.362613193246287,2014-07-28,4.0,0,True,False
2014-05-23,2014Q3,-5,diag3,gaussian_ar1,3.493602255994799,3.4339610855030287,0.33435357608580996,0.7944208050142587,4.950916534930627,4.832259330312024,-1.4573142789358284,2014-10-28,4.0,0,True,False
2014-05-30,2014Q2,9,diag3,gaussian_ar1,3.897595089406103,3.82355654527319,0.4962765496507475,0.740530010875661,5.268365026582655,5.134276091659679,-1.3707699371765525,2014-07-28,8.0,0,True,False
2014-05-30,2014Q3,-4,diag3,gaussian_ar1,3.48460219014628,3.4252644540115305,0.3307390975394413,0.7940502873983859,4.950916534930627,4.832259330312024,-1.4663143447843474,2014-10-28,8.0,0,True,False
2014-06-06,2014Q2,10,diag3,gaussian_ar1,3.8490649365297447,3.776836031207589,0.4768586525108587,0.7409521532446705,5.268365026582655,5.134276091659679,-1.4193000900529107,2014-07-28,10.0,2,True,True
2014-06-06,2014Q3,-3,diag3,gaussian_ar1,3.373790958396783,3.3181271600759854,0.2862108855731662,0.7839154567900688,4.950916534930627,4.832259330312024,-1.5771255765338443,2014-10-28,10.0,0,True,False
2014-06-13,2014Q2,11,diag3,gaussian_ar1,3.829684835229852,3.7581724930483507,0.46910174590376097,0.7407409239121431,5.268365026582655,5.134276091659679,-1.4386801913528036,2014-07-28,6.0,0,True,False
2014-06-13,2014Q3,-2,diag3,gaussian_ar1,3.3550531989658516,3.2999992983752025,0.278676615865053,0.783678164249566,4.950916534930627,4.832259330312024,-1.5958633359647756,2014-10-28,6.0,0,True,False
2014-06-20,2014Q2,12,diag3,gaussian_ar1,3.7789672809453556,3.709313686080079,0.44879513526254566,0.7395487923705477,5.268365026582655,5.134276091659679,-1.4893977456372998,2014-07-28,8.0,0,True,False
2014-06-20,2014Q3,-1,diag3,gaussian_ar1,3.235330792319435,3.1840961108832335,0.23050513877590595,0.7745107026404694,4.950916534930627,4.832259330312024,-1.715585742611192,2014-10-28,8.0,0,True,False
2014-06-27,2014Q2,13,diag3,gaussian_ar1,3.777850118410764,3.708237197676953,0.44834772706290926,0.7392897409003444,5.268365026582655,5.134276091659679,-1.4905149081718916,2014-07-28,4.0,0,True,False
2014-06-27,2014Q3,0,diag3,gaussian_ar1,3.2478785437063173,3.1962498849772,0.23555646879523562,0.7741249977948194,4.950916534930627,4.832259330312024,-1.7030379912243099,2014-10-28,4.0,0,True,False
2014-07-04,2014Q2,14,diag3,gaussian_ar1,3.7807063831733823,3.7109894472694966,0.4494916121540766,0.7389752642998914,5.268365026582655,5.134276091659679,-1.4876586434092731,2014-07-28,9.0,11,False,True
2014-07-04,2014Q3,1,diag3,gaussian_ar1,3.2898703480110703,3.2369124806611946,0.25245658464849907,0.7637446611961148,4.950916534930627,4.832259330312024,-1.661046186919557,2014-10-28,9.0,0,True,False
2014-07-04,2014Q4,-12,diag3,gaussian_ar1,3.810086562598536,3.739295307278419,0.46125604345587223,0.8319505469037611,2.0383303103057804,2.017834406173431,1.7717562522927555,2015-01-28,9.0,0,True,False
2014-07-11,2014Q2,15,diag3,gaussian_ar1,3.734187039085124,3.666154742540267,0.43085749174377796,0.7384118971955983,5.268365026582655,5.134276091659679,-1.5341779874975314,2014-07-28,7.0,0,True,False
2014-07-11,2014Q3,2,diag3,gaussian_ar1,3.2451035258614036,3.1935621250182105,0.23443938677111464,0.7626659470060614,4.950916534930627,4.832259330312024,-1.7058130090692236,2014-10-28,7.0,0,True,False
2014-07-11,2014Q4,-11,diag3,gaussian_ar1,3.774692006167246,3.705194004650799,0.4470829205782093,0.8311254086565107,2.0383303103057804,2.017834406173431,1.7363616958614658,2015-01-28,7.0,0,True,False
2014-07-18,2014Q2,16,diag3,gaussian_ar1,3.7178467867080123,3.650401460097517,0.4243101404526637,0.737927267725359,5.268365026582655,5.134276091659679,-1.550518239874643,2014-07-28,12.0,0,True,False
2014-07-18,2014Q3,3,diag3,gaussian_ar1,3.2778736316816603,3.2252971954169745,0.2476290604092315,0.7587614001885544,4.950916534930627,4.832259330312024,-1.6730429032489669,2014-10-28,12.0,0,True,False
2014-07-18,2014Q4,-10,diag3,gaussian_ar1,3.836454104376563,3.7646918699517418,0.4718113177622483,0.8265928267615477,2.0383303103057804,2.017834406173431,1.7981237940707828,2015-01-28,12.0,0,True,False
2014-07-25,2014Q2,17,diag3,gaussian_ar1,3.7331244282680975,3.6651303779697537,0.4304317471589465,0.7378786853065076,5.268365026582655,5.134276091659679,-1.5352405983145578,2014-07-28,0.0,0,True,False
2014-07-25,2014Q3,4,diag3,gaussian_ar1,3.4035882858843403,3.346947844236619,0.29818928717522475,0.755694645091434,4.950916534930627,4.832259330312024,-1.547328249046287,2014-10-28,0.0,0,True,False
2014-07-25,2014Q4,-9,diag3,gaussian_ar1,3.991443049844201,3.913843140134805,0.5338013039732701,0.8223660307894941,2.0383303103057804,2.017834406173431,1.9531127395384207,2015-01-28,0.0,0,True,False
2014-08-01,2014Q3,5,diag3,gaussian_ar1,3.7480402976538985,3.6795084247010887,0.4274489942031745,0.7491745760498146,4.950916534930627,4.832259330312024,-1.2028762372767288,2014-10-28,13.0,11,False,True
2014-08-01,2014Q4,-8,diag3,gaussian_ar1,4.663235669915511,4.557773049103186,0.7923555097850319,0.8083383107960163,2.0383303103057804,2.017834406173431,2.6249053596097305,2015-01-28,13.0,0,True,False
2014-08-08,2014Q3,6,diag3,gaussian_ar1,3.6644275304088536,3.5988837904639475,0.39395060028850937,0.7474278203631668,4.950916534930627,4.832259330312024,-1.2864890045217736,2014-10-28,10.0,0,True,False
2014-08-08,2014Q4,-7,diag3,gaussian_ar1,4.611244356343724,4.508085849178094,0.7717111817659821,0.8067190435950391,2.0383303103057804,2.017834406173431,2.572914046037944,2015-01-28,10.0,0,True,False
2014-08-15,2014Q3,7,diag3,gaussian_ar1,3.6032910260477724,3.5398909993434335,0.3694399308910141,0.7470489611426223,4.950916534930627,4.832259330312024,-1.3476255088828548,2014-10-28,6.0,0,True,False
2014-08-15,2014Q4,-6,diag3,gaussian_ar1,4.556573967516653,4.455811660433289,0.7499919965230137,0.8064498625133137,2.0383303103057804,2.017834406173431,2.5182436572108724,2015-01-28,6.0,0,True,False
2014-08-22,2014Q3,8,diag3,gaussian_ar1,3.5645587744872476,3.5024988537483557,0.3539040238532938,0.7440775673806475,4.950916534930627,4.832259330312024,-1.3863577604433797,2014-10-28,6.0,0,True,False
2014-08-22,2014Q4,-5,diag3,gaussian_ar1,4.527347136002224,4.427854626195029,0.7383762446568479,0.796894580746796,2.0383303103057804,2.017834406173431,2.489016825696444,2015-01-28,6.0,0,True,False
2014-08-29,2014Q3,9,diag3,gaussian_ar1,3.7593743189260564,3.6904323922174846,0.43198774802745743,0.7436882246796666,4.950916534930627,4.832259330312024,-1.1915422160045708,2014-10-28,4.0,0,True,False
2014-08-29,2014Q4,-4,diag3,gaussian_ar1,4.698548516603429,4.591506853159171,0.8063714277138346,0.7965785405785997,2.0383303103057804,2.017834406173431,2.6602182062976487,2015-01-28,4.0,0,True,False
2014-09-05,2014Q3,10,diag3,gaussian_ar1,3.9119235073934666,3.8373464987910375,0.4930284790668902,0.74446973297276,4.950916534930627,4.832259330312024,-1.0389930275371606,2014-10-28,13.0,3,True,True
2014-09-05,2014Q4,-3,diag3,gaussian_ar1,5.108714091127031,4.982500083766825,0.9688235787318304,0.787560251668957,2.0383303103057804,2.017834406173431,3.070383780821251,2015-01-28,13.0,0,True,False
2014-09-12,2014Q3,11,diag3,gaussian_ar1,3.869070902575378,3.7960986401528007,0.4758905778550102,0.7443590141431006,4.950916534930627,4.832259330312024,-1.0818456323552494,2014-10-28,4.0,0,True,False
2014-09-12,2014Q4,-2,diag3,gaussian_ar1,5.064749274625302,4.940663387126895,0.951441023667945,0.7874615114255483,2.0383303103057804,2.017834406173431,3.0264189643195216,2015-01-28,4.0,0,True,False
2014-09-19,2014Q3,12,diag3,gaussian_ar1,3.711596623915403,3.644375157667423,0.41285161922295166,0.7429663112716156,4.950916534930627,4.832259330312024,-1.2393199110152242,2014-10-28,11.0,0,True,False
2014-09-19,2014Q4,-1,diag3,gaussian_ar1,5.0469007777574015,4.923673851414449,0.9443821121440944,0.77802796161709,2.0383303103057804,2.017834406173431,3.008570467451621,2015-01-28,11.0,0,True,False
2014-09-26,2014Q3,13,diag3,gaussian_ar1,3.5758159508253007,3.513367981859243,0.3584199926810907,0.7427050518913516,4.950916534930627,4.832259330312024,-1.3751005841053265,2014-10-28,4.0,0,True,False
2014-09-26,2014Q4,0,diag3,gaussian_ar1,4.89152561186319,4.775654075392506,0.8828819911046694,0.7776393722588633,2.0383303103057804,2.017834406173431,2.8531953015574096,2015-01-28,4.0,0,True,False
2014-10-03,2014Q3,14,diag3,gaussian_ar1,3.5563816483893396,3.4946028620775307,0.3506233511179828,0.7441245985894608,4.950916534930627,4.832259330312024,-1.3945348865412877,2014-10-28,9.0,3,True,True
2014-10-03,2014Q4,1,diag3,gaussian_ar1,4.468203209358301,4.371256360705642,0.7148604667536117,0.768477799554457,2.0383303103057804,2.017834406173431,2.429872899052521,2015-01-28,9.0,0,True,False
2014-10-03,2015Q1,-12,diag3,gaussian_ar1,3.648663383623263,3.5836757331758324,0.3876318678249841,0.8359665157462535,3.650885031119766,3.585819150769915,-0.0022216474965031097,2015-04-28,9.0,0,True,False
2014-10-10,2014Q3,15,diag3,gaussian_ar1,3.4753875124575506,3.4163596625993797,0.3181144096255648,0.743576966931717,4.950916534930627,4.832259330312024,-1.4755290224730766,2014-10-28,7.0,0,True,False
2014-10-10,2014Q4,2,diag3,gaussian_ar1,4.365018504973328,4.2724361519908145,0.6738020692851395,0.7673948873045473,2.0383303103057804,2.017834406173431,2.3266881946675477,2015-01-28,7.0,0,True,False
2014-10-10,2015Q1,-11,diag3,gaussian_ar1,3.5609532634579333,3.499017379163978,0.35245752045969864,0.8350941099325068,3.650885031119766,3.585819150769915,-0.08993176766183275,2015-04-28,7.0,0,True,False
2014-10-17,2014Q3,16,diag3,gaussian_ar1,3.381402017355417,3.3254895473055757,0.28035916340355316,0.7431119475058547,4.950916534930627,4.832259330312024,-1.56951451757521,2014-10-28,10.0,0,True,False
2014-10-17,2014Q4,3,diag3,gaussian_ar1,3.9358243858888198,3.860344947263978,0.5025840087590521,0.7636015625922656,2.0383303103057804,2.017834406173431,1.8974940755830394,2015-01-28,10.0,0,True,False
2014-10-17,2015Q1,-10,diag3,gaussian_ar1,3.0770972343512337,3.0307039080891243,0.1578799043496245,0.8306554077739443,3.650885031119766,3.585819150769915,-0.5737877967685323,2015-04-28,10.0,0,True,False
2014-10-24,2014Q3,17,diag3,gaussian_ar1,3.387511921784636,3.3313994341590485,0.2828146377096621,0.7430632092049754,4.950916534930627,4.832259330312024,-1.563404613145991,2014-10-28,2.0,0,True,False
2014-10-24,2014Q4,4,diag3,gaussian_ar1,3.983255385884976,3.9059694285487114,0.5215403347094177,0.7605715307235664,2.0383303103057804,2.017834406173431,1.9449250755791958,2015-01-28,2.0,0,True,False
2014-10-24,2015Q1,-9,diag3,gaussian_ar1,3.13318958536124,3.085106967469488,0.18048360519775586,0.8264789049738298,3.650885031119766,3.585819150769915,-0.5176954457585259,2015-04-28,2.0,0,True,False
2014-10-31,2014Q4,5,diag3,gaussian_ar1,3.8543278806712378,3.781903781012952,0.4627395560643033,0.7597230560662604,2.0383303103057804,2.017834406173431,1.8159975703654574,2015-01-28,10.0,0,True,False
2014-10-31,2015Q1,-8,diag3,gaussian_ar1,3.248139917185622,3.196503036085136,0.21932259386290417,0.8215692604472675,3.650885031119766,3.585819150769915,-0.40274511393414425,2015-04-28,10.0,0,True,False
2014-11-07,2014Q4,6,diag3,gaussian_ar1,4.105572881337083,4.023532212248899,0.5632116842987764,0.7531619288316209,2.0383303103057804,2.017834406173431,2.0672425710313025,2015-01-28,13.0,3,True,True
2014-11-07,2015Q1,-7,diag3,gaussian_ar1,3.6397595936786153,3.5750850074399345,0.3767417194958333,0.8112208192360923,3.650885031119766,3.585819150769915,-0.011125437441150687,2015-04-28,13.0,0,True,False
2014-11-14,2014Q4,7,diag3,gaussian_ar1,4.045401989556074,3.965717548162546,0.5391716228117869,0.7527891723649878,2.0383303103057804,2.017834406173431,2.007071679250294,2015-01-28,6.0,0,True,False
2014-11-14,2015Q1,-6,diag3,gaussian_ar1,3.5884821668189515,3.5255961660826145,0.35616363938500034,0.8109569854654355,3.650885031119766,3.585819150769915,-0.06240286430081454,2015-04-28,6.0,0,True,False
2014-11-21,2014Q4,8,diag3,gaussian_ar1,4.2228391511472285,4.1361105025082185,0.6100231474924733,0.7498965415110633,2.0383303103057804,2.017834406173431,2.184508840841448,2015-01-28,6.0,0,True,False
2014-11-21,2015Q1,-5,diag3,gaussian_ar1,4.0450407624094575,3.9653703653300836,0.5390272598413965,0.8016486888335005,3.650885031119766,3.585819150769915,0.3941557312896915,2015-04-28,6.0,0,True,False
2014-11-28,2014Q4,9,diag3,gaussian_ar1,4.1500530926477985,4.066249148974185,0.5809739216418479,0.7495302041901852,2.0383303103057804,2.017834406173431,2.111722782342018,2015-01-28,4.0,0,True,False
2014-11-28,2015Q1,-4,diag3,gaussian_ar1,3.976138758233061,3.8991251812051444,0.511481682525547,0.8013504045979717,3.650885031119766,3.585819150769915,0.3252537271132949,2015-04-28,4.0,0,True,False
2014-12-05,2014Q4,10,diag3,gaussian_ar1,4.175253900673126,4.0904428568937625,0.591033968434063,0.7474018911460694,2.0383303103057804,2.017834406173431,2.1369235903673456,2015-01-28,13.0,3,True,True
2014-12-05,2015Q1,-3,diag3,gaussian_ar1,3.8723058107340558,3.7992130011049814,0.4699369465858967,0.7891593860211533,3.650885031119766,3.585819150769915,0.22142077961428974,2015-04-28,13.0,0,True,False
2014-12-12,2014Q4,11,diag3,gaussian_ar1,4.179142705925254,4.094175732528643,0.5925861448793293,0.7472909919675961,2.0383303103057804,2.017834406173431,2.1408123956194736,2015-01-28,4.0,0,True,False
2014-12-12,2015Q1,-2,diag3,gaussian_ar1,3.875900475240468,3.802673598499342,0.4713759063283227,0.7890610699835194,3.650885031119766,3.585819150769915,0.22501544412070196,2015-04-28,4.0,0,True,False
2014-12-19,2014Q4,12,diag3,gaussian_ar1,4.072879035849186,3.9921227695754604,0.5501512446149321,0.7462279528488946,2.0383303103057804,2.017834406173431,2.034548725543406,2015-01-28,11.0,0,True,False
2014-12-19,2015Q1,-1,diag3,gaussian_ar1,3.5014854887655433,3.4415779162794866,0.32122779874291596,0.7843366195456938,3.650885031119766,3.585819150769915,-0.1493995423542227,2015-04-28,11.0,0,True,False
2014-12-26,2014Q4,13,diag3,gaussian_ar1,3.984320291562926,3.9069935359601455,0.5147534429880682,0.7457026072521329,2.0383303103057804,2.017834406173431,1.9459899812571457,2015-01-28,4.0,0,True,False
2014-12-26,2015Q1,0,diag3,gaussian_ar1,3.371985540684763,3.316380650190626,0.2691692073398106,0.7796514695414949,3.650885031119766,3.585819150769915,-0.27889949043500284,2015-04-28,4.0,0,True,False
2015-01-02,2014Q4,14,diag3,gaussian_ar1,3.976074113527228,3.8990630085502436,0.5114558303568932,0.7454779529517057,2.0383303103057804,2.017834406173431,1.9377438032214478,2015-01-28,8.0,11,False,True
2015-01-02,2015Q1,1,diag3,gaussian_ar1,3.3388357875382413,3.2843070962105223,0.2558326218563021,0.7703990019320605,3.650885031119766,3.585819150769915,-0.31204924358152475,2015-04-28,8.0,0,True,False
2015-01-02,2015Q2,-12,diag3,gaussian_ar1,3.263259069294211,3.2111454744297574,0.22541110313104412,0.8368313958912172,2.5007353109643082,2.469978633014557,0.7625237583299027,2015-07-28,8.0,0,True,False
2015-01-09,2014Q4,15,diag3,gaussian_ar1,3.88047025367686,3.807072768951814,0.4732051365044458,0.7448300566686656,2.0383303103057804,2.017834406173431,1.8421399433710794,2015-01-28,8.0,0,True,False
2015-01-09,2015Q1,2,diag3,gaussian_ar1,3.201234826023547,3.1510632356231714,0.20042815567278363,0.7683675578680789,3.650885031119766,3.585819150769915,-0.4496502050962192,2015-04-28,8.0,0,True,False
2015-01-09,2015Q2,-11,diag3,gaussian_ar1,3.1420944225128533,3.0937409026498166,0.17659281162929152,0.8351659905242433,2.5007353109643082,2.469978633014557,0.6413591115485451,2015-07-28,8.0,0,True,False
2015-01-16,2014Q4,16,diag3,gaussian_ar1,3.850141625803727,3.777872808662663,0.46106342727094785,0.744692316820734,2.0383303103057804,2.017834406173431,1.8118113154979465,2015-01-28,8.0,0,True,False
2015-01-16,2015Q1,3,diag3,gaussian_ar1,3.1352228200601573,3.0870784130003446,0.17382246498176074,0.7679665139094577,3.650885031119766,3.585819150769915,-0.5156622110596087,2015-04-28,8.0,0,True,False
2015-01-16,2015Q2,-10,diag3,gaussian_ar1,3.0917509924449194,3.044919206127016,0.156292138697001,0.8349015967083308,2.5007353109643082,2.469978633014557,0.5910156814806111,2015-07-28,8.0,0,True,False
2015-01-23,2014Q4,17,diag3,gaussian_ar1,3.8360069911415273,3.764261275319529,0.4554035812150681,0.7443167303689964,2.0383303103057804,2.017834406173431,1.797676680835747,2015-01-28,4.0,0,True,False
2015-01-23,2015Q1,4,diag3,gaussian_ar1,3.187624012123269,3.1378737504962873,0.19494380255160246,0.7616535363174732,3.650885031119766,3.585819150769915,-0.46326101899649696,2015-04-28,4.0,0,True,False
2015-01-23,2015Q2,-9,diag3,gaussian_ar1,3.173151465650337,3.123847299526465,0.18911142854947843,0.826721747803393,2.5007353109643082,2.469978633014557,0.6724161546860286,2015-07-28,4.0,0,True,False
2015-01-30,2015Q1,5,diag3,gaussian_ar1,3.2172797547701526,3.166609252715195,0.2099685784748252,0.76092310416885,3.650885031119766,3.585819150769915,-0.43360527634961343,2015-04-28,10.0,0,True,False
2015-01-30,2015Q2,-8,diag3,gaussian_ar1,2.965781514674748,2.922652874068962,0.10813090796607899,0.8221853472807917,2.5007353109643082,2.469978633014557,0.4650462037104397,2015-07-28,10.0,0,True,False
2015-02-06,2015Q1,6,diag3,gaussian_ar1,2.9049816638425208,2.863586835102424,0.08347425480574588,0.7535795064118314,3.650885031119766,3.585819150769915,-0.7459033672772453,2015-04-28,11.0,11,False,True
2015-02-06,2015Q2,-7,diag3,gaussian_ar1,2.5671343590300655,2.534736754794482,-0.0538016234107388,0.8113193791297388,2.5007353109643082,2.469978633014557,0.06639904806575725,2015-07-28,11.0,0,True,False
2015-02-13,2015Q1,7,diag3,gaussian_ar1,2.8078060327148435,2.7691098320498058,0.044035573345900025,0.753299672307764,3.650885031119766,3.585819150769915,-0.8430789984049225,2015-04-28,6.0,0,True,False
2015-02-13,2015Q2,-6,diag3,gaussian_ar1,2.4882244627215444,2.4577722700259397,-0.08592984192352532,0.811132787634148,2.5007353109643082,2.469978633014557,-0.012510848242763828,2015-07-28,6.0,0,True,False
2015-02-20,2015Q1,8,diag3,gaussian_ar1,2.5676267018655663,2.535216773717616,-0.05360124328867216,0.7503516451493273,3.650885031119766,3.585819150769915,-1.0832583292541997,2015-04-28,8.0,0,True,False
2015-02-20,2015Q2,-5,diag3,gaussian_ar1,2.2662551471003267,2.240957084347448,-0.17643763500909795,0.8018563747794264,2.5007353109643082,2.469978633014557,-0.23448016386398152,2015-07-28,8.0,0,True,False
2015-02-27,2015Q1,9,diag3,gaussian_ar1,2.568468125993628,2.536037130689678,-0.05325879172629033,0.7499897039176731,3.650885031119766,3.585819150769915,-1.0824169051261379,2015-04-28,4.0,0,True,False
2015-02-27,2015Q2,-4,diag3,gaussian_ar1,2.2766605469644263,2.2511313793972407,-0.17219045560477456,0.8015599244120312,2.5007353109643082,2.469978633014557,-0.2240747639998819,2015-07-28,4.0,0,True,False
2015-03-06,2015Q1,10,diag3,gaussian_ar1,2.5780028855657777,2.545332693544828,-0.04937843216164528,0.7495571695315275,3.650885031119766,3.585819150769915,-1.0728821455539883,2015-04-28,10.0,3,True,True
2015-03-06,2015Q2,-3,diag3,gaussian_ar1,2.1822265747677205,2.1587568387341443,-0.2107514806849461,0.791182170384667,2.5007353109643082,2.469978633014557,-0.3185087361965877,2015-07-28,10.0,0,True,False
2015-03-13,2015Q1,11,diag3,gaussian_ar1,2.448569209386231,2.4190722853919437,-0.1020848459685949,0.7490829197469985,3.650885031119766,3.585819150769915,-1.202315821733535,2015-04-28,8.0,0,True,False
2015-03-13,2015Q2,-2,diag3,gaussian_ar1,2.087015934412517,2.0655361011619213,-0.24966574400588565,0.7907528251353672,2.5007353109643082,2.469978633014557,-0.41371937655179103,2015-07-28,8.0,0,True,False
2015-03-20,2015Q1,12,diag3,gaussian_ar1,2.250502917180275,2.2255527428154616,-0.18286805616079693,0.7477384603846517,3.650885031119766,3.585819150769915,-1.4003821139394912,2015-04-28,10.0,0,True,False
2015-03-20,2015Q2,-1,diag3,gaussian_ar1,1.7982614011982756,1.7822839408799687,-0.36790712932958713,0.7817392351178615,2.5007353109643082,2.469978633014557,-0.7024739097660326,2015-07-28,10.0,0,True,False
2015-03-27,2015Q1,13,diag3,gaussian_ar1,2.205104178884665,2.1811433576324917,-0.20140640453625602,0.7474964505914983,3.650885031119766,3.585819150769915,-1.4457808522351012,2015-04-28,4.0,0,True,False
2015-03-27,2015Q2,0,diag3,gaussian_ar1,1.745928539367969,1.7308623178911304,-0.38937268119595614,0.7813741045879785,2.5007353109643082,2.469978633014557,-0.7548067715963391,2015-07-28,4.0,0,True,False
2015-04-03,2015Q1,14,diag3,gaussian_ar1,2.1780263373738062,2.154646218068272,-0.2124674269343556,0.7482302491527368,3.650885031119766,3.585819150769915,-1.4728586937459598,2015-04-28,8.0,3,True,True
2015-04-03,2015Q2,1,diag3,gaussian_ar1,1.616363305830304,1.6034392347886242,-0.44256444451122945,0.7733529437540003,2.5007353109643082,2.469978633014557,-0.8843720051340043,2015-07-28,8.0,0,True,False
2015-04-03,2015Q3,-12,diag3,gaussian_ar1,1.9336457440668031,1.9151883687564593,-0.31242722177256255,0.8399881168034579,1.6106176842981101,1.59778484627612,0.323028059768693,2015-10-28,8.0,0,True,False
2015-04-10,2015Q1,15,diag3,gaussian_ar1,2.087960343802342,2.066461199239117,-0.2492795690934011,0.7475698636096955,3.650885031119766,3.585819150769915,-1.562924687317424,2015-04-28,8.0,0,True,False
2015-04-10,2015Q2,2,diag3,gaussian_ar1,1.5508876908898017,1.5389843417031828,-0.4694706324171835,0.7713612686506038,2.5007353109643082,2.469978633014557,-0.9498476200745065,2015-07-28,8.0,0,True,False
2015-04-10,2015Q3,-11,diag3,gaussian_ar1,1.8809002279262632,1.8634300243591062,-0.3340333353411665,0.8384270669734435,1.6106176842981101,1.59778484627612,0.27028254362815307,2015-10-28,8.0,0,True,False
2015-04-17,2015Q1,16,diag3,gaussian_ar1,2.0910126754603686,2.069451058197764,-0.2480314759991033,0.7470831328970102,3.650885031119766,3.585819150769915,-1.5598723556593974,2015-04-28,10.0,0,True,False
2015-04-17,2015Q2,3,diag3,gaussian_ar1,1.4839045065385914,1.4730023628941222,-0.49701429024142196,0.7674803170978487,2.5007353109643082,2.469978633014557,-1.0168308044257168,2015-07-28,10.0,0,True,False
2015-04-17,2015Q3,-10,diag3,gaussian_ar1,1.788261714172501,1.7724604153530361,-0.37200788275689034,0.8339454712368684,1.6106176842981101,1.59778484627612,0.17764402987439087,2015-10-28,10.0,0,True,False
2015-04-24,2015Q1,17,diag3,gaussian_ar1,2.1060540106714543,2.0841832338184987,-0.24188164521760525,0.7470380885059076,3.650885031119766,3.585819150769915,-1.5448310204483118,2015-04-28,2.0,0,True,False
2015-04-24,2015Q2,4,diag3,gaussian_ar1,1.6014677447152348,1.5887795358195627,-0.44868402048482425,0.7645229355255435,2.5007353109643082,2.469978633014557,-0.8992675662490734,2015-07-28,2.0,0,True,False
2015-04-24,2015Q3,-9,diag3,gaussian_ar1,1.931273305570791,1.9128609075069325,-0.31339880215577076,0.8298408222256637,1.6106176842981101,1.59778484627612,0.32065562127268077,2015-10-28,2.0,0,True,False
2015-05-01,2015Q2,5,diag3,gaussian_ar1,1.6477436418163904,1.6343156513942128,-0.43440359737076645,0.7590784120637248,2.5007353109643082,2.469978633014557,-0.8529916691479178,2015-07-28,13.0,2,True,True
2015-05-01,2015Q3,-8,diag3,gaussian_ar1,2.118615390610623,2.0964847642769326,-0.24078533731701107,0.8170552160451888,1.6106176842981101,1.59778484627612,0.507997706312513,2015-10-28,13.0,0,True,False
2015-05-08,2015Q2,6,diag3,gaussian_ar1,2.0343711586981783,2.01395426779177,-0.27536015135241954,0.757307237982507,2.5007353109643082,2.469978633014557,-0.4663641522661299,2015-07-28,10.0,0,True,False
2015-05-08,2015Q3,-7,diag3,gaussian_ar1,2.4918335825575344,2.4612937051067676,-0.08795454355202381,0.8154006560741853,1.6106176842981101,1.59778484627612,0.8812158982594243,2015-10-28,10.0,0,True,False
2015-05-15,2015Q2,7,diag3,gaussian_ar1,2.005833362088283,1.9859815485298942,-0.2870788687688103,0.7568992786307028,2.5007353109643082,2.469978633014557,-0.49490194887602534,2015-07-28,6.0,0,True,False
2015-05-15,2015Q3,-6,diag3,gaussian_ar1,2.4579618267382752,2.428239994504116,-0.10180185994945207,0.8150572314963658,1.6106176842981101,1.59778484627612,0.8473441424401651,2015-10-28,6.0,0,True,False
2015-05-22,2015Q2,8,diag3,gaussian_ar1,1.9457075200660423,1.9270206370270846,-0.3117795871382231,0.7540082507293586,2.5007353109643082,2.469978633014557,-0.5550277908982659,2015-07-28,6.0,0,True,False
2015-05-22,2015Q3,-5,diag3,gaussian_ar1,2.424318206541942,2.3953980908575447,-0.11556044325511722,0.8058058742757426,1.6106176842981101,1.59778484627612,0.813700522243832,2015-10-28,6.0,0,True,False
2015-05-29,2015Q2,9,diag3,gaussian_ar1,1.9803887482990223,1.9610341636938267,-0.2975301713552654,0.7536339230237767,2.5007353109643082,2.469978633014557,-0.5203465626652859,2015-07-28,4.0,0,True,False
2015-05-29,2015Q3,-4,diag3,gaussian_ar1,2.4584152385427105,2.4286825280008877,-0.10161646771255844,0.8054981104080919,1.6106176842981101,1.59778484627612,0.8477975542446003,2015-10-28,4.0,0,True,False
2015-06-05,2015Q2,10,diag3,gaussian_ar1,2.1834169122989966,2.159921748364725,-0.21420944087614924,0.7515137114731332,2.5007353109643082,2.469978633014557,-0.31731839866531164,2015-07-28,13.0,12,False,True
2015-06-05,2015Q3,-3,diag3,gaussian_ar1,2.9534318482616895,2.9106582027353207,0.10029943044915274,0.793165381900092,1.6106176842981101,1.59778484627612,1.3428141639635793,2015-10-28,13.0,0,True,False
2015-06-12,2015Q2,11,diag3,gaussian_ar1,2.167454041546768,2.1442987459178147,-0.22075444456910243,0.7513971282384646,2.5007353109643082,2.469978633014557,-0.3332812694175402,2015-07-28,4.0,0,True,False
2015-06-12,2015Q3,-2,diag3,gaussian_ar1,2.9372451580561565,2.8949346250830925,0.09371229240382628,0.7930624661175159,1.6106176842981101,1.59778484627612,1.3266274737580463,2015-10-28,4.0,0,True,False
2015-06-19,2015Q2,12,diag3,gaussian_ar1,2.053978645096466,2.033168972087697,-0.26731046237597594,0.7500242001449307,2.5007353109643082,2.469978633014557,-0.44675666586784235,2015-07-28,11.0,0,True,False
2015-06-19,2015Q3,-1,diag3,gaussian_ar1,2.6808092675274064,2.64550514361408,-0.01078214667046068,0.7839751939257414,1.6106176842981101,1.59778484627612,1.0701915832292963,2015-10-28,11.0,0,True,False
2015-06-26,2015Q2,13,diag3,gaussian_ar1,1.971294414344027,1.9521160377730196,-0.30126627568503517,0.7497773722733085,2.5007353109643082,2.469978633014557,-0.5294408966202813,2015-07-28,4.0,0,True,False
2015-06-26,2015Q3,0,diag3,gaussian_ar1,2.5733570211960766,2.540803487038361,-0.05464520892594471,0.7836045277724872,1.6106176842981101,1.59778484627612,0.9627393368979664,2015-10-28,4.0,0,True,False
2015-07-03,2015Q2,14,diag3,gaussian_ar1,2.0397352830391347,2.019211303518383,-0.2731578014288635,0.7495561957327614,2.5007353109643082,2.469978633014557,-0.4610000279251736,2015-07-28,8.0,11,False,True
2015-07-03,2015Q3,1,diag3,gaussian_ar1,3.0017718593911225,2.9576004611943296,0.11996512889692723,0.7744071743116591,1.6106176842981101,1.59778484627612,1.3911541750930123,2015-10-28,8.0,0,True,False
2015-07-03,2015Q4,-12,diag3,gaussian_ar1,2.7454080314223805,2.7083975697840894,0.015565616055705195,0.8403014834380338,0.7399609712167354,0.737236690842017,2.005447060205645,2016-01-28,8.0,0,True,False
2015-07-10,2015Q2,15,diag3,gaussian_ar1,1.965570255063076,1.9465023795540972,-0.30361802682241595,0.7489139237295217,2.5007353109643082,2.469978633014557,-0.5351650559012322,2015-07-28,8.0,0,True,False
2015-07-10,2015Q3,2,diag3,gaussian_ar1,2.9153564845451063,2.8736682690410813,0.08480309717687762,0.7724161679118327,1.6106176842981101,1.59778484627612,1.3047388002469962,2015-10-28,8.0,0,True,False
2015-07-10,2015Q4,-11,diag3,gaussian_ar1,2.668933199029566,2.633938468761301,-0.01562781765360763,0.8387020610921772,0.7399609712167354,0.737236690842017,1.9289722278128307,2016-01-28,8.0,0,True,False
2015-07-17,2015Q2,16,diag3,gaussian_ar1,1.902913757255642,1.8850348112992577,-0.32936886841588586,0.7484332373666991,2.5007353109643082,2.469978633014557,-0.5978215537086662,2015-07-28,10.0,0,True,False
2015-07-17,2015Q3,3,diag3,gaussian_ar1,2.7770115340808976,2.739151881624537,0.028449636605146655,0.7685913013655287,1.6106176842981101,1.59778484627612,1.1663938497827875,2015-10-28,10.0,0,True,False
2015-07-17,2015Q4,-10,diag3,gaussian_ar1,2.5369850718105935,2.5053377475777707,-0.06950300572471485,0.8343112124595888,0.7399609712167354,0.737236690842017,1.797024100593858,2016-01-28,10.0,0,True,False
2015-07-24,2015Q2,17,diag3,gaussian_ar1,1.8982869460563156,1.880494297127436,-0.33127104324581796,0.7483885834026767,2.5007353109643082,2.469978633014557,-0.6024483649079926,2015-07-28,2.0,0,True,False
2015-07-24,2015Q3,4,diag3,gaussian_ar1,2.732297084588242,2.695636139686821,0.010219421724761868,0.7656547060750671,1.6106176842981101,1.59778484627612,1.121679400290132,2015-10-28,2.0,0,True,False
2015-07-24,2015Q4,-9,diag3,gaussian_ar1,2.4803056667269674,2.4500454292338167,-0.0926668264424602,0.8302623461695556,0.7399609712167354,0.737236690842017,1.740344695510232,2016-01-28,2.0,0,True,False
2015-07-31,2015Q3,5,diag3,gaussian_ar1,2.7874982803908654,2.7493547579172875,0.03355303704593446,0.7649676780174886,1.6106176842981101,1.59778484627612,1.1768805960927553,2015-10-28,10.0,0,True,False
2015-07-31,2015Q4,-8,diag3,gaussian_ar1,2.599643091574766,2.56642681029052,-0.04339805019759385,0.8259608757215409,0.7399609712167354,0.737236690842017,1.8596821203580305,2016-01-28,10.0,0,True,False
2015-08-07,2015Q3,6,diag3,gaussian_ar1,2.9574481286468,2.9145591917321716,0.10304849120936713,0.7584090116243071,1.6106176842981101,1.59778484627612,1.34683044434869,2015-10-28,13.0,2,True,True
2015-08-07,2015Q4,-7,diag3,gaussian_ar1,2.751641463896215,2.714464257837332,0.018875881638817663,0.8157140989874119,0.7399609712167354,0.737236690842017,2.0116804926794796,2016-01-28,13.0,0,True,False
2015-08-14,2015Q3,7,diag3,gaussian_ar1,2.989242269365522,2.945435280014891,0.11603693061410009,0.7580015779019541,1.6106176842981101,1.59778484627612,1.3786245850674117,2015-10-28,6.0,0,True,False
2015-08-14,2015Q4,-6,diag3,gaussian_ar1,2.7740995623946274,2.7363185506141354,0.028069182126420858,0.8153807896049227,0.7399609712167354,0.737236690842017,2.034138591177892,2016-01-28,6.0,0,True,False
2015-08-21,2015Q3,8,diag3,gaussian_ar1,2.915457822768741,2.8737667365363175,0.08588859946303601,0.7551560417564639,1.6106176842981101,1.59778484627612,1.304840138470631,2015-10-28,6.0,0,True,False
2015-08-21,2015Q4,-5,diag3,gaussian_ar1,2.497857954112903,2.4671714363350374,-0.08515115047410816,0.8062809749818792,0.7399609712167354,0.737236690842017,1.7578969828961677,2016-01-28,6.0,0,True,False
2015-08-28,2015Q3,9,diag3,gaussian_ar1,2.892185613776199,2.8511512411123894,0.07637508890327693,0.754780006278216,1.6106176842981101,1.59778484627612,1.281567929478089,2015-10-28,4.0,0,True,False
2015-08-28,2015Q4,-4,diag3,gaussian_ar1,2.4713266140088175,2.4412833104607388,-0.09604133679374675,0.8059758088944725,0.7399609712167354,0.737236690842017,1.731365642792082,2016-01-28,4.0,0,True,False
2015-09-04,2015Q3,10,diag3,gaussian_ar1,2.811569750075904,2.772770690708811,0.04340326228765398,0.7539168630517807,1.6106176842981101,1.59778484627612,1.200952065777794,2015-10-28,12.0,3,True,True
2015-09-04,2015Q4,-3,diag3,gaussian_ar1,2.338689142331085,2.3117608457211984,-0.1505266935337944,0.7954828758845848,0.7399609712167354,0.737236690842017,1.5987281711143497,2016-01-28,12.0,0,True,False
2015-09-11,2015Q3,11,diag3,gaussian_ar1,2.7415636127229526,2.704655805847313,0.014749825152643836,0.7533993687585452,1.6106176842981101,1.59778484627612,1.1309459284248424,2015-10-28,5.0,0,True,False
2015-09-11,2015Q4,-2,diag3,gaussian_ar1,2.26216118161231,2.236953762401251,-0.18199529343703205,0.794740796893462,0.7399609712167354,0.737236690842017,1.5222002103955745,2016-01-28,5.0,0,True,False
2015-09-18,2015Q3,12,diag3,gaussian_ar1,2.6171799858202505,2.583517898657625,-0.03620845533750544,0.7523089256693615,1.6106176842981101,1.59778484627612,1.0065623015221403,2015-10-28,11.0,0,True,False
2015-09-18,2015Q4,-1,diag3,gaussian_ar1,1.981934121661988,1.9625495154913968,-0.2974271091759688,0.7900179204908356,0.7399609712167354,0.737236690842017,1.2419731504452525,2016-01-28,11.0,0,True,False
2015-09-25,2015Q3,13,diag3,gaussian_ar1,2.579218554734486,2.546517803345191,-0.051773040188231284,0.7520324066331178,1.6106176842981101,1.59778484627612,0.9686008704363758,2015-10-28,0.0,0,True,False
2015-09-25,2015Q4,0,diag3,gaussian_ar1,1.8294816632461464,1.8129479965952398,-0.360358988539918,0.7857591373651992,0.7399609712167354,0.737236690842017,1.089520692029411,2016-01-28,0.0,0,True,False
2015-10-02,2015Q3,14,diag3,gaussian_ar1,2.5572722921216817,2.5251210614920634,-0.060773865761514806,0.7525092378232413,1.6106176842981101,1.59778484627612,0.9466546078235716,2015-10-28,11.0,3,True,True
2015-10-02,2015Q4,1,diag3,gaussian_ar1,1.8123248090597732,1.7960979651363798,-0.36744717958819056,0.7771341808916313,0.7399609712167354,0.737236690842017,1.0723638378430378,2016-01-28,11.0,0,True,False
2015-10-02,2016Q1,-12,diag3,gaussian_ar1,1.970824058326226,1.9516547735463665,-0.3020101280573608,0.8425843568219584,2.3383061524439253,2.3113866073886387,-0.3674820941176993,2016-04-28,11.0,0,True,False
2015-10-09,2015Q3,15,diag3,gaussian_ar1,2.5710797407814567,2.5385833143145424,-0.05511078909730466,0.7518561004054001,1.6106176842981101,1.59778484627612,0.9604620564833466,2015-10-28,9.0,0,True,False
2015-10-09,2015Q4,2,diag3,gaussian_ar1,1.8545218381421424,1.837535273545511,-0.35001602171485163,0.7752007805309814,0.7399609712167354,0.737236690842017,1.114560866925407,2016-01-28,9.0,0,True,False
2015-10-09,2016Q1,-11,diag3,gaussian_ar1,2.0146096572141836,1.9945848972938183,-0.28395099745034236,0.8410398052267511,2.3383061524439253,2.3113866073886387,-0.32369649522974164,2016-04-28,9.0,0,True,False
2015-10-16,2015Q3,16,diag3,gaussian_ar1,2.5713188292177502,2.538816409411385,-0.055012734527918744,0.751707239458095,1.6106176842981101,1.59778484627612,0.9607011449196401,2015-10-28,8.0,0,True,False
2015-10-16,2015Q4,3,diag3,gaussian_ar1,1.8393292656101456,1.8226182080790165,-0.35629108477121807,0.7747156924269469,0.7399609712167354,0.737236690842017,1.0993682943934102,2016-01-28,8.0,0,True,False
2015-10-16,2016Q1,-10,diag3,gaussian_ar1,1.997773605399611,1.9780799659915507,-0.2908940175031371,0.8406818421656345,2.3383061524439253,2.3113866073886387,-0.34053254704431435,2016-04-28,8.0,0,True,False
2015-10-23,2015Q3,17,diag3,gaussian_ar1,2.526631154206216,2.49523949826009,-0.07334394490507021,0.7513236821157255,1.6106176842981101,1.59778484627612,0.9160134699081057,2015-10-28,4.0,0,True,False
2015-10-23,2015Q4,4,diag3,gaussian_ar1,1.6147004880572524,1.601802853280752,-0.4491800164639361,0.7684870542835743,0.7399609712167354,0.737236690842017,0.874739516840517,2016-01-28,4.0,0,True,False
2015-10-23,2016Q1,-9,diag3,gaussian_ar1,1.7378044949035276,1.7228773607177947,-0.39824840592750543,0.8326425275342518,2.3383061524439253,2.3113866073886387,-0.6005016575403976,2016-04-28,4.0,0,True,False
2015-10-30,2015Q4,5,diag3,gaussian_ar1,1.5434009930364478,1.531611709114394,-0.47660325502349304,0.7678120241931113,0.7399609712167354,0.737236690842017,0.8034400218197124,2016-01-28,10.0,0,True,False
2015-10-30,2016Q1,-8,diag3,gaussian_ar1,1.5748201113287008,1.562548489056648,-0.4635464929732218,0.8284511196132011,2.3383061524439253,2.3113866073886387,-0.7634860411152244,2016-04-28,10.0,0,True,False
2015-11-06,2015Q4,6,diag3,gaussian_ar1,1.7180943827527662,1.703502044178781,-0.4040575276444212,0.7615351906588258,0.7399609712167354,0.737236690842017,0.9781334115360307,2016-01-28,11.0,3,True,True
2015-11-06,2016Q1,-7,diag3,gaussian_ar1,1.767938676056957,1.7524924279921876,-0.38338130389401537,0.8190249031403394,2.3383061524439253,2.3113866073886387,-0.5703674763869682,2016-04-28,11.0,0,True,False
2015-11-13,2015Q4,7,diag3,gaussian_ar1,1.7367215946744397,1.7218129520668355,-0.3963294716649356,0.761200492278683,0.7399609712167354,0.737236690842017,0.9967606234577042,2016-01-28,6.0,0,True,False
2015-11-13,2016Q1,-6,diag3,gaussian_ar1,1.7855663133113264,1.7698123334385238,-0.3760714971019665,0.8187374226525738,2.3383061524439253,2.3113866073886387,-0.5527398391325988,2016-04-28,6.0,0,True,False
2015-11-20,2015Q4,8,diag3,gaussian_ar1,1.5922349175246264,1.579691825840364,-0.4563112063806788,0.7582356436372444,0.7399609712167354,0.737236690842017,0.852273946307891,2016-01-28,8.0,0,True,False
2015-11-20,2016Q1,-5,diag3,gaussian_ar1,1.609553481086401,1.596737506136967,-0.4491171353741561,0.8094941227293847,2.3383061524439253,2.3113866073886387,-0.7287526713575243,2016-04-28,8.0,0,True,False
2015-11-27,2015Q4,9,diag3,gaussian_ar1,1.6078395618650765,1.5950507221509125,-0.4498290367800953,0.7578448205998337,0.7399609712167354,0.737236690842017,0.867878590648341,2016-01-28,4.0,0,True,False
2015-11-27,2016Q1,-4,diag3,gaussian_ar1,1.6264338293786373,1.6133490802528074,-0.4421062773948893,0.8091742870855397,2.3383061524439253,2.3113866073886387,-0.7118723230652879,2016-04-28,4.0,0,True,False
2015-12-04,2015Q4,10,diag3,gaussian_ar1,1.545992489488901,1.5341637837531985,-0.475526160660227,0.7564036393677128,0.7399609712167354,0.737236690842017,0.8060315182721656,2016-01-28,9.0,2,True,True
2015-12-04,2016Q1,-3,diag3,gaussian_ar1,1.552582866702057,1.5406536148156948,-0.4727871496808155,0.7982168153099705,2.3383061524439253,2.3113866073886387,-0.7857232857418683,2016-04-28,9.0,0,True,False
2015-12-11,2015Q4,11,diag3,gaussian_ar1,1.5290186727865196,1.5174469886687045,-0.4825814267890483,0.755505771087146,0.7399609712167354,0.737236690842017,0.7890577015697842,2016-01-28,7.0,0,True,False
2015-12-11,2016Q1,-2,diag3,gaussian_ar1,1.5484091881800666,1.5365436609643244,-0.47452174163172645,0.7972475598751265,2.3383061524439253,2.3113866073886387,-0.7898969642638587,2016-04-28,7.0,0,True,False
2015-12-18,2015Q4,12,diag3,gaussian_ar1,1.4373781257620344,1.4271457814766202,-0.5206927421024088,0.7543679710433068,0.7399609712167354,0.737236690842017,0.697417154545299,2016-01-28,12.0,0,True,False
2015-12-18,2016Q1,-1,diag3,gaussian_ar1,1.4168925563882606,1.4069484552142428,-0.5292169544978744,0.7923423696376448,2.3383061524439253,2.3113866073886387,-0.9214135960556646,2016-04-28,12.0,0,True,False
2015-12-25,2015Q4,13,diag3,gaussian_ar1,1.401044836791976,1.3913209226278895,-0.5358125011188783,0.7540855915365379,0.7399609712167354,0.737236690842017,0.6610838655752405,2016-01-28,0.0,0,True,False
2015-12-25,2016Q1,0,diag3,gaussian_ar1,1.2702032520290896,1.2622038385085423,-0.5903059243878143,0.7880365917695118,2.3383061524439253,2.3113866073886387,-1.0681029004148357,2016-04-28,0.0,0,True,False
2016-01-01,2015Q4,14,diag3,gaussian_ar1,1.3995391161494952,1.389835995303565,-0.5364392096118709,0.7540620378586359,0.7399609712167354,0.737236690842017,0.6595781449327598,2016-01-28,8.0,3,True,True
2016-01-01,2016Q1,1,diag3,gaussian_ar1,1.2621443260267151,1.2542456766613017,-0.5936646393475133,0.788015251460867,2.3383061524439253,2.3113866073886387,-1.0761618264172101,2016-04-28,8.0,0,True,False
2016-01-01,2016Q2,-12,diag3,gaussian_ar1,1.5272481565968832,1.5157031211020258,-0.4833174201247416,0.8531623236491419,1.2906967702374539,1.2824382650696664,0.2365513863594293,2016-07-28,8.0,0,True,False
2016-01-08,2015Q4,15,diag3,gaussian_ar1,1.3934177196575304,1.3837989054663826,-0.5389871427072782,0.7532606476007582,0.7399609712167354,0.737236690842017,0.6534567484407949,2016-01-28,12.0,0,True,False
2016-01-08,2016Q1,2,diag3,gaussian_ar1,1.1540764274523552,1.1474677628756313,-0.6387298922641458,0.7770502072320475,2.3383061524439253,2.3113866073886387,-1.18422972499157,2016-04-28,12.0,0,True,False
2016-01-08,2016Q2,-11,diag3,gaussian_ar1,1.4234336075225063,1.4133979135248473,-0.5264949827001667,0.8437561723380897,1.2906967702374539,1.2824382650696664,0.13273683728505237,2016-07-28,12.0,0,True,False
2016-01-15,2015Q4,16,diag3,gaussian_ar1,1.3715699847695717,1.362249095294659,-0.5480821663059174,0.7531133265546212,0.7399609712167354,0.737236690842017,0.6316090135528363,2016-01-28,6.0,0,True,False
2016-01-15,2016Q1,3,diag3,gaussian_ar1,1.0976070794556314,1.0916270910108326,-0.6622972566319589,0.776551214356984,2.3383061524439253,2.3113866073886387,-1.2406990729882938,2016-04-28,6.0,0,True,False
2016-01-15,2016Q2,-10,diag3,gaussian_ar1,1.3699274640341708,1.360628784942703,-0.5487660127421843,0.8433771520786817,1.2906967702374539,1.2824382650696664,0.07923069379671688,2016-07-28,6.0,0,True,False
2016-01-22,2015Q4,17,diag3,gaussian_ar1,1.323860985500347,1.3151745263989691,-0.5679498269298544,0.7526980928418565,0.7399609712167354,0.737236690842017,0.5839000142836115,2016-01-28,6.0,0,True,False
2016-01-22,2016Q1,4,diag3,gaussian_ar1,0.9019087414687599,0.8978658352789979,-0.7440735311949411,0.7700748030307578,2.3383061524439253,2.3113866073886387,-1.4363974109751654,2016-04-28,6.0,0,True,False
2016-01-22,2016Q2,-9,diag3,gaussian_ar1,1.147971882392862,1.1414326830409538,-0.641276977044878,0.8349967208172416,1.2906967702374539,1.2824382650696664,-0.14272488784459192,2016-07-28,6.0,0,True,False
2016-01-29,2016Q1,5,diag3,gaussian_ar1,0.8797088985480039,0.8758620043354641,-0.7478660528361825,0.7694772253863492,2.3383061524439253,2.3113866073886387,-1.4585972538959213,2016-04-28,6.0,0,True,False
2016-01-29,2016Q2,-8,diag3,gaussian_ar1,1.0661860282801472,1.0605423443848583,-0.6698124277569941,0.8309282033453175,1.2906967702374539,1.2824382650696664,-0.2245107419573067,2016-07-28,6.0,0,True,False
2016-02-05,2016Q1,6,diag3,gaussian_ar1,0.8355340838714698,0.8320628201691131,-0.7663774173852207,0.7621528596204837,2.3383061524439253,2.3113866073886387,-1.5027720685724555,2016-04-28,14.0,2,True,True
2016-02-05,2016Q2,-7,diag3,gaussian_ar1,0.9862755127941103,0.981443560788805,-0.7032428773510058,0.8210089805674677,1.2906967702374539,1.2824382650696664,-0.3044212574433436,2016-07-28,14.0,0,True,False
2016-02-12,2016Q1,7,diag3,gaussian_ar1,0.8113677033779743,0.8080938125672097,-0.7765077210893335,0.7620070840080989,2.3383061524439253,2.3113866073886387,-1.526938449065951,2016-04-28,4.0,0,True,False
2016-02-12,2016Q2,-6,diag3,gaussian_ar1,0.9660492223057204,0.9614128029527087,-0.7117087122188239,0.8209138236359882,1.2906967702374539,1.2824382650696664,-0.32464754793173345,2016-07-28,4.0,0,True,False
2016-02-19,2016Q1,8,diag3,gaussian_ar1,0.9409672460496399,0.9365677264181491,-0.7222092792438444,0.7585407980558776,2.3383061524439253,2.3113866073886387,-1.3973389063942854,2016-04-28,11.0,0,True,False
2016-02-19,2016Q2,-5,diag3,gaussian_ar1,1.0377015738344708,1.032354410968792,-0.6817258257181756,0.8108747459983613,1.2906967702374539,1.2824382650696664,-0.25299519640298307,2016-07-28,11.0,0,True,False
2016-02-26,2016Q1,9,diag3,gaussian_ar1,0.9637305300595589,0.9591162697230788,-0.7126793230788616,0.7581312355886469,2.3383061524439253,2.3113866073886387,-1.3745756223843664,2016-04-28,4.0,0,True,False
2016-02-26,2016Q2,-4,diag3,gaussian_ar1,1.0502909504166658,1.044813712920613,-0.6764600043371032,0.8105344966460836,1.2906967702374539,1.2824382650696664,-0.24040581982078812,2016-07-28,4.0,0,True,False
2016-03-04,2016Q1,10,diag3,gaussian_ar1,1.1220061435261552,1.1157583449481183,-0.6464758397629267,0.7563812835290256,2.3383061524439253,2.3113866073886387,-1.21630000891777,2016-04-28,9.0,11,False,True
2016-03-04,2016Q2,-3,diag3,gaussian_ar1,1.459833854870185,1.4492808605943843,-0.5055152947219181,0.7990433489285639,1.2906967702374539,1.2824382650696664,0.16913708463273114,2016-07-28,9.0,0,True,False
2016-03-11,2016Q1,11,diag3,gaussian_ar1,1.1336349966256432,1.1272575081326424,-0.6416158131261488,0.755489686944951,2.3383061524439253,2.3113866073886387,-1.204671155818282,2016-04-28,7.0,0,True,False
2016-03-11,2016Q2,-2,diag3,gaussian_ar1,1.48738590648676,1.4764327987369636,-0.4940397516327762,0.7981724496234304,1.2906967702374539,1.2824382650696664,0.19668913624930617,2016-07-28,7.0,0,True,False
2016-03-18,2016Q1,12,diag3,gaussian_ar1,1.1477612079729305,1.1412243994388256,-0.6357128215178215,0.7543003761767922,2.3383061524439253,2.3113866073886387,-1.1905449444709948,2016-04-28,12.0,0,True,False
2016-03-18,2016Q2,-1,diag3,gaussian_ar1,1.5727780564365412,1.5605380740572679,-0.4584933495345498,0.7929870661756073,1.2906967702374539,1.2824382650696664,0.28208128619908734,2016-07-28,12.0,0,True,False
2016-03-25,2016Q1,13,diag3,gaussian_ar1,1.2101789155439802,1.2029147976633567,-0.6096398826618743,0.7540091160769553,2.3383061524439253,2.3113866073886387,-1.128127236899945,2016-04-28,0.0,0,True,False
2016-03-25,2016Q2,0,diag3,gaussian_ar1,1.8233608837914472,1.8069370032008019,-0.35435487096049534,0.7885815303177359,1.2906967702374539,1.2824382650696664,0.5326641135539933,2016-07-28,0.0,0,True,False
2016-04-01,2016Q1,14,diag3,gaussian_ar1,1.273354351932876,1.2653153666571673,-0.5832667959777788,0.7535242033600524,2.3383061524439253,2.3113866073886387,-1.0649518005110492,2016-04-28,11.0,11,False,True
2016-04-01,2016Q2,1,diag3,gaussian_ar1,2.0578679595363747,2.0369799360322913,-0.2571291195538018,0.778807855913336,1.2906967702374539,1.2824382650696664,0.7671711892989208,2016-07-28,11.0,0,True,False
2016-04-01,2016Q3,-12,diag3,gaussian_ar1,2.2497675782970905,2.2248335859347246,-0.17773432119399793,0.8461308594507962,2.8678981414693494,2.827543676441542,-0.6181305631722589,2016-10-28,11.0,0,True,False
2016-04-08,2016Q1,15,diag3,gaussian_ar1,1.3425249072823275,1.3335928958316157,-0.554409860463742,0.7528757662289041,2.3383061524439253,2.3113866073886387,-0.9957812451615977,2016-04-28,9.0,0,True,False
2016-04-08,2016Q2,2,diag3,gaussian_ar1,2.1561826541970586,2.1332658693075257,-0.21643466266545708,0.7770330826458491,1.2906967702374539,1.2824382650696664,0.8654858839596047,2016-07-28,9.0,0,True,False
2016-04-08,2016Q3,-11,diag3,gaussian_ar1,2.3382226875305,2.311305049513978,-0.14118786911112557,0.8447876404759913,2.8678981414693494,2.827543676441542,-0.5296754539388493,2016-10-28,9.0,0,True,False
2016-04-15,2016Q1,16,diag3,gaussian_ar1,1.3076396920478128,1.2991638928766116,-0.5689609950771037,0.7527251918713941,2.3383061524439253,2.3113866073886387,-1.0306664603961124,2016-04-28,6.0,0,True,False
2016-04-15,2016Q2,3,diag3,gaussian_ar1,2.102291139325718,2.0804979080857127,-0.238736606988816,0.7765134931913867,1.2906967702374539,1.2824382650696664,0.8115943690882643,2016-07-28,6.0,0,True,False
2016-04-15,2016Q3,-10,diag3,gaussian_ar1,2.293075962263713,2.2671801025511433,-0.15983691462379365,0.8443831917947825,2.8678981414693494,2.827543676441542,-0.5748221792056363,2016-10-28,6.0,0,True,False
2016-04-22,2016Q1,17,diag3,gaussian_ar1,1.1889580408732225,1.1819454644264227,-0.6185023986947042,0.7522992043746399,2.3383061524439253,2.3113866073886387,-1.1493481115707027,2016-04-28,6.0,0,True,False
2016-04-22,2016Q2,4,diag3,gaussian_ar1,1.865651822362091,1.8484620109726737,-0.33680466833920275,0.7699025670441312,1.2906967702374539,1.2824382650696664,0.5749550521246372,2016-07-28,6.0,0,True,False
2016-04-22,2016Q3,-9,diag3,gaussian_ar1,2.0673375167747476,2.0462581211766224,-0.2532077709983614,0.8357869584118303,2.8678981414693494,2.827543676441542,-0.8005606246946018,2016-10-28,6.0,0,True,False
2016-04-29,2016Q2,5,diag3,gaussian_ar1,1.832072235008475,1.8154919934497094,-0.35100004934347906,0.7692941920250085,1.2906967702374539,1.2824382650696664,0.5413754647710212,2016-07-28,6.0,0,True,False
2016-04-29,2016Q3,-8,diag3,gaussian_ar1,2.165250156301357,2.142141592216802,-0.2123953555390811,0.8317104502095065,2.8678981414693494,2.827543676441542,-0.7026479851679923,2016-10-28,6.0,0,True,False
2016-05-06,2016Q2,6,diag3,gaussian_ar1,1.85804206879141,1.8409913496775716,-0.34018010504992385,0.7621528596204837,1.2906967702374539,1.2824382650696664,0.5673452985539562,2016-07-28,14.0,11,False,True
2016-05-06,2016Q3,-7,diag3,gaussian_ar1,2.2432779865013908,2.2184865810476295,-0.18000047784648052,0.8210089805674677,2.8678981414693494,2.827543676441542,-0.6246201549679586,2016-10-28,14.0,0,True,False
2016-05-13,2016Q2,7,diag3,gaussian_ar1,1.884329909992899,1.8667963318146232,-0.3292304768818995,0.7619359466665528,1.2906967702374539,1.2824382650696664,0.5936331397554451,2016-07-28,6.0,0,True,False
2016-05-13,2016Q3,-6,diag3,gaussian_ar1,2.2750859460876516,2.249591817008954,-0.1668018340324191,0.8207871226588603,2.8678981414693494,2.827543676441542,-0.5928121953816978,2016-10-28,6.0,0,True,False
2016-05-20,2016Q2,8,diag3,gaussian_ar1,1.842543822705589,1.8257746569538964,-0.346636886394953,0.7585407980558776,1.2906967702374539,1.2824382650696664,0.5518470524681351,2016-07-28,9.0,0,True,False
2016-05-20,2016Q3,-5,diag3,gaussian_ar1,2.017008150655264,1.996935997056638,-0.27400932087632385,0.8108747459983614,2.8678981414693494,2.827543676441542,-0.8508899908140855,2016-10-28,9.0,0,True,False
2016-05-27,2016Q2,9,diag3,gaussian_ar1,1.8793398745766021,1.8618984661425328,-0.3313087502804816,0.7581312355886469,1.2906967702374539,1.2824382650696664,0.5886431043391482,2016-07-28,4.0,0,True,False
2016-05-27,2016Q3,-4,diag3,gaussian_ar1,2.046228411867923,2.025574434733687,-0.2618573944688037,0.8105344966460836,2.8678981414693494,2.827543676441542,-0.8216697296014264,2016-10-28,4.0,0,True,False
2016-06-03,2016Q2,10,diag3,gaussian_ar1,1.9404094009973338,1.921823501341827,-0.3058812243126992,0.7563812835290256,1.2906967702374539,1.2824382650696664,0.64971263075988,2016-07-28,9.0,11,False,True
2016-06-03,2016Q3,-3,diag3,gaussian_ar1,2.261118923861427,2.235934555443142,-0.172596914034601,0.799043348928564,2.8678981414693494,2.827543676441542,-0.6067792176079223,2016-10-28,9.0,0,True,False
2016-06-10,2016Q2,11,diag3,gaussian_ar1,1.9766736158090215,1.95739111015368,-0.29078909639541817,0.755489686944951,1.2906967702374539,1.2824382650696664,0.6859768455715676,2016-07-28,7.0,0,True,False
2016-06-10,2016Q3,-2,diag3,gaussian_ar1,2.2873041252960746,2.2615374920850866,-0.16173301826633957,0.7981724496234304,2.8678981414693494,2.827543676441542,-0.5805940161732748,2016-10-28,7.0,0,True,False
2016-06-17,2016Q2,12,diag3,gaussian_ar1,1.9954585351838805,1.97581021400857,-0.2829734607430421,0.7543056352818386,1.2906967702374539,1.2824382650696664,0.7047617649464266,2016-07-28,10.0,0,True,False
2016-06-17,2016Q3,-1,diag3,gaussian_ar1,2.40001564787935,2.3716679428626217,-0.11500221723007525,0.7930171226156552,2.8678981414693494,2.827543676441542,-0.46788249358999945,2016-10-28,10.0,0,True,False
2016-06-24,2016Q2,13,diag3,gaussian_ar1,2.0153527213649935,1.9953132845778752,-0.2746978738918501,0.7540091160769553,1.2906967702374539,1.2824382650696664,0.7246559511275397,2016-07-28,2.0,0,True,False
2016-06-24,2016Q3,0,diag3,gaussian_ar1,2.49457091042804,2.463964446005362,-0.07583875704031512,0.7885815303177359,2.8678981414693494,2.827543676441542,-0.3733272310413094,2016-10-28,2.0,0,True,False
2016-07-01,2016Q2,14,diag3,gaussian_ar1,2.0050344293619737,1.9851983228763246,-0.2789898772335908,0.7535242033600524,1.2906967702374539,1.2824382650696664,0.7143376591245199,2016-07-28,11.0,11,False,True
2016-07-01,2016Q3,1,diag3,gaussian_ar1,2.6051886136314373,2.5718316752851034,-0.03006829124982241,0.778807855913336,2.8678981414693494,2.827543676441542,-0.2627095278379121,2016-10-28,11.0,0,True,False
2016-07-01,2016Q4,-13,diag3,gaussian_ar1,2.5033677311019353,2.4725467963817467,-0.07219707478957689,0.8461308594507962,2.235699518586598,2.211074114484348,0.26766821251533734,2017-01-28,11.0,0,True,False
2016-07-08,2016Q2,15,diag3,gaussian_ar1,2.1443814666655125,2.121713098912162,-0.22106361985063067,0.7528757662289041,1.2906967702374539,1.2824382650696664,0.8536846964280587,2016-07-28,9.0,0,True,False
2016-07-08,2016Q3,2,diag3,gaussian_ar1,2.8824972170145458,2.8417347311360093,0.08445758159461372,0.7770330826458491,2.8678981414693494,2.827543676441542,0.01459907554519635,2016-10-28,9.0,0,True,False
2016-07-08,2016Q4,-12,diag3,gaussian_ar1,2.755929818251124,2.7186376849561324,0.03222476557896309,0.8447876404759913,2.235699518586598,2.211074114484348,0.5202302996645258,2017-01-28,9.0,0,True,False
2016-07-15,2016Q2,16,diag3,gaussian_ar1,2.167115604351788,2.1439674880248742,-0.21162058731541938,0.7527251918713941,1.2906967702374539,1.2824382650696664,0.8764188341143342,2016-07-28,6.0,0,True,False
2016-07-15,2016Q3,3,diag3,gaussian_ar1,2.93294145384555,2.8907536367796727,0.10525739409403478,0.7765134931913867,2.8678981414693494,2.827543676441542,0.06504331237620065,2016-10-28,6.0,0,True,False
2016-07-15,2016Q4,-11,diag3,gaussian_ar1,2.803574489917593,2.7649937731165894,0.05189468536365295,0.8443831917947825,2.235699518586598,2.211074114484348,0.567874971330995,2017-01-28,6.0,0,True,False
2016-07-22,2016Q2,17,diag3,gaussian_ar1,2.1891061989459226,2.1654893134774658,-0.20248839784319195,0.7522992043746399,1.2906967702374539,1.2824382650696664,0.8984094287084687,2016-07-28,6.0,0,True,False
2016-07-22,2016Q3,4,diag3,gaussian_ar1,2.8096941139167164,2.770946330597421,0.054420487967108744,0.7699025670441312,2.8678981414693494,2.827543676441542,-0.058204027552632986,2016-10-28,6.0,0,True,False
2016-07-22,2016Q4,-10,diag3,gaussian_ar1,2.6248482146480345,2.590990275439895,-0.021938870861128862,0.8357869584118304,2.235699518586598,2.211074114484348,0.38914869606143654,2017-01-28,6.0,0,True,False
2016-07-29,2016Q3,5,diag3,gaussian_ar1,2.6256601212167885,2.591781412646179,-0.017068097346408018,0.7692941920250085,2.8678981414693494,2.827543676441542,-0.24223802025256091,2016-10-28,6.0,0,True,False
2016-07-29,2016Q4,-9,diag3,gaussian_ar1,2.3781147600853814,2.3502780729250032,-0.1198188745117334,0.8317104502095065,2.235699518586598,2.211074114484348,0.14241524149878337,2017-01-28,6.0,0,True,False
2016-08-05,2016Q3,6,diag3,gaussian_ar1,2.7101180970400707,2.674044699949576,0.017931901876614253,0.7621528596204837,2.8678981414693494,2.827543676441542,-0.15778004442927873,2016-10-28,14.0,11,False,True
2016-08-05,2016Q4,-8,diag3,gaussian_ar1,2.429077091210785,2.400044227830559,-0.0986452083463728,0.8210089805674677,2.235699518586598,2.211074114484348,0.1933775726241871,2017-01-28,14.0,0,True,False
2016-08-12,2016Q3,7,diag3,gaussian_ar1,2.6863604132917107,2.650911212923308,0.008089455087939235,0.7620070840080989,2.8678981414693494,2.827543676441542,-0.1815377281776387,2016-10-28,4.0,0,True,False
2016-08-12,2016Q4,-7,diag3,gaussian_ar1,2.4102368400805707,2.3816490762146225,-0.10647166791746471,0.8209138236359882,2.235699518586598,2.211074114484348,0.17453732149397272,2017-01-28,4.0,0,True,False
2016-08-19,2016Q3,8,diag3,gaussian_ar1,2.5467482083581405,2.514858869900605,-0.04979580644461751,0.7596716070380845,2.8678981414693494,2.827543676441542,-0.3211499331112089,2016-10-28,11.0,0,True,False
2016-08-19,2016Q4,-6,diag3,gaussian_ar1,2.1719947013026486,2.148742978085979,-0.20556463539729838,0.815637841632374,2.235699518586598,2.211074114484348,-0.06370481728394939,2017-01-28,11.0,0,True,False
2016-08-26,2016Q3,9,diag3,gaussian_ar1,2.6037181666789255,2.5703985533260054,-0.02616571651681504,0.7581312355886469,2.8678981414693494,2.827543676441542,-0.2641799747904239,2016-10-28,4.0,0,True,False
2016-08-26,2016Q4,-5,diag3,gaussian_ar1,2.2670526648146616,2.241736925756044,-0.16599913536817804,0.8105344966460836,2.235699518586598,2.211074114484348,0.03135314622806362,2017-01-28,4.0,0,True,False
2016-09-02,2016Q3,10,diag3,gaussian_ar1,2.4499170862997577,2.420387938755643,-0.0899897085491757,0.7565817838892025,2.8678981414693494,2.827543676441542,-0.4179810551695917,2016-10-28,8.0,11,False,True
2016-09-02,2016Q4,-4,diag3,gaussian_ar1,1.8545707489251662,1.837583293771207,-0.3379516219407258,0.7998150889482426,2.235699518586598,2.211074114484348,-0.38112876966143183,2017-01-28,8.0,0,True,False
2016-09-09,2016Q3,11,diag3,gaussian_ar1,2.3431807516789194,2.3161497145065835,-0.1343392341677036,0.755489686944951,2.8678981414693494,2.827543676441542,-0.52471738979043,2016-10-28,8.0,0,True,False
2016-09-09,2016Q4,-3,diag3,gaussian_ar1,1.6816061065925814,1.6676236466552683,-0.41026319265469346,0.7981724496234304,2.235699518586598,2.211074114484348,-0.5540934119940166,2017-01-28,8.0,0,True,False
2016-09-16,2016Q3,12,diag3,gaussian_ar1,2.3173834993529985,2.290939921347892,-0.14506507275123315,0.754915658777414,2.8678981414693494,2.827543676441542,-0.5505146421163509,2016-10-28,8.0,0,True,False
2016-09-16,2016Q4,-2,diag3,gaussian_ar1,1.6201810332149513,1.6071961648205977,-0.4359728608018275,0.7939147664329317,2.235699518586598,2.211074114484348,-0.6155184853716467,2017-01-28,8.0,0,True,False
2016-09-23,2016Q3,13,diag3,gaussian_ar1,2.3792291955218703,2.3513666155041983,-0.11935573973223529,0.7540091160769553,2.8678981414693494,2.827543676441542,-0.4886689459474791,2016-10-28,4.0,0,True,False
2016-09-23,2016Q4,-1,diag3,gaussian_ar1,1.8584854571892961,1.8414266490647035,-0.33631641580326554,0.7885815303177359,2.235699518586598,2.211074114484348,-0.37721406139730185,2017-01-28,4.0,0,True,False
2016-09-30,2016Q3,14,diag3,gaussian_ar1,2.401515887619965,2.3731330097782704,-0.11009494056345392,0.7536813138645838,2.8678981414693494,2.827543676441542,-0.4663822538493845,2016-10-28,8.0,0,True,False
2016-09-30,2016Q4,0,diag3,gaussian_ar1,1.8865027493259134,1.8689289621864462,-0.32461519440249414,0.7880882833106708,2.235699518586598,2.211074114484348,-0.34919676926068455,2017-01-28,8.0,0,True,False
2016-10-07,2016Q3,15,diag3,gaussian_ar1,2.574329749861648,2.5417518074224605,-0.03835385192001556,0.7528836791378191,2.8678981414693494,2.827543676441542,-0.29356839160770143,2016-10-28,12.0,2,True,True
2016-10-07,2016Q4,1,diag3,gaussian_ar1,2.435374393506984,2.4061920023737184,-0.09602955668343455,0.7767477102228078,2.235699518586598,2.211074114484348,0.19967487492038583,2017-01-28,12.0,0,True,False
2016-10-07,2017Q1,-12,diag3,gaussian_ar1,2.706077135659335,2.6701102863297668,0.01625795377472919,0.8435057084140002,1.9618307902452337,1.942834932414497,0.7442463454141013,2017-04-28,12.0,0,True,False
2016-10-14,2016Q3,16,diag3,gaussian_ar1,2.5800022490558794,2.5472817897927276,-0.036001048075101794,0.752733122639242,2.8678981414693494,2.827543676441542,-0.28789589241347,2016-10-28,6.0,0,True,False
2016-10-14,2016Q4,2,diag3,gaussian_ar1,2.4552132912620817,2.425557360286207,-0.08779031006311791,0.7762401648343946,2.235699518586598,2.211074114484348,0.21951377267548366,2017-01-28,6.0,0,True,False
2016-10-14,2017Q1,-11,diag3,gaussian_ar1,2.726167642356625,2.689669539827731,0.024579695826038778,0.843125040705354,1.9618307902452337,1.942834932414497,0.7643368521113914,2017-04-28,6.0,0,True,False
2016-10-21,2016Q3,17,diag3,gaussian_ar1,2.5269064302470667,2.4955079901321016,-0.05802889314785764,0.7523164518664623,2.8678981414693494,2.827543676441542,-0.34099171122228267,2016-10-28,6.0,0,True,False
2016-10-21,2016Q4,3,diag3,gaussian_ar1,2.2454721881551176,2.220632617591888,-0.17497824127995204,0.7696777316447081,2.235699518586598,2.211074114484348,0.009772669568519632,2017-01-28,6.0,0,True,False
2016-10-21,2017Q1,-10,diag3,gaussian_ar1,2.48977439220317,2.459284558652335,-0.07344062923580603,0.834686437282456,1.9618307902452337,1.942834932414497,0.5279436019579364,2017-04-28,6.0,0,True,False
2016-10-28,2016Q4,4,diag3,gaussian_ar1,2.2274153776132843,2.2029708035453006,-0.18387420345130698,0.7690829289269753,2.235699518586598,2.211074114484348,-0.008284140973313647,2017-01-28,6.0,0,True,False
2016-10-28,2017Q1,-9,diag3,gaussian_ar1,2.510781205882129,2.4797789555491656,-0.0656356317697413,0.8306413080956001,1.9618307902452337,1.942834932414497,0.5489504156368952,2017-04-28,6.0,0,True,False
2016-11-04,2016Q4,5,diag3,gaussian_ar1,2.3768354256476387,2.349028448008386,-0.12148569668417963,0.7628906217442414,2.235699518586598,2.211074114484348,0.14113590706104073,2017-01-28,13.0,12,False,True
2016-11-04,2017Q1,-8,diag3,gaussian_ar1,2.738253728007689,2.7014341904513235,0.02904437743825039,0.8211506542219067,1.9618307902452337,1.942834932414497,0.7764229377624554,2017-04-28,13.0,0,True,False
2016-11-11,2016Q4,6,diag3,gaussian_ar1,2.3362458830104904,2.309373392347476,-0.1384243493479692,0.7623086789547381,2.235699518586598,2.211074114484348,0.10054636442389242,2017-01-28,5.0,0,True,False
2016-11-11,2017Q1,-7,diag3,gaussian_ar1,2.698535583414463,2.6627671676447333,0.012527762899506856,0.8206844652743432,1.9618307902452337,1.942834932414497,0.7367047931692294,2017-04-28,5.0,0,True,False
2016-11-18,2016Q4,7,diag3,gaussian_ar1,2.382686114869581,2.354743141205084,-0.11904466611378473,0.7600010037722391,2.235699518586598,2.211074114484348,0.14698659628298305,2017-01-28,11.0,0,True,False
2016-11-18,2017Q1,-6,diag3,gaussian_ar1,2.8005449638397906,2.7620468223589176,0.0549350564906301,0.8154719350370577,1.9618307902452337,1.942834932414497,0.8387141735945569,2017-04-28,11.0,0,True,False
2016-11-25,2016Q4,8,diag3,gaussian_ar1,2.3932961098100725,2.36510567965781,-0.11461830895350683,0.7588745915079999,2.235699518586598,2.211074114484348,0.15759659122347447,2017-01-28,0.0,0,True,False
2016-11-25,2017Q1,-5,diag3,gaussian_ar1,2.823201673695097,2.7840838782121446,0.06434818247442015,0.8107541026190443,1.9618307902452337,1.942834932414497,0.8613708834498635,2017-04-28,0.0,0,True,False
2016-12-02,2016Q4,9,diag3,gaussian_ar1,2.4221872285306034,2.393317530091417,-0.10256762014389009,0.7569615443010358,2.235699518586598,2.211074114484348,0.18648770994400543,2017-01-28,11.0,11,False,True
2016-12-02,2017Q1,-4,diag3,gaussian_ar1,2.9039803975086764,2.862613829530813,0.09789224254246522,0.7998709155575849,1.9618307902452337,1.942834932414497,0.9421496072634428,2017-04-28,11.0,0,True,False
2016-12-09,2016Q4,10,diag3,gaussian_ar1,2.455634235081794,2.4259682158605194,-0.08862088330895618,0.7558623057799974,2.235699518586598,2.211074114484348,0.21993471649519591,2017-01-28,9.0,0,True,False
2016-12-09,2017Q1,-3,diag3,gaussian_ar1,2.993975636546087,2.9500311565426194,0.1352325441602876,0.7982063230786927,1.9618307902452337,1.942834932414497,1.0321448463008531,2017-04-28,9.0,0,True,False
2016-12-16,2016Q4,11,diag3,gaussian_ar1,2.4129115537184997,2.3842608060499075,-0.10643619882204702,0.7555298538211596,2.235699518586598,2.211074114484348,0.17721203513190176,2017-01-28,8.0,0,True,False
2016-12-16,2017Q1,-2,diag3,gaussian_ar1,2.939642964038436,2.8972639841522683,0.1126930522777546,0.797710592786065,1.9618307902452337,1.942834932414497,0.9778121737932022,2017-04-28,8.0,0,True,False
2016-12-23,2016Q4,12,diag3,gaussian_ar1,2.3967364975208127,2.3684655968053994,-0.11318312071348041,0.7543998341743522,2.235699518586598,2.211074114484348,0.16103697893421476,2017-01-28,4.0,0,True,False
2016-12-23,2017Q1,-1,diag3,gaussian_ar1,3.1903029149173534,3.1404698641738666,0.216578417178101,0.7886845529732661,1.9618307902452337,1.942834932414497,1.2284721246721197,2017-04-28,4.0,0,True,False
2016-12-30,2016Q4,13,diag3,gaussian_ar1,2.3590371727756576,2.331641897531484,-0.1289123598079941,0.7540789500956953,2.235699518586598,2.211074114484348,0.12333765418905962,2017-01-28,8.0,0,True,False
2016-12-30,2017Q1,0,diag3,gaussian_ar1,3.144631742743398,3.0962008963467937,0.19766893244003153,0.7882056650828808,1.9618307902452337,1.942834932414497,1.1828009524981642,2017-04-28,8.0,0,True,False
2017-01-06,2016Q4,14,diag3,gaussian_ar1,2.4061300241853933,2.377638834300277,-0.10926477332653295,0.7532936141791585,2.235699518586598,2.211074114484348,0.17043050559879536,2017-01-28,10.0,11,False,True
2017-01-06,2017Q1,1,diag3,gaussian_ar1,3.366312049563125,3.3108920772564394,0.28937424675111695,0.7772384033935102,1.9618307902452337,1.942834932414497,1.4044812593178913,2017-04-28,10.0,0,True,False
2017-01-06,2017Q2,-12,diag3,gaussian_ar1,3.1925443741835258,3.1426420013409877,0.21750624533011742,0.8441983660621738,2.258367983115228,2.233244405190973,0.9341763910682976,2017-07-28,10.0,0,True,False
2017-01-13,2016Q4,15,diag3,gaussian_ar1,2.4488092553584195,2.419306593877471,-0.09146639440628529,0.7531781435737124,2.235699518586598,2.211074114484348,0.21310973677182155,2017-01-28,6.0,0,True,False
2017-01-13,2017Q1,2,diag3,gaussian_ar1,3.4435927357703733,3.3856280430067573,0.3212977063009521,0.7768460656137604,1.9618307902452337,1.942834932414497,1.4817619455251396,2017-04-28,6.0,0,True,False
2017-01-13,2017Q2,-11,diag3,gaussian_ar1,3.2597505097213375,3.207747732376351,0.24531615118071548,0.843905655470006,2.258367983115228,2.233244405190973,1.0013825266061094,2017-07-28,6.0,0,True,False
2017-01-20,2016Q4,16,diag3,gaussian_ar1,2.5243161916490564,2.492981559355429,-0.059996141006086356,0.7527240499466024,2.235699518586598,2.211074114484348,0.2886166730624584,2017-01-28,8.0,0,True,False
2017-01-20,2017Q1,3,diag3,gaussian_ar1,3.65690490864663,3.5916268220883,0.40929006212726426,0.7701476510227229,1.9618307902452337,1.942834932414497,1.6950741184013962,2017-04-28,8.0,0,True,False
2017-01-20,2017Q2,-10,diag3,gaussian_ar1,3.482571721321448,3.423302337230875,0.3373902769348853,0.8353538803023676,2.258367983115228,2.233244405190973,1.2242037382062199,2017-07-28,8.0,0,True,False
2017-01-27,2016Q4,17,diag3,gaussian_ar1,2.4994439825098747,2.468718801477926,-0.07035997536473465,0.7525814149804205,2.235699518586598,2.211074114484348,0.26374446392327666,2017-01-28,4.0,0,True,False
2017-01-27,2017Q1,4,diag3,gaussian_ar1,3.594465093996213,3.5313716676458693,0.3835520795348092,0.7697068683279743,1.9618307902452337,1.942834932414497,1.6326343037509794,2017-04-28,4.0,0,True,False
2017-01-27,2017Q2,-9,diag3,gaussian_ar1,3.4264774933583597,3.369081190741359,0.31422972017582085,0.8350409052864581,2.258367983115228,2.233244405190973,1.1681095102431316,2017-07-28,4.0,0,True,False
2017-02-03,2017Q1,5,diag3,gaussian_ar1,3.848964633133689,3.776739445413055,0.4916470647125458,0.763335810788693,1.9618307902452337,1.942834932414497,1.8871338428884554,2017-04-28,12.0,11,False,True
2017-02-03,2017Q2,-8,diag3,gaussian_ar1,3.7265042799884185,3.658748270450195,0.4410540261175348,0.8214181362085073,2.258367983115228,2.233244405190973,1.4681362968731904,2017-07-28,12.0,0,True,False
2017-02-10,2017Q1,6,diag3,gaussian_ar1,3.8627199323671535,3.78998405346902,0.49732617560166237,0.7623086791895904,1.9618307902452337,1.942834932414497,1.9008891421219198,2017-04-28,7.0,0,True,False
2017-02-10,2017Q2,-7,diag3,gaussian_ar1,3.7359898360050714,3.6678926279049375,0.4449750043583227,0.8206844658973016,2.258367983115228,2.233244405190973,1.4776218528898433,2017-07-28,7.0,0,True,False
2017-02-17,2017Q1,7,diag3,gaussian_ar1,4.007111045268941,3.9289086251066134,0.5568951748668072,0.7588889433790752,1.9618307902452337,1.942834932414497,2.045280255023707,2017-04-28,10.0,0,True,False
2017-02-17,2017Q2,-6,diag3,gaussian_ar1,4.2561310668516095,4.168048415433035,0.6594351202940466,0.8107768574901109,2.258367983115228,2.233244405190973,1.9977630837363813,2017-07-28,10.0,0,True,False
2017-02-24,2017Q1,8,diag3,gaussian_ar1,4.010658675148671,3.932319516286576,0.5583577194102066,0.7588745915079999,1.9618307902452337,1.942834932414497,2.048827884903437,2017-04-28,2.0,0,True,False
2017-02-24,2017Q2,-5,diag3,gaussian_ar1,4.260757949342842,4.172486312539414,0.6613380312503478,0.8107541026190446,2.258367983115228,2.233244405190973,2.0023899662276134,2017-07-28,2.0,0,True,False
2017-03-03,2017Q1,9,diag3,gaussian_ar1,3.9598623201987815,3.8834699430711943,0.537411675404682,0.7571311982252105,1.9618307902452337,1.942834932414497,1.9980315299535478,2017-04-28,12.0,2,True,True
2017-03-03,2017Q2,-4,diag3,gaussian_ar1,4.1181065225415425,4.035570844219558,0.6026305086314665,0.7998383036930747,2.258367983115228,2.233244405190973,1.8597385394263144,2017-07-28,12.0,0,True,False
2017-03-10,2017Q1,10,diag3,gaussian_ar1,3.915728712606059,3.841008384177674,0.5192047265495627,0.7562293638889022,1.9618307902452337,1.942834932414497,1.9538979223608255,2017-04-28,8.0,0,True,False
2017-03-10,2017Q2,-3,diag3,gaussian_ar1,4.0691180298701335,3.988508884792493,0.582450969522717,0.7989245839220845,2.258367983115228,2.233244405190973,1.8107500467549054,2017-07-28,8.0,0,True,False
2017-03-17,2017Q1,11,diag3,gaussian_ar1,3.6917776155523496,3.6252635993371243,0.4266962467454921,0.7550561035307645,1.9618307902452337,1.942834932414497,1.729946825307116,2017-04-28,10.0,0,True,False
2017-03-17,2017Q2,-2,diag3,gaussian_ar1,3.791981097809205,3.7218528366524932,0.4681124205644015,0.7937371220729583,2.258367983115228,2.233244405190973,1.5336131146939769,2017-07-28,10.0,0,True,False
2017-03-24,2017Q1,12,diag3,gaussian_ar1,3.6820543697988484,3.6158860943090874,0.4226752979418402,0.754765669340217,1.9618307902452337,1.942834932414497,1.7202235795536147,2017-04-28,2.0,0,True,False
2017-03-24,2017Q2,-1,diag3,gaussian_ar1,3.7654588082978835,3.6962962585142534,0.45715410148239055,0.7893081274628961,2.258367983115228,2.233244405190973,1.5070908251826554,2017-07-28,2.0,0,True,False
2017-03-31,2017Q1,13,diag3,gaussian_ar1,3.6305232564314727,3.56617264708972,0.40135883631111063,0.7544450605829311,1.9618307902452337,1.942834932414497,1.668692466186239,2017-04-28,8.0,0,True,False
2017-03-31,2017Q2,0,diag3,gaussian_ar1,3.7045859336281683,3.637615135181746,0.43199242020839135,0.788828209615835,2.258367983115228,2.233244405190973,1.4462179505129402,2017-07-28,8.0,0,True,False
2017-04-07,2017Q1,14,diag3,gaussian_ar1,3.5260747811433735,3.4653325240828186,0.35811993953073945,0.7539888181512717,1.9618307902452337,1.942834932414497,1.5642439908981398,2017-04-28,12.0,12,False,True
2017-04-07,2017Q2,1,diag3,gaussian_ar1,3.769278822490363,3.699977583613384,0.4587326044753451,0.7779169057787044,2.258367983115228,2.233244405190973,1.5109108393751347,2017-07-28,12.0,0,True,False
2017-04-07,2017Q3,-12,diag3,gaussian_ar1,3.708738528180877,3.6416193085530066,0.4337093562248102,0.8449027303960079,3.1915992394406345,3.1417261027391388,0.5171392887402426,2017-10-28,12.0,0,True,False
2017-04-14,2017Q1,15,diag3,gaussian_ar1,3.4864121255354874,3.4270134287607226,0.341689223681296,0.7538334202921669,1.9618307902452337,1.942834932414497,1.5245813352902537,2017-04-28,6.0,0,True,False
2017-04-14,2017Q2,2,diag3,gaussian_ar1,3.6974386593527475,3.630722941827049,0.42903713982824243,0.7773989306438049,2.258367983115228,2.233244405190973,1.4390706762375194,2017-07-28,6.0,0,True,False
2017-04-14,2017Q3,-11,diag3,gaussian_ar1,3.64502767060928,3.5801679438206815,0.40735983246934926,0.844514322121648,3.1915992394406345,3.1417261027391388,0.4534284311686454,2017-10-28,6.0,0,True,False
2017-04-21,2017Q1,16,diag3,gaussian_ar1,3.489056597363427,3.429568776835921,0.34278492277771483,0.7534204398062454,1.9618307902452337,1.942834932414497,1.5272258071181932,2017-04-28,6.0,0,True,False
2017-04-21,2017Q2,3,diag3,gaussian_ar1,3.525405040168428,3.4646855922419744,0.35784254380514824,0.770845633646148,2.258367983115228,2.233244405190973,1.2670370570531997,2017-07-28,6.0,0,True,False
2017-04-21,2017Q3,-10,diag3,gaussian_ar1,3.419864753511659,3.3626873238959285,0.31410704978468335,0.8360433801409296,3.1915992394406345,3.1417261027391388,0.22826551407102436,2017-10-28,6.0,0,True,False
2017-04-28,2017Q2,4,diag3,gaussian_ar1,3.489155440773062,3.429664287767886,0.34634897121263697,0.7702418551799566,2.258367983115228,2.233244405190973,1.2307874576578337,2017-07-28,6.0,0,True,False
2017-04-28,2017Q3,-9,diag3,gaussian_ar1,3.2177855200987704,3.1670992521520183,0.23336054620868024,0.8319598345402615,3.1915992394406345,3.1417261027391388,0.026186280658135885,2017-10-28,6.0,0,True,False
2017-05-05,2017Q2,5,diag3,gaussian_ar1,3.2290034894045805,3.177966913858624,0.2380371779499362,0.7644293241283371,2.258367983115228,2.233244405190973,0.9706355062893524,2017-07-28,14.0,3,True,True
2017-05-05,2017Q3,-8,diag3,gaussian_ar1,2.877606432614521,2.8369808606682168,0.09130219090975317,0.8223075661925873,3.1915992394406345,3.1417261027391388,-0.3139928068261133,2017-10-28,14.0,0,True,False
2017-05-12,2017Q2,6,diag3,gaussian_ar1,3.2069961238249567,3.156645665913278,0.22886210169192334,0.764281920585304,2.258367983115228,2.233244405190973,0.9486281407097286,2017-07-28,4.0,0,True,False
2017-05-12,2017Q3,-7,diag3,gaussian_ar1,2.8593745482426103,2.819257372812302,0.08367532248944184,0.8222132328174926,3.1915992394406345,3.1417261027391388,-0.3322246911980242,2017-10-28,4.0,0,True,False
2017-05-19,2017Q2,7,diag3,gaussian_ar1,3.3731761280644257,3.317532394076737,0.2980957602275703,0.761960973309909,2.258367983115228,2.233244405190973,1.1148081449491976,2017-07-28,11.0,0,True,False
2017-05-19,2017Q3,-6,diag3,gaussian_ar1,2.994656947943386,2.950692660421501,0.14023527572949185,0.8169432410376993,3.1915992394406345,3.1417261027391388,-0.1969422914972485,2017-10-28,11.0,0,True,False
2017-05-26,2017Q2,8,diag3,gaussian_ar1,3.5345677399685638,3.4735358781597214,0.365228034409933,0.7604760924318049,2.258367983115228,2.233244405190973,1.2761997568533356,2017-07-28,4.0,0,True,False
2017-05-26,2017Q3,-5,diag3,gaussian_ar1,3.366313897472595,3.310893864985361,0.2952390320092905,0.8120295293932318,3.1915992394406345,3.1417261027391388,0.1747146580319603,2017-10-28,4.0,0,True,False
2017-06-02,2017Q2,9,diag3,gaussian_ar1,3.4848498934682226,3.4255038162163856,0.3445586142948732,0.7593852256913265,2.258367983115228,2.233244405190973,1.2264819103529945,2017-07-28,8.0,2,True,True
2017-06-02,2017Q3,-4,diag3,gaussian_ar1,3.2574303689210105,3.205500809587128,0.24988571484781266,0.8018709929921208,3.1915992394406345,3.1417261027391388,0.06583112948037595,2017-10-28,8.0,0,True,False
2017-06-09,2017Q2,10,diag3,gaussian_ar1,3.412590191365994,3.355653067931989,0.3145000575053536,0.7583094564611191,2.258367983115228,2.233244405190973,1.1542222082507658,2017-07-28,8.0,0,True,False
2017-06-09,2017Q3,-3,diag3,gaussian_ar1,3.1853357632906754,3.1356561645924117,0.21982978445935494,0.8002173300390875,3.1915992394406345,3.1417261027391388,-0.006263476149959146,2017-10-28,8.0,0,True,False
2017-06-16,2017Q2,11,diag3,gaussian_ar1,3.389481346961709,3.333304312594504,0.3048828186355312,0.7577394848431505,2.258367983115228,2.233244405190973,1.131113363846481,2017-07-28,8.0,0,True,False
2017-06-16,2017Q3,-2,diag3,gaussian_ar1,3.343738528329898,3.289051318899652,0.2858396278787603,0.7959628779943587,3.1915992394406345,3.1417261027391388,0.15213928888926365,2017-10-28,8.0,0,True,False
2017-06-23,2017Q2,12,diag3,gaussian_ar1,3.4029237028275316,3.3463051342460783,0.31047740345419617,0.7568698256341313,2.258367983115228,2.233244405190973,1.1445557197123035,2017-07-28,4.0,0,True,False
2017-06-23,2017Q3,-1,diag3,gaussian_ar1,3.3883636096617487,3.3322232129242817,0.3044175939009272,0.7908413326981247,3.1915992394406345,3.1417261027391388,0.19676437022111415,2017-10-28,4.0,0,True,False
2017-06-30,2017Q2,13,diag3,gaussian_ar1,3.4031527486259483,3.346526642049278,0.31057272390594975,0.756545750147631,2.258367983115228,2.233244405190973,1.1447847655107202,2017-07-28,8.0,0,True,False
2017-06-30,2017Q3,0,diag3,gaussian_ar1,3.3806278106814025,3.324740660602657,0.3011976609808905,0.7903554852104945,3.1915992394406345,3.1417261027391388,0.189028571240768,2017-10-28,8.0,0,True,False
2017-07-07,2017Q2,14,diag3,gaussian_ar1,3.407815220060151,3.351035562906607,0.3125130274385284,0.7557543183941724,2.258367983115228,2.233244405190973,1.1494472369449227,2017-07-28,12.0,11,False,True
2017-07-07,2017Q3,1,diag3,gaussian_ar1,3.686592020545887,3.620262503980227,0.4283682401068486,0.7794705912060415,3.1915992394406345,3.1417261027391388,0.49499278110525236,2017-10-28,12.0,0,True,False
2017-07-07,2017Q4,-12,diag3,gaussian_ar1,3.7449120974322625,3.6764931895465818,0.45256573686848955,0.8457628754993363,4.584974811729059,4.482971107757605,-0.8400627142967965,2018-01-28,12.0,0,True,False
2017-07-14,2017Q2,15,diag3,gaussian_ar1,3.4081855864435573,3.35139372318625,0.31266715293281166,0.7556017753934013,2.258367983115228,2.233244405190973,1.1498176033283292,2017-07-28,6.0,0,True,False
2017-07-14,2017Q3,2,diag3,gaussian_ar1,3.6805004009061726,3.6143873001855074,0.4258399902133104,0.7789513624689327,3.1915992394406345,3.1417261027391388,0.4889011614655381,2017-10-28,6.0,0,True,False
2017-07-14,2017Q4,-11,diag3,gaussian_ar1,3.7373269627303918,3.6691815905011627,0.4494193694991078,0.8453648836675797,4.584974811729059,4.482971107757605,-0.8476478489986672,2018-01-28,6.0,0,True,False
2017-07-21,2017Q2,16,diag3,gaussian_ar1,3.3861304175711204,3.330063186271839,0.3034880793947263,0.7551927414588898,2.258367983115228,2.233244405190973,1.1277624344558923,2017-07-28,6.0,0,True,False
2017-07-21,2017Q3,3,diag3,gaussian_ar1,3.5217799601391153,3.461183897659967,0.3599126624714216,0.7724987974737283,3.1915992394406345,3.1417261027391388,0.3301807206984808,2017-10-28,6.0,0,True,False
2017-07-21,2017Q4,-10,diag3,gaussian_ar1,3.5454749807589225,3.484070201658148,0.36976122222672486,0.8370373045950629,4.584974811729059,4.482971107757605,-1.0394998309701364,2018-01-28,6.0,0,True,False
2017-07-28,2017Q3,4,diag3,gaussian_ar1,3.497067847228763,3.4373096337564877,0.35226452667239044,0.7719008494355275,3.1915992394406345,3.1417261027391388,0.30546860778812857,2017-10-28,6.0,0,True,False
2017-07-28,2017Q4,-9,diag3,gaussian_ar1,3.4007915825048363,3.3442431593731152,0.31206393889357203,0.8330073523471407,4.584974811729059,4.482971107757605,-1.1841832292242227,2018-01-28,6.0,0,True,False
2017-08-04,2017Q3,5,diag3,gaussian_ar1,3.3775746433512888,3.321787290633199,0.3023639999154395,0.7658462675959584,3.1915992394406345,3.1417261027391388,0.18597540391065426,2017-10-28,13.0,2,True,True
2017-08-04,2017Q4,-8,diag3,gaussian_ar1,3.265947689843962,3.213749097028318,0.2556962936951858,0.8234044249597864,4.584974811729059,4.482971107757605,-1.3190271218850969,2018-01-28,13.0,0,True,False
2017-08-11,2017Q3,6,diag3,gaussian_ar1,3.372779054750863,3.3171482769478597,0.30036015182620834,0.7652539731250824,3.1915992394406345,3.1417261027391388,0.18117981531022842,2017-10-28,5.0,0,True,False
2017-08-11,2017Q4,-7,diag3,gaussian_ar1,3.2595034190098016,3.207508441649873,0.2530006074558524,0.8229154321877039,4.584974811729059,4.482971107757605,-1.3254713927192574,2018-01-28,5.0,0,True,False
2017-08-18,2017Q3,7,diag3,gaussian_ar1,3.382432444604855,3.326486266342168,0.30439374893849586,0.7629456489086472,3.1915992394406345,3.1417261027391388,0.1908332051642203,2017-10-28,11.0,0,True,False
2017-08-18,2017Q4,-6,diag3,gaussian_ar1,3.448492503976741,3.3903645878597,0.331986349693424,0.8176800223897794,4.584974811729059,4.482971107757605,-1.1364823077523178,2018-01-28,11.0,0,True,False
2017-08-25,2017Q3,8,diag3,gaussian_ar1,3.3795990662139452,3.323745551936944,0.30320988191491,0.7618832426145126,3.1915992394406345,3.1417261027391388,0.18799982677331073,2017-10-28,0.0,0,True,False
2017-08-25,2017Q4,-5,diag3,gaussian_ar1,3.4427687770385296,3.3848315103346063,0.3295963056930651,0.813141921334859,4.584974811729059,4.482971107757605,-1.1422060346905294,2018-01-28,0.0,0,True,False
2017-09-01,2017Q3,9,diag3,gaussian_ar1,3.499556001975135,3.439713687214204,0.3533029711035589,0.7599754528215653,3.1915992394406345,3.1417261027391388,0.30795676253450033,2017-10-28,11.0,11,False,True
2017-09-01,2017Q4,-4,diag3,gaussian_ar1,3.9062243338930047,3.8318617289948484,0.5226935264065875,0.8024075174830531,4.584974811729059,4.482971107757605,-0.6787504778360542,2018-01-28,11.0,0,True,False
2017-09-08,2017Q3,10,diag3,gaussian_ar1,3.402412522599363,3.3458107754084345,0.3127410794691538,0.7588636203912918,3.1915992394406345,3.1417261027391388,0.21081328315872838,2017-10-28,9.0,0,True,False
2017-09-08,2017Q4,-3,diag3,gaussian_ar1,3.8034025551594297,3.7328564121277887,0.4799276221681967,0.8007131258523311,4.584974811729059,4.482971107757605,-0.7815722565696293,2018-01-28,9.0,0,True,False
2017-09-15,2017Q3,11,diag3,gaussian_ar1,3.404469254147635,3.3477998112960883,0.31360025472347225,0.7585447480775682,3.1915992394406345,3.1417261027391388,0.21287001470700062,2017-10-28,6.0,0,True,False
2017-09-15,2017Q4,-2,diag3,gaussian_ar1,3.8159925157877472,3.7449843355710275,0.4851663470063841,0.8002376513196067,4.584974811729059,4.482971107757605,-0.7689822959413117,2018-01-28,6.0,0,True,False
2017-09-22,2017Q3,12,diag3,gaussian_ar1,3.290169903332485,3.2372024944699485,0.26582712081430393,0.7574255341746831,3.1915992394406345,3.1417261027391388,0.09857066389185043,2017-10-28,6.0,0,True,False
2017-09-22,2017Q4,-1,diag3,gaussian_ar1,3.795708464513514,3.725443961648942,0.4767257724354614,0.7913498477302957,4.584974811729059,4.482971107757605,-0.7892663472155448,2018-01-28,6.0,0,True,False
2017-09-29,2017Q3,13,diag3,gaussian_ar1,3.268456878754189,3.2161788993807003,0.2567458605064283,0.7571530914631293,3.1915992394406345,3.1417261027391388,0.0768576393135545,2017-10-28,4.0,0,True,False
2017-09-29,2017Q4,0,diag3,gaussian_ar1,3.7681804501195515,3.698919102532746,0.46526821014693065,0.7909395255599879,4.584974811729059,4.482971107757605,-0.8167943616095075,2018-01-28,4.0,0,True,False
2017-10-06,2017Q3,14,diag3,gaussian_ar1,3.228185685539109,3.1771746877620277,0.23989777161825382,0.7563823165518144,3.1915992394406345,3.1417261027391388,0.03658644609847439,2017-10-28,13.0,11,False,True
2017-10-06,2017Q4,1,diag3,gaussian_ar1,4.1237856489843905,4.0410251996185025,0.6130428655928025,0.7801400375924364,4.584974811729059,4.482971107757605,-0.4611891627446685,2018-01-28,13.0,0,True,False
2017-10-06,2018Q1,-12,diag3,gaussian_ar1,4.016367251211617,3.937807818625124,0.5684575365318643,0.8462330488866842,3.293553047698339,3.240477819667709,0.7228142035132779,2018-04-28,13.0,0,True,False
2017-10-13,2017Q3,15,diag3,gaussian_ar1,3.2345129259213845,3.1833038727691148,0.2425453076028559,0.7563000065247986,3.1915992394406345,3.1417261027391388,0.04291368648075,2017-10-28,6.0,0,True,False
2017-10-13,2017Q4,2,diag3,gaussian_ar1,4.143581398436114,4.0600351384216475,0.6212543157265829,0.7798926885563988,4.584974811729059,4.482971107757605,-0.44139341329294535,2018-01-28,6.0,0,True,False
2017-10-13,2018Q1,-11,diag3,gaussian_ar1,4.035973875279941,3.956655598967531,0.57659894140522,0.8460339258537699,3.293553047698339,3.240477819667709,0.7424208275816024,2018-04-28,6.0,0,True,False
2017-10-20,2017Q3,16,diag3,gaussian_ar1,3.231158479313634,3.1800544738882133,0.24114171145498892,0.7557445203012483,3.1915992394406345,3.1417261027391388,0.03955923987299936,2017-10-28,9.0,0,True,False
2017-10-20,2017Q4,3,diag3,gaussian_ar1,4.3158266525654465,4.225290614237301,0.69263734925691,0.7730367727446669,4.584974811729059,4.482971107757605,-0.26914815916361245,2018-01-28,9.0,0,True,False
2017-10-20,2018Q1,-10,diag3,gaussian_ar1,4.263224439542679,4.174851978274071,0.6708500963721487,0.837434166825924,3.293553047698339,3.240477819667709,0.96967139184434,2018-04-28,9.0,0,True,False
2017-10-27,2017Q3,17,diag3,gaussian_ar1,3.242487394236271,3.1910281890914876,0.2458818695431929,0.7556001727143149,3.1915992394406345,3.1417261027391388,0.05088815479563635,2017-10-28,4.0,0,True,False
2017-10-27,2017Q4,4,diag3,gaussian_ar1,4.336212928984362,4.2448315461396895,0.7010781648505674,0.7725897424205481,4.584974811729059,4.482971107757605,-0.2487618827446969,2018-01-28,4.0,0,True,False
2017-10-27,2018Q1,-9,diag3,gaussian_ar1,4.280988516286488,4.1918882474996515,0.6782090088157998,0.837115905428204,3.293553047698339,3.240477819667709,0.9874354685881492,2018-04-28,4.0,0,True,False
2017-11-03,2017Q4,5,diag3,gaussian_ar1,4.18799810541981,4.102675536735206,0.640302406169746,0.7665440916083309,4.584974811729059,4.482971107757605,-0.39697670630924886,2018-01-28,12.0,2,True,True
2017-11-03,2018Q1,-8,diag3,gaussian_ar1,4.074707737431282,3.9938798897136207,0.593134864493728,0.8247503289372399,3.293553047698339,3.240477819667709,0.7811546897329436,2018-04-28,12.0,0,True,False
2017-11-10,2017Q4,6,diag3,gaussian_ar1,4.114066066005018,4.031690121575397,0.609527208635644,0.7654903426100222,4.584974811729059,4.482971107757605,-0.4709087457240413,2018-01-28,7.0,0,True,False
2017-11-10,2018Q1,-7,diag3,gaussian_ar1,4.0096033944049925,3.931304922099272,0.5660059537916329,0.8239811901027332,3.293553047698339,3.240477819667709,0.7160503467066537,2018-04-28,7.0,0,True,False
2017-11-17,2017Q4,7,diag3,gaussian_ar1,4.187231559978,4.101939801069271,0.6399834334568151,0.7631506312032935,4.584974811729059,4.482971107757605,-0.3977432517510593,2018-01-28,10.0,0,True,False
2017-11-17,2018Q1,-6,diag3,gaussian_ar1,4.027020072093879,3.948048779444544,0.57326512831535,0.8186172417259582,3.293553047698339,3.240477819667709,0.7334670243955399,2018-04-28,10.0,0,True,False
2017-11-24,2017Q4,8,diag3,gaussian_ar1,4.197690517582564,4.1119779146804465,0.6443353827770832,0.7620680483189756,4.584974811729059,4.482971107757605,-0.3872842941464949,2018-01-28,2.0,0,True,False
2017-11-24,2018Q1,-5,diag3,gaussian_ar1,4.066315488822059,3.9858158872563694,0.5896387763469069,0.8140059430616189,3.293553047698339,3.240477819667709,0.77276244112372,2018-04-28,2.0,0,True,False
2017-12-01,2017Q4,9,diag3,gaussian_ar1,4.165019865305664,4.080618510222131,0.6307397467639141,0.7601461574253894,4.584974811729059,4.482971107757605,-0.41995494642339537,2018-01-28,11.0,11,False,True
2017-12-01,2018Q1,-4,diag3,gaussian_ar1,4.068731875798237,3.988137828713963,0.5906454367553751,0.8031722268517573,3.293553047698339,3.240477819667709,0.7751788280998984,2018-04-28,11.0,0,True,False
2017-12-08,2017Q4,10,diag3,gaussian_ar1,4.05196557275016,3.9720257329062143,0.5836601577363606,0.7590117046866954,4.584974811729059,4.482971107757605,-0.5330092389788987,2018-01-28,9.0,0,True,False
2017-12-08,2018Q1,-3,diag3,gaussian_ar1,3.9262916976021245,3.851172820593675,0.5312652785824283,0.8014447532526824,3.293553047698339,3.240477819667709,0.6327386499037857,2018-04-28,9.0,0,True,False
2017-12-15,2017Q4,11,diag3,gaussian_ar1,4.028348727520914,3.9493259927505213,0.5738188546223124,0.7586812980209018,4.584974811729059,4.482971107757605,-0.556626084208145,2018-01-28,6.0,0,True,False
2017-12-15,2018Q1,-2,diag3,gaussian_ar1,3.920565316981306,3.845662628421882,0.5288763758457745,0.8009509995685262,3.293553047698339,3.240477819667709,0.6270122692829672,2018-04-28,6.0,0,True,False
2017-12-22,2017Q4,12,diag3,gaussian_ar1,4.082353344005818,4.0012258875272515,0.5963196670801553,0.7575561783436326,4.584974811729059,4.482971107757605,-0.502621467723241,2018-01-28,6.0,0,True,False
2017-12-22,2018Q1,-1,diag3,gaussian_ar1,4.1422758600490495,4.058781535892642,0.6212724893417498,0.7918986250181893,3.293553047698339,3.240477819667709,0.8487228123507107,2018-04-28,6.0,0,True,False
2017-12-29,2017Q4,13,diag3,gaussian_ar1,4.08413263857117,4.002935379386123,0.5970608045310144,0.7572764483885696,4.584974811729059,4.482971107757605,-0.5008421731578894,2018-01-28,4.0,0,True,False
2017-12-29,2018Q1,0,diag3,gaussian_ar1,4.13909614659187,4.055728249440015,0.6199487597629867,0.7914774973395633,3.293553047698339,3.240477819667709,0.8455430988935309,2018-04-28,4.0,0,True,False
2018-01-05,2017Q4,14,diag3,gaussian_ar1,4.11818947119762,4.035650512037005,0.6112442063948846,0.7563268749602321,4.584974811729059,4.482971107757605,-0.4667853405314393,2018-01-28,13.0,3,True,True
2018-01-05,2018Q1,1,diag3,gaussian_ar1,4.1603913751135035,4.076174990667451,0.6288132919881825,0.7803206591791672,3.293553047698339,3.240477819667709,0.8668383274151648,2018-04-28,13.0,0,True,False
2018-01-05,2018Q2,-12,diag3,gaussian_ar1,3.9372274098049997,3.861694832594549,0.5358270184420051,0.8471626738876072,2.1402669926408935,2.117684921507524,1.7969604171641063,2018-07-28,13.0,0,True,False
2018-01-12,2017Q4,15,diag3,gaussian_ar1,4.121706635305378,4.039028504606014,0.6127087098896647,0.7562505039974143,4.584974811729059,4.482971107757605,-0.46326817642368123,2018-01-28,4.0,0,True,False
2018-01-12,2018Q1,2,diag3,gaussian_ar1,4.164921085297579,4.0805236798702085,0.6306986337718148,0.7801827182468051,3.293553047698339,3.240477819667709,0.8713680375992405,2018-04-28,4.0,0,True,False
2018-01-12,2018Q2,-11,diag3,gaussian_ar1,3.9409893414026342,3.8653141936385547,0.5373961654396769,0.8470694503887456,2.1402669926408935,2.117684921507524,1.8007223487617408,2018-07-28,4.0,0,True,False
2018-01-19,2017Q4,16,diag3,gaussian_ar1,4.105910059524143,4.023856092740311,0.6061308238382197,0.7557270505550135,4.584974811729059,4.482971107757605,-0.4790647522049163,2018-01-28,11.0,0,True,False
2018-01-19,2018Q1,3,diag3,gaussian_ar1,4.201738373011299,4.115862623434979,0.6460195692964414,0.7759868880183775,3.293553047698339,3.240477819667709,0.9081853253129601,2018-04-28,11.0,0,True,False
2018-01-19,2018Q2,-10,diag3,gaussian_ar1,4.001719161298034,3.9237243413752294,0.5627194495332524,0.8422176970999842,2.1402669926408935,2.117684921507524,1.8614521686571406,2018-07-28,11.0,0,True,False
2018-01-26,2017Q4,17,diag3,gaussian_ar1,4.09254940324435,4.0110215536830935,0.600566505113651,0.7555376434957507,4.584974811729059,4.482971107757605,-0.49242540848470906,2018-01-28,4.0,0,True,False
2018-01-26,2018Q1,4,diag3,gaussian_ar1,4.114945728676678,4.0325350208178925,0.6098935084033592,0.7726414814625647,3.293553047698339,3.240477819667709,0.821392680978339,2018-04-28,4.0,0,True,False
2018-01-26,2018Q2,-9,diag3,gaussian_ar1,3.899054413533176,3.8249611147218383,0.5199013889144523,0.8378574569396462,2.1402669926408935,2.117684921507524,1.7587874208922827,2018-07-28,4.0,0,True,False
2018-02-02,2018Q1,5,diag3,gaussian_ar1,4.138294323879088,4.054958292882565,0.6143518766092291,0.7662434872640037,3.293553047698339,3.240477819667709,0.8447412761807493,2018-04-28,10.0,2,True,True
2018-02-02,2018Q2,-8,diag3,gaussian_ar1,3.948698100408543,3.8727303950906866,0.5352405802030215,0.8247333245178099,2.1402669926408935,2.117684921507524,1.8084311077676496,2018-07-28,10.0,0,True,False
2018-02-09,2018Q1,6,diag3,gaussian_ar1,4.227431595919495,4.140516776250699,0.6514957092485784,0.7646715879492958,3.293553047698339,3.240477819667709,0.9338785482211565,2018-04-28,9.0,0,True,False
2018-02-09,2018Q2,-7,diag3,gaussian_ar1,4.0642258197574055,3.983807850327617,0.5834630620061763,0.8232846191003838,2.1402669926408935,2.117684921507524,1.923958827116512,2018-07-28,9.0,0,True,False
2018-02-16,2018Q1,7,diag3,gaussian_ar1,4.159073811923619,4.07491004580142,0.6230136076510346,0.763176551708972,3.293553047698339,3.240477819667709,0.8655207642252805,2018-04-28,8.0,0,True,False
2018-02-16,2018Q2,-6,diag3,gaussian_ar1,3.964274362008302,3.8877138388310533,0.5417454001196933,0.8185761996484834,2.1402669926408935,2.117684921507524,1.8240073693674086,2018-07-28,8.0,0,True,False
2018-02-23,2018Q1,8,diag3,gaussian_ar1,4.217178170528801,4.130678742625884,0.6472246859663151,0.7612370160916246,3.293553047698339,3.240477819667709,0.9236251228304626,2018-04-28,4.0,0,True,False
2018-02-23,2018Q2,-5,diag3,gaussian_ar1,4.198544027743467,4.112797037120706,0.6394616325501785,0.813244394393903,2.1402669926408935,2.117684921507524,2.0582770351025736,2018-07-28,4.0,0,True,False
2018-03-02,2018Q1,9,diag3,gaussian_ar1,4.351068930444635,4.259069118600257,0.7029632924721831,0.7593242576763519,3.293553047698339,3.240477819667709,1.057515882746296,2018-04-28,11.0,11,False,True
2018-03-02,2018Q2,-4,diag3,gaussian_ar1,4.697581781243976,4.590583497643389,0.8468849017383686,0.8024308823897578,2.1402669926408935,2.117684921507524,2.5573147886030823,2018-07-28,11.0,0,True,False
2018-03-09,2018Q1,10,diag3,gaussian_ar1,4.325811262756329,4.23486167617706,0.6924540226184259,0.7581905495519914,3.293553047698339,3.240477819667709,1.0322582150579906,2018-04-28,9.0,0,True,False
2018-03-09,2018Q2,-3,diag3,gaussian_ar1,4.686071466192021,4.579589024211457,0.8421118288058302,0.8006989910667889,2.1402669926408935,2.117684921507524,2.5458044735511276,2018-07-28,9.0,0,True,False
2018-03-16,2018Q1,11,diag3,gaussian_ar1,4.309296324016687,4.219030267009963,0.6855810722177328,0.7578544174272331,3.293553047698339,3.240477819667709,1.0157432763183483,2018-04-28,8.0,0,True,False
2018-03-16,2018Q2,-2,diag3,gaussian_ar1,4.652837633099027,4.547837799830678,0.8283275479482599,0.8002007587949695,2.1402669926408935,2.117684921507524,2.512570640458134,2018-07-28,8.0,0,True,False
2018-03-23,2018Q1,12,diag3,gaussian_ar1,4.246811710363385,4.15910911091262,0.6595672708269407,0.7567342038986457,3.293553047698339,3.240477819667709,0.9532586626650463,2018-04-28,4.0,0,True,False
2018-03-23,2018Q2,-1,diag3,gaussian_ar1,4.579236285867294,4.47748400665833,0.7977845857981108,0.7910887865809858,2.1402669926408935,2.117684921507524,2.4389692932264007,2018-07-28,4.0,0,True,False
2018-03-30,2018Q1,13,diag3,gaussian_ar1,4.219494347744535,4.132901170366502,0.6481895170479435,0.7563916439916504,3.293553047698339,3.240477819667709,0.9259413000461958,2018-04-28,8.0,0,True,False
2018-03-30,2018Q2,0,diag3,gaussian_ar1,4.552118117998938,4.451549905961046,0.7865257151633054,0.7905831043426198,2.1402669926408935,2.117684921507524,2.4118511253580444,2018-07-28,8.0,0,True,False
2018-04-06,2018Q1,14,diag3,gaussian_ar1,4.1458133410915865,4.062178255365605,0.617486306622189,0.7555921243547175,3.293553047698339,3.240477819667709,0.8522602933932477,2018-04-28,10.0,11,False,True
2018-04-06,2018Q2,1,diag3,gaussian_ar1,4.351712630119997,4.25968597638294,0.7032310913080239,0.7796476435132209,2.1402669926408935,2.117684921507524,2.2114456374791036,2018-07-28,10.0,0,True,False
2018-04-06,2018Q3,-12,diag3,gaussian_ar1,4.02653854257542,3.9475858894832587,0.5677378831751896,0.8468520139709624,2.5182268082057035,2.487041930090145,1.508311734369716,2018-10-28,10.0,0,True,False
2018-04-13,2018Q1,15,diag3,gaussian_ar1,4.1301735868015665,4.047159957240996,0.610966355237963,0.7554765267696711,3.293553047698339,3.240477819667709,0.8366205391032278,2018-04-28,6.0,0,True,False
2018-04-13,2018Q2,2,diag3,gaussian_ar1,4.32405741348536,4.233180535151537,0.6917241824151295,0.7792578879731566,2.1402669926408935,2.117684921507524,2.183790420844467,2018-07-28,6.0,0,True,False
2018-04-13,2018Q3,-11,diag3,gaussian_ar1,4.002474212038876,3.9244503370665558,0.5576939570423782,0.8465644480457454,2.5182268082057035,2.487041930090145,1.484247403833172,2018-10-28,6.0,0,True,False
2018-04-20,2018Q1,16,diag3,gaussian_ar1,4.119359276110335,4.036774041313796,0.6064574777097536,0.7550246932759114,3.293553047698339,3.240477819667709,0.825806228411996,2018-04-28,8.0,0,True,False
2018-04-20,2018Q2,3,diag3,gaussian_ar1,4.251512836579341,4.163618620739103,0.6615250016291532,0.7725092079738637,2.1402669926408935,2.117684921507524,2.1112458439384474,2018-07-28,8.0,0,True,False
2018-04-20,2018Q3,-10,diag3,gaussian_ar1,3.918121918656836,3.8433113834664026,0.5224687918172252,0.8379035453894793,2.5182268082057035,2.487041930090145,1.3998951104511326,2018-10-28,8.0,0,True,False
2018-04-27,2018Q1,17,diag3,gaussian_ar1,4.103173934382642,4.021227845125772,0.5997083479139168,0.7548757099854589,3.293553047698339,3.240477819667709,0.8096208866843035,2018-04-28,4.0,0,True,False
2018-04-27,2018Q2,4,diag3,gaussian_ar1,4.202760167007469,4.11684321070957,0.6412182134139122,0.7720541752257094,2.1402669926408935,2.117684921507524,2.0624931743665753,2018-07-28,4.0,0,True,False
2018-04-27,2018Q3,-9,diag3,gaussian_ar1,3.873794710165579,3.8006463848631675,0.5039464722845383,0.8375794656742991,2.5182268082057035,2.487041930090145,1.3555679019598754,2018-10-28,4.0,0,True,False
2018-05-04,2018Q2,5,diag3,gaussian_ar1,3.971663314872753,3.894820790087402,0.5447979572076708,0.7657189818104806,2.1402669926408935,2.117684921507524,1.8313963222318597,2018-07-28,12.0,11,False,True
2018-05-04,2018Q3,-8,diag3,gaussian_ar1,3.5040617528316,3.444066993601831,0.34841557932362427,0.8240608418519122,2.5182268082057035,2.487041930090145,0.9858349446258963,2018-10-28,12.0,0,True,False
2018-05-11,2018Q2,6,diag3,gaussian_ar1,3.8293173081659804,3.75781852133502,0.4851094276314962,0.7646715879492958,2.1402669926408935,2.117684921507524,1.6890503155250869,2018-07-28,7.0,0,True,False
2018-05-11,2018Q3,-7,diag3,gaussian_ar1,3.3777603554193236,3.3219669349147183,0.2952195773116383,0.8232846191003838,2.5182268082057035,2.487041930090145,0.8595335472136201,2018-10-28,7.0,0,True,False
2018-05-18,2018Q2,7,diag3,gaussian_ar1,4.042486666801737,3.9629155371725195,0.5744651690165373,0.762305210168911,2.1402669926408935,2.117684921507524,1.9022196741608433,2018-07-28,12.0,0,True,False
2018-05-18,2018Q3,-6,diag3,gaussian_ar1,3.705153625797797,3.6381625464757743,0.432978253021091,0.8178430013100599,2.5182268082057035,2.487041930090145,1.1869268175920933,2018-10-28,12.0,0,True,False
2018-05-25,2018Q2,8,diag3,gaussian_ar1,4.160485646524825,4.076265496633705,0.6238489673241804,0.7612370160916246,2.1402669926408935,2.117684921507524,2.0202186538839317,2018-07-28,0.0,0,True,False
2018-05-25,2018Q3,-5,diag3,gaussian_ar1,3.9590825369614446,3.8827198591979943,0.5395258783007358,0.813244394393903,2.5182268082057035,2.487041930090145,1.440855728755741,2018-10-28,0.0,0,True,False
2018-06-01,2018Q2,9,diag3,gaussian_ar1,4.251490371754807,4.163597072057135,0.6618971936058686,0.7593242576763519,2.1402669926408935,2.117684921507524,2.1112233791139134,2018-07-28,11.0,11,False,True
2018-06-01,2018Q3,-4,diag3,gaussian_ar1,4.167319918292112,4.082826571619549,0.6267074668359791,0.8024308823897578,2.5182268082057035,2.487041930090145,1.6490931100864081,2018-10-28,11.0,0,True,False
2018-06-08,2018Q2,10,diag3,gaussian_ar1,4.242479684363087,4.15495347685396,0.6581313910930529,0.7581905495519914,2.1402669926408935,2.117684921507524,2.102212691722194,2018-07-28,9.0,0,True,False
2018-06-08,2018Q3,-3,diag3,gaussian_ar1,4.203958066041391,4.117992788846081,0.6420285255025466,0.8006989910667889,2.5182268082057035,2.487041930090145,1.6857312578356876,2018-10-28,9.0,0,True,False
2018-06-15,2018Q2,11,diag3,gaussian_ar1,4.2773326939994805,4.188382444167357,0.6726955725650622,0.7578686377321603,2.1402669926408935,2.117684921507524,2.137065701358587,2018-07-28,6.0,0,True,False
2018-06-15,2018Q3,-2,diag3,gaussian_ar1,4.25368854660555,4.1657055806919985,0.6628158191232396,0.8002207507341347,2.5182268082057035,2.487041930090145,1.735461738399846,2018-10-28,6.0,0,True,False
2018-06-22,2018Q2,12,diag3,gaussian_ar1,4.024710094445139,3.9458281993541924,0.5670206348636706,0.7567342038986457,2.1402669926408935,2.117684921507524,1.8844431018042451,2018-07-28,6.0,0,True,False
2018-06-22,2018Q3,-1,diag3,gaussian_ar1,3.9460700268509896,3.870202122175157,0.5340722071804072,0.7910887865809858,2.5182268082057035,2.487041930090145,1.427843218645286,2018-10-28,6.0,0,True,False
2018-06-29,2018Q2,13,diag3,gaussian_ar1,4.001030493873725,3.923062169913109,0.5571020339966867,0.7564547404331996,2.1402669926408935,2.117684921507524,1.8607635012328316,2018-07-28,4.0,0,True,False
2018-06-29,2018Q3,0,diag3,gaussian_ar1,3.920789627942267,3.845878476669224,0.5234749911824345,0.7906717760724918,2.5182268082057035,2.487041930090145,1.4025628197365636,2018-10-28,4.0,0,True,False
2018-07-06,2018Q2,14,diag3,gaussian_ar1,3.9603547952709706,3.8839436584982208,0.5400590576516477,0.7556678383647008,2.1402669926408935,2.117684921507524,1.820087802630077,2018-07-28,13.0,11,False,True
2018-07-06,2018Q3,1,diag3,gaussian_ar1,4.052478831094697,3.972519002856317,0.5786491635643731,0.7797829253987474,2.5182268082057035,2.487041930090145,1.5342520228889933,2018-10-28,13.0,0,True,False
2018-07-06,2018Q4,-12,diag3,gaussian_ar1,3.9823101917779713,3.905060437577648,0.5492591205711462,0.8469429787534362,0.5677817986818878,0.5661759932739241,3.4145283930960835,2019-01-28,13.0,0,True,False
2018-07-13,2018Q2,15,diag3,gaussian_ar1,3.9308773401121933,3.8555851221101776,0.5277039386207792,0.7555859666399456,2.1402669926408935,2.117684921507524,1.7906103474712998,2018-07-28,6.0,0,True,False
2018-07-13,2018Q3,2,diag3,gaussian_ar1,4.000451921647996,3.9225058544301667,0.5568596609800959,0.7795368654767881,2.5182268082057035,2.487041930090145,1.4822251134422926,2018-10-28,6.0,0,True,False
2018-07-13,2018Q4,-11,diag3,gaussian_ar1,3.9353080871425306,3.85984819839833,0.5295612564406087,0.8467487962822466,0.5677817986818878,0.5661759932739241,3.3675262884606427,2019-01-28,6.0,0,True,False
2018-07-20,2018Q2,16,diag3,gaussian_ar1,3.9064360179554836,3.8320654548526805,0.5174569962343124,0.7550246932759114,2.1402669926408935,2.117684921507524,1.76616902531459,2018-07-28,9.0,0,True,False
2018-07-20,2018Q3,3,diag3,gaussian_ar1,3.9599600650895184,3.883563964785536,0.5398936344100779,0.7725092079738637,2.5182268082057035,2.487041930090145,1.4417332568838148,2018-10-28,9.0,0,True,False
2018-07-20,2018Q4,-10,diag3,gaussian_ar1,3.9004094540499024,3.82626529567737,0.5149300090855975,0.8379035453894793,0.5677817986818878,0.5661759932739241,3.3326276553680145,2019-01-28,9.0,0,True,False
2018-07-27,2018Q2,17,diag3,gaussian_ar1,3.865748445565509,3.792899891844192,0.5003935206635179,0.7548757099854589,2.1402669926408935,2.117684921507524,1.7254814529246154,2018-07-28,4.0,0,True,False
2018-07-27,2018Q3,4,diag3,gaussian_ar1,3.8713404676986363,3.7982836412398644,0.5027390882804683,0.7720541752257094,2.5182268082057035,2.487041930090145,1.3531136594929327,2018-10-28,4.0,0,True,False
2018-07-27,2018Q4,-9,diag3,gaussian_ar1,3.8213764958649588,3.750170280763877,0.4817772767284956,0.8375794656742991,0.5677817986818878,0.5661759932739241,3.253594697183071,2019-01-28,4.0,0,True,False
2018-08-03,2018Q3,5,diag3,gaussian_ar1,3.6321155300981456,3.567709126289279,0.40544294001882997,0.7657189818104806,2.5182268082057035,2.487041930090145,1.113888721892442,2018-10-28,12.0,11,False,True
2018-08-03,2018Q4,-8,diag3,gaussian_ar1,3.3668386607543344,3.3114015370981704,0.2933760055028775,0.8240608418519122,0.5677817986818878,0.5661759932739241,2.7990568620724465,2019-01-28,12.0,0,True,False
2018-08-10,2018Q3,6,diag3,gaussian_ar1,3.4596395063044127,3.40113942037126,0.3326126489440792,0.7646715879492958,2.5182268082057035,2.487041930090145,0.9414126980987092,2018-10-28,7.0,0,True,False
2018-08-10,2018Q4,-7,diag3,gaussian_ar1,3.214959382013638,3.164361180644382,0.2290846513142883,0.8232846191003838,0.5677817986818878,0.5661759932739241,2.64717758333175,2019-01-28,7.0,0,True,False
2018-08-17,2018Q3,7,diag3,gaussian_ar1,3.522374720565713,3.4617584228645253,0.359117466083028,0.7623208296757411,2.5182268082057035,2.487041930090145,1.0041479123600094,2018-10-28,10.0,0,True,False
2018-08-17,2018Q4,-6,diag3,gaussian_ar1,3.4202528538936905,3.3630625899579716,0.3159640835466677,0.8178680742794432,0.5677817986818878,0.5661759932739241,2.8524710552118027,2019-01-28,10.0,0,True,False
2018-08-24,2018Q3,8,diag3,gaussian_ar1,3.3861931910591947,3.330123903767276,0.30156210036691167,0.7612370160916246,2.5182268082057035,2.487041930090145,0.8679663828534911,2018-10-28,2.0,0,True,False
2018-08-24,2018Q4,-5,diag3,gaussian_ar1,3.1289459713066403,3.080992189889246,0.19263271769381865,0.813244394393903,0.5677817986818878,0.5661759932739241,2.5611641726247525,2019-01-28,2.0,0,True,False
2018-08-31,2018Q3,9,diag3,gaussian_ar1,3.457186066202178,3.3987679939823683,0.33157577568304136,0.7607291780048439,2.5182268082057035,2.487041930090145,0.9389592579964745,2018-10-28,8.0,0,True,False
2018-08-31,2018Q4,-4,diag3,gaussian_ar1,3.213550078352867,3.1629957649229894,0.22848764224905035,0.8128297957571774,0.5677817986818878,0.5661759932739241,2.645768279670979,2019-01-28,8.0,0,True,False
2018-09-07,2018Q3,10,diag3,gaussian_ar1,3.676224187746868,3.610262801046765,0.4240489434442868,0.7582784363258805,2.5182268082057035,2.487041930090145,1.1579973795411647,2018-10-28,12.0,3,True,True
2018-09-07,2018Q4,-3,diag3,gaussian_ar1,3.8900479571545965,3.8162922708975175,0.5141324683956489,0.8006192509294068,0.5677817986818878,0.5661759932739241,3.3222661584727087,2019-01-28,12.0,0,True,False
2018-09-14,2018Q3,11,diag3,gaussian_ar1,3.7034470627146376,3.636516941541812,0.4355282018342414,0.7579568234973222,2.5182268082057035,2.487041930090145,1.185220254508934,2018-10-28,6.0,0,True,False
2018-09-14,2018Q4,-2,diag3,gaussian_ar1,3.9025234939017883,3.828299954016382,0.519382661111428,0.8001293445553376,0.5677817986818878,0.5661759932739241,3.3347416952199005,2019-01-28,6.0,0,True,False
2018-09-21,2018Q3,12,diag3,gaussian_ar1,3.768405147685905,3.69913564032121,0.46290735840830805,0.7568127649676151,2.5182268082057035,2.487041930090145,1.2501783394802013,2018-10-28,6.0,0,True,False
2018-09-21,2018Q4,-1,diag3,gaussian_ar1,4.0373752205606905,3.958002571356705,0.5760933296089876,0.7909950512365758,0.5677817986818878,0.5661759932739241,3.4695934218788027,2019-01-28,6.0,0,True,False
2018-09-28,2018Q3,13,diag3,gaussian_ar1,3.698944095091261,3.6321746891705233,0.4336296122775268,0.7565295373154083,2.5182268082057035,2.487041930090145,1.1807172868855575,2018-10-28,4.0,0,True,False
2018-09-28,2018Q4,0,diag3,gaussian_ar1,3.927814743124869,3.8526383153571393,0.5300242716669648,0.7905769657903087,0.5677817986818878,0.5661759932739241,3.360032944442981,2019-01-28,4.0,0,True,False
2018-10-05,2018Q3,14,diag3,gaussian_ar1,3.6064445528748434,3.5429348011402118,0.3946107103415133,0.7556734193909392,2.5182268082057035,2.487041930090145,1.08821774466914,2018-10-28,13.0,2,True,True
2018-10-05,2018Q4,1,diag3,gaussian_ar1,3.8081568284189293,3.7374363818312712,0.47965382582375427,0.7796103710797669,0.5677817986818878,0.5661759932739241,3.2403750297370415,2019-01-28,13.0,0,True,False
2018-10-05,2019Q1,-12,diag3,gaussian_ar1,3.772070813619388,3.7026681232423226,0.4644518875166673,0.8462842548514786,2.520756202743435,2.489509162906772,1.2513146108759532,2019-04-28,13.0,0,True,False
2018-10-12,2018Q3,15,diag3,gaussian_ar1,3.619881826064475,3.555903494301234,0.4002810913545004,0.7555984935519242,2.5182268082057035,2.487041930090145,1.1016550178587714,2018-10-28,4.0,0,True,False
2018-10-12,2018Q4,2,diag3,gaussian_ar1,3.8263316956491433,3.754942979512432,0.4873083425788899,0.7794746126192064,0.5677817986818878,0.5661759932739241,3.2585498969672555,2019-01-28,4.0,0,True,False
2018-10-12,2019Q1,-11,diag3,gaussian_ar1,3.7875543970427916,3.717587771932563,0.47097529674558225,0.846192250848169,2.520756202743435,2.489509162906772,1.2667981942993567,2019-04-28,4.0,0,True,False
2018-10-19,2018Q3,16,diag3,gaussian_ar1,3.5577016209265233,3.495877495377561,0.37403555679243894,0.7550626579738963,2.5182268082057035,2.487041930090145,1.0394748127208198,2018-10-28,11.0,0,True,False
2018-10-19,2018Q4,3,diag3,gaussian_ar1,3.781772340624534,3.712016566870025,0.46853936468875607,0.7752009736196616,0.5677817986818878,0.5661759932739241,3.213990541942646,2019-01-28,11.0,0,True,False
2018-10-19,2019Q1,-10,diag3,gaussian_ar1,3.7741421646205975,3.704664161591134,0.46532462756948245,0.8412272886929916,2.520756202743435,2.489509162906772,1.2533859618771626,2019-04-28,11.0,0,True,False
2018-10-26,2018Q3,17,diag3,gaussian_ar1,3.5827699985098382,3.52008172500948,0.38461852012071873,0.7548670798125624,2.5182268082057035,2.487041930090145,1.0645431903041347,2018-10-28,4.0,0,True,False
2018-10-26,2018Q4,4,diag3,gaussian_ar1,3.851348958513312,3.779035373944396,0.49784240751883296,0.7719013165229516,0.5677817986818878,0.5661759932739241,3.283567159831424,2019-01-28,4.0,0,True,False
2018-10-26,2019Q1,-9,diag3,gaussian_ar1,3.8401331787985216,3.7682349505372668,0.49312007234908184,0.8369266710970208,2.520756202743435,2.489509162906772,1.3193769760550866,2019-04-28,4.0,0,True,False
2018-11-02,2018Q4,5,diag3,gaussian_ar1,3.635762040245294,3.5712277710404687,0.4090003274355244,0.766216324179354,0.5677817986818878,0.5661759932739241,3.067980241563406,2019-01-28,10.0,11,False,True
2018-11-02,2019Q1,-8,diag3,gaussian_ar1,3.470527833551773,3.4116630935479466,0.3389722705960657,0.8242079825102846,2.520756202743435,2.489509162906772,0.9497716308083382,2019-04-28,10.0,0,True,False
2018-11-09,2018Q4,6,diag3,gaussian_ar1,3.6582762512368694,3.5929497764253626,0.41853345125505936,0.7646341974119729,0.5677817986818878,0.5661759932739241,3.0904944525549816,2019-01-28,9.0,0,True,False
2018-11-09,2019Q1,-7,diag3,gaussian_ar1,3.4987661738553832,3.4389505620724603,0.35094790597394654,0.8227718736224017,2.520756202743435,2.489509162906772,0.9780099711119483,2019-04-28,9.0,0,True,False
2018-11-16,2018Q4,7,diag3,gaussian_ar1,3.7045262406839363,3.6375575746014834,0.4381104495935975,0.763115839996847,0.5677817986818878,0.5661759932739241,3.1367444420020485,2019-01-28,8.0,0,True,False
2018-11-16,2019Q1,-6,diag3,gaussian_ar1,3.565823385293876,3.5037199308240212,0.3793732010183509,0.8179913505053013,2.520756202743435,2.489509162906772,1.045067182550441,2019-04-28,8.0,0,True,False
2018-11-23,2018Q4,8,diag3,gaussian_ar1,3.5353823536092177,3.4743226786011006,0.36647164610067773,0.7611977188284813,0.5677817986818878,0.5661759932739241,2.96760055492733,2019-01-28,4.0,0,True,False
2018-11-23,2019Q1,-5,diag3,gaussian_ar1,3.358625457063491,3.303455536125136,0.2914832830535774,0.8127577002852187,2.520756202743435,2.489509162906772,0.8378692543200561,2019-04-28,4.0,0,True,False
2018-11-30,2018Q4,9,diag3,gaussian_ar1,3.461309620116082,3.402753673368604,0.33506219856427266,0.7606866010379756,0.5677817986818878,0.5661759932739241,2.893527821434194,2019-01-28,8.0,0,True,False
2018-11-30,2019Q1,-4,diag3,gaussian_ar1,3.2873082674196086,3.2344319737545106,0.26119095253964775,0.8123419194307523,2.520756202743435,2.489509162906772,0.7665520646761737,2019-04-28,8.0,0,True,False
2018-12-07,2018Q4,10,diag3,gaussian_ar1,3.510398789650515,3.45018930680091,0.3558802473104866,0.7584187314439256,0.5677817986818878,0.5661759932739241,2.9426169909686273,2019-01-28,12.0,2,True,True
2018-12-07,2019Q1,-3,diag3,gaussian_ar1,3.5383987585097865,3.47723604106021,0.3677502317819604,0.8003431947491143,2.520756202743435,2.489509162906772,1.0176425557663515,2019-04-28,12.0,0,True,False
2018-12-14,2018Q4,11,diag3,gaussian_ar1,3.4874206155429244,3.4279879384309417,0.3461367457375976,0.75809392155806,0.5677817986818878,0.5661759932739241,2.9196388168610365,2019-01-28,6.0,0,True,False
2018-12-14,2019Q1,-2,diag3,gaussian_ar1,3.468822896789292,3.4100153288705126,0.33824911707422933,0.7998461966811687,2.520756202743435,2.489509162906772,0.9480666940458571,2019-04-28,6.0,0,True,False
2018-12-21,2018Q4,12,diag3,gaussian_ar1,3.3904993932785787,3.3342889788211396,0.3050151380455641,0.7569510395708763,0.5677817986818878,0.5661759932739241,2.822717594596691,2019-01-28,6.0,0,True,False
2018-12-21,2019Q1,-1,diag3,gaussian_ar1,3.2423970156265858,3.1909406489212278,0.2421039402051589,0.7907979762373708,2.520756202743435,2.489509162906772,0.7216408128831509,2019-04-28,6.0,0,True,False
2018-12-28,2018Q4,13,diag3,gaussian_ar1,3.3806208013237526,3.3247338804562907,0.3008216976055167,0.756662509382865,0.5677817986818878,0.5661759932739241,2.812839002641865,2019-01-28,4.0,0,True,False
2018-12-28,2019Q1,0,diag3,gaussian_ar1,3.239357693357081,3.187996735281983,0.2408119465452891,0.7903770467069777,2.520756202743435,2.489509162906772,0.7186014906136462,2019-04-28,4.0,0,True,False
2019-01-04,2018Q4,14,diag3,gaussian_ar1,3.210743339451727,3.16027637675909,0.22864632898658915,0.7561466295195405,0.5677817986818878,0.5661759932739241,2.6429615407698392,2019-01-28,11.0,11,False,True
2019-01-04,2019Q1,1,diag3,gaussian_ar1,2.576001157961061,2.5433812545620795,-0.042090073079723705,0.7809688933728222,2.520756202743435,2.489509162906772,0.05524495521762596,2019-04-28,11.0,0,True,False
2019-01-04,2019Q2,-12,diag3,gaussian_ar1,2.548791088604907,2.5168509953791443,-0.05373339243600933,0.8469803470576355,3.3826649590035895,3.326711173158321,-0.8338738703986825,2019-07-28,11.0,0,True,False
2019-01-11,2018Q4,15,diag3,gaussian_ar1,3.2089774243746927,3.1585653822179323,0.22789542581138114,0.7558188538073968,0.5677817986818878,0.5661759932739241,2.641195625692805,2019-01-28,6.0,0,True,False
2019-01-11,2019Q1,2,diag3,gaussian_ar1,2.576250302934535,2.5436241424384827,-0.04198347701923178,0.7795884603748685,2.520756202743435,2.489509162906772,0.05549410019110024,2019-04-28,6.0,0,True,False
2019-01-11,2019Q2,-11,diag3,gaussian_ar1,2.5498238603110845,2.5178580930686465,-0.05329140806107369,0.8459021533624121,3.3826649590035895,3.326711173158321,-0.832841098692505,2019-07-28,6.0,0,True,False
2019-01-18,2018Q4,16,diag3,gaussian_ar1,3.100075987832729,3.0529942064936675,0.18156346556551928,0.7552817711136519,0.5677817986818878,0.5661759932739241,2.532294189150841,2019-01-28,11.0,0,True,False
2019-01-18,2019Q1,3,diag3,gaussian_ar1,2.403506006476186,2.37507643756914,-0.11595390983826066,0.7753138033253953,2.520756202743435,2.489509162906772,-0.11725019626724897,2019-04-28,11.0,0,True,False
2019-01-18,2019Q2,-10,diag3,gaussian_ar1,2.402868844247341,2.3744542281976524,-0.11622697850181009,0.840939914109769,3.3826649590035895,3.326711173158321,-0.9797961147562484,2019-07-28,11.0,0,True,False
2019-01-25,2018Q4,17,diag3,gaussian_ar1,3.10579320860207,3.05853936463401,0.1839970658806887,0.7552404313419244,0.5677817986818878,0.5661759932739241,2.5380114099201823,2019-01-28,0.0,0,True,False
2019-01-25,2019Q1,4,diag3,gaussian_ar1,2.450894473184273,2.421341948529522,-0.09564939205805174,0.7724944351435512,2.520756202743435,2.489509162906772,-0.06986172955916192,2019-04-28,0.0,0,True,False
2019-01-25,2019Q2,-9,diag3,gaussian_ar1,2.4612152079444005,2.431415276831029,-0.09122851634830377,0.8369998565259292,3.3826649590035895,3.326711173158321,-0.921449751059189,2019-07-28,0.0,0,True,False
2019-02-01,2019Q1,5,diag3,gaussian_ar1,2.501762908311944,2.4709811547951053,-0.06721877817485544,0.7684989822184906,2.520756202743435,2.489509162906772,-0.01899329443149078,2019-04-28,13.0,3,True,True
2019-02-01,2019Q2,-8,diag3,gaussian_ar1,2.3149466893773285,2.288558274250837,-0.14733152432223673,0.8258588864224479,3.3826649590035895,3.326711173158321,-1.067718269626261,2019-07-28,13.0,0,True,False
2019-02-08,2019Q1,6,diag3,gaussian_ar1,2.5894422808262485,2.556483970749702,-0.029669401862959077,0.7668541249084908,2.520756202743435,2.489509162906772,0.06868607808281357,2019-04-28,10.0,0,True,False
2019-02-08,2019Q2,-7,diag3,gaussian_ar1,2.397559326642318,2.369269163250648,-0.11188656839083289,0.8243445560311973,3.3826649590035895,3.326711173158321,-0.9851056323612717,2019-07-28,10.0,0,True,False
2019-02-15,2019Q1,7,diag3,gaussian_ar1,2.661120435371056,2.6263285124748195,0.0010034941263500352,0.7653344255709277,2.520756202743435,2.489509162906772,0.1403642326276211,2019-04-28,6.0,0,True,False
2019-02-15,2019Q2,-6,diag3,gaussian_ar1,2.437772547574979,2.408533113548031,-0.09464343050411217,0.8195468932253445,3.3826649590035895,3.326711173158321,-0.9448924114286106,2019-07-28,6.0,0,True,False
2019-02-22,2019Q1,8,diag3,gaussian_ar1,2.382380875165535,2.354445004703069,-0.11839673886411684,0.7634055913500989,2.520756202743435,2.489509162906772,-0.13837532757789983,2019-04-28,6.0,0,True,False
2019-02-22,2019Q2,-5,diag3,gaussian_ar1,2.06353459957469,2.042532161295028,-0.25537623600560844,0.814377254122262,3.3826649590035895,3.326711173158321,-1.3191303594288994,2019-07-28,6.0,0,True,False
2019-03-01,2019Q1,9,diag3,gaussian_ar1,2.29637367982245,2.2704038441123924,-0.15530421529604588,0.7621903283475467,2.520756202743435,2.489509162906772,-0.22438252292098504,2019-04-28,7.0,12,False,True
2019-03-01,2019Q2,-4,diag3,gaussian_ar1,1.8088372246206186,1.7926724032697687,-0.36510452944885435,0.8047505217760774,3.3826649590035895,3.326711173158321,-1.573827734382971,2019-07-28,7.0,0,True,False
2019-03-08,2019Q1,10,diag3,gaussian_ar1,2.2405231942459913,2.215792194265241,-0.17928744167555033,0.761078420065275,2.520756202743435,2.489509162906772,-0.2802330084974436,2019-04-28,12.0,0,True,False
2019-03-08,2019Q2,-3,diag3,gaussian_ar1,1.8305330181902058,1.8139804574302185,-0.3557468944375131,0.8030151712006084,3.3826649590035895,3.326711173158321,-1.5521319408133838,2019-07-28,12.0,0,True,False
2019-03-15,2019Q1,11,diag3,gaussian_ar1,2.286091294433934,2.2603517749886213,-0.15971867722958155,0.7608418704764089,2.520756202743435,2.489509162906772,-0.23466490830950093,2019-04-28,6.0,0,True,False
2019-03-15,2019Q2,-2,diag3,gaussian_ar1,1.9140536624828064,1.8959660947731352,-0.31974212062521457,0.8025868408533542,3.3826649590035895,3.326711173158321,-1.4686112965207831,2019-07-28,6.0,0,True,False
2019-03-22,2019Q1,12,diag3,gaussian_ar1,2.2434752103574818,2.2186794775096437,-0.17801946372824318,0.7594631828199192,2.520756202743435,2.489509162906772,-0.27728099238595316,2019-04-28,7.0,0,True,False
2019-03-22,2019Q2,-1,diag3,gaussian_ar1,2.0014712598747986,1.981705130857265,-0.282089005992688,0.7932794273309631,3.3826649590035895,3.326711173158321,-1.381193699128791,2019-07-28,7.0,0,True,False
2019-03-29,2019Q1,13,diag3,gaussian_ar1,2.2387592314974114,2.2140668725331905,-0.1800451331533406,0.7591673619512171,2.520756202743435,2.489509162906772,-0.2819969712460235,2019-04-28,4.0,0,True,False
2019-03-29,2019Q2,0,diag3,gaussian_ar1,2.000007464535125,1.9802700477894004,-0.2827192363956573,0.7928500639001059,3.3826649590035895,3.326711173158321,-1.3826574944684644,2019-07-28,4.0,0,True,False
2019-04-05,2019Q1,14,diag3,gaussian_ar1,2.291521895424653,2.2656608612638216,-0.15738714140594645,0.758721638527469,2.520756202743435,2.489509162906772,-0.22923430731878192,2019-04-28,13.0,3,True,True
2019-04-05,2019Q2,1,diag3,gaussian_ar1,2.3501524197723,2.3229615319586383,-0.13222300589973968,0.7827957796078266,3.3826649590035895,3.326711173158321,-1.0325125392312895,2019-07-28,13.0,0,True,False
2019-04-05,2019Q3,-12,diag3,gaussian_ar1,2.7174669314999678,2.6811993714724007,0.025100554674054976,0.849076715957197,4.762784209178728,4.652841032363623,-2.04531727767876,2019-10-28,13.0,0,True,False
2019-04-12,2019Q1,15,diag3,gaussian_ar1,2.295789378504076,2.2698326576997454,-0.15555505725152152,0.7586440260852252,2.520756202743435,2.489509162906772,-0.22496682423935876,2019-04-28,4.0,0,True,False
2019-04-12,2019Q2,2,diag3,gaussian_ar1,2.357413062786029,2.330055205316188,-0.12910775165504051,0.782654840701383,3.3826649590035895,3.326711173158321,-1.0252518962175605,2019-07-28,4.0,0,True,False
2019-04-12,2019Q3,-11,diag3,gaussian_ar1,2.7239585115971465,2.6875190122998,0.027875885158024583,0.8489826927904256,4.762784209178728,4.652841032363623,-2.038825697581581,2019-10-28,4.0,0,True,False
2019-04-19,2019Q1,16,diag3,gaussian_ar1,2.2896362453925123,2.263817436337157,-0.15819669902695888,0.7580530304355786,2.520756202743435,2.489509162906772,-0.2311199573509226,2019-04-28,11.0,0,True,False
2019-04-19,2019Q2,3,diag3,gaussian_ar1,2.308726807694139,2.2824789369202145,-0.150001323235944,0.7754265121561281,3.3826649590035895,3.326711173158321,-1.0739381513094504,2019-07-28,11.0,0,True,False
2019-04-19,2019Q3,-10,diag3,gaussian_ar1,2.663976036382776,2.6291100536122363,0.0022250344198457006,0.8399771549793947,4.762784209178728,4.652841032363623,-2.0988081727959518,2019-10-28,11.0,0,True,False
2019-04-26,2019Q1,17,diag3,gaussian_ar1,2.2848153129692905,2.2591043038933125,-0.1602665160472042,0.7578922544381077,2.520756202743435,2.489509162906772,-0.2359408897741444,2019-04-28,4.0,0,True,False
2019-04-26,2019Q2,4,diag3,gaussian_ar1,2.293893763931232,2.2679795685861794,-0.15636885899229355,0.7749484079231289,3.3826649590035895,3.326711173158321,-1.0887711950723578,2019-07-28,4.0,0,True,False
2019-04-26,2019Q3,-9,diag3,gaussian_ar1,2.650482593702863,2.615965881702119,-0.0035473539143975052,0.8396422576624691,4.762784209178728,4.652841032363623,-2.1123016154758645,2019-10-28,4.0,0,True,False
2019-05-03,2019Q2,5,diag3,gaussian_ar1,2.0465721128954284,2.025911243309631,-0.2632103196334876,0.7690146445084501,3.3826649590035895,3.326711173158321,-1.3360928461081611,2019-07-28,11.0,2,True,True
2019-05-03,2019Q3,-8,diag3,gaussian_ar1,2.2908104231088577,2.264965324843119,-0.15784068621527264,0.8272782759459711,4.762784209178728,4.652841032363623,-2.47197378606987,2019-10-28,11.0,0,True,False
2019-05-10,2019Q2,6,diag3,gaussian_ar1,2.102117273264459,2.080327621790128,-0.23922481051498484,0.7679012475892052,3.3826649590035895,3.326711173158321,-1.2805476857391307,2019-07-28,8.0,0,True,False
2019-05-10,2019Q3,-7,diag3,gaussian_ar1,2.3462880114734075,2.3191857864779464,-0.1339415328120802,0.8264809720394412,4.762784209178728,4.652841032363623,-2.41649619770532,2019-10-28,8.0,0,True,False
2019-05-17,2019Q2,7,diag3,gaussian_ar1,2.107070422802737,2.0851786763338644,-0.23708657536883565,0.7654288689889328,3.3826649590035895,3.326711173158321,-1.2755945362008525,2019-07-28,10.0,0,True,False
2019-05-17,2019Q3,-6,diag3,gaussian_ar1,2.5623645818362295,2.5300862513619427,-0.04098137697619361,0.8207830091439354,4.762784209178728,4.652841032363623,-2.200419627342498,2019-10-28,10.0,0,True,False
2019-05-24,2019Q2,8,diag3,gaussian_ar1,2.198836468579679,2.1750106869147836,-0.19749065647294078,0.764368251108087,3.3826649590035895,3.326711173158321,-1.1838284904239105,2019-07-28,2.0,0,True,False
2019-05-24,2019Q3,-5,diag3,gaussian_ar1,2.756610519514169,2.719300127512609,0.04241982094412827,0.8162429910749417,4.762784209178728,4.652841032363623,-2.006173689664559,2019-10-28,2.0,0,True,False
2019-05-31,2019Q2,9,diag3,gaussian_ar1,2.1866473168900447,2.1630830769120255,-0.20274807724352067,0.7638359055661593,3.3826649590035895,3.326711173158321,-1.1960176421135449,2019-07-28,8.0,0,True,False
2019-05-31,2019Q3,-4,diag3,gaussian_ar1,2.750379754046106,2.7132363284547907,0.03974703543992217,0.8158122581985094,4.762784209178728,4.652841032363623,-2.0124044551326215,2019-10-28,8.0,0,True,False
2019-06-07,2019Q2,10,diag3,gaussian_ar1,2.0920710232834594,2.070487723727478,-0.24356201507172354,0.7613098020993786,3.3826649590035895,3.326711173158321,-1.2905939357201301,2019-07-28,12.0,2,True,True
2019-06-07,2019Q3,-3,diag3,gaussian_ar1,2.549422299622517,2.5174665161164334,-0.04654387090277384,0.8037896688540667,4.762784209178728,4.652841032363623,-2.2133619095562107,2019-10-28,12.0,0,True,False
2019-06-14,2019Q2,11,diag3,gaussian_ar1,2.1631351807533283,2.1400714192013206,-0.21289109560057273,0.7609700029970925,3.3826649590035895,3.326711173158321,-1.2195297782502612,2019-07-28,6.0,0,True,False
2019-06-14,2019Q3,-2,diag3,gaussian_ar1,2.616498801683509,2.5828540854464914,-0.017722508948946974,0.8032346458358334,4.762784209178728,4.652841032363623,-2.1462854074952187,2019-10-28,6.0,0,True,False
2019-06-21,2019Q2,12,diag3,gaussian_ar1,1.9979680636464492,1.9782706153112364,-0.284209231159293,0.7598031699541633,3.3826649590035895,3.326711173158321,-1.3846968953571404,2019-07-28,6.0,0,True,False
2019-06-21,2019Q3,-1,diag3,gaussian_ar1,1.955494477928954,1.9366203429381121,-0.3025677293851855,0.7940299247671645,4.762784209178728,4.652841032363623,-2.8072897312497735,2019-10-28,6.0,0,True,False
2019-06-28,2019Q2,13,diag3,gaussian_ar1,1.9722980150230107,1.9531002321446516,-0.2953037668821123,0.7595005597079688,3.3826649590035895,3.326711173158321,-1.4103669439805788,2019-07-28,4.0,0,True,False
2019-06-28,2019Q3,0,diag3,gaussian_ar1,1.932931804838911,1.9144879702541813,-0.31232317878567784,0.7935902495024258,4.762784209178728,4.652841032363623,-2.8298524043398166,2019-10-28,4.0,0,True,False
2019-07-05,2019Q2,14,diag3,gaussian_ar1,2.097330913563633,2.075639695604034,-0.2412911423699009,0.7586939024260007,3.3826649590035895,3.326711173158321,-1.2853340454399564,2019-07-28,13.0,2,True,True
2019-07-05,2019Q3,1,diag3,gaussian_ar1,2.306540096362064,2.2803415486742207,-0.15106319445254535,0.7829180288184978,4.762784209178728,4.652841032363623,-2.4562441128166634,2019-10-28,13.0,0,True,False
2019-07-05,2019Q4,-12,diag3,gaussian_ar1,2.18840857589071,2.1648066326493285,-0.2019883728492243,0.8494567311678644,2.755535957854649,2.718254387221374,-0.5671273819639389,2020-01-28,13.0,0,True,False
2019-07-12,2019Q2,15,diag3,gaussian_ar1,2.082422303754483,2.0610362791528622,-0.24772799811502208,0.758616074606402,3.3826649590035895,3.326711173158321,-1.3002426552491064,2019-07-28,4.0,0,True,False
2019-07-12,2019Q3,2,diag3,gaussian_ar1,2.2870280651914543,2.261267604752047,-0.15947055761499976,0.7827769598589454,4.762784209178728,4.652841032363623,-2.4757561439872733,2019-10-28,4.0,0,True,False
2019-07-12,2019Q4,-11,diag3,gaussian_ar1,2.1720701914231144,2.1488168633935865,-0.20903630156105157,0.8493627647186517,2.755535957854649,2.718254387221374,-0.5834657664315346,2020-01-28,4.0,0,True,False
2019-07-19,2019Q2,16,diag3,gaussian_ar1,2.058758919488257,2.0378529270918726,-0.2579466954591614,0.7580617439914126,3.3826649590035895,3.326711173158321,-1.3239060395153324,2019-07-28,11.0,0,True,False
2019-07-19,2019Q3,3,diag3,gaussian_ar1,2.21279562322958,2.188668573727537,-0.1914705688112052,0.7783601064717519,4.762784209178728,4.652841032363623,-2.549988585949148,2019-10-28,11.0,0,True,False
2019-07-19,2019Q4,-10,diag3,gaussian_ar1,2.094135218133064,2.0725095986500595,-0.24267081832643783,0.8442871297933944,2.755535957854649,2.718254387221374,-0.6614007397215849,2020-01-28,11.0,0,True,False
2019-07-26,2019Q2,17,diag3,gaussian_ar1,2.1013598278848855,2.0795857682327483,-0.23955180278756866,0.7578604757579136,3.3826649590035895,3.326711173158321,-1.281305131118704,2019-07-28,4.0,0,True,False
2019-07-26,2019Q3,4,diag3,gaussian_ar1,2.548826260638548,2.516885293226266,-0.04680006080958635,0.7750375262293387,4.762784209178728,4.652841032363623,-2.2139579485401795,2019-10-28,4.0,0,True,False
2019-07-26,2019Q4,-9,diag3,gaussian_ar1,2.501134496906765,2.4703680791623857,-0.06730379687677865,0.8400072349367429,2.755535957854649,2.718254387221374,-0.25440146094788396,2020-01-28,4.0,0,True,False
2019-08-02,2019Q3,5,diag3,gaussian_ar1,2.2876709899558145,2.2618961524339554,-0.16197657947953947,0.7698469680819248,4.762784209178728,4.652841032363623,-2.475113219222913,2019-10-28,10.0,2,True,True
2019-08-02,2019Q4,-8,diag3,gaussian_ar1,2.274959678820321,2.2494683584519586,-0.16747264315588434,0.8280646749420724,2.755535957854649,2.718254387221374,-0.4805762790343282,2020-01-28,10.0,0,True,False
2019-08-09,2019Q3,6,diag3,gaussian_ar1,2.1461911679886425,2.1234847923386626,-0.22318757555134608,0.7682096103698883,4.762784209178728,4.652841032363623,-2.616593041190085,2019-10-28,9.0,0,True,False
2019-08-09,2019Q4,-7,diag3,gaussian_ar1,2.1477482685547056,2.1250091650835374,-0.2225134374312218,0.82658611481937,2.755535957854649,2.718254387221374,-0.6077876892999434,2020-01-28,9.0,0,True,False
2019-08-16,2019Q3,7,diag3,gaussian_ar1,2.181267507174778,2.157818248799319,-0.20800395863509086,0.7676879049225797,4.762784209178728,4.652841032363623,-2.58151670200395,2019-10-28,8.0,0,True,False
2019-08-16,2019Q4,-6,diag3,gaussian_ar1,2.1959435497098223,2.172179969936794,-0.20165263562572863,0.8260671914118864,2.755535957854649,2.718254387221374,-0.5595924081448267,2020-01-28,8.0,0,True,False
2019-08-23,2019Q3,8,diag3,gaussian_ar1,2.0922009065733382,2.0706149453676628,-0.24656871993885035,0.7646849991383893,4.762784209178728,4.652841032363623,-2.6705833026053893,2019-10-28,4.0,0,True,False
2019-08-23,2019Q4,-5,diag3,gaussian_ar1,2.136072967175817,2.1135786941622667,-0.2275684452729125,0.8164761467224683,2.755535957854649,2.718254387221374,-0.6194629906788318,2020-01-28,4.0,0,True,False
2019-08-30,2019Q3,9,diag3,gaussian_ar1,2.1244989255242652,2.1022460698024235,-0.2325801814822528,0.7641492949564217,4.762784209178728,4.652841032363623,-2.6382852836544624,2019-10-28,8.0,0,True,False
2019-08-30,2019Q4,-4,diag3,gaussian_ar1,2.167473878274606,2.1443181618131324,-0.21397423283015402,0.8160424699047591,2.755535957854649,2.718254387221374,-0.5880620795800429,2020-01-28,8.0,0,True,False
2019-09-06,2019Q3,10,diag3,gaussian_ar1,2.0638853905680987,2.0428758593571743,-0.25883604455479614,0.7619088630097697,4.762784209178728,4.652841032363623,-2.698898818610629,2019-10-28,10.0,2,True,True
2019-09-06,2019Q4,-3,diag3,gaussian_ar1,1.8803770628971872,1.862916516556207,-0.3384212073455598,0.8044139760252077,2.755535957854649,2.718254387221374,-0.8751588949574618,2020-01-28,10.0,0,True,False
2019-09-13,2019Q3,11,diag3,gaussian_ar1,2.082264652277366,2.0608818435553395,-0.25087308380313456,0.7616423121836695,4.762784209178728,4.652841032363623,-2.680519556901362,2019-10-28,6.0,0,True,False
2019-09-13,2019Q4,-2,diag3,gaussian_ar1,1.8819254745753522,1.8644363380922961,-0.337749081950568,0.803982638224059,2.755535957854649,2.718254387221374,-0.8736104832792968,2020-01-28,6.0,0,True,False
2019-09-20,2019Q3,12,diag3,gaussian_ar1,2.2486172356998457,2.2237085476139624,-0.17886465374612417,0.7603889930104761,4.762784209178728,4.652841032363623,-2.514166973478882,2019-10-28,8.0,0,True,False
2019-09-20,2019Q4,-1,diag3,gaussian_ar1,2.061608477002541,2.0406449635268644,-0.25982263522056004,0.7947044722499509,2.755535957854649,2.718254387221374,-0.6939274808521079,2020-01-28,8.0,0,True,False
2019-09-27,2019Q3,13,diag3,gaussian_ar1,2.255401177967653,2.230343079612815,-0.1759306004152383,0.760086860881106,4.762784209178728,4.652841032363623,-2.5073830312110745,2019-10-28,4.0,0,True,False
2019-09-27,2019Q4,0,diag3,gaussian_ar1,2.0754744447071927,2.054229920779636,-0.25381482802566957,0.7942637222761373,2.755535957854649,2.718254387221374,-0.6800615131474563,2020-01-28,4.0,0,True,False
2019-10-04,2019Q3,14,diag3,gaussian_ar1,2.229798421204743,2.2053018962441566,-0.18700480542093315,0.7599710971137051,4.762784209178728,4.652841032363623,-2.5329857879739848,2019-10-28,9.0,2,True,True
2019-10-04,2019Q4,1,diag3,gaussian_ar1,1.827019417348108,1.8105299584917662,-0.3615886222000216,0.7846964609337391,2.755535957854649,2.718254387221374,-0.928516540506541,2020-01-28,9.0,0,True,False
2019-10-04,2020Q1,-12,diag3,gaussian_ar1,1.8415937529374427,1.8248417715761236,-0.35525937051227074,0.8509738289168766,-5.16223383893778,-5.300247883185935,7.003827591875223,2020-04-28,9.0,0,True,False
2019-10-11,2019Q3,15,diag3,gaussian_ar1,2.222006949803701,2.197680079072435,-0.19037547543412503,0.7593779545741076,4.762784209178728,4.652841032363623,-2.5407772593750266,2019-10-28,7.0,0,True,False
2019-10-11,2019Q4,2,diag3,gaussian_ar1,1.8239310814907261,1.8074969887461636,-0.362929921780173,0.7835826584119134,2.755535957854649,2.718254387221374,-0.9316048763639229,2020-01-28,7.0,0,True,False
2019-10-11,2020Q1,-11,diag3,gaussian_ar1,1.8402069838860724,1.823480070092351,-0.3558615689453819,0.8501934944042313,-5.16223383893778,-5.300247883185935,7.002440822823853,2020-04-28,7.0,0,True,False
2019-10-18,2019Q3,16,diag3,gaussian_ar1,2.179708210716713,2.156292227059977,-0.2086788260060064,0.7588199961007749,4.762784209178728,4.652841032363623,-2.5830759984620144,2019-10-28,12.0,0,True,False
2019-10-18,2019Q4,3,diag3,gaussian_ar1,1.7927136017999334,1.7768339945848233,-0.37649031461113297,0.7791415470077072,2.755535957854649,2.718254387221374,-0.9628223560547156,2020-01-28,12.0,0,True,False
2019-10-18,2020Q1,-10,diag3,gaussian_ar1,1.8312108787960746,1.814646130416136,-0.35976828763124047,0.8450908045374573,-5.16223383893778,-5.300247883185935,6.993444717733855,2020-04-28,12.0,0,True,False
2019-10-25,2019Q3,17,diag3,gaussian_ar1,2.172722649127312,2.1494554484978265,-0.21170232079302012,0.7587811675328919,4.762784209178728,4.652841032363623,-2.5900615600514154,2019-10-28,0.0,0,True,False
2019-10-25,2019Q4,4,diag3,gaussian_ar1,1.7320042901591615,1.717176067950511,-0.40287341720004544,0.7763437025760952,2.755535957854649,2.718254387221374,-1.0235316676954875,2020-01-28,0.0,0,True,False
2019-10-25,2020Q1,-9,diag3,gaussian_ar1,1.7565881464621125,1.7413384606706006,-0.3921878482925758,0.841198108273795,-5.16223383893778,-5.300247883185935,6.918821985399893,2020-04-28,0.0,0,True,False
2019-11-01,2019Q4,5,diag3,gaussian_ar1,1.76902291505725,1.7535578256396924,-0.3935166653643111,0.7702870963959624,2.755535957854649,2.718254387221374,-0.9865130427973989,2020-01-28,13.0,11,False,True
2019-11-01,2020Q1,-8,diag3,gaussian_ar1,2.062955741734118,2.0419650052736853,-0.2658771711997504,0.8284395837530493,-5.16223383893778,-5.300247883185935,7.225189580671898,2020-04-28,13.0,0,True,False
2019-11-08,2019Q4,6,diag3,gaussian_ar1,1.709467354438643,1.6950203731155087,-0.41942340887655954,0.7686229250771935,2.755535957854649,2.718254387221374,-1.046068603416006,2020-01-28,10.0,0,True,False
2019-11-08,2020Q1,-7,diag3,gaussian_ar1,2.035386913560311,2.0149497654801505,-0.2778332242576426,0.8269574584204915,-5.16223383893778,-5.300247883185935,7.197620752498091,2020-04-28,10.0,0,True,False
2019-11-15,2019Q4,7,diag3,gaussian_ar1,1.7137811558489036,1.6992615809838327,-0.41754639032366975,0.7681202259311967,2.755535957854649,2.718254387221374,-1.0417548020057454,2020-01-28,6.0,0,True,False
2019-11-15,2020Q1,-6,diag3,gaussian_ar1,2.0491287872858477,2.0284166115062923,-0.27187324289743464,0.8264488172317953,-5.16223383893778,-5.300247883185935,7.211362626223628,2020-04-28,6.0,0,True,False
2019-11-22,2019Q4,8,diag3,gaussian_ar1,1.5939975516908511,1.5814268195403411,-0.4696961646973041,0.7650976302316652,2.755535957854649,2.718254387221374,-1.1615384061637979,2020-01-28,6.0,0,True,False
2019-11-22,2020Q1,-5,diag3,gaussian_ar1,1.9986232224437517,1.9789129385904405,-0.29378193386097423,0.8168523201779904,-5.16223383893778,-5.300247883185935,7.160857061381532,2020-04-28,6.0,0,True,False
2019-11-29,2019Q4,9,diag3,gaussian_ar1,1.5930490438807565,1.580493189344901,-0.4701093585922479,0.7646527999326842,2.755535957854649,2.718254387221374,-1.1624869139738925,2020-01-28,4.0,0,True,False
2019-11-29,2020Q1,-4,diag3,gaussian_ar1,2.000758037295869,1.9810059006759357,-0.2928556579539831,0.8164934531223687,-5.16223383893778,-5.300247883185935,7.162991876233649,2020-04-28,4.0,0,True,False
2019-12-06,2019Q4,10,diag3,gaussian_ar1,1.557958926098335,1.5459473424086523,-0.4853982097020745,0.7635114097407647,2.755535957854649,2.718254387221374,-1.197577031756314,2020-01-28,13.0,2,True,True
2019-12-06,2020Q1,-3,diag3,gaussian_ar1,1.8617920483348982,1.8446728562526848,-0.3531921615395801,0.8053909988843081,-5.16223383893778,-5.300247883185935,7.024025887272678,2020-04-28,13.0,0,True,False
2019-12-13,2019Q4,11,diag3,gaussian_ar1,1.544726774542493,1.5329173309847115,-0.4911648624921364,0.7633503173903438,2.755535957854649,2.718254387221374,-1.210809183312156,2020-01-28,6.0,0,True,False
2019-12-13,2020Q1,-2,diag3,gaussian_ar1,1.8572226608029485,1.8401868856728245,-0.35517750398624576,0.8050822479470937,-5.16223383893778,-5.300247883185935,7.019456499740729,2020-04-28,6.0,0,True,False
2019-12-20,2019Q4,12,diag3,gaussian_ar1,1.662017597529486,1.648357235673827,-0.44007497263702583,0.7618840472372117,2.755535957854649,2.718254387221374,-1.093518360325163,2020-01-28,9.0,0,True,False
2019-12-20,2020Q1,-1,diag3,gaussian_ar1,1.9643351995748404,1.9452911246520852,-0.30866183847858053,0.7957311013576162,-5.16223383893778,-5.300247883185935,7.126569038512621,2020-04-28,9.0,0,True,False
2019-12-27,2019Q4,13,diag3,gaussian_ar1,1.6355150889833414,1.6222846037573904,-0.4516138585745259,0.7615872052015217,2.755535957854649,2.718254387221374,-1.1200208688713076,2020-01-28,4.0,0,True,False
2019-12-27,2020Q1,0,diag3,gaussian_ar1,1.937720320535341,1.9191855720398094,-0.3202152940289793,0.7952971208892331,-5.16223383893778,-5.300247883185935,7.099954159473121,2020-04-28,4.0,0,True,False
2020-01-03,2019Q4,14,diag3,gaussian_ar1,1.6540662104265413,1.6405355356311404,-0.44353659879426083,0.7624149503856605,2.755535957854649,2.718254387221374,-1.1014697474281077,2020-01-28,8.0,2,True,True
2020-01-03,2020Q1,1,diag3,gaussian_ar1,1.8304678217187842,1.8139164329275856,-0.36680393889029933,0.7873639514153101,-5.16223383893778,-5.300247883185935,6.992701660656564,2020-04-28,8.0,0,True,False
2020-01-03,2020Q2,-12,diag3,gaussian_ar1,1.6857504867847206,1.6716994042027244,-0.42974449963176486,0.8525034622528662,-27.97614656719044,-32.81728241610834,29.66189705397516,2020-07-28,8.0,0,True,False
2020-01-10,2019Q4,15,diag3,gaussian_ar1,1.6502021079390916,1.6367342357175925,-0.4452189286126405,0.7617699719785468,2.755535957854649,2.718254387221374,-1.1053338499155574,2020-01-28,8.0,0,True,False
2020-01-10,2020Q1,2,diag3,gaussian_ar1,1.8682174623941838,1.8509806300331375,-0.35040054915439894,0.7855665954455354,-5.16223383893778,-5.300247883185935,7.030451301331964,2020-04-28,8.0,0,True,False
2020-01-10,2020Q2,-11,diag3,gaussian_ar1,1.724152105666632,1.7094572703131907,-0.4130341149000489,0.8511676682690195,-27.97614656719044,-32.81728241610834,29.700298672857073,2020-07-28,8.0,0,True,False
2020-01-17,2019Q4,16,diag3,gaussian_ar1,1.6853725698521727,1.6713277517017626,-0.42990898075629147,0.7612195743897926,2.755535957854649,2.718254387221374,-1.0701633880024763,2020-01-28,10.0,0,True,False
2020-01-17,2020Q1,3,diag3,gaussian_ar1,2.0817052276907333,2.0603338285584134,-0.2577477365738984,0.7812040832606187,-5.16223383893778,-5.300247883185935,7.2439390666285135,2020-04-28,10.0,0,True,False
2020-01-17,2020Q2,-10,diag3,gaussian_ar1,1.9782562988580832,1.9589431030863946,-0.3026199236278055,0.8461393496916971,-27.97614656719044,-32.81728241610834,29.954402866048525,2020-07-28,10.0,0,True,False
2020-01-24,2019Q4,17,diag3,gaussian_ar1,1.7033855120812236,1.6890405716688048,-0.4220698715368526,0.7611803295096634,2.755535957854649,2.718254387221374,-1.0521504457734254,2020-01-28,2.0,0,True,False
2020-01-24,2020Q1,4,diag3,gaussian_ar1,2.2335386559473758,2.2089604834476257,-0.19197048694542262,0.7784542018652267,-5.16223383893778,-5.300247883185935,7.395772494885156,2020-04-28,2.0,0,True,False
2020-01-24,2020Q2,-9,diag3,gaussian_ar1,2.164174310736877,2.141088542155814,-0.2220083669505171,0.8423087433535099,-27.97614656719044,-32.81728241610834,30.140320877927316,2020-07-28,2.0,0,True,False
2020-01-31,2020Q1,5,diag3,gaussian_ar1,2.277948001492658,2.2523901674904425,-0.1736136427899869,0.7777511794299933,-5.16223383893778,-5.300247883185935,7.440181840430438,2020-04-28,10.0,0,True,False
2020-01-31,2020Q2,-8,diag3,gaussian_ar1,2.306845094584342,2.2806396701504767,-0.16106617976440585,0.8384322789214751,-27.97614656719044,-32.81728241610834,30.282991661774783,2020-07-28,10.0,0,True,False
2020-02-07,2020Q1,6,diag3,gaussian_ar1,2.546159632844791,2.51428491001136,-0.057288954248680274,0.7716962614593748,-5.16223383893778,-5.300247883185935,7.708393471782571,2020-04-28,13.0,12,False,True
2020-02-07,2020Q2,-7,diag3,gaussian_ar1,2.6228497567154507,2.589042913347762,-0.024084005686635816,0.8288908996204492,-27.97614656719044,-32.81728241610834,30.59899632390589,2020-07-28,13.0,0,True,False
2020-02-14,2020Q1,7,diag3,gaussian_ar1,2.516417677007299,2.4852772222740533,-0.07017317715772231,0.7712021493297736,-5.16223383893778,-5.300247883185935,7.678651515945079,2020-04-28,6.0,0,True,False
2020-02-14,2020Q2,-6,diag3,gaussian_ar1,2.597196233509158,2.5640419216403973,-0.03518859123726288,0.8283845415986721,-27.97614656719044,-32.81728241610834,30.5733428006996,2020-07-28,6.0,0,True,False
2020-02-21,2020Q1,8,diag3,gaussian_ar1,2.6109759443057268,2.577471904151384,-0.029223452274685577,0.7682396660044231,-5.16223383893778,-5.300247883185935,7.773209783243507,2020-04-28,6.0,0,True,False
2020-02-21,2020Q2,-5,diag3,gaussian_ar1,2.9983310288197673,2.9542598506572975,0.1381328684422844,0.8189779373302626,-27.97614656719044,-32.81728241610834,30.974477596010207,2020-07-28,6.0,0,True,False
2020-02-28,2020Q1,9,diag3,gaussian_ar1,2.6109523257006995,2.5774488865282277,-0.02923367591575153,0.76780565694359,-5.16223383893778,-5.300247883185935,7.77318616463848,2020-04-28,4.0,0,True,False
2020-02-28,2020Q2,-4,diag3,gaussian_ar1,2.995839841630632,2.951841153876963,0.1370585660452983,0.8186288829504268,-27.97614656719044,-32.81728241610834,30.971986408821074,2020-07-28,4.0,0,True,False
2020-03-06,2020Q1,10,diag3,gaussian_ar1,2.4568778989587647,2.4271820645064976,-0.09597705954199444,0.7661191511774167,-5.16223383893778,-5.300247883185935,7.619111737896545,2020-04-28,13.0,2,True,True
2020-03-06,2020Q2,-3,diag3,gaussian_ar1,2.584574435740916,2.5517388815184705,-0.04065318092897863,0.8076127171267296,-27.97614656719044,-32.81728241610834,30.560721002931356,2020-07-28,13.0,0,True,False
2020-03-13,2020Q1,11,diag3,gaussian_ar1,2.369788728493538,2.3421451138523395,-0.13374756499059987,0.7659585924744708,-5.16223383893778,-5.300247883185935,7.532022567431318,2020-04-28,6.0,0,True,False
2020-03-13,2020Q2,-2,diag3,gaussian_ar1,2.4565865502526707,2.426897701829911,-0.09610336371850564,0.8072980884653755,-27.97614656719044,-32.81728241610834,30.43273311744311,2020-07-28,6.0,0,True,False
2020-03-20,2020Q1,12,diag3,gaussian_ar1,2.0255993786605586,2.005357010799211,-0.2833373231314821,0.764508477840006,-5.16223383893778,-5.300247883185935,7.187833217598339,2020-04-28,9.0,0,True,False
2020-03-20,2020Q2,-1,diag3,gaussian_ar1,1.1471591859265828,1.1406292069889181,-0.6674198422496596,0.7980705724103038,-27.97614656719044,-32.81728241610834,29.123305753117023,2020-07-28,9.0,0,True,False
2020-03-27,2020Q1,13,diag3,gaussian_ar1,2.0687564884989573,2.0476483424710508,-0.26455295985114274,0.7642129383597778,-5.16223383893778,-5.300247883185935,7.2309903274367375,2020-04-28,4.0,0,True,False
2020-03-27,2020Q2,0,diag3,gaussian_ar1,1.1893746598050647,1.1823571872885341,-0.6488857003837802,0.7976401696200892,-27.97614656719044,-32.81728241610834,29.165521226995505,2020-07-28,4.0,0,True,False
2020-04-03,2020Q1,14,diag3,gaussian_ar1,2.050080636386964,2.029349343292765,-0.2726807495102332,0.7646050082691337,-5.16223383893778,-5.300247883185935,7.212314475324744,2020-04-28,9.0,12,False,True
2020-04-03,2020Q2,1,diag3,gaussian_ar1,1.2998644902913137,1.2914887558754495,-0.6004131896197153,0.7889760572913903,-27.97614656719044,-32.81728241610834,29.276011057481753,2020-07-28,9.0,0,True,False
2020-04-03,2020Q3,-12,diag3,gaussian_ar1,1.3945037224716739,1.3848699779508202,-0.5589364441571504,0.8545590679566124,34.85500597467652,29.90299854497912,-33.46050225220485,2020-10-28,9.0,0,True,False
2020-04-10,2020Q1,15,diag3,gaussian_ar1,1.4666416625112921,1.4559904904012575,-0.527347144654376,0.7640302111006411,-5.16223383893778,-5.300247883185935,6.628875501449072,2020-04-28,7.0,0,True,False
2020-04-10,2020Q2,2,diag3,gaussian_ar1,0.36637080708026293,0.365701303983188,-1.0116163163423373,0.7879115856786197,-27.97614656719044,-32.81728241610834,28.342517374270702,2020-07-28,7.0,0,True,False
2020-04-10,2020Q3,-11,diag3,gaussian_ar1,0.5878577259967432,0.5861365844151303,-0.9137065030603342,0.8538343044789027,34.85500597467652,29.90299854497912,-34.26714824867978,2020-10-28,7.0,0,True,False
2020-04-17,2020Q1,16,diag3,gaussian_ar1,0.7020468406889302,0.6995939653873569,-0.863312614365709,0.7634819244734824,-5.16223383893778,-5.300247883185935,5.86428067962671,2020-04-28,10.0,0,True,False
2020-04-17,2020Q2,3,diag3,gaussian_ar1,-1.8710589103039243,-1.888784672064463,-2.012981889626195,0.7834896683074903,-27.97614656719044,-32.81728241610834,26.105087656886518,2020-07-28,10.0,0,True,False
2020-04-17,2020Q3,-10,diag3,gaussian_ar1,-1.7875466627051528,-1.8037162606082493,-1.97519741036519,0.8487146151994511,34.85500597467652,29.90299854497912,-36.64255263738168,2020-10-28,10.0,0,True,False
2020-04-24,2020Q1,17,diag3,gaussian_ar1,0.647185932571892,0.6451006765687124,-0.8875166697369772,0.7634406624788783,-5.16223383893778,-5.300247883185935,5.809419771509672,2020-04-28,2.0,0,True,False
2020-04-24,2020Q2,4,diag3,gaussian_ar1,-2.316174336382293,-2.3434191682129795,-2.2149149855545565,0.780796392284988,-27.97614656719044,-32.81728241610834,25.659972230808147,2020-07-28,2.0,0,True,False
2020-04-24,2020Q3,-9,diag3,gaussian_ar1,-2.3340819652600264,-2.3617530841822196,-2.2230582840581303,0.8449812252992182,34.85500597467652,29.90299854497912,-37.18908793993655,2020-10-28,2.0,0,True,False
2020-05-01,2020Q2,5,diag3,gaussian_ar1,-4.528196575677457,-4.6339234198224375,-3.084549877406525,0.7763487302291886,-27.97614656719044,-32.81728241610834,23.447949991512985,2020-07-28,13.0,9,True,True
2020-05-01,2020Q3,-8,diag3,gaussian_ar1,-5.740276273429035,-5.911619546889005,-3.6303465830800774,0.8597194311728091,34.85500597467652,29.90299854497912,-40.595282248105555,2020-10-28,13.0,0,True,False
2020-05-08,2020Q2,6,diag3,gaussian_ar1,-6.761885961837133,-7.001359898603297,-4.0958537419463505,0.7738929935140566,-27.97614656719044,-32.81728241610834,21.214260605353306,2020-07-28,10.0,0,True,False
2020-05-08,2020Q3,-7,diag3,gaussian_ar1,-8.925687324306242,-9.349438991640982,-5.098888662763748,0.8564001322158113,34.85500597467652,29.90299854497912,-43.78069329898277,2020-10-28,10.0,0,True,False
2020-05-15,2020Q2,7,diag3,gaussian_ar1,-6.987636539310104,-7.243776123310655,-4.1994072974782615,0.7731084667109275,-27.97614656719044,-32.81728241610834,20.988510027880338,2020-07-28,6.0,0,True,False
2020-05-15,2020Q3,-6,diag3,gaussian_ar1,-9.176009910581529,-9.624672724439657,-5.216460956730579,0.8553720592743485,34.85500597467652,29.90299854497912,-44.03101588525805,2020-10-28,6.0,0,True,False
2020-05-22,2020Q2,8,diag3,gaussian_ar1,-8.022190478273217,-8.362283888345047,-4.6772031054906416,0.769003457121321,-27.97614656719044,-32.81728241610834,19.953956088917224,2020-07-28,6.0,0,True,False
2020-05-22,2020Q3,-5,diag3,gaussian_ar1,-9.475410960332287,-9.954867009076496,-5.357510889472241,0.8414927278422738,34.85500597467652,29.90299854497912,-44.33041693500881,2020-10-28,6.0,0,True,False
2020-05-29,2020Q2,9,diag3,gaussian_ar1,-8.422955442220537,-8.79895509791697,-4.8637370571854195,0.7684129912294712,-27.97614656719044,-32.81728241610834,19.553191124969903,2020-07-28,4.0,0,True,False
2020-05-29,2020Q3,-4,diag3,gaussian_ar1,-9.822326707062846,-10.338831402729673,-5.521529936499476,0.8409985982451786,34.85500597467652,29.90299854497912,-44.67733268173937,2020-10-28,4.0,0,True,False
2020-06-05,2020Q2,10,diag3,gaussian_ar1,-29.098056600748723,-34.387234239899314,-15.794347367176291,0.7500070388171333,-27.97614656719044,-32.81728241610834,-1.121910033558283,2020-07-28,13.0,28,True,True
2020-06-05,2020Q3,-3,diag3,gaussian_ar1,-38.85958469806165,-49.19970769096382,-22.121829341336454,1.4610601944398696,34.85500597467652,29.90299854497912,-73.71459067273818,2020-10-28,13.0,0,True,False
2020-06-12,2020Q2,11,diag3,gaussian_ar1,-28.77984946364246,-33.93943944597396,-15.6030617256495,0.7496455005846093,-27.97614656719044,-32.81728241610834,-0.8037028964520196,2020-07-28,4.0,0,True,False
2020-06-12,2020Q3,-2,diag3,gaussian_ar1,-38.445705528013185,-48.525056370406844,-21.83363682009613,1.4605754881719126,34.85500597467652,29.90299854497912,-73.30071150268971,2020-10-28,4.0,0,True,False
2020-06-19,2020Q2,12,diag3,gaussian_ar1,-17.966255628405737,-19.803950664686468,-9.564769015453148,0.7229018747372603,-27.97614656719044,-32.81728241610834,10.009890938784704,2020-07-28,11.0,0,True,False
2020-06-19,2020Q3,-1,diag3,gaussian_ar1,-6.082406537763685,-6.275245350919834,-3.7856775430271625,1.2725593440215754,34.85500597467652,29.90299854497912,-40.937412512440204,2020-10-28,11.0,0,True,False
2020-06-26,2020Q2,13,diag3,gaussian_ar1,-17.404350229590538,-19.1213173065876,-9.273166786925906,0.7215280933373694,-27.97614656719044,-32.81728241610834,10.571796337599903,2020-07-28,4.0,0,True,False
2020-06-26,2020Q3,0,diag3,gaussian_ar1,-4.677091592879656,-4.7900022188618685,-3.1512224551318604,1.2685831742388036,34.85500597467652,29.90299854497912,-39.53209756755618,2020-10-28,4.0,0,True,False
2020-07-03,2020Q2,14,diag3,gaussian_ar1,-13.403613554927308,-14.391209825250495,-7.252594738450792,0.7236527016194515,-27.97614656719044,-32.81728241610834,14.572533012263133,2020-07-28,8.0,16,False,True
2020-07-03,2020Q3,1,diag3,gaussian_ar1,0.5307354628281136,0.5293320256730265,-0.8789489109447776,0.934710394945318,34.85500597467652,29.90299854497912,-34.32427051184841,2020-10-28,8.0,0,True,False
2020-07-03,2020Q4,-12,diag3,gaussian_ar1,2.3022250365039243,2.276123684541205,-0.13276747334649325,1.1603798078275205,4.611736044615711,4.508555862817171,-2.3095110081117864,2021-01-28,8.0,0,True,False
2020-07-10,2020Q2,15,diag3,gaussian_ar1,-12.798975431264104,-13.695410550071717,-6.955368391624089,0.7212493616076286,-27.97614656719044,-32.81728241610834,15.177171135926336,2020-07-28,8.0,0,True,False
2020-07-10,2020Q3,2,diag3,gaussian_ar1,0.6012493916264461,0.599449100029263,-0.8489968218804054,0.9295697228136565,34.85500597467652,29.90299854497912,-34.25375658305008,2020-10-28,8.0,0,True,False
2020-07-10,2020Q4,-11,diag3,gaussian_ar1,1.876181218147277,1.8587980285076178,-0.31103753571189235,1.1585909987115148,4.611736044615711,4.508555862817171,-2.7355548264684337,2021-01-28,8.0,0,True,False
2020-07-17,2020Q2,16,diag3,gaussian_ar1,-10.451139735765036,-11.038578492992468,-5.8204426815407615,0.7181026608720047,-27.97614656719044,-32.81728241610834,17.525006831425404,2020-07-28,10.0,0,True,False
2020-07-17,2020Q3,3,diag3,gaussian_ar1,9.821402543740131,9.368524707720493,2.896911518210242,0.8652528572733501,34.85500597467652,29.90299854497912,-25.03360343093639,2020-10-28,10.0,0,True,False
2020-07-17,2020Q4,-10,diag3,gaussian_ar1,6.742683091314294,6.525092130137645,1.6822751889817678,1.1389049693117073,4.611736044615711,4.508555862817171,2.1309470466985836,2021-01-28,10.0,0,True,False
2020-07-24,2020Q2,17,diag3,gaussian_ar1,-10.44760851015033,-11.034635220033087,-5.818758223597117,0.718095695847646,-27.97614656719044,-32.81728241610834,17.52853805704011,2020-07-28,2.0,0,True,False
2020-07-24,2020Q3,4,diag3,gaussian_ar1,10.230119729473962,9.739999216520527,3.0555952293444757,0.8472197731600541,34.85500597467652,29.90299854497912,-24.62488624520256,2020-10-28,2.0,0,True,False
2020-07-24,2020Q4,-9,diag3,gaussian_ar1,7.009882588166216,6.775100484590119,1.7890718938949355,1.1322000715215776,4.611736044615711,4.508555862817171,2.3981465435505056,2021-01-28,2.0,0,True,False
2020-07-31,2020Q3,5,diag3,gaussian_ar1,16.88081627685034,15.598456531814424,3.5106119931326525,0.843407835827789,34.85500597467652,29.90299854497912,-17.974189697826183,2020-10-28,10.0,0,True,False
2020-07-31,2020Q4,-8,diag3,gaussian_ar1,8.858340445524892,8.487722205080239,1.628151704255716,1.1298605624096607,4.611736044615711,4.508555862817171,4.246604400909181,2021-01-28,10.0,0,True,False
2020-08-07,2020Q3,6,diag3,gaussian_ar1,20.38291883559047,18.550746668581777,4.2921865378056046,0.7179908332010487,34.85500597467652,29.90299854497912,-14.472087139086053,2020-10-28,13.0,87,True,True
2020-08-07,2020Q4,-7,diag3,gaussian_ar1,3.5368373630927596,3.4757279945682122,0.30130139093466574,1.0494200640222826,4.611736044615711,4.508555862817171,-1.074898681522951,2021-01-28,13.0,0,True,False
2020-08-14,2020Q3,7,diag3,gaussian_ar1,20.132637879992245,18.34262620489522,4.237089765771859,0.7089896545275808,34.85500597467652,29.90299854497912,-14.722368094684278,2020-10-28,6.0,0,True,False
2020-08-14,2020Q4,-6,diag3,gaussian_ar1,3.7947501892628077,3.7245207253336314,0.36716553580453226,1.0441921493264257,4.611736044615711,4.508555862817171,-0.816985855352903,2021-01-28,6.0,0,True,False
2020-08-21,2020Q3,8,diag3,gaussian_ar1,21.408659489106373,19.399202031670857,4.516802372754596,0.6089334562924681,34.85500597467652,29.90299854497912,-13.44634648557015,2020-10-28,6.0,0,True,False
2020-08-21,2020Q4,-5,diag3,gaussian_ar1,4.166375743766126,4.081920165651001,0.46178167849106233,1.028394898167391,4.611736044615711,4.508555862817171,-0.44536030084958433,2021-01-28,6.0,0,True,False
2020-08-28,2020Q3,9,diag3,gaussian_ar1,21.49699624394752,19.47193542148745,4.5360574470850175,0.6088728208297042,34.85500597467652,29.90299854497912,-13.358009730729002,2020-10-28,4.0,0,True,False
2020-08-28,2020Q4,-4,diag3,gaussian_ar1,4.174749407067968,4.089958581782501,0.46390972862733654,1.0283944557583646,4.611736044615711,4.508555862817171,-0.4369866375477427,2021-01-28,4.0,0,True,False
2020-09-04,2020Q3,10,diag3,gaussian_ar1,23.69513040762048,21.264972648851924,5.010737166773243,0.5848123444267688,34.85500597467652,29.90299854497912,-11.159875567056044,2020-10-28,12.0,7,True,True
2020-09-04,2020Q4,-3,diag3,gaussian_ar1,5.319079347815681,5.18244071264561,0.7531279912089446,1.0338782338947532,4.611736044615711,4.508555862817171,0.7073433031999699,2021-01-28,12.0,0,True,False
2020-09-11,2020Q3,11,diag3,gaussian_ar1,22.835190069840717,20.567335275995607,4.826048133250933,0.5712566783877131,34.85500597467652,29.90299854497912,-12.019815904835806,2020-10-28,5.0,0,True,False
2020-09-11,2020Q4,-2,diag3,gaussian_ar1,4.9668084655481115,4.84740043442584,0.6644311014163168,1.0320997400101628,4.611736044615711,4.508555862817171,0.35507242093240077,2021-01-28,5.0,0,True,False
2020-09-18,2020Q3,12,diag3,gaussian_ar1,20.987238628577497,19.051488816720806,4.424750512990933,0.534458407128341,34.85500597467652,29.90299854497912,-13.867767346099026,2020-10-28,11.0,0,True,False
2020-09-18,2020Q4,-1,diag3,gaussian_ar1,3.713250140458091,3.645969485992599,0.346370273050077,0.9839885439272267,4.611736044615711,4.508555862817171,-0.8984859041576199,2021-01-28,11.0,0,True,False
2020-09-25,2020Q3,13,diag3,gaussian_ar1,21.101305009624372,19.14572408103676,4.449697886178489,0.5303889712163242,34.85500597467652,29.90299854497912,-13.75370096505215,2020-10-28,0.0,0,True,False
2020-09-25,2020Q4,0,diag3,gaussian_ar1,3.992950675223206,3.9152928886972127,0.41766960546227494,0.965844518158392,4.611736044615711,4.508555862817171,-0.618785369392505,2021-01-28,0.0,0,True,False
2020-10-02,2020Q3,14,diag3,gaussian_ar1,21.467561984478078,19.447706159550595,4.529643113300468,0.5260978540156326,34.85500597467652,29.90299854497912,-13.387443990198445,2020-10-28,11.0,4,True,True
2020-10-02,2020Q4,1,diag3,gaussian_ar1,4.635353093718408,4.531129222666754,0.5807030405305279,0.9342303773569754,4.611736044615711,4.508555862817171,0.023617049102697685,2021-01-28,11.0,0,True,False
2020-10-02,2021Q1,-12,diag3,gaussian_ar1,2.5702310447325294,2.5377558885311324,0.05298734057694157,1.05843643780974,5.701255644273506,5.544658613895645,-3.131024599540977,2021-04-28,11.0,0,True,False
2020-10-09,2020Q3,15,diag3,gaussian_ar1,21.640109755827442,19.58965791211213,4.567222711251261,0.5207693307223676,34.85500597467652,29.90299854497912,-13.21489621884908,2020-10-28,9.0,0,True,False
2020-10-09,2020Q4,2,diag3,gaussian_ar1,4.906809492910846,4.790224144375246,0.6492945359731543,0.9228843886893122,4.611736044615711,4.508555862817171,0.2950734482951356,2021-01-28,9.0,0,True,False
2020-10-09,2021Q1,-11,diag3,gaussian_ar1,2.5806162695381607,2.5478803651788935,0.0556676439548102,1.0584234263356924,5.701255644273506,5.544658613895645,-3.1206393747353456,2021-04-28,9.0,0,True,False
2020-10-16,2020Q3,16,diag3,gaussian_ar1,21.740619851999178,19.672252866977804,4.5890884870561095,0.5199786316435906,34.85500597467652,29.90299854497912,-13.114386122677345,2020-10-28,8.0,0,True,False
2020-10-16,2020Q4,3,diag3,gaussian_ar1,5.251324243321909,5.118086837954197,0.7360912678586592,0.9110684564724615,4.611736044615711,4.508555862817171,0.639588198706198,2021-01-28,8.0,0,True,False
2020-10-16,2021Q1,-10,diag3,gaussian_ar1,2.6356752072558276,2.6015397882613094,0.06987317160290725,1.056551132176817,5.701255644273506,5.544658613895645,-3.0655804370176787,2021-04-28,8.0,0,True,False
2020-10-23,2020Q3,17,diag3,gaussian_ar1,20.881113296276975,18.96373418634736,4.401518790463766,0.5158219578518541,34.85500597467652,29.90299854497912,-13.973892678399547,2020-10-28,4.0,0,True,False
2020-10-23,2020Q4,4,diag3,gaussian_ar1,3.6099599308879293,3.5463277545332472,0.3199916187552657,0.7995381654751409,4.611736044615711,4.508555862817171,-1.0017761137277814,2021-01-28,4.0,0,True,False
2020-10-23,2021Q1,-9,diag3,gaussian_ar1,2.578938128337782,2.546244427525071,0.055234553991538704,1.0552263279058582,5.701255644273506,5.544658613895645,-3.122317515935724,2021-04-28,4.0,0,True,False
2020-10-30,2020Q4,5,diag3,gaussian_ar1,4.931583339276235,4.813836454921586,0.5173474515000358,0.7978034908074113,4.611736044615711,4.508555862817171,0.31984729466052464,2021-01-28,10.0,0,True,False
2020-10-30,2021Q1,-8,diag3,gaussian_ar1,2.939001485525239,2.89664082237176,0.08298344937896143,1.054975826920245,5.701255644273506,5.544658613895645,-2.7622541587482674,2021-04-28,10.0,0,True,False
2020-11-06,2020Q4,6,diag3,gaussian_ar1,6.364179992665475,6.169868003443268,0.8245729012236742,0.6783739295216067,4.611736044615711,4.508555862817171,1.7524439480497644,2021-01-28,11.0,6,True,True
2020-11-06,2021Q1,-7,diag3,gaussian_ar1,3.191749263878352,3.1418714869852975,0.13854344081430536,0.9898879469194101,5.701255644273506,5.544658613895645,-2.5095063803951545,2021-04-28,11.0,0,True,False
2020-11-13,2020Q4,7,diag3,gaussian_ar1,6.26862698166073,6.079991921951892,0.8042103812028912,0.6759416868489403,4.611736044615711,4.508555862817171,1.656890937045019,2021-01-28,6.0,0,True,False
2020-11-13,2021Q1,-6,diag3,gaussian_ar1,3.1057437885672723,3.0584914332374313,0.11965267493308676,0.9858485567338077,5.701255644273506,5.544658613895645,-2.595511855706234,2021-04-28,6.0,0,True,False
2020-11-20,2020Q4,8,diag3,gaussian_ar1,5.9923348310154,5.8196592594321945,0.7452288483561371,0.5745903755315961,4.611736044615711,4.508555862817171,1.3805987863996894,2021-01-28,8.0,0,True,False
2020-11-20,2021Q1,-5,diag3,gaussian_ar1,3.1615967750304286,3.112647353099123,0.1319223576354134,0.9703617564131752,5.701255644273506,5.544658613895645,-2.5396588692430777,2021-04-28,8.0,0,True,False
2020-11-27,2020Q4,9,diag3,gaussian_ar1,6.005147312532788,5.831746649719507,0.7479673937248296,0.5745414258481538,4.611736044615711,4.508555862817171,1.3934112679170774,2021-01-28,4.0,0,True,False
2020-11-27,2021Q1,-4,diag3,gaussian_ar1,3.1628973619196143,3.1139080729129627,0.13220798905173592,0.970361451474014,5.701255644273506,5.544658613895645,-2.538358282353892,2021-04-28,4.0,0,True,False
2020-12-04,2020Q4,10,diag3,gaussian_ar1,5.628457316861635,5.47576311475229,0.6673149916890923,0.545795060898036,4.611736044615711,4.508555862817171,1.016721272245924,2021-01-28,9.0,4,True,True
2020-12-04,2021Q1,-3,diag3,gaussian_ar1,2.8313853447756054,2.792042534718144,0.05928543438827932,0.9592797136486346,5.701255644273506,5.544658613895645,-2.869870299497901,2021-04-28,9.0,0,True,False
2020-12-11,2020Q4,11,diag3,gaussian_ar1,5.806528583557191,5.644203837123385,0.7054772872040088,0.5330634698832121,4.611736044615711,4.508555862817171,1.1947925389414804,2021-01-28,7.0,0,True,False
2020-12-11,2021Q1,-2,diag3,gaussian_ar1,2.905628948506922,2.8642158451058237,0.07563717617929566,0.957669312782928,5.701255644273506,5.544658613895645,-2.7956266957665843,2021-04-28,7.0,0,True,False
2020-12-18,2020Q4,12,diag3,gaussian_ar1,6.403890558395364,6.2071955649407435,0.8330299145436451,0.498573424698597,4.611736044615711,4.508555862817171,1.7921545137796535,2021-01-28,12.0,0,True,False
2020-12-18,2021Q1,-1,diag3,gaussian_ar1,3.8923157220263294,3.818475097997644,0.29183622290666983,0.9147789543210845,5.701255644273506,5.544658613895645,-1.808939922247177,2021-04-28,12.0,0,True,False
2020-12-25,2020Q4,13,diag3,gaussian_ar1,6.092398123478171,5.914020884140956,0.7666076227802329,0.49465965967961223,4.611736044615711,4.508555862817171,1.4806620788624603,2021-01-28,0.0,0,True,False
2020-12-25,2021Q1,0,diag3,gaussian_ar1,3.047930889667838,3.0024042443913235,0.10694543973950629,0.8981655179852047,5.701255644273506,5.544658613895645,-2.653324754605668,2021-04-28,0.0,0,True,False
2021-01-01,2020Q4,14,diag3,gaussian_ar1,6.045739931454164,5.870032383813612,0.7566414927071753,0.4945331845546871,4.611736044615711,4.508555862817171,1.434003886838453,2021-01-28,8.0,11,False,True
2021-01-01,2021Q1,1,diag3,gaussian_ar1,2.845445308307082,2.8057144330148454,0.06238296932937931,0.8977537400257283,5.701255644273506,5.544658613895645,-2.8558103359664244,2021-04-28,8.0,0,True,False
2021-01-01,2021Q2,-12,diag3,gaussian_ar1,2.4063447614229405,2.3778485258610753,-0.034555258907297784,0.9909610097388862,6.983331307653917,6.7502854167053385,-4.576986546230977,2021-07-28,8.0,0,True,False
2021-01-08,2020Q4,15,diag3,gaussian_ar1,6.517752576466362,6.314147612885005,0.8572612025725715,0.48436886125412676,4.611736044615711,4.508555862817171,1.9060165318506517,2021-01-28,12.0,0,True,False
2021-01-08,2021Q1,2,diag3,gaussian_ar1,4.5130572281320225,4.414182716273203,0.4268010333699862,0.8650761451082478,5.701255644273506,5.544658613895645,-1.1881984161414838,2021-04-28,12.0,0,True,False
2021-01-08,2021Q2,-11,diag3,gaussian_ar1,2.495704618389616,2.4650705550231162,-0.014794046740567848,0.9909111902178545,6.983331307653917,6.7502854167053385,-4.487626689264301,2021-07-28,12.0,0,True,False
2021-01-15,2020Q4,16,diag3,gaussian_ar1,6.512024886798229,6.308770252275869,0.8560428960860675,0.48378378242216047,4.611736044615711,4.508555862817171,1.9002888421825181,2021-01-28,6.0,0,True,False
2021-01-15,2021Q1,3,diag3,gaussian_ar1,5.195400590183885,5.064939273411531,0.5742378508580365,0.8550514029714213,5.701255644273506,5.544658613895645,-0.5058550540896212,2021-04-28,6.0,0,True,False
2021-01-15,2021Q2,-10,diag3,gaussian_ar1,2.8696833999384053,2.829279147866572,0.06772184225296557,0.989225235759183,6.983331307653917,6.7502854167053385,-4.113647907715512,2021-07-28,6.0,0,True,False
2021-01-22,2020Q4,17,diag3,gaussian_ar1,7.117200335735041,6.875337927784208,0.9844056978930659,0.47956301458077755,4.611736044615711,4.508555862817171,2.5054642911193303,2021-01-28,6.0,0,True,False
2021-01-22,2021Q1,4,diag3,gaussian_ar1,9.435846004002135,9.016831033099423,1.4695870220870275,0.7491753734912329,5.701255644273506,5.544658613895645,3.734590359728629,2021-04-28,6.0,0,True,False
2021-01-22,2021Q2,-9,diag3,gaussian_ar1,3.1855751340298832,3.1358881456775145,0.13718784202596024,0.9880618573149988,6.983331307653917,6.7502854167053385,-3.797756173624034,2021-07-28,6.0,0,True,False
2021-01-29,2021Q1,5,diag3,gaussian_ar1,9.350164301435292,8.938506366154286,1.4528014041615005,0.7482549250301077,5.701255644273506,5.544658613895645,3.648908657161786,2021-04-28,6.0,0,True,False
2021-01-29,2021Q2,-8,diag3,gaussian_ar1,3.106381700113725,3.059110127744291,0.11700844157077925,0.9879062485491839,6.983331307653917,6.7502854167053385,-3.876949607540192,2021-07-28,6.0,0,True,False
2021-02-05,2021Q1,6,diag3,gaussian_ar1,8.372770642888572,8.040667813183916,1.248813380227125,0.6761214520241137,5.701255644273506,5.544658613895645,2.6715149986150655,2021-04-28,14.0,11,False,True
2021-02-05,2021Q2,-7,diag3,gaussian_ar1,3.240256227656535,3.1888670723408286,0.1464890899929722,0.9873127811571754,6.983331307653917,6.7502854167053385,-3.743075079997382,2021-07-28,14.0,0,True,False
2021-02-12,2021Q1,7,diag3,gaussian_ar1,8.390712546155466,8.057222172842575,1.2525745142340092,0.6761120895640835,5.701255644273506,5.544658613895645,2.68945690188196,2021-04-28,4.0,0,True,False
2021-02-12,2021Q2,-6,diag3,gaussian_ar1,3.2404441925543592,3.1890491376839187,0.14653045505737156,0.9873127798879985,6.983331307653917,6.7502854167053385,-3.742887115099558,2021-07-28,4.0,0,True,False
2021-02-19,2021Q1,8,diag3,gaussian_ar1,7.467501820197797,7.201830722583209,1.0582304297084628,0.5721288495835565,5.701255644273506,5.544658613895645,1.766246175924291,2021-04-28,11.0,0,True,False
2021-02-19,2021Q2,-5,diag3,gaussian_ar1,3.467794613012054,3.4090215136727853,0.19650795953149636,0.9678525062238484,6.983331307653917,6.7502854167053385,-3.515536694641863,2021-07-28,11.0,0,True,False
2021-02-26,2021Q1,9,diag3,gaussian_ar1,7.504742985824175,7.236478140469683,1.066102288502795,0.5720805518883811,5.701255644273506,5.544658613895645,1.8034873415506691,2021-04-28,4.0,0,True,False
2021-02-26,2021Q2,-4,diag3,gaussian_ar1,3.4714984185072018,3.4126011194994774,0.19732124240583404,0.9678522096262001,6.983331307653917,6.7502854167053385,-3.5118328891467154,2021-07-28,4.0,0,True,False
2021-03-05,2021Q1,10,diag3,gaussian_ar1,7.753622706007346,7.467716383203946,1.1186393866674542,0.5330964203202416,5.701255644273506,5.544658613895645,2.0523670617338396,2021-04-28,10.0,11,False,True
2021-03-05,2021Q2,-3,diag3,gaussian_ar1,3.876008599797176,3.802777688572146,0.2859689698255483,0.957670231352457,6.983331307653917,6.7502854167053385,-3.107322707856741,2021-07-28,10.0,0,True,False
2021-03-12,2021Q1,11,diag3,gaussian_ar1,7.756222938452373,7.470129481721445,1.119187640244353,0.533063469883212,5.701255644273506,5.544658613895645,2.0549672941788666,2021-04-28,6.0,0,True,False
2021-03-12,2021Q2,-2,diag3,gaussian_ar1,3.875027135768705,3.801832842232397,0.2857543016793328,0.957669312782928,6.983331307653917,6.7502854167053385,-3.1083041718852122,2021-07-28,6.0,0,True,False
2021-03-19,2021Q1,12,diag3,gaussian_ar1,0.9200680400092365,0.9158611982013916,-0.369935578031095,0.4985734246985971,5.701255644273506,5.544658613895645,-4.78118760426427,2021-04-28,12.0,0,True,False
2021-03-19,2021Q2,-1,diag3,gaussian_ar1,-1.228689153744389,-1.2362999451602046,-0.8589044437255569,0.9147789543210846,6.983331307653917,6.7502854167053385,-8.212020461398307,2021-07-28,12.0,0,True,False
2021-03-26,2021Q1,13,diag3,gaussian_ar1,1.1447666236506837,1.138263751950188,-0.3194059395932221,0.49458463750849574,5.701255644273506,5.544658613895645,-4.556489020622823,2021-04-28,4.0,0,True,False
2021-03-26,2021Q2,0,diag3,gaussian_ar1,-0.8140576293556134,-0.8173891712414112,-0.7637283336177803,0.8981615894327337,6.983331307653917,6.7502854167053385,-7.797388937009531,2021-07-28,4.0,0,True,False
2021-04-02,2021Q1,14,diag3,gaussian_ar1,1.5389055635504079,1.52718450955872,-0.2310435312858981,0.4905781030718327,5.701255644273506,5.544658613895645,-4.162350080723098,2021-04-28,8.0,12,False,True
2021-04-02,2021Q2,1,diag3,gaussian_ar1,-0.2503763851247398,-0.2506903509695939,-0.6349749267488675,0.8827690134399991,6.983331307653917,6.7502854167053385,-7.2337076927786566,2021-07-28,8.0,0,True,False
2021-04-02,2021Q3,-12,diag3,gaussian_ar1,2.6826114033032367,2.647260213499449,0.023436551740024805,0.994058218007007,3.34127932577879,3.2866716567676137,-0.6586679224755532,2021-10-28,8.0,0,True,False
2021-04-09,2021Q1,15,diag3,gaussian_ar1,2.403071031080417,2.374651670550344,-0.038499837380094104,0.48528996483144055,5.701255644273506,5.544658613895645,-3.298184613193089,2021-04-28,8.0,0,True,False
2021-04-09,2021Q2,2,diag3,gaussian_ar1,1.4814473657904559,1.4705811213121662,-0.24390376465213653,0.8713878498906578,6.983331307653917,6.7502854167053385,-5.501883941863461,2021-07-28,8.0,0,True,False
2021-04-09,2021Q3,-11,diag3,gaussian_ar1,2.7415568242182164,2.7046491984873358,0.03647527190251812,0.9940487637334313,3.34127932577879,3.2866716567676137,-0.5997225015605734,2021-10-28,8.0,0,True,False
2021-04-16,2021Q1,16,diag3,gaussian_ar1,3.2015481640415455,3.151366853639815,0.13796907769831288,0.48432072668950715,5.701255644273506,5.544658613895645,-2.4997074802319608,2021-04-28,8.0,0,True,False
2021-04-16,2021Q2,3,diag3,gaussian_ar1,5.419025648619735,5.277294282956856,0.6209776697214067,0.8273322126097403,6.983331307653917,6.7502854167053385,-1.564305659034182,2021-07-28,8.0,0,True,False
2021-04-16,2021Q3,-10,diag3,gaussian_ar1,3.427545849852054,3.3701141476802183,0.18766824477536573,0.9922463532505292,3.34127932577879,3.2866716567676137,0.08626652407326407,2021-10-28,8.0,0,True,False
2021-04-23,2021Q1,17,diag3,gaussian_ar1,4.112596727659401,4.030278834158195,0.3376570032446662,0.47992979673264036,5.701255644273506,5.544658613895645,-1.5886589166141052,2021-04-28,4.0,0,True,False
2021-04-23,2021Q2,4,diag3,gaussian_ar1,10.665360885923958,10.134069496709738,1.7244321552402544,0.7570919767079677,6.983331307653917,6.7502854167053385,3.6820295782700407,2021-07-28,4.0,0,True,False
2021-04-23,2021Q3,-9,diag3,gaussian_ar1,3.7254057970670384,3.6576892462927457,0.2530050204179669,0.9915965211814499,3.34127932577879,3.2866716567676137,0.3841264712882486,2021-10-28,4.0,0,True,False
2021-04-30,2021Q2,5,diag3,gaussian_ar1,10.779350719720625,10.237020561143146,1.7463891956287556,0.7559193405500445,6.983331307653917,6.7502854167053385,3.796019412066708,2021-07-28,10.0,0,True,False
2021-04-30,2021Q3,-8,diag3,gaussian_ar1,3.8672291244987944,3.7943254516668303,0.2798708458620556,0.9913237765343996,3.34127932577879,3.2866716567676137,0.5259497987200046,2021-10-28,10.0,0,True,False
2021-05-07,2021Q2,6,diag3,gaussian_ar1,8.633431011811732,8.28090103444288,1.3011275261725288,0.6829338032862254,6.983331307653917,6.7502854167053385,1.6500997041578147,2021-07-28,13.0,11,False,True
2021-05-07,2021Q3,-7,diag3,gaussian_ar1,3.8466156006091268,3.7744774497345466,0.27535294480585226,0.9908686209346171,3.34127932577879,3.2866716567676137,0.5053362748303369,2021-10-28,13.0,0,True,False
2021-05-14,2021Q2,7,diag3,gaussian_ar1,8.84465695612584,8.47515141865985,1.3453437661253418,0.6739482656543176,6.983331307653917,6.7502854167053385,1.8613256484719232,2021-07-28,6.0,0,True,False
2021-05-14,2021Q3,-6,diag3,gaussian_ar1,4.170542775857378,4.085920447618693,0.34624515117949484,0.9868118190221369,3.34127932577879,3.2866716567676137,0.8292634500785878,2021-10-28,6.0,0,True,False
2021-05-21,2021Q2,8,diag3,gaussian_ar1,6.394476264289306,6.198347476252119,0.8270863127420622,0.5761030619556692,6.983331307653917,6.7502854167053385,-0.5888550433646111,2021-07-28,6.0,0,True,False
2021-05-21,2021Q3,-5,diag3,gaussian_ar1,4.208608867016217,4.12245586038159,0.3545615238034733,0.9727833646275394,3.34127932577879,3.2866716567676137,0.8673295412374271,2021-10-28,6.0,0,True,False
2021-05-28,2021Q2,9,diag3,gaussian_ar1,6.3621878522366115,6.167995042936209,0.8201773406951964,0.5760529349651043,6.983331307653917,6.7502854167053385,-0.6211434554173056,2021-07-28,4.0,0,True,False
2021-05-28,2021Q3,-4,diag3,gaussian_ar1,4.205590805280646,4.119559645305536,0.353902272902766,0.972783092048295,3.34127932577879,3.2866716567676137,0.8643114795018558,2021-10-28,4.0,0,True,False
2021-06-04,2021Q2,10,diag3,gaussian_ar1,6.462593877456824,6.262350626767603,0.8416550286410625,0.5481665809296672,6.983331307653917,6.7502854167053385,-0.5207374301970935,2021-07-28,12.0,13,False,True
2021-06-04,2021Q3,-3,diag3,gaussian_ar1,4.250049337835393,4.16221479553156,0.3636116506485034,0.9579797770964922,3.34127932577879,3.2866716567676137,0.9087700120566033,2021-10-28,12.0,0,True,False
2021-06-11,2021Q2,11,diag3,gaussian_ar1,6.36138709491727,6.167242181087627,0.8200059705314644,0.5353237088337911,6.983331307653917,6.7502854167053385,-0.621944212736647,2021-07-28,5.0,0,True,False
2021-06-11,2021Q3,-2,diag3,gaussian_ar1,4.198544904578871,4.112797878625177,0.3523631258928444,0.9560082180505799,3.34127932577879,3.2866716567676137,0.8572655788000816,2021-10-28,5.0,0,True,False
2021-06-18,2021Q2,12,diag3,gaussian_ar1,6.848954730990342,6.624601314606467,0.9241123344586093,0.5006949229209356,6.983331307653917,6.7502854167053385,-0.13437657666357516,2021-07-28,11.0,0,True,False
2021-06-18,2021Q3,-1,diag3,gaussian_ar1,4.76585601427828,4.655773142357269,0.4759578598049465,0.9165748605357048,3.34127932577879,3.2866716567676137,1.4245766884994904,2021-10-28,11.0,0,True,False
2021-06-25,2021Q2,13,diag3,gaussian_ar1,7.070128729703162,6.831384247615446,0.9711812955879675,0.4966289267644696,6.983331307653917,6.7502854167053385,0.08679742204924512,2021-07-28,0.0,0,True,False
2021-06-25,2021Q3,0,diag3,gaussian_ar1,5.347694909964851,5.209607371864617,0.6020243655917534,0.9005851459586397,3.34127932577879,3.2866716567676137,2.006415584186061,2021-10-28,0.0,0,True,False
2021-07-02,2021Q2,14,diag3,gaussian_ar1,7.27409261310954,7.0216986341577545,1.0145016041461625,0.4913657371084832,6.983331307653917,6.7502854167053385,0.2907613054556224,2021-07-28,11.0,12,False,True
2021-07-02,2021Q3,1,diag3,gaussian_ar1,5.900992754020895,5.733444102311886,0.7212626912348172,0.878077993918046,3.34127932577879,3.2866716567676137,2.5597134282421052,2021-10-28,11.0,0,True,False
2021-07-02,2021Q4,-12,diag3,gaussian_ar1,2.963132771772292,2.9200803913151177,0.08087083089737164,0.9879515362551001,7.0416786109130936,6.804809235885943,-4.078545839140801,2022-01-28,11.0,0,True,False
2021-07-09,2021Q2,15,diag3,gaussian_ar1,7.136690972172954,6.89353189044475,0.9853276515857652,0.4864335083759628,6.983331307653917,6.7502854167053385,0.15335966451903715,2021-07-28,9.0,0,True,False
2021-07-09,2021Q3,2,diag3,gaussian_ar1,5.566054902844697,5.416668382434583,0.6491566241205562,0.866588868203223,3.34127932577879,3.2866716567676137,2.2247755770659072,2021-10-28,9.0,0,True,False
2021-07-09,2021Q4,-11,diag3,gaussian_ar1,2.9511910081535087,2.9084816220668563,0.07823066127142338,0.987943237590784,7.0416786109130936,6.804809235885943,-4.090487602759585,2022-01-28,9.0,0,True,False
2021-07-16,2021Q2,16,diag3,gaussian_ar1,7.1245226936298645,6.88217353178714,0.9827422054158671,0.4855021615660753,6.983331307653917,6.7502854167053385,0.14119138597594727,2021-07-28,8.0,0,True,False
2021-07-16,2021Q3,3,diag3,gaussian_ar1,5.7661950933593165,5.606076530365186,0.6922706501322781,0.8554312420089363,3.34127932577879,3.2866716567676137,2.4249157675805266,2021-10-28,8.0,0,True,False
2021-07-16,2021Q4,-10,diag3,gaussian_ar1,3.073985029875148,3.02768456475883,0.10536422879766585,0.9864106905101928,7.0416786109130936,6.804809235885943,-3.9676935810379454,2022-01-28,8.0,0,True,False
2021-07-23,2021Q2,17,diag3,gaussian_ar1,6.966190979510922,6.734262638999223,0.9490739913039178,0.4812166404128824,6.983331307653917,6.7502854167053385,-0.01714032814299493,2021-07-28,4.0,0,True,False
2021-07-23,2021Q3,4,diag3,gaussian_ar1,7.736802788507657,7.452105557344515,1.1124729717174144,0.754425064420961,3.34127932577879,3.2866716567676137,4.3955234627288675,2021-10-28,4.0,0,True,False
2021-07-23,2021Q4,-9,diag3,gaussian_ar1,3.4928969929207243,3.4332796274594917,0.19768779710534629,0.9855409742671046,7.0416786109130936,6.804809235885943,-3.5487816179923692,2022-01-28,4.0,0,True,False
2021-07-30,2021Q3,5,diag3,gaussian_ar1,7.642929433208323,7.364935459884343,1.0864746292860403,0.7534320194558638,3.34127932577879,3.2866716567676137,4.301650107429533,2021-10-28,10.0,0,True,False
2021-07-30,2021Q4,-8,diag3,gaussian_ar1,3.457703632614817,3.399268263840569,0.18348282998675697,0.9852121288838503,7.0416786109130936,6.804809235885943,-3.5839749782982766,2022-01-28,10.0,0,True,False
2021-08-06,2021Q3,6,diag3,gaussian_ar1,8.123294915059587,7.810200956790772,1.1878626359797284,0.6787018556858706,3.34127932577879,3.2866716567676137,4.782015589280797,2021-10-28,11.0,11,False,True
2021-08-06,2021Q4,-7,diag3,gaussian_ar1,3.5113592895275936,3.4511172284705935,0.1952889618552553,0.9848489375536953,7.0416786109130936,6.804809235885943,-3.5303193213855,2022-01-28,11.0,0,True,False
2021-08-13,2021Q3,7,diag3,gaussian_ar1,8.093145198642727,7.782312497803643,1.1815123679124546,0.6759651916171829,3.34127932577879,3.2866716567676137,4.751865872863937,2021-10-28,6.0,0,True,False
2021-08-13,2021Q4,-6,diag3,gaussian_ar1,3.485236682240811,3.425877579187649,0.18954183402203068,0.9810925069564422,7.0416786109130936,6.804809235885943,-3.5564419286722826,2022-01-28,6.0,0,True,False
2021-08-20,2021Q3,8,diag3,gaussian_ar1,5.457077294577606,5.313383385363224,0.6193313700190682,0.5762658450495413,3.34127932577879,3.2866716567676137,2.115797968798816,2021-10-28,8.0,0,True,False
2021-08-20,2021Q4,-5,diag3,gaussian_ar1,2.962798010764822,2.9197552637256114,0.07429658581751139,0.9670481913734779,7.0416786109130936,6.804809235885943,-4.078880600148271,2022-01-28,8.0,0,True,False
2021-08-27,2021Q3,9,diag3,gaussian_ar1,5.4994398760399354,5.353545768208678,0.62847643957658,0.5762175462293573,3.34127932577879,3.2866716567676137,2.1581605502611456,2021-10-28,4.0,0,True,False
2021-08-27,2021Q4,-4,diag3,gaussian_ar1,2.965964716185443,2.9228307985648865,0.07499689237402102,0.967048027207348,7.0416786109130936,6.804809235885943,-4.0757138947276506,2022-01-28,4.0,0,True,False
2021-09-03,2021Q3,10,diag3,gaussian_ar1,5.493336920162961,5.347760777867929,0.6271591835945519,0.5482221990663901,3.34127932577879,3.2866716567676137,2.1520575943841713,2021-10-28,9.0,11,False,True
2021-09-03,2021Q4,-3,diag3,gaussian_ar1,3.0131200780215917,2.96861735277456,0.08542259905227016,0.9587313229528188,7.0416786109130936,6.804809235885943,-4.028558532891502,2022-01-28,9.0,0,True,False
2021-09-10,2021Q3,11,diag3,gaussian_ar1,5.857838843056418,5.692686499678373,0.705699586196399,0.535572752444202,3.34127932577879,3.2866716567676137,2.516559517277628,2021-10-28,7.0,0,True,False
2021-09-10,2021Q4,-2,diag3,gaussian_ar1,3.2016215258540592,3.151437939575771,0.12705127903562052,0.9568117551343268,7.0416786109130936,6.804809235885943,-3.8400570850590343,2022-01-28,7.0,0,True,False
2021-09-17,2021Q3,12,diag3,gaussian_ar1,5.672882763042231,5.517812490130957,0.6658803606473076,0.5011369732873074,3.34127932577879,3.2866716567676137,2.331603437263441,2021-10-28,10.0,0,True,False
2021-09-17,2021Q4,-1,diag3,gaussian_ar1,3.821382519029193,3.750176082232011,0.2633853701276915,0.9180005632285537,7.0416786109130936,6.804809235885943,-3.2202960918839008,2022-01-28,10.0,0,True,False
2021-09-24,2021Q3,13,diag3,gaussian_ar1,5.969427879277589,5.79804502907847,0.7296899725125862,0.4969950176720846,3.34127932577879,3.2866716567676137,2.628148553498799,2021-10-28,2.0,0,True,False
2021-09-24,2021Q4,0,diag3,gaussian_ar1,4.461324543350109,4.364671684920784,0.40330747213539286,0.9008472171694971,7.0416786109130936,6.804809235885943,-2.5803540675629844,2022-01-28,2.0,0,True,False
2021-10-01,2021Q3,14,diag3,gaussian_ar1,6.054575561247888,5.878363941245118,0.7479787787662923,0.49136573710848314,3.34127932577879,3.2866716567676137,2.713296235469098,2021-10-28,11.0,11,False,True
2021-10-01,2021Q4,1,diag3,gaussian_ar1,4.755948180885516,4.646315574503449,0.4674384518781248,0.878077993918046,7.0416786109130936,6.804809235885943,-2.285730430027577,2022-01-28,11.0,0,True,False
2021-10-01,2022Q1,-13,diag3,gaussian_ar1,2.8552215552114513,2.8152197467902464,0.05049360138595953,0.9879515362551,-1.0153057807451127,-1.0204951651818233,3.870527335956564,2022-04-28,11.0,0,True,False
2021-10-08,2021Q3,15,diag3,gaussian_ar1,5.99495719769374,5.822133338565304,0.7351749375513301,0.48643350837596283,3.34127932577879,3.2866716567676137,2.65367787191495,2021-10-28,9.0,0,True,False
2021-10-08,2021Q4,2,diag3,gaussian_ar1,4.619758797767193,4.516224644385115,0.4378164394265346,0.866588868203223,7.0416786109130936,6.804809235885943,-2.4219198131459008,2022-01-28,9.0,0,True,False
2021-10-08,2022Q1,-12,diag3,gaussian_ar1,2.8530852393999773,2.8131427127172604,0.05002065581537747,0.987943237590784,-1.0153057807451127,-1.0204951651818233,3.86839102014509,2022-04-28,9.0,0,True,False
2021-10-15,2021Q3,16,diag3,gaussian_ar1,5.955822930464771,5.785205644645027,0.7267664143120856,0.4857453979192981,3.34127932577879,3.2866716567676137,2.6145436046859816,2021-10-28,6.0,0,True,False
2021-10-15,2021Q4,3,diag3,gaussian_ar1,4.718125354512326,4.61020339494264,0.45921562318721354,0.8564493231641367,7.0416786109130936,6.804809235885943,-2.3235532564007677,2022-01-28,6.0,0,True,False
2021-10-15,2022Q1,-11,diag3,gaussian_ar1,2.955514839324591,2.9126814184298957,0.0726858545141092,0.9864119875448644,-1.0153057807451127,-1.0204951651818233,3.970820620069704,2022-04-28,6.0,0,True,False
2021-10-22,2021Q3,17,diag3,gaussian_ar1,4.607065505465102,4.504091121487243,0.43505360756703837,0.48121664041288253,3.34127932577879,3.2866716567676137,1.2657861796863124,2021-10-28,6.0,0,True,False
2021-10-22,2021Q4,4,diag3,gaussian_ar1,-0.5528999449130878,-0.554434094145213,-0.7167845473900086,0.754425064420961,7.0416786109130936,6.804809235885943,-7.594578555826182,2022-01-28,6.0,0,True,False
2021-10-22,2022Q1,-10,diag3,gaussian_ar1,2.7342057806631903,2.6974940542844723,0.023687182782402647,0.9855409742671046,-1.0153057807451127,-1.0204951651818233,3.749511561408303,2022-04-28,6.0,0,True,False
2021-10-29,2021Q4,5,diag3,gaussian_ar1,-0.5824509960966728,-0.5841538573519198,-0.7270579578776781,0.7537693620271045,7.0416786109130936,6.804809235885943,-7.624129607009767,2022-01-28,6.0,0,True,False
2021-10-29,2022Q1,-9,diag3,gaussian_ar1,2.684534566260921,2.6491331157581404,0.01164045510029742,0.985326617948062,-1.0153057807451127,-1.0204951651818233,3.6998403470060337,2022-04-28,6.0,0,True,False
2021-11-05,2021Q4,6,diag3,gaussian_ar1,2.3004722638944486,2.2744103419189945,-0.07397122138984236,0.6789249915915389,7.0416786109130936,6.804809235885943,-4.741206347018645,2022-01-28,14.0,12,False,True
2021-11-05,2022Q1,-8,diag3,gaussian_ar1,2.868449568956999,2.8280797290095974,0.052523797753141324,0.9823707079267221,-1.0153057807451127,-1.0204951651818233,3.8837553497021116,2022-04-28,14.0,0,True,False
2021-11-12,2021Q4,7,diag3,gaussian_ar1,2.271673018897613,2.2462547539260376,-0.08040383573550097,0.6789164231659812,7.0416786109130936,6.804809235885943,-4.7700055920154805,2022-01-28,4.0,0,True,False
2021-11-12,2022Q1,-7,diag3,gaussian_ar1,2.867512491951163,2.8271687779085166,0.05231567575893993,0.9823707016587657,-1.0153057807451127,-1.0204951651818233,3.8828182726962757,2022-04-28,4.0,0,True,False
2021-11-19,2021Q4,8,diag3,gaussian_ar1,7.4665426551051794,7.200938202187045,1.0515763536128397,0.5768806361091228,7.0416786109130936,6.804809235885943,0.4248640441920859,2022-01-28,11.0,0,True,False
2021-11-19,2022Q1,-6,diag3,gaussian_ar1,5.7196349934803825,5.5620451164288,0.6771438545619793,0.964936655750722,-1.0153057807451127,-1.0204951651818233,6.734940774225495,2022-04-28,11.0,0,True,False
2021-11-26,2021Q4,9,diag3,gaussian_ar1,7.460912766199401,7.19569932854381,1.0503794454267634,0.5768315110383905,7.0416786109130936,6.804809235885943,0.4192341552863077,2022-01-28,4.0,0,True,False
2021-11-26,2022Q1,-5,diag3,gaussian_ar1,5.719243053481526,5.561674380448281,0.6770591537350124,0.9649364970884073,-1.0153057807451127,-1.0204951651818233,6.734548834226639,2022-04-28,4.0,0,True,False
2021-12-03,2021Q4,10,diag3,gaussian_ar1,7.9979264984841425,7.694184186371368,1.1642666371400845,0.5488442114210627,7.0416786109130936,6.804809235885943,0.956247887571049,2022-01-28,9.0,11,False,True
2021-12-03,2022Q1,-4,diag3,gaussian_ar1,6.085452681630232,5.907474072752246,0.7560628691607127,0.9566269733252483,-1.0153057807451127,-1.0204951651818233,7.100758462375345,2022-04-28,9.0,0,True,False
2021-12-10,2021Q4,11,diag3,gaussian_ar1,7.192166574826242,6.945298698262489,0.9931712391228313,0.5361068388540985,7.0416786109130936,6.804809235885943,0.15048796391314845,2022-01-28,7.0,0,True,False
2021-12-10,2022Q1,-3,diag3,gaussian_ar1,5.647983935596557,5.494247540819643,0.6616543660251589,0.9546849181372499,-1.0153057807451127,-1.0204951651818233,6.663289716341669,2022-04-28,7.0,0,True,False
2021-12-17,2021Q4,12,diag3,gaussian_ar1,6.275223427110399,6.086199060327422,0.7968955777261075,0.5015544309627596,7.0416786109130936,6.804809235885943,-0.7664551838026945,2022-01-28,10.0,0,True,False
2021-12-17,2022Q1,-2,diag3,gaussian_ar1,6.165549243809654,5.9829475124579705,0.7733060370565028,0.9165849270846085,-1.0153057807451127,-1.0204951651818233,7.180855024554766,2022-04-28,10.0,0,True,False
2021-12-24,2021Q4,13,diag3,gaussian_ar1,5.852092899660111,5.687258371342178,0.7057509140211493,0.49746890889866097,7.0416786109130936,6.804809235885943,-1.1895857112529828,2022-01-28,2.0,0,True,False
2021-12-24,2022Q1,-1,diag3,gaussian_ar1,5.194651235637182,5.064226925522262,0.5634089740417685,0.8997054645851827,-1.0153057807451127,-1.0204951651818233,6.209957016382295,2022-04-28,2.0,0,True,False
2021-12-31,2021Q4,14,diag3,gaussian_ar1,5.845465871868316,5.680997526547934,0.704320519456153,0.4973469670224814,7.0416786109130936,6.804809235885943,-1.1962127390447774,2022-01-28,8.0,0,True,False
2021-12-31,2022Q1,0,diag3,gaussian_ar1,5.288919577211537,5.153800042809463,0.5838734487808911,0.8993185190782462,-1.0153057807451127,-1.0204951651818233,6.30422535795665,2022-04-28,8.0,0,True,False
2022-01-07,2021Q4,15,diag3,gaussian_ar1,5.630744752886274,5.4779286403268586,0.6579260406411704,0.4868827420392445,7.0416786109130936,6.804809235885943,-1.4109338580268194,2022-01-28,12.0,11,False,True
2022-01-07,2022Q1,1,diag3,gaussian_ar1,4.483757834403912,4.386144591470867,0.4084897391585254,0.8653723513747082,-1.0153057807451127,-1.0204951651818233,5.499063615149025,2022-04-28,12.0,0,True,False
2022-01-07,2022Q2,-11,diag3,gaussian_ar1,3.0901336580795524,3.043350363773914,0.10170596982251456,0.9854558658876015,0.6276599617172085,0.625698380341202,2.462473696362344,2022-07-28,12.0,0,True,False
2022-01-14,2021Q4,16,diag3,gaussian_ar1,5.50619768049625,5.359951098925798,0.6309721007883841,0.4861862526524561,7.0416786109130936,6.804809235885943,-1.5354809304168437,2022-01-28,6.0,0,True,False
2022-01-14,2022Q1,2,diag3,gaussian_ar1,3.4672989696773238,3.4085424810194542,0.18514020862806735,0.8554484304682376,-1.0153057807451127,-1.0204951651818233,4.4826047504224364,2022-04-28,6.0,0,True,False
2022-01-14,2022Q2,-10,diag3,gaussian_ar1,2.7279052550126304,2.6913610250648348,0.02128812629300577,0.9839265319545016,0.6276599617172085,0.625698380341202,2.100245293295422,2022-07-28,6.0,0,True,False
2022-01-21,2021Q4,17,diag3,gaussian_ar1,5.292270965606938,5.15698303212304,0.5846006558534522,0.48158422722649386,7.0416786109130936,6.804809235885943,-1.7494076453061558,2022-01-28,6.0,0,True,False
2022-01-21,2022Q1,3,diag3,gaussian_ar1,2.2386783892310413,2.213987800468021,-0.08777576019172825,0.7547710278851536,-1.0153057807451127,-1.0204951651818233,3.253984169976154,2022-04-28,6.0,0,True,False
2022-01-21,2022Q2,-9,diag3,gaussian_ar1,2.9222723269279216,2.8803879756616184,0.06447449037920944,0.9830751971264596,0.6276599617172085,0.625698380341202,2.294612365210713,2022-07-28,6.0,0,True,False
2022-01-28,2022Q1,4,diag3,gaussian_ar1,2.413520173461947,2.3848550845698306,-0.055247538874055396,0.7541574919944696,-1.0153057807451127,-1.0204951651818233,3.42882595420706,2022-04-28,6.0,0,True,False
2022-01-28,2022Q2,-8,diag3,gaussian_ar1,3.024069455572098,2.9792458976363907,0.08058912882409786,0.9828466453080751,0.6276599617172085,0.625698380341202,2.3964094938548897,2022-07-28,6.0,0,True,False
2022-02-04,2022Q1,5,diag3,gaussian_ar1,3.468445290095179,3.409650380886592,0.17894985291642335,0.7007769632930282,-1.0153057807451127,-1.0204951651818233,4.483751070840292,2022-04-28,13.0,11,False,True
2022-02-04,2022Q2,-7,diag3,gaussian_ar1,3.3024070765661273,3.2490491672079935,0.14224751294950844,0.9823752372141065,0.6276599617172085,0.625698380341202,2.674747114848919,2022-07-28,13.0,0,True,False
2022-02-11,2022Q1,6,diag3,gaussian_ar1,3.7338746935958067,3.6658536403014907,0.237500214475306,0.6789164231659812,-1.0153057807451127,-1.0204951651818233,4.749180474340919,2022-04-28,5.0,0,True,False
2022-02-11,2022Q2,-6,diag3,gaussian_ar1,3.3067687460192507,3.2532713121697503,0.14321240353922787,0.9823707016587658,0.6276599617172085,0.625698380341202,2.6791087843020422,2022-07-28,5.0,0,True,False
2022-02-18,2022Q1,7,diag3,gaussian_ar1,2.4036494012876775,2.3752164666723092,-0.057450260900764216,0.5768806361091228,-1.0153057807451127,-1.0204951651818233,3.41895518203279,2022-04-28,11.0,0,True,False
2022-02-18,2022Q2,-5,diag3,gaussian_ar1,3.3253099766431538,3.2712174421107516,0.14731364877329686,0.9649366557507221,0.6276599617172085,0.625698380341202,2.6976500149259452,2022-07-28,11.0,0,True,False
2022-02-25,2022Q1,8,diag3,gaussian_ar1,2.4036494012876775,2.3752164666723092,-0.057450260900764216,0.5768806361091228,-1.0153057807451127,-1.0204951651818233,3.41895518203279,2022-04-28,0.0,0,True,False
2022-02-25,2022Q2,-4,diag3,gaussian_ar1,3.3253099766431538,3.2712174421107516,0.14731364877329686,0.9649366557507221,0.6276599617172085,0.625698380341202,2.6976500149259452,2022-07-28,0.0,0,True,False
2022-03-04,2022Q1,9,diag3,gaussian_ar1,2.364520759844968,2.3369989625668928,-0.06618414152492341,0.548844844670384,-1.0153057807451127,-1.0204951651818233,3.3798265405900807,2022-04-28,12.0,11,False,True
2022-03-04,2022Q2,-3,diag3,gaussian_ar1,3.228484397499809,3.1774640578856355,0.12588810346101043,0.9566269781918835,0.6276599617172085,0.625698380341202,2.6008244357826005,2022-07-28,12.0,0,True,False
2022-03-11,2022Q1,10,diag3,gaussian_ar1,3.0597431889518134,3.013866504930337,0.08850100738129454,0.5361068388540984,-1.0153057807451127,-1.0204951651818233,4.075048969696926,2022-04-28,8.0,0,True,False
2022-03-11,2022Q2,-2,diag3,gaussian_ar1,3.599425807164769,3.5361601420047584,0.20786124253384122,0.9546849181372499,0.6276599617172085,0.625698380341202,2.9717658454475604,2022-07-28,8.0,0,True,False
2022-03-18,2022Q1,11,diag3,gaussian_ar1,4.073235166401412,3.9924649624178183,0.3121409939985958,0.5014964284455371,-1.0153057807451127,-1.0204951651818233,5.088540947146525,2022-04-28,12.0,0,True,False
2022-03-18,2022Q2,-1,diag3,gaussian_ar1,4.893159709674033,4.777211956329687,0.49147993110157284,0.9155617966201979,0.6276599617172085,0.625698380341202,4.265499747956825,2022-07-28,12.0,0,True,False
2022-03-25,2022Q1,12,diag3,gaussian_ar1,4.25897045000776,4.170771847103612,0.3528896269029286,0.497468908898661,-1.0153057807451127,-1.0204951651818233,5.274276230752872,2022-04-28,0.0,0,True,False
2022-03-25,2022Q2,0,diag3,gaussian_ar1,5.394697535926585,5.254214084539372,0.6004896569528964,0.8997054645851827,0.6276599617172085,0.625698380341202,4.767037574209376,2022-07-28,0.0,0,True,False
2022-04-01,2022Q1,13,diag3,gaussian_ar1,4.647739688497787,4.542966389854192,0.4379475808807858,0.49182887915667456,-1.0153057807451127,-1.0204951651818233,5.6630454692429,2022-04-28,11.0,11,False,True
2022-04-01,2022Q2,1,diag3,gaussian_ar1,6.537373837601312,6.33256656531357,0.8469265203301923,0.8769350381371565,0.6276599617172085,0.625698380341202,5.909713875884104,2022-07-28,11.0,0,True,False
2022-04-01,2022Q3,-12,diag3,gaussian_ar1,3.0914570663275853,3.0446340945312493,0.09553235233585439,0.9854643926731668,2.9190173117406015,2.877225330117275,0.1724397545869838,2022-10-28,11.0,0,True,False
2022-04-08,2022Q1,14,diag3,gaussian_ar1,4.5120361408601095,4.413205716569031,0.40829325737873123,0.4868827420392444,-1.0153057807451127,-1.0204951651818233,5.527341921605222,2022-04-28,9.0,0,True,False
2022-04-08,2022Q2,2,diag3,gaussian_ar1,6.321544215290742,6.129775253349543,0.8005824392142459,0.8653723513747082,0.6276599617172085,0.625698380341202,5.6938842535735334,2022-07-28,9.0,0,True,False
2022-04-08,2022Q3,-11,diag3,gaussian_ar1,3.089412897435806,3.0426512055346095,0.09507920092806384,0.9854558658876015,2.9190173117406015,2.877225330117275,0.1703955856952044,2022-10-28,9.0,0,True,False
2022-04-15,2022Q1,15,diag3,gaussian_ar1,4.586590427290083,4.484515883271625,0.4245898339827767,0.4861862526524561,-1.0153057807451127,-1.0204951651818233,5.601896208035195,2022-04-28,6.0,0,True,False
2022-04-15,2022Q2,3,diag3,gaussian_ar1,8.182349426045011,7.864803796797608,1.1970900744639414,0.8554484304682376,0.6276599617172085,0.625698380341202,7.554689464327803,2022-07-28,6.0,0,True,False
2022-04-15,2022Q3,-10,diag3,gaussian_ar1,3.9418302824805185,3.8661232466227586,0.2832680079301752,0.9839265319545016,2.9190173117406015,2.877225330117275,1.022812970739917,2022-10-28,6.0,0,True,False
2022-04-22,2022Q1,16,diag3,gaussian_ar1,4.256162764274096,4.168078818841769,0.35227418672945354,0.48158422722649386,-1.0153057807451127,-1.0204951651818233,5.271468545019209,2022-04-28,6.0,0,True,False
2022-04-22,2022Q2,4,diag3,gaussian_ar1,8.316308158944752,7.988553986742928,1.2253708167965176,0.7547710278851536,0.6276599617172085,0.625698380341202,7.688648197227543,2022-07-28,6.0,0,True,False
2022-04-22,2022Q3,-9,diag3,gaussian_ar1,3.975743365806683,3.8987449082089736,0.2907230656249381,0.9830751971264595,2.9190173117406015,2.877225330117275,1.0567260540660817,2022-10-28,6.0,0,True,False
2022-04-29,2022Q2,5,diag3,gaussian_ar1,7.89249182335896,7.596509927062383,1.1425675914180247,0.7541574919944696,0.6276599617172085,0.625698380341202,7.264831861641752,2022-07-28,6.0,0,True,False
2022-04-29,2022Q3,-8,diag3,gaussian_ar1,3.7142421904298173,3.6469260129800274,0.23901890058984648,0.9828466453080749,2.9190173117406015,2.877225330117275,0.7952248786892158,2022-10-28,6.0,0,True,False
2022-05-06,2022Q2,6,diag3,gaussian_ar1,5.924753223451074,5.7558780792774344,0.7214851350020697,0.6789249915915389,0.6276599617172085,0.625698380341202,5.297093261733865,2022-07-28,14.0,11,False,True
2022-05-06,2022Q3,-7,diag3,gaussian_ar1,3.5447758149200315,3.483394973504039,0.2016078061954561,0.9823707079267222,2.9190173117406015,2.877225330117275,0.6257585031794299,2022-10-28,14.0,0,True,False
2022-05-13,2022Q2,7,diag3,gaussian_ar1,5.584120379198354,5.433779877960102,0.6477985354894714,0.67633396190463,0.6276599617172085,0.625698380341202,4.9564604174811455,2022-07-28,6.0,0,True,False
2022-05-13,2022Q3,-6,diag3,gaussian_ar1,3.0603482384923497,3.0144535894172106,0.0943278033181777,0.978707059422965,2.9190173117406015,2.877225330117275,0.1413309267517482,2022-10-28,6.0,0,True,False
2022-05-20,2022Q2,8,diag3,gaussian_ar1,2.995162025363829,2.9511830510854304,0.07985336415666505,0.5768806361091228,0.6276599617172085,0.625698380341202,2.3675020636466204,2022-07-28,9.0,0,True,False
2022-05-20,2022Q3,-5,diag3,gaussian_ar1,1.649918818419338,1.6364555447670233,-0.22091763931391023,0.9649366557507221,2.9190173117406015,2.877225330117275,-1.2690984933212635,2022-10-28,9.0,0,True,False
2022-05-27,2022Q2,9,diag3,gaussian_ar1,2.992130212366506,2.9482393617300313,0.07917993456986921,0.5768315110383905,0.6276599617172085,0.625698380341202,2.3644702506492976,2022-07-28,4.0,0,True,False
2022-05-27,2022Q3,-4,diag3,gaussian_ar1,1.649699637916191,1.636239921634216,-0.22096696754787068,0.9649364970884075,2.9190173117406015,2.877225330117275,-1.2693176738244105,2022-10-28,4.0,0,True,False
2022-06-03,2022Q2,10,diag3,gaussian_ar1,3.6232381258947344,3.5591424918914387,0.2189366115990805,0.5488442114210627,0.6276599617172085,0.625698380341202,2.995578164177526,2022-07-28,9.0,11,False,True
2022-06-03,2022Q3,-3,diag3,gaussian_ar1,2.0665800385554656,2.0455159826546594,-0.12733663656444744,0.9566269733252484,2.9190173117406015,2.877225330117275,-0.852437273185136,2022-10-28,9.0,0,True,False
2022-06-10,2022Q2,11,diag3,gaussian_ar1,4.030823021703855,3.9517044451515724,0.30874324608340115,0.5361068388540985,0.6276599617172085,0.625698380341202,3.403163059986647,2022-07-28,7.0,0,True,False
2022-06-10,2022Q3,-2,diag3,gaussian_ar1,2.2645429858186183,2.239282851129392,-0.08300847335921063,0.9546849181372501,2.9190173117406015,2.877225330117275,-0.6544743259219832,2022-10-28,7.0,0,True,False
2022-06-17,2022Q2,12,diag3,gaussian_ar1,4.448095218934767,4.352006555269776,0.4003206009139786,0.5015544309627598,0.6276599617172085,0.625698380341202,3.820435257217558,2022-07-28,10.0,0,True,False
2022-06-17,2022Q3,-1,diag3,gaussian_ar1,3.2654005425702737,3.2132192527423244,0.13979954383207122,0.9165849270846086,2.9190173117406015,2.877225330117275,0.34638323082967215,2022-10-28,10.0,0,True,False
2022-06-24,2022Q2,13,diag3,gaussian_ar1,4.293963568236481,4.204329867969484,0.3665365162157747,0.4974689088986611,0.6276599617172085,0.625698380341202,3.6663036065192722,2022-07-28,2.0,0,True,False
2022-06-24,2022Q3,0,diag3,gaussian_ar1,3.099861999671294,3.0527866524434297,0.10309728123439044,0.8997054645851827,2.9190173117406015,2.877225330117275,0.18084468793069242,2022-10-28,2.0,0,True,False
2022-07-01,2022Q2,14,diag3,gaussian_ar1,3.957007593484363,3.8807239160501297,0.29250498768984556,0.4918288791566746,0.6276599617172085,0.625698380341202,3.3293476317671544,2022-07-28,11.0,11,False,True
2022-07-01,2022Q3,1,diag3,gaussian_ar1,2.1625836410881893,2.1395315560178516,-0.10582863722130403,0.8769350381371567,2.9190173117406015,2.877225330117275,-0.7564336706524122,2022-10-28,11.0,0,True,False
2022-07-01,2022Q4,-13,diag3,gaussian_ar1,3.0751086277889916,3.028774647566297,0.09760404041640572,0.985464392673167,2.7896792303830242,2.7514765401293477,0.2854293974059674,2023-01-28,11.0,0,True,False
2022-07-08,2022Q2,15,diag3,gaussian_ar1,4.262562089419797,4.174216709002187,0.3596475107019057,0.48688274203924437,0.6276599617172085,0.625698380341202,3.6349021277025884,2022-07-28,9.0,0,True,False
2022-07-08,2022Q3,2,diag3,gaussian_ar1,2.7076488074814664,2.6716405363799525,0.015902254701218588,0.8653723513747084,2.9190173117406015,2.877225330117275,-0.21136850425913511,2022-10-28,9.0,0,True,False
2022-07-08,2022Q4,-12,diag3,gaussian_ar1,3.088377270677256,3.0416466096877794,0.10054876694361957,0.9854558658876015,2.7896792303830242,2.7514765401293477,0.29869804029423186,2023-01-28,9.0,0,True,False
2022-07-15,2022Q2,16,diag3,gaussian_ar1,4.320353463651738,4.2296300448044,0.37232445290839744,0.486186252652456,0.6276599617172085,0.625698380341202,3.6926935019345297,2022-07-28,6.0,0,True,False
2022-07-15,2022Q3,3,diag3,gaussian_ar1,2.9797216763828738,2.9361905930416174,0.0764235305001415,0.8554484304682377,2.9190173117406015,2.877225330117275,0.060704364642272246,2022-10-28,6.0,0,True,False
2022-07-15,2022Q4,-11,diag3,gaussian_ar1,3.159820697428528,3.110925692184119,0.11639778437255768,0.9839265319545017,2.7896792303830242,2.7514765401293477,0.3701414670455039,2023-01-28,6.0,0,True,False
2022-07-22,2022Q2,17,diag3,gaussian_ar1,4.172108432197619,4.087423410484139,0.33979175552500573,0.4815842272264938,0.6276599617172085,0.625698380341202,3.5444484704804102,2022-07-28,6.0,0,True,False
2022-07-22,2022Q3,4,diag3,gaussian_ar1,2.267401092873156,2.2420776292923956,-0.08236911027558724,0.7547710278851536,2.9190173117406015,2.877225330117275,-0.6516162188674457,2022-10-28,6.0,0,True,False
2022-07-22,2022Q4,-10,diag3,gaussian_ar1,3.5491803164166225,3.4876485998092472,0.20258091084722452,0.9830751971264596,2.7896792303830242,2.7514765401293477,0.7595010860335982,2023-01-28,6.0,0,True,False
2022-07-29,2022Q3,5,diag3,gaussian_ar1,1.995621768341893,1.9759702535139887,-0.1406088533531224,0.7541574919944697,2.9190173117406015,2.877225330117275,-0.9233955433987084,2022-10-28,6.0,0,True,False
2022-07-29,2022Q4,-9,diag3,gaussian_ar1,3.378079915771326,3.322276053488191,0.16821330775543655,0.9828466453080751,2.7896792303830242,2.7514765401293477,0.5884006853883017,2023-01-28,6.0,0,True,False
2022-08-05,2022Q3,6,diag3,gaussian_ar1,2.6565245967265616,2.6218517042155502,0.007546569753135855,0.6789249915915391,2.9190173117406015,2.877225330117275,-0.2624927150140399,2022-10-28,14.0,11,False,True
2022-08-05,2022Q4,-8,diag3,gaussian_ar1,3.5379733226304166,3.476825143500916,0.2036645284038253,0.9823707079267223,2.7896792303830242,2.7514765401293477,0.7482940922473924,2023-01-28,14.0,0,True,False
2022-08-12,2022Q3,7,diag3,gaussian_ar1,2.686067585945384,2.650626045776775,0.01414696792833766,0.6789164231659813,2.9190173117406015,2.877225330117275,-0.23294972579521733,2022-10-28,4.0,0,True,False
2022-08-12,2022Q4,-7,diag3,gaussian_ar1,3.538988702850321,3.477805822577897,0.20388948133198842,0.9823707016587659,2.7896792303830242,2.7514765401293477,0.7493094724672966,2023-01-28,4.0,0,True,False
2022-08-19,2022Q3,8,diag3,gaussian_ar1,-0.11623645795246773,-0.11630406491762812,-0.620544895121917,0.5935287941191351,2.9190173117406015,2.877225330117275,-3.0352537696930693,2022-10-28,11.0,0,True,False
2022-08-19,2022Q4,-6,diag3,gaussian_ar1,0.5507223342901657,0.5492114036592697,-0.4678857256664849,0.9698850080320065,2.7896792303830242,2.7514765401293477,-2.2389568960928585,2023-01-28,11.0,0,True,False
2022-08-26,2022Q3,9,diag3,gaussian_ar1,0.7268856882066688,0.7242566067783252,-0.42773300707911105,0.5768315110383904,2.9190173117406015,2.877225330117275,-2.1921316235339328,2022-10-28,4.0,0,True,False
2022-08-26,2022Q4,-5,diag3,gaussian_ar1,1.147402243550344,1.140869507689097,-0.332168317090079,0.9649364970884076,2.7896792303830242,2.7514765401293477,-1.6422769868326803,2023-01-28,4.0,0,True,False
2022-09-02,2022Q3,10,diag3,gaussian_ar1,1.658243192692277,1.6446444676270373,-0.21660997080397248,0.5556159795688602,2.9190173117406015,2.877225330117275,-1.2607741190483246,2022-10-28,8.0,2,True,True
2022-09-02,2022Q4,-4,diag3,gaussian_ar1,1.8518466586199267,1.8349087680100022,-0.1729662217930114,0.954870713403601,2.7896792303830242,2.7514765401293477,-0.9378325717630975,2023-01-28,8.0,0,True,False
2022-09-09,2022Q3,11,diag3,gaussian_ar1,2.0372781710299437,2.0168032792458517,-0.1312423756544027,0.539048514782242,2.9190173117406015,2.877225330117275,-0.8817391407106578,2022-10-28,8.0,0,True,False
2022-09-09,2022Q4,-3,diag3,gaussian_ar1,2.0887788349249092,2.0672629469072015,-0.11966769208972054,0.9516689206689803,2.7896792303830242,2.7514765401293477,-0.700900395458115,2023-01-28,8.0,0,True,False
2022-09-16,2022Q3,12,diag3,gaussian_ar1,2.0941269445656774,2.0725014947881517,-0.11846604854209802,0.5312620822979303,2.9190173117406015,2.877225330117275,-0.8248903671749241,2022-10-28,8.0,0,True,False
2022-09-16,2022Q4,-2,diag3,gaussian_ar1,2.400374890270829,2.372018764841557,-0.049761322892842935,0.9260504897505896,2.7896792303830242,2.7514765401293477,-0.3893043401121954,2023-01-28,8.0,0,True,False
2022-09-23,2022Q3,13,diag3,gaussian_ar1,1.7790286582130665,1.7633891584248076,-0.18937173708839486,0.5014791778131816,2.9190173117406015,2.877225330117275,-1.139988653527535,2022-10-28,4.0,0,True,False
2022-09-23,2022Q4,-1,diag3,gaussian_ar1,1.610294731021833,1.597467011588288,-0.22743176473056015,0.898371994608596,2.7896792303830242,2.7514765401293477,-1.1793844993611913,2023-01-28,4.0,0,True,False
2022-09-30,2022Q3,14,diag3,gaussian_ar1,1.8632938659066456,1.8461472132912724,-0.1703882926484377,0.5013609885994182,2.9190173117406015,2.877225330117275,-1.055723445833956,2022-10-28,8.0,0,True,False
2022-09-30,2022Q4,0,diag3,gaussian_ar1,2.0044748850161165,1.9846497755583705,-0.1386179024449508,0.8980012371970519,2.7896792303830242,2.7514765401293477,-0.7852043453669078,2023-01-28,8.0,0,True,False
2022-10-07,2022Q3,15,diag3,gaussian_ar1,1.785458175666621,1.7697060927346067,-0.18792272802583987,0.49091371753957375,2.9190173117406015,2.877225330117275,-1.1335591360739805,2022-10-28,12.0,11,False,True
2022-10-07,2022Q4,1,diag3,gaussian_ar1,1.6033455466507585,1.5906277222922791,-0.22900059411603899,0.8633497434798191,2.7896792303830242,2.7514765401293477,-1.1863336837322658,2023-01-28,12.0,0,True,False
2022-10-07,2023Q1,-12,diag3,gaussian_ar1,2.611933071508976,2.5784046725326855,-0.002419521322392114,0.9822513283679197,2.9269931752128775,2.884974679698935,-0.31506010370390136,2023-04-28,12.0,0,True,False
2022-10-14,2022Q3,16,diag3,gaussian_ar1,1.7665154565720265,1.7510939232613563,-0.1921920778271689,0.4902344083277651,2.9190173117406015,2.877225330117275,-1.152501855168575,2022-10-28,6.0,0,True,False
2022-10-14,2022Q4,2,diag3,gaussian_ar1,1.394462438172428,1.3848292614364703,-0.27620764427917716,0.8539143868931109,2.7896792303830242,2.7514765401293477,-1.3952167922105962,2023-01-28,6.0,0,True,False
2022-10-14,2023Q1,-11,diag3,gaussian_ar1,2.5258026964635416,2.4944314534813774,-0.021681706023048,0.9807323032143399,2.9269931752128775,2.884974679698935,-0.4011904787493359,2023-04-28,6.0,0,True,False
2022-10-21,2022Q3,17,diag3,gaussian_ar1,2.161757230317063,2.1387226354872717,-0.10327592176542663,0.4857253002806952,2.9190173117406015,2.877225330117275,-0.7572600814235386,2022-10-28,6.0,0,True,False
2022-10-21,2022Q4,3,diag3,gaussian_ar1,1.8365343041315318,1.8198736889889429,-0.17641504121859103,0.7560246881369432,2.7896792303830242,2.7514765401293477,-0.9531449262514924,2023-01-28,6.0,0,True,False
2022-10-21,2023Q1,-10,diag3,gaussian_ar1,2.6858728911051344,2.6504364435947183,0.014103476059243055,0.9798726888488454,2.9269931752128775,2.884974679698935,-0.2411202841077431,2023-04-28,6.0,0,True,False
2022-10-28,2022Q4,4,diag3,gaussian_ar1,1.8984773234256513,1.8806811277378577,-0.16344801569197281,0.7554147073753253,2.7896792303830242,2.7514765401293477,-0.8912019069573729,2023-01-28,6.0,0,True,False
2022-10-28,2023Q1,-9,diag3,gaussian_ar1,2.720367385814515,2.68402305224609,0.021441097151576202,0.9796400483605023,2.9269931752128775,2.884974679698935,-0.2066257893983625,2023-04-28,6.0,0,True,False
2022-11-04,2022Q4,5,diag3,gaussian_ar1,1.8389947278719232,1.8222897119173727,-0.1768867977838411,0.7048304003360406,2.7896792303830242,2.7514765401293477,-0.950684502511101,2023-01-28,13.0,3,True,True
2022-11-04,2023Q1,-8,diag3,gaussian_ar1,2.8026729720665333,2.7641168368734736,0.03987467858466806,0.9816224447176349,2.9269931752128775,2.884974679698935,-0.12432020314634418,2023-04-28,13.0,0,True,False
2022-11-11,2022Q4,6,diag3,gaussian_ar1,2.412008973436297,2.383379487233925,-0.047752007703803966,0.6834770342199055,2.7896792303830242,2.7514765401293477,-0.3776702569467272,2023-01-28,5.0,0,True,False
2022-11-11,2023Q1,-7,diag3,gaussian_ar1,2.8191216816594755,2.7801158311977145,0.043556846509376704,0.9816101381174317,2.9269931752128775,2.884974679698935,-0.10787149355340198,2023-04-28,5.0,0,True,False
2022-11-18,2022Q4,7,diag3,gaussian_ar1,2.525620460311906,2.4942537067007553,-0.022234310383336175,0.6018376122366015,2.7896792303830242,2.7514765401293477,-0.26405877007111833,2023-01-28,11.0,0,True,False
2022-11-18,2023Q1,-6,diag3,gaussian_ar1,2.877880045964809,2.83724682038085,0.05670554145942598,0.9700143848899292,2.9269931752128775,2.884974679698935,-0.04911312924806843,2023-04-28,11.0,0,True,False
2022-11-25,2022Q4,8,diag3,gaussian_ar1,2.106833747967407,2.084946885226119,-0.11643625950927507,0.585000334338652,2.7896792303830242,2.7514765401293477,-0.6828454824156172,2023-01-28,0.0,0,True,False
2022-11-25,2023Q1,-5,diag3,gaussian_ar1,2.5835195847295767,2.5507106017399925,-0.009240758174423672,0.9649548362100279,2.9269931752128775,2.884974679698935,-0.34347359048330084,2023-04-28,0.0,0,True,False
2022-12-02,2022Q4,9,diag3,gaussian_ar1,1.7313243798135813,1.7165077309582557,-0.20123251660878205,0.5606465351876102,2.7896792303830242,2.7514765401293477,-1.058354850569443,2023-01-28,11.0,11,False,True
2022-12-02,2023Q1,-4,diag3,gaussian_ar1,2.4055537708984165,2.3770761190524925,-0.04920272764687772,0.9576161087787951,2.9269931752128775,2.884974679698935,-0.521439404314461,2023-04-28,11.0,0,True,False
2022-12-09,2022Q4,10,diag3,gaussian_ar1,2.4007733061262915,2.372407840644086,-0.050277131741952655,0.5441102695464173,2.7896792303830242,2.7514765401293477,-0.38890592425673276,2023-01-28,9.0,0,True,False
2022-12-09,2023Q1,-3,diag3,gaussian_ar1,2.8269619250837152,2.787740818059153,0.04531173694051918,0.954366348778242,2.9269931752128775,2.884974679698935,-0.10003125012916225,2023-04-28,9.0,0,True,False
2022-12-16,2022Q4,11,diag3,gaussian_ar1,1.856221619381082,1.8392040919987007,-0.17299395386255606,0.5395930447762458,2.7896792303830242,2.7514765401293477,-0.9334576110019421,2023-01-28,8.0,0,True,False
2022-12-16,2023Q1,-2,diag3,gaussian_ar1,2.1855581293139137,2.162017190703329,-0.09869853168561449,0.9467916967626996,2.9269931752128775,2.884974679698935,-0.7414350458989638,2023-04-28,8.0,0,True,False
2022-12-23,2022Q4,12,diag3,gaussian_ar1,1.7695003932229003,1.7540270028331693,-0.192597457638425,0.5068053066000708,2.7896792303830242,2.7514765401293477,-1.020178837160124,2023-01-28,4.0,0,True,False
2022-12-23,2023Q1,-1,diag3,gaussian_ar1,1.5673205584072925,1.555164936928983,-0.2383655544121215,0.9017168030199565,2.9269931752128775,2.884974679698935,-1.359672616805585,2023-04-28,4.0,0,True,False
2022-12-30,2022Q4,13,diag3,gaussian_ar1,1.7881599197868692,1.772360409286707,-0.1883780248524793,0.5066924765557687,2.7896792303830242,2.7514765401293477,-1.001519310596155,2023-01-28,8.0,0,True,False
2022-12-30,2023Q1,0,diag3,gaussian_ar1,1.6501961878572224,1.6367284117429044,-0.21959372383946163,0.9013592132201693,2.9269931752128775,2.884974679698935,-1.276796987355655,2023-04-28,8.0,0,True,False
2023-01-06,2022Q4,14,diag3,gaussian_ar1,1.6694857001884778,1.6557029765366302,-0.21522672848632857,0.4963040647764125,2.7896792303830242,2.7514765401293477,-1.1201935301945465,2023-01-28,10.0,11,False,True
2023-01-06,2023Q1,1,diag3,gaussian_ar1,1.2750678126315806,1.2670072689494065,-0.30468503054854207,0.8665514365741042,2.9269931752128775,2.884974679698935,-1.6519253625812969,2023-04-28,10.0,0,True,False
2023-01-06,2023Q2,-12,diag3,gaussian_ar1,2.60492448143681,2.5715742491859337,-0.004438990521973569,0.9846365084042079,2.5352403907615395,2.503636219206331,0.06968409067527048,2023-07-28,10.0,0,True,False
2023-01-13,2022Q4,15,diag3,gaussian_ar1,1.654463515484772,1.640926375168235,-0.21862756271954475,0.49629953308706865,2.7896792303830242,2.7514765401293477,-1.1352157148982522,2023-01-28,6.0,0,True,False
2023-01-13,2023Q1,2,diag3,gaussian_ar1,0.6052307579839544,0.6034065932025201,-0.45741270039638177,0.8614201843585527,2.9269931752128775,2.884974679698935,-2.321762417228923,2023-04-28,6.0,0,True,False
2023-01-13,2023Q2,-11,diag3,gaussian_ar1,2.2575717191015032,2.232465723573413,-0.08248480457128174,0.9834433786572672,2.5352403907615395,2.503636219206331,-0.2776686716600363,2023-07-28,6.0,0,True,False
2023-01-20,2022Q4,16,diag3,gaussian_ar1,1.1739497011912903,1.1671123708749327,-0.3276758374753589,0.49111554760967413,2.7896792303830242,2.7514765401293477,-1.615729529191734,2023-01-28,8.0,0,True,False
2023-01-20,2023Q1,3,diag3,gaussian_ar1,-2.884631043325203,-2.927054353832636,-1.2699481507598178,0.7602910043139903,2.9269931752128775,2.884974679698935,-5.81162421853808,2023-04-28,8.0,0,True,False
2023-01-20,2023Q2,-10,diag3,gaussian_ar1,2.0006057767038454,1.9808566265836651,-0.14039262850849024,0.9823404262863021,2.5352403907615395,2.503636219206331,-0.5346346140576941,2023-07-28,8.0,0,True,False
2023-01-27,2022Q4,17,diag3,gaussian_ar1,1.2494468279332427,1.2417056555812738,-0.31050819588627565,0.49104185938194095,2.7896792303830242,2.7514765401293477,-1.5402324024497815,2023-01-28,4.0,0,True,False
2023-01-27,2023Q1,4,diag3,gaussian_ar1,-2.841024763673594,-2.882162908629148,-1.2596163863831253,0.7602738744696745,2.9269931752128775,2.884974679698935,-5.768017938886471,2023-04-28,4.0,0,True,False
2023-01-27,2023Q2,-9,diag3,gaussian_ar1,2.002833338379495,1.9830404737633045,-0.1398900161645913,0.9823403947857445,2.5352403907615395,2.503636219206331,-0.5324070523820446,2023-07-28,4.0,0,True,False
2023-02-03,2023Q1,5,diag3,gaussian_ar1,-1.716521791709924,-1.7314248156610414,-0.9983239503677634,0.7048427754732943,2.9269931752128775,2.884974679698935,-4.643514966922801,2023-04-28,12.0,11,False,True
2023-02-03,2023Q2,-8,diag3,gaussian_ar1,2.2987070738638593,2.2726848315466093,-0.07371573747208378,0.9816224456362526,2.5352403907615395,2.503636219206331,-0.2365333168976802,2023-07-28,12.0,0,True,False
2023-02-10,2023Q1,6,diag3,gaussian_ar1,-0.5675083321872276,-0.5691247792716849,-0.7299316599008949,0.6834770342235887,2.9269931752128775,2.884974679698935,-3.494501507400105,2023-04-28,7.0,0,True,False
2023-02-10,2023Q2,-7,diag3,gaussian_ar1,2.3324696723011407,2.3056833211028103,-0.06609589757132266,0.9816101381183063,2.5352403907615395,2.503636219206331,-0.20277071846039885,2023-07-28,7.0,0,True,False
2023-02-17,2023Q1,7,diag3,gaussian_ar1,2.016785193843229,1.9967174481502268,-0.13744069299560913,0.585277569829795,2.9269931752128775,2.884974679698935,-0.9102079813696484,2023-04-28,10.0,0,True,False
2023-02-17,2023Q2,-6,diag3,gaussian_ar1,2.5397452499046125,2.508029596711357,-0.019371146063334593,0.9655802568618869,2.5352403907615395,2.503636219206331,0.00450485914307297,2023-07-28,10.0,0,True,False
2023-02-24,2023Q1,8,diag3,gaussian_ar1,2.171399850937039,2.1481607714852515,-0.10247018697027344,0.5850003343386518,2.9269931752128775,2.884974679698935,-0.7555933242758384,2023-04-28,2.0,0,True,False
2023-02-24,2023Q2,-5,diag3,gaussian_ar1,2.839801238474693,2.8002263681890445,0.04810141550307473,0.964954836210028,2.5352403907615395,2.503636219206331,0.3045608477131534,2023-07-28,2.0,0,True,False
2023-03-03,2023Q1,9,diag3,gaussian_ar1,2.7493852836052213,2.712268472904484,0.027790634946444015,0.5584684304670737,2.9269931752128775,2.884974679698935,-0.17760789160765622,2023-04-28,12.0,12,False,True
2023-03-03,2023Q2,-4,diag3,gaussian_ar1,3.416601604075953,3.359532029770649,0.17725337530968,0.9567593405868179,2.5352403907615395,2.503636219206331,0.8813612133144133,2023-07-28,12.0,0,True,False
2023-03-10,2023Q1,10,diag3,gaussian_ar1,2.6762201414424203,2.6410357313919013,0.011341940072281509,0.5462088160345652,2.9269931752128775,2.884974679698935,-0.25077303377045723,2023-04-28,8.0,0,True,False
2023-03-10,2023Q2,-3,diag3,gaussian_ar1,3.3718904216481382,3.316288633886688,0.1672678348248703,0.9547039222848815,2.5352403907615395,2.503636219206331,0.8366500308865987,2023-07-28,8.0,0,True,False
2023-03-17,2023Q1,11,diag3,gaussian_ar1,2.30594518672953,2.279760049816315,-0.07208196479935952,0.513067295022313,2.9269931752128775,2.884974679698935,-0.6210479884833475,2023-04-28,10.0,0,True,False
2023-03-17,2023Q2,-2,diag3,gaussian_ar1,2.438455028613018,2.4091993509598724,-0.0421925133473315,0.9201557188552024,2.5352403907615395,2.503636219206331,-0.09678536214852151,2023-07-28,10.0,0,True,False
2023-03-24,2023Q1,12,diag3,gaussian_ar1,2.070558499308528,2.0494138140655167,-0.12527232174508374,0.5089719317213904,2.9269931752128775,2.884974679698935,-0.8564346759043495,2023-04-28,2.0,0,True,False
2023-03-24,2023Q2,-1,diag3,gaussian_ar1,1.892037602790153,1.874361186262687,-0.16569456579335545,0.9029891590591537,2.5352403907615395,2.503636219206331,-0.6432027879713864,2023-07-28,2.0,0,True,False
2023-03-31,2023Q1,13,diag3,gaussian_ar1,2.0010525424118963,1.9812946286192639,-0.14100205041604857,0.5088616759700924,2.9269931752128775,2.884974679698935,-0.9259406328009812,2023-04-28,8.0,0,True,False
2023-03-31,2023Q2,0,diag3,gaussian_ar1,1.9495039698248728,1.9307445594591248,-0.15267480996210736,0.9026385890877219,2.5352403907615395,2.503636219206331,-0.5857364209366667,2023-07-28,8.0,0,True,False
2023-04-07,2023Q1,14,diag3,gaussian_ar1,1.8440798073445785,1.8272828410571489,-0.17656565286684117,0.49842673930665177,2.9269931752128775,2.884974679698935,-1.082913367868299,2023-04-28,12.0,11,False,True
2023-04-07,2023Q2,1,diag3,gaussian_ar1,1.4901614582923717,1.47916763501992,-0.2569506090481376,0.8675044957216677,2.5352403907615395,2.503636219206331,-1.0450789324691678,2023-07-28,12.0,0,True,False
2023-04-07,2023Q3,-12,diag3,gaussian_ar1,2.648603833903862,2.6141356155945035,0.005130304980953935,0.9844899449728486,4.694888429547928,4.5880109584365245,-2.0462845956440656,2023-10-28,12.0,0,True,False
2023-04-14,2023Q1,15,diag3,gaussian_ar1,1.7574706797422346,1.7422057553284858,-0.19621121183618878,0.49774068999330107,2.9269931752128775,2.884974679698935,-1.169522495470643,2023-04-28,6.0,0,True,False
2023-04-14,2023Q2,2,diag3,gaussian_ar1,0.6114595697460867,0.6095977414158851,-0.4577471746151688,0.8583207244126309,2.5352403907615395,2.503636219206331,-1.9237808210154528,2023-07-28,6.0,0,True,False
2023-04-14,2023Q3,-11,diag3,gaussian_ar1,2.2933772782602446,2.267474663595406,-0.07491884240743632,0.9831065765115587,4.694888429547928,4.5880109584365245,-2.401511151287683,2023-10-28,6.0,0,True,False
2023-04-21,2023Q1,16,diag3,gaussian_ar1,2.4577123455814753,2.427996498092436,-0.037851973714532694,0.49319593263883205,2.9269931752128775,2.884974679698935,-0.46928082963140216,2023-04-28,6.0,0,True,False
2023-04-21,2023Q2,3,diag3,gaussian_ar1,3.104081808937309,3.056879502646638,0.10736642492917747,0.7626386380354993,2.5352403907615395,2.503636219206331,0.5688414181757695,2023-07-28,6.0,0,True,False
2023-04-21,2023Q3,-10,diag3,gaussian_ar1,2.4547566561654355,2.4251116668953534,-0.03851812395832039,0.9823096180055977,4.694888429547928,4.5880109584365245,-2.240131773382492,2023-10-28,6.0,0,True,False
2023-04-28,2023Q2,4,diag3,gaussian_ar1,3.1332628977638555,3.0851780526137165,0.11383204095734004,0.7620573411539485,2.5352403907615395,2.503636219206331,0.598022507002316,2023-07-28,6.0,0,True,False
2023-04-28,2023Q3,-9,diag3,gaussian_ar1,2.477835403900186,2.4476349245190545,-0.03387055632156601,0.9820643982228929,4.694888429547928,4.5880109584365245,-2.2170530256477416,2023-10-28,6.0,0,True,False
2023-05-05,2023Q2,5,diag3,gaussian_ar1,3.7894564245193996,3.719420371283661,0.26076992428409285,0.6877679881486407,2.5352403907615395,2.503636219206331,1.25421603375786,2023-07-28,14.0,13,False,True
2023-05-05,2023Q3,-8,diag3,gaussian_ar1,2.6148434241976215,2.58124090349488,-0.002917434505797248,0.9831133015744115,4.694888429547928,4.5880109584365245,-2.080045005350306,2023-10-28,14.0,0,True,False
2023-05-12,2023Q2,6,diag3,gaussian_ar1,3.8005417346420822,3.730100375360465,0.26324421076226046,0.6877598074432616,2.5352403907615395,2.503636219206331,1.2653013438805427,2023-07-28,4.0,0,True,False
2023-05-12,2023Q3,-7,diag3,gaussian_ar1,2.6152666992002027,2.581653391703688,-0.002821871433899733,0.9831132931947866,4.694888429547928,4.5880109584365245,-2.079621730347725,2023-10-28,4.0,0,True,False
2023-05-19,2023Q2,7,diag3,gaussian_ar1,1.8000872758396902,1.7840775454483044,-0.18759999675211392,0.6064951225855728,2.5352403907615395,2.503636219206331,-0.7351531149218493,2023-07-28,11.0,0,True,False
2023-05-19,2023Q3,-6,diag3,gaussian_ar1,1.5415504686215886,1.5297892949949925,-0.24651214464352106,0.9720805298458256,4.694888429547928,4.5880109584365245,-3.153337960926339,2023-10-28,11.0,0,True,False
2023-05-26,2023Q2,8,diag3,gaussian_ar1,2.5083934766805704,2.477449681513829,-0.026963232171546017,0.5898174326835821,2.5352403907615395,2.503636219206331,-0.026846914080969064,2023-07-28,4.0,0,True,False
2023-05-26,2023Q3,-5,diag3,gaussian_ar1,2.0426310121858915,2.022049107880926,-0.13246801226211913,0.9670778532926636,4.694888429547928,4.5880109584365245,-2.652257417362036,2023-10-28,4.0,0,True,False
2023-06-02,2023Q2,9,diag3,gaussian_ar1,2.5941558380066176,2.5610784483048294,-0.007588564767980657,0.5653658888405453,2.5352403907615395,2.503636219206331,0.058915447245078134,2023-07-28,8.0,11,False,True
2023-06-02,2023Q3,-4,diag3,gaussian_ar1,2.188757672733921,2.165148252850455,-0.09931556429588233,0.9597062280122753,4.694888429547928,4.5880109584365245,-2.5061307568140068,2023-10-28,8.0,0,True,False
2023-06-09,2023Q2,10,diag3,gaussian_ar1,2.817770653137197,2.7788018368974075,0.04285243061941453,0.5489247050894752,2.5352403907615395,2.503636219206331,0.2825302623756576,2023-07-28,8.0,0,True,False
2023-06-09,2023Q3,-3,diag3,gaussian_ar1,2.2942488492532886,2.2683266906798716,-0.075411733199577,0.9564414045469715,4.694888429547928,4.5880109584365245,-2.400639580294639,2023-10-28,8.0,0,True,False
2023-06-16,2023Q2,11,diag3,gaussian_ar1,3.629068638127797,3.564768979070894,0.22494111318720209,0.5413434834723546,2.5352403907615395,2.503636219206331,1.0938282473662575,2023-07-28,8.0,0,True,False
2023-06-16,2023Q3,-2,diag3,gaussian_ar1,3.240661150498658,3.1892592856719832,0.13794502684527613,0.932275888685195,4.694888429547928,4.5880109584365245,-1.4542272790492694,2023-10-28,8.0,0,True,False
2023-06-23,2023Q2,12,diag3,gaussian_ar1,2.9563940735564564,2.9135354090868897,0.07406678722698302,0.5116593218571069,2.5352403907615395,2.503636219206331,0.42115368279491694,2023-07-28,4.0,0,True,False
2023-06-23,2023Q3,-1,diag3,gaussian_ar1,2.3288347758182004,2.302131211930908,-0.06758008171041416,0.9049327296896441,4.694888429547928,4.5880109584365245,-2.366053653729727,2023-10-28,4.0,0,True,False
2023-06-30,2023Q2,13,diag3,gaussian_ar1,3.0222774463912527,2.977506474241755,0.08888726298414434,0.5115546680713422,2.5352403907615395,2.503636219206331,0.4870370556297132,2023-07-28,8.0,0,True,False
2023-06-30,2023Q3,0,diag3,gaussian_ar1,2.49583592554552,2.465198664852011,-0.029801482480455256,0.9045862765483303,4.694888429547928,4.5880109584365245,-2.199052504002408,2023-10-28,8.0,0,True,False
2023-07-07,2023Q2,14,diag3,gaussian_ar1,2.8176762559871227,2.7787100267046734,0.04283116052281097,0.5011831973871728,2.5352403907615395,2.503636219206331,0.28243586522558317,2023-07-28,12.0,11,False,True
2023-07-07,2023Q3,1,diag3,gaussian_ar1,1.8748635427074722,1.8575046113952256,-0.17058880508051366,0.8695468095553349,4.694888429547928,4.5880109584365245,-2.8200248868404554,2023-10-28,12.0,0,True,False
2023-07-07,2023Q4,-12,diag3,gaussian_ar1,2.5659322711103494,2.533564746849122,-0.013962792622823104,0.98593994108202,3.4192155752948095,3.3620596105877665,-0.8532833041844601,2024-01-28,12.0,0,True,False
2023-07-14,2023Q2,15,diag3,gaussian_ar1,2.838912904401325,2.7993625606948442,0.04761582963195114,0.500503217071146,2.5352403907615395,2.503636219206331,0.30367251363978554,2023-07-28,6.0,0,True,False
2023-07-14,2023Q3,2,diag3,gaussian_ar1,1.876248490289667,1.8588640617249728,-0.1702738548665958,0.8605395514887355,4.694888429547928,4.5880109584365245,-2.8186399392582606,2023-10-28,6.0,0,True,False
2023-07-14,2023Q4,-11,diag3,gaussian_ar1,2.5363196854524706,2.5046888222006687,-0.020652613093718797,0.984620726046476,3.4192155752948095,3.3620596105877665,-0.8828958898423389,2024-01-28,6.0,0,True,False
2023-07-21,2023Q2,16,diag3,gaussian_ar1,2.323648901895048,2.2970632314880914,-0.06875420443462875,0.4959201606024615,2.5352403907615395,2.503636219206331,-0.2115914888664916,2023-07-28,6.0,0,True,False
2023-07-21,2023Q3,3,diag3,gaussian_ar1,-1.8493687607943232,-1.8666833913855427,-1.033388851893954,0.7648406257341581,4.694888429547928,4.5880109584365245,-6.54425719034225,2023-10-28,6.0,0,True,False
2023-07-21,2023Q4,-10,diag3,gaussian_ar1,2.3097930530136646,2.283521115624519,-0.0718915697320623,0.9838392201179111,3.4192155752948095,3.3620596105877665,-1.109422522281145,2024-01-28,6.0,0,True,False
2023-07-28,2023Q3,4,diag3,gaussian_ar1,-1.7941463579061456,-1.8104363014282514,-1.023571165709414,0.7642753426445692,4.694888429547928,4.5880109584365245,-6.489034787454074,2023-10-28,6.0,0,True,False
2023-07-28,2023Q4,-9,diag3,gaussian_ar1,2.318764314799515,2.29228945363854,-0.06995335748226239,0.9835883032394801,3.4192155752948095,3.3620596105877665,-1.1004512604952943,2024-01-28,6.0,0,True,False
2023-08-04,2023Q3,5,diag3,gaussian_ar1,-2.2939578901019164,-2.320678535211604,-1.1421694122640353,0.7091371498768553,4.694888429547928,4.5880109584365245,-6.988846319649844,2023-10-28,13.0,11,False,True
2023-08-04,2023Q4,-8,diag3,gaussian_ar1,2.356182087319958,2.328852573448791,-0.06145480206886727,0.983126968166933,3.4192155752948095,3.3620596105877665,-1.0630334879748515,2024-01-28,13.0,0,True,False
2023-08-11,2023Q3,6,diag3,gaussian_ar1,-1.0960100720374677,-1.1020605119973341,-0.8589197100560512,0.6877598074432615,4.694888429547928,4.5880109584365245,-5.790898501585396,2023-10-28,5.0,0,True,False
2023-08-11,2023Q4,-7,diag3,gaussian_ar1,2.393679692058459,2.365480295520849,-0.052941230816981245,0.9831132931947865,3.4192155752948095,3.3620596105877665,-1.0255358832363504,2024-01-28,5.0,0,True,False
2023-08-18,2023Q3,7,diag3,gaussian_ar1,2.4133992507243462,2.384737011478733,-0.04846529253552728,0.6064951225855729,4.694888429547928,4.5880109584365245,-2.2814891788235814,2023-10-28,11.0,0,True,False
2023-08-18,2023Q4,-6,diag3,gaussian_ar1,2.50314958045017,2.47233397324361,-0.028104676771137822,0.9720805298458257,3.4192155752948095,3.3620596105877665,-0.9160659948446392,2024-01-28,11.0,0,True,False
2023-08-25,2023Q3,8,diag3,gaussian_ar1,3.591289436096501,3.5283061500313457,0.21734040849529895,0.5898588624007088,4.694888429547928,4.5880109584365245,-1.1035989934514268,2023-10-28,0.0,0,True,False
2023-08-25,2023Q4,-5,diag3,gaussian_ar1,3.3248056186942376,3.270729314680986,0.15747048985071305,0.967077962613292,3.4192155752948095,3.3620596105877665,-0.09440995660057183,2024-01-28,0.0,0,True,False
2023-09-01,2023Q3,9,diag3,gaussian_ar1,4.180141078271071,4.095134050610475,0.3490911548191821,0.5671182620765336,4.694888429547928,4.5880109584365245,-0.5147473512768563,2023-10-28,11.0,12,False,True
2023-09-01,2023Q4,-4,diag3,gaussian_ar1,3.6535784640449487,3.5884176794073923,0.23131244277567314,0.961339273466637,3.4192155752948095,3.3620596105877665,0.23436288875013922,2024-01-28,11.0,0,True,False
2023-09-08,2023Q3,10,diag3,gaussian_ar1,3.679288364797584,3.6132182826862076,0.23707697551643633,0.5503191994698277,4.694888429547928,4.5880109584365245,-1.0156000647503438,2023-10-28,9.0,0,True,False
2023-09-08,2023Q4,-3,diag3,gaussian_ar1,3.4012948746304117,3.3447298973303683,0.17467082875869047,0.9579882944858075,3.4192155752948095,3.3620596105877665,-0.01792070066439777,2024-01-28,9.0,0,True,False
2023-09-15,2023Q3,11,diag3,gaussian_ar1,3.7872223479601175,3.717267839917823,0.26126175330512463,0.5467360545587202,4.694888429547928,4.5880109584365245,-0.9076660815878101,2023-10-28,6.0,0,True,False
2023-09-15,2023Q4,-2,diag3,gaussian_ar1,3.9925413696636047,3.914899298206299,0.30719825731274486,0.9511564917093287,3.4192155752948095,3.3620596105877665,0.5733257943687953,2024-01-28,6.0,0,True,False
2023-09-22,2023Q3,12,diag3,gaussian_ar1,1.9506423447174903,1.9318611598276902,-0.15372957360942555,0.5128902497214852,4.694888429547928,4.5880109584365245,-2.7442460848304373,2023-10-28,6.0,0,True,False
2023-09-22,2023Q4,-1,diag3,gaussian_ar1,1.5191829245626787,1.5077588967238837,-0.25230586038798036,0.9072786946918698,3.4192155752948095,3.3620596105877665,-1.9000326507321308,2024-01-28,6.0,0,True,False
2023-09-29,2023Q3,13,diag3,gaussian_ar1,1.9286163449111493,1.9102542538249945,-0.1587517787420534,0.512825730077629,4.694888429547928,4.5880109584365245,-2.7662720846367783,2023-10-28,4.0,0,True,False
2023-09-29,2023Q4,0,diag3,gaussian_ar1,1.5134365215963674,1.5020983255471705,-0.25362157628056337,0.907276179067129,3.4192155752948095,3.3620596105877665,-1.905779053698442,2024-01-28,4.0,0,True,False
2023-10-06,2023Q3,14,diag3,gaussian_ar1,2.2567661697238117,2.23167795545308,-0.08404160210392642,0.502254673013648,4.694888429547928,4.5880109584365245,-2.438122259824116,2023-10-28,13.0,11,False,True
2023-10-06,2023Q4,1,diag3,gaussian_ar1,2.1359596326033348,2.1134677298065214,-0.11151781743513445,0.8712809288695178,3.4192155752948095,3.3620596105877665,-1.2832559426914747,2024-01-28,13.0,0,True,False
2023-10-06,2024Q1,-12,diag3,gaussian_ar1,2.6990547752722804,2.6632727157934846,0.01627620463464246,0.9873307083320844,0.8420915771010673,0.8385657658582282,1.8569631981712131,2024-04-28,13.0,0,True,False
2023-10-13,2023Q3,15,diag3,gaussian_ar1,2.2584003284723098,2.233276036198411,-0.08367015191478067,0.5022496136200596,4.694888429547928,4.5880109584365245,-2.436488101075618,2023-10-28,6.0,0,True,False
2023-10-13,2023Q4,2,diag3,gaussian_ar1,2.181648193151675,2.158190807563813,-0.10112260070990967,0.8665121185358233,3.4192155752948095,3.3620596105877665,-1.2375673821431343,2024-01-28,6.0,0,True,False
2023-10-13,2024Q1,-11,diag3,gaussian_ar1,2.720795341848059,2.684439673752564,0.02119615036361191,0.9862982629072636,0.8420915771010673,0.8385657658582282,1.8787037647469917,2024-04-28,6.0,0,True,False
2023-10-20,2023Q3,16,diag3,gaussian_ar1,2.5261415838067958,2.4947619915257206,-0.022891616256271285,0.49690777820629994,4.694888429547928,4.5880109584365245,-2.168746845741132,2023-10-28,9.0,0,True,False
2023-10-20,2023Q4,3,diag3,gaussian_ar1,2.1057939226621913,2.0839285100971443,-0.11838377134911668,0.7679318477492209,3.4192155752948095,3.3620596105877665,-1.3134216526326181,2024-01-28,9.0,0,True,False
2023-10-20,2024Q1,-10,diag3,gaussian_ar1,2.6957115075326277,2.6600172601648313,0.015519522212586106,0.9852695624545158,0.8420915771010673,0.8385657658582282,1.8536199304315604,2024-04-28,9.0,0,True,False
2023-10-27,2023Q3,17,diag3,gaussian_ar1,2.520259898317634,2.4890250603255053,-0.024225080904826668,0.49684259336387987,4.694888429547928,4.5880109584365245,-2.1746285312302938,2023-10-28,4.0,0,True,False
2023-10-27,2023Q4,4,diag3,gaussian_ar1,2.1021995802856797,2.080408234210554,-0.11920200731606606,0.7679168818005317,3.4192155752948095,3.3620596105877665,-1.3170159950091298,2024-01-28,4.0,0,True,False
2023-10-27,2024Q1,-9,diag3,gaussian_ar1,2.6955433857354993,2.659853551347522,0.015481470523813708,0.9852695369330154,0.8420915771010673,0.8385657658582282,1.853451808634432,2024-04-28,4.0,0,True,False
2023-11-03,2023Q4,5,diag3,gaussian_ar1,0.9752218602790741,0.9704972639254295,-0.38115010776394154,0.7115048129056344,3.4192155752948095,3.3620596105877665,-2.4439937150157354,2024-01-28,12.0,11,False,True
2023-11-03,2024Q1,-8,diag3,gaussian_ar1,2.7517349200010255,2.714555211189483,0.025269353063258185,0.9845489725635378,0.8420915771010673,0.8385657658582282,1.9096433428999582,2024-04-28,12.0,0,True,False
2023-11-10,2023Q4,6,diag3,gaussian_ar1,1.572595711996927,1.560358552922993,-0.24369417780857575,0.6896492812566873,3.4192155752948095,3.3620596105877665,-1.8466198632978825,2024-01-28,7.0,0,True,False
2023-11-10,2024Q1,-7,diag3,gaussian_ar1,2.769700866266356,2.732038493400286,0.029343498730694806,0.9845347834905124,0.8420915771010673,0.8385657658582282,1.9276092891652885,2024-04-28,7.0,0,True,False
2023-11-17,2023Q4,7,diag3,gaussian_ar1,0.5894745411942459,0.5877439376684106,-0.47034347472243226,0.6091930476863657,3.4192155752948095,3.3620596105877665,-2.8297410341005635,2024-01-28,10.0,0,True,False
2023-11-17,2024Q1,-6,diag3,gaussian_ar1,1.81545789325388,1.7991752310701123,-0.18804250309137088,0.9745899796505938,0.8420915771010673,0.8385657658582282,0.9733663161528128,2024-04-28,10.0,0,True,False
2023-11-24,2023Q4,8,diag3,gaussian_ar1,0.8992162687238681,0.8951973935199151,-0.3986973072584167,0.5919062581025843,3.4192155752948095,3.3620596105877665,-2.5199993065709414,2024-01-28,2.0,0,True,False
2023-11-24,2024Q1,-5,diag3,gaussian_ar1,2.162921834002929,2.139862589496953,-0.10865180810919545,0.968813488953844,0.8420915771010673,0.8385657658582282,1.3208302569018615,2024-04-28,2.0,0,True,False
2023-12-01,2023Q4,9,diag3,gaussian_ar1,0.6276351880722952,0.6256737612176317,-0.46150465233105026,0.5671182620765337,3.4192155752948095,3.3620596105877665,-2.7915803872225142,2024-01-28,11.0,11,False,True
2023-12-01,2024Q1,-4,diag3,gaussian_ar1,1.9603064862695918,1.941339946145693,-0.15491372606861858,0.9613392734666372,0.8420915771010673,0.8385657658582282,1.1182149091685245,2024-04-28,11.0,0,True,False
2023-12-08,2023Q4,10,diag3,gaussian_ar1,0.974485426300431,0.9697679397897094,-0.3813200628520007,0.5503191994698275,3.4192155752948095,3.3620596105877665,-2.4447301489943785,2024-01-28,9.0,0,True,False
2023-12-08,2024Q1,-3,diag3,gaussian_ar1,2.1479161971380334,2.1251735626822503,-0.11207480581834431,0.9579882944858077,0.8420915771010673,0.8385657658582282,1.305824620036966,2024-04-28,9.0,0,True,False
2023-12-15,2023Q4,11,diag3,gaussian_ar1,0.9039835903461801,0.8999221170391873,-0.39759630050100214,0.5467360545587204,3.4192155752948095,3.3620596105877665,-2.5152319849486293,2024-01-28,6.0,0,True,False
2023-12-15,2024Q1,-2,diag3,gaussian_ar1,1.9947667613368303,1.9751319718564875,-0.1470391385922194,0.9511564917093288,0.8420915771010673,0.8385657658582282,1.152675184235763,2024-04-28,6.0,0,True,False
2023-12-22,2023Q4,12,diag3,gaussian_ar1,1.6419155188021728,1.628581839807472,-0.22779604121572583,0.5128902497214853,3.4192155752948095,3.3620596105877665,-1.7773000564926367,2024-01-28,6.0,0,True,False
2023-12-22,2024Q1,-1,diag3,gaussian_ar1,1.958455225826694,1.9395242618727955,-0.15533683667935316,0.90727869469187,0.8420915771010673,0.8385657658582282,1.1163636487256268,2024-04-28,6.0,0,True,False
2023-12-29,2023Q4,13,diag3,gaussian_ar1,1.6411011228826933,1.62778059636574,-0.22798275572718513,0.512825730077629,3.4192155752948095,3.3620596105877665,-1.7781144524121162,2024-01-28,4.0,0,True,False
2023-12-29,2024Q1,0,diag3,gaussian_ar1,1.9582102985102212,1.939284038921067,-0.1553928160593233,0.907276179067129,0.8420915771010673,0.8385657658582282,1.116118721409154,2024-04-28,4.0,0,True,False
2024-01-05,2023Q4,14,diag3,gaussian_ar1,1.6979268621771126,1.6836732022632668,-0.21495804930115442,0.5022546730136481,3.4192155752948095,3.3620596105877665,-1.7212887131176968,2024-01-28,13.0,11,False,True
2024-01-05,2024Q1,1,diag3,gaussian_ar1,2.102378742874733,2.080583707836586,-0.1224656215553826,0.8712809288695178,0.8420915771010673,0.8385657658582282,1.2602871657736658,2024-04-28,13.0,0,True,False
2024-01-05,2024Q2,-12,diag3,gaussian_ar1,2.4666396518862044,2.4367092803687815,-0.039477345046357054,0.9873307083320843,3.5892686664036777,3.526355417094438,-1.1226290145174733,2024-07-28,13.0,0,True,False
2024-01-12,2023Q4,15,diag3,gaussian_ar1,1.6999867036232796,1.6856986325247028,-0.2144860613857946,0.5022532820923067,3.4192155752948095,3.3620596105877665,-1.7192288716715298,2024-01-28,4.0,0,True,False
2024-01-12,2024Q1,2,diag3,gaussian_ar1,2.1076410549536684,2.0857375314200786,-0.12126462120715016,0.8712779111411737,0.8420915771010673,0.8385657658582282,1.265549477852601,2024-04-28,4.0,0,True,False
2024-01-12,2024Q2,-11,diag3,gaussian_ar1,2.4668858284654593,2.4369495305461726,-0.039421359321965305,0.9873307029079706,3.5892686664036777,3.526355417094438,-1.1223828379382184,2024-07-28,4.0,0,True,False
2024-01-19,2023Q4,16,diag3,gaussian_ar1,1.6695889732753377,1.655804553753919,-0.2214523066272483,0.4969086175694653,3.4192155752948095,3.3620596105877665,-1.7496266020194717,2024-01-28,11.0,0,True,False
2024-01-19,2024Q1,3,diag3,gaussian_ar1,-0.05229798609567293,-0.05231166626226447,-0.6194962330106569,0.7996237875264026,0.8420915771010673,0.8385657658582282,-0.8943895631967402,2024-04-28,11.0,0,True,False
2024-01-19,2024Q2,-10,diag3,gaussian_ar1,2.248779814367685,2.2238675507799526,-0.08907605311492783,0.9854923331712221,3.5892686664036777,3.526355417094438,-1.3404888520359926,2024-07-28,11.0,0,True,False
2024-01-26,2023Q4,17,diag3,gaussian_ar1,1.693091725366913,1.6789186788386945,-0.21606600035847812,0.49684259336387987,3.4192155752948095,3.3620596105877665,-1.7261238499278964,2024-01-28,4.0,0,True,False
2024-01-26,2024Q1,4,diag3,gaussian_ar1,-0.6163789573456757,-0.6182864145903455,-0.7513858599683803,0.7679168818005317,0.8420915771010673,0.8385657658582282,-1.458470534446743,2024-04-28,4.0,0,True,False
2024-01-26,2024Q2,-9,diag3,gaussian_ar1,2.1937978993587848,2.1700804023793374,-0.10161012280378366,0.9852695369330154,3.5892686664036777,3.526355417094438,-1.395470767044893,2024-07-28,4.0,0,True,False
2024-02-02,2024Q1,5,diag3,gaussian_ar1,0.8387532941257048,0.8352553047405127,-0.41509465037221316,0.7198900140634027,0.8420915771010673,0.8385657658582282,-0.0033382829753625387,2024-04-28,10.0,11,False,True
2024-02-02,2024Q2,-8,diag3,gaussian_ar1,2.4203161439847243,2.3914906782270773,-0.05130454300977866,0.984602148252278,3.5892686664036777,3.526355417094438,-1.1689525224189534,2024-07-28,10.0,0,True,False
2024-02-09,2024Q1,6,diag3,gaussian_ar1,1.7624336310174016,1.7470828716901072,-0.2019431861862693,0.6896492812566873,0.8420915771010673,0.8385657658582282,0.9203420539163343,2024-04-28,9.0,0,True,False
2024-02-09,2024Q2,-7,diag3,gaussian_ar1,2.4775439360718243,2.447350503754588,-0.03824658772093793,0.9845347834905123,3.5892686664036777,3.526355417094438,-1.1117247303318534,2024-07-28,9.0,0,True,False
2024-02-16,2024Q1,7,diag3,gaussian_ar1,2.172604670604228,2.1493399787441185,-0.10791039483888483,0.6664759257689155,0.8420915771010673,0.8385657658582282,1.3305130935031606,2024-04-28,8.0,0,True,False
2024-02-16,2024Q2,-6,diag3,gaussian_ar1,3.2070205474112212,3.1566693305719657,0.12756584435607768,0.9753452499617002,3.5892686664036777,3.526355417094438,-0.3822481189924565,2024-07-28,8.0,0,True,False
2024-02-23,2024Q1,8,diag3,gaussian_ar1,-0.47324716210190854,-0.47437052206479,-0.7212365928154918,0.5919062581025843,0.8420915771010673,0.8385657658582282,-1.3153387392029758,2024-04-28,4.0,0,True,False
2024-02-23,2024Q2,-5,diag3,gaussian_ar1,2.7981463719815025,2.7597135469447647,0.034772305792339586,0.9688134889538439,3.5892686664036777,3.526355417094438,-0.7911222944221752,2024-07-28,4.0,0,True,False
2024-03-01,2024Q1,9,diag3,gaussian_ar1,-1.487690705186906,-1.4988678157799278,-0.9607260600405928,0.5671182620765337,0.8420915771010673,0.8385657658582282,-2.3297822822879732,2024-04-28,11.0,11,False,True
2024-03-01,2024Q2,-4,diag3,gaussian_ar1,2.2416521130394607,2.2168963675671876,-0.09211821689352548,0.9613392734666371,3.5892686664036777,3.526355417094438,-1.347616553364217,2024-07-28,11.0,0,True,False
2024-03-08,2024Q1,10,diag3,gaussian_ar1,-1.0368037731013136,-1.0422160255479178,-0.8539778093414931,0.5503191994698275,0.8420915771010673,0.8385657658582282,-1.8788953502023809,2024-04-28,9.0,0,True,False
2024-03-08,2024Q2,-3,diag3,gaussian_ar1,2.4511820445863197,2.4216226400744123,-0.04426080796671488,0.9579882944858076,3.5892686664036777,3.526355417094438,-1.138086621817358,2024-07-28,9.0,0,True,False
2024-03-15,2024Q1,11,diag3,gaussian_ar1,-0.8686611911245534,-0.8724560447120289,-0.8142942224585055,0.5467360545587204,0.8420915771010673,0.8385657658582282,-1.7107527682256207,2024-04-28,6.0,0,True,False
2024-03-15,2024Q2,-2,diag3,gaussian_ar1,2.7446211879950333,2.707631748269199,0.022597513049154208,0.9511564917093288,3.5892686664036777,3.526355417094438,-0.8446474784086444,2024-07-28,6.0,0,True,False
2024-03-22,2024Q1,12,diag3,gaussian_ar1,1.4278938103681194,1.4177954226790555,-0.27891837803045266,0.5128902497214854,0.8420915771010673,0.8385657658582282,0.585802233267052,2024-04-28,6.0,0,True,False
2024-03-22,2024Q2,-1,diag3,gaussian_ar1,4.5941381400318,4.4917323346117595,0.4396540553361013,0.9072786946918698,3.5892686664036777,3.526355417094438,1.0048694736281227,2024-07-28,6.0,0,True,False
2024-03-29,2024Q1,13,diag3,gaussian_ar1,1.383630024899385,1.3741452539564023,-0.28912216843166055,0.512825730077629,0.8420915771010673,0.8385657658582282,0.5415384477983176,2024-04-28,4.0,0,True,False
2024-03-29,2024Q2,0,diag3,gaussian_ar1,4.582169639601097,4.480288877586616,0.436978999537538,0.9072761790671289,3.5892686664036777,3.526355417094438,0.9929009731974192,2024-07-28,4.0,0,True,False
2024-04-05,2024Q1,14,diag3,gaussian_ar1,1.3564090194186473,1.3472921411991758,-0.29539943017458115,0.5022546730136481,0.8420915771010673,0.8385657658582282,0.51431744231758,2024-04-28,13.0,11,False,True
2024-04-05,2024Q2,1,diag3,gaussian_ar1,4.680266558553314,4.574043808399832,0.45889542485942525,0.8712809288695176,3.5892686664036777,3.526355417094438,1.0909978921496366,2024-07-28,13.0,0,True,False
2024-04-05,2024Q3,-12,diag3,gaussian_ar1,2.7905305823256787,2.7523047832208642,0.033040411635158105,0.9873307083320841,3.340152501559479,3.2855812596193403,-0.5496219192338003,2024-10-28,13.0,0,True,False
2024-04-12,2024Q1,15,diag3,gaussian_ar1,1.3617115079519682,1.3525235319803497,-0.29417652504958436,0.5022532820923067,0.8420915771010673,0.8385657658582282,0.5196199308509009,2024-04-28,4.0,0,True,False
2024-04-12,2024Q2,2,diag3,gaussian_ar1,4.689576486381819,4.5829370928377875,0.4609743448965918,0.8712779111411737,3.5892686664036777,3.526355417094438,1.1003078199781413,2024-07-28,4.0,0,True,False
2024-04-12,2024Q3,-11,diag3,gaussian_ar1,2.7909540080853334,2.752716713079726,0.03313670555710213,0.9873307029079705,3.340152501559479,3.2855812596193403,-0.5491984934741456,2024-10-28,4.0,0,True,False
2024-04-19,2024Q1,16,diag3,gaussian_ar1,1.0890330640206836,1.0831458031928067,-0.35714704644129275,0.4969077782062999,0.8420915771010673,0.8385657658582282,0.24694148691961626,2024-04-28,11.0,0,True,False
2024-04-19,2024Q2,3,diag3,gaussian_ar1,3.795190978685281,3.7249453985330927,0.2604077108867932,0.7679318477492209,3.5892686664036777,3.526355417094438,0.2059223122816034,2024-07-28,11.0,0,True,False
2024-04-19,2024Q3,-10,diag3,gaussian_ar1,2.797611012132961,2.7591927581353364,0.03465056468548469,0.9852695624545156,3.340152501559479,3.2855812596193403,-0.5425414894265179,2024-10-28,11.0,0,True,False
2024-04-26,2024Q1,17,diag3,gaussian_ar1,1.0719192575619818,1.0662149307339521,-0.3611048564323015,0.4968425933638798,0.8420915771010673,0.8385657658582282,0.2298276804609145,2024-04-28,4.0,0,True,False
2024-04-26,2024Q2,4,diag3,gaussian_ar1,3.784665836326395,3.714804585711082,0.2580371649860169,0.7679168818005317,3.5892686664036777,3.526355417094438,0.1953971699227175,2024-07-28,4.0,0,True,False
2024-04-26,2024Q3,-9,diag3,gaussian_ar1,2.7971233581727484,2.7587183744292503,0.03453967137056063,0.9852695369330153,3.340152501559479,3.2855812596193403,-0.5430291433867307,2024-10-28,4.0,0,True,False
2024-05-03,2024Q2,5,diag3,gaussian_ar1,3.513763106342749,3.4534394749568595,0.20011137445606944,0.7115048129056355,3.5892686664036777,3.526355417094438,-0.0755055600609289,2024-07-28,11.0,11,False,True
2024-05-03,2024Q3,-8,diag3,gaussian_ar1,2.78865822125558,2.7504832359319047,0.035347682098333826,0.9845489725635378,3.340152501559479,3.2855812596193403,-0.5514942803038991,2024-10-28,11.0,0,True,False
2024-05-10,2024Q2,6,diag3,gaussian_ar1,3.490202762795014,3.4306762940192,0.19477598438072388,0.6896492812566872,3.5892686664036777,3.526355417094438,-0.09906590360866385,2024-07-28,8.0,0,True,False
2024-05-10,2024Q3,-7,diag3,gaussian_ar1,2.7890302122340005,2.7508451341332836,0.03543250627458635,0.9845347834905123,3.340152501559479,3.2855812596193403,-0.5511222893254786,2024-10-28,8.0,0,True,False
2024-05-17,2024Q2,7,diag3,gaussian_ar1,3.3338731987240244,3.2795047313123984,0.15934335932057783,0.6091930476863656,3.5892686664036777,3.526355417094438,-0.25539546767965327,2024-07-28,10.0,0,True,False
2024-05-17,2024Q3,-6,diag3,gaussian_ar1,3.106930674134678,3.059642560897742,0.10781055970057404,0.9745899796505938,3.340152501559479,3.2855812596193403,-0.23322182742480102,2024-10-28,10.0,0,True,False
2024-05-24,2024Q2,8,diag3,gaussian_ar1,2.7205376583831153,2.6841888153092595,0.01980914226027134,0.5919062581025843,3.5892686664036777,3.526355417094438,-0.8687310080205624,2024-07-28,2.0,0,True,False
2024-05-24,2024Q3,-5,diag3,gaussian_ar1,2.518148729208969,2.486965768973329,-0.026417344579679806,0.9688134889538439,3.340152501559479,3.2855812596193403,-0.8220037723505103,2024-10-28,2.0,0,True,False
2024-05-31,2024Q2,9,diag3,gaussian_ar1,2.7514783091176387,2.7143054721422413,0.026868090322466086,0.5917373007814856,3.5892686664036777,3.526355417094438,-0.837790357286039,2024-07-28,8.0,0,True,False
2024-05-31,2024Q3,-4,diag3,gaussian_ar1,2.5173779070437163,2.4862138776519602,-0.026593578011411316,0.968568675592334,3.340152501559479,3.2855812596193403,-0.8227745945157627,2024-10-28,8.0,0,True,False
2024-06-07,2024Q2,10,diag3,gaussian_ar1,3.0846168595053847,3.037998788412118,0.10273754423629901,0.5503191994698275,3.5892686664036777,3.526355417094438,-0.504651806898293,2024-07-28,12.0,11,False,True
2024-06-07,2024Q3,-3,diag3,gaussian_ar1,2.7380044173656692,2.7011915243211577,0.023794353517191495,0.9579882944858076,3.340152501559479,3.2855812596193403,-0.6021480841938098,2024-10-28,12.0,0,True,False
2024-06-14,2024Q2,11,diag3,gaussian_ar1,3.0339278082325505,2.988814419896031,0.09120937546403729,0.5467360545587203,3.5892686664036777,3.526355417094438,-0.5553408581711272,2024-07-28,6.0,0,True,False
2024-06-14,2024Q3,-2,diag3,gaussian_ar1,2.293816322045905,2.2679038632710276,-0.07776257268164133,0.9511564917093288,3.340152501559479,3.2855812596193403,-1.046336179513574,2024-10-28,6.0,0,True,False
2024-06-21,2024Q2,12,diag3,gaussian_ar1,3.7804420316545517,3.710734725689032,0.26041799552759415,0.5128902497214853,3.5892686664036777,3.526355417094438,0.19117336525087403,2024-07-28,6.0,0,True,False
2024-06-21,2024Q3,-1,diag3,gaussian_ar1,2.6180222224403638,2.584338651248858,-0.00359442228584729,0.9072786946918698,3.340152501559479,3.2855812596193403,-0.7221302791191153,2024-10-28,6.0,0,True,False
2024-06-28,2024Q2,13,diag3,gaussian_ar1,3.7480072876713955,3.6794766072444345,0.25309150388391655,0.5128257300776291,3.5892686664036777,3.526355417094438,0.15873862126771776,2024-07-28,4.0,0,True,False
2024-06-28,2024Q3,0,diag3,gaussian_ar1,2.609557022707243,2.576089078000416,-0.00552801370069031,0.9072761790671291,3.340152501559479,3.2855812596193403,-0.7305954788522362,2024-10-28,4.0,0,True,False
2024-07-05,2024Q2,14,diag3,gaussian_ar1,3.4651377503874814,3.406453664665491,0.1890985188012651,0.5022546730136481,3.5892686664036777,3.526355417094438,-0.1241309160161963,2024-07-28,13.0,11,False,True
2024-07-05,2024Q3,1,diag3,gaussian_ar1,1.8202304631203203,1.8038625920193097,-0.18652774043071985,0.8712809288695176,3.340152501559479,3.2855812596193403,-1.5199220384391587,2024-10-28,13.0,0,True,False
2024-07-05,2024Q4,-12,diag3,gaussian_ar1,2.473231190768521,2.4431419367938054,-0.036689074172946534,0.9873307083320841,1.8522267738050768,1.8352819713325936,0.6210044169634443,2025-01-28,13.0,0,True,False
2024-07-12,2024Q2,15,diag3,gaussian_ar1,3.464650179430384,3.4059824217748833,0.18898806566870374,0.5022532820923067,3.5892686664036777,3.526355417094438,-0.12461848697329359,2024-07-28,4.0,0,True,False
2024-07-12,2024Q3,2,diag3,gaussian_ar1,1.8180087812095902,1.801680603097135,-0.18703916992169337,0.8712779111411737,3.340152501559479,3.2855812596193403,-1.5221437203498889,2024-10-28,4.0,0,True,False
2024-07-12,2024Q4,-11,diag3,gaussian_ar1,2.4731484518061064,2.4430611947357455,-0.03670799904888605,0.9873307029079704,1.8522267738050768,1.8352819713325936,0.6209216780010296,2025-01-28,4.0,0,True,False
2024-07-19,2024Q2,16,diag3,gaussian_ar1,3.720542410629557,3.6530004235122706,0.24688583481224874,0.4969086175694654,3.5892686664036777,3.526355417094438,0.13127374422587934,2024-07-28,11.0,0,True,False
2024-07-19,2024Q3,3,diag3,gaussian_ar1,1.298624716689356,1.2902648833709323,-0.30690828500168155,0.7996237875264025,3.340152501559479,3.2855812596193403,-2.041527784870123,2024-10-28,11.0,0,True,False
2024-07-19,2024Q4,-10,diag3,gaussian_ar1,2.3171046724323574,2.2906674091989068,-0.07242709705739105,0.9854923331712219,1.8522267738050768,1.8352819713325936,0.4648778986272806,2025-01-28,11.0,0,True,False
2024-07-26,2024Q2,17,diag3,gaussian_ar1,3.7085471494173516,3.64143477353423,0.2441749986476216,0.4968425933638799,3.5892686664036777,3.526355417094438,0.11927848301367394,2024-07-28,4.0,0,True,False
2024-07-26,2024Q3,4,diag3,gaussian_ar1,2.0115351505019863,1.99157106128242,-0.14253134525609695,0.7679168818005316,3.340152501559479,3.2855812596193403,-1.3286173510574928,2024-10-28,4.0,0,True,False
2024-07-26,2024Q4,-9,diag3,gaussian_ar1,2.384831662075926,2.3568387345196107,-0.05691740913831559,0.9852695369330153,1.8522267738050768,1.8352819713325936,0.532604888270849,2025-01-28,4.0,0,True,False
2024-08-02,2024Q3,5,diag3,gaussian_ar1,0.7144089177376411,0.7118691064801448,-0.4452047805512008,0.7198900140634027,3.340152501559479,3.2855812596193403,-2.625743583821838,2024-10-28,10.0,11,False,True
2024-08-02,2024Q4,-8,diag3,gaussian_ar1,2.338706249875022,2.3117775623145658,-0.06906380740483467,0.9846021482522781,1.8522267738050768,1.8352819713325936,0.48647947606994535,2025-01-28,10.0,0,True,False
2024-08-09,2024Q3,6,diag3,gaussian_ar1,1.5705333598434956,1.5583281104828044,-0.24620094859257086,0.6896492812566873,3.340152501559479,3.2855812596193403,-1.7696191417159834,2024-10-28,9.0,0,True,False
2024-08-09,2024Q4,-7,diag3,gaussian_ar1,2.3931005512348724,2.3649146918008213,-0.05657118539119539,0.9845347834905123,1.8522267738050768,1.8352819713325936,0.5408737774297956,2025-01-28,9.0,0,True,False
2024-08-16,2024Q3,7,diag3,gaussian_ar1,1.7847581095427945,1.7690183043767647,-0.19666735542061722,0.6790546295285034,3.340152501559479,3.2855812596193403,-1.5553943920166846,2024-10-28,8.0,0,True,False
2024-08-16,2024Q4,-6,diag3,gaussian_ar1,2.432737976415522,2.4036182322919726,-0.04747192266059196,0.9808066523280116,1.8522267738050768,1.8352819713325936,0.5805112026104453,2025-01-28,8.0,0,True,False
2024-08-23,2024Q3,8,diag3,gaussian_ar1,-0.10568914006175989,-0.10574503041688565,-0.6374271392675193,0.5919062581025842,3.340152501559479,3.2855812596193403,-3.445841641621239,2024-10-28,4.0,0,True,False
2024-08-23,2024Q4,-5,diag3,gaussian_ar1,1.970228207175495,1.9510704369019112,-0.15386661513972028,0.968813488953844,1.8522267738050768,1.8352819713325936,0.11800143337041824,2025-01-28,4.0,0,True,False
2024-08-30,2024Q3,9,diag3,gaussian_ar1,-0.009126304223905368,-0.009126720696392532,-0.6147120239685822,0.5917373007814857,3.340152501559479,3.2855812596193403,-3.3492788057833844,2024-10-28,8.0,0,True,False
2024-08-30,2024Q4,-4,diag3,gaussian_ar1,1.9998739837234547,1.9801391841724936,-0.1470325073214701,0.9685686755923342,1.8522267738050768,1.8352819713325936,0.14764720991837788,2025-01-28,8.0,0,True,False
2024-09-06,2024Q3,10,diag3,gaussian_ar1,0.2223774554685587,0.2221305627597827,-0.5603430759646014,0.5503237212010661,3.340152501559479,3.2855812596193403,-3.1177750460909204,2024-10-28,10.0,11,False,True
2024-09-06,2024Q4,-3,diag3,gaussian_ar1,2.0878483190150954,2.0663514655855826,-0.12676386550660126,0.9579891209041554,1.8522267738050768,1.8352819713325936,0.23562154521001855,2025-01-28,10.0,0,True,False
2024-09-13,2024Q3,11,diag3,gaussian_ar1,0.14913641613039097,0.14902531822187992,-0.5775302329686867,0.5498851833407141,3.340152501559479,3.2855812596193403,-3.191016085429088,2024-10-28,6.0,0,True,False
2024-09-13,2024Q4,-2,diag3,gaussian_ar1,1.7457234806287358,1.7306607776930982,-0.20568526976544588,0.9532626052356098,1.8522267738050768,1.8352819713325936,-0.106503293176341,2025-01-28,6.0,0,True,False
2024-09-20,2024Q3,12,diag3,gaussian_ar1,1.5484940287451954,1.536627207846407,-0.25130286464660656,0.5128902497214853,3.340152501559479,3.2855812596193403,-1.7916584728142837,2024-10-28,8.0,0,True,False
2024-09-20,2024Q4,-1,diag3,gaussian_ar1,3.105250058493736,3.058012574119078,0.10637720768102377,0.90727869469187,1.8522267738050768,1.8352819713325936,1.253023284688659,2025-01-28,8.0,0,True,False
2024-09-27,2024Q3,13,diag3,gaussian_ar1,1.5280697456530934,1.516512347932128,-0.2560318995831171,0.512825730077629,3.340152501559479,3.2855812596193403,-1.8120827559063857,2024-10-28,4.0,0,True,False
2024-09-27,2024Q4,0,diag3,gaussian_ar1,3.0997151226007658,3.052644191365116,0.10511509252316363,0.9072761790671291,1.8522267738050768,1.8352819713325936,1.247488348795689,2025-01-28,4.0,0,True,False
2024-10-04,2024Q3,14,diag3,gaussian_ar1,1.437724269806795,1.427487020042286,-0.27696189301183183,0.5075077046747807,3.340152501559479,3.2855812596193403,-1.9024282317526842,2024-10-28,9.0,2,True,True
2024-10-04,2024Q4,1,diag3,gaussian_ar1,2.8558123723597006,2.8157941614309987,0.04943128109990243,0.8782781824313998,1.8522267738050768,1.8352819713325936,1.0035855985546238,2025-01-28,9.0,0,True,False
2024-10-04,2025Q1,-12,diag3,gaussian_ar1,2.5975700181473105,2.564406243445465,-0.009670410477195815,0.9844702473034166,-0.6484826392524012,-0.6505944225690983,3.2460526573997117,2025-04-28,9.0,0,True,False
2024-10-11,2024Q3,15,diag3,gaussian_ar1,1.4090135343654442,1.399179208988615,-0.2836171035387479,0.5037193855731585,3.340152501559479,3.2855812596193403,-1.9311389671940349,2024-10-28,7.0,0,True,False
2024-10-11,2024Q4,2,diag3,gaussian_ar1,2.7941657862045943,2.755841236997347,0.03533625506437648,0.8699831429296552,1.8522267738050768,1.8352819713325936,0.9419390123995175,2025-01-28,7.0,0,True,False
2024-10-11,2025Q1,-11,diag3,gaussian_ar1,2.595419954010869,2.562310592773564,-0.010163101218487347,0.9844611520060432,-0.6484826392524012,-0.6505944225690983,3.2439025932632704,2025-04-28,7.0,0,True,False
2024-10-18,2024Q3,16,diag3,gaussian_ar1,0.9574727361784552,0.9529180163629809,-0.3885338059035212,0.49829825866808153,3.340152501559479,3.2855812596193403,-2.382679765381024,2024-10-28,12.0,0,True,False
2024-10-18,2024Q4,3,diag3,gaussian_ar1,-0.34278585881729606,-0.34337471560595745,-0.6932942488571521,0.7983658907159992,1.8522267738050768,1.8352819713325936,-2.195012632622373,2025-01-28,12.0,0,True,False
2024-10-18,2025Q1,-10,diag3,gaussian_ar1,2.401379009108484,2.3729993412463295,-0.05467047169792685,0.9826355152542343,-0.6484826392524012,-0.6505944225690983,3.0498616483608854,2025-04-28,12.0,0,True,False
2024-10-25,2024Q3,17,diag3,gaussian_ar1,0.9545221769523549,0.9499953973005697,-0.3892209182031422,0.4982973972296575,3.340152501559479,3.2855812596193403,-2.385630324607124,2024-10-28,0.0,0,True,False
2024-10-25,2024Q4,4,diag3,gaussian_ar1,0.34338143725447523,0.34279322934379275,-0.5319750948680365,0.7678987488244422,1.8522267738050768,1.8352819713325936,-1.5088453365506016,2025-01-28,0.0,0,True,False
2024-10-25,2025Q1,-9,diag3,gaussian_ar1,2.464479168052014,2.434600782794859,-0.04018787671770454,0.9824397954714672,-0.6484826392524012,-0.6505944225690983,3.112961807304415,2025-04-28,0.0,0,True,False
2024-11-01,2024Q4,5,diag3,gaussian_ar1,0.586063138417714,0.5843524688882606,-0.47766515100756735,0.7201337292980181,1.8522267738050768,1.8352819713325936,-1.2661636353873629,2025-01-28,13.0,11,False,True
2024-11-01,2025Q1,-8,diag3,gaussian_ar1,2.624715058374316,2.5908605248362013,-0.004470304248616358,0.981796558469993,-0.6484826392524012,-0.6505944225690983,3.2731976976267174,2025-04-28,13.0,0,True,False
2024-11-08,2024Q4,6,diag3,gaussian_ar1,1.227197209425701,1.219728188794556,-0.32782447853970753,0.6898965383945317,1.8522267738050768,1.8352819713325936,-0.6250295643793757,2025-01-28,10.0,0,True,False
2024-11-08,2025Q1,-7,diag3,gaussian_ar1,2.659739834517816,2.6249836896921215,0.0035769626024001744,0.9817299375333608,-0.6484826392524012,-0.6505944225690983,3.308222473770217,2025-04-28,10.0,0,True,False
2024-11-15,2024Q4,7,diag3,gaussian_ar1,1.6452969011282903,1.6319085442136938,-0.23061997465474066,0.6813654173161902,1.8522267738050768,1.8352819713325936,-0.20692987267678653,2025-01-28,6.0,0,True,False
2024-11-15,2025Q1,-6,diag3,gaussian_ar1,2.979361674535075,2.9358410072482313,0.0768864518460747,0.97796177006963,-0.6484826392524012,-0.6505944225690983,3.627844313787476,2025-04-28,6.0,0,True,False
2024-11-22,2024Q4,8,diag3,gaussian_ar1,1.7953292431586165,1.7794035377881132,-0.19583622650318544,0.5929784909158397,1.8522267738050768,1.8352819713325936,-0.056897530646460304,2025-01-28,6.0,0,True,False
2024-11-22,2025Q1,-5,diag3,gaussian_ar1,3.2230187712209757,3.1721692296124333,0.13261974264196535,0.966282279158923,-0.6484826392524012,-0.6505944225690983,3.871501410473377,2025-04-28,6.0,0,True,False
2024-11-29,2024Q4,9,diag3,gaussian_ar1,1.7960795219991832,1.7801405815024078,-0.19566240946497002,0.5929398810275919,1.8522267738050768,1.8352819713325936,-0.05614725180589364,2025-01-28,4.0,0,True,False
2024-11-29,2025Q1,-4,diag3,gaussian_ar1,3.2230557974375573,3.172205099721995,0.13262820189083158,0.9662821895192679,-0.6484826392524012,-0.6505944225690983,3.8715384366899586,2025-04-28,4.0,0,True,False
2024-12-06,2024Q4,10,diag3,gaussian_ar1,1.2478223168533198,1.240101178556168,-0.32301991583701095,0.5515666992549513,1.8522267738050768,1.8352819713325936,-0.604404456951757,2025-01-28,13.0,11,False,True
2024-12-06,2025Q1,-3,diag3,gaussian_ar1,2.8576801412877995,2.817610054890694,0.04900404329199656,0.9555984419339967,-0.6484826392524012,-0.6505944225690983,3.5061627805402007,2025-04-28,13.0,0,True,False
2024-12-13,2024Q4,11,diag3,gaussian_ar1,1.2214254651857326,1.2140262539873112,-0.3291691659728556,0.5511425028946106,1.8522267738050768,1.8352819713325936,-0.6308013086193442,2025-01-28,6.0,0,True,False
2024-12-13,2025Q1,-2,diag3,gaussian_ar1,2.7393888656114918,2.702539067448642,0.021866849345711342,0.950765871675752,-0.6484826392524012,-0.6505944225690983,3.387871504863893,2025-04-28,6.0,0,True,False
2024-12-20,2024Q4,12,diag3,gaussian_ar1,0.40274820780150655,0.4019393482579492,-0.5206836419663307,0.5143024650692227,1.8522267738050768,1.8352819713325936,-1.4494785660035703,2025-01-28,9.0,0,True,False
2024-12-20,2025Q1,-1,diag3,gaussian_ar1,1.1831353708462222,1.1761910445057342,-0.33809184440400175,0.9057383660524431,-0.6484826392524012,-0.6505944225690983,1.8316180100986235,2025-04-28,9.0,0,True,False
2024-12-27,2024Q4,13,diag3,gaussian_ar1,0.3990640663290801,0.3982699177571827,-0.5215490038562846,0.5142399860758733,1.8522267738050768,1.8352819713325936,-1.4531627074759967,2025-01-28,4.0,0,True,False
2024-12-27,2025Q1,0,diag3,gaussian_ar1,1.1822478644691214,1.1753139119024023,-0.3382986986085441,0.9057360057389297,-0.6484826392524012,-0.6505944225690983,1.8307305037215227,2025-04-28,4.0,0,True,False
2025-01-03,2024Q4,14,diag3,gaussian_ar1,0.4239272350524681,0.4230311950285697,-0.5157095511965969,0.5084784351275904,1.8522267738050768,1.8352819713325936,-1.4282995387526087,2025-01-28,8.0,11,False,True
2025-01-03,2025Q1,1,diag3,gaussian_ar1,1.1351680010631027,1.1287733172092507,-0.34927436825941527,0.882195063128425,-0.6484826392524012,-0.6505944225690983,1.783650640315504,2025-04-28,8.0,0,True,False
2025-01-03,2025Q2,-12,diag3,gaussian_ar1,2.519507842507185,2.4882914896443293,-0.028659162472214093,0.9844744040798347,3.8380332333819878,3.7662126431826737,-1.318525390874803,2025-07-28,8.0,0,True,False
2025-01-10,2024Q4,15,diag3,gaussian_ar1,0.7832911093449857,0.7802393104887542,-0.43146915208373077,0.5037193855731587,1.8522267738050768,1.8352819713325936,-1.0689356644600911,2025-01-28,8.0,0,True,False
2025-01-10,2025Q1,2,diag3,gaussian_ar1,1.8390552944725025,1.8223491847968138,-0.18570835345776898,0.8699831429296552,-0.6484826392524012,-0.6505944225690983,2.4875379337249037,2025-04-28,8.0,0,True,False
2025-01-10,2025Q2,-11,diag3,gaussian_ar1,2.544664460605861,2.51282685137264,-0.022872987480896383,0.9844611520060433,3.8380332333819878,3.7662126431826737,-1.2933687727761267,2025-07-28,8.0,0,True,False
2025-01-17,2024Q4,16,diag3,gaussian_ar1,1.6718352957160842,1.6580139633210296,-0.22446353299109734,0.49829831989473977,1.8522267738050768,1.8352819713325936,-0.18039147808899259,2025-01-28,10.0,0,True,False
2025-01-17,2025Q1,3,diag3,gaussian_ar1,4.020026638131613,3.941325844343572,0.31400996699837225,0.7993443029948349,-0.6484826392524012,-0.6505944225690983,4.668509277384015,2025-04-28,10.0,0,True,False
2025-01-17,2025Q2,-10,diag3,gaussian_ar1,2.6768480510251935,2.6416472728588127,0.007506735851823876,0.9829002601353318,3.8380332333819878,3.7662126431826737,-1.1611851823567942,2025-07-28,10.0,0,True,False
2025-01-24,2024Q4,17,diag3,gaussian_ar1,1.6585436073175641,1.6449399814702428,-0.22754677046929905,0.4982973972296575,1.8522267738050768,1.8352819713325936,-0.19368316648751271,2025-01-28,2.0,0,True,False
2025-01-24,2025Q1,4,diag3,gaussian_ar1,7.32813795039744,7.072066552784288,1.0523326292877733,0.7678987488244423,-0.6484826392524012,-0.6505944225690983,7.9766205896498406,2025-04-28,2.0,0,True,False
2025-01-24,2025Q2,-9,diag3,gaussian_ar1,2.977388034069617,2.9339244490695844,0.0764344698812074,0.9824397954714673,3.8380332333819878,3.7662126431826737,-0.8606451993123709,2025-07-28,2.0,0,True,False
2025-01-31,2025Q1,5,diag3,gaussian_ar1,7.331983951976051,7.075649893318109,1.057539540526286,0.7670174385946913,-0.6484826392524012,-0.6505944225690983,7.980466591228453,2025-04-28,10.0,0,True,False
2025-01-31,2025Q2,-8,diag3,gaussian_ar1,2.9814479174173014,2.937866871184615,0.07874560901433857,0.9820793766167984,3.8380332333819878,3.7662126431826737,-0.8565853159646863,2025-07-28,10.0,0,True,False
2025-02-07,2025Q1,6,diag3,gaussian_ar1,6.224068834604157,6.038053400217285,0.8120957496429468,0.6925700591296358,-0.6484826392524012,-0.6505944225690983,6.872551473856559,2025-04-28,13.0,12,False,True
2025-02-07,2025Q2,-7,diag3,gaussian_ar1,2.967509724111239,2.9243312908282286,0.07554376303994709,0.9846590235443753,3.8380332333819878,3.7662126431826737,-0.8705235092707486,2025-07-28,13.0,0,True,False
2025-02-14,2025Q1,7,diag3,gaussian_ar1,6.322388102984067,6.130568962988127,0.8339803363711851,0.6718756832884546,-0.6484826392524012,-0.6505944225690983,6.9708707422364675,2025-04-28,6.0,0,True,False
2025-02-14,2025Q2,-6,diag3,gaussian_ar1,3.5991287640794845,3.5358734188797905,0.22020425408042188,0.9755771552462009,3.8380332333819878,3.7662126431826737,-0.2389044693025033,2025-07-28,6.0,0,True,False
2025-02-21,2025Q1,8,diag3,gaussian_ar1,3.169964082520438,3.1207578985336806,0.12200854154117505,0.5955262599037959,-0.6484826392524012,-0.6505944225690983,3.818446721772839,2025-04-28,6.0,0,True,False
2025-02-21,2025Q2,-5,diag3,gaussian_ar1,2.7671964532469895,2.729601546017947,0.029480378013320388,0.9693654909897939,3.8380332333819878,3.7662126431826737,-1.0708367801349983,2025-07-28,6.0,0,True,False
2025-02-28,2025Q1,9,diag3,gaussian_ar1,3.173339963324562,3.124029999676028,0.12278255813998917,0.5954883736246939,-0.6484826392524012,-0.6505944225690983,3.821822602576963,2025-04-28,4.0,0,True,False
2025-02-28,2025Q2,-4,diag3,gaussian_ar1,2.7673938724070535,2.7297936491182098,0.02952582006471756,0.9693654049277288,3.8380332333819878,3.7662126431826737,-1.0706393609749343,2025-07-28,4.0,0,True,False
2025-03-07,2025Q1,10,diag3,gaussian_ar1,3.146690678147368,3.0981970398392753,0.11667176301468848,0.5536401869064126,-0.6484826392524012,-0.6505944225690983,3.7951733173997693,2025-04-28,15.0,11,False,True
2025-03-07,2025Q2,-3,diag3,gaussian_ar1,2.6864503162244535,2.6509987638823804,0.010886864109205916,0.9585091597493633,3.8380332333819878,3.7662126431826737,-1.1515829171575342,2025-07-28,15.0,0,True,False
2025-03-14,2025Q1,11,diag3,gaussian_ar1,3.0756826973145523,3.0293315889409844,0.10038161800961615,0.5500195588313432,-0.6484826392524012,-0.6505944225690983,3.7241653365669536,2025-04-28,6.0,0,True,False
2025-03-14,2025Q2,-2,diag3,gaussian_ar1,2.5220816046068073,2.490801967744595,-0.02700774057851729,0.9515905672481956,3.8380332333819878,3.7662126431826737,-1.3159516287751805,2025-07-28,6.0,0,True,False
2025-03-21,2025Q1,12,diag3,gaussian_ar1,4.638332857431426,4.533976942101395,0.4563059699810007,0.5161642333716051,-0.6484826392524012,-0.6505944225690983,5.286815496683827,2025-04-28,7.0,0,True,False
2025-03-21,2025Q2,-1,diag3,gaussian_ar1,2.898527127002537,2.85731431148994,0.05969087458888553,0.9090706330117031,3.8380332333819878,3.7662126431826737,-0.9395061063794508,2025-07-28,7.0,0,True,False
2025-03-28,2025Q1,13,diag3,gaussian_ar1,4.624817829983319,4.521060164902457,0.45325050209653606,0.5161027542878798,-0.6484826392524012,-0.6505944225690983,5.2733004692357195,2025-04-28,4.0,0,True,False
2025-03-28,2025Q2,0,diag3,gaussian_ar1,2.8951259414215835,2.8540088785666806,0.05890897334636025,0.9090683331381345,3.8380332333819878,3.7662126431826737,-0.9429072919604042,2025-07-28,4.0,0,True,False
2025-04-04,2025Q1,14,diag3,gaussian_ar1,4.652107987593546,4.547140591741964,0.4594198356225332,0.5104524408646691,-0.6484826392524012,-0.6505944225690983,5.300590626845947,2025-04-28,12.0,12,False,True
2025-04-04,2025Q2,1,diag3,gaussian_ar1,3.2593069811662323,3.207318204408819,0.14248441029678666,0.8796917925332528,3.8380332333819878,3.7662126431826737,-0.5787262522157555,2025-07-28,12.0,0,True,False
2025-04-04,2025Q3,-12,diag3,gaussian_ar1,2.764823844340958,2.727292797334697,0.028934242754786288,0.9845108228151759,4.3753962528715995,4.282379361041974,-1.6105724085306417,2025-10-28,12.0,0,True,False
2025-04-11,2025Q1,15,diag3,gaussian_ar1,4.606572382200769,4.503619715063348,0.4491249579648002,0.5066847604120052,-0.6484826392524012,-0.6505944225690983,5.25505502145317,2025-04-28,5.0,0,True,False
2025-04-11,2025Q2,2,diag3,gaussian_ar1,3.172043745476816,3.122773642180203,0.1224853663621349,0.8711500507688932,3.8380332333819878,3.7662126431826737,-0.665989487905172,2025-07-28,5.0,0,True,False
2025-04-11,2025Q3,-11,diag3,gaussian_ar1,2.7618875686417077,2.72443547949092,0.028258343281341226,0.984502319949573,4.3753962528715995,4.282379361041974,-1.6135086842298918,2025-10-28,5.0,0,True,False
2025-04-18,2025Q1,16,diag3,gaussian_ar1,4.628630739131112,4.5247044624509805,0.4541125618773505,0.5011889806658528,-0.6484826392524012,-0.6505944225690983,5.277113378383513,2025-04-28,11.0,0,True,False
2025-04-18,2025Q2,3,diag3,gaussian_ar1,2.6860622839427695,2.650620882464104,0.010797476135727901,0.8006740418630766,3.8380332333819878,3.7662126431826737,-1.1519709494392183,2025-07-28,11.0,0,True,False
2025-04-18,2025Q3,-10,diag3,gaussian_ar1,2.4411914617550545,2.4118706101006047,-0.04567897912695666,0.9826999805734163,4.3753962528715995,4.282379361041974,-1.934204791116545,2025-10-28,11.0,0,True,False
2025-04-25,2025Q1,17,diag3,gaussian_ar1,4.6356565858401755,4.531419269646726,0.45570095172266417,0.5011881978523736,-0.6484826392524012,-0.6505944225690983,5.284139225092577,2025-04-28,0.0,0,True,False
2025-04-25,2025Q2,4,diag3,gaussian_ar1,1.0455256165757154,1.0400977975466237,-0.3701722880217784,0.7713552150876747,3.8380332333819878,3.7662126431826737,-2.7925076168062724,2025-07-28,0.0,0,True,False
2025-04-25,2025Q3,-9,diag3,gaussian_ar1,2.29545753896514,2.2695082649958094,-0.07935483857125782,0.9825167293994896,4.3753962528715995,4.282379361041974,-2.0799387139064596,2025-10-28,0.0,0,True,False
2025-05-02,2025Q2,5,diag3,gaussian_ar1,1.401188332246539,1.391462435324605,-0.2826365088821905,0.7229650170830224,3.8380332333819878,3.7662126431826737,-2.4368449011354487,2025-07-28,13.0,11,False,True
2025-05-02,2025Q3,-8,diag3,gaussian_ar1,2.0755959188381023,2.054348924937374,-0.125628892512442,0.9818752598367774,4.3753962528715995,4.282379361041974,-2.299800334033497,2025-10-28,13.0,0,True,False
2025-05-09,2025Q2,6,diag3,gaussian_ar1,1.8668645367239334,1.8496525075939523,-0.17411215031015648,0.6922967776278375,3.8380332333819878,3.7662126431826737,-1.9711686966580544,2025-07-28,10.0,0,True,False
2025-05-09,2025Q3,-7,diag3,gaussian_ar1,2.094998415973137,2.0733550871681867,-0.12112719836878874,0.9818088058396159,4.3753962528715995,4.282379361041974,-2.2803978368984623,2025-10-28,10.0,0,True,False
2025-05-16,2025Q2,7,diag3,gaussian_ar1,1.691874484151179,1.677721696349356,-0.214834728424247,0.681662867768065,3.8380332333819878,3.7662126431826737,-2.1461587492308087,2025-07-28,8.0,0,True,False
2025-05-16,2025Q3,-6,diag3,gaussian_ar1,1.9185954972017027,1.9004225297342363,-0.1620870445278047,0.9780368213326687,4.3753962528715995,4.282379361041974,-2.4568007556698968,2025-10-28,8.0,0,True,False
2025-05-23,2025Q2,8,diag3,gaussian_ar1,2.778920689657949,2.741009434998409,0.03700970644723445,0.596406779021125,3.8380332333819878,3.7662126431826737,-1.059112543724039,2025-07-28,4.0,0,True,False
2025-05-23,2025Q3,-5,diag3,gaussian_ar1,2.2687409590264496,2.243387780290523,-0.08085419798276189,0.9667948787083644,4.3753962528715995,4.282379361041974,-2.10665529384515,2025-10-28,4.0,0,True,False
2025-05-30,2025Q2,9,diag3,gaussian_ar1,2.8051641152676554,2.7665400355574628,0.043056742857052965,0.5962271050073604,3.8380332333819878,3.7662126431826737,-1.0328691181143324,2025-07-28,8.0,0,True,False
2025-05-30,2025Q3,-4,diag3,gaussian_ar1,2.3356865604107435,2.3088268370938354,-0.06535466603095746,0.9665283580127975,4.3753962528715995,4.282379361041974,-2.039709692460856,2025-10-28,8.0,0,True,False
2025-06-06,2025Q2,10,diag3,gaussian_ar1,2.374118153019955,2.346374225812732,-0.05646139984430443,0.5544824182684626,3.8380332333819878,3.7662126431826737,-1.4639150803620327,2025-07-28,10.0,11,False,True
2025-06-06,2025Q3,-3,diag3,gaussian_ar1,2.0828665991140305,2.0614715101972196,-0.12394187648245478,0.9559843065160167,4.3753962528715995,4.282379361041974,-2.292529653757569,2025-10-28,10.0,0,True,False
2025-06-13,2025Q2,11,diag3,gaussian_ar1,2.2864147828729253,2.260668032969897,-0.0767612932004661,0.5540529346402379,3.8380332333819878,3.7662126431826737,-1.5516184505090624,2025-07-28,6.0,0,True,False
2025-06-13,2025Q3,-2,diag3,gaussian_ar1,1.7132694888163158,1.6987585337922368,-0.20985205981563793,0.9511445775482057,4.3753962528715995,4.282379361041974,-2.6621267640552837,2025-10-28,6.0,0,True,False
2025-06-20,2025Q2,12,diag3,gaussian_ar1,1.8175169042382366,1.8011975076552158,-0.18558893277712374,0.5173791480204141,3.8380332333819878,3.7662126431826737,-2.020516329143751,2025-07-28,8.0,0,True,False
2025-06-20,2025Q3,-1,diag3,gaussian_ar1,0.8863804845524514,0.8824751929315031,-0.40319240335732953,0.9074072144766723,4.3753962528715995,4.282379361041974,-3.489015768319148,2025-10-28,8.0,0,True,False
2025-06-27,2025Q2,13,diag3,gaussian_ar1,1.872487353164809,1.855172125075949,-0.17280480433509016,0.5173193371425878,3.8380332333819878,3.7662126431826737,-1.9655458802171788,2025-07-28,4.0,0,True,False
2025-06-27,2025Q3,0,diag3,gaussian_ar1,0.9002188357144281,0.8961910206725905,-0.39994374849120884,0.9074050131700198,4.3753962528715995,4.282379361041974,-3.4751774171571714,2025-10-28,4.0,0,True,False
2025-07-04,2025Q2,14,diag3,gaussian_ar1,1.9064885186655944,1.8885427568310957,-0.16490082163106962,0.5104921936989538,3.8380332333819878,3.7662126431826737,-1.9315447147163933,2025-07-28,9.0,11,False,True
2025-07-04,2025Q3,1,diag3,gaussian_ar1,1.0798914614725819,1.0741022742965753,-0.3578046759734189,0.8796941842395836,4.3753962528715995,4.282379361041974,-3.2955047913990176,2025-10-28,9.0,0,True,False
2025-07-04,2025Q4,-12,diag3,gaussian_ar1,2.6270284956861456,2.593114768597417,0.00198019625313868,0.9845108299647958,0.48224811236061704,0.4810890211212576,2.1447803833255286,2026-01-28,9.0,0,True,False
2025-07-11,2025Q2,15,diag3,gaussian_ar1,1.9570986515817346,1.9381937363496717,-0.1531407660758739,0.5066847604142048,3.8380332333819878,3.7662126431826737,-1.8809345818002532,2025-07-28,7.0,0,True,False
2025-07-11,2025Q3,2,diag3,gaussian_ar1,1.2734527842698462,1.2654125613139202,-0.31249198274120016,0.8711500507711085,4.3753962528715995,4.282379361041974,-3.1019434686017533,2025-10-28,7.0,0,True,False
2025-07-11,2025Q4,-11,diag3,gaussian_ar1,2.633176038010654,2.5991047678184698,0.003398954237335161,0.9845023199499455,0.48224811236061704,0.4810890211212576,2.150927925650037,2026-01-28,7.0,0,True,False
2025-07-18,2025Q2,16,diag3,gaussian_ar1,2.509551435526358,2.4785792985786026,-0.025148039755936935,0.5011889806658528,3.8380332333819878,3.7662126431826737,-1.3284817978556296,2025-07-28,12.0,0,True,False
2025-07-18,2025Q3,3,diag3,gaussian_ar1,4.123158765163115,4.0404231414965555,0.3447816280844258,0.8006740418630767,4.3753962528715995,4.282379361041974,-0.2522374877084843,2025-10-28,12.0,0,True,False
2025-07-18,2025Q4,-10,diag3,gaussian_ar1,2.8463450117854228,2.806589240392379,0.052542575329377526,0.9826999805734165,0.48224811236061704,0.4810890211212576,2.3640968994248057,2026-01-28,12.0,0,True,False
2025-07-25,2025Q2,17,diag3,gaussian_ar1,2.5071375209461344,2.4762244516706606,-0.0257057957303386,0.5011881978523735,3.8380332333819878,3.7662126431826737,-1.3308957124358534,2025-07-28,0.0,0,True,False
2025-07-25,2025Q3,4,diag3,gaussian_ar1,4.713599148542347,4.605881025940109,0.47871284554795457,0.7713552150876748,4.3753962528715995,4.282379361041974,0.33820289567074724,2025-10-28,0.0,0,True,False
2025-07-25,2025Q4,-9,diag3,gaussian_ar1,2.8977643276156595,2.856572996491996,0.06438145049938147,0.9825167293994896,0.48224811236061704,0.4810890211212576,2.4155162152550425,2026-01-28,0.0,0,True,False
2025-08-01,2025Q3,5,diag3,gaussian_ar1,3.4125916140483437,3.355654443666161,0.18138395695846604,0.7245500213777959,4.3753962528715995,4.282379361041974,-0.9628046388232558,2025-10-28,13.0,12,False,True
2025-08-01,2025Q4,-8,diag3,gaussian_ar1,2.903649167608968,2.862291946517633,0.06419274681749294,0.9809870732559112,0.48224811236061704,0.4810890211212576,2.421401055248351,2026-01-28,13.0,0,True,False
2025-08-08,2025Q3,6,diag3,gaussian_ar1,2.8711206139093726,2.830676259127892,0.05668289212432798,0.69398628171574,4.3753962528715995,4.282379361041974,-1.504275638962227,2025-10-28,10.0,0,True,False
2025-08-08,2025Q4,-7,diag3,gaussian_ar1,2.8712894621516716,2.830840394701328,0.056721880183998735,0.9809197664004563,0.48224811236061704,0.4810890211212576,2.3890413497910545,2026-01-28,10.0,0,True,False
2025-08-15,2025Q3,7,diag3,gaussian_ar1,3.3315558931735767,3.2772621641247364,0.1627629913231245,0.6854766133324154,4.3753962528715995,4.282379361041974,-1.0438403596980228,2025-10-28,6.0,0,True,False
2025-08-15,2025Q4,-6,diag3,gaussian_ar1,3.282415208878109,3.2296945335720233,0.1514639805141758,0.9772323594847971,0.48224811236061704,0.4810890211212576,2.800167096517492,2026-01-28,6.0,0,True,False
2025-08-22,2025Q3,8,diag3,gaussian_ar1,3.439527778665763,3.381698329364558,0.1875703097911368,0.5991792912264248,4.3753962528715995,4.282379361041974,-0.9358684742058365,2025-10-28,6.0,0,True,False
2025-08-22,2025Q4,-5,diag3,gaussian_ar1,2.915529150147167,2.87383604328111,0.06693488201730144,0.9661635106062226,0.48224811236061704,0.4810890211212576,2.43328103778655,2026-01-28,6.0,0,True,False
2025-08-29,2025Q3,9,diag3,gaussian_ar1,3.426228507931217,3.3688404538112517,0.1845161052161175,0.599144079954022,4.3753962528715995,4.282379361041974,-0.9491677449403824,2025-10-28,4.0,0,True,False
2025-08-29,2025Q4,-4,diag3,gaussian_ar1,2.91478572236894,2.873113673713061,0.06676329345039983,0.9661634372095893,0.48224811236061704,0.4810890211212576,2.432537610008323,2026-01-28,4.0,0,True,False
2025-09-05,2025Q3,10,diag3,gaussian_ar1,3.4046152662159823,3.347941015990936,0.17955174245327168,0.5597816396316635,4.3753962528715995,4.282379361041974,-0.9707809866556172,2025-10-28,13.0,2,True,True
2025-09-05,2025Q4,-3,diag3,gaussian_ar1,2.815933388924119,2.777014907831791,0.043936405043254356,0.9556009343899046,0.48224811236061704,0.4810890211212576,2.333685276563502,2026-01-28,13.0,0,True,False
2025-09-12,2025Q3,11,diag3,gaussian_ar1,3.395158604627957,3.3387952984520815,0.177379307961026,0.5597771220187695,4.3753962528715995,4.282379361041974,-0.9802376482436426,2025-10-28,4.0,0,True,False
2025-09-12,2025Q4,-2,diag3,gaussian_ar1,2.810651252051577,2.7718773066962763,0.04271604131927362,0.9556000559360747,0.48224811236061704,0.4810890211212576,2.32840313969096,2026-01-28,4.0,0,True,False
2025-09-19,2025Q3,12,diag3,gaussian_ar1,2.7454402087588647,2.7084288873213596,0.027644776091264256,0.5233781237369417,4.3753962528715995,4.282379361041974,-1.6299560441127348,2025-10-28,11.0,0,True,False
2025-09-19,2025Q4,-1,diag3,gaussian_ar1,2.3322258332526546,2.3054450396074158,-0.06807827755349856,0.9078293303786849,0.48224811236061704,0.4810890211212576,1.8499777208920376,2026-01-28,11.0,0,True,False
2025-09-26,2025Q3,13,diag3,gaussian_ar1,2.7650594799054407,2.7275220930075856,0.032180094225033484,0.523322667453429,4.3753962528715995,4.282379361041974,-1.6103367729661588,2025-10-28,4.0,0,True,False
2025-09-26,2025Q4,0,diag3,gaussian_ar1,2.337133625034271,2.3102408642443333,-0.06693909795214531,0.9078272811526767,0.48224811236061704,0.4810890211212576,1.854885512673654,2026-01-28,4.0,0,True,False
2025-10-03,2025Q3,14,diag3,gaussian_ar1,2.5656332268153115,2.533273183437804,-0.013960958069409446,0.5166111884860974,4.3753962528715995,4.282379361041974,-1.809763026056288,2025-10-28,9.0,11,False,True
2025-10-03,2025Q4,1,diag3,gaussian_ar1,1.8328931896204992,1.8162981749255525,-0.1842681244511498,0.8803232849663823,0.48224811236061704,0.4810890211212576,1.3506450772598821,2026-01-28,9.0,0,True,False
2025-10-03,2026Q1,-12,diag3,gaussian_ar1,2.586433735336735,2.553551320432174,-0.009144176438236534,0.9836745387029208,2.0891889857350465,2.067664705054285,0.4972447496016885,2026-04-28,9.0,0,True,False
2025-10-10,2025Q3,15,diag3,gaussian_ar1,2.6504352947621213,2.615919804031129,0.005670565480459855,0.5128985908729596,4.3753962528715995,4.282379361041974,-1.7249609581094782,2025-10-28,7.0,0,True,False
2025-10-10,2025Q4,2,diag3,gaussian_ar1,2.024134452220361,2.003921158458004,-0.13970096619021613,0.8718342826075992,0.48224811236061704,0.4810890211212576,1.5418863398597438,2026-01-28,7.0,0,True,False
2025-10-10,2026Q1,-11,diag3,gaussian_ar1,2.593051782517719,2.5600023037422983,-0.00761183754932189,0.9836653541322883,2.0891889857350465,2.067664705054285,0.5038627967826725,2026-04-28,7.0,0,True,False
2025-10-17,2025Q3,16,diag3,gaussian_ar1,2.766767222748867,2.729183872471,0.032574826186685335,0.5074855150331239,4.3753962528715995,4.282379361041974,-1.6086290301227324,2025-10-28,10.0,0,True,False
2025-10-17,2025Q4,3,diag3,gaussian_ar1,3.460085678769076,3.4015706721180603,0.1922907007999371,0.8034421942074184,0.48224811236061704,0.4810890211212576,2.977837566408459,2026-01-28,10.0,0,True,False
2025-10-17,2026Q1,-10,diag3,gaussian_ar1,2.805963015441515,2.7673171337476408,0.041632837408576207,0.98218316064859,2.0891889857350465,2.067664705054285,0.7167740297064684,2026-04-28,10.0,0,True,False
2025-10-24,2025Q3,17,diag3,gaussian_ar1,2.7748323186784773,2.737031525648506,0.03443892404161769,0.5074847321455439,4.3753962528715995,4.282379361041974,-1.6005639341931222,2025-10-28,2.0,0,True,False
2025-10-24,2025Q4,4,diag3,gaussian_ar1,1.2575694764282108,1.2497277465167491,-0.31884883238714073,0.7736112097521407,0.48224811236061704,0.4810890211212576,0.7753213640675938,2026-01-28,2.0,0,True,False
2025-10-24,2026Q1,-9,diag3,gaussian_ar1,2.5672828070440357,2.5348814872250807,-0.01357892849035832,0.9817460408712804,2.0891889857350465,2.067664705054285,0.47809382130898914,2026-04-28,2.0,0,True,False
2025-10-31,2025Q4,5,diag3,gaussian_ar1,1.3873974414185586,1.377861185730951,-0.2916327073102979,0.772689864873856,0.48224811236061704,0.4810890211212576,0.9051493290579415,2026-01-28,10.0,0,True,False
2025-10-31,2026Q1,-8,diag3,gaussian_ar1,2.656173095980896,2.621509298948259,0.004546792853655224,0.9813872581225154,2.0891889857350465,2.067664705054285,0.5669841102458495,2026-04-28,10.0,0,True,False
2025-11-07,2025Q4,6,diag3,gaussian_ar1,1.813624945005965,1.7973749496737617,-0.19172391832412486,0.6953394730486734,0.48224811236061704,0.4810890211212576,1.331376832645348,2026-01-28,12.0,11,False,True
2025-11-07,2026Q1,-7,diag3,gaussian_ar1,2.684826826929698,2.6494177353010016,0.01119329248764651,0.9810479348718216,2.0891889857350465,2.067664705054285,0.5956378411946517,2026-04-28,12.0,0,True,False
2025-11-14,2025Q4,7,diag3,gaussian_ar1,1.6327641722900577,1.6195779180871597,-0.23406695361384502,0.6875003393916107,0.48224811236061704,0.4810890211212576,1.1505160599294406,2026-01-28,4.0,0,True,False
2025-11-14,2026Q1,-6,diag3,gaussian_ar1,2.52660817587278,2.4952170861943146,-0.02553017510096661,0.9782391346628343,2.0891889857350465,2.067664705054285,0.43741919013773334,2026-04-28,4.0,0,True,False
2025-11-21,2025Q4,8,diag3,gaussian_ar1,1.3891266056273777,1.379566673303531,-0.291226538996758,0.6016626559382575,0.48224811236061704,0.4810890211212576,0.9068784932667606,2026-01-28,4.0,0,True,False
2025-11-21,2026Q1,-5,diag3,gaussian_ar1,2.722014485438584,2.6856265184920387,0.019816551103238857,0.9675987174387977,2.0891889857350465,2.067664705054285,0.6328254997035376,2026-04-28,4.0,0,True,False
2025-11-28,2025Q4,9,diag3,gaussian_ar1,1.400420032977423,1.3907047497467506,-0.28857396398081836,0.6016283733770249,0.48224811236061704,0.4810890211212576,0.918171920616806,2026-01-28,4.0,0,True,False
2025-11-28,2026Q1,-4,diag3,gaussian_ar1,2.722721256534588,2.6863145586050785,0.019980410457510502,0.9675986371297068,2.0891889857350465,2.067664705054285,0.6335322707995417,2026-04-28,4.0,0,True,False
2025-12-05,2025Q4,10,diag3,gaussian_ar1,0.8953375596788993,0.891353177735233,-0.4074964288103957,0.5597916433910346,0.48224811236061704,0.4810890211212576,0.41308944731828223,2026-01-28,13.0,11,False,True
2025-12-05,2026Q1,-3,diag3,gaussian_ar1,2.353020966926178,2.3257641725885896,-0.0658860271459892,0.9556426991454623,2.0891889857350465,2.067664705054285,0.2638319811911316,2026-04-28,13.0,0,True,False
2025-12-12,2025Q4,11,diag3,gaussian_ar1,0.8909272408056168,0.8869819001575867,-0.40853746509249633,0.5597872247157495,0.48224811236061704,0.4810890211212576,0.40867912844499976,2026-01-28,3.0,0,True,False
2025-12-12,2026Q1,-2,diag3,gaussian_ar1,2.350600483201215,2.323399306048443,-0.06644922905364385,0.955641838814342,2.0891889857350465,2.067664705054285,0.26141149746616854,2026-04-28,3.0,0,True,False
2025-12-19,2025Q4,12,diag3,gaussian_ar1,0.5035005399500081,0.5022372147729066,-0.5001658665646581,0.5272181777832405,0.48224811236061704,0.4810890211212576,0.021252427589391054,2026-01-28,7.0,0,True,False
2025-12-19,2026Q1,-1,diag3,gaussian_ar1,1.5009972554876017,1.4898437622701652,-0.2649636333222761,0.9246816992219048,2.0891889857350465,2.067664705054285,-0.5881917302474449,2026-04-28,7.0,0,True,False
2025-12-26,2025Q4,13,diag3,gaussian_ar1,0.3307469876983937,0.33020122291831466,-0.5411368884607848,0.5234072223185094,0.48224811236061704,0.4810890211212576,-0.15150112466222332,2026-01-28,4.0,0,True,False
2025-12-26,2026Q1,0,diag3,gaussian_ar1,0.9730230426518327,0.9683196588381764,-0.38916657033983904,0.9096532091092286,2.0891889857350465,2.067664705054285,-1.1161659430832138,2026-04-28,4.0,0,True,False
