as_of,target_quarter,horizon_week,spec,variant,nowcast_bea,nowcast_livello,nowcast_z,sd_z,realizzato_bea,realizzato_livello,errore_bea,gdp_release_date,n_releases,n_iter,converged,reestimated
2007-01-05,2006Q4,14,diag4,student_t_ar1,1.914237732947388,1.8961467080366834,-0.6102756760389888,0.7784342370656241,3.4823729200428755,3.423110226166918,-1.5681351870954874,2007-01-28,,29,False,True
2007-01-05,2007Q1,1,diag4,student_t_ar1,2.993280133903764,2.949355869482048,-0.08756391259058223,0.8887443834505537,1.2087836914185912,1.2015362468522506,1.7844964424851728,2007-04-28,,0,True,False
2007-01-05,2007Q2,-12,diag4,student_t_ar1,3.1062091148173376,3.0589427419452875,-0.033175525693677016,0.9225480653688061,2.4695947150627617,2.439593165871891,0.6366143997545759,2007-07-28,,0,True,False
2007-01-12,2006Q4,15,diag4,student_t_ar1,1.913601615210636,1.895522536442865,-0.6105854548051092,0.7784250665983689,3.4823729200428755,3.423110226166918,-1.5687713048322394,2007-01-28,4.0,0,True,False
2007-01-12,2007Q1,2,diag4,student_t_ar1,2.9880455957617125,2.944273332873808,-0.09008639508554867,0.8887044120842232,1.2087836914185912,1.2015362468522506,1.7792619043431213,2007-04-28,4.0,0,True,False
2007-01-12,2007Q2,-11,diag4,student_t_ar1,3.1040548732350626,3.056853377875164,-0.034212485129237975,0.9225449458286359,2.4695947150627617,2.439593165871891,0.6344601581723008,2007-07-28,4.0,0,True,False
2007-01-19,2006Q4,16,diag4,student_t_ar1,2.2768261732726502,2.25129331876174,-0.4340150452255821,0.774637879277341,3.4823729200428755,3.423110226166918,-1.2055467467702252,2007-01-28,10.0,0,True,False
2007-01-19,2007Q1,3,diag4,student_t_ar1,3.600338867229369,3.53704147511443,0.2041067170607748,0.8712126236213356,1.2087836914185912,1.2015362468522506,2.391555175810778,2007-04-28,10.0,0,True,False
2007-01-19,2007Q2,-10,diag4,student_t_ar1,3.055269578017805,3.009525616923538,-0.05770143518084876,0.920895012989976,2.4695947150627617,2.439593165871891,0.5856748629550435,2007-07-28,10.0,0,True,False
2007-01-26,2006Q4,17,diag4,student_t_ar1,2.2928849099509874,2.266993332831553,-0.42622306777132757,0.7746323083127524,3.4823729200428755,3.423110226166918,-1.189488010091888,2007-01-28,4.0,0,True,False
2007-01-26,2007Q1,4,diag4,student_t_ar1,3.6750700294352123,3.6091495614925746,0.23989423806741325,0.8689186873932392,1.2087836914185912,1.2015362468522506,2.466286338016621,2007-04-28,4.0,0,True,False
2007-01-26,2007Q2,-9,diag4,student_t_ar1,3.1061613872510607,3.0588964522235313,-0.03319849946087769,0.9200947415648755,2.4695947150627617,2.439593165871891,0.636566672188299,2007-07-28,4.0,0,True,False
2007-02-02,2007Q1,5,diag4,student_t_ar1,3.8622012186430688,3.7894846297877325,0.32957696992354896,0.8492957479787991,1.2087836914185912,1.2015362468522506,2.6534175272244775,2007-04-28,10.0,12,False,True
2007-02-02,2007Q2,-8,diag4,student_t_ar1,3.0885712780808428,3.0418348047357258,-0.043588915318745945,0.9191937786869331,2.4695947150627617,2.439593165871891,0.618976563018081,2007-07-28,10.0,0,True,False
2007-02-09,2007Q1,6,diag4,student_t_ar1,4.029852317811566,3.9507713482165583,0.4100781605125134,0.8454312300162091,1.2087836914185912,1.2015362468522506,2.821068626392975,2007-04-28,8.0,0,True,False
2007-02-09,2007Q2,-7,diag4,student_t_ar1,3.1435970831261484,3.0951977759815175,-0.01695446729662569,0.9188436155208891,2.4695947150627617,2.439593165871891,0.6740023680633866,2007-07-28,8.0,0,True,False
2007-02-16,2007Q1,7,diag4,student_t_ar1,4.172260500365632,4.087569388192858,0.4783565977924468,0.8423724698145214,1.2087836914185912,1.2015362468522506,2.963476808947041,2007-04-28,7.0,0,True,False
2007-02-16,2007Q2,-6,diag4,student_t_ar1,3.3520862537209206,3.2971286232229033,0.08383296131451157,0.9170602505539805,2.4695947150627617,2.439593165871891,0.8824915386581589,2007-07-28,7.0,0,True,False
2007-02-23,2007Q1,8,diag4,student_t_ar1,3.4084768693694256,3.3516754054476428,0.11105827133795414,0.803423748685824,1.2087836914185912,1.2015362468522506,2.1996931779508344,2007-04-28,4.0,0,True,False
2007-02-23,2007Q2,-5,diag4,student_t_ar1,3.2284647964818447,3.177445069890268,0.02409668153244948,0.9155901461053084,2.4695947150627617,2.439593165871891,0.758870081419083,2007-07-28,4.0,0,True,False
2007-03-02,2007Q1,9,diag4,student_t_ar1,3.544072364485573,3.482715602846812,0.17646286266703604,0.8027800364723046,1.2087836914185912,1.2015362468522506,2.335288673066982,2007-04-28,11.0,12,False,True
2007-03-02,2007Q2,-4,diag4,student_t_ar1,3.3959277193517323,3.3395391551989473,0.10500084389555311,0.9108330805408743,2.4695947150627617,2.439593165871891,0.9263330042889706,2007-07-28,11.0,0,True,False
2007-03-09,2007Q1,10,diag4,student_t_ar1,3.4124476109727464,3.3555151925618127,0.11297478025641945,0.8017681039752611,1.2087836914185912,1.2015362468522506,2.203663919554155,2007-04-28,8.0,0,True,False
2007-03-09,2007Q2,-3,diag4,student_t_ar1,3.272120715629412,3.2197267125206546,0.045200233052132034,0.9098017161188298,2.4695947150627617,2.439593165871891,0.8025260005666501,2007-07-28,8.0,0,True,False
2007-03-16,2007Q1,11,diag4,student_t_ar1,3.3639933530061894,3.308648868112514,0.08958292906464177,0.8012297275038116,1.2087836914185912,1.2015362468522506,2.155209661587598,2007-04-28,7.0,0,True,False
2007-03-16,2007Q2,-2,diag4,student_t_ar1,3.2296505370513318,3.1785937198889185,0.024669994036803065,0.909631229280044,2.4695947150627617,2.439593165871891,0.76005582198857,2007-07-28,7.0,0,True,False
2007-03-23,2007Q1,12,diag4,student_t_ar1,3.9585454610312265,3.882203235441386,0.37585454452843864,0.7816670419108168,1.2087836914185912,1.2015362468522506,2.7497617696126353,2007-04-28,4.0,0,True,False
2007-03-23,2007Q2,-1,diag4,student_t_ar1,3.4520944344484494,3.3938463860753365,0.1321065894009918,0.9001336444442836,2.4695947150627617,2.439593165871891,0.9824997193856877,2007-07-28,4.0,0,True,False
2007-03-30,2007Q1,13,diag4,student_t_ar1,3.9449469022506234,3.8691216285425165,0.3693252720599152,0.7816603180108985,1.2087836914185912,1.2015362468522506,2.736163210832032,2007-04-28,8.0,0,True,False
2007-03-30,2007Q2,0,diag4,student_t_ar1,3.4501208492651925,3.3919386392872006,0.1311543976192798,0.9001335115924352,2.4695947150627617,2.439593165871891,0.9805261342024307,2007-07-28,8.0,0,True,False
2007-04-06,2007Q1,14,diag4,student_t_ar1,3.9575885425050306,3.8812827503325384,0.3753951133495822,0.7809778922265594,1.2087836914185912,1.2015362468522506,2.7488048510864393,2007-04-28,10.0,11,False,True
2007-04-06,2007Q2,1,diag4,student_t_ar1,3.4613365907574023,3.402779741700739,0.1365653927718153,0.893091581206536,2.4695947150627617,2.439593165871891,0.9917418756946406,2007-07-28,10.0,0,True,False
2007-04-06,2007Q3,-12,diag4,student_t_ar1,3.1346437714103503,3.0865169653595705,-0.021287220775347244,0.9241125502130886,2.3240880884577653,2.297492443722903,0.8105556829525851,2007-10-28,10.0,0,True,False
2007-04-13,2007Q1,15,diag4,student_t_ar1,3.962466268862208,3.8859746751807545,0.37773694000533375,0.7812925466307422,1.2087836914185912,1.2015362468522506,2.753682577443617,2007-04-28,6.0,0,True,False
2007-04-13,2007Q2,2,diag4,student_t_ar1,3.4591922766907146,3.400707144961774,0.1355309213241795,0.8940284706340148,2.4695947150627617,2.439593165871891,0.9895975616279529,2007-07-28,6.0,0,True,False
2007-04-13,2007Q3,-11,diag4,student_t_ar1,3.0969423478562463,3.0499547445247046,-0.03953610286840187,0.9240890205772029,2.3240880884577653,2.297492443722903,0.7728542593984811,2007-10-28,6.0,0,True,False
2007-04-20,2007Q1,16,diag4,student_t_ar1,3.9666293098533423,3.8899789642198757,0.37973555488355676,0.7763048157043925,1.2087836914185912,1.2015362468522506,2.757845618434751,2007-04-28,7.0,0,True,False
2007-04-20,2007Q2,3,diag4,student_t_ar1,3.303991167984477,3.250582606086784,0.06060098143958175,0.871896306666112,2.4695947150627617,2.439593165871891,0.8343964529217152,2007-07-28,7.0,0,True,False
2007-04-20,2007Q3,-10,diag4,student_t_ar1,2.9777104804323606,2.9342375720415848,-0.09729268845229479,0.9216205722811264,2.3240880884577653,2.297492443722903,0.6536223919745954,2007-10-28,7.0,0,True,False
2007-04-27,2007Q1,17,diag4,student_t_ar1,3.979465406092264,3.902324563951139,0.38589747253296347,0.7762760853161221,1.2087836914185912,1.2015362468522506,2.770681714673673,2007-04-28,4.0,0,True,False
2007-04-27,2007Q2,4,diag4,student_t_ar1,3.3094616326521775,3.2558779676373693,0.0632439945380798,0.8718971938566615,2.4695947150627617,2.439593165871891,0.8398669175894158,2007-07-28,4.0,0,True,False
2007-04-27,2007Q3,-9,diag4,student_t_ar1,2.978765289243368,2.9352618746832686,-0.09678144001855994,0.9216211018221215,2.3240880884577653,2.297492443722903,0.6546772007856028,2007-10-28,4.0,0,True,False
2007-05-04,2007Q2,5,diag4,student_t_ar1,3.171356388277191,3.1221074156867146,0.0072904359305987375,0.8535093856620023,2.4695947150627617,2.439593165871891,0.7017616732144294,2007-07-28,12.0,11,False,True
2007-05-04,2007Q3,-8,diag4,student_t_ar1,3.2375633009381177,3.1862586306934664,0.039324922778936344,0.9188241441977436,2.3240880884577653,2.297492443722903,0.9134752124803525,2007-10-28,12.0,0,True,False
2007-05-11,2007Q2,6,diag4,student_t_ar1,2.9673997297372745,2.924224466420222,-0.09152419657668177,0.8509799088152292,2.4695947150627617,2.439593165871891,0.49780501467451277,2007-07-28,7.0,0,True,False
2007-05-11,2007Q3,-7,diag4,student_t_ar1,3.1689754277377746,3.119799616219131,0.006138015486416471,0.9184574938949334,2.3240880884577653,2.297492443722903,0.8448873392800094,2007-10-28,7.0,0,True,False
2007-05-18,2007Q2,7,diag4,student_t_ar1,3.5668425957833927,3.5047040445413744,0.1983435075516579,0.8062796672219062,2.4695947150627617,2.439593165871891,1.097247880720631,2007-07-28,11.0,0,True,False
2007-05-18,2007Q3,-6,diag4,student_t_ar1,3.1683439329133867,3.1191875167440144,0.005832358102009569,0.9160612631720931,2.3240880884577653,2.297492443722903,0.8442558444556214,2007-10-28,11.0,0,True,False
2007-05-25,2007Q2,8,diag4,student_t_ar1,3.5476366110295476,3.486157794291331,0.1890822704938957,0.805635567751586,2.4695947150627617,2.439593165871891,1.078041895966786,2007-07-28,0.0,0,True,False
2007-05-25,2007Q3,-5,diag4,student_t_ar1,3.1391790540767683,3.090914307305361,-0.008286123610729874,0.9149058313695945,2.3240880884577653,2.297492443722903,0.8150909656190031,2007-10-28,0.0,0,True,False
2007-06-01,2007Q2,9,diag4,student_t_ar1,3.572112437829067,3.5097922637476158,0.20088435562798254,0.8025479442108479,2.4695947150627617,2.439593165871891,1.1025177227663052,2007-07-28,12.0,11,False,True
2007-06-01,2007Q3,-4,diag4,student_t_ar1,3.171303111039281,3.122055776110049,0.007264649243014199,0.9101857680305296,2.3240880884577653,2.297492443722903,0.8472150225815156,2007-10-28,12.0,0,True,False
2007-06-08,2007Q2,10,diag4,student_t_ar1,3.607326904848307,3.543786435630767,0.21785965145045935,0.8001216569148328,2.4695947150627617,2.439593165871891,1.1377321897855452,2007-07-28,8.0,0,True,False
2007-06-08,2007Q3,-3,diag4,student_t_ar1,3.208804338638638,3.1583976779294933,0.02541230514876814,0.9088289485239477,2.3240880884577653,2.297492443722903,0.8847162501808725,2007-10-28,8.0,0,True,False
2007-06-15,2007Q2,11,diag4,student_t_ar1,3.6512449370267763,3.5861663791433758,0.23902245784383916,0.7992661027253811,2.4695947150627617,2.439593165871891,1.1816502219640146,2007-07-28,5.0,0,True,False
2007-06-15,2007Q3,-2,diag4,student_t_ar1,3.229413557579086,3.1783641543105983,0.03538274491317204,0.9085865765933305,2.3240880884577653,2.297492443722903,0.9053254691213208,2007-10-28,5.0,0,True,False
2007-06-22,2007Q2,12,diag4,student_t_ar1,3.6058322205924753,3.5423437818319816,0.21713924928599496,0.7837345170820881,2.4695947150627617,2.439593165871891,1.1362375055297136,2007-07-28,6.0,0,True,False
2007-06-22,2007Q3,-1,diag4,student_t_ar1,3.4573565644154147,3.3989327945914223,0.1455256814964949,0.9012530223096068,2.3240880884577653,2.297492443722903,1.1332684759576495,2007-10-28,6.0,0,True,False
2007-06-29,2007Q2,13,diag4,student_t_ar1,3.6056937152016744,3.5422100968063304,0.21707249246470017,0.7837175144167126,2.4695947150627617,2.439593165871891,1.1360990001389126,2007-07-28,4.0,0,True,False
2007-06-29,2007Q3,0,diag4,student_t_ar1,3.4573346435805563,3.398911606308724,0.14551510093674466,0.9012524475568937,2.3240880884577653,2.297492443722903,1.133246555122791,2007-10-28,4.0,0,True,False
2007-07-06,2007Q2,14,diag4,student_t_ar1,3.5280362376433727,3.467227155868118,0.1796290857407272,0.7822535684209095,2.4695947150627617,2.439593165871891,1.058441522580611,2007-07-28,13.0,11,False,True
2007-07-06,2007Q3,1,diag4,student_t_ar1,3.217205982756055,3.166537780147214,0.029477138486846688,0.8915382622890665,2.3240880884577653,2.297492443722903,0.8931178942982898,2007-10-28,13.0,0,True,False
2007-07-06,2007Q4,-12,diag4,student_t_ar1,3.2659498643056395,3.213751202719209,0.05305358617047064,0.9239509359706667,2.5367271478347497,2.505086204878263,0.7292227164708898,2008-01-28,13.0,0,True,False
2007-07-13,2007Q2,15,diag4,student_t_ar1,3.530125814790197,3.469245503878328,0.18063696599337153,0.7823038524723666,2.4695947150627617,2.439593165871891,1.0605310997274353,2007-07-28,6.0,0,True,False
2007-07-13,2007Q3,2,diag4,student_t_ar1,3.215963731739313,3.1653342419576007,0.028876140854883166,0.8916852566377996,2.3240880884577653,2.297492443722903,0.8918756432815478,2007-10-28,6.0,0,True,False
2007-07-13,2007Q4,-11,diag4,student_t_ar1,3.24392841391119,3.192423941610432,0.0424036262994334,0.9239110587486431,2.5367271478347497,2.505086204878263,0.7072012660764404,2008-01-28,6.0,0,True,False
2007-07-20,2007Q2,16,diag4,student_t_ar1,3.454671641380802,3.3963375631222354,0.14422972929419736,0.778071028404179,2.4695947150627617,2.439593165871891,0.9850769263180403,2007-07-28,8.0,0,True,False
2007-07-20,2007Q3,3,diag4,student_t_ar1,3.098908019399249,3.0518613508308543,-0.027787569069551227,0.8711760666175455,2.3240880884577653,2.297492443722903,0.7748199309414838,2007-10-28,8.0,0,True,False
2007-07-20,2007Q4,-10,diag4,student_t_ar1,3.2687427222239496,3.2164556954932872,0.0544040989891834,0.921518567899289,2.5367271478347497,2.505086204878263,0.7320155743891998,2008-01-28,8.0,0,True,False
2007-07-27,2007Q2,17,diag4,student_t_ar1,3.4511668689606534,3.392949768514097,0.14253800355201376,0.7780447257993818,2.4695947150627617,2.439593165871891,0.9815721538978917,2007-07-28,4.0,0,True,False
2007-07-27,2007Q3,4,diag4,student_t_ar1,3.097415324011399,3.05041351183578,-0.028510560508471644,0.8711728486741044,2.3240880884577653,2.297492443722903,0.7733272355536336,2007-10-28,4.0,0,True,False
2007-07-27,2007Q4,-9,diag4,student_t_ar1,3.2684463932986407,3.21616874579036,0.054260808071254794,0.9215185173097697,2.5367271478347497,2.505086204878263,0.731719245463891,2008-01-28,4.0,0,True,False
2007-08-03,2007Q3,5,diag4,student_t_ar1,2.7394033613539204,2.7025531766832462,-0.19951193076225018,0.8493400376907277,2.3240880884577653,2.297492443722903,0.4153152728961551,2007-10-28,12.0,11,False,True
2007-08-03,2007Q4,-8,diag4,student_t_ar1,3.1449436408273357,3.096503284951108,-0.001798351588315864,0.9186858635035685,2.5367271478347497,2.505086204878263,0.608216492992586,2008-01-28,12.0,0,True,False
2007-08-10,2007Q3,6,diag4,student_t_ar1,2.550033906533611,2.5180629164408512,-0.2921029185795526,0.8467603449659423,2.3240880884577653,2.297492443722903,0.22594581807584557,2007-10-28,7.0,0,True,False
2007-08-10,2007Q4,-7,diag4,student_t_ar1,3.0816800748659556,3.0351498410494306,-0.03259009078032513,0.9183356315678365,2.5367271478347497,2.505086204878263,0.5449529270312059,2008-01-28,7.0,0,True,False
2007-08-17,2007Q3,7,diag4,student_t_ar1,2.3874361753846385,2.359382549008128,-0.3717405750526074,0.8046715911425414,2.3240880884577653,2.297492443722903,0.06334808692687321,2007-10-28,9.0,0,True,False
2007-08-17,2007Q4,-6,diag4,student_t_ar1,3.154684882564207,3.1059470651593872,0.0029412424534792474,0.9161159210503658,2.5367271478347497,2.505086204878263,0.6179577347294574,2008-01-28,9.0,0,True,False
2007-08-24,2007Q3,8,diag4,student_t_ar1,2.3229532973849665,2.2963834210220444,-0.40335824139551446,0.8038565349200831,2.3240880884577653,2.297492443722903,-0.0011347910727987909,2007-10-28,2.0,0,True,False
2007-08-24,2007Q4,-5,diag4,student_t_ar1,3.071224502461112,3.025006328945865,-0.037680862533651986,0.9149190874602963,2.5367271478347497,2.505086204878263,0.534497354626362,2008-01-28,2.0,0,True,False
2007-08-31,2007Q3,9,diag4,student_t_ar1,2.3243050212209404,2.2977044490652254,-0.4026952508870085,0.8038499360151836,2.3240880884577653,2.297492443722903,0.0002169327631751372,2007-10-28,8.0,0,True,False
2007-08-31,2007Q4,-4,diag4,student_t_ar1,3.0746685575465893,3.0283477053222563,-0.036003910379359495,0.914914566402033,2.5367271478347497,2.505086204878263,0.5379414097118396,2008-01-28,8.0,0,True,False
2007-09-07,2007Q3,10,diag4,student_t_ar1,2.0942110159968053,2.072583841735078,-0.5156775805955961,0.8011713820923603,2.3240880884577653,2.297492443722903,-0.22987707246096,2007-10-28,12.0,11,False,True
2007-09-07,2007Q4,-3,diag4,student_t_ar1,2.810912816554123,2.7721317201900493,-0.16459222244962893,0.9095616024702186,2.5367271478347497,2.505086204878263,0.27418566871937333,2008-01-28,12.0,0,True,False
2007-09-14,2007Q3,11,diag4,student_t_ar1,2.1060709177697756,2.0841997921872424,-0.5098478293372389,0.8001689246199035,2.3240880884577653,2.297492443722903,-0.21801717068798965,2007-10-28,5.0,0,True,False
2007-09-14,2007Q4,-2,diag4,student_t_ar1,2.825544087676235,2.78636195092547,-0.15745043014617835,0.9092789918509954,2.5367271478347497,2.505086204878263,0.28881693984148527,2008-01-28,5.0,0,True,False
2007-09-21,2007Q3,12,diag4,student_t_ar1,2.321931903924046,2.295385210429159,-0.40385921800383806,0.7815170181959753,2.3240880884577653,2.297492443722903,-0.002156184533719241,2007-10-28,6.0,0,True,False
2007-09-21,2007Q4,-1,diag4,student_t_ar1,3.0051384573746454,2.960868893285884,-0.06986981666068211,0.8997789757589649,2.5367271478347497,2.505086204878263,0.4684113095398956,2008-01-28,6.0,0,True,False
2007-09-28,2007Q3,13,diag4,student_t_ar1,2.329672783306269,2.3029501444033995,-0.40006256928900974,0.7815054492662254,2.3240880884577653,2.297492443722903,0.005584694848503879,2007-10-28,4.0,0,True,False
2007-09-28,2007Q4,0,diag4,student_t_ar1,3.006783077223618,2.9624655191867117,-0.06906851056930319,0.8997779929871245,2.5367271478347497,2.505086204878263,0.4700559293888684,2008-01-28,4.0,0,True,False
2007-10-05,2007Q3,14,diag4,student_t_ar1,2.32775969773924,2.3010805953292373,-0.4010008486069649,0.7801396516365576,2.3240880884577653,2.297492443722903,0.003671609281474808,2007-10-28,13.0,11,False,True
2007-10-05,2007Q4,1,diag4,student_t_ar1,2.977473585597923,2.934007527009706,-0.08335085590018432,0.890813423974346,2.5367271478347497,2.505086204878263,0.4407464377631731,2008-01-28,13.0,0,True,False
2007-10-05,2008Q1,-12,diag4,student_t_ar1,2.9731750355033837,2.9298331773546242,-0.0854458562408582,0.9239653784317581,-1.6961606735480972,-1.7107102360127044,4.669335709051481,2008-04-28,13.0,0,True,False
2007-10-12,2007Q3,15,diag4,student_t_ar1,2.330842677462841,2.3040933978091283,-0.39948879936737364,0.780135176211896,2.3240880884577653,2.297492443722903,0.006754589005075751,2007-10-28,4.0,0,True,False
2007-10-12,2007Q4,2,diag4,student_t_ar1,2.986018852886785,2.942305373577148,-0.0791863769221266,0.8907971919654746,2.5367271478347497,2.505086204878263,0.4492917050520351,2008-01-28,4.0,0,True,False
2007-10-12,2008Q1,-11,diag4,student_t_ar1,2.9769171142949302,2.933467143965558,-0.08362206046020633,0.9239635697481723,-1.6961606735480972,-1.7107102360127044,4.673077787843027,2008-04-28,4.0,0,True,False
2007-10-19,2007Q3,16,diag4,student_t_ar1,2.3855931154801446,2.357582448759632,-0.3726439997643479,0.7761974259224453,2.3240880884577653,2.297492443722903,0.061505027022379366,2007-10-28,10.0,0,True,False
2007-10-19,2007Q4,3,diag4,student_t_ar1,3.2973338166191635,3.2441379703923077,0.07229575691983703,0.8742782743209547,2.5367271478347497,2.505086204878263,0.7606066687844137,2008-01-28,10.0,0,True,False
2007-10-19,2008Q1,-10,diag4,student_t_ar1,3.119186792298456,3.071528657895337,-0.014332484210950364,0.922427381098404,-1.6961606735480972,-1.7107102360127044,4.815347465846553,2008-04-28,10.0,0,True,False
2007-10-26,2007Q3,17,diag4,student_t_ar1,2.3709485728722557,2.3432781022297613,-0.37982298890741484,0.7761683798807529,2.3240880884577653,2.297492443722903,0.04686048441449042,2007-10-28,4.0,0,True,False
2007-10-26,2007Q4,4,diag4,student_t_ar1,3.27406545882718,3.2216098198622567,0.060989448887457914,0.8721741614302333,2.5367271478347497,2.505086204878263,0.7373383109924303,2008-01-28,4.0,0,True,False
2007-10-26,2008Q1,-9,diag4,student_t_ar1,3.105820939953774,3.058566260647417,-0.0208379830057829,0.9216321187799984,-1.6961606735480972,-1.7107102360127044,4.801981613501871,2008-04-28,4.0,0,True,False
2007-11-02,2007Q4,5,diag4,student_t_ar1,3.1674190558399484,3.1182910390224183,0.013626465775414853,0.8488958891893124,2.5367271478347497,2.505086204878263,0.6306919080051987,2008-01-28,11.0,11,False,True
2007-11-02,2008Q1,-8,diag4,student_t_ar1,3.021883175261153,2.977123768778129,-0.057554582604861015,0.9187026361386826,-1.6961606735480972,-1.7107102360127044,4.71804384880925,2008-04-28,11.0,0,True,False
2007-11-09,2007Q4,6,diag4,student_t_ar1,3.128455240704242,3.080516346986634,-0.005420740965185596,0.8431369901100169,2.5367271478347497,2.505086204878263,0.5917280928694924,2008-01-28,8.0,0,True,False
2007-11-09,2008Q1,-7,diag4,student_t_ar1,3.008280772544447,2.963919485991746,-0.0642126039027007,0.9183179584543243,-1.6961606735480972,-1.7107102360127044,4.704441446092544,2008-04-28,8.0,0,True,False
2007-11-16,2007Q4,7,diag4,student_t_ar1,3.2606269019632927,3.2085964546699532,0.059161341877250556,0.8414006658241281,2.5367271478347497,2.505086204878263,0.723899754128543,2008-01-28,7.0,0,True,False
2007-11-16,2008Q1,-6,diag4,student_t_ar1,3.1360172487634674,3.08784868878195,-0.0017235399413938006,0.9164157139267429,-1.6961606735480972,-1.7107102360127044,4.832177922311565,2008-04-28,7.0,0,True,False
2007-11-23,2007Q4,8,diag4,student_t_ar1,2.6471257307841833,2.6126956410535476,-0.24131088918929122,0.8037895439354383,2.5367271478347497,2.505086204878263,0.11039858294943361,2008-01-28,4.0,0,True,False
2007-11-23,2008Q1,-5,diag4,student_t_ar1,3.099640050014485,3.0525713758257833,-0.019511488351202897,0.9150639610237707,-1.6961606735480972,-1.7107102360127044,4.795800723562582,2008-04-28,4.0,0,True,False
2007-11-30,2007Q4,9,diag4,student_t_ar1,2.645894558904738,2.6114962121808762,-0.24191567955228804,0.803781828263754,2.5367271478347497,2.505086204878263,0.10916741106998806,2008-01-28,8.0,0,True,False
2007-11-30,2008Q1,-4,diag4,student_t_ar1,3.0987005127802503,3.0516600811648575,-0.019970992237874442,0.9150596148935379,-1.6961606735480972,-1.7107102360127044,4.7948611863283475,2008-04-28,8.0,0,True,False
2007-12-07,2007Q4,10,diag4,student_t_ar1,2.5361320610634674,2.50450583868687,-0.29586364453540137,0.8019588588210258,2.5367271478347497,2.505086204878263,-0.0005950867712822827,2008-01-28,12.0,12,False,True
2007-12-07,2008Q1,-3,diag4,student_t_ar1,2.927108790095123,2.8850870067122334,-0.10396245889261173,0.9097915941944946,-1.6961606735480972,-1.7107102360127044,4.62326946364322,2008-04-28,12.0,0,True,False
2007-12-14,2007Q4,11,diag4,student_t_ar1,2.6064560684970983,2.5730669413126734,-0.2612929458559759,0.8055920709655271,2.5367271478347497,2.505086204878263,0.06972892066234859,2008-01-28,5.0,0,True,False
2007-12-14,2008Q1,-2,diag4,student_t_ar1,2.935069724537631,2.8928212437672536,-0.1000626094371025,0.9106937303254309,-1.6961606735480972,-1.7107102360127044,4.631230398085728,2008-04-28,5.0,0,True,False
2007-12-21,2007Q4,12,diag4,student_t_ar1,2.840478752355824,2.8008851711439604,-0.1464197148905594,0.7859532565255074,2.5367271478347497,2.505086204878263,0.3037516045210742,2008-01-28,6.0,0,True,False
2007-12-21,2008Q1,-1,diag4,student_t_ar1,2.838420310052414,2.7988835634799094,-0.147428989432219,0.9023739600923687,-1.6961606735480972,-1.7107102360127044,4.534580983600511,2008-04-28,6.0,0,True,False
2007-12-28,2007Q4,13,diag4,student_t_ar1,2.837406188294911,2.797897427408633,-0.14792623074939984,0.7859366665250461,2.5367271478347497,2.505086204878263,0.30067904046016114,2008-01-28,4.0,0,True,False
2007-12-28,2008Q1,0,diag4,student_t_ar1,2.837813479155038,2.798293479845854,-0.14772652845547457,0.9023725764201114,-1.6961606735480972,-1.7107102360127044,4.533974152703135,2008-04-28,4.0,0,True,False
2008-01-04,2007Q4,14,diag4,student_t_ar1,2.8372136134938275,2.797710165799719,-0.14802065403619116,0.7851533565151965,2.5367271478347497,2.505086204878263,0.3004864656590778,2008-01-28,12.0,11,False,True
2008-01-04,2008Q1,1,diag4,student_t_ar1,2.8518969978324815,2.811987425611829,-0.14082160343710476,0.8960455080383971,-1.6961606735480972,-1.7107102360127044,4.548057671380579,2008-04-28,12.0,0,True,False
2008-01-04,2008Q2,-12,diag4,student_t_ar1,2.735759247686542,2.6990061653350206,-0.1977903649631381,0.9247234656046589,2.403069701864058,2.37465037252643,0.33268954582248433,2008-07-28,12.0,0,True,False
2008-01-11,2007Q4,15,diag4,student_t_ar1,2.8427168126353264,2.803061391980526,-0.14532239480789677,0.7844840580444233,2.5367271478347497,2.505086204878263,0.30598966480057666,2008-01-28,5.0,0,True,False
2008-01-11,2008Q1,2,diag4,student_t_ar1,2.8631396128659503,2.8229177058965154,-0.13531020686190812,0.8929112191908354,-1.6961606735480972,-1.7107102360127044,4.5593002864140475,2008-04-28,5.0,0,True,False
2008-01-11,2008Q2,-11,diag4,student_t_ar1,2.741415799740232,2.704511937013863,-0.19501417895653594,0.9242390956159606,2.403069701864058,2.37465037252643,0.3383460978761743,2008-07-28,5.0,0,True,False
2008-01-18,2007Q4,16,diag4,student_t_ar1,2.8821173672435307,2.8413655230758454,-0.12600822797629252,0.7804783719707357,2.5367271478347497,2.505086204878263,0.345390219408781,2008-01-28,10.0,0,True,False
2008-01-18,2008Q1,3,diag4,student_t_ar1,2.9208039324013724,2.878961263086919,-0.10705125456461226,0.8751786707767275,-1.6961606735480972,-1.7107102360127044,4.61696460594947,2008-04-28,10.0,0,True,False
2008-01-18,2008Q2,-10,diag4,student_t_ar1,2.7475905221920005,2.7105217207625327,-0.19198385395960998,0.9225838988628641,2.403069701864058,2.37465037252643,0.3445208203279426,2008-07-28,10.0,0,True,False
2008-01-25,2007Q4,17,diag4,student_t_ar1,2.878210344273602,2.8375678784921012,-0.1279231217216968,0.7804777693220416,2.5367271478347497,2.505086204878263,0.34148319643885205,2008-01-28,0.0,0,True,False
2008-01-25,2008Q1,4,diag4,student_t_ar1,2.7440656592167434,2.707091057891735,-0.1937137037991661,0.8752153768566915,-1.6961606735480972,-1.7107102360127044,4.440226332764841,2008-04-28,0.0,0,True,False
2008-01-25,2008Q2,-9,diag4,student_t_ar1,2.623480163124725,2.589657205851322,-0.2529276043662414,0.9221267428843705,2.403069701864058,2.37465037252643,0.2204104612606672,2008-07-28,0.0,0,True,False
2008-02-01,2008Q1,5,diag4,student_t_ar1,2.829821665977339,2.79052189908539,-0.1491832251477717,0.8519150790613788,-1.6961606735480972,-1.7107102360127044,4.525982339525436,2008-04-28,14.0,11,False,True
2008-02-01,2008Q2,-8,diag4,student_t_ar1,2.708538123652282,2.6725064040451265,-0.20899138568576098,0.9196016213795761,2.403069701864058,2.37465037252643,0.3054684217882242,2008-07-28,14.0,0,True,False
2008-02-08,2008Q1,6,diag4,student_t_ar1,2.6877957134885166,2.6523089547072756,-0.21922709492075595,0.847805966928242,-1.6961606735480972,-1.7107102360127044,4.383956387036614,2008-04-28,9.0,0,True,False
2008-02-08,2008Q2,-7,diag4,student_t_ar1,2.6546037148365675,2.6199805130084837,-0.23561057600859675,0.9191422236082437,2.403069701864058,2.37465037252643,0.25153401297250966,2008-07-28,9.0,0,True,False
2008-02-15,2008Q1,7,diag4,student_t_ar1,2.3944340366237826,2.366217002892754,-0.3642134238508002,0.850126215619334,-1.6961606735480972,-1.7107102360127044,4.09059471017188,2008-04-28,5.0,0,True,False
2008-02-15,2008Q2,-6,diag4,student_t_ar1,2.4026897105057676,2.3742792976510008,-0.36012759580727627,0.9177147143052373,2.403069701864058,2.37465037252643,-0.00037999135829025477,2008-07-28,5.0,0,True,False
2008-02-22,2008Q1,8,diag4,student_t_ar1,2.397480264018914,2.369191951787349,-0.3627057724951916,0.8092227472571236,-1.6961606735480972,-1.7107102360127044,4.093640937567011,2008-04-28,6.0,0,True,False
2008-02-22,2008Q2,-5,diag4,student_t_ar1,2.308315227631219,2.282076643876766,-0.4068542660388142,0.9167840396289074,2.403069701864058,2.37465037252643,-0.09475447423283878,2008-07-28,6.0,0,True,False
2008-02-29,2008Q1,9,diag4,student_t_ar1,2.405388152076915,2.3769143905628445,-0.358792177438271,0.8092216222387154,-1.6961606735480972,-1.7107102360127044,4.101548825625012,2008-04-28,4.0,0,True,False
2008-02-29,2008Q2,-4,diag4,student_t_ar1,2.309268733261116,2.2830086318432317,-0.4063819510610323,0.9167860876842583,2.403069701864058,2.37465037252643,-0.09380096860294174,2008-07-28,4.0,0,True,False
2008-03-07,2008Q1,10,diag4,student_t_ar1,2.3297828890906036,2.3030577434234307,-0.39622141677167083,0.8041863609484234,-1.6961606735480972,-1.7107102360127044,4.025943562638701,2008-04-28,15.0,11,False,True
2008-03-07,2008Q2,-3,diag4,student_t_ar1,2.23571983789439,2.21109398944569,-0.4428270168219046,0.9104311202006736,2.403069701864058,2.37465037252643,-0.167349863969668,2008-07-28,15.0,0,True,False
2008-03-14,2008Q1,11,diag4,student_t_ar1,2.2510407302396285,2.226078717387339,-0.4352330223718837,0.803292934581402,-1.6961606735480972,-1.7107102360127044,3.9472014037877257,2008-04-28,5.0,0,True,False
2008-03-14,2008Q2,-2,diag4,student_t_ar1,2.1887319368319558,2.1651230681767375,-0.46612426468240564,0.9101903262229543,2.403069701864058,2.37465037252643,-0.2143377650321021,2008-07-28,5.0,0,True,False
2008-03-21,2008Q1,12,diag4,student_t_ar1,2.1503422412532114,2.1275485649302714,-0.48516635675288505,0.7858996367080178,-1.6961606735480972,-1.7107102360127044,3.8465029148013086,2008-04-28,7.0,0,True,False
2008-03-21,2008Q2,-1,diag4,student_t_ar1,1.9520331342505415,1.9332253297973263,-0.5836459270764893,0.9022242906263653,2.403069701864058,2.37465037252643,-0.4510365676135164,2008-07-28,7.0,0,True,False
2008-03-28,2008Q1,13,diag4,student_t_ar1,2.1515920718745196,2.1287720781833688,-0.48454630192841763,0.7858842940519988,-1.6961606735480972,-1.7107102360127044,3.847752745422617,2008-04-28,4.0,0,True,False
2008-03-28,2008Q2,0,diag4,student_t_ar1,1.9523108568486824,1.9334977345854703,-0.5835078771594419,0.9022240037389405,2.403069701864058,2.37465037252643,-0.45075884501537544,2008-07-28,4.0,0,True,False
2008-04-04,2008Q1,14,diag4,student_t_ar1,2.2301330670210673,2.2056292423543478,-0.44559645376090157,0.786318539377635,-1.6961606735480972,-1.7107102360127044,3.9262937405691645,2008-04-28,12.0,12,False,True
2008-04-04,2008Q2,1,diag4,student_t_ar1,2.2351881732776357,2.2105739500699917,-0.44309056355750237,0.8974456824151064,2.403069701864058,2.37465037252643,-0.16788152858642214,2008-07-28,12.0,0,True,False
2008-04-04,2008Q3,-12,diag4,student_t_ar1,2.4191781875445795,2.3903796069037613,-0.35196824452741393,0.926724101955409,-2.0845363314131338,-2.10656952111413,4.503714518957713,2008-10-28,12.0,0,True,False
2008-04-11,2008Q1,15,diag4,student_t_ar1,2.1920009493862302,2.168322012136263,-0.4645030965991974,0.7858233116668031,-1.6961606735480972,-1.7107102360127044,3.8881616229343274,2008-04-28,5.0,0,True,False
2008-04-11,2008Q2,2,diag4,student_t_ar1,2.125552778691997,2.10327799430765,-0.4974662516408493,0.8946528521160069,2.403069701864058,2.37465037252643,-0.2775169231720609,2008-07-28,5.0,0,True,False
2008-04-11,2008Q3,-11,diag4,student_t_ar1,2.3666379988428465,2.3390672740157235,-0.3779724250962409,0.9261923313709349,-2.0845363314131338,-2.10656952111413,4.451174330255981,2008-10-28,5.0,0,True,False
2008-04-18,2008Q1,16,diag4,student_t_ar1,2.0893917777518256,2.0678633468667957,-0.5154137670820739,0.7816899636047977,-1.6961606735480972,-1.7107102360127044,3.785552451299923,2008-04-28,10.0,0,True,False
2008-04-18,2008Q2,3,diag4,student_t_ar1,1.9086600930631414,1.8906736822430859,-0.6052103476401763,0.8765359591812336,2.403069701864058,2.37465037252643,-0.49440960880091644,2008-07-28,10.0,0,True,False
2008-04-18,2008Q3,-10,diag4,student_t_ar1,2.298773527630149,2.2727497920398636,-0.41158094918991395,0.9244868274665948,-2.0845363314131338,-2.10656952111413,4.383309859043283,2008-10-28,10.0,0,True,False
2008-04-25,2008Q1,17,diag4,student_t_ar1,2.086344973399945,2.0648788547811003,-0.5169262547577366,0.7816885077798299,-1.6961606735480972,-1.7107102360127044,3.7825056469480423,2008-04-28,0.0,0,True,False
2008-04-25,2008Q2,4,diag4,student_t_ar1,1.7753254199371238,1.759750584056664,-0.6715598526080876,0.8754774703716341,2.403069701864058,2.37465037252643,-0.6277442819269341,2008-07-28,0.0,0,True,False
2008-04-25,2008Q3,-9,diag4,student_t_ar1,2.2033578422720357,2.1794346841310075,-0.4588713914536911,0.9238672540653469,-2.0845363314131338,-2.10656952111413,4.287894173685169,2008-10-28,0.0,0,True,False
2008-05-02,2008Q2,5,diag4,student_t_ar1,1.136556477985784,1.130146200073907,-0.9400736984718003,0.8571027651762118,2.403069701864058,2.37465037252643,-1.266513223878274,2008-07-28,13.0,11,False,True
2008-05-02,2008Q3,-8,diag4,student_t_ar1,2.2175810512949035,2.1933502928967252,-0.41490614326897757,0.9214319776526181,-2.0845363314131338,-2.10656952111413,4.302117382708037,2008-10-28,13.0,0,True,False
2008-05-09,2008Q2,6,diag4,student_t_ar1,0.8451460040513892,0.8415946406518877,-1.0826031695626135,0.8601021697445261,2.403069701864058,2.37465037252643,-1.5579236978126687,2008-07-28,10.0,0,True,False
2008-05-09,2008Q3,-7,diag4,student_t_ar1,2.1297376594206607,2.1073756905976904,-0.45737312773951566,0.9207118908272603,-2.0845363314131338,-2.10656952111413,4.214273990833794,2008-10-28,10.0,0,True,False
2008-05-16,2008Q2,7,diag4,student_t_ar1,0.860205778001033,0.8565270892404544,-1.0752273161668382,0.859201566501513,2.403069701864058,2.37465037252643,-1.5428639238630248,2008-07-28,7.0,0,True,False
2008-05-16,2008Q3,-6,diag4,student_t_ar1,2.1039812393695234,2.0821531951874697,-0.4698317293759443,0.9206750069054124,-2.0845363314131338,-2.10656952111413,4.188517570782658,2008-10-28,7.0,0,True,False
2008-05-23,2008Q2,8,diag4,student_t_ar1,0.24161252814776102,0.24132111437935722,-1.3791070885877421,0.8127009603931781,2.403069701864058,2.37465037252643,-2.161457173716297,2008-07-28,4.0,0,True,False
2008-05-23,2008Q3,-5,diag4,student_t_ar1,2.033875484221137,2.013468474940418,-0.5037584108620596,0.917354790249079,-2.0845363314131338,-2.10656952111413,4.118411815634271,2008-10-28,4.0,0,True,False
2008-05-30,2008Q2,9,diag4,student_t_ar1,0.24771608745768336,0.2474097769071526,-1.3760996057951507,0.8127191101460335,2.403069701864058,2.37465037252643,-2.1553536144063745,2008-07-28,8.0,0,True,False
2008-05-30,2008Q3,-4,diag4,student_t_ar1,2.0387485820840823,2.018244321662804,-0.5013993908355662,0.9173522334915504,-2.0845363314131338,-2.10656952111413,4.123284913497216,2008-10-28,8.0,0,True,False
2008-06-06,2008Q2,10,diag4,student_t_ar1,0.22315290043681824,0.22290428414623475,-1.3882040453935,0.8099558035764703,2.403069701864058,2.37465037252643,-2.1799168014272396,2008-07-28,10.0,12,False,True
2008-06-06,2008Q3,-3,diag4,student_t_ar1,2.0574642051814696,2.0365843220912794,-0.4923403839595963,0.913007239238648,-2.0845363314131338,-2.10656952111413,4.142000536594603,2008-10-28,10.0,0,True,False
2008-06-13,2008Q2,11,diag4,student_t_ar1,0.2461029876454024,0.245800650182197,-1.3768944307528996,0.8109037821914779,2.403069701864058,2.37465037252643,-2.1569667142186555,2008-07-28,6.0,0,True,False
2008-06-13,2008Q3,-2,diag4,student_t_ar1,2.0516010953690156,2.0308392467263587,-0.4951781525538094,0.9132324693516174,-2.0845363314131338,-2.10656952111413,4.136137426782149,2008-10-28,6.0,0,True,False
2008-06-20,2008Q2,12,diag4,student_t_ar1,-0.23679119842517915,-0.23707199213420793,-1.6154084157455195,0.7910567879580932,2.403069701864058,2.37465037252643,-2.639860900289237,2008-07-28,7.0,0,True,False
2008-06-20,2008Q3,-1,diag4,student_t_ar1,1.632797385984941,1.6196105981876414,-0.6983037287628442,0.9039014542307591,-2.0845363314131338,-2.10656952111413,3.7173337173980747,2008-10-28,7.0,0,True,False
2008-06-27,2008Q2,13,diag4,student_t_ar1,-0.23424891079504295,-0.23452370277143153,-1.6141496932635118,0.791044730521435,2.403069701864058,2.37465037252643,-2.637318612659101,2008-07-28,4.0,0,True,False
2008-06-27,2008Q3,0,diag4,student_t_ar1,1.6332765730205923,1.6200820856585303,-0.6980708384607216,0.9039011654319757,-2.0845363314131338,-2.10656952111413,3.717812904433726,2008-10-28,4.0,0,True,False
2008-07-04,2008Q2,14,diag4,student_t_ar1,-0.17956957925933104,-0.17973099869739428,-1.5870849456428409,0.7903633896043044,2.403069701864058,2.37465037252643,-2.582639281123389,2008-07-28,9.0,11,False,True
2008-07-04,2008Q3,1,diag4,student_t_ar1,1.8114802564638044,1.7952684426788428,-0.6115378844942074,0.8980898540851415,-2.0845363314131338,-2.10656952111413,3.896016587876938,2008-10-28,9.0,0,True,False
2008-07-04,2008Q4,-12,diag4,student_t_ar1,2.0813892455910477,2.0600242896571586,-0.48076225842029074,0.9287548234952688,-8.472768957225274,-8.853365095794153,10.554158202816321,2009-01-28,9.0,0,True,False
2008-07-11,2008Q2,15,diag4,student_t_ar1,-0.21481250681470998,-0.21504355982660472,-1.6045275152504697,0.7899170247029016,2.403069701864058,2.37465037252643,-2.617882208678768,2008-07-28,7.0,0,True,False
2008-07-11,2008Q3,2,diag4,student_t_ar1,1.680428088102759,1.6664651034743767,-0.6751600387057997,0.895156733274097,-2.0845363314131338,-2.10656952111413,3.7649644195158927,2008-10-28,7.0,0,True,False
2008-07-11,2008Q4,-11,diag4,student_t_ar1,2.018526593382952,1.9984244071315118,-0.511189398350579,0.9281627214185796,-8.472768957225274,-8.853365095794153,10.491295550608225,2009-01-28,7.0,0,True,False
2008-07-18,2008Q2,16,diag4,student_t_ar1,-0.25322218492305204,-0.25354333456038614,-1.6235444027034873,0.7858990090382801,2.403069701864058,2.37465037252643,-2.65629188678711,2008-07-28,11.0,0,True,False
2008-07-18,2008Q3,3,diag4,student_t_ar1,1.5715802504609355,1.559358808252791,-0.7280649810287839,0.8769539080037364,-2.0845363314131338,-2.10656952111413,3.6561165818740693,2008-10-28,11.0,0,True,False
2008-07-18,2008Q4,-10,diag4,student_t_ar1,1.8853099308289378,1.867758222738923,-0.5757317012521281,0.9264224799895627,-8.472768957225274,-8.853365095794153,10.358078888054212,2009-01-28,11.0,0,True,False
2008-07-25,2008Q2,17,diag4,student_t_ar1,-0.25376855303246293,-0.25409109120752893,-1.6238149660141141,0.7858971769067864,2.403069701864058,2.37465037252643,-2.656838254896521,2008-07-28,0.0,0,True,False
2008-07-25,2008Q3,4,diag4,student_t_ar1,1.5387729632114544,1.527053918801605,-0.744021917169928,0.8751201603156793,-2.0845363314131338,-2.10656952111413,3.623309294624588,2008-10-28,0.0,0,True,False
2008-07-25,2008Q4,-9,diag4,student_t_ar1,1.8611919929626186,1.8440837667347791,-0.5874256518909402,0.925610951429058,-8.472768957225274,-8.853365095794153,10.333960950187892,2009-01-28,0.0,0,True,False
2008-08-01,2008Q3,5,diag4,student_t_ar1,2.3349446989360256,2.3081019050699885,-0.3564836134571639,0.8583474297246867,-2.0845363314131338,-2.10656952111413,4.419481030349159,2008-10-28,13.0,12,False,True
2008-08-01,2008Q4,-8,diag4,student_t_ar1,2.0817972960411435,2.0604240193606467,-0.4794167578032401,0.9208165868238231,-8.472768957225274,-8.853365095794153,10.554566253266417,2009-01-28,13.0,0,True,False
2008-08-08,2008Q3,6,diag4,student_t_ar1,2.033894637155753,2.0134872460914046,-0.5027134889866534,0.8554851998213754,-2.0845363314131338,-2.10656952111413,4.118430968568887,2008-10-28,10.0,0,True,False
2008-08-08,2008Q4,-7,diag4,student_t_ar1,1.9422725600418467,1.9236511789323334,-0.5473029773857518,0.9197926320494865,-8.472768957225274,-8.853365095794153,10.41504151726712,2009-01-28,10.0,0,True,False
2008-08-15,2008Q3,7,diag4,student_t_ar1,1.9568859851273102,1.9379851518773465,-0.5401884125950542,0.8538580517291002,-2.0845363314131338,-2.10656952111413,4.041422316540444,2008-10-28,5.0,0,True,False
2008-08-15,2008Q4,-6,diag4,student_t_ar1,1.9209854610310995,1.902767475517842,-0.5576684539763713,0.9197492425072544,-8.472768957225274,-8.853365095794153,10.393754418256373,2009-01-28,5.0,0,True,False
2008-08-22,2008Q3,8,diag4,student_t_ar1,1.766593205377509,1.7511703224339623,-0.6329126149523941,0.8130219944867557,-2.0845363314131338,-2.10656952111413,3.851129536790643,2008-10-28,6.0,0,True,False
2008-08-22,2008Q4,-5,diag4,student_t_ar1,1.8838480993909723,1.866323431083395,-0.5757571943666714,0.916210018940441,-8.472768957225274,-8.853365095794153,10.356617056616246,2009-01-28,6.0,0,True,False
2008-08-29,2008Q3,9,diag4,student_t_ar1,1.7617463145688905,1.7464074566620644,-0.6352766292597708,0.8130230594376464,-2.0845363314131338,-2.10656952111413,3.8462826459820243,2008-10-28,4.0,0,True,False
2008-08-29,2008Q4,-4,diag4,student_t_ar1,1.8834249111696177,1.8659080668150223,-0.5759633574458409,0.9162100494905934,-8.472768957225274,-8.853365095794153,10.356193868394891,2009-01-28,4.0,0,True,False
2008-09-05,2008Q3,10,diag4,student_t_ar1,1.6547783628956925,1.6412360978429246,-0.6874776798208974,0.8105351372502502,-2.0845363314131338,-2.10656952111413,3.7393146943088262,2008-10-28,12.0,11,False,True
2008-09-05,2008Q4,-3,diag4,student_t_ar1,1.805206396467729,1.7891060204322236,-0.6140835030010664,0.9107382373326107,-8.472768957225274,-8.853365095794153,10.277975353693002,2009-01-28,12.0,0,True,False
2008-09-12,2008Q3,11,diag4,student_t_ar1,1.6511980017452244,1.6377139572596953,-0.6892258690687393,0.8106736808050297,-2.0845363314131338,-2.10656952111413,3.735734333158358,2008-10-28,4.0,0,True,False
2008-09-12,2008Q4,-2,diag4,student_t_ar1,1.800767474683651,1.7847457143956185,-0.6162477096675433,0.9107695481334641,-8.472768957225274,-8.853365095794153,10.273536431908925,2009-01-28,4.0,0,True,False
2008-09-19,2008Q3,12,diag4,student_t_ar1,0.5581581728486107,0.5566062422592233,-1.2258259389586141,0.7925497723751217,-2.0845363314131338,-2.10656952111413,2.6426945042617445,2008-10-28,10.0,0,True,False
2008-09-19,2008Q4,-1,diag4,student_t_ar1,1.3567331655698345,1.3476119489311205,-0.8332159227742006,0.9022012368016551,-8.472768957225274,-8.853365095794153,9.829502122795109,2009-01-28,10.0,0,True,False
2008-09-26,2008Q3,13,diag4,student_t_ar1,0.5507559821208208,0.5492448671931505,-1.2294797047398884,0.7925416200766041,-2.0845363314131338,-2.10656952111413,2.6352923135339545,2008-10-28,4.0,0,True,False
2008-09-26,2008Q4,0,diag4,student_t_ar1,1.3553524395846006,1.346249695682996,-0.8338920674154874,0.9022013042077331,-8.472768957225274,-8.853365095794153,9.828121396809873,2009-01-28,4.0,0,True,False
2008-10-03,2008Q3,14,diag4,student_t_ar1,0.4017159425240058,0.40091121844829347,-1.3031040487151562,0.7927838294710867,-2.0845363314131338,-2.10656952111413,2.4862522739371395,2008-10-28,10.0,11,False,True
2008-10-03,2008Q4,1,diag4,student_t_ar1,0.8039064573971189,0.8006923435908928,-1.104675551058863,0.8995804116055318,-8.472768957225274,-8.853365095794153,9.276675414622392,2009-01-28,10.0,0,True,False
2008-10-03,2009Q1,-12,diag4,student_t_ar1,1.6547846461625326,1.6412422788279735,-0.6874746119332457,0.9266045834026267,-4.462803810727223,-4.565452543960741,6.117588456889756,2009-04-28,10.0,0,True,False
2008-10-10,2008Q3,15,diag4,student_t_ar1,0.23624731422473566,0.2359686890007917,-1.3849720916504555,0.7947088723054675,-2.0845363314131338,-2.10656952111413,2.3207836456378694,2008-10-28,7.0,0,True,False
2008-10-10,2008Q4,2,diag4,student_t_ar1,0.3195910905023691,0.3190814836600908,-1.3437196513948582,0.9030921241489885,-8.472768957225274,-8.853365095794153,8.792360047727643,2009-01-28,7.0,0,True,False
2008-10-10,2009Q1,-11,diag4,student_t_ar1,1.416454310870452,1.4065163314785956,-0.8039791544547911,0.9261196025489435,-4.462803810727223,-4.565452543960741,5.879258121597675,2009-04-28,7.0,0,True,False
2008-10-17,2008Q3,16,diag4,student_t_ar1,-0.9631659370443635,-0.9678343809145935,-1.9824711220314937,0.7873861453713329,-2.0845363314131338,-2.10656952111413,1.1213703943687703,2008-10-28,9.0,0,True,False
2008-10-17,2008Q4,3,diag4,student_t_ar1,-2.4492022797005575,-2.479694139936319,-2.7328718833047527,0.8771948409879331,-8.472768957225274,-8.853365095794153,6.023566677524716,2009-01-28,9.0,0,True,False
2008-10-17,2009Q1,-10,diag4,student_t_ar1,1.010652402344503,1.0055794621812821,-1.0029812974431722,0.9243093255156035,-4.462803810727223,-4.565452543960741,5.473456213071726,2009-04-28,9.0,0,True,False
2008-10-24,2008Q3,17,diag4,student_t_ar1,-0.962317097367682,-0.9669772896646025,-1.9820457109292828,0.7873826400362408,-2.0845363314131338,-2.10656952111413,1.1222192340454518,2008-10-28,2.0,0,True,False
2008-10-24,2008Q4,4,diag4,student_t_ar1,-2.666057656976484,-2.702241545862214,-2.8433316940310074,0.8790176186497574,-8.472768957225274,-8.853365095794153,5.806711300248789,2009-01-28,2.0,0,True,False
2008-10-24,2009Q1,-9,diag4,student_t_ar1,0.7492328392646463,0.7464400311096568,-1.1316032977257213,0.9237559531789922,-4.462803810727223,-4.565452543960741,5.2120366499918696,2009-04-28,2.0,0,True,False
2008-10-31,2008Q4,5,diag4,student_t_ar1,-3.048001966120051,-3.095419560121932,-2.9283883016483285,0.8651911675214846,-8.472768957225274,-8.853365095794153,5.424766991105223,2009-01-28,10.0,0,True,False
2008-10-31,2009Q1,-8,diag4,student_t_ar1,0.6195671102256162,0.6176556841871319,-1.136390442387388,0.9237333062461776,-4.462803810727223,-4.565452543960741,5.082370920952839,2009-04-28,10.0,0,True,False
2008-11-07,2008Q4,6,diag4,student_t_ar1,-4.487294215470195,-4.591090248690341,-3.6502262649866313,0.8596277072849177,-8.472768957225274,-8.853365095794153,3.9854747417550787,2009-01-28,13.0,12,False,True
2008-11-07,2009Q1,-7,diag4,student_t_ar1,-0.21499831727047614,-0.21522977045909686,-1.5383561590862829,0.9234035974245983,-4.462803810727223,-4.565452543960741,4.247805493456747,2009-04-28,13.0,0,True,False
2008-11-14,2008Q4,7,diag4,student_t_ar1,-5.444608864598077,-5.598437362598869,-4.136390361559546,0.9388626663172708,-8.472768957225274,-8.853365095794153,3.0281600926271963,2009-01-28,5.0,0,True,False
2008-11-14,2009Q1,-6,diag4,student_t_ar1,-0.13563081032088586,-0.13572287215665746,-1.4999846793343392,0.9238602773073826,-4.462803810727223,-4.565452543960741,4.327173000406337,2009-04-28,5.0,0,True,False
2008-11-21,2008Q4,8,diag4,student_t_ar1,-2.2567275920886476,-2.282581396262397,-2.536097773252929,0.7998676662835891,-8.472768957225274,-8.853365095794153,6.2160413651366255,2009-01-28,6.0,0,True,False
2008-11-21,2009Q1,-5,diag4,student_t_ar1,-0.04611661623603602,-0.04612725321790423,-1.4567441989310714,0.9192033241829368,-4.462803810727223,-4.565452543960741,4.416687194491187,2009-04-28,6.0,0,True,False
2008-11-28,2008Q4,9,diag4,student_t_ar1,-2.278918485956838,-2.3052872180844033,-2.5470560171398953,0.7998518493126813,-8.472768957225274,-8.853365095794153,6.193850471268435,2009-01-28,4.0,0,True,False
2008-11-28,2009Q1,-4,diag4,student_t_ar1,-0.04703194355989426,-0.0470430070475234,-1.4571861584374948,0.919200936563268,-4.462803810727223,-4.565452543960741,4.415771867167329,2009-04-28,4.0,0,True,False
2008-12-05,2008Q4,10,diag4,student_t_ar1,-3.1386102977070895,-3.1889201580387962,-2.973513396154141,0.8170905488367044,-8.472768957225274,-8.853365095794153,5.3341586595181845,2009-01-28,13.0,11,False,True
2008-12-05,2009Q1,-3,diag4,student_t_ar1,-1.2120865158424587,-1.2194921873880271,-2.0230315246154675,0.9175744059084844,-4.462803810727223,-4.565452543960741,3.2507172948847645,2009-04-28,13.0,0,True,False
2008-12-12,2008Q4,11,diag4,student_t_ar1,-3.1430037746515205,-3.1934561001737074,-2.975702524588301,0.8173466753629636,-8.472768957225274,-8.853365095794153,5.3297651825737535,2009-01-28,4.0,0,True,False
2008-12-12,2009Q1,-2,diag4,student_t_ar1,-1.2138807801662543,-1.2213084830816334,-2.0239081020561525,0.9176388683301255,-4.462803810727223,-4.565452543960741,3.248923030560969,2009-04-28,4.0,0,True,False
2008-12-19,2008Q4,12,diag4,student_t_ar1,-2.7658515063206934,-2.8048214269371123,-2.7881403405086873,0.7773081526551922,-8.472768957225274,-8.853365095794153,5.70691745090458,2009-01-28,10.0,0,True,False
2008-12-19,2009Q1,-1,diag4,student_t_ar1,-0.8146652339049099,-0.8180017645140572,-1.8292649212032048,0.9025653499234237,-4.462803810727223,-4.565452543960741,3.6481385768223134,2009-04-28,10.0,0,True,False
2008-12-26,2008Q4,13,diag4,student_t_ar1,-2.8043017713096696,-2.8443732407541833,-2.8072287674934917,0.7771099809178671,-8.472768957225274,-8.853365095794153,5.668467185915604,2009-01-28,4.0,0,True,False
2008-12-26,2009Q1,0,diag4,student_t_ar1,-0.8198705905666737,-0.8232500134313696,-1.8317978218868383,0.9005691273452333,-4.462803810727223,-4.565452543960741,3.6429332201605495,2009-04-28,4.0,0,True,False
2009-01-02,2008Q4,14,diag4,student_t_ar1,-3.1119275182416195,-3.161376567121559,-2.960220356635026,0.7686031557965265,-8.472768957225274,-8.853365095794153,5.360841438983654,2009-01-28,8.0,12,False,True
2009-01-02,2009Q1,1,diag4,student_t_ar1,-1.8363480175462965,-1.8534181892276123,-2.328975779305025,0.8884209991728713,-4.462803810727223,-4.565452543960741,2.6264557931809267,2009-04-28,8.0,0,True,False
2009-01-02,2009Q2,-12,diag4,student_t_ar1,-0.9373535578394154,-0.9417743637098859,-1.8889998358495037,0.9213184675368813,-0.7126911125331037,-0.7152428870508096,-0.22466244530631174,2009-07-28,8.0,0,True,False
2009-01-09,2008Q4,15,diag4,student_t_ar1,-3.18537112983055,-3.2372078431912716,-2.9968179140344415,0.7682198161262113,-8.472768957225274,-8.853365095794153,5.287397827394724,2009-01-28,8.0,0,True,False
2009-01-09,2009Q1,2,diag4,student_t_ar1,-2.0246265372029337,-2.0454030092390734,-2.421631156272791,0.8815990711723203,-4.462803810727223,-4.565452543960741,2.4381772735242895,2009-04-28,8.0,0,True,False
2009-01-09,2009Q2,-11,diag4,student_t_ar1,-0.9778550098006877,-0.982667409796671,-1.9087355659989245,0.919089821195927,-0.7126911125331037,-0.7152428870508096,-0.26516389726758405,2009-07-28,8.0,0,True,False
2009-01-16,2008Q4,16,diag4,student_t_ar1,-3.349821040320411,-3.407212870918953,-3.0788654422170523,0.7688792117593495,-8.472768957225274,-8.853365095794153,5.122947916904863,2009-01-28,7.0,0,True,False
2009-01-16,2009Q1,3,diag4,student_t_ar1,-2.337388164468357,-2.3651383543328177,-2.5759412674983087,0.8834074509521868,-4.462803810727223,-4.565452543960741,2.1254156462588663,2009-04-28,7.0,0,True,False
2009-01-16,2009Q2,-10,diag4,student_t_ar1,-1.0050092822894263,-1.0100935944668752,-1.9219719431211033,0.9190957167731403,-0.7126911125331037,-0.7152428870508096,-0.29231816975632263,2009-07-28,7.0,0,True,False
2009-01-23,2008Q4,17,diag4,student_t_ar1,-3.58236156487719,-3.6481029790100243,-3.1951234035061353,0.762586394976238,-8.472768957225274,-8.853365095794153,4.8904073923480835,2009-01-28,4.0,0,True,False
2009-01-23,2009Q1,4,diag4,student_t_ar1,-2.834045369088223,-2.8749796876259066,-2.8219999971791205,0.858642363009568,-4.462803810727223,-4.565452543960741,1.6287584416390004,2009-04-28,4.0,0,True,False
2009-01-23,2009Q2,-9,diag4,student_t_ar1,-0.8901406210730212,-0.8941260408872767,-1.8660038858949861,0.9158699362628507,-0.7126911125331037,-0.7152428870508096,-0.17744950853991748,2009-07-28,4.0,0,True,False
2009-01-30,2009Q1,5,diag4,student_t_ar1,-4.516860185660587,-4.622050053427288,-3.127993047198911,0.8495493207943134,-4.462803810727223,-4.565452543960741,-0.05405637493336357,2009-04-28,10.0,0,True,False
2009-01-30,2009Q2,-8,diag4,student_t_ar1,-1.612539387756795,-1.6256822852539567,-1.8734863963203312,0.9158675340199894,-0.7126911125331037,-0.7152428870508096,-0.8998482752236914,2009-07-28,10.0,0,True,False
2009-02-06,2009Q1,6,diag4,student_t_ar1,-4.912818156384658,-5.037601160306461,-3.3019742363229962,0.7751518281972803,-4.462803810727223,-4.565452543960741,-0.4500143456574346,2009-04-28,11.0,46,True,True
2009-02-06,2009Q2,-7,diag4,student_t_ar1,-2.3733819500760034,-2.4020003830645846,-2.1985119913909106,0.8069423200268085,-0.7126911125331037,-0.7152428870508096,-1.6606908375428997,2009-07-28,11.0,0,True,False
2009-02-13,2009Q1,7,diag4,student_t_ar1,-4.856076440528845,-4.9779455982801,-3.276997896596317,0.7830245571077186,-4.462803810727223,-4.565452543960741,-0.39327262980162203,2009-04-28,6.0,0,True,False
2009-02-13,2009Q2,-6,diag4,student_t_ar1,-2.3819650033991446,-2.4107924838414805,-2.2021930311541085,0.8069459317323135,-0.7126911125331037,-0.7152428870508096,-1.669273890866041,2009-07-28,6.0,0,True,False
2009-02-20,2009Q1,8,diag4,student_t_ar1,-6.89026519306577,-7.139144426124796,-4.181839529255784,0.6910958045786719,-4.462803810727223,-4.565452543960741,-2.4274613823385467,2009-04-28,7.0,0,True,False
2009-02-20,2009Q2,-5,diag4,student_t_ar1,-2.5195133651098267,-2.551796509243693,-2.2612280032782297,0.8024694756253552,-0.7126911125331037,-0.7152428870508096,-1.806822252576723,2009-07-28,7.0,0,True,False
2009-02-27,2009Q1,9,diag4,student_t_ar1,-6.9054398612328765,-7.15544337154399,-4.188663503151068,0.6910474364571785,-4.462803810727223,-4.565452543960741,-2.4426360505056532,2009-04-28,4.0,0,True,False
2009-02-27,2009Q2,-4,diag4,student_t_ar1,-2.5187100089721914,-2.5509723926896246,-2.2608829656265903,0.8024660809528336,-0.7126911125331037,-0.7152428870508096,-1.8060188964390878,2009-07-28,4.0,0,True,False
2009-03-06,2009Q1,10,diag4,student_t_ar1,-7.377241230880916,-7.663529948921354,-4.401387053748668,0.6896518941179137,-4.462803810727223,-4.565452543960741,-2.9144374201536927,2009-04-28,10.0,84,True,True
2009-03-06,2009Q2,-3,diag4,student_t_ar1,-3.4698271126027636,-3.531455410672005,-2.67138747051327,0.8008253910807541,-0.7126911125331037,-0.7152428870508096,-2.75713600006966,2009-07-28,10.0,0,True,False
2009-03-13,2009Q1,11,diag4,student_t_ar1,-7.395152562924467,-7.682869757350819,-4.409484163375592,0.6883364207540984,-4.462803810727223,-4.565452543960741,-2.9323487521972442,2009-04-28,8.0,0,True,False
2009-03-13,2009Q2,-2,diag4,student_t_ar1,-3.4678476074184172,-3.5294047721732316,-2.6705289178140372,0.8004340766278628,-0.7126911125331037,-0.7152428870508096,-2.7551564948853136,2009-07-28,8.0,0,True,False
2009-03-20,2009Q1,12,diag4,student_t_ar1,-6.778736904537119,-7.019434551650944,-4.131719902653727,0.6691449033070713,-4.462803810727223,-4.565452543960741,-2.315933093809896,2009-04-28,9.0,0,True,False
2009-03-20,2009Q2,-1,diag4,student_t_ar1,-2.9537087716532184,-2.998209216411266,-2.4481301973703253,0.7894467836363412,-0.7126911125331037,-0.7152428870508096,-2.2410176591201147,2009-07-28,9.0,0,True,False
2009-03-27,2009Q1,13,diag4,student_t_ar1,-6.798050080918571,-7.040154263684917,-4.140394744516264,0.6690846509004834,-4.462803810727223,-4.565452543960741,-2.335246270191348,2009-04-28,4.0,0,True,False
2009-03-27,2009Q2,0,diag4,student_t_ar1,-2.955381627658993,-2.999933002454889,-2.4488519048587674,0.7894419755601753,-0.7126911125331037,-0.7152428870508096,-2.242690515125889,2009-07-28,4.0,0,True,False
2009-04-03,2009Q1,14,diag4,student_t_ar1,-6.758171616008813,-6.997376257488259,-4.122484628857215,0.6690895735512741,-4.462803810727223,-4.565452543960741,-2.2953678052815896,2009-04-28,9.0,13,True,True
2009-04-03,2009Q2,1,diag4,student_t_ar1,-2.639413745684571,-2.6748715815902955,-2.31275655676761,0.7784117307234111,-0.7126911125331037,-0.7152428870508096,-1.9267226331514675,2009-07-28,9.0,0,True,False
2009-04-03,2009Q3,-12,diag4,student_t_ar1,-1.6605397918585174,-1.6744813055955508,-1.8939173648500087,0.8246370312134872,1.4121870876976361,1.4023086188557472,-3.0727268795561535,2009-10-28,9.0,0,True,False
2009-04-10,2009Q1,15,diag4,student_t_ar1,-6.879855316088756,-7.127964827001046,-4.177158901729394,0.6703244645180546,-4.462803810727223,-4.565452543960741,-2.417051505361533,2009-04-28,7.0,0,True,False
2009-04-10,2009Q2,2,diag4,student_t_ar1,-3.1506032139727136,-3.201302448667379,-2.5331604173987046,0.7753120283851255,-0.7126911125331037,-0.7152428870508096,-2.43791210143961,2009-07-28,7.0,0,True,False
2009-04-10,2009Q3,-11,diag4,student_t_ar1,-1.8896113264110892,-1.9076926210314875,-1.9915572972315,0.8230427995398992,1.4121870876976361,1.4023086188557472,-3.3017984141087253,2009-10-28,7.0,0,True,False
2009-04-17,2009Q1,16,diag4,student_t_ar1,-6.926947571118792,-7.178549119837118,-4.198337320636072,0.6649087483980971,-4.462803810727223,-4.565452543960741,-2.4641437603915683,2009-04-28,9.0,0,True,False
2009-04-17,2009Q2,3,diag4,student_t_ar1,-3.2538636242969265,-3.30797889768479,-2.5778232642648073,0.7532665675785394,-0.7126911125331037,-0.7152428870508096,-2.541172511763823,2009-07-28,9.0,0,True,False
2009-04-17,2009Q3,-10,diag4,student_t_ar1,-1.7453540752569108,-1.7607649590871635,-1.9300422418818155,0.8212605971275307,1.4121870876976361,1.4023086188557472,-3.157541162954547,2009-10-28,9.0,0,True,False
2009-04-24,2009Q1,17,diag4,student_t_ar1,-6.92696799894118,-7.178571067999437,-4.198346509800332,0.6649213264152877,-4.462803810727223,-4.565452543960741,-2.4641641882139567,2009-04-28,2.0,0,True,False
2009-04-24,2009Q2,4,diag4,student_t_ar1,-3.106226241837895,-3.155492345749959,-2.5139808362412253,0.7571012063263511,-0.7126911125331037,-0.7152428870508096,-2.3935351293047913,2009-07-28,2.0,0,True,False
2009-04-24,2009Q3,-9,diag4,student_t_ar1,-1.5363017257456812,-1.5482251178651545,-1.8410569553553107,0.8206533695469368,1.4121870876976361,1.4023086188557472,-2.9484888134433174,2009-10-28,2.0,0,True,False
2009-05-01,2009Q2,5,diag4,student_t_ar1,-2.5012323470096853,-2.533044752067806,-2.1287351968688375,0.7645930900416745,-0.7126911125331037,-0.7152428870508096,-1.7885412344765816,2009-07-28,13.0,12,False,True
2009-05-01,2009Q3,-8,diag4,student_t_ar1,-0.6738122186772721,-0.6760925825604138,-1.3836970345066446,0.7845694331837082,1.4121870876976361,1.4023086188557472,-2.0859993063749083,2009-10-28,13.0,0,True,False
2009-05-08,2009Q2,6,diag4,student_t_ar1,-2.9648282707019136,-3.009667805903961,-2.3199637971530045,0.7550705358379444,-0.7126911125331037,-0.7152428870508096,-2.25213715816881,2009-07-28,10.0,0,True,False
2009-05-08,2009Q3,-7,diag4,student_t_ar1,-0.891699612745811,-0.8956990467860884,-1.4718065718637423,0.7797869246955343,1.4121870876976361,1.4023086188557472,-2.303886700443447,2009-10-28,10.0,0,True,False
2009-05-15,2009Q2,7,diag4,student_t_ar1,-2.8527666746079983,-2.894248895006639,-2.2736559305914232,0.7504328369408756,-0.7126911125331037,-0.7152428870508096,-2.1400755620748946,2009-07-28,5.0,0,True,False
2009-05-15,2009Q3,-6,diag4,student_t_ar1,-0.8939157275272724,-0.8979351254494601,-1.4727037214864478,0.7797529740211151,1.4121870876976361,1.4023086188557472,-2.3061028152249086,2009-10-28,5.0,0,True,False
2009-05-22,2009Q2,8,diag4,student_t_ar1,-2.790890018587555,-2.8305754824920526,-2.24810916475104,0.6802130981354558,-0.7126911125331037,-0.7152428870508096,-2.0781989060544515,2009-07-28,6.0,0,True,False
2009-05-22,2009Q3,-5,diag4,student_t_ar1,-0.6198109789804063,-0.6217397813113483,-1.3618898432247153,0.7772822438357982,1.4121870876976361,1.4023086188557472,-2.0319980666780424,2009-10-28,6.0,0,True,False
2009-05-29,2009Q2,9,diag4,student_t_ar1,-2.7953430536453827,-2.8351564698665395,-2.2499471283083876,0.6802099464340611,-0.7126911125331037,-0.7152428870508096,-2.082651941112279,2009-07-28,4.0,0,True,False
2009-05-29,2009Q3,-4,diag4,student_t_ar1,-0.6196473874327202,-0.6215751696169547,-1.3618237984464445,0.7772841604085392,1.4121870876976361,1.4023086188557472,-2.0318344751303563,2009-10-28,4.0,0,True,False
2009-06-05,2009Q2,10,diag4,student_t_ar1,-2.3174844541678508,-2.344760359103352,-2.0531925628477734,0.6698859501666888,-0.7126911125331037,-0.7152428870508096,-1.604793341634747,2009-07-28,13.0,6,True,True
2009-06-05,2009Q3,-3,diag4,student_t_ar1,0.26158931664970186,0.26124776730485566,-1.0076214719590033,0.7523499635098724,1.4121870876976361,1.4023086188557472,-1.1505977710479343,2009-10-28,13.0,0,True,False
2009-06-12,2009Q2,11,diag4,student_t_ar1,-2.323169196617736,-2.3505801394800936,-2.0555275494717904,0.6697537229040464,-0.7126911125331037,-0.7152428870508096,-1.6104780840846322,2009-07-28,4.0,0,True,False
2009-06-12,2009Q3,-2,diag4,student_t_ar1,0.2582113550381182,0.2578785622681541,-1.008973249549393,0.752314031498396,1.4121870876976361,1.4023086188557472,-1.153975732659518,2009-10-28,4.0,0,True,False
2009-06-19,2009Q2,12,diag4,student_t_ar1,-2.849191683553265,-2.890568990644318,-2.272179495587446,0.6407518853950489,-0.7126911125331037,-0.7152428870508096,-2.136500571020161,2009-07-28,10.0,0,True,False
2009-06-19,2009Q3,-1,diag4,student_t_ar1,0.16734662581057158,0.1672067573664009,-1.0453521913505628,0.7421649671951579,1.4121870876976361,1.4023086188557472,-1.2448404618870645,2009-10-28,10.0,0,True,False
2009-06-26,2009Q2,13,diag4,student_t_ar1,-2.8496421012805917,-2.891032619078573,-2.2723655105437537,0.6407337625461431,-0.7126911125331037,-0.7152428870508096,-2.136950988747488,2009-07-28,4.0,0,True,False
2009-06-26,2009Q3,0,diag4,student_t_ar1,0.16723194736933955,0.1670922704495177,-1.0453981252865951,0.7421650066272549,1.4121870876976361,1.4023086188557472,-1.2449551403282966,2009-10-28,4.0,0,True,False
2009-07-03,2009Q2,14,diag4,student_t_ar1,-2.787317071801876,-2.8269000233445927,-2.246634513236571,0.6392780112766175,-0.7126911125331037,-0.7152428870508096,-2.074625959268772,2009-07-28,8.0,6,True,True
2009-07-03,2009Q3,1,diag4,student_t_ar1,0.6362529245196091,0.6342373803878587,-0.8579722238659496,0.7437857551094998,1.4121870876976361,1.4023086188557472,-0.775934163178027,2009-10-28,8.0,0,True,False
2009-07-03,2009Q4,-12,diag4,student_t_ar1,0.3918508498252482,0.3910851140921867,-0.9555287041188509,0.7737935297212288,4.394263592305325,4.300454151697932,-4.002412742480077,2010-01-28,8.0,0,True,False
2009-07-10,2009Q2,15,diag4,student_t_ar1,-2.8815089426262874,-2.9238395686258145,-2.285528170199048,0.6387901773755377,-0.7126911125331037,-0.7152428870508096,-2.1688178300931837,2009-07-28,8.0,0,True,False
2009-07-10,2009Q3,2,diag4,student_t_ar1,0.19102375830946094,0.1908415399449459,-1.0358695480874247,0.731689114633179,1.4121870876976361,1.4023086188557472,-1.2211633293881752,2009-10-28,8.0,0,True,False
2009-07-10,2009Q4,-11,diag4,student_t_ar1,0.20418239037045538,0.20397422144247823,-1.0306005115174601,0.7709234882576503,4.394263592305325,4.300454151697932,-4.19008120193487,2010-01-28,8.0,0,True,False
2009-07-17,2009Q2,16,diag4,student_t_ar1,-2.8557014608179387,-2.897269907998813,-2.2748680081048462,0.6323740039988066,-0.7126911125331037,-0.7152428870508096,-2.143010348284835,2009-07-28,9.0,0,True,False
2009-07-17,2009Q3,3,diag4,student_t_ar1,0.43430067995740007,0.43336031624190374,-0.9385672338988232,0.7074227392047101,1.4121870876976361,1.4023086188557472,-0.977886407740236,2009-10-28,9.0,0,True,False
2009-07-17,2009Q4,-10,diag4,student_t_ar1,0.31934267363529223,0.31883385787537977,-0.9845170345907174,0.7689645195234256,4.394263592305325,4.300454151697932,-4.074920918670033,2010-01-28,9.0,0,True,False
2009-07-24,2009Q2,17,diag4,student_t_ar1,-2.8564407160108773,-2.898030897595619,-2.2751733289957614,0.6323838113130454,-0.7126911125331037,-0.7152428870508096,-2.1437496034777737,2009-07-28,2.0,0,True,False
2009-07-24,2009Q3,4,diag4,student_t_ar1,0.4677241379785535,0.46663370744820476,-0.9252174305775686,0.7052274165487996,1.4121870876976361,1.4023086188557472,-0.9444629497190826,2009-10-28,2.0,0,True,False
2009-07-24,2009Q4,-9,diag4,student_t_ar1,0.312902900607126,0.31241437828280816,-0.9870926298901052,0.7676652997650151,4.394263592305325,4.300454151697932,-4.081360691698199,2010-01-28,2.0,0,True,False
2009-07-31,2009Q3,5,diag4,student_t_ar1,0.3105486118521794,0.31006740564596225,-0.9690786163775154,0.7053078172788123,1.4121870876976361,1.4023086188557472,-1.1016384758454567,2009-10-28,10.0,0,True,False
2009-07-31,2009Q4,-8,diag4,student_t_ar1,0.5128281545429658,0.5115176694108379,-0.8886417550840525,0.7646447621568583,4.394263592305325,4.300454151697932,-3.8814354377623594,2010-01-28,10.0,0,True,False
2009-08-07,2009Q3,6,diag4,student_t_ar1,0.8811554006416422,0.8772958821082246,-0.7425905620548359,0.7126102135610077,1.4121870876976361,1.4023086188557472,-0.5310316870559939,2009-10-28,13.0,11,False,True
2009-08-07,2009Q4,-7,diag4,student_t_ar1,0.9898524111524143,0.9849854628892649,-0.6995913040238517,0.7588120671204155,4.394263592305325,4.300454151697932,-3.404411181152911,2010-01-28,13.0,0,True,False
2009-08-14,2009Q3,7,diag4,student_t_ar1,0.9948411063791074,0.9899251393972519,-0.6976189458512595,0.7241454121255848,1.4121870876976361,1.4023086188557472,-0.41734598131852874,2009-10-28,5.0,0,True,False
2009-08-14,2009Q4,-6,diag4,student_t_ar1,1.0650965308429683,1.0594643346642565,-0.6698527146256722,0.7588989601842094,4.394263592305325,4.300454151697932,-3.329167061462357,2010-01-28,5.0,0,True,False
2009-08-21,2009Q3,8,diag4,student_t_ar1,2.8723692187461847,2.8318900081877794,0.037857245092146656,0.6593180920200366,1.4121870876976361,1.4023086188557472,1.4601821310485485,2009-10-28,6.0,0,True,False
2009-08-21,2009Q4,-5,diag4,student_t_ar1,1.6528752544911818,1.639363951496547,-0.4383052141581937,0.7569443063400388,4.394263592305325,4.300454151697932,-2.7413883378141435,2010-01-28,6.0,0,True,False
2009-08-28,2009Q3,9,diag4,student_t_ar1,2.881097798263643,2.8403745111701633,0.04124501325280053,0.6592857223723692,1.4121870876976361,1.4023086188557472,1.468910710566007,2009-10-28,4.0,0,True,False
2009-08-28,2009Q4,-4,diag4,student_t_ar1,1.652525796609261,1.639020175207159,-0.43844248022669463,0.7569381036165813,4.394263592305325,4.300454151697932,-2.7417377956960642,2010-01-28,4.0,0,True,False
2009-09-04,2009Q3,10,diag4,student_t_ar1,2.901825791664492,2.860520005372835,0.04928888617996563,0.6539798482416608,1.4121870876976361,1.4023086188557472,1.4896387039668557,2009-10-28,12.0,7,True,True
2009-09-04,2009Q4,-3,diag4,student_t_ar1,1.6880351922217152,1.673946208459695,-0.42449690160216597,0.7467037012753873,4.394263592305325,4.300454151697932,-2.70622840008361,2010-01-28,12.0,0,True,False
2009-09-11,2009Q3,11,diag4,student_t_ar1,2.8187729732504607,2.779776683192319,0.017048971050403396,0.6488645775769416,1.4121870876976361,1.4023086188557472,1.4065858855528246,2009-10-28,5.0,0,True,False
2009-09-11,2009Q4,-2,diag4,student_t_ar1,1.574430334887511,1.5621647549888924,-0.4691299991219932,0.7408099571849113,4.394263592305325,4.300454151697932,-2.819833257417814,2010-01-28,5.0,0,True,False
2009-09-18,2009Q3,12,diag4,student_t_ar1,4.211518699343819,4.1252481361198035,0.5542808346917353,0.6346631394637955,1.4121870876976361,1.4023086188557472,2.799331611646183,2009-10-28,10.0,0,True,False
2009-09-18,2009Q4,-1,diag4,student_t_ar1,2.6651402750212494,2.6302440755760013,-0.042657744606827384,0.734545514734468,4.394263592305325,4.300454151697932,-1.7291233172840759,2010-01-28,10.0,0,True,False
2009-09-25,2009Q3,13,diag4,student_t_ar1,4.241010052344252,4.153543646252303,0.5655789188005359,0.6347468638520432,1.4121870876976361,1.4023086188557472,2.8288229646466156,2009-10-28,0.0,0,True,False
2009-09-25,2009Q4,0,diag4,student_t_ar1,2.785517387879821,2.747427566739319,0.004132326790592221,0.7338524870805334,4.394263592305325,4.300454151697932,-1.608746204425504,2010-01-28,0.0,0,True,False
2009-10-02,2009Q3,14,diag4,student_t_ar1,4.239591344575855,4.152182648865574,0.5650354876033207,0.6338171796355386,1.4121870876976361,1.4023086188557472,2.8274042568782187,2009-10-28,11.0,6,True,True
2009-10-02,2009Q4,1,diag4,student_t_ar1,2.7112826290734526,2.6751784981120585,-0.024715926883256502,0.7289669590982965,4.394263592305325,4.300454151697932,-1.6829809632318726,2010-01-28,11.0,0,True,False
2009-10-02,2010Q1,-12,diag4,student_t_ar1,2.442573121006464,2.41321933507571,-0.12931332213065,0.7691422120910398,1.952133820572155,1.9333240882710745,0.49043930043430883,2010-04-28,11.0,0,True,False
2009-10-09,2009Q3,15,diag4,student_t_ar1,4.157963473926074,4.073844037939534,0.5337557470697712,0.6329901239449762,1.4121870876976361,1.4023086188557472,2.745776386228438,2009-10-28,9.0,0,True,False
2009-10-09,2009Q4,2,diag4,student_t_ar1,2.4813892764420142,2.4511028070188345,-0.11418687096074488,0.7204453352839747,4.394263592305325,4.300454151697932,-1.912874315863311,2010-01-28,9.0,0,True,False
2009-10-09,2010Q1,-11,diag4,student_t_ar1,2.30155116478461,2.2754649755654204,-0.1843171136443296,0.7672384451674065,1.952133820572155,1.9333240882710745,0.34941734421245485,2010-04-28,9.0,0,True,False
2009-10-16,2009Q3,16,diag4,student_t_ar1,4.094462596008519,4.012859509611124,0.5094052996961952,0.6328647687186474,1.4121870876976361,1.4023086188557472,2.682275508310883,2009-10-28,7.0,0,True,False
2009-10-16,2009Q4,3,diag4,student_t_ar1,2.3448226406190154,2.317753998991196,-0.16743157451440666,0.7199240992253311,4.394263592305325,4.300454151697932,-2.04944095168631,2010-01-28,7.0,0,True,False
2009-10-16,2010Q1,-10,diag4,student_t_ar1,2.285338430457018,2.2596157347918613,-0.19064554011488238,0.7672075785931699,1.952133820572155,1.9333240882710745,0.3332046098848629,2010-04-28,7.0,0,True,False
2009-10-23,2009Q3,17,diag4,student_t_ar1,4.623770281035577,4.520058916619535,0.711924410801849,0.6303826193499918,1.4121870876976361,1.4023086188557472,3.2115831933379413,2009-10-28,4.0,0,True,False
2009-10-23,2009Q4,4,diag4,student_t_ar1,3.7399236867310615,3.6716847314408927,0.3731779858390278,0.7050754780944593,4.394263592305325,4.300454151697932,-0.6543399055742638,2010-01-28,4.0,0,True,False
2009-10-23,2010Q1,-9,diag4,student_t_ar1,2.7397863177424098,2.7029259213773162,-0.013636687796016869,0.7647165474199993,1.952133820572155,1.9333240882710745,0.7876524971702548,2010-04-28,4.0,0,True,False
2009-10-30,2009Q4,5,diag4,student_t_ar1,3.843098739783768,3.771090800726089,0.4197955726312572,0.7063223360841421,4.394263592305325,4.300454151697932,-0.5511648525215573,2010-01-28,10.0,0,True,False
2009-10-30,2010Q1,-8,diag4,student_t_ar1,2.4199128913342305,2.3910969541501292,-0.13325272175406155,0.7626517324562178,1.952133820572155,1.9333240882710745,0.4677790707620755,2010-04-28,10.0,0,True,False
2009-11-06,2009Q4,6,diag4,student_t_ar1,3.600465674401554,3.537163875384503,0.32604668571269163,0.7281087693011795,4.394263592305325,4.300454151697932,-0.7937979179037713,2010-01-28,11.0,5,True,True
2009-11-06,2010Q1,-7,diag4,student_t_ar1,2.3967739982325487,2.368502219754686,-0.14230781960866024,0.7634792026717904,1.952133820572155,1.9333240882710745,0.44464017766039365,2010-04-28,11.0,0,True,False
2009-11-13,2009Q4,7,diag4,student_t_ar1,3.6041614348820916,3.5407311320934807,0.32747630457905813,0.7236482878612845,4.394263592305325,4.300454151697932,-0.7901021574232336,2010-01-28,6.0,0,True,False
2009-11-13,2010Q1,-6,diag4,student_t_ar1,2.3882636113808253,2.360190687861564,-0.14563876093758382,0.7634326422133294,1.952133820572155,1.9333240882710745,0.4361297908086703,2010-04-28,6.0,0,True,False
2009-11-20,2009Q4,8,diag4,student_t_ar1,4.113754727100449,4.031391084776769,0.5241138842523072,0.6627368730835214,4.394263592305325,4.300454151697932,-0.28050886520487595,2010-01-28,7.0,0,True,False
2009-11-20,2010Q1,-5,diag4,student_t_ar1,2.5643840503127624,2.5320552471073188,-0.07676207602193318,0.7593669434970985,1.952133820572155,1.9333240882710745,0.6122502297406074,2010-04-28,7.0,0,True,False
2009-11-27,2009Q4,9,diag4,student_t_ar1,4.120533322295783,4.037901631393499,0.5267230601633683,0.6627362787535096,4.394263592305325,4.300454151697932,-0.2737302700095423,2010-01-28,4.0,0,True,False
2009-11-27,2010Q1,-4,diag4,student_t_ar1,2.564498210941757,2.5321665533531585,-0.07671746877272782,0.7593687518422803,1.952133820572155,1.9333240882710745,0.6123643903696019,2010-04-28,4.0,0,True,False
2009-12-04,2009Q4,10,diag4,student_t_ar1,3.909448223124379,3.834964372016878,0.4453936358011174,0.6618648233120554,4.394263592305325,4.300454151697932,-0.4848153691809465,2010-01-28,9.0,3,True,True
2009-12-04,2010Q1,-3,diag4,student_t_ar1,2.19283893708877,2.169142021783755,-0.2222036957603615,0.7558637122412311,1.952133820572155,1.9333240882710745,0.2407051165166152,2010-04-28,9.0,0,True,False
2009-12-11,2009Q4,11,diag4,student_t_ar1,4.028896819802186,3.949852859555688,0.4914365092787786,0.6582513096930406,4.394263592305325,4.300454151697932,-0.36536677250313954,2010-01-28,7.0,0,True,False
2009-12-11,2010Q1,-2,diag4,student_t_ar1,2.332288734665733,2.305506507432676,-0.16755407077109827,0.7514915507363177,1.952133820572155,1.9333240882710745,0.3801549140935778,2010-04-28,7.0,0,True,False
2009-12-18,2009Q4,12,diag4,student_t_ar1,4.338163878575663,4.246701396785669,0.6104019507647389,0.6448153571328655,4.394263592305325,4.300454151697932,-0.056099713729662604,2010-01-28,11.0,0,True,False
2009-12-18,2010Q1,-1,diag4,student_t_ar1,2.3726155179819575,2.344906427024366,-0.1517641030236562,0.7451859916340897,1.952133820572155,1.9333240882710745,0.42048169740980246,2010-04-28,11.0,0,True,False
2009-12-25,2009Q4,13,diag4,student_t_ar1,4.366741782022476,4.274087340144267,0.6213771803298456,0.6444663276538771,4.394263592305325,4.300454151697932,-0.027521810282848946,2010-01-28,0.0,0,True,False
2009-12-25,2010Q1,0,diag4,student_t_ar1,2.485469267897833,2.4550839300992466,-0.10760921037222591,0.7423722035807144,1.952133820572155,1.9333240882710745,0.533335447325678,2010-04-28,0.0,0,True,False
2010-01-01,2009Q4,14,diag4,student_t_ar1,4.4025615859175415,4.308402542301588,0.6351293894948952,0.6456525976381039,4.394263592305325,4.300454151697932,0.008297993612216281,2010-01-28,9.0,8,True,True
2010-01-01,2010Q1,1,diag4,student_t_ar1,2.6437662832140774,2.6094227753774932,-0.045756155483379024,0.739287564583761,1.952133820572155,1.9333240882710745,0.6916324626419224,2010-04-28,9.0,0,True,False
2010-01-01,2010Q2,-12,diag4,student_t_ar1,2.9897378370043137,2.945916462743855,0.08909753269149075,0.7770107437228265,3.926881074055233,3.851739929043594,-0.9371432370509192,2010-07-28,9.0,0,True,False
2010-01-08,2009Q4,15,diag4,student_t_ar1,4.3022531913803785,4.2122778770724505,0.5966063321021113,0.6478698620305225,4.394263592305325,4.300454151697932,-0.09201040092494672,2010-01-28,11.0,0,True,False
2010-01-08,2010Q1,2,diag4,student_t_ar1,2.28688665048995,2.261129351835771,-0.18533872269069593,0.7419075858188888,1.952133820572155,1.9333240882710745,0.33475282991779487,2010-04-28,11.0,0,True,False
2010-01-08,2010Q2,-11,diag4,student_t_ar1,2.8981887291566144,2.856985445361529,0.0534574118291551,0.7748882875834014,3.926881074055233,3.851739929043594,-1.0286923448986185,2010-07-28,11.0,0,True,False
2010-01-15,2009Q4,16,diag4,student_t_ar1,4.316779437502927,4.226203975725084,0.6021873751816803,0.6470541977985199,4.394263592305325,4.300454151697932,-0.07748415480239856,2010-01-28,6.0,0,True,False
2010-01-15,2010Q1,3,diag4,student_t_ar1,2.3076534270503046,2.2814297729748656,-0.17720309707603352,0.7388156471130262,1.952133820572155,1.9333240882710745,0.3555196064781496,2010-04-28,6.0,0,True,False
2010-01-15,2010Q2,-10,diag4,student_t_ar1,2.8955403430943827,2.854411619546415,0.052425921739090074,0.7747489827781666,3.926881074055233,3.851739929043594,-1.0313407309608502,2010-07-28,6.0,0,True,False
2010-01-22,2009Q4,17,diag4,student_t_ar1,4.515260663894449,4.41629098158837,0.6783669136907426,0.6419861103752312,4.394263592305325,4.300454151697932,0.12099707158912398,2010-01-28,6.0,0,True,False
2010-01-22,2010Q1,4,diag4,student_t_ar1,2.7940201035641765,2.755699514222967,0.01286591817836985,0.7114209966850302,1.952133820572155,1.9333240882710745,0.8418862829920215,2010-04-28,6.0,0,True,False
2010-01-22,2010Q2,-9,diag4,student_t_ar1,3.0854529961883426,3.0388099019588406,0.1263256393565346,0.7713204468097846,3.926881074055233,3.851739929043594,-0.8414280778668903,2010-07-28,6.0,0,True,False
2010-01-29,2010Q1,5,diag4,student_t_ar1,2.8194672327698234,2.780451907332234,0.016516797831679624,0.7105714501849097,1.952133820572155,1.9333240882710745,0.8673334121976684,2010-04-28,6.0,0,True,False
2010-01-29,2010Q2,-8,diag4,student_t_ar1,3.0901956785643447,3.043410525172424,0.12222376295507356,0.7689562986611053,3.926881074055233,3.851739929043594,-0.8366853954908882,2010-07-28,6.0,0,True,False
2010-02-05,2010Q1,6,diag4,student_t_ar1,3.1981740899602373,3.1480973976107505,0.16430693050670975,0.7027847982932877,1.952133820572155,1.9333240882710745,1.2460402693880823,2010-04-28,14.0,12,False,True
2010-02-05,2010Q2,-7,diag4,student_t_ar1,3.372198054694686,3.3165862317999517,0.23203790454971812,0.7650327295419712,3.926881074055233,3.851739929043594,-0.5546830193605468,2010-07-28,14.0,0,True,False
2010-02-12,2010Q1,7,diag4,student_t_ar1,3.1962308027331243,3.1462143163051386,0.16354994900318742,0.7027417181424124,1.952133820572155,1.9333240882710745,1.2440969821609693,2010-04-28,4.0,0,True,False
2010-02-12,2010Q2,-6,diag4,student_t_ar1,3.372096960532156,3.3164884354737976,0.23199859131890294,0.7650321780560188,3.926881074055233,3.851739929043594,-0.5547841135230769,2010-07-28,4.0,0,True,False
2010-02-19,2010Q1,8,diag4,student_t_ar1,4.34322456402465,4.251551551835656,0.6078854325309512,0.6627776463724316,1.952133820572155,1.9333240882710745,2.3910907434524953,2010-04-28,11.0,0,True,False
2010-02-19,2010Q2,-5,diag4,student_t_ar1,3.602022357476886,3.5386664471828864,0.32131212486200544,0.7607010027728995,3.926881074055233,3.851739929043594,-0.32485871657834675,2010-07-28,11.0,0,True,False
2010-02-26,2010Q1,9,diag4,student_t_ar1,4.357900744035059,4.265615855526356,0.6135391542911602,0.6627757477168896,1.952133820572155,1.9333240882710745,2.405766923462904,2010-04-28,4.0,0,True,False
2010-02-26,2010Q2,-4,diag4,student_t_ar1,3.602746474878349,3.539365386117109,0.32159309193640706,0.7607031814755493,3.926881074055233,3.851739929043594,-0.32413459917688403,2010-07-28,4.0,0,True,False
2010-03-05,2010Q1,10,diag4,student_t_ar1,4.1132889414664975,4.03094370231796,0.5192030898625454,0.6610633036310974,1.952133820572155,1.9333240882710745,2.1611551208943425,2010-04-28,10.0,8,True,True
2010-03-05,2010Q2,-3,diag4,student_t_ar1,3.287997174843027,3.2350989532097274,0.19928076205069536,0.7546650318605502,3.926881074055233,3.851739929043594,-0.6388838992122059,2010-07-28,10.0,0,True,False
2010-03-12,2010Q1,11,diag4,student_t_ar1,4.100320892430176,4.018487216823618,0.5141956963474535,0.6610779868753756,1.952133820572155,1.9333240882710745,2.148187071858021,2010-04-28,6.0,0,True,False
2010-03-12,2010Q2,-2,diag4,student_t_ar1,3.2869012359885597,3.234037896069771,0.19885422676157447,0.7546711106342682,3.926881074055233,3.851739929043594,-0.6399798380666732,2010-07-28,6.0,0,True,False
2010-03-19,2010Q1,12,diag4,student_t_ar1,4.4134130154960705,4.318795836788758,0.6349170215416791,0.6434756681226983,1.952133820572155,1.9333240882710745,2.4612791949239154,2010-04-28,12.0,0,True,False
2010-03-19,2010Q2,-1,diag4,student_t_ar1,3.4974541976850126,3.4376829291001854,0.28071767197172937,0.7451237714588027,3.926881074055233,3.851739929043594,-0.42942687637022026,2010-07-28,12.0,0,True,False
2010-03-26,2010Q1,13,diag4,student_t_ar1,4.408901953081834,4.314475357518501,0.6331802282953176,0.6432538045717912,1.952133820572155,1.9333240882710745,2.456768132509679,2010-04-28,4.0,0,True,False
2010-03-26,2010Q2,0,diag4,student_t_ar1,3.493104260580848,3.433479899612083,0.27902809246617605,0.7429105091484095,3.926881074055233,3.851739929043594,-0.4337768134743847,2010-07-28,4.0,0,True,False
2010-04-02,2010Q1,14,diag4,student_t_ar1,4.5198378917279625,4.4206703684625,0.6758696537658985,0.6438291524904994,1.952133820572155,1.9333240882710745,2.5677040711558075,2010-04-28,8.0,11,False,True
2010-04-02,2010Q2,1,diag4,student_t_ar1,3.937447312963771,3.8619064054175096,0.45125163881381786,0.7420075276382752,3.926881074055233,3.851739929043594,0.01056623890853814,2010-07-28,8.0,0,True,False
2010-04-02,2010Q3,-12,diag4,student_t_ar1,3.67681793894854,3.610835496962455,0.3503234243991579,0.7776912930457817,3.1201978026194954,3.0725090820010665,0.5566201363290446,2010-10-28,8.0,0,True,False
2010-04-09,2010Q1,15,diag4,student_t_ar1,4.559828099437335,4.458923928900773,0.6912472360345717,0.6427916633699089,1.952133820572155,1.9333240882710745,2.6076942788651802,2010-04-28,8.0,0,True,False
2010-04-09,2010Q2,2,diag4,student_t_ar1,4.0428653716718,3.963279527108728,0.49200270879995417,0.7344974791585018,3.926881074055233,3.851739929043594,0.11598429761656703,2010-07-28,8.0,0,True,False
2010-04-09,2010Q3,-11,diag4,student_t_ar1,3.7202140867042655,3.652683876339162,0.36714609108176327,0.7762832246536889,3.1201978026194954,3.0725090820010665,0.60001628408477,2010-10-28,8.0,0,True,False
2010-04-16,2010Q1,16,diag4,student_t_ar1,4.667689777477313,4.56202861483286,0.7326943790466532,0.6425198904713905,1.952133820572155,1.9333240882710745,2.715555956905158,2010-04-28,8.0,0,True,False
2010-04-16,2010Q2,3,diag4,student_t_ar1,4.398349507034616,4.304368001588659,0.6291171634315723,0.7302727440976646,3.926881074055233,3.851739929043594,0.4714684329793828,2010-07-28,8.0,0,True,False
2010-04-16,2010Q3,-10,diag4,student_t_ar1,3.8739145499947947,3.8007617554052837,0.4266720473959297,0.7745803280392377,3.1201978026194954,3.0725090820010665,0.7537167473752993,2010-10-28,8.0,0,True,False
2010-04-23,2010Q1,17,diag4,student_t_ar1,4.643521491981195,4.538935455649516,0.7234111397581571,0.6391402683076196,1.952133820572155,1.9333240882710745,2.69138767140904,2010-04-28,4.0,0,True,False
2010-04-23,2010Q2,4,diag4,student_t_ar1,4.28894113870506,4.199514104626404,0.5869668535452572,0.7115919911518822,3.926881074055233,3.851739929043594,0.3620600646498273,2010-07-28,4.0,0,True,False
2010-04-23,2010Q3,-9,diag4,student_t_ar1,3.8436144237734116,3.771587398685383,0.4149442221829061,0.7726273087006924,3.1201978026194954,3.0725090820010665,0.7234166211539161,2010-10-28,4.0,0,True,False
2010-04-30,2010Q2,5,diag4,student_t_ar1,4.3450107282098305,4.253263353349273,0.6145411820146975,0.7125826725066405,3.926881074055233,3.851739929043594,0.4181296541545976,2010-07-28,10.0,0,True,False
2010-04-30,2010Q3,-8,diag4,student_t_ar1,3.5797288017743067,3.5171456755281696,0.3172938528730199,0.7706734685501705,3.1201978026194954,3.0725090820010665,0.4595309991548113,2010-10-28,10.0,0,True,False
2010-05-07,2010Q2,6,diag4,student_t_ar1,4.584424160641465,4.482444595667124,0.7070855050501084,0.6989184976121492,3.926881074055233,3.851739929043594,0.657543086586232,2010-07-28,13.0,11,False,True
2010-05-07,2010Q3,-7,diag4,student_t_ar1,3.7405775244725437,3.6723149957188945,0.3799518590330514,0.7660750464111428,3.1201978026194954,3.0725090820010665,0.6203797218530482,2010-10-28,13.0,0,True,False
2010-05-14,2010Q2,7,diag4,student_t_ar1,4.681324409111909,4.575054357234233,0.7444817055594526,0.6984630714813536,3.926881074055233,3.851739929043594,0.7544433350566759,2010-07-28,6.0,0,True,False
2010-05-14,2010Q3,-6,diag4,student_t_ar1,3.7517711096274997,3.6831043913178276,0.38430866110623196,0.7660678595344261,3.1201978026194954,3.0725090820010665,0.6315733070080043,2010-10-28,6.0,0,True,False
2010-05-21,2010Q2,8,diag4,student_t_ar1,4.252323473048203,4.1643961953710225,0.5786562601423739,0.6642707831826463,3.926881074055233,3.851739929043594,0.32544239899297,2010-07-28,6.0,0,True,False
2010-05-21,2010Q3,-5,diag4,student_t_ar1,3.672237768443365,3.6064176610670473,0.3533422457701333,0.7614940847506151,3.1201978026194954,3.0725090820010665,0.5520399658238695,2010-10-28,6.0,0,True,False
2010-05-28,2010Q2,9,diag4,student_t_ar1,4.264563277278688,4.176136063959421,0.5833968670962856,0.664284850893251,3.926881074055233,3.851739929043594,0.337682203223455,2010-07-28,4.0,0,True,False
2010-05-28,2010Q3,-4,diag4,student_t_ar1,3.6730741561945335,3.6072244193616148,0.3536680180692484,0.7614978220382187,3.1201978026194954,3.0725090820010665,0.5528763535750381,2010-10-28,4.0,0,True,False
2010-06-04,2010Q2,10,diag4,student_t_ar1,4.312274900846691,4.221885750086537,0.601870777477854,0.6614871849513249,3.926881074055233,3.851739929043594,0.38539382679145806,2010-07-28,12.0,11,False,True
2010-06-04,2010Q3,-3,diag4,student_t_ar1,3.77174372869431,3.702352927218963,0.392081298632661,0.7562645874112136,3.1201978026194954,3.0725090820010665,0.6515459260748147,2010-10-28,12.0,0,True,False
2010-06-11,2010Q2,11,diag4,student_t_ar1,4.1101085254474645,4.0278888909394395,0.5235340522764748,0.6614626801280488,3.926881074055233,3.851739929043594,0.18322745139223162,2010-07-28,5.0,0,True,False
2010-06-11,2010Q3,-2,diag4,student_t_ar1,3.5330345383037143,3.4720550075184304,0.29908605670273636,0.7543205947154478,3.1201978026194954,3.0725090820010665,0.41283673568421886,2010-10-28,5.0,0,True,False
2010-06-18,2010Q2,12,diag4,student_t_ar1,5.0254428221934155,4.903244740879568,0.8770063248259209,0.6449545587139862,3.926881074055233,3.851739929043594,1.0985617481381826,2010-07-28,11.0,0,True,False
2010-06-18,2010Q3,-1,diag4,student_t_ar1,4.119185614437937,4.0366072502209285,0.5270545614138057,0.7453378288632111,3.1201978026194954,3.0725090820010665,0.9989878118184414,2010-10-28,11.0,0,True,False
2010-06-25,2010Q2,13,diag4,student_t_ar1,4.994127470861787,4.873423375642021,0.8649643355689074,0.6448561906278993,3.926881074055233,3.851739929043594,1.0672463968065538,2010-07-28,0.0,0,True,False
2010-06-25,2010Q3,0,diag4,student_t_ar1,3.9935047124613154,3.9158256515034067,0.4782824578358635,0.7437338723892165,3.1201978026194954,3.0725090820010665,0.87330690984182,2010-10-28,0.0,0,True,False
2010-07-02,2010Q2,14,diag4,student_t_ar1,4.915904840026597,4.79889369871816,0.8348689471889076,0.652304434930511,3.926881074055233,3.851739929043594,0.9890237659713641,2010-07-28,11.0,90,True,True
2010-07-02,2010Q3,1,diag4,student_t_ar1,3.594083857295227,3.5310036582139688,0.3228897629628825,0.7481022397295682,3.1201978026194954,3.0725090820010665,0.47388605467573175,2010-10-28,11.0,0,True,False
2010-07-02,2010Q4,-12,diag4,student_t_ar1,3.811237145772739,3.740403655066266,0.40744633817088605,0.7804732470958055,2.117043484228409,2.094945457780796,1.6941936615443298,2011-01-28,11.0,0,True,False
2010-07-09,2010Q2,15,diag4,student_t_ar1,4.884023614477795,4.76850167139094,0.8225965222459863,0.6513057750611149,3.926881074055233,3.851739929043594,0.957142540422562,2010-07-28,9.0,0,True,False
2010-07-09,2010Q3,2,diag4,student_t_ar1,3.483289061539363,3.423995533891609,0.27967944468139133,0.7405663376470767,3.1201978026194954,3.0725090820010665,0.3630912589198676,2010-10-28,9.0,0,True,False
2010-07-09,2010Q4,-11,diag4,student_t_ar1,3.748595292159451,3.6800433678378477,0.3830726073049468,0.7794451631833644,2.117043484228409,2.094945457780796,1.631551807931042,2011-01-28,9.0,0,True,False
2010-07-16,2010Q2,16,diag4,student_t_ar1,4.810355711798353,4.698239506094191,0.7942243725158101,0.651606557095086,3.926881074055233,3.851739929043594,0.8834746377431202,2010-07-28,8.0,0,True,False
2010-07-16,2010Q3,3,diag4,student_t_ar1,3.301795367017646,3.248457011248677,0.2087962712579048,0.7415525889239285,3.1201978026194954,3.0725090820010665,0.18159756439815045,2010-10-28,8.0,0,True,False
2010-07-16,2010Q4,-10,diag4,student_t_ar1,3.7418291624316646,3.6735214960474134,0.38043904880048407,0.7794233360691308,2.117043484228409,2.094945457780796,1.6247856782032555,2011-01-28,8.0,0,True,False
2010-07-23,2010Q2,17,diag4,student_t_ar1,4.912777892302422,4.795913221803673,0.8336654184202164,0.6467965526064813,3.926881074055233,3.851739929043594,0.9858968182471894,2010-07-28,4.0,0,True,False
2010-07-23,2010Q3,4,diag4,student_t_ar1,3.2179093009736093,3.1672191741208913,0.1759921003501257,0.7204669366001121,3.1201978026194954,3.0725090820010665,0.09771149835411386,2010-10-28,4.0,0,True,False
2010-07-23,2010Q4,-9,diag4,student_t_ar1,3.4707851528677836,3.411911781750716,0.2747999761424449,0.7761079626616759,2.117043484228409,2.094945457780796,1.3537416686393744,2011-01-28,4.0,0,True,False
2010-07-30,2010Q3,5,diag4,student_t_ar1,3.2504173770227185,3.198708823735227,0.18500410999681857,0.7197463520149565,3.1201978026194954,3.0725090820010665,0.13021957440322307,2010-10-28,10.0,0,True,False
2010-07-30,2010Q4,-8,diag4,student_t_ar1,3.383740038804395,3.3277510711057823,0.23731880364014524,0.7734330064456871,2.117043484228409,2.094945457780796,1.2666965545759856,2011-01-28,10.0,0,True,False
2010-08-06,2010Q3,6,diag4,student_t_ar1,3.330368287320451,3.2761128417637315,0.2163842786813864,0.7007917137679963,3.1201978026194954,3.0725090820010665,0.21017048470095556,2010-10-28,11.0,5,True,True
2010-08-06,2010Q4,-7,diag4,student_t_ar1,3.5094817281342117,3.449303342115758,0.2865970047650621,0.7671984440543292,2.117043484228409,2.094945457780796,1.3924382439058025,2011-01-28,11.0,0,True,False
2010-08-13,2010Q3,7,diag4,student_t_ar1,3.3343971308128495,3.2800117584317476,0.2179649287024791,0.6993969326643782,3.1201978026194954,3.0725090820010665,0.21419932819335408,2010-10-28,6.0,0,True,False
2010-08-13,2010Q4,-6,diag4,student_t_ar1,3.5065110392296317,3.446433333026069,0.2854334815830029,0.7671709230266115,2.117043484228409,2.094945457780796,1.3894675550012225,2011-01-28,6.0,0,True,False
2010-08-20,2010Q3,8,diag4,student_t_ar1,3.416044459269063,3.358993290052804,0.24998463321344588,0.6680782677471196,3.1201978026194954,3.0725090820010665,0.29584665664956766,2010-10-28,8.0,0,True,False
2010-08-20,2010Q4,-5,diag4,student_t_ar1,3.354948317139317,3.299897821111612,0.22602688746457117,0.7625383577567465,2.117043484228409,2.094945457780796,1.2379048329109077,2011-01-28,8.0,0,True,False
2010-08-27,2010Q3,9,diag4,student_t_ar1,3.42143748200483,3.364208034195287,0.25209872954857065,0.6680780309796011,3.1201978026194954,3.0725090820010665,0.30123967938533447,2010-10-28,4.0,0,True,False
2010-08-27,2010Q4,-4,diag4,student_t_ar1,3.355162963306957,3.300105499552042,0.22611108185988577,0.7625408618416472,2.117043484228409,2.094945457780796,1.2381194790785477,2011-01-28,4.0,0,True,False
2010-09-03,2010Q3,10,diag4,student_t_ar1,3.53465746920687,3.473622544093022,0.2964561914036625,0.66392355655471,3.1201978026194954,3.0725090820010665,0.41445966658737454,2010-10-28,9.0,55,True,True
2010-09-03,2010Q4,-3,diag4,student_t_ar1,3.489487093109833,3.429984757873117,0.27876510601197835,0.7555654006789572,2.117043484228409,2.094945457780796,1.372443608881424,2011-01-28,9.0,0,True,False
2010-09-10,2010Q3,11,diag4,student_t_ar1,3.5631168555154913,3.501106554078712,0.3075984149140969,0.660657553328321,3.1201978026194954,3.0725090820010665,0.44291905289599587,2010-10-28,7.0,0,True,False
2010-09-10,2010Q4,-2,diag4,student_t_ar1,3.5199539196323792,3.4594199629473166,0.290698358626243,0.7529548398666197,2.117043484228409,2.094945457780796,1.40291043540397,2011-01-28,7.0,0,True,False
2010-09-17,2010Q3,12,diag4,student_t_ar1,3.516008079606281,3.455608219336714,0.28915304921557405,0.6476710638780748,3.1201978026194954,3.0725090820010665,0.3958102769867855,2010-10-28,10.0,0,True,False
2010-09-17,2010Q4,-1,diag4,student_t_ar1,3.428951048296658,3.371472769203543,0.2550439075356333,0.7445938479453605,2.117043484228409,2.094945457780796,1.3119075640682487,2011-01-28,10.0,0,True,False
2010-09-24,2010Q3,13,diag4,student_t_ar1,3.4955306027933064,3.435824320323066,0.2811325083689981,0.6475077264275858,3.1201978026194954,3.0725090820010665,0.375332800173811,2010-10-28,2.0,0,True,False
2010-09-24,2010Q4,0,diag4,student_t_ar1,3.354788562615796,3.2997432521726457,0.22596422405895353,0.742406541339809,2.117043484228409,2.094945457780796,1.2377450783873867,2011-01-28,2.0,0,True,False
2010-10-01,2010Q3,14,diag4,student_t_ar1,3.4668761887659993,3.4081338671102213,0.2699065912279626,0.6469946412521697,3.1201978026194954,3.0725090820010665,0.3466783861465039,2010-10-28,11.0,54,True,True
2010-10-01,2010Q4,1,diag4,student_t_ar1,3.186357780539062,3.136646627219192,0.15984363066755705,0.7373244427622174,2.117043484228409,2.094945457780796,1.0693142963106528,2011-01-28,11.0,0,True,False
2010-10-01,2011Q1,-13,diag4,student_t_ar1,3.0844769431850994,3.037863058737306,0.11979603209090955,0.7761676202389466,-0.9454489541211974,-0.9499466944201232,4.029925897306297,2011-04-28,11.0,0,True,False
2010-10-08,2010Q3,15,diag4,student_t_ar1,3.449712152144757,3.3915435716697004,0.26318076119083655,0.6462229045044918,3.1201978026194954,3.0725090820010665,0.3295143495252617,2010-10-28,9.0,0,True,False
2010-10-08,2010Q4,2,diag4,student_t_ar1,3.1157546253277157,3.068200252972805,0.13209495786729342,0.732147963961547,2.117043484228409,2.094945457780796,0.9987111410993066,2011-01-28,9.0,0,True,False
2010-10-08,2011Q1,-12,diag4,student_t_ar1,3.0610849564213005,3.0151684281581614,0.11059545886556038,0.7749695594264524,-0.9454489541211974,-0.9499466944201232,4.0065339105424975,2011-04-28,9.0,0,True,False
2010-10-15,2010Q3,16,diag4,student_t_ar1,3.469347179817861,3.4105220338717075,0.2708747719210466,0.6459009424421409,3.1201978026194954,3.0725090820010665,0.3491493771983656,2010-10-28,6.0,0,True,False
2010-10-15,2010Q4,3,diag4,student_t_ar1,3.161417463758265,3.112473537034218,0.15004367884396555,0.7308825871273394,2.117043484228409,2.094945457780796,1.0443739795298557,2011-01-28,6.0,0,True,False
2010-10-15,2011Q1,-11,diag4,student_t_ar1,3.067999642639929,3.0218775116770384,0.11331537157685757,0.774874524683184,-0.9454489541211974,-0.9499466944201232,4.013448596761126,2011-04-28,6.0,0,True,False
2010-10-22,2010Q3,17,diag4,student_t_ar1,3.5085061842595078,3.448360869546554,0.2862149193261472,0.6431677277786897,3.1201978026194954,3.0725090820010665,0.38830838164001236,2010-10-28,6.0,0,True,False
2010-10-22,2010Q4,4,diag4,student_t_ar1,3.1928911557492556,3.142978053703252,0.1624104383881922,0.7117724514925812,2.117043484228409,2.094945457780796,1.0758476715208465,2011-01-28,6.0,0,True,False
2010-10-22,2011Q1,-10,diag4,student_t_ar1,3.0409959353813187,2.9956741843187293,0.10269234639620248,0.771232816124342,-0.9454489541211974,-0.9499466944201232,3.986444889502516,2011-04-28,6.0,0,True,False
2010-10-29,2010Q4,5,diag4,student_t_ar1,3.219612096565916,3.168868869952163,0.1724396401153552,0.7108534724346117,2.117043484228409,2.094945457780796,1.1025686123375067,2011-01-28,6.0,0,True,False
2010-10-29,2011Q1,-9,diag4,student_t_ar1,3.0093723636690273,2.9649791923887188,0.08938033949582155,0.768725215954093,-0.9454489541211974,-0.9499466944201232,3.9548213177902247,2011-04-28,6.0,0,True,False
2010-11-05,2010Q4,6,diag4,student_t_ar1,3.8478751098723674,3.7756902977585383,0.41964275503940895,0.7057325336771149,2.117043484228409,2.094945457780796,1.7308316256439582,2011-01-28,14.0,2,True,True
2010-11-05,2011Q1,-8,diag4,student_t_ar1,3.4656907644341706,3.4069881563607702,0.2694431845295497,0.7651701160105775,-0.9454489541211974,-0.9499466944201232,4.4111397185553685,2011-04-28,14.0,0,True,False
2010-11-12,2010Q4,7,diag4,student_t_ar1,3.849466112040778,3.7772223367909787,0.42026686751080533,0.7057507791798872,2.117043484228409,2.094945457780796,1.7324226278123689,2011-01-28,4.0,0,True,False
2010-11-12,2011Q1,-7,diag4,student_t_ar1,3.466178278734988,3.4074593397537134,0.26963513227084335,0.7651708922346534,-0.9454489541211974,-0.9499466944201232,4.411627232856185,2011-04-28,4.0,0,True,False
2010-11-19,2010Q4,8,diag4,student_t_ar1,2.6447793053643975,2.6104097005343982,-0.05506196070488035,0.6656274782660594,2.117043484228409,2.094945457780796,0.5277358211359884,2011-01-28,11.0,0,True,False
2010-11-19,2011Q1,-6,diag4,student_t_ar1,3.2859263021816076,3.2330939831470635,0.1986032647182677,0.7613452111857528,-0.9454489541211974,-0.9499466944201232,4.231375256302805,2011-04-28,11.0,0,True,False
2010-11-26,2010Q4,9,diag4,student_t_ar1,2.6454312172716987,2.6110448130472053,-0.05480323254483371,0.665619512491651,2.117043484228409,2.094945457780796,0.5283877330432896,2011-01-28,4.0,0,True,False
2010-11-26,2011Q1,-5,diag4,student_t_ar1,3.286005706886419,3.2331708616503962,0.1986345830017423,0.7613451643189596,-0.9454489541211974,-0.9499466944201232,4.231454661007616,2011-04-28,4.0,0,True,False
2010-12-03,2010Q4,10,diag4,student_t_ar1,2.772421741571862,2.7346860045489847,-0.004435057870036571,0.6635034132829868,2.117043484228409,2.094945457780796,0.655378257343453,2011-01-28,9.0,2,True,True
2010-12-03,2011Q1,-4,diag4,student_t_ar1,3.5006496552864474,3.4407703560303933,0.2832051655747902,0.7552448028756524,-0.9454489541211974,-0.9499466944201232,4.446098609407645,2011-04-28,9.0,0,True,False
2010-12-10,2010Q4,11,diag4,student_t_ar1,2.6843675183322757,2.6489704349170293,-0.03935333009899625,0.6611739440280643,2.117043484228409,2.094945457780796,0.5673240341038666,2011-01-28,7.0,0,True,False
2010-12-10,2011Q1,-3,diag4,student_t_ar1,3.376945926550312,3.3211791135551527,0.23448683378418922,0.7529739939046668,-0.9454489541211974,-0.9499466944201232,4.32239488067151,2011-04-28,7.0,0,True,False
2010-12-17,2010Q4,12,diag4,student_t_ar1,2.462777440475361,2.432939971436852,-0.12735846809130003,0.6470402209819629,2.117043484228409,2.094945457780796,0.3457339562469519,2011-01-28,10.0,0,True,False
2010-12-17,2011Q1,-2,diag4,student_t_ar1,3.346696666487925,3.2919137040462543,0.22256487444224568,0.7449329330567631,-0.9454489541211974,-0.9499466944201232,4.292145620609123,2011-04-28,10.0,0,True,False
2010-12-24,2010Q4,13,diag4,student_t_ar1,2.4502194306217584,2.4206830525873144,-0.13235161497131395,0.6468049871158095,2.117043484228409,2.094945457780796,0.33317594639334924,2011-01-28,2.0,0,True,False
2010-12-24,2011Q1,-1,diag4,student_t_ar1,3.2947750071704807,3.241660809513911,0.20209316482043402,0.7423017085054614,-0.9454489541211974,-0.9499466944201232,4.240223961291678,2011-04-28,2.0,0,True,False
2010-12-31,2010Q4,14,diag4,student_t_ar1,2.451796328533007,2.422222225255224,-0.13172459644415255,0.6467884246009659,2.117043484228409,2.094945457780796,0.33475284430459773,2011-01-28,8.0,0,True,False
2010-12-31,2011Q1,0,diag4,student_t_ar1,3.2869457924707968,3.2340810346208215,0.19900536356930096,0.7422778025976247,-0.9454489541211974,-0.9499466944201232,4.232394746591995,2011-04-28,8.0,0,True,False
2011-01-07,2010Q4,15,diag4,student_t_ar1,2.4458803545646113,2.416447661028041,-0.1340770022737373,0.6462505891571335,2.117043484228409,2.094945457780796,0.3288368703362021,2011-01-28,12.0,4,True,True
2011-01-07,2011Q1,1,diag4,student_t_ar1,3.2904750515368786,3.237497922150938,0.20039731382366724,0.7336639494841419,-0.9454489541211974,-0.9499466944201232,4.235924005658076,2011-04-28,12.0,0,True,False
2011-01-07,2011Q2,-11,diag4,student_t_ar1,3.4192989486991676,3.3621402274927585,0.25117331598825215,0.7757543527399325,2.7339190839842376,2.6972149874665394,0.6853798647149301,2011-07-28,12.0,0,True,False
2011-01-14,2010Q4,16,diag4,student_t_ar1,2.457355166008224,2.427647885784332,-0.12951432481916303,0.6459985460434131,2.117043484228409,2.094945457780796,0.34031168177981463,2011-01-28,6.0,0,True,False
2011-01-14,2011Q1,2,diag4,student_t_ar1,3.3253090998659696,3.271216593550809,0.21413341512002473,0.7326539033809847,-0.9454489541211974,-0.9499466944201232,4.2707580539871675,2011-04-28,6.0,0,True,False
2011-01-14,2011Q2,-10,diag4,student_t_ar1,3.413761988714148,3.356786189834309,0.24899222163999576,0.7756749440397026,2.7339190839842376,2.6972149874665394,0.6798429047299104,2011-07-28,6.0,0,True,False
2011-01-21,2010Q4,17,diag4,student_t_ar1,2.7126879412341154,2.676546704711105,-0.028119481921082552,0.6430998273406503,2.117043484228409,2.094945457780796,0.5956444570057062,2011-01-28,6.0,0,True,False
2011-01-21,2011Q1,3,diag4,student_t_ar1,3.9052463799668757,3.83092053559223,0.44214210362016027,0.7129227485905862,-0.9454489541211974,-0.9499466944201232,4.850695334088073,2011-04-28,6.0,0,True,False
2011-01-21,2011Q2,-9,diag4,student_t_ar1,3.4995016205434437,3.439661144528917,0.28275330193631293,0.772204037944129,2.7339190839842376,2.6972149874665394,0.7655825365592062,2011-07-28,6.0,0,True,False
2011-01-28,2011Q1,4,diag4,student_t_ar1,3.900657248985806,3.826503788135419,0.44490541003270107,0.7120238268634578,-0.9454489541211974,-0.9499466944201232,4.846106203107004,2011-04-28,6.0,0,True,False
2011-01-28,2011Q2,-8,diag4,student_t_ar1,3.432958513436235,3.3753473009127024,0.2602803302635171,0.7697203845292997,2.7339190839842376,2.6972149874665394,0.6990394294519975,2011-07-28,6.0,0,True,False
2011-02-04,2011Q1,5,diag4,student_t_ar1,4.686880895027512,4.580362217526422,0.75340407203305,0.7316833999510433,-0.9454489541211974,-0.9499466944201232,5.632329849148709,2011-04-28,13.0,11,False,True
2011-02-04,2011Q2,-7,diag4,student_t_ar1,4.113137609258177,4.03079834880943,0.5285081080522687,0.7669967744996974,2.7339190839842376,2.6972149874665394,1.3792185252739397,2011-07-28,13.0,0,True,False
2011-02-11,2011Q1,6,diag4,student_t_ar1,4.394554778253257,4.300733080378324,0.6389724873969416,0.7296965986036791,-0.9454489541211974,-0.9499466944201232,5.340003732374454,2011-04-28,5.0,0,True,False
2011-02-11,2011Q2,-6,diag4,student_t_ar1,3.996241361749253,3.9184571747777452,0.48253515010004355,0.7661108899475886,2.7339190839842376,2.6972149874665394,1.2623222777650156,2011-07-28,5.0,0,True,False
2011-02-18,2011Q1,7,diag4,student_t_ar1,3.423205083545122,3.3659171444902585,0.256421262664939,0.6663774618196303,-0.9454489541211974,-0.9499466944201232,4.368654037666319,2011-04-28,11.0,0,True,False
2011-02-18,2011Q2,-5,diag4,student_t_ar1,4.011240023693263,3.9328784464263595,0.48843671309183107,0.7615671921319686,2.7339190839842376,2.6972149874665394,1.2773209397090257,2011-07-28,11.0,0,True,False
2011-02-25,2011Q1,8,diag4,student_t_ar1,3.423205083545122,3.3659171444902585,0.256421262664939,0.6663774618196303,-0.9454489541211974,-0.9499466944201232,4.368654037666319,2011-04-28,0.0,0,True,False
2011-02-25,2011Q2,-4,diag4,student_t_ar1,4.011240023693263,3.9328784464263595,0.48843671309183107,0.7615671921319686,2.7339190839842376,2.6972149874665394,1.2773209397090257,2011-07-28,0.0,0,True,False
2011-03-04,2011Q1,9,diag4,student_t_ar1,3.6585830477015246,3.593245745084829,0.34945009458300996,0.6686036680846739,-0.9454489541211974,-0.9499466944201232,4.604032001822722,2011-04-28,12.0,9,True,True
2011-03-04,2011Q2,-3,diag4,student_t_ar1,4.411406295205644,4.316873919368113,0.6455777424922992,0.7591326034980883,2.7339190839842376,2.6972149874665394,1.6774872112214068,2011-07-28,12.0,0,True,False
2011-03-11,2011Q1,10,diag4,student_t_ar1,3.7621907684015854,3.6931467602153623,0.39033221289419373,0.6656925736169274,-0.9454489541211974,-0.9499466944201232,4.707639722522783,2011-04-28,8.0,0,True,False
2011-03-11,2011Q2,-2,diag4,student_t_ar1,4.5216209468256885,4.422376302881142,0.688752087810571,0.7567273618862648,2.7339190839842376,2.6972149874665394,1.787701862841451,2011-07-28,8.0,0,True,False
2011-03-18,2011Q1,11,diag4,student_t_ar1,2.6120924770287157,2.5785600203476466,-0.0657859447422418,0.6471754808439446,-0.9454489541211974,-0.9499466944201232,3.557541431149913,2011-04-28,12.0,0,True,False
2011-03-18,2011Q2,-1,diag4,student_t_ar1,3.719610026058384,3.6521014803132474,0.3735354067067755,0.7472055562055026,2.7339190839842376,2.6972149874665394,0.9856909420741466,2011-07-28,12.0,0,True,False
2011-03-25,2011Q1,12,diag4,student_t_ar1,2.6577161800148685,2.6230124452180514,-0.04759484537857323,0.6470830094796246,-0.9454489541211974,-0.9499466944201232,3.603165134136066,2011-04-28,0.0,0,True,False
2011-03-25,2011Q2,0,diag4,student_t_ar1,3.9354094321585764,3.8599457061351057,0.458590720901962,0.7454833817182562,2.7339190839842376,2.6972149874665394,1.2014903481743389,2011-07-28,0.0,0,True,False
2011-04-01,2011Q1,13,diag4,student_t_ar1,2.6862984121118982,2.65085083372758,-0.03620264589839594,0.6473061543319353,-0.9454489541211974,-0.9499466944201232,3.6317473662330957,2011-04-28,11.0,9,True,True
2011-04-01,2011Q2,1,diag4,student_t_ar1,4.055056249077582,3.9749960087773255,0.5056723254102948,0.7435009721016226,2.7339190839842376,2.6972149874665394,1.3211371650933446,2011-07-28,11.0,0,True,False
2011-04-01,2011Q3,-12,diag4,student_t_ar1,4.202555529071983,4.116646826145383,0.5636395589459113,0.7802270787642008,-0.08922107662069356,-0.0892609023136356,4.291776605692677,2011-10-28,11.0,0,True,False
2011-04-08,2011Q1,14,diag4,student_t_ar1,2.6311706384713363,2.5971508000965025,-0.058178109564623263,0.6463443641821385,-0.9454489541211974,-0.9499466944201232,3.5766195925925337,2011-04-28,9.0,0,True,False
2011-04-08,2011Q2,2,diag4,student_t_ar1,3.842641198025132,3.7706501910253247,0.4220486516486497,0.7372634915386077,2.7339190839842376,2.6972149874665394,1.1087221140408943,2011-07-28,9.0,0,True,False
2011-04-08,2011Q3,-11,diag4,student_t_ar1,4.04965741812664,3.9698074372577263,0.5035490257175625,0.7786460352650026,-0.08922107662069356,-0.0892609023136356,4.138878494747333,2011-10-28,9.0,0,True,False
2011-04-15,2011Q1,15,diag4,student_t_ar1,2.6564663373493946,2.621794952446555,-0.04809307538616926,0.6473849868490941,-0.9454489541211974,-0.9499466944201232,3.601915291470592,2011-04-28,6.0,0,True,False
2011-04-15,2011Q2,3,diag4,student_t_ar1,3.9488569360186965,3.872883196897464,0.46388508179815,0.7412186396861723,2.7339190839842376,2.6972149874665394,1.214937852034459,2011-07-28,6.0,0,True,False
2011-04-15,2011Q3,-10,diag4,student_t_ar1,4.04744474337031,3.9676808581430496,0.502678773710106,0.7788494869282344,-0.08922107662069356,-0.0892609023136356,4.136665819991004,2011-10-28,6.0,0,True,False
2011-04-22,2011Q1,16,diag4,student_t_ar1,2.8237703064345254,2.7846368965560986,0.0185461235890454,0.6429828821964227,-0.9454489541211974,-0.9499466944201232,3.769219260555723,2011-04-28,6.0,0,True,False
2011-04-22,2011Q2,4,diag4,student_t_ar1,4.16927215139431,4.08470068608294,0.550566359680499,0.718001203901919,2.7339190839842376,2.6972149874665394,1.4353530674100723,2011-07-28,6.0,0,True,False
2011-04-22,2011Q3,-9,diag4,student_t_ar1,3.9641185887370867,3.8875640052570803,0.4698928540262645,0.7758683346533751,-0.08922107662069356,-0.0892609023136356,4.053339665357781,2011-10-28,6.0,0,True,False
2011-04-29,2011Q2,5,diag4,student_t_ar1,4.313722938455267,4.223273916109562,0.6179277617099743,0.7213505493930787,2.7339190839842376,2.6972149874665394,1.5798038544710291,2011-07-28,6.0,0,True,False
2011-04-29,2011Q3,-8,diag4,student_t_ar1,3.5737015742501654,3.511326580459464,0.3283259595913726,0.77423883332598,-0.08922107662069356,-0.0892609023136356,3.662922650870859,2011-10-28,6.0,0,True,False
2011-05-06,2011Q2,6,diag4,student_t_ar1,4.399819714846576,4.305776258967025,0.6514875855538417,0.7081809462779771,2.7339190839842376,2.6972149874665394,1.665900630862338,2011-07-28,14.0,11,False,True
2011-05-06,2011Q3,-7,diag4,student_t_ar1,3.572164207477879,3.509842247893599,0.327722171411415,0.7695790017037738,-0.08922107662069356,-0.0892609023136356,3.661385284098573,2011-10-28,14.0,0,True,False
2011-05-13,2011Q2,7,diag4,student_t_ar1,4.407804712332641,4.313424444718743,0.654598670132328,0.7088542572531502,2.7339190839842376,2.6972149874665394,1.6738856283484038,2011-07-28,6.0,0,True,False
2011-05-13,2011Q3,-6,diag4,student_t_ar1,3.5678271843369913,3.505654719341173,0.32601879286853686,0.769599138568659,-0.08922107662069356,-0.0892609023136356,3.657048260957685,2011-10-28,6.0,0,True,False
2011-05-20,2011Q2,8,diag4,student_t_ar1,3.072790708569295,3.026525855095216,0.1311215363095727,0.6727149684234422,2.7339190839842376,2.6972149874665394,0.3388716245850576,2011-07-28,9.0,0,True,False
2011-05-20,2011Q3,-5,diag4,student_t_ar1,3.1403351826553294,3.0920352412797003,0.1577690639351752,0.766031297162644,-0.08922107662069356,-0.0892609023136356,3.229556259276023,2011-10-28,9.0,0,True,False
2011-05-27,2011Q2,9,diag4,student_t_ar1,3.066599127184655,3.020518675786649,0.12867797080086563,0.6726888259447495,2.7339190839842376,2.6972149874665394,0.33268004320041733,2011-07-28,4.0,0,True,False
2011-05-27,2011Q3,-4,diag4,student_t_ar1,3.1400937349785663,3.091801144736431,0.15767383950296562,0.7660284086765039,-0.08922107662069356,-0.0892609023136356,3.22931481159926,2011-10-28,4.0,0,True,False
2011-06-03,2011Q2,10,diag4,student_t_ar1,2.8899675857458895,2.8489955361633275,0.05890678429225073,0.6820134414022646,2.7339190839842376,2.6972149874665394,0.15604850176165197,2011-07-28,9.0,6,True,True
2011-06-03,2011Q3,-3,diag4,student_t_ar1,2.818737730062848,2.7797424061895684,0.030736398312168487,0.768180225387142,-0.08922107662069356,-0.0892609023136356,2.9079588066835416,2011-10-28,9.0,0,True,False
2011-06-10,2011Q2,11,diag4,student_t_ar1,2.7783075958358605,2.7404129161338533,0.01473817677779012,0.6799849772469552,2.7339190839842376,2.6972149874665394,0.04438851185162296,2011-07-28,7.0,0,True,False
2011-06-10,2011Q3,-2,diag4,student_t_ar1,2.675394537485287,2.6402316432833888,-0.026012979527244302,0.7658039997963679,-0.08922107662069356,-0.0892609023136356,2.764615614105981,2011-10-28,7.0,0,True,False
2011-06-17,2011Q2,12,diag4,student_t_ar1,2.741687586431185,2.7047764713589926,0.0002421907530993162,0.6596582903463839,2.7339190839842376,2.6972149874665394,0.0077685024469476005,2011-07-28,10.0,0,True,False
2011-06-17,2011Q3,-1,diag4,student_t_ar1,2.4713295255095025,2.4412861517440017,-0.10693887107590465,0.7569653122077487,-0.08922107662069356,-0.0892609023136356,2.560550602130196,2011-10-28,10.0,0,True,False
2011-06-24,2011Q2,13,diag4,student_t_ar1,2.7133687126959183,2.677209494498248,-0.01097134398194329,0.6597725146861705,2.7339190839842376,2.6972149874665394,-0.02055037128831927,2011-07-28,2.0,0,True,False
2011-06-24,2011Q3,0,diag4,student_t_ar1,2.343612875382073,2.3165719437041736,-0.15766939226698198,0.7561381581455525,-0.08922107662069356,-0.0892609023136356,2.4328339520027664,2011-10-28,2.0,0,True,False
2011-07-01,2011Q2,14,diag4,student_t_ar1,2.8251610596522703,2.7859894474383635,0.03327753346777429,0.6594637506468118,2.7339190839842376,2.6972149874665394,0.09124197566803272,2011-07-28,11.0,12,False,True
2011-07-01,2011Q3,1,diag4,student_t_ar1,2.827044921140498,2.7878215323209936,0.03402277831535759,0.7500903440757254,-0.08922107662069356,-0.0892609023136356,2.9162659977611916,2011-10-28,11.0,0,True,False
2011-07-01,2011Q4,-13,diag4,student_t_ar1,3.2771304959791747,3.2245776430579083,0.21168389230804485,0.7855114550630123,4.568438742179692,4.467158724585995,-1.2913082462005177,2012-01-28,11.0,0,True,False
2011-07-08,2011Q2,15,diag4,student_t_ar1,2.8345849503337517,2.795153993122097,0.03700543413220182,0.6586144823276334,2.7339190839842376,2.6972149874665394,0.10066586634951413,2011-07-28,9.0,0,True,False
2011-07-08,2011Q3,2,diag4,student_t_ar1,2.7990254235336742,2.760568667221462,0.02293701613814179,0.7442613257949786,-0.08922107662069356,-0.0892609023136356,2.888246500154368,2011-10-28,9.0,0,True,False
2011-07-08,2011Q4,-12,diag4,student_t_ar1,3.232832025749266,3.1816756248032694,0.19423245850258872,0.783828803139405,4.568438742179692,4.467158724585995,-1.3356067164304264,2012-01-28,9.0,0,True,False
2011-07-15,2011Q2,16,diag4,student_t_ar1,2.8489745134694155,2.8091459360821047,0.04269699542255882,0.6585728711849649,2.7339190839842376,2.6972149874665394,0.115055429485178,2011-07-28,6.0,0,True,False
2011-07-15,2011Q3,3,diag4,student_t_ar1,2.810683398271485,2.7719085740936618,0.027549797592049945,0.7440476912951446,-0.08922107662069356,-0.0892609023136356,2.8999044748921787,2011-10-28,6.0,0,True,False
2011-07-15,2011Q4,-11,diag4,student_t_ar1,3.256333821022772,3.204438848509086,0.2034919504300551,0.7837987994363944,4.568438742179692,4.467158724585995,-1.3121049211569202,2012-01-28,6.0,0,True,False
2011-07-22,2011Q2,17,diag4,student_t_ar1,2.819452628455199,2.780437703489258,0.03101922730936458,0.6554203468909395,2.7339190839842376,2.6972149874665394,0.08553354447096151,2011-07-28,6.0,0,True,False
2011-07-22,2011Q3,4,diag4,student_t_ar1,2.642184696461336,2.6078819132335025,-0.03917201482575084,0.72394824451626,-0.08922107662069356,-0.0892609023136356,2.7314057730820296,2011-10-28,6.0,0,True,False
2011-07-22,2011Q4,-10,diag4,student_t_ar1,3.167696937842601,3.118560389201916,0.16855880954567293,0.7807740407414767,4.568438742179692,4.467158724585995,-1.4007418043370912,2012-01-28,6.0,0,True,False
2011-07-29,2011Q3,5,diag4,student_t_ar1,2.642312806629188,2.6080067255495107,-0.03928201530708556,0.722921538323477,-0.08922107662069356,-0.0892609023136356,2.7315338832498814,2011-10-28,6.0,0,True,False
2011-07-29,2011Q4,-9,diag4,student_t_ar1,3.1585299298322767,3.1096744534141845,0.16576219840162343,0.7782429688859078,4.568438742179692,4.467158724585995,-1.4099088123474157,2012-01-28,6.0,0,True,False
2011-08-05,2011Q3,6,diag4,student_t_ar1,1.9771740029298934,1.9578817967739353,-0.3050044196575155,0.7401049545962746,-0.08922107662069356,-0.0892609023136356,2.066395079550587,2011-10-28,14.0,3,True,True
2011-08-05,2011Q4,-8,diag4,student_t_ar1,2.6220048877091617,2.5882196342377832,-0.04736949702903124,0.7764488635151843,4.568438742179692,4.467158724585995,-1.9464338544705306,2012-01-28,14.0,0,True,False
2011-08-12,2011Q3,7,diag4,student_t_ar1,1.9765283659531674,1.9572486756594403,-0.3052631921754459,0.7400049172843853,-0.08922107662069356,-0.0892609023136356,2.065749442573861,2011-10-28,4.0,0,True,False
2011-08-12,2011Q4,-7,diag4,student_t_ar1,2.621649579866414,2.5878734039548776,-0.047511010050852835,0.776448433516867,4.568438742179692,4.467158724585995,-1.9467891623132783,2012-01-28,4.0,0,True,False
2011-08-19,2011Q3,8,diag4,student_t_ar1,2.842929226644797,2.8032679343557905,0.04052615014519933,0.676729442930195,-0.08922107662069356,-0.0892609023136356,2.9321503032654905,2011-10-28,11.0,0,True,False
2011-08-19,2011Q4,-6,diag4,student_t_ar1,2.6702463659476594,2.6352174910315647,-0.028160291299786117,0.7739095059265589,4.568438742179692,4.467158724585995,-1.898192376232033,2012-01-28,11.0,0,True,False
2011-08-26,2011Q3,9,diag4,student_t_ar1,2.693089228074008,2.6574637816408226,-0.019067672993788188,0.6783342844340151,-0.08922107662069356,-0.0892609023136356,2.7823103046947018,2011-10-28,4.0,0,True,False
2011-08-26,2011Q4,-5,diag4,student_t_ar1,2.387166532423435,2.359119193145001,-0.14100860752979624,0.7741518235837018,4.568438742179692,4.467158724585995,-2.1812722097562576,2012-01-28,4.0,0,True,False
2011-09-02,2011Q3,10,diag4,student_t_ar1,2.725718853840564,2.689232660397018,-0.006082933487625433,0.6750721472527386,-0.08922107662069356,-0.0892609023136356,2.8149399304612577,2011-10-28,8.0,11,True,True
2011-09-02,2011Q4,-4,diag4,student_t_ar1,2.45890461938556,2.4291601653652566,-0.11238110115735156,0.769353813673258,4.568438742179692,4.467158724585995,-2.109534122794132,2012-01-28,8.0,0,True,False
2011-09-09,2011Q3,11,diag4,student_t_ar1,2.8651226674711427,2.8248455446711023,0.04934546200256777,0.6722528636603087,-0.08922107662069356,-0.0892609023136356,2.9543437440918363,2011-10-28,8.0,0,True,False
2011-09-09,2011Q4,-3,diag4,student_t_ar1,2.6670128841248975,2.6320680559657266,-0.029447544596804365,0.7657735880019226,4.568438742179692,4.467158724585995,-1.901425858054795,2012-01-28,8.0,0,True,False
2011-09-16,2011Q3,12,diag4,student_t_ar1,2.794048531047233,2.7557271690214744,0.02109504404519789,0.6700769009451489,-0.08922107662069356,-0.0892609023136356,2.8832696076679265,2011-10-28,8.0,0,True,False
2011-09-16,2011Q4,-2,diag4,student_t_ar1,2.5445238201145415,2.5126897008065865,-0.07824047985623145,0.763011935216597,4.568438742179692,4.467158724585995,-2.023914922065151,2012-01-28,8.0,0,True,False
2011-09-23,2011Q3,13,diag4,student_t_ar1,3.362692085724328,3.307389942803346,0.24657349003561338,0.6561900372390093,-0.08922107662069356,-0.0892609023136356,3.4519131623450217,2011-10-28,4.0,0,True,False
2011-09-23,2011Q4,-1,diag4,student_t_ar1,2.8950034053595752,2.853889790190189,0.06121657539982089,0.7556768323656824,4.568438742179692,4.467158724585995,-1.6734353368201171,2012-01-28,4.0,0,True,False
2011-09-30,2011Q3,14,diag4,student_t_ar1,3.368338944892413,3.3128529438258374,0.24880635590863753,0.6561799420195961,-0.08922107662069356,-0.0892609023136356,3.4575600215131064,2011-10-28,8.0,0,True,False
2011-09-30,2011Q4,0,diag4,student_t_ar1,2.8966030715286584,2.855444436850958,0.06185199857824439,0.7556742363922168,4.568438742179692,4.467158724585995,-1.671835670651034,2012-01-28,8.0,0,True,False
2011-10-07,2011Q3,15,diag4,student_t_ar1,3.496310265086855,3.436577646918243,0.29937575284773893,0.6555649595173654,-0.08922107662069356,-0.0892609023136356,3.5855313417075485,2011-10-28,12.0,24,True,True
2011-10-07,2011Q4,1,diag4,student_t_ar1,3.398866382052379,3.3423812603047596,0.2608753212780739,0.7515993232159452,4.568438742179692,4.467158724585995,-1.1695723601273134,2012-01-28,12.0,0,True,False
2011-10-07,2012Q1,-12,diag4,student_t_ar1,2.8347710568272566,2.795334969517545,0.03728374795887468,0.7870115623228111,3.396793738645587,3.3403767275155727,-0.5620226818183305,2012-04-28,12.0,0,True,False
2011-10-14,2011Q3,16,diag4,student_t_ar1,3.5226758719264284,3.462049327051655,0.30978666894757645,0.6550203528003926,-0.08922107662069356,-0.0892609023136356,3.611896948547122,2011-10-28,6.0,0,True,False
2011-10-14,2011Q4,2,diag4,student_t_ar1,3.4658669606486114,3.4071584505550376,0.2873513876131813,0.7493675997790984,4.568438742179692,4.467158724585995,-1.102571781531081,2012-01-28,6.0,0,True,False
2011-10-14,2012Q1,-11,diag4,student_t_ar1,2.852137039541902,2.8122208111266365,0.04418541598181747,0.7868601704897963,3.396793738645587,3.3403767275155727,-0.544656699103685,2012-04-28,6.0,0,True,False
2011-10-21,2011Q3,17,diag4,student_t_ar1,3.320691653923036,3.2667476505982482,0.22996196335044086,0.6510747378289379,-0.08922107662069356,-0.0892609023136356,3.4099127305437293,2011-10-28,6.0,0,True,False
2011-10-21,2011Q4,3,diag4,student_t_ar1,3.009463864687989,2.9650680202072053,0.10665791333957073,0.7265766607734077,4.568438742179692,4.467158724585995,-1.5589748774917034,2012-01-28,6.0,0,True,False
2011-10-21,2012Q1,-10,diag4,student_t_ar1,2.7910800446441897,2.752839327450621,0.01991471058677249,0.7845472422740561,3.396793738645587,3.3403767275155727,-0.6057136940013974,2012-04-28,6.0,0,True,False
2011-10-28,2011Q4,4,diag4,student_t_ar1,3.114372005749333,3.0668594017586917,0.15871494932721905,0.728987516702834,4.568438742179692,4.467158724585995,-1.4540667364303594,2012-01-28,6.0,0,True,False
2011-10-28,2012Q1,-9,diag4,student_t_ar1,2.441357846114367,2.4120330293597267,-0.10856198971526572,0.7827244694099158,3.396793738645587,3.3403767275155727,-0.9554358925312201,2012-04-28,6.0,0,True,False
2011-11-04,2011Q4,5,diag4,student_t_ar1,2.9456230283968488,2.9030731073367275,0.09186318330894057,0.72257321383929,4.568438742179692,4.467158724585995,-1.6228157137828436,2012-01-28,13.0,11,False,True
2011-11-04,2012Q1,-8,diag4,student_t_ar1,2.32067862141363,2.2941603604262975,-0.1566734395242854,0.77983713001159,3.396793738645587,3.3403767275155727,-1.0761151172319572,2012-04-28,13.0,0,True,False
2011-11-11,2011Q4,6,diag4,student_t_ar1,3.0653243543243613,3.0192818243191293,0.13929546684896107,0.7157585893031119,4.568438742179692,4.467158724585995,-1.503114387855331,2012-01-28,5.0,0,True,False
2011-11-11,2012Q1,-7,diag4,student_t_ar1,2.3978913090123566,2.369593371985752,-0.12588435514684126,0.7783379882482434,3.396793738645587,3.3403767275155727,-0.9989024296332305,2012-04-28,5.0,0,True,False
2011-11-18,2011Q4,7,diag4,student_t_ar1,3.770577419674015,3.7012290031789226,0.41764215879198646,0.6799580734953102,4.568438742179692,4.467158724585995,-0.7978613225056774,2012-01-28,11.0,0,True,False
2011-11-18,2012Q1,-6,diag4,student_t_ar1,2.542838159919447,2.511045854809577,-0.06814846022464187,0.7765458175750688,3.396793738645587,3.3403767275155727,-0.8539555787261399,2012-04-28,11.0,0,True,False
2011-11-25,2011Q4,8,diag4,student_t_ar1,3.732141743205486,3.6641830530697845,0.4025213136848833,0.6791914670878608,4.568438742179692,4.467158724585995,-0.8362969989742064,2012-01-28,0.0,0,True,False
2011-11-25,2012Q1,-5,diag4,student_t_ar1,2.47676863305224,2.4465939419532052,-0.09445544893154827,0.7751063381354016,3.396793738645587,3.3403767275155727,-0.9200251055933473,2012-04-28,0.0,0,True,False
2011-12-02,2011Q4,9,diag4,student_t_ar1,3.84344128258165,3.771420665914125,0.446291910165679,0.6830654532629367,4.568438742179692,4.467158724585995,-0.7249974595980424,2012-01-28,11.0,9,True,True
2011-12-02,2012Q1,-4,diag4,student_t_ar1,2.509418568748467,2.4784496844478885,-0.08145306279717143,0.774817201061461,3.396793738645587,3.3403767275155727,-0.88737516989712,2012-04-28,11.0,0,True,False
2011-12-09,2011Q4,10,diag4,student_t_ar1,3.8285194485311536,3.7570500845186796,0.44042634767532873,0.6799411551620659,4.568438742179692,4.467158724585995,-0.7399192936485388,2012-01-28,9.0,0,True,False
2011-12-09,2012Q1,-3,diag4,student_t_ar1,2.47587390048547,2.445720830432707,-0.09481182213897803,0.7710552597622048,3.396793738645587,3.3403767275155727,-0.9209198381601169,2012-04-28,9.0,0,True,False
2011-12-16,2011Q4,11,diag4,student_t_ar1,3.904175618327388,3.829890012886188,0.4701570273100211,0.6791935718408595,4.568438742179692,4.467158724585995,-0.6642631238523045,2012-01-28,8.0,0,True,False
2011-12-16,2012Q1,-2,diag4,student_t_ar1,2.528076030106363,2.4966487572037304,-0.07402484569318879,0.7707434466026954,3.396793738645587,3.3403767275155727,-0.8687177085392239,2012-04-28,8.0,0,True,False
2011-12-23,2011Q4,12,diag4,student_t_ar1,3.6274369021019437,3.5631943737077063,0.3613013105885603,0.6654970124231887,4.568438742179692,4.467158724585995,-0.9410018400777487,2012-01-28,4.0,0,True,False
2011-12-23,2012Q1,-1,diag4,student_t_ar1,2.333194709981634,2.3063918304491935,-0.15168098655429751,0.7617726067043753,3.396793738645587,3.3403767275155727,-1.063599028663953,2012-04-28,4.0,0,True,False
2011-12-30,2011Q4,13,diag4,student_t_ar1,3.6328185255735557,3.5683874807621394,0.3634209530100221,0.665496624600812,4.568438742179692,4.467158724585995,-0.9356202166061367,2012-01-28,8.0,0,True,False
2011-12-30,2012Q1,0,diag4,student_t_ar1,2.3355828340158036,2.308725478075302,-0.15072847422339533,0.7617833484184914,3.396793738645587,3.3403767275155727,-1.0612109046297835,2012-04-28,8.0,0,True,False
2012-01-06,2011Q4,14,diag4,student_t_ar1,3.7496224083474416,3.681033367847842,0.4093990155393185,0.6650874021846221,4.568438742179692,4.467158724585995,-0.8188163338322507,2012-01-28,10.0,74,True,True
2012-01-06,2012Q1,1,diag4,student_t_ar1,2.761953822885821,2.724499953027098,0.018975944659426067,0.7554554776799081,3.396793738645587,3.3403767275155727,-0.6348399157597662,2012-04-28,10.0,0,True,False
2012-01-06,2012Q2,-12,diag4,student_t_ar1,3.415109151150997,3.3580888729940144,0.277584507597413,0.7910953906537633,1.7973274732638433,1.7813665065292486,1.6177816778871534,2012-07-28,10.0,0,True,False
2012-01-13,2011Q4,15,diag4,student_t_ar1,3.7504924078277213,3.68187192109979,0.4097412832851695,0.6650325699874694,4.568438742179692,4.467158724585995,-0.8179463343519711,2012-01-28,6.0,0,True,False
2012-01-13,2012Q1,2,diag4,student_t_ar1,2.756680256131827,2.719367993310865,0.016881260416305475,0.75522074994371,3.396793738645587,3.3403767275155727,-0.64011348251376,2012-04-28,6.0,0,True,False
2012-01-13,2012Q2,-11,diag4,student_t_ar1,3.4227054815725744,3.3654340776786533,0.28058256006979376,0.791069676727239,1.7973274732638433,1.7813665065292486,1.625378008308731,2012-07-28,6.0,0,True,False
2012-01-20,2011Q4,16,diag4,student_t_ar1,3.784746951025153,3.7148827424083195,0.4232151316921891,0.6612995536040545,4.568438742179692,4.467158724585995,-0.7836917911545394,2012-01-28,8.0,0,True,False
2012-01-20,2012Q1,3,diag4,student_t_ar1,2.8424622680963685,2.8028138831030267,0.05094091796738644,0.7339776650607144,3.396793738645587,3.3403767275155727,-0.5543314705492186,2012-04-28,8.0,0,True,False
2012-01-20,2012Q2,-10,diag4,student_t_ar1,3.4497316239335607,3.3915623941357556,0.29124721369301837,0.7893706360423334,1.7973274732638433,1.7813665065292486,1.6524041506697174,2012-07-28,8.0,0,True,False
2012-01-27,2011Q4,17,diag4,student_t_ar1,3.790343987600231,3.7202755248959916,0.42541627455536746,0.6613035046753094,4.568438742179692,4.467158724585995,-0.7780947545794614,2012-01-28,4.0,0,True,False
2012-01-27,2012Q1,4,diag4,student_t_ar1,2.844534698875445,2.804829013674911,0.05176342291484463,0.7339785522735507,3.396793738645587,3.3403767275155727,-0.5522590397701421,2012-04-28,4.0,0,True,False
2012-01-27,2012Q2,-9,diag4,student_t_ar1,3.4505712834971725,3.3923740503313553,0.2915785030128422,0.7893708692398902,1.7973274732638433,1.7813665065292486,1.6532438102333291,2012-07-28,4.0,0,True,False
2012-02-03,2012Q1,5,diag4,student_t_ar1,2.9803208427144012,2.936772420782782,0.09907491142405862,0.7271304605437745,3.396793738645587,3.3403767275155727,-0.41647289593118586,2012-04-28,12.0,12,False,True
2012-02-03,2012Q2,-8,diag4,student_t_ar1,3.6751898617199963,3.609265145900186,0.37416959706790426,0.7845116952542728,1.7973274732638433,1.7813665065292486,1.877862388456153,2012-07-28,12.0,0,True,False
2012-02-10,2012Q1,6,diag4,student_t_ar1,3.370035295759255,3.3144940042947546,0.2535884048733465,0.7341886261662269,3.396793738645587,3.3403767275155727,-0.026758442886332112,2012-04-28,7.0,0,True,False
2012-02-10,2012Q2,-7,diag4,student_t_ar1,3.940396374171362,3.8647437075132873,0.47867748536279764,0.7830148725164882,1.7973274732638433,1.7813665065292486,2.143068900907519,2012-07-28,7.0,0,True,False
2012-02-17,2012Q1,7,diag4,student_t_ar1,3.3988581520258077,3.342373300810432,0.2649929093750313,0.6838847360258906,3.396793738645587,3.3403767275155727,0.0020644133802205644,2012-04-28,10.0,0,True,False
2012-02-17,2012Q2,-6,diag4,student_t_ar1,3.9860422755299663,3.9086495257327463,0.4966379134981493,0.7813213677736789,1.7973274732638433,1.7813665065292486,2.188714802266123,2012-07-28,10.0,0,True,False
2012-02-24,2012Q1,8,diag4,student_t_ar1,3.390763662188734,3.334544581196571,0.2617904373173702,0.6832131203437587,3.396793738645587,3.3403767275155727,-0.006030076456853273,2012-04-28,2.0,0,True,False
2012-02-24,2012Q2,-5,diag4,student_t_ar1,3.9724865338498505,3.8956125593943947,0.49130491877174215,0.7802376976140534,1.7973274732638433,1.7813665065292486,2.175159060586007,2012-07-28,2.0,0,True,False
2012-03-02,2012Q1,9,diag4,student_t_ar1,3.3109260284961195,3.2572954423217917,0.23019035187212583,0.6808344253730202,3.396793738645587,3.3403767275155727,-0.08586771014946759,2012-04-28,11.0,12,True,True
2012-03-02,2012Q2,-4,diag4,student_t_ar1,3.8645192778054893,3.7917164651115254,0.4488044390953566,0.7772605790684332,1.7973274732638433,1.7813665065292486,2.067191804541646,2012-07-28,11.0,0,True,False
2012-03-09,2012Q1,10,diag4,student_t_ar1,3.3633651659717323,3.3080411236524143,0.25094874334913897,0.6772424050074897,3.396793738645587,3.3403767275155727,-0.033428572673854795,2012-04-28,9.0,0,True,False
2012-03-09,2012Q2,-3,diag4,student_t_ar1,3.9526524374139838,3.8765344463829825,0.4835006893644487,0.7727271601046358,1.7973274732638433,1.7813665065292486,2.1553249641501404,2012-07-28,9.0,0,True,False
2012-03-16,2012Q1,11,diag4,student_t_ar1,3.431456899788432,3.37389551555385,0.27788761207107093,0.6755685891361087,3.396793738645587,3.3403767275155727,0.034663161142844956,2012-04-28,8.0,0,True,False
2012-03-16,2012Q2,-2,diag4,student_t_ar1,4.002173639270601,3.9241613312473294,0.5029832836448044,0.7720123591744114,1.7973274732638433,1.7813665065292486,2.2048461660067575,2012-07-28,8.0,0,True,False
2012-03-23,2012Q1,12,diag4,student_t_ar1,3.282741346749285,3.2300103059671614,0.21902889877697745,0.6620522905831312,3.396793738645587,3.3403767275155727,-0.11405239189630212,2012-04-28,4.0,0,True,False
2012-03-23,2012Q2,-1,diag4,student_t_ar1,3.852123728663348,3.7797814087988204,0.4439221995679152,0.7638680422087195,1.7973274732638433,1.7813665065292486,2.0547962553995047,2012-07-28,4.0,0,True,False
2012-03-30,2012Q1,13,diag4,student_t_ar1,3.284883492239943,3.2320843439413167,0.2198773195898776,0.6620458825802864,3.396793738645587,3.3403767275155727,-0.11191024640564429,2012-04-28,8.0,0,True,False
2012-03-30,2012Q2,0,diag4,student_t_ar1,3.8536882790743743,3.781287914944157,0.444538461750379,0.7638572137440098,1.7973274732638433,1.7813665065292486,2.056360805810531,2012-07-28,8.0,0,True,False
2012-04-06,2012Q1,14,diag4,student_t_ar1,3.3130008317621806,3.2593037317756357,0.2310118771248944,0.6607102739480728,3.396793738645587,3.3403767275155727,-0.08379290688340646,2012-04-28,10.0,19,True,True
2012-04-06,2012Q2,1,diag4,student_t_ar1,3.975439086426369,3.8984522631980276,0.49246654832698494,0.7525826272304607,1.7973274732638433,1.7813665065292486,2.1781116131625256,2012-07-28,10.0,0,True,False
2012-04-06,2012Q3,-12,diag4,student_t_ar1,3.350100436474235,3.295207194834999,0.2456988046037257,0.7905620059587681,0.5773578286532466,0.575697505945138,2.7727426078209882,2012-10-28,10.0,0,True,False
2012-04-13,2012Q1,15,diag4,student_t_ar1,3.3126434840842878,3.258957842784877,0.23087038529959067,0.6610491230807011,3.396793738645587,3.3403767275155727,-0.08415025456129932,2012-04-28,6.0,0,True,False
2012-04-13,2012Q2,2,diag4,student_t_ar1,3.9818214173713784,3.904590381128176,0.49497745076409927,0.7540437038670205,1.7973274732638433,1.7813665065292486,2.184493944107535,2012-07-28,6.0,0,True,False
2012-04-13,2012Q3,-11,diag4,student_t_ar1,3.3355188130958613,3.2810972403490513,0.23992688566871706,0.7906610497221459,0.5773578286532466,0.575697505945138,2.7581609844426147,2012-10-28,6.0,0,True,False
2012-04-20,2012Q1,16,diag4,student_t_ar1,2.8828753376392235,2.8421022571390258,0.0603484569439988,0.6572739662261665,3.396793738645587,3.3403767275155727,-0.5139184010063635,2012-04-28,8.0,0,True,False
2012-04-20,2012Q2,3,diag4,student_t_ar1,2.8491728840476904,2.8093388114976534,0.04694600745616376,0.7336578442926508,1.7973274732638433,1.7813665065292486,1.051845410783847,2012-07-28,8.0,0,True,False
2012-04-20,2012Q3,-10,diag4,student_t_ar1,3.085349362930412,3.038709370499751,0.14077396940715656,0.7892764279429866,0.5773578286532466,0.575697505945138,2.5079915342771653,2012-10-28,8.0,0,True,False
2012-04-27,2012Q1,17,diag4,student_t_ar1,2.884502679186829,2.8436839865300776,0.06099549048555715,0.6572690970604277,3.396793738645587,3.3403767275155727,-0.5122910594587582,2012-04-28,4.0,0,True,False
2012-04-27,2012Q2,4,diag4,student_t_ar1,2.849817618822481,2.809965683582159,0.04720244023615528,0.7336571262528464,1.7973274732638433,1.7813665065292486,1.0524901455586377,2012-07-28,4.0,0,True,False
2012-04-27,2012Q3,-9,diag4,student_t_ar1,3.0855922730231633,3.0389450100043462,0.14087036178884435,0.7892759837499026,0.5773578286532466,0.575697505945138,2.5082344443699167,2012-10-28,4.0,0,True,False
2012-05-04,2012Q2,5,diag4,student_t_ar1,3.0371387425165874,2.9919307567385034,0.11973184088915172,0.7273081776890916,1.7973274732638433,1.7813665065292486,1.239811269252744,2012-07-28,12.0,13,False,True
2012-05-04,2012Q3,-8,diag4,student_t_ar1,3.2764749534388793,3.2239428998019095,0.21505205921738657,0.7851230816239854,0.5773578286532466,0.575697505945138,2.6991171247856327,2012-10-28,12.0,0,True,False
2012-05-11,2012Q2,6,diag4,student_t_ar1,2.7194061710692274,2.683087289196257,-0.007153874516402286,0.7285602871276479,1.7973274732638433,1.7813665065292486,0.9220786978053841,2012-07-28,7.0,0,True,False
2012-05-11,2012Q3,-7,diag4,student_t_ar1,3.053426269266457,3.0077369405711747,0.12622567726328798,0.7833685443716324,0.5773578286532466,0.575697505945138,2.4760684406132105,2012-10-28,7.0,0,True,False
2012-05-18,2012Q2,7,diag4,student_t_ar1,3.4563971927205284,3.398005479052955,0.286564191461478,0.6833944488817649,1.7973274732638433,1.7813665065292486,1.659069719456685,2012-07-28,12.0,0,True,False
2012-05-18,2012Q3,-6,diag4,student_t_ar1,3.2110441290157388,3.160567808751512,0.1890149413504793,0.7819299180177365,0.5773578286532466,0.575697505945138,2.633686300362492,2012-10-28,12.0,0,True,False
2012-05-25,2012Q2,8,diag4,student_t_ar1,3.391266262661019,3.335030697395801,0.26069153730866323,0.6827608952839701,1.7973274732638433,1.7813665065292486,1.5939387893971757,2012-07-28,0.0,0,True,False
2012-05-25,2012Q3,-5,diag4,student_t_ar1,3.108253245942305,3.0609252713000643,0.14807765117573343,0.78094735472536,0.5773578286532466,0.575697505945138,2.5308954172890585,2012-10-28,0.0,0,True,False
2012-06-01,2012Q2,9,diag4,student_t_ar1,3.313864165102709,3.2601393765893474,0.22992307426226952,0.6810120687393695,1.7973274732638433,1.7813665065292486,1.5165366918388656,2012-07-28,11.0,12,False,True
2012-06-01,2012Q3,-4,diag4,student_t_ar1,3.00893885120066,2.964558343906056,0.10848611757092691,0.7774925772410793,0.5773578286532466,0.575697505945138,2.4315810225474133,2012-10-28,11.0,0,True,False
2012-06-08,2012Q2,10,diag4,student_t_ar1,3.256046559974024,3.204160646254845,0.20692468837276945,0.6778382418887989,1.7973274732638433,1.7813665065292486,1.4587190867101807,2012-07-28,9.0,0,True,False
2012-06-08,2012Q3,-3,diag4,student_t_ar1,2.9279508321446768,2.8859050988699866,0.0761720999075783,0.7731799585459563,0.5773578286532466,0.575697505945138,2.35059300349143,2012-10-28,9.0,0,True,False
2012-06-15,2012Q2,11,diag4,student_t_ar1,3.189410543216842,3.139605077915985,0.18040258143855717,0.6801719639553045,1.7973274732638433,1.7813665065292486,1.3920830699529985,2012-07-28,6.0,0,True,False
2012-06-15,2012Q3,-2,diag4,student_t_ar1,2.88172549054424,2.8409846236001655,0.057716904185528314,0.7741445821052122,0.5773578286532466,0.575697505945138,2.3043676618909936,2012-10-28,6.0,0,True,False
2012-06-22,2012Q2,12,diag4,student_t_ar1,3.224831204618539,3.173925056469245,0.19450265312240436,0.6622018126489684,1.7973274732638433,1.7813665065292486,1.4275037313546957,2012-07-28,6.0,0,True,False
2012-06-22,2012Q3,-1,diag4,student_t_ar1,2.6562129951480884,2.621548165738479,-0.03243670069210157,0.7673606060871382,0.5773578286532466,0.575697505945138,2.078855166494842,2012-10-28,6.0,0,True,False
2012-06-29,2012Q2,13,diag4,student_t_ar1,3.226286436083514,3.175334815332879,0.19508184057741207,0.6621968630346864,1.7973274732638433,1.7813665065292486,1.4289589628196708,2012-07-28,4.0,0,True,False
2012-06-29,2012Q3,0,diag4,student_t_ar1,2.656515680100169,2.6218430183314214,-0.032315563008690644,0.7673607246311296,0.5773578286532466,0.575697505945138,2.0791578514469222,2012-10-28,4.0,0,True,False
2012-07-06,2012Q2,14,diag4,student_t_ar1,3.093827115414638,3.0469330452993093,0.1423290639695653,0.6625823745304957,1.7973274732638433,1.7813665065292486,1.2964996421507946,2012-07-28,13.0,7,True,True
2012-07-06,2012Q3,1,diag4,student_t_ar1,2.1705581271427077,2.14733693305023,-0.22726235781812604,0.763365241858415,0.5773578286532466,0.575697505945138,1.593200298489461,2012-10-28,13.0,0,True,False
2012-07-06,2012Q4,-12,diag4,student_t_ar1,2.584452251013558,2.5516197751120813,-0.06116618602782688,0.7926085870916895,0.4633651980530562,0.4622949663000891,2.121087052960502,2013-01-28,13.0,0,True,False
2012-07-13,2012Q2,15,diag4,student_t_ar1,3.0808823641431893,3.0343759753064603,0.13717009841941222,0.6652790576020188,1.7973274732638433,1.7813665065292486,1.283554890879346,2012-07-28,6.0,0,True,False
2012-07-13,2012Q3,2,diag4,student_t_ar1,2.0736973808795023,2.052488974380628,-0.26622983602422595,0.7741493347936717,0.5773578286532466,0.575697505945138,1.4963395522262557,2012-10-28,6.0,0,True,False
2012-07-13,2012Q4,-11,diag4,student_t_ar1,2.5556255841956643,2.523515401445233,-0.07271262923778504,0.793137784243932,0.4633651980530562,0.4622949663000891,2.092260386142608,2013-01-28,6.0,0,True,False
2012-07-20,2012Q2,16,diag4,student_t_ar1,3.167689504606175,3.1185531841979084,0.17175358971366508,0.6568431808814441,1.7973274732638433,1.7813665065292486,1.3703620313423315,2012-07-28,9.0,0,True,False
2012-07-20,2012Q3,3,diag4,student_t_ar1,2.238313167929129,2.2136305756290438,-0.20002617784516846,0.734743309708553,0.5773578286532466,0.575697505945138,1.6609553392758825,2012-10-28,9.0,0,True,False
2012-07-20,2012Q4,-10,diag4,student_t_ar1,2.565473199136914,2.5331171586581447,-0.06876782884162935,0.7906380635360686,0.4633651980530562,0.4622949663000891,2.1021080010838578,2013-01-28,9.0,0,True,False
2012-07-27,2012Q2,17,diag4,student_t_ar1,3.1656326625256748,3.1165594760959276,0.17093449167399205,0.6568390626333441,1.7973274732638433,1.7813665065292486,1.3683051892618314,2012-07-28,4.0,0,True,False
2012-07-27,2012Q3,4,diag4,student_t_ar1,2.2374750312580627,2.212810785004009,-0.20036298186038065,0.7347424180195905,0.5773578286532466,0.575697505945138,1.660117202604816,2012-10-28,4.0,0,True,False
2012-07-27,2012Q4,-9,diag4,student_t_ar1,2.5651650712177787,2.5328167375004593,-0.06889125432256692,0.7906378013397081,0.4633651980530562,0.4622949663000891,2.1017998731647225,2013-01-28,4.0,0,True,False
2012-08-03,2012Q3,5,diag4,student_t_ar1,2.199427457821934,2.175588959186683,-0.21306327466385847,0.7286683296428405,0.5773578286532466,0.575697505945138,1.6220696291686876,2012-10-28,12.0,11,False,True
2012-08-03,2012Q4,-8,diag4,student_t_ar1,2.3586597232824857,2.331273146320539,-0.14884830616566694,0.7854415967716297,0.4633651980530562,0.4622949663000891,1.8952945252294295,2013-01-28,12.0,0,True,False
2012-08-10,2012Q3,6,diag4,student_t_ar1,2.4246950946521517,2.395766057589844,-0.12224695157880493,0.7240530824821786,0.5773578286532466,0.575697505945138,1.8473372659989051,2012-10-28,7.0,0,True,False
2012-08-10,2012Q4,-7,diag4,student_t_ar1,2.5254115963406543,2.4940499876858735,-0.08170783459341334,0.7833279283593445,0.4633651980530562,0.4622949663000891,2.062046398287598,2013-01-28,7.0,0,True,False
2012-08-17,2012Q3,7,diag4,student_t_ar1,2.4789296149367868,2.4487026726721925,-0.10041221593547857,0.6839028373106446,0.5773578286532466,0.575697505945138,1.9015717862835402,2012-10-28,10.0,0,True,False
2012-08-17,2012Q4,-6,diag4,student_t_ar1,2.480586018480646,2.4503189953286753,-0.09974553224473418,0.7818467480563682,0.4633651980530562,0.4622949663000891,2.01722082042759,2013-01-28,10.0,0,True,False
2012-08-24,2012Q3,8,diag4,student_t_ar1,2.5022677058840204,2.4714736305484357,-0.09101989183618278,0.6831146971543341,0.5773578286532466,0.575697505945138,1.9249098772307738,2012-10-28,2.0,0,True,False
2012-08-24,2012Q4,-5,diag4,student_t_ar1,2.521066964644003,2.4898122834075185,-0.08345575807715973,0.7806964476942604,0.4633651980530562,0.4622949663000891,2.057701766590947,2013-01-28,2.0,0,True,False
2012-08-31,2012Q3,9,diag4,student_t_ar1,2.4987372022753807,2.4680292536678827,-0.09244059201744423,0.6831075759070568,0.5773578286532466,0.575697505945138,1.921379373622134,2012-10-28,8.0,0,True,False
2012-08-31,2012Q4,-4,diag4,student_t_ar1,2.52059205311419,2.4893490492217483,-0.08364682801942012,0.7806937648119228,0.4633651980530562,0.4622949663000891,2.057226855061134,2013-01-28,8.0,0,True,False
2012-09-07,2012Q3,10,diag4,student_t_ar1,2.6604675007197542,2.6256925007842242,-0.02740932176908161,0.6796199752872821,0.5773578286532466,0.575697505945138,2.0831096720665077,2012-10-28,12.0,4,True,True
2012-09-07,2012Q4,-3,diag4,student_t_ar1,2.7723519288819887,2.7346180751255047,0.017519148191446777,0.7743523144852273,0.4633651980530562,0.4622949663000891,2.3089867308289325,2013-01-28,12.0,0,True,False
2012-09-14,2012Q3,11,diag4,student_t_ar1,2.7265595942439935,2.6900510892893914,-0.0008633712166722889,0.6801281719126271,0.5773578286532466,0.575697505945138,2.149201765590747,2012-10-28,6.0,0,True,False
2012-09-14,2012Q4,-2,diag4,student_t_ar1,2.820313455779333,2.7812749222242745,0.03676367149101899,0.7745651641312231,0.4633651980530562,0.4622949663000891,2.356948257726277,2013-01-28,6.0,0,True,False
2012-09-21,2012Q3,12,diag4,student_t_ar1,2.000968736913955,1.9812124671804627,-0.29323763624007027,0.6628083414791276,0.5773578286532466,0.575697505945138,1.4236109082607085,2012-10-28,6.0,0,True,False
2012-09-21,2012Q4,-1,diag4,student_t_ar1,2.2576109703497327,2.2325041082524546,-0.18958751536156004,0.7656950700719983,0.4633651980530562,0.4622949663000891,1.7942457722966765,2013-01-28,6.0,0,True,False
2012-09-28,2012Q3,13,diag4,student_t_ar1,1.9932279907860506,1.9736232844921446,-0.29636794212552514,0.6627984756062967,0.5773578286532466,0.575697505945138,1.415870162132804,2012-10-28,4.0,0,True,False
2012-09-28,2012Q4,0,diag4,student_t_ar1,2.256129674532281,2.231055505520131,-0.19018501971017157,0.7656943644835836,0.4633651980530562,0.4622949663000891,1.792764476479225,2013-01-28,4.0,0,True,False
2012-10-05,2012Q3,14,diag4,student_t_ar1,2.116701879902272,2.094610934878575,-0.2464642344897914,0.6627425131513832,0.5773578286532466,0.575697505945138,1.5393440512490253,2012-10-28,13.0,5,True,True
2012-10-05,2012Q4,1,diag4,student_t_ar1,2.7407615603555424,2.703875152458519,0.004838632289690855,0.7580290558114576,0.4633651980530562,0.4622949663000891,2.277396362302486,2013-01-28,13.0,0,True,False
2012-10-05,2013Q1,-12,diag4,student_t_ar1,2.9981228474426302,2.9540577293360673,0.10803129808801724,0.7929083946290469,4.005025807945661,3.9269037062063,-1.006902960503031,2013-04-28,13.0,0,True,False
2012-10-12,2012Q3,15,diag4,student_t_ar1,2.1163905411293538,2.094306049152944,-0.2465899905323759,0.6627417853916581,0.5773578286532466,0.575697505945138,1.5390327124761072,2012-10-28,4.0,0,True,False
2012-10-12,2012Q4,2,diag4,student_t_ar1,2.740703833335423,2.703818965376136,0.004815456835640874,0.7580290551189162,0.4633651980530562,0.4622949663000891,2.2773386352823666,2013-01-28,4.0,0,True,False
2012-10-12,2013Q1,-11,diag4,student_t_ar1,2.998080295004013,2.9540164155273936,0.1080142574047509,0.7929084056447964,4.005025807945661,3.9269037062063,-1.0069455129416482,2013-04-28,4.0,0,True,False
2012-10-19,2012Q3,16,diag4,student_t_ar1,1.9035595626710533,1.8856685550708747,-0.33264657955835375,0.6585383144646745,0.5773578286532466,0.575697505945138,1.3262017340178067,2012-10-28,11.0,0,True,False
2012-10-19,2012Q4,3,diag4,student_t_ar1,2.215921035777013,2.191726277751469,-0.2064071240145183,0.737088763163984,0.4633651980530562,0.4622949663000891,1.752555837723957,2013-01-28,11.0,0,True,False
2012-10-19,2013Q1,-10,diag4,student_t_ar1,2.873342820744984,2.832836421106092,0.05803121373388437,0.7918160933575055,4.005025807945661,3.9269037062063,-1.1316829872006773,2013-04-28,11.0,0,True,False
2012-10-26,2012Q3,17,diag4,student_t_ar1,1.9089446160790668,1.890952876001971,-0.3304669586965836,0.6585377477314224,0.5773578286532466,0.575697505945138,1.3315867874258203,2012-10-28,4.0,0,True,False
2012-10-26,2012Q4,4,diag4,student_t_ar1,2.169800861172333,2.1465957520381966,-0.2250220863966187,0.7357056998731876,0.4633651980530562,0.4622949663000891,1.7064356631192767,2013-01-28,4.0,0,True,False
2012-10-26,2013Q1,-9,diag4,student_t_ar1,2.8387818769688433,2.79923515025043,0.044171716573518476,0.7912299389130184,4.005025807945661,3.9269037062063,-1.166243930976818,2013-04-28,4.0,0,True,False
2012-11-02,2012Q4,5,diag4,student_t_ar1,2.175871153136688,2.1525369514835258,-0.21494623187967585,0.7298034801322291,0.4633651980530562,0.4622949663000891,1.712505955083632,2013-01-28,10.0,12,False,True
2012-11-02,2013Q1,-8,diag4,student_t_ar1,2.676981256736255,2.6417770057315844,-0.012924753290956076,0.7878013863715866,4.005025807945661,3.9269037062063,-1.3280445512094063,2013-04-28,10.0,0,True,False
2012-11-09,2012Q4,6,diag4,student_t_ar1,2.289683966603673,2.2638640893528454,-0.16897601173084287,0.7228565201017093,0.4633651980530562,0.4622949663000891,1.8263187685506166,2013-01-28,9.0,0,True,False
2012-11-09,2013Q1,-7,diag4,student_t_ar1,2.759036025905237,2.7216605379552616,0.02006148558010409,0.7854201947692712,4.005025807945661,3.9269037062063,-1.2459897820404242,2013-04-28,9.0,0,True,False
2012-11-16,2012Q4,7,diag4,student_t_ar1,2.2739876052894514,2.2485179027847115,-0.17531289946984407,0.7192428667740748,0.4633651980530562,0.4622949663000891,1.8106224072363952,2013-01-28,8.0,0,True,False
2012-11-16,2013Q1,-6,diag4,student_t_ar1,2.7448455565256102,2.7078501229957816,0.014358762702423837,0.7845454645033169,4.005025807945661,3.9269037062063,-1.260180251420051,2013-04-28,8.0,0,True,False
2012-11-23,2012Q4,8,diag4,student_t_ar1,2.3521673155979084,2.3249301426009397,-0.1437600584137777,0.6854739515043451,0.4633651980530562,0.4622949663000891,1.8888021175448522,2013-01-28,4.0,0,True,False
2012-11-23,2013Q1,-5,diag4,student_t_ar1,2.6400815798894417,2.605832913473208,-0.02776711666966017,0.783366473348862,4.005025807945661,3.9269037062063,-1.3649442280562196,2013-04-28,4.0,0,True,False
2012-11-30,2012Q4,9,diag4,student_t_ar1,2.361671463786341,2.3342154437334206,-0.13992588693162394,0.6854612867406832,0.4633651980530562,0.4622949663000891,1.898306265733285,2013-01-28,8.0,0,True,False
2012-11-30,2013Q1,-4,diag4,student_t_ar1,2.6462581233961613,2.6118504044738424,-0.02528231923987717,0.7833355590388562,4.005025807945661,3.9269037062063,-1.3587676845495,2013-04-28,8.0,0,True,False
2012-12-07,2012Q4,10,diag4,student_t_ar1,2.2707796204898267,2.245381195995874,-0.17660813713053436,0.6846858049016027,0.4633651980530562,0.4622949663000891,1.8074144224367705,2013-01-28,12.0,3,True,True
2012-12-07,2013Q1,-3,diag4,student_t_ar1,2.516988942151266,2.485834463314331,-0.07731797441108208,0.7774843271003289,4.005025807945661,3.9269037062063,-1.4880368657943954,2013-04-28,12.0,0,True,False
2012-12-14,2012Q4,11,diag4,student_t_ar1,2.2867706622147876,2.2610159567127726,-0.17015208871425475,0.6840785396569182,0.4633651980530562,0.4622949663000891,1.8234054641617314,2013-01-28,6.0,0,True,False
2012-12-14,2013Q1,-2,diag4,student_t_ar1,2.5205441910789883,2.4893023639213516,-0.07588597716934802,0.7772474921765653,4.005025807945661,3.9269037062063,-1.484481616866673,2013-04-28,6.0,0,True,False
2012-12-21,2012Q4,12,diag4,student_t_ar1,2.5445364347792765,2.5127020024522393,-0.0662235843758613,0.6636063273952238,0.4633651980530562,0.4622949663000891,2.0811712367262203,2013-01-28,6.0,0,True,False
2012-12-21,2013Q1,-1,diag4,student_t_ar1,2.6750423159550563,2.639888598938695,-0.013704531498328782,0.7670243177508088,4.005025807945661,3.9269037062063,-1.329983491990605,2013-04-28,6.0,0,True,False
2012-12-28,2012Q4,13,diag4,student_t_ar1,2.5471194513414064,2.5152208924101123,-0.0651834612925748,0.6636054228985279,0.4633651980530562,0.4622949663000891,2.08375425328835,2013-01-28,4.0,0,True,False
2012-12-28,2013Q1,0,diag4,student_t_ar1,2.675500969964717,2.64033530241687,-0.013520074611841288,0.7670248188330667,4.005025807945661,3.9269037062063,-1.3295248379809443,2013-04-28,4.0,0,True,False
2013-01-04,2012Q4,14,diag4,student_t_ar1,2.6213487092010768,2.587580219127293,-0.03530418618792987,0.6635005355533069,0.4633651980530562,0.4622949663000891,2.1579835111480206,2013-01-28,12.0,3,True,True
2013-01-04,2013Q1,1,diag4,student_t_ar1,2.9515475367253297,2.9088279298181243,0.09734835716678364,0.7632456857147977,4.005025807945661,3.9269037062063,-1.0534782712203317,2013-04-28,12.0,0,True,False
2013-01-04,2013Q2,-12,diag4,student_t_ar1,2.9621230059972747,2.919099680356464,0.10158986236128212,0.795699922225398,1.0748507650766292,1.0691153060548295,1.8872722409206455,2013-07-28,12.0,0,True,False
2013-01-11,2012Q4,15,diag4,student_t_ar1,2.6962336998685332,2.660525743918062,-0.005182852812413999,0.6636375670238694,0.4633651980530562,0.4622949663000891,2.232868501815477,2013-01-28,5.0,0,True,False
2013-01-11,2013Q1,2,diag4,student_t_ar1,3.220788934746044,3.1700089938564555,0.20519763131808977,0.7614462663003582,4.005025807945661,3.9269037062063,-0.7842368731996174,2013-04-28,5.0,0,True,False
2013-01-11,2013Q2,-11,diag4,student_t_ar1,3.1624997442307734,3.1135226451426283,0.18187277149077175,0.7937858762399586,1.0748507650766292,1.0691153060548295,2.087648979154144,2013-07-28,5.0,0,True,False
2013-01-18,2012Q4,16,diag4,student_t_ar1,2.61160641686331,2.578086332203415,-0.03922448882313396,0.6587764880220729,0.4633651980530562,0.4622949663000891,2.148241218810254,2013-01-28,11.0,0,True,False
2013-01-18,2013Q1,3,diag4,student_t_ar1,2.9340307033524526,2.8918118439272305,0.09032191932380185,0.7378877411472716,4.005025807945661,3.9269037062063,-1.0709951045932087,2013-04-28,11.0,0,True,False
2013-01-18,2013Q2,-10,diag4,student_t_ar1,3.073385962069408,3.0271033613189378,0.14618773028237497,0.7925837056966916,1.0748507650766292,1.0691153060548295,1.998535196992779,2013-07-28,11.0,0,True,False
2013-01-25,2012Q4,17,diag4,student_t_ar1,2.6108335424460005,2.577333125665713,-0.03953550975673908,0.6587755194297625,0.4633651980530562,0.4622949663000891,2.1474683443929443,2013-01-28,0.0,0,True,False
2013-01-25,2013Q1,4,diag4,student_t_ar1,2.8480864884830037,2.808282506160369,0.055830221077357786,0.737307731014845,4.005025807945661,3.9269037062063,-1.1569393194626576,2013-04-28,0.0,0,True,False
2013-01-25,2013Q2,-9,diag4,student_t_ar1,3.0098537570732997,2.965446521009758,0.12072782376774303,0.7920803055593764,1.0748507650766292,1.0691153060548295,1.9350029919966705,2013-07-28,0.0,0,True,False
2013-02-01,2013Q1,5,diag4,student_t_ar1,3.2575079736335333,3.205575966099433,0.2282141351681395,0.7326660267543762,4.005025807945661,3.9269037062063,-0.747517834312128,2013-04-28,13.0,11,False,True
2013-02-01,2013Q2,-8,diag4,student_t_ar1,2.997481216717879,2.953434773591286,0.12401595792341968,0.7877754916504746,1.0748507650766292,1.0691153060548295,1.9226304516412496,2013-07-28,13.0,0,True,False
2013-02-08,2013Q1,6,diag4,student_t_ar1,3.2502526972126633,3.198549328068686,0.2253103538871865,0.723739183266117,4.005025807945661,3.9269037062063,-0.754773110732998,2013-04-28,10.0,0,True,False
2013-02-08,2013Q2,-7,diag4,student_t_ar1,2.9904030351239896,2.9465623484266814,0.12117590561669712,0.7851766692777525,1.0748507650766292,1.0691153060548295,1.9155522700473604,2013-07-28,10.0,0,True,False
2013-02-15,2013Q1,7,diag4,student_t_ar1,3.3957445807540454,3.339362031434108,0.28350166676877503,0.7222143322831585,4.005025807945661,3.9269037062063,-0.6092812271916159,2013-04-28,6.0,0,True,False
2013-02-15,2013Q2,-6,diag4,student_t_ar1,3.0988168277816808,3.051772900177351,0.16465451222706606,0.7846446703458309,1.0748507650766292,1.0691153060548295,2.0239660627050515,2013-07-28,6.0,0,True,False
2013-02-22,2013Q1,8,diag4,student_t_ar1,2.801701750433061,2.7631720888497044,0.04538927756805118,0.6860873535388619,4.005025807945661,3.9269037062063,-1.2033240575126003,2013-04-28,6.0,0,True,False
2013-02-22,2013Q2,-5,diag4,student_t_ar1,2.9192073213343273,2.877409950436537,0.09259844966434766,0.7828582846308778,1.0748507650766292,1.0691153060548295,1.844356556257698,2013-07-28,6.0,0,True,False
2013-03-01,2013Q1,9,diag4,student_t_ar1,2.8550043235597844,2.81500854518299,0.06681086366838396,0.6854068674868492,4.005025807945661,3.9269037062063,-1.150021484385877,2013-04-28,7.0,3,True,True
2013-03-01,2013Q2,-4,diag4,student_t_ar1,3.0100058926536333,2.965594211218471,0.12904088552239826,0.780423346798049,1.0748507650766292,1.0691153060548295,1.935155127577004,2013-07-28,7.0,0,True,False
2013-03-08,2013Q1,10,diag4,student_t_ar1,2.9956301900053495,2.95163760018104,0.12327327009967486,0.6841089460197712,4.005025807945661,3.9269037062063,-1.0093956179403119,2013-04-28,12.0,0,True,False
2013-03-08,2013Q2,-3,diag4,student_t_ar1,3.2282829327370255,3.177268893769299,0.21651614440909644,0.777074433328997,1.0748507650766292,1.0691153060548295,2.1534321676603962,2013-07-28,12.0,0,True,False
2013-03-15,2013Q1,11,diag4,student_t_ar1,3.0516651061941236,3.0060279453584604,0.14575025916608936,0.6826335981458527,4.005025807945661,3.9269037062063,-0.9533607017515378,2013-04-28,6.0,0,True,False
2013-03-15,2013Q2,-2,diag4,student_t_ar1,3.269612235532904,3.2172976827446442,0.2330581731313953,0.7764761360242021,1.0748507650766292,1.0691153060548295,2.1947614704562746,2013-07-28,6.0,0,True,False
2013-03-22,2013Q1,12,diag4,student_t_ar1,3.0026740040008715,2.95847631084502,0.12609938977810745,0.6663531009751382,4.005025807945661,3.9269037062063,-1.0023518039447898,2013-04-28,7.0,0,True,False
2013-03-22,2013Q2,-1,diag4,student_t_ar1,3.2088709220062794,3.1584621911719237,0.2087442126944213,0.7676738380393289,1.0748507650766292,1.0691153060548295,2.13402015692965,2013-07-28,7.0,0,True,False
2013-03-29,2013Q1,13,diag4,student_t_ar1,3.007035707214789,2.96271077457072,0.12784929584239546,0.6663569331108662,4.005025807945661,3.9269037062063,-0.9979901007308722,2013-04-28,4.0,0,True,False
2013-03-29,2013Q2,0,diag4,student_t_ar1,3.209653813372748,3.15922073875623,0.20905768497894522,0.7676748504767757,1.0748507650766292,1.0691153060548295,2.134803048296119,2013-07-28,4.0,0,True,False
2013-04-05,2013Q1,14,diag4,student_t_ar1,2.9104778588834757,2.8689277313159507,0.08909314470975616,0.6669796177382247,4.005025807945661,3.9269037062063,-1.0945479490621857,2013-04-28,13.0,59,True,True
2013-04-05,2013Q2,1,diag4,student_t_ar1,2.867892564726615,2.8275382551750745,0.07198880754020076,0.7615051572475874,1.0748507650766292,1.0691153060548295,1.793041799649986,2013-07-28,13.0,0,True,False
2013-04-05,2013Q3,-12,diag4,student_t_ar1,3.0736370707808325,3.0273469823111014,0.15456042131762374,0.7953893785953217,3.4493139225505898,3.3911586209990983,-0.3756768517697573,2013-10-28,13.0,0,True,False
2013-04-12,2013Q1,15,diag4,student_t_ar1,2.9095654752086864,2.8680411474244925,0.08872676100011509,0.6669783988068072,4.005025807945661,3.9269037062063,-1.095460332736975,2013-04-28,4.0,0,True,False
2013-04-12,2013Q2,2,diag4,student_t_ar1,2.867546344109839,2.82720168640635,0.07184971938935264,0.7615063859475504,1.0748507650766292,1.0691153060548295,1.79269557903321,2013-07-28,4.0,0,True,False
2013-04-12,2013Q3,-11,diag4,student_t_ar1,3.0733801761046786,3.0270977478767915,0.15445742436776647,0.7953894353955768,3.4493139225505898,3.3911586209990983,-0.37593374644591115,2013-10-28,4.0,0,True,False
2013-04-19,2013Q1,16,diag4,student_t_ar1,3.0323758770164355,2.9873081753636637,0.1380142526354025,0.662693209491303,4.005025807945661,3.9269037062063,-0.9726499309292258,2013-04-28,11.0,0,True,False
2013-04-19,2013Q2,3,diag4,student_t_ar1,3.0084480008844006,2.9640818304197385,0.1284158891822118,0.7394365006621898,1.0748507650766292,1.0691153060548295,1.9335972358077713,2013-07-28,11.0,0,True,False
2013-04-19,2013Q3,-10,diag4,student_t_ar1,3.0583815808373993,3.012545312904207,0.1484435827438254,0.7941775338338433,3.4493139225505898,3.3911586209990983,-0.39093234171319047,2013-10-28,11.0,0,True,False
2013-04-26,2013Q1,17,diag4,student_t_ar1,3.0267339858071285,2.981832182368761,0.1357512805164961,0.6626814925291019,4.005025807945661,3.9269037062063,-0.9782918221385328,2013-04-28,4.0,0,True,False
2013-04-26,2013Q2,4,diag4,student_t_ar1,3.006247549755492,2.9619456224923306,0.12753309422896572,0.739433770675633,1.0748507650766292,1.0691153060548295,1.9313967846788627,2013-07-28,4.0,0,True,False
2013-04-26,2013Q3,-9,diag4,student_t_ar1,3.0576236730202266,3.011809894210017,0.14813966854922667,0.794176861217434,3.4493139225505898,3.3911586209990983,-0.39169024953036313,2013-10-28,4.0,0,True,False
2013-05-03,2013Q2,5,diag4,student_t_ar1,2.690924691653307,2.655355987193256,-0.0038360931109907765,0.7378279628180034,1.0748507650766292,1.0691153060548295,1.6160739265766777,2013-07-28,11.0,2,True,True
2013-05-03,2013Q3,-8,diag4,student_t_ar1,2.9661836052311097,2.923043382221636,0.1071466198438252,0.790178098645594,3.4493139225505898,3.3911586209990983,-0.4831303173194801,2013-10-28,11.0,0,True,False
2013-05-10,2013Q2,6,diag4,student_t_ar1,2.809980313500171,2.771224708222764,0.044202870416209274,0.7293679066633587,1.0748507650766292,1.0691153060548295,1.7351295484235418,2013-07-28,8.0,0,True,False
2013-05-10,2013Q3,-7,diag4,student_t_ar1,3.0571524164672015,3.0113526183543433,0.14375947045614584,0.7878337627212785,3.4493139225505898,3.3911586209990983,-0.3921615060833883,2013-10-28,8.0,0,True,False
2013-05-17,2013Q2,7,diag4,student_t_ar1,2.470041897027553,2.440029569460961,-0.09311003896951171,0.6881166056358252,1.0748507650766292,1.0691153060548295,1.3951911319509236,2013-07-28,10.0,0,True,False
2013-05-17,2013Q3,-6,diag4,student_t_ar1,2.9626309306270526,2.9195929912577276,0.10571609395040868,0.7865842180794522,3.4493139225505898,3.3911586209990983,-0.48668299192353714,2013-10-28,10.0,0,True,False
2013-05-24,2013Q2,8,diag4,student_t_ar1,2.443279453420555,2.413908823788788,-0.10393965318721972,0.6876212835759129,1.0748507650766292,1.0691153060548295,1.3684286883439256,2013-07-28,2.0,0,True,False
2013-05-24,2013Q3,-5,diag4,student_t_ar1,2.923976765692138,2.882044006579632,0.09014835237695101,0.785706064247605,3.4493139225505898,3.3911586209990983,-0.525337156858452,2013-10-28,2.0,0,True,False
2013-05-31,2013Q2,9,diag4,student_t_ar1,2.444888356951136,2.4154793425237786,-0.10328851894185433,0.6876138806023663,1.0748507650766292,1.0691153060548295,1.3700375918745067,2013-07-28,8.0,0,True,False
2013-05-31,2013Q3,-4,diag4,student_t_ar1,2.9257277897017264,2.8837452711147575,0.0908536935961072,0.7856882349604944,3.4493139225505898,3.3911586209990983,-0.5235861328488634,2013-10-28,8.0,0,True,False
2013-06-07,2013Q2,10,diag4,student_t_ar1,2.4964568684684663,2.465804485602133,-0.08242380505391464,0.684698761568418,1.0748507650766292,1.0691153060548295,1.421606103391837,2013-07-28,12.0,11,False,True
2013-06-07,2013Q3,-3,diag4,student_t_ar1,3.005397069868132,2.9611199605362435,0.12293310079091507,0.7791406937876515,3.4493139225505898,3.3911586209990983,-0.44391685268245773,2013-10-28,12.0,0,True,False
2013-06-14,2013Q2,11,diag4,student_t_ar1,2.5113036884057083,2.480288639687669,-0.07641870079751904,0.6834466445124358,1.0748507650766292,1.0691153060548295,1.436452923329079,2013-07-28,6.0,0,True,False
2013-06-14,2013Q3,-2,diag4,student_t_ar1,3.013466636056661,2.9689537734672484,0.12618098555504936,0.7786437190330832,3.4493139225505898,3.3911586209990983,-0.4358472864939289,2013-10-28,6.0,0,True,False
2013-06-21,2013Q2,12,diag4,student_t_ar1,2.4309665396807345,2.401888851541961,-0.10892311208132643,0.6660782567578596,1.0748507650766292,1.0691153060548295,1.3561157746041053,2013-07-28,6.0,0,True,False
2013-06-21,2013Q3,-1,diag4,student_t_ar1,3.0724379781757127,3.026183639662114,0.1499083852395728,0.7699110941370283,3.4493139225505898,3.3911586209990983,-0.37687594437487704,2013-10-28,6.0,0,True,False
2013-06-28,2013Q2,13,diag4,student_t_ar1,2.4370448590674165,2.407822739753171,-0.10646293269192755,0.6660742614085082,1.0748507650766292,1.0691153060548295,1.3621940939907873,2013-07-28,4.0,0,True,False
2013-06-28,2013Q3,0,diag4,student_t_ar1,3.073621798110282,3.027332165067712,0.15038456180887763,0.7699094108964174,3.4493139225505898,3.3911586209990983,-0.37569212444030775,2013-10-28,4.0,0,True,False
2013-07-05,2013Q2,14,diag4,student_t_ar1,2.480711998153362,2.4504419255344514,-0.08879309485204596,0.6651546944589252,1.0748507650766292,1.0691153060548295,1.4058612330767328,2013-07-28,13.0,3,True,True
2013-07-05,2013Q3,1,diag4,student_t_ar1,3.226115609362745,3.175169327579705,0.21167758372865675,0.7601539806935597,3.4493139225505898,3.3911586209990983,-0.22319831318784455,2013-10-28,13.0,0,True,False
2013-07-05,2013Q4,-12,diag4,student_t_ar1,2.953942157809286,2.91115387177102,0.10221725017599262,0.7956880694629774,3.532828598657445,3.4718560953045587,-0.5788864408481587,2014-01-28,13.0,0,True,False
2013-07-12,2013Q2,15,diag4,student_t_ar1,2.4797250914593727,2.4494789038820812,-0.08919236189860576,0.6651533068781537,1.0748507650766292,1.0691153060548295,1.4048743263827435,2013-07-28,4.0,0,True,False
2013-07-12,2013Q3,2,diag4,student_t_ar1,3.225581167678171,3.1746515874081025,0.21146292958386947,0.7601497621480504,3.4493139225505898,3.3911586209990983,-0.22373275487241884,2013-10-28,4.0,0,True,False
2013-07-12,2013Q4,-11,diag4,student_t_ar1,2.9535438541106185,2.9107669954059268,0.10205685193022696,0.7956878431548822,3.532828598657445,3.4718560953045587,-0.5792847445468263,2014-01-28,4.0,0,True,False
2013-07-19,2013Q2,16,diag4,student_t_ar1,2.4202685260659385,2.3914441855665896,-0.11325345182605254,0.6611455159223535,1.0748507650766292,1.0691153060548295,1.3454177609893092,2013-07-28,11.0,0,True,False
2013-07-19,2013Q3,3,diag4,student_t_ar1,3.075415159090289,3.0290720334721652,0.15110590812288752,0.7400843102655584,3.4493139225505898,3.3911586209990983,-0.3738987634603008,2013-10-28,11.0,0,True,False
2013-07-19,2013Q4,-10,diag4,student_t_ar1,2.909199191574907,2.8676852191063187,0.08419522489270401,0.7946046248952265,3.532828598657445,3.4718560953045587,-0.6236294070825377,2014-01-28,11.0,0,True,False
2013-07-26,2013Q2,17,diag4,student_t_ar1,2.423852971200935,2.3949438663083704,-0.11180249047930177,0.6611419611029643,1.0748507650766292,1.0691153060548295,1.3490022061243057,2013-07-28,4.0,0,True,False
2013-07-26,2013Q3,4,diag4,student_t_ar1,3.1295603306929154,3.0815879077554307,0.17287889523172367,0.7385467388540642,3.4493139225505898,3.3911586209990983,-0.3197535918576744,2013-10-28,4.0,0,True,False
2013-07-26,2013Q4,-9,diag4,student_t_ar1,2.9481583198718964,2.9055358252086214,0.0998880181666358,0.7940381881654172,3.532828598657445,3.4718560953045587,-0.5846702787855484,2014-01-28,4.0,0,True,False
2013-08-02,2013Q3,5,diag4,student_t_ar1,3.6208479300061214,3.5568358437894627,0.3766633294993234,0.74429161995111,3.4493139225505898,3.3911586209990983,0.1715340074555316,2013-10-28,10.0,11,False,True
2013-08-02,2013Q4,-8,diag4,student_t_ar1,3.1105979351657265,3.063199252762076,0.17148774729042088,0.7903533850538247,3.532828598657445,3.4718560953045587,-0.42223066349171834,2014-01-28,10.0,0,True,False
2013-08-09,2013Q3,6,diag4,student_t_ar1,3.5794472809787203,3.516873883758273,0.3600535024228025,0.7393323387641441,3.4493139225505898,3.3911586209990983,0.13013335842813056,2013-10-28,9.0,0,True,False
2013-08-09,2013Q4,-7,diag4,student_t_ar1,3.0872379154353924,3.040541381757846,0.16207020823556328,0.7878308537026201,3.532828598657445,3.4718560953045587,-0.4455906832220524,2014-01-28,9.0,0,True,False
2013-08-16,2013Q3,7,diag4,student_t_ar1,3.6334129180656927,3.5689610353522894,0.3817030556531722,0.7321706900894392,3.4493139225505898,3.3911586209990983,0.1840989955151029,2013-10-28,8.0,0,True,False
2013-08-16,2013Q4,-6,diag4,student_t_ar1,3.0740605630223294,3.0277578452470983,0.15675684696138686,0.7876436805373137,3.532828598657445,3.4718560953045587,-0.45876803563511537,2014-01-28,8.0,0,True,False
2013-08-23,2013Q3,8,diag4,student_t_ar1,2.4048792727134227,2.3764174629723582,-0.11396688903891865,0.687566982798895,3.4493139225505898,3.3911586209990983,-1.044434649837167,2013-10-28,4.0,0,True,False
2013-08-23,2013Q4,-5,diag4,student_t_ar1,2.8976681134427196,2.8564794918191465,0.08556654923401977,0.7855113514505563,3.532828598657445,3.4718560953045587,-0.6351604852147252,2014-01-28,4.0,0,True,False
2013-08-30,2013Q3,9,diag4,student_t_ar1,2.39452382926697,2.3663046957489717,-0.11817016922623831,0.6875602669980987,3.4493139225505898,3.3911586209990983,-1.0547900932836196,2013-10-28,8.0,0,True,False
2013-08-30,2013Q4,-4,diag4,student_t_ar1,2.897375496107246,2.8561951143819195,0.0854483503255299,0.7855296430798051,3.532828598657445,3.4718560953045587,-0.6354531025501986,2014-01-28,8.0,0,True,False
2013-09-06,2013Q3,10,diag4,student_t_ar1,2.6257569395008007,2.591875753806292,-0.02441360010711242,0.6843801542454111,3.4493139225505898,3.3911586209990983,-0.8235569830497891,2013-10-28,10.0,13,False,True
2013-09-06,2013Q4,-3,diag4,student_t_ar1,3.2500903997377595,3.1983921394921713,0.22767944731739587,0.7792595227194531,3.532828598657445,3.4718560953045587,-0.2827381989196853,2014-01-28,10.0,0,True,False
2013-09-13,2013Q3,11,diag4,student_t_ar1,2.624074483835903,2.5902363315926213,-0.02509501111531191,0.6834989568531251,3.4493139225505898,3.3911586209990983,-0.8252394387146866,2013-10-28,6.0,0,True,False
2013-09-13,2013Q4,-2,diag4,student_t_ar1,3.2393498843563906,3.187989171305264,0.2233555477255788,0.7788947366996527,3.532828598657445,3.4718560953045587,-0.2934787143010542,2014-01-28,6.0,0,True,False
2013-09-20,2013Q3,12,diag4,student_t_ar1,2.722314714513585,2.6859187914169427,0.014674537492858353,0.6666110854548775,3.4493139225505898,3.3911586209990983,-0.7269992080370047,2013-10-28,8.0,0,True,False
2013-09-20,2013Q4,-1,diag4,student_t_ar1,3.3804482239962574,3.324566946392443,0.2801228640665058,0.7702267130089391,3.532828598657445,3.4718560953045587,-0.15238037466118737,2014-01-28,8.0,0,True,False
2013-09-27,2013Q3,13,diag4,student_t_ar1,2.7193612616586815,2.683043568713412,0.013479477193642304,0.666605784502496,3.4493139225505898,3.3911586209990983,-0.7299526608919082,2013-10-28,4.0,0,True,False
2013-09-27,2013Q4,0,diag4,student_t_ar1,3.379960905055057,3.324095561233883,0.2799269370908518,0.7702264018393091,3.532828598657445,3.4718560953045587,-0.1528676936023876,2014-01-28,4.0,0,True,False
2013-10-04,2013Q3,14,diag4,student_t_ar1,2.708765938243074,2.6727282106663606,0.009191991963683624,0.6661239920765313,3.4493139225505898,3.3911586209990983,-0.7405479843075158,2013-10-28,9.0,13,True,True
2013-10-04,2013Q4,1,diag4,student_t_ar1,3.2823243271700164,3.2296065401339327,0.24065343048919846,0.7644213364870268,3.532828598657445,3.4718560953045587,-0.2505042714874284,2014-01-28,9.0,0,True,False
2013-10-04,2014Q1,-12,diag4,student_t_ar1,3.4250623309984185,3.36771290277873,0.298056090416465,0.7984014511767095,-1.3732548917761767,-1.3827712598634003,4.798317222774595,2014-04-28,9.0,0,True,False
2013-10-11,2013Q3,15,diag4,student_t_ar1,2.678145710274671,2.642911093353977,-0.0032012230360934746,0.6654954655947611,3.4493139225505898,3.3911586209990983,-0.7711682122759189,2013-10-28,7.0,0,True,False
2013-10-11,2013Q4,2,diag4,student_t_ar1,3.174642144096773,3.125292120835571,0.19729608603509274,0.7595742994855368,3.532828598657445,3.4718560953045587,-0.35818645456067166,2014-01-28,7.0,0,True,False
2013-10-11,2014Q1,-11,diag4,student_t_ar1,3.342533242692003,3.287885024082307,0.26487635498811696,0.7963610389564624,-1.3732548917761767,-1.3827712598634003,4.71578813446818,2014-04-28,7.0,0,True,False
2013-10-18,2013Q3,16,diag4,student_t_ar1,2.77577511774898,2.7379488657452002,0.03630036707420009,0.6616997571089095,3.4493139225505898,3.3911586209990983,-0.67353880480161,2013-10-28,12.0,0,True,False
2013-10-18,2013Q4,3,diag4,student_t_ar1,3.3374935053712695,3.2830081741989057,0.26284933646404496,0.7408110844017202,3.532828598657445,3.4718560953045587,-0.19533509328617527,2014-01-28,12.0,0,True,False
2013-10-18,2014Q1,-10,diag4,student_t_ar1,3.341556255626865,3.286939632429262,0.2644834115022519,0.795374558230003,-1.3732548917761767,-1.3827712598634003,4.714811147403042,2014-04-28,12.0,0,True,False
2013-10-25,2013Q3,17,diag4,student_t_ar1,2.7754231491210035,2.7376064025234323,0.03615802533497622,0.6616993944988366,3.4493139225505898,3.3911586209990983,-0.6738907734295863,2013-10-28,0.0,0,True,False
2013-10-25,2013Q4,4,diag4,student_t_ar1,3.2878282074452647,3.2349353644670056,0.24286830810342008,0.7396639344664663,3.532828598657445,3.4718560953045587,-0.2450003912121801,2014-01-28,0.0,0,True,False
2013-10-25,2014Q1,-9,diag4,student_t_ar1,3.3041321580228544,3.2507190867208644,0.2494286694334405,0.7948068859448553,-1.3732548917761767,-1.3827712598634003,4.677387049799031,2014-04-28,0.0,0,True,False
2013-11-01,2013Q4,5,diag4,student_t_ar1,3.273297346155424,3.2208660556608395,0.235280878170207,0.7325559144185094,3.532828598657445,3.4718560953045587,-0.259531252502021,2014-01-28,13.0,10,True,True
2013-11-01,2014Q1,-8,diag4,student_t_ar1,3.3997974533004127,3.3432817218752127,0.28636525875137986,0.7905334683877386,-1.3732548917761767,-1.3827712598634003,4.773052345076589,2014-04-28,13.0,0,True,False
2013-11-08,2013Q4,6,diag4,student_t_ar1,3.3636400797950383,3.308307091635612,0.27177025325006776,0.7244548945544678,3.532828598657445,3.4718560953045587,-0.1691885188624065,2014-01-28,10.0,0,True,False
2013-11-08,2014Q1,-7,diag4,student_t_ar1,3.469419203178714,3.4105916422511475,0.31445386616336957,0.7881279707539954,-1.3732548917761767,-1.3827712598634003,4.842674094954891,2014-04-28,10.0,0,True,False
2013-11-15,2013Q4,7,diag4,student_t_ar1,3.3487255339850197,3.2938768510531307,0.2657484757718286,0.7227855174456175,3.532828598657445,3.4718560953045587,-0.1841030646724251,2014-01-28,6.0,0,True,False
2013-11-15,2014Q1,-6,diag4,student_t_ar1,3.462933568360227,3.4043232799252423,0.3118380620217945,0.7880774069937476,-1.3732548917761767,-1.3827712598634003,4.836188460136404,2014-04-28,6.0,0,True,False
2013-11-22,2013Q4,8,diag4,student_t_ar1,2.687082169306332,2.651614084731403,-0.0022694716242188566,0.6878961689227489,3.532828598657445,3.4718560953045587,-0.845746429351113,2014-01-28,6.0,0,True,False
2013-11-22,2014Q1,-5,diag4,student_t_ar1,3.2595018958118116,3.2075069665333436,0.22970609502103298,0.7861579851930294,-1.3732548917761767,-1.3827712598634003,4.632756787587988,2014-04-28,6.0,0,True,False
2013-11-29,2013Q4,9,diag4,student_t_ar1,2.6885342321037786,2.653028140424006,-0.001679382451829747,0.6878943948483046,3.532828598657445,3.4718560953045587,-0.8442943665536662,2014-01-28,4.0,0,True,False
2013-11-29,2014Q1,-4,diag4,student_t_ar1,3.2596000469090614,3.207602019336041,0.22974576080645454,0.7861577267919037,-1.3732548917761767,-1.3827712598634003,4.632854938685238,2014-04-28,4.0,0,True,False
2013-12-06,2013Q4,10,diag4,student_t_ar1,2.892301843872791,2.851264204045621,0.08104505006668669,0.6831079453318005,3.532828598657445,3.4718560953045587,-0.6405267547846538,2014-01-28,13.0,3,True,True
2013-12-06,2014Q1,-3,diag4,student_t_ar1,3.55867383470605,3.496816304563854,0.3504356453038913,0.7785547717513324,-1.3732548917761767,-1.3827712598634003,4.9319287264822265,2014-04-28,13.0,0,True,False
2013-12-13,2013Q4,11,diag4,student_t_ar1,2.893033488776031,2.8519752798878932,0.0813417838922831,0.6823616086777503,3.532828598657445,3.4718560953045587,-0.6397951098814136,2014-01-28,6.0,0,True,False
2013-12-13,2014Q1,-2,diag4,student_t_ar1,3.5535863353105324,3.4919035105145135,0.3483855233816371,0.7782439373753572,-1.3732548917761767,-1.3827712598634003,4.926841227086709,2014-04-28,6.0,0,True,False
2013-12-20,2013Q4,12,diag4,student_t_ar1,2.7110988295786065,2.6749995502354635,0.0074893448477291,0.6661781797245736,3.532828598657445,3.4718560953045587,-0.8217297690788383,2014-01-28,9.0,0,True,False
2013-12-20,2014Q1,-1,diag4,student_t_ar1,3.3739578422971483,3.3182885972875926,0.27593556190105345,0.7696521743784027,-1.3732548917761767,-1.3827712598634003,4.747212734073325,2014-04-28,9.0,0,True,False
2013-12-27,2013Q4,13,diag4,student_t_ar1,2.7181652007564505,2.68187916518611,0.010360226322779165,0.6661751190854492,3.532828598657445,3.4718560953045587,-0.8146633979009943,2014-01-28,4.0,0,True,False
2013-12-27,2014Q1,0,diag4,student_t_ar1,3.3752737217630724,3.3195615204863795,0.27646675611130717,0.7696511702702843,-1.3732548917761767,-1.3827712598634003,4.748528613539249,2014-04-28,4.0,0,True,False
2014-01-03,2013Q4,14,diag4,student_t_ar1,2.7359106196380933,2.699153506281483,0.01756885445097704,0.6655884575331579,3.532828598657445,3.4718560953045587,-0.7969179790193515,2014-01-28,8.0,29,True,True
2014-01-03,2014Q1,1,diag4,student_t_ar1,3.4490694525883825,3.3909223021277617,0.30624579862008633,0.7643282715021328,-1.3732548917761767,-1.3827712598634003,4.822324344364559,2014-04-28,8.0,0,True,False
2014-01-03,2014Q2,-12,diag4,student_t_ar1,3.1213720045645044,3.0736477486104508,0.17384629011096203,0.7979209761316506,5.268365026582655,5.134276091659679,-2.146993022018151,2014-07-28,8.0,0,True,False
2014-01-10,2013Q4,15,diag4,student_t_ar1,2.64355583733058,2.609217749678553,-0.01996157413088655,0.6657190338182011,3.532828598657445,3.4718560953045587,-0.8892727613268647,2014-01-28,8.0,0,True,False
2014-01-10,2014Q1,2,diag4,student_t_ar1,3.110779192010482,3.063375041370688,0.16955946226887866,0.7623605720831336,-1.3732548917761767,-1.3827712598634003,4.484034083786659,2014-04-28,8.0,0,True,False
2014-01-10,2014Q2,-11,diag4,student_t_ar1,2.872477109000182,2.831994885909798,0.07300391275452024,0.795960325681958,5.268365026582655,5.134276091659679,-2.395887917582473,2014-07-28,8.0,0,True,False
2014-01-17,2013Q4,16,diag4,student_t_ar1,2.678522077930068,2.6432776435706837,-0.0057482905214748335,0.6611347133966862,3.532828598657445,3.4718560953045587,-0.854306520727377,2014-01-28,10.0,0,True,False
2014-01-17,2014Q1,3,diag4,student_t_ar1,3.2733238295399536,3.220891699638334,0.23529157946969306,0.7408506687451036,-1.3732548917761767,-1.3827712598634003,4.64657872131613,2014-04-28,10.0,0,True,False
2014-01-17,2014Q2,-10,diag4,student_t_ar1,2.9387781733394736,2.896423885715343,0.09989030440938436,0.7949697657644343,5.268365026582655,5.134276091659679,-2.329586853243182,2014-07-28,10.0,0,True,False
2014-01-24,2013Q4,17,diag4,student_t_ar1,2.679154154566521,2.643893229652522,-0.005491404824916853,0.6611345173689399,3.532828598657445,3.4718560953045587,-0.8536744440909239,2014-01-28,2.0,0,True,False
2014-01-24,2014Q1,4,diag4,student_t_ar1,3.392253049244154,3.3359851125120734,0.2833203644074973,0.7411549263004624,-1.3732548917761767,-1.3827712598634003,4.7655079410203305,2014-04-28,2.0,0,True,False
2014-01-24,2014Q2,-9,diag4,student_t_ar1,3.024038932039619,2.979216270057928,0.13443978489477318,0.7945899167304178,5.268365026582655,5.134276091659679,-2.2443260945430366,2014-07-28,2.0,0,True,False
2014-01-31,2014Q1,5,diag4,student_t_ar1,3.350155635718788,3.2952606047780755,0.26441454419594246,0.7398828972179268,-1.3732548917761767,-1.3827712598634003,4.7234105274949645,2014-04-28,10.0,0,True,False
2014-01-31,2014Q2,-8,diag4,student_t_ar1,3.1175603977292132,3.069951446664612,0.17002839708864853,0.7913835793515882,5.268365026582655,5.134276091659679,-2.150804628853442,2014-07-28,10.0,0,True,False
2014-02-07,2014Q1,6,diag4,student_t_ar1,3.1090929998449424,3.0617397070572068,0.16658834845023066,0.7270403009745717,-1.3732548917761767,-1.3827712598634003,4.482347891621119,2014-04-28,13.0,11,False,True
2014-02-07,2014Q2,-7,diag4,student_t_ar1,2.958147343992379,2.9152383198419067,0.1052162249160312,0.787281759152429,5.268365026582655,5.134276091659679,-2.3102176825902765,2014-07-28,13.0,0,True,False
2014-02-14,2014Q1,7,diag4,student_t_ar1,2.949668676674877,2.9070029186937956,0.10176626402335551,0.7235772814970903,-1.3732548917761767,-1.3827712598634003,4.322923568451054,2014-04-28,6.0,0,True,False
2014-02-14,2014Q2,-6,diag4,student_t_ar1,2.895585508884646,2.854455514335427,0.07975319061167548,0.786555425024689,5.268365026582655,5.134276091659679,-2.3727795176980093,2014-07-28,6.0,0,True,False
2014-02-21,2014Q1,8,diag4,student_t_ar1,2.1290458135089896,2.1066982696320915,-0.2334960616161065,0.6882803082539813,-1.3732548917761767,-1.3827712598634003,3.5023007052851662,2014-04-28,6.0,0,True,False
2014-02-21,2014Q2,-5,diag4,student_t_ar1,2.6655678628717983,2.6306605625734303,-0.013998627626623197,0.785645430507886,5.268365026582655,5.134276091659679,-2.602797163710857,2014-07-28,6.0,0,True,False
2014-02-28,2014Q1,9,diag4,student_t_ar1,2.124751815837822,2.102493698924816,-0.23525743355776574,0.6882831119815848,-1.3732548917761767,-1.3827712598634003,3.4980067076139987,2014-04-28,4.0,0,True,False
2014-02-28,2014Q2,-4,diag4,student_t_ar1,2.6651306107495776,2.630234662183972,-0.014177045127043857,0.7856472424970906,5.268365026582655,5.134276091659679,-2.603234415833078,2014-07-28,4.0,0,True,False
2014-03-07,2014Q1,10,diag4,student_t_ar1,2.2002217385462153,2.176366143225309,-0.20431090899878449,0.6823297235956532,-1.3732548917761767,-1.3827712598634003,3.573476630322392,2014-04-28,15.0,3,True,True
2014-03-07,2014Q2,-3,diag4,student_t_ar1,2.7746710907210037,2.7368746505845376,0.03049640586347076,0.7787039995763031,5.268365026582655,5.134276091659679,-2.4936939358616517,2014-07-28,15.0,0,True,False
2014-03-14,2014Q1,11,diag4,student_t_ar1,2.2485658482131132,2.223658290210927,-0.18449935948264623,0.6815684800647508,-1.3732548917761767,-1.3827712598634003,3.62182073998929,2014-04-28,6.0,0,True,False
2014-03-14,2014Q2,-2,diag4,student_t_ar1,2.819846696037809,2.7808209644553403,0.048906324397470204,0.7783793391965446,5.268365026582655,5.134276091659679,-2.4485183305448466,2014-07-28,6.0,0,True,False
2014-03-21,2014Q1,12,diag4,student_t_ar1,2.7364231021144825,2.699652339839372,0.014903295813779643,0.6663277001497664,-1.3732548917761767,-1.3827712598634003,4.109677993890659,2014-04-28,7.0,0,True,False
2014-03-21,2014Q2,-1,diag4,student_t_ar1,3.1743084828475876,3.124968725685582,0.19307614638830722,0.7703326611467944,5.268365026582655,5.134276091659679,-2.0940565437350678,2014-07-28,7.0,0,True,False
2014-03-28,2014Q1,13,diag4,student_t_ar1,2.738137134631091,2.701320704540747,0.015602204448702004,0.6663245865990924,-1.3732548917761767,-1.3827712598634003,4.111392026407268,2014-04-28,4.0,0,True,False
2014-03-28,2014Q2,0,diag4,student_t_ar1,3.174663778148523,3.125313089214063,0.19322040659916484,0.7703324906204908,5.268365026582655,5.134276091659679,-2.093701248434132,2014-07-28,4.0,0,True,False
2014-04-04,2014Q1,14,diag4,student_t_ar1,2.7144113256988955,2.6782245597467647,0.005926804929263115,0.6657978304959717,-1.3732548917761767,-1.3827712598634003,4.087666217475072,2014-04-28,12.0,4,True,True
2014-04-04,2014Q2,1,diag4,student_t_ar1,3.090940345479387,3.0441328676033685,0.15921251982125129,0.7646851343849581,5.268365026582655,5.134276091659679,-2.1774246811032683,2014-07-28,12.0,0,True,False
2014-04-04,2014Q3,-12,diag4,student_t_ar1,2.8677156971282924,2.8273663183870594,0.06840502857862879,0.7981273776939736,4.950916534930627,4.832259330312024,-2.083200837802335,2014-10-28,12.0,0,True,False
2014-04-11,2014Q1,15,diag4,student_t_ar1,2.794448351137069,2.7561161208314156,0.03855701137320306,0.6661058118108363,-1.3732548917761767,-1.3827712598634003,4.1677032429132455,2014-04-28,5.0,0,True,False
2014-04-11,2014Q2,2,diag4,student_t_ar1,3.3865520013625083,3.3304709614058288,0.27916480968978313,0.7635003952332122,5.268365026582655,5.134276091659679,-1.881813025220147,2014-07-28,5.0,0,True,False
2014-04-11,2014Q3,-11,diag4,student_t_ar1,3.08489156604419,3.0382652745097833,0.15675447723863253,0.7963443427588356,4.950916534930627,4.832259330312024,-1.8660249688864372,2014-10-28,5.0,0,True,False
2014-04-18,2014Q1,16,diag4,student_t_ar1,3.0817207802152247,3.0351893294834578,0.15546590733681556,0.6613371084897365,-1.3732548917761767,-1.3827712598634003,4.454975671991401,2014-04-28,11.0,0,True,False
2014-04-18,2014Q2,3,diag4,student_t_ar1,4.0291655996552045,3.950111229599025,0.5387435058998733,0.7411985080814256,5.268365026582655,5.134276091659679,-1.2391994269274509,2014-07-28,11.0,0,True,False
2014-04-18,2014Q3,-10,diag4,student_t_ar1,3.1723185151651068,3.1230399636684876,0.19226815253219973,0.7954287831997476,4.950916534930627,4.832259330312024,-1.7785980197655205,2014-10-28,11.0,0,True,False
2014-04-25,2014Q1,17,diag4,student_t_ar1,3.082007085577687,3.0354670751038193,0.1555822600816457,0.661336851396225,-1.3732548917761767,-1.3827712598634003,4.455261977353864,2014-04-28,0.0,0,True,False
2014-04-25,2014Q2,4,diag4,student_t_ar1,4.076600418159804,3.995698452128954,0.5578408312281052,0.7396223810416722,5.268365026582655,5.134276091659679,-1.1917646084228517,2014-07-28,0.0,0,True,False
2014-04-25,2014Q3,-9,diag4,student_t_ar1,3.2068476347834496,3.1565017908332025,0.20628592689917472,0.7948567792311935,4.950916534930627,4.832259330312024,-1.7440689001471776,2014-10-28,0.0,0,True,False
2014-05-02,2014Q2,5,diag4,student_t_ar1,4.544876894610628,4.4446237199670575,0.7544033865736752,0.7430371516243933,5.268365026582655,5.134276091659679,-0.7234881319720277,2014-07-28,13.0,12,False,True
2014-05-02,2014Q3,-8,diag4,student_t_ar1,2.807541170108818,2.768852202831333,0.05792220265504999,0.7934314568593116,4.950916534930627,4.832259330312024,-2.143375364821809,2014-10-28,13.0,0,True,False
2014-05-09,2014Q2,6,diag4,student_t_ar1,4.800341589060286,4.688684533113659,0.85583950859288,0.7398636270903794,5.268365026582655,5.134276091659679,-0.4680234375223691,2014-07-28,10.0,0,True,False
2014-05-09,2014Q3,-7,diag4,student_t_ar1,2.9919318833339092,2.9480467943725466,0.13239874077031785,0.7909930633162453,4.950916534930627,4.832259330312024,-1.958984651596718,2014-10-28,10.0,0,True,False
2014-05-16,2014Q2,7,diag4,student_t_ar1,4.984399845940057,4.8641580235577075,0.9287694892740745,0.7387672653762001,5.268365026582655,5.134276091659679,-0.283965180642598,2014-07-28,8.0,0,True,False
2014-05-16,2014Q3,-6,diag4,student_t_ar1,3.0078274980191333,2.9634794480460425,0.13881283290138247,0.7909978598989627,4.950916534930627,4.832259330312024,-1.943089036911494,2014-10-28,8.0,0,True,False
2014-05-23,2014Q2,8,diag4,student_t_ar1,4.270582267660594,4.181908702780429,0.6452142373774336,0.697601123211235,5.268365026582655,5.134276091659679,-0.9977827589220611,2014-07-28,4.0,0,True,False
2014-05-23,2014Q3,-5,diag4,student_t_ar1,3.03235647716511,2.9872893464732493,0.14870866062968024,0.7891159617551468,4.950916534930627,4.832259330312024,-1.918560057765517,2014-10-28,4.0,0,True,False
2014-05-30,2014Q2,9,diag4,student_t_ar1,4.276355402514365,4.187445235629798,0.6475153213344659,0.6975982971840617,5.268365026582655,5.134276091659679,-0.9920096240682907,2014-07-28,8.0,0,True,False
2014-05-30,2014Q3,-4,diag4,student_t_ar1,3.0355501696260667,2.9903889969847626,0.14999693187424876,0.7890907292058031,4.950916534930627,4.832259330312024,-1.9153663653045605,2014-10-28,8.0,0,True,False
2014-06-06,2014Q2,10,diag4,student_t_ar1,4.219519707117825,4.132925503021693,0.6248559268254086,0.6994906453200408,5.268365026582655,5.134276091659679,-1.0488453194648306,2014-07-28,10.0,31,True,True
2014-06-06,2014Q3,-3,diag4,student_t_ar1,2.9979890343217575,2.953927811232618,0.13484299856051427,0.7883913377955318,4.950916534930627,4.832259330312024,-1.9529275006088698,2014-10-28,10.0,0,True,False
2014-06-13,2014Q2,11,diag4,student_t_ar1,4.216585321965383,4.130109882232547,0.6236857035099757,0.6991112077184581,5.268365026582655,5.134276091659679,-1.0517797046172728,2014-07-28,6.0,0,True,False
2014-06-13,2014Q3,-2,diag4,student_t_ar1,3.0024501480309107,2.958258980357841,0.13664311138570584,0.7882303622596246,4.950916534930627,4.832259330312024,-1.9484663868997165,2014-10-28,6.0,0,True,False
2014-06-20,2014Q2,12,diag4,student_t_ar1,4.192893488621974,4.107374032039296,0.6142362698025349,0.6836926515405591,5.268365026582655,5.134276091659679,-1.0754715379606816,2014-07-28,8.0,0,True,False
2014-06-20,2014Q3,-1,diag4,student_t_ar1,2.939066828414605,2.8967042996424626,0.11105986422940062,0.7801792106917294,4.950916534930627,4.832259330312024,-2.0118497065160224,2014-10-28,8.0,0,True,False
2014-06-27,2014Q2,13,diag4,student_t_ar1,4.192043890069441,4.106558619406086,0.6138973694510532,0.6836888511385584,5.268365026582655,5.134276091659679,-1.0763211365132141,2014-07-28,4.0,0,True,False
2014-06-27,2014Q3,0,diag4,student_t_ar1,2.938959025907173,2.8965995750056566,0.11101633876170885,0.780178910121206,4.950916534930627,4.832259330312024,-2.0119575090234543,2014-10-28,4.0,0,True,False
2014-07-04,2014Q2,14,diag4,student_t_ar1,4.1952047190746855,4.109592230173142,0.6151581933742327,0.6828599313638922,5.268365026582655,5.134276091659679,-1.0731603075079699,2014-07-28,9.0,34,True,True
2014-07-04,2014Q3,1,diag4,student_t_ar1,2.956382144329095,2.9135238224067597,0.11805036443067307,0.7742351768496977,4.950916534930627,4.832259330312024,-1.9945343906015323,2014-10-28,9.0,0,True,False
2014-07-04,2014Q4,-12,diag4,student_t_ar1,3.5320716746526593,3.471124996983411,0.3497995750195699,0.80538271422341,2.0383303103057804,2.017834406173431,1.4937413643468789,2015-01-28,9.0,0,True,False
2014-07-11,2014Q2,15,diag4,student_t_ar1,4.219428867873898,4.132838341534304,0.6248197009227078,0.6822618139145333,5.268365026582655,5.134276091659679,-1.0489361587087576,2014-07-28,7.0,0,True,False
2014-07-11,2014Q3,2,diag4,student_t_ar1,3.0504760624133542,3.0048741060300173,0.15601720718855475,0.7693480746190767,4.950916534930627,4.832259330312024,-1.900440472517273,2014-10-28,7.0,0,True,False
2014-07-11,2014Q4,-11,diag4,student_t_ar1,3.5994411168362994,3.5361749197608074,0.3768355084785982,0.8035407747565141,2.0383303103057804,2.017834406173431,1.561110806530519,2015-01-28,7.0,0,True,False
2014-07-18,2014Q2,16,diag4,student_t_ar1,4.190440576051513,4.105019800995243,0.6132578084741177,0.6785275920994505,5.268365026582655,5.134276091659679,-1.0779244505311425,2014-07-28,12.0,0,True,False
2014-07-18,2014Q3,3,diag4,student_t_ar1,3.013394494652921,2.9688837424010694,0.14105895613008337,0.7510586522968111,4.950916534930627,4.832259330312024,-1.937522040277706,2014-10-28,12.0,0,True,False
2014-07-18,2014Q4,-10,diag4,student_t_ar1,3.6210685849654034,3.557048788123319,0.38551106860205264,0.8026871838169102,2.0383303103057804,2.017834406173431,1.582738274659623,2015-01-28,12.0,0,True,False
2014-07-25,2014Q2,17,diag4,student_t_ar1,4.190890241960976,4.105451380837544,0.6134371809222394,0.6785285858616634,5.268365026582655,5.134276091659679,-1.0774747846216792,2014-07-28,0.0,0,True,False
2014-07-25,2014Q3,4,diag4,student_t_ar1,3.094528327846069,3.0476132121592916,0.1737803586278507,0.7504191004584134,4.950916534930627,4.832259330312024,-1.8563882070845583,2014-10-28,0.0,0,True,False
2014-07-25,2014Q4,-9,diag4,student_t_ar1,3.6791526642795835,3.613087397714914,0.4088017360673994,0.8022816244565233,2.0383303103057804,2.017834406173431,1.6408223539738032,2015-01-28,0.0,0,True,False
2014-08-01,2014Q3,5,diag4,student_t_ar1,3.448355234884648,3.3902318945938568,0.3072586919774615,0.7550411892896286,4.950916534930627,4.832259330312024,-1.5025613000459792,2014-10-28,13.0,8,True,True
2014-08-01,2014Q4,-8,diag4,student_t_ar1,4.105937224836387,4.023882186656279,0.5705314161081144,0.7976341356774571,2.0383303103057804,2.017834406173431,2.0676069145306064,2015-01-28,13.0,0,True,False
2014-08-08,2014Q3,6,diag4,student_t_ar1,3.3735772688007426,3.3179204444134123,0.2772143083271686,0.7494267131632506,4.950916534930627,4.832259330312024,-1.5773392661298846,2014-10-28,10.0,0,True,False
2014-08-08,2014Q4,-7,diag4,student_t_ar1,4.0597052300660685,3.9794637178011665,0.552076171245628,0.7951115134455226,2.0383303103057804,2.017834406173431,2.021374919760288,2015-01-28,10.0,0,True,False
2014-08-15,2014Q3,7,diag4,student_t_ar1,3.288357566398492,3.235447871706161,0.24294812214420328,0.7426478164038022,4.950916534930627,4.832259330312024,-1.6625589685321351,2014-10-28,6.0,0,True,False
2014-08-15,2014Q4,-6,diag4,student_t_ar1,4.030816691053629,3.9516983597912745,0.5405400581382943,0.794945017989758,2.0383303103057804,2.017834406173431,1.9924863807478488,2015-01-28,6.0,0,True,False
2014-08-22,2014Q3,8,diag4,student_t_ar1,2.8363031803637417,2.7968248470243284,0.06070646610621196,0.6967781466058889,4.950916534930627,4.832259330312024,-2.1146133545668855,2014-10-28,6.0,0,True,False
2014-08-22,2014Q4,-5,diag4,student_t_ar1,3.9735942522225676,3.8966779493921546,0.5176798566833002,0.7928203234400593,2.0383303103057804,2.017834406173431,1.9352639419167872,2015-01-28,6.0,0,True,False
2014-08-29,2014Q3,9,diag4,student_t_ar1,2.839689958952163,2.800118161462268,0.06207479162323026,0.6967771036659708,4.950916534930627,4.832259330312024,-2.1112265759784643,2014-10-28,4.0,0,True,False
2014-08-29,2014Q4,-4,diag4,student_t_ar1,3.9737216411627196,3.8968004697907626,0.5177307621740846,0.7928195797090186,2.0383303103057804,2.017834406173431,1.9353913308569393,2015-01-28,4.0,0,True,False
2014-09-05,2014Q3,10,diag4,student_t_ar1,2.9211898665794322,2.8793362440817556,0.09498878325693898,0.6922618821388387,4.950916534930627,4.832259330312024,-2.029726668351195,2014-10-28,13.0,53,True,True
2014-09-05,2014Q4,-3,diag4,student_t_ar1,4.10606545821397,4.024005362434751,0.5705825938999525,0.7847627507844718,2.0383303103057804,2.017834406173431,2.0677351479081896,2015-01-28,13.0,0,True,False
2014-09-12,2014Q3,11,diag4,student_t_ar1,2.920775690045785,2.8789338222213328,0.09482158267205747,0.6922643953883626,4.950916534930627,4.832259330312024,-2.0301408448848424,2014-10-28,4.0,0,True,False
2014-09-12,2014Q4,-2,diag4,student_t_ar1,4.105689781844379,4.023644502531183,0.5704326617196441,0.7847638590404457,2.0383303103057804,2.017834406173431,2.067359471538599,2015-01-28,4.0,0,True,False
2014-09-19,2014Q3,12,diag4,student_t_ar1,2.28644563244067,2.2606981929507306,-0.16204656733372771,0.6745571060276347,4.950916534930627,4.832259330312024,-2.664470902489957,2014-10-28,11.0,0,True,False
2014-09-19,2014Q4,-1,diag4,student_t_ar1,3.794466300825028,3.7242472155217117,0.44603732830670634,0.7769170383794504,2.0383303103057804,2.017834406173431,1.7561359905192475,2015-01-28,11.0,0,True,False
2014-09-26,2014Q3,13,diag4,student_t_ar1,2.2855879141551627,2.259859644034105,-0.16239497253508603,0.6745563585796263,4.950916534930627,4.832259330312024,-2.6653286207754645,2014-10-28,4.0,0,True,False
2014-09-26,2014Q4,0,diag4,student_t_ar1,3.7943351254002167,3.724120835462754,0.44598481918169797,0.7769173068211533,2.0383303103057804,2.017834406173431,1.7560048150944363,2015-01-28,4.0,0,True,False
2014-10-03,2014Q3,14,diag4,student_t_ar1,2.2257500906734284,2.201341787984626,-0.18670831313544678,0.6738226461606388,4.950916534930627,4.832259330312024,-2.725166444257199,2014-10-28,9.0,32,True,True
2014-10-03,2014Q4,1,diag4,student_t_ar1,3.570003183547188,3.5077557350816653,0.35608818361205813,0.772605690154083,2.0383303103057804,2.017834406173431,1.5316728732414076,2015-01-28,9.0,0,True,False
2014-10-03,2015Q1,-12,diag4,student_t_ar1,3.2533754577158014,3.2015737403090805,0.22887390019215123,0.8037099184580785,3.650885031119766,3.585819150769915,-0.39750957340396464,2015-04-28,9.0,0,True,False
2014-10-10,2014Q3,15,diag4,student_t_ar1,2.2105945318105613,2.1865151103519174,-0.19286858775232607,0.6731397438088036,4.950916534930627,4.832259330312024,-2.740322003120066,2014-10-28,7.0,0,True,False
2014-10-10,2014Q4,2,diag4,student_t_ar1,3.507104091774038,3.4470062929678718,0.3308476506002935,0.766894393223702,2.0383303103057804,2.017834406173431,1.4687737814682578,2015-01-28,7.0,0,True,False
2014-10-10,2015Q1,-11,diag4,student_t_ar1,3.2069632208861165,3.156613785376769,0.21019367553180343,0.8016046909746742,3.650885031119766,3.585819150769915,-0.4439218102336495,2015-04-28,7.0,0,True,False
2014-10-17,2014Q3,16,diag4,student_t_ar1,2.1997055402280585,2.1758610566286207,-0.19729519621744196,0.6692331533959301,4.950916534930627,4.832259330312024,-2.7512109947025687,2014-10-28,10.0,0,True,False
2014-10-17,2014Q4,3,diag4,student_t_ar1,3.3423192151341485,3.287677918863611,0.2646489671826518,0.749188301139519,2.0383303103057804,2.017834406173431,1.3039889048283682,2015-01-28,10.0,0,True,False
2014-10-17,2015Q1,-10,diag4,student_t_ar1,3.1189962201725763,3.0713438500938826,0.17476522480813772,0.8009813551297598,3.650885031119766,3.585819150769915,-0.5318888109471898,2015-04-28,10.0,0,True,False
2014-10-24,2014Q3,17,diag4,student_t_ar1,2.19967723574388,2.1758333613549885,-0.19730670321148272,0.6692330488527573,4.950916534930627,4.832259330312024,-2.7512392991867474,2014-10-28,2.0,0,True,False
2014-10-24,2014Q4,4,diag4,student_t_ar1,3.342809438683214,3.2881522863735024,0.2648460601661676,0.7476492597529528,2.0383303103057804,2.017834406173431,1.3044791283774337,2015-01-28,2.0,0,True,False
2014-10-24,2015Q1,-9,diag4,student_t_ar1,3.117541045609329,3.06993267961695,0.17417890345655182,0.8004194586619329,3.650885031119766,3.585819150769915,-0.5333439855104372,2015-04-28,2.0,0,True,False
2014-10-31,2014Q4,5,diag4,student_t_ar1,3.2132507012445632,3.1627057084892582,0.20526924171876146,0.748804026907411,2.0383303103057804,2.017834406173431,1.1749203909387829,2015-01-28,10.0,0,True,False
2014-10-31,2015Q1,-8,diag4,student_t_ar1,3.422160694420495,3.3649073185067637,0.2893472038483829,0.7977875115400118,3.650885031119766,3.585819150769915,-0.22872433669927084,2015-04-28,10.0,0,True,False
2014-11-07,2014Q4,6,diag4,student_t_ar1,3.323876497931355,3.269830087303039,0.24981290022021713,0.73938358108484,2.0383303103057804,2.017834406173431,1.2855461876255747,2015-01-28,13.0,9,True,True
2014-11-07,2015Q1,-7,diag4,student_t_ar1,3.4724766420787256,3.4135465189209953,0.30957199261286805,0.7974309721790128,3.650885031119766,3.585819150769915,-0.1784083890410404,2015-04-28,13.0,0,True,False
2014-11-14,2014Q4,7,diag4,student_t_ar1,3.3002153594859474,3.246927493190092,0.24028971472069657,0.7379623231385194,2.0383303103057804,2.017834406173431,1.261885049180167,2015-01-28,6.0,0,True,False
2014-11-14,2015Q1,-6,diag4,student_t_ar1,3.4617878377815714,3.403215891140679,0.3052763881851217,0.7973981479339378,3.650885031119766,3.585819150769915,-0.18909719333819464,2015-04-28,6.0,0,True,False
2014-11-21,2014Q4,8,diag4,student_t_ar1,2.9389484287821954,2.896589280433378,0.09461469768117733,0.7034195940372518,2.0383303103057804,2.017834406173431,0.900618118476415,2015-01-28,6.0,0,True,False
2014-11-21,2015Q1,-5,diag4,student_t_ar1,3.577469595016547,3.5149645234607165,0.351742869215751,0.7964424254635257,3.650885031119766,3.585819150769915,-0.0734154361032191,2015-04-28,6.0,0,True,False
2014-11-28,2014Q4,9,diag4,student_t_ar1,2.9378527300169877,2.895524858644188,0.09417209776877458,0.7034220283795212,2.0383303103057804,2.017834406173431,0.8995224197112073,2015-01-28,4.0,0,True,False
2014-11-28,2015Q1,-4,diag4,student_t_ar1,3.5774180264446676,3.514914736007024,0.3517221669688908,0.7964431419023879,3.650885031119766,3.585819150769915,-0.07346700467509848,2015-04-28,4.0,0,True,False
2014-12-05,2014Q4,10,diag4,student_t_ar1,2.963693102824627,2.9206245953545595,0.10460888268070184,0.6979049272751946,2.0383303103057804,2.017834406173431,0.9253627925188468,2015-01-28,13.0,5,True,True
2014-12-05,2015Q1,-3,diag4,student_t_ar1,3.632987764652329,3.5685507870805324,0.3740247088257557,0.7890128834251033,3.650885031119766,3.585819150769915,-0.017897266467437056,2015-04-28,13.0,0,True,False
2014-12-12,2014Q4,11,diag4,student_t_ar1,2.9638287609960567,2.9207563486726045,0.10466366736062628,0.6979038879821114,2.0383303103057804,2.017834406173431,0.9254984506902764,2015-01-28,4.0,0,True,False
2014-12-12,2015Q1,-2,diag4,student_t_ar1,3.632913847560104,3.568479461221681,0.37399505064025035,0.7890126573606384,3.650885031119766,3.585819150769915,-0.017971183559661874,2015-04-28,4.0,0,True,False
2014-12-19,2014Q4,12,diag4,student_t_ar1,3.0986015093187103,3.051564053272571,0.1590551493704212,0.6815963685845354,2.0383303103057804,2.017834406173431,1.0602711990129299,2015-01-28,11.0,0,True,False
2014-12-19,2015Q1,-1,diag4,student_t_ar1,3.6068745491154797,3.5433498287479908,0.3635458346954747,0.7827893004205196,3.650885031119766,3.585819150769915,-0.044010482004286366,2015-04-28,11.0,0,True,False
2014-12-26,2014Q4,13,diag4,student_t_ar1,3.072810962159278,3.0265455048862493,0.14865212358056154,0.6816548208346014,2.0383303103057804,2.017834406173431,1.0344806518534977,2015-01-28,4.0,0,True,False
2014-12-26,2015Q1,0,diag4,student_t_ar1,3.5187803822579466,3.4582863225409395,0.32817536334823816,0.7824638064409152,3.650885031119766,3.585819150769915,-0.13210464886181938,2015-04-28,4.0,0,True,False
2015-01-02,2014Q4,14,diag4,student_t_ar1,3.0412531228402484,2.9959237812249158,0.13591922732855619,0.6816512597926462,2.0383303103057804,2.017834406173431,1.002922812534468,2015-01-28,8.0,4,True,True
2015-01-02,2015Q1,1,diag4,student_t_ar1,3.3887359669746875,3.3325833662620576,0.27590649963007924,0.7800145557829442,3.650885031119766,3.585819150769915,-0.26214906414507855,2015-04-28,8.0,0,True,False
2015-01-02,2015Q2,-12,diag4,student_t_ar1,3.1887733731119194,3.1389875997573675,0.19540695502592298,0.8066583254910198,2.5007353109643082,2.469978633014557,0.6880380621476112,2015-07-28,8.0,0,True,False
2015-01-09,2014Q4,15,diag4,student_t_ar1,3.0439571898976947,2.9985480035584966,0.13701041184466076,0.6809716884662349,2.0383303103057804,2.017834406173431,1.0056268795919143,2015-01-28,8.0,0,True,False
2015-01-09,2015Q1,2,diag4,student_t_ar1,3.4025372430445566,3.345931391907561,0.2814567758847079,0.7737776852307623,3.650885031119766,3.585819150769915,-0.2483477880752094,2015-04-28,8.0,0,True,False
2015-01-09,2015Q2,-11,diag4,student_t_ar1,3.1983068116275604,3.1482260060702965,0.19924840008686612,0.8042858675829452,2.5007353109643082,2.469978633014557,0.6975715006632521,2015-07-28,8.0,0,True,False
2015-01-16,2014Q4,16,diag4,student_t_ar1,3.0037311350865625,2.95950261979399,0.12077485221086495,0.6819652296950764,2.0383303103057804,2.017834406173431,0.9654008247807822,2015-01-28,8.0,0,True,False
2015-01-16,2015Q1,3,diag4,student_t_ar1,3.237602982059107,3.1862970673943063,0.21507882424598865,0.7779510577926056,3.650885031119766,3.585819150769915,-0.41328204906065924,2015-04-28,8.0,0,True,False
2015-01-16,2015Q2,-10,diag4,student_t_ar1,3.15477190997393,3.1060314310542707,0.18170336728536798,0.8045590541622111,2.5007353109643082,2.469978633014557,0.654036599009622,2015-07-28,8.0,0,True,False
2015-01-23,2014Q4,17,diag4,student_t_ar1,2.9531518125100353,2.910386200017692,0.1003516296582026,0.6764953864535923,2.0383303103057804,2.017834406173431,0.914821502204255,2015-01-28,4.0,0,True,False
2015-01-23,2015Q1,4,diag4,student_t_ar1,3.1366769106236925,3.0884882905119926,0.17440870971058114,0.7514103844545739,3.650885031119766,3.585819150769915,-0.5142081204960736,2015-04-28,4.0,0,True,False
2015-01-23,2015Q2,-9,diag4,student_t_ar1,3.1527950777245684,3.104115037702057,0.180906506925656,0.8032721457041387,2.5007353109643082,2.469978633014557,0.6520597667602601,2015-07-28,4.0,0,True,False
2015-01-30,2015Q1,5,diag4,student_t_ar1,3.1710082226445557,3.1217699516537682,0.19125076509902572,0.7502471855381193,3.650885031119766,3.585819150769915,-0.4798768084752103,2015-04-28,10.0,0,True,False
2015-01-30,2015Q2,-8,diag4,student_t_ar1,3.069650439358629,3.0234791567118795,0.15022004622673873,0.800731646531047,2.5007353109643082,2.469978633014557,0.5689151283943206,2015-07-28,10.0,0,True,False
2015-02-06,2015Q1,6,diag4,student_t_ar1,2.900348494918048,2.859084358007501,0.08159473117365075,0.7395760640863189,3.650885031119766,3.585819150769915,-0.750536536201718,2015-04-28,11.0,11,False,True
2015-02-06,2015Q2,-7,diag4,student_t_ar1,2.900730569963761,2.8594556631993404,0.0817497296040855,0.7968588993529275,2.5007353109643082,2.469978633014557,0.39999525899945265,2015-07-28,11.0,0,True,False
2015-02-13,2015Q1,7,diag4,student_t_ar1,2.8539088368506826,2.8139434608438885,0.06275101887833323,0.7609112801536555,3.650885031119766,3.585819150769915,-0.7969761942690834,2015-04-28,6.0,0,True,False
2015-02-13,2015Q2,-6,diag4,student_t_ar1,2.8533038536720623,2.813355262529685,0.06250548012075677,0.7974586854100555,2.5007353109643082,2.469978633014557,0.35256854270775406,2015-07-28,6.0,0,True,False
2015-02-20,2015Q1,8,diag4,student_t_ar1,1.4870576629858911,1.4761093654070505,-0.49571729649222274,0.7003987911977659,3.650885031119766,3.585819150769915,-2.163827368133875,2015-04-28,8.0,0,True,False
2015-02-20,2015Q2,-5,diag4,student_t_ar1,2.6726305292809727,2.637539620115813,-0.010887376265226123,0.7958236244988115,2.5007353109643082,2.469978633014557,0.17189521831666443,2015-07-28,8.0,0,True,False
2015-02-27,2015Q1,9,diag4,student_t_ar1,1.4871834796670758,1.4762333384594568,-0.49566554491707243,0.7003983416123901,3.650885031119766,3.585819150769915,-2.1637015514526903,2015-04-28,4.0,0,True,False
2015-02-27,2015Q2,-4,diag4,student_t_ar1,2.6726400650430193,2.6375489076557885,-0.010883499254749476,0.7958236098140045,2.5007353109643082,2.469978633014557,0.1719047540787111,2015-07-28,4.0,0,True,False
2015-03-06,2015Q1,10,diag4,student_t_ar1,1.5400432916331752,1.528304988159951,-0.4739286445151543,0.6956022587116875,3.650885031119766,3.585819150769915,-2.110841739486591,2015-04-28,10.0,11,False,True
2015-03-06,2015Q2,-3,diag4,student_t_ar1,2.7754420223986553,2.7376247661315185,0.030892380342603595,0.7886120018127862,2.5007353109643082,2.469978633014557,0.2747067114343471,2015-07-28,10.0,0,True,False
2015-03-13,2015Q1,11,diag4,student_t_ar1,1.5370402311726927,1.5253474309520108,-0.4751632534978108,0.6958873622183486,3.650885031119766,3.585819150769915,-2.1138447999470733,2015-04-28,8.0,0,True,False
2015-03-13,2015Q2,-2,diag4,student_t_ar1,2.790239580427234,2.75202168096551,0.03690225914693102,0.7887103566407981,2.5007353109643082,2.469978633014557,0.28950426946292573,2015-07-28,8.0,0,True,False
2015-03-20,2015Q1,12,diag4,student_t_ar1,0.7558935403649159,0.7530509806397012,-0.7975523292761075,0.6790921070725433,3.650885031119766,3.585819150769915,-2.89499149075485,2015-04-28,10.0,0,True,False
2015-03-20,2015Q2,-1,diag4,student_t_ar1,2.196876833267569,2.173093195319172,-0.20476688144509952,0.7810621781546252,2.5007353109643082,2.469978633014557,-0.303858477696739,2015-07-28,10.0,0,True,False
2015-03-27,2015Q1,13,diag4,student_t_ar1,0.7552489691802222,0.7524112431277479,-0.7978193826662091,0.679091149345991,3.650885031119766,3.585819150769915,-2.895636061939544,2015-04-28,4.0,0,True,False
2015-03-27,2015Q2,0,diag4,student_t_ar1,2.196757591346654,2.172976516616104,-0.2048155880515199,0.7810622317690655,2.5007353109643082,2.469978633014557,-0.3039777196176541,2015-07-28,4.0,0,True,False
2015-04-03,2015Q1,14,diag4,student_t_ar1,0.7111820800099977,0.7086651067183225,-0.8160808630604317,0.6792587623201697,3.650885031119766,3.585819150769915,-2.9397029511097683,2015-04-28,8.0,7,True,True
2015-04-03,2015Q2,1,diag4,student_t_ar1,2.0697386183509803,2.0486105616267385,-0.25673117729331046,0.7821316835630733,2.5007353109643082,2.469978633014557,-0.43099669261332796,2015-07-28,8.0,0,True,False
2015-04-03,2015Q3,-12,diag4,student_t_ar1,2.737545096120675,2.7007444431515806,0.015496979735622826,0.8122107231909439,1.6106176842981101,1.59778484627612,1.1269274118225647,2015-10-28,8.0,0,True,False
2015-04-10,2015Q1,15,diag4,student_t_ar1,0.70359680519676,0.7011331124338838,-0.81922503480322,0.6784635547680848,3.650885031119766,3.585819150769915,-2.947288225923006,2015-04-28,8.0,0,True,False
2015-04-10,2015Q2,2,diag4,student_t_ar1,2.0557970291035677,2.0349507427071014,-0.2624333612085929,0.7753232090305524,2.5007353109643082,2.469978633014557,-0.4449382818607406,2015-07-28,8.0,0,True,False
2015-04-10,2015Q3,-11,diag4,student_t_ar1,2.725868695828071,2.689378526378679,0.010752367220173458,0.8097736027446707,1.6106176842981101,1.59778484627612,1.1152510115299608,2015-10-28,8.0,0,True,False
2015-04-17,2015Q1,16,diag4,student_t_ar1,0.5222640958790548,0.520905026849158,-0.8944598308681959,0.6744790205586946,3.650885031119766,3.585819150769915,-3.1286209352407113,2015-04-28,10.0,0,True,False
2015-04-17,2015Q2,3,diag4,student_t_ar1,1.569229403437844,1.5570443082493706,-0.46193164150112026,0.7554821181742972,2.5007353109643082,2.469978633014557,-0.9315059075264642,2015-07-28,10.0,0,True,False
2015-04-17,2015Q3,-10,diag4,student_t_ar1,2.616431697656707,2.5827886924058783,-0.03374272018823951,0.8090094248351917,1.6106176842981101,1.59778484627612,1.0058140133585969,2015-10-28,10.0,0,True,False
2015-04-24,2015Q1,17,diag4,student_t_ar1,0.5224273645798583,0.521067447154445,-0.8943920297898822,0.6744790306811863,3.650885031119766,3.585819150769915,-3.1284576665399078,2015-04-28,2.0,0,True,False
2015-04-24,2015Q2,4,diag4,student_t_ar1,1.6263687804622284,1.613285072361575,-0.43845437709589524,0.7537535828970264,2.5007353109643082,2.469978633014557,-0.8743665305020798,2015-07-28,2.0,0,True,False
2015-04-24,2015Q3,-9,diag4,student_t_ar1,2.6511754043220925,2.616640801355449,-0.019611423698420206,0.8084854258263217,1.6106176842981101,1.59778484627612,1.0405577200239824,2015-10-28,2.0,0,True,False
2015-05-01,2015Q2,5,diag4,student_t_ar1,1.4810226972090224,1.4701626512557953,-0.5031728365593436,0.7505006885605428,2.5007353109643082,2.469978633014557,-1.0197126137552859,2015-07-28,13.0,11,False,True
2015-05-01,2015Q3,-8,diag4,student_t_ar1,2.91654068763485,2.874818919747822,0.08528514364333042,0.8051510259755911,1.6106176842981101,1.59778484627612,1.3059230033367397,2015-10-28,13.0,0,True,False
2015-05-08,2015Q2,6,diag4,student_t_ar1,1.9007587156769645,1.8829199901553388,-0.33025483846190756,0.7510654745759703,2.5007353109643082,2.469978633014557,-0.5999765952873437,2015-07-28,10.0,0,True,False
2015-05-08,2015Q3,-7,diag4,student_t_ar1,3.213100695116511,3.162560372269303,0.20582976211654044,0.8031719025835516,1.6106176842981101,1.59778484627612,1.6024830108184007,2015-10-28,10.0,0,True,False
2015-05-15,2015Q2,7,diag4,student_t_ar1,1.877403259881505,1.859997557573458,-0.33985782011730326,0.7506387809156142,2.5007353109643082,2.469978633014557,-0.6233320510828033,2015-07-28,6.0,0,True,False
2015-05-15,2015Q3,-6,diag4,student_t_ar1,3.180110767026778,3.1305923359787973,0.19243727137803945,0.8031257997285058,1.6106176842981101,1.59778484627612,1.569493082728668,2015-10-28,6.0,0,True,False
2015-05-22,2015Q2,8,diag4,student_t_ar1,0.5833670369021382,0.5816720402432218,-0.8753915794029538,0.7044496349044864,2.5007353109643082,2.469978633014557,-1.91736827406217,2015-07-28,6.0,0,True,False
2015-05-22,2015Q3,-5,diag4,student_t_ar1,3.0116060584175264,2.9671476072420746,0.1239647510151464,0.8012905782854194,1.6106176842981101,1.59778484627612,1.4009883741194162,2015-10-28,6.0,0,True,False
2015-05-29,2015Q2,9,diag4,student_t_ar1,0.586015229785608,0.5843048393837078,-0.8742886108694825,0.7044414992757366,2.5007353109643082,2.469978633014557,-1.9147200811787002,2015-07-28,4.0,0,True,False
2015-05-29,2015Q3,-4,diag4,student_t_ar1,3.011746000675064,2.9672834581115444,0.12402166353534799,0.8012885067786304,1.6106176842981101,1.59778484627612,1.401128316376954,2015-10-28,4.0,0,True,False
2015-06-05,2015Q2,10,diag4,student_t_ar1,1.0084433428015904,1.0033924812576878,-0.6987186349280954,0.7134988971783744,2.5007353109643082,2.469978633014557,-1.4922919681627178,2015-07-28,13.0,3,True,True
2015-06-05,2015Q3,-3,diag4,student_t_ar1,3.6137979950942034,3.5500320249751285,0.36815473175615476,0.8003388116281195,1.6106176842981101,1.59778484627612,2.0031803107960933,2015-10-28,13.0,0,True,False
2015-06-12,2015Q2,11,diag4,student_t_ar1,1.008252586358216,1.0032036291011726,-0.6987977514785801,0.7134855555423888,2.5007353109643082,2.469978633014557,-1.4924827246060923,2015-07-28,4.0,0,True,False
2015-06-12,2015Q3,-2,diag4,student_t_ar1,3.6136702477170157,3.5499087330406587,0.3681030805982445,0.8003365666610232,1.6106176842981101,1.59778484627612,2.0030525634189056,2015-10-28,4.0,0,True,False
2015-06-19,2015Q2,12,diag4,student_t_ar1,0.13263565680816658,0.13254777342209945,-1.063544912600473,0.6867821317607247,2.5007353109643082,2.469978633014557,-2.3680996541561417,2015-07-28,11.0,0,True,False
2015-06-19,2015Q3,-1,diag4,student_t_ar1,2.9799430733326027,2.9364055836321485,0.11108587842074227,0.7884201150823664,1.6106176842981101,1.59778484627612,1.3693253890344925,2015-10-28,11.0,0,True,False
2015-06-26,2015Q2,13,diag4,student_t_ar1,0.13064058756966368,0.13055532700259498,-1.0643796157388732,0.6867854553178864,2.5007353109643082,2.469978633014557,-2.3700947233946446,2015-07-28,4.0,0,True,False
2015-06-26,2015Q3,0,diag4,student_t_ar1,2.9796053734320704,2.9360776552568106,0.11094849814221354,0.7884211786226589,1.6106176842981101,1.59778484627612,1.3689876891339603,2015-10-28,4.0,0,True,False
2015-07-03,2015Q2,14,diag4,student_t_ar1,0.16528499426649024,0.16514854894825426,-1.049887346013199,0.6900564143175947,2.5007353109643082,2.469978633014557,-2.335450316697818,2015-07-28,8.0,6,True,True
2015-07-03,2015Q3,1,diag4,student_t_ar1,3.176890179494807,3.127470961353796,0.1911296220630536,0.788831400897877,1.6106176842981101,1.59778484627612,1.5662724951966966,2015-10-28,8.0,0,True,False
2015-07-03,2015Q4,-12,diag4,student_t_ar1,2.888049647661206,2.8471314516410757,0.07368592757567755,0.8180808308638604,0.7399609712167354,0.737236690842017,2.1480886764444707,2016-01-28,8.0,0,True,False
2015-07-10,2015Q2,15,diag4,student_t_ar1,0.15220441881358404,0.15208870528724772,-1.0553585558706604,0.6893292592259904,2.5007353109643082,2.469978633014557,-2.348530892150724,2015-07-28,8.0,0,True,False
2015-07-10,2015Q3,2,diag4,student_t_ar1,3.1306518972969766,3.0826463441763803,0.17235107511227715,0.7824796716725007,1.6106176842981101,1.59778484627612,1.5200342129988664,2015-10-28,8.0,0,True,False
2015-07-10,2015Q4,-11,diag4,student_t_ar1,2.8539209517610242,2.813955239598596,0.05978729118525871,0.8156941931304126,0.7399609712167354,0.737236690842017,2.113959980544289,2016-01-28,8.0,0,True,False
2015-07-17,2015Q2,16,diag4,student_t_ar1,-0.09621083042984369,-0.0962571427566643,-1.1593990242825738,0.6854710432614393,2.5007353109643082,2.469978633014557,-2.596946141394152,2015-07-28,10.0,0,True,False
2015-07-17,2015Q3,3,diag4,student_t_ar1,2.4985161664393463,2.4678136060604974,-0.08522313670722159,0.762152244187025,1.6106176842981101,1.59778484627612,0.8878984821412361,2015-10-28,10.0,0,True,False
2015-07-17,2015Q4,-10,diag4,student_t_ar1,2.7548504665122264,2.717587276079839,0.019415494582398524,0.8149842304856626,0.7399609712167354,0.737236690842017,2.014889495295491,2016-01-28,10.0,0,True,False
2015-07-24,2015Q2,17,diag4,student_t_ar1,-0.09628562970802612,-0.09633201409719527,-1.1594303904173444,0.6854711303037856,2.5007353109643082,2.469978633014557,-2.5970209406723344,2015-07-28,2.0,0,True,False
2015-07-24,2015Q3,4,diag4,student_t_ar1,2.4678999342385044,2.4379392168693417,-0.09773852792253236,0.7607272520996426,1.6106176842981101,1.59778484627612,0.8572822499403943,2015-10-28,2.0,0,True,False
2015-07-24,2015Q4,-9,diag4,student_t_ar1,2.725936035265364,2.6894440789177545,0.0076253582124343805,0.8144855207320524,0.7399609712167354,0.737236690842017,1.9859750640486284,2016-01-28,2.0,0,True,False
2015-07-31,2015Q3,5,diag4,student_t_ar1,2.3424071277058367,2.3153938000515404,-0.1489984427156293,0.7623696979999615,1.6106176842981101,1.59778484627612,0.7317894434077266,2015-10-28,10.0,0,True,False
2015-07-31,2015Q4,-8,diag4,student_t_ar1,2.9750599410400147,2.931663642701313,0.1102437072266843,0.8123121463241334,0.7399609712167354,0.737236690842017,2.2350989698232793,2016-01-28,10.0,0,True,False
2015-08-07,2015Q3,6,diag4,student_t_ar1,2.507042550317884,2.476131803807753,-0.08138185208054705,0.7534367256521809,1.6106176842981101,1.59778484627612,0.8964248660197738,2015-10-28,13.0,2,True,True
2015-08-07,2015Q4,-7,diag4,student_t_ar1,3.1056223494685176,3.058373652049095,0.16354596699862256,0.8085635052017711,0.7399609712167354,0.737236690842017,2.365661378251782,2016-01-28,13.0,0,True,False
2015-08-14,2015Q3,7,diag4,student_t_ar1,2.5558265226367727,2.523711332427194,-0.06136688714325488,0.7516131858671835,1.6106176842981101,1.59778484627612,0.9452088383386625,2015-10-28,6.0,0,True,False
2015-08-14,2015Q4,-6,diag4,student_t_ar1,3.094106316597145,3.047203867338074,0.15884724769990205,0.8084579812716957,0.7399609712167354,0.737236690842017,2.3541453453804095,2016-01-28,6.0,0,True,False
2015-08-21,2015Q3,8,diag4,student_t_ar1,2.9737881485062845,2.930428585991325,0.10972416410670732,0.713905216558316,1.6106176842981101,1.59778484627612,1.3631704642081743,2015-10-28,6.0,0,True,False
2015-08-21,2015Q4,-5,diag4,student_t_ar1,3.051464092059475,3.0058328836576296,0.1414439902105657,0.8068711933025206,0.7399609712167354,0.737236690842017,2.3115031208427395,2016-01-28,6.0,0,True,False
2015-08-28,2015Q3,9,diag4,student_t_ar1,2.9735461317965006,2.930193558224989,0.10962529653405574,0.7139053821047955,1.6106176842981101,1.59778484627612,1.3629284474983905,2015-10-28,4.0,0,True,False
2015-08-28,2015Q4,-4,diag4,student_t_ar1,3.051455345313303,3.005824395911601,0.14144041972670246,0.8068712879709141,0.7399609712167354,0.737236690842017,2.3114943740965677,2016-01-28,4.0,0,True,False
2015-09-04,2015Q3,10,diag4,student_t_ar1,2.855395517166537,2.8153888794850617,0.06133117327790728,0.716509211490979,1.6106176842981101,1.59778484627612,1.2447778328684267,2015-10-28,12.0,4,True,True
2015-09-04,2015Q4,-3,diag4,student_t_ar1,2.8838000853981693,2.8430010885528616,0.0729466182469728,0.8063187659324551,0.7399609712167354,0.737236690842017,2.143839114181434,2016-01-28,12.0,0,True,False
2015-09-11,2015Q3,11,diag4,student_t_ar1,2.817805906154036,2.7788361237824164,0.04595476781577099,0.7137622711777357,1.6106176842981101,1.59778484627612,1.207188221855926,2015-10-28,5.0,0,True,False
2015-09-11,2015Q4,-2,diag4,student_t_ar1,2.8281831396637314,2.7889284514438044,0.050200240399032404,0.8030819175697724,0.7399609712167354,0.737236690842017,2.088222168446996,2016-01-28,5.0,0,True,False
2015-09-18,2015Q3,12,diag4,student_t_ar1,2.5944873351560593,2.5614015628245492,-0.04551198774071461,0.6954638476778117,1.6106176842981101,1.59778484627612,0.9838696508579492,2015-10-28,11.0,0,True,False
2015-09-18,2015Q4,-1,diag4,student_t_ar1,2.5878942593642096,2.5549750112435685,-0.048215402597760255,0.7949357747534885,0.7399609712167354,0.737236690842017,1.8479332881474742,2016-01-28,11.0,0,True,False
2015-09-25,2015Q3,13,diag4,student_t_ar1,2.5691127627696764,2.5366656228199416,-0.0559174916674788,0.695498967650396,1.6106176842981101,1.59778484627612,0.9584950784715662,2015-10-28,0.0,0,True,False
2015-09-25,2015Q4,0,diag4,student_t_ar1,2.480689792833757,2.4504202577283167,-0.09219775774828867,0.7945824111620511,0.7399609712167354,0.737236690842017,1.7407288216170214,2016-01-28,0.0,0,True,False
2015-10-02,2015Q3,14,diag4,student_t_ar1,2.566138697013254,2.533766008311493,-0.057137253283497585,0.6965293691846584,1.6106176842981101,1.59778484627612,0.9555210127151437,2015-10-28,11.0,30,True,True
2015-10-02,2015Q4,1,diag4,student_t_ar1,2.4536123790516173,2.423994799761784,-0.1033139799976182,0.7916759855711918,0.7399609712167354,0.737236690842017,1.713651407834882,2016-01-28,11.0,0,True,False
2015-10-02,2016Q1,-12,diag4,student_t_ar1,2.6448673549212875,2.61049548134051,-0.02485997444334586,0.8196979110010566,2.3383061524439253,2.3113866073886387,0.3065612024773623,2016-04-28,11.0,0,True,False
2015-10-09,2015Q3,15,diag4,student_t_ar1,2.59220887531606,2.5591806977468634,-0.046446224332587376,0.695827310142936,1.6106176842981101,1.59778484627612,0.9815911910179498,2015-10-28,9.0,0,True,False
2015-10-09,2015Q4,2,diag4,student_t_ar1,2.5547589083460664,2.5226703190748423,-0.06180480333013481,0.7861517591781703,0.7399609712167354,0.737236690842017,1.814797937129331,2016-01-28,9.0,0,True,False
2015-10-09,2016Q1,-11,diag4,student_t_ar1,2.7183708507098947,2.6820793729557866,0.005252746769475449,0.8177246000828531,2.3383061524439253,2.3113866073886387,0.38006469826596945,2016-04-28,9.0,0,True,False
2015-10-16,2015Q3,16,diag4,student_t_ar1,2.572572075581614,2.540038231185695,-0.05449875886060951,0.6956908729528875,1.6106176842981101,1.59778484627612,0.9619543912835038,2015-10-28,8.0,0,True,False
2015-10-16,2015Q4,3,diag4,student_t_ar1,2.4654859593435496,2.4355833538804683,-0.09843909974786713,0.7853506271991753,0.7399609712167354,0.737236690842017,1.7255249881268142,2016-01-28,8.0,0,True,False
2015-10-16,2016Q1,-10,diag4,student_t_ar1,2.7003859064674396,2.6645688548586786,-0.0021132868150655613,0.8177057050752217,2.3383061524439253,2.3113866073886387,0.36207975402351433,2016-04-28,8.0,0,True,False
2015-10-23,2015Q3,17,diag4,student_t_ar1,2.428034819704239,2.399026668325944,-0.11381715835474555,0.6920610845463229,1.6106176842981101,1.59778484627612,0.8174171354061288,2015-10-28,4.0,0,True,False
2015-10-23,2015Q4,4,diag4,student_t_ar1,1.9573558117661038,1.9384459599451402,-0.3075665921242147,0.7655037699142178,0.7399609712167354,0.737236690842017,1.2173948405493684,2016-01-28,4.0,0,True,False
2015-10-23,2016Q1,-9,diag4,student_t_ar1,2.5541350008338126,2.5220619519773764,-0.062060721084641696,0.8167777433442429,2.3383061524439253,2.3113866073886387,0.21582884838988736,2016-04-28,4.0,0,True,False
2015-10-30,2015Q4,5,diag4,student_t_ar1,1.9582500110846501,1.9393229887678598,-0.3045301054072938,0.7644546512163822,0.7399609712167354,0.737236690842017,1.2182890398679147,2016-01-28,10.0,0,True,False
2015-10-30,2016Q1,-8,diag4,student_t_ar1,2.4734790551119046,2.443383818542561,-0.09179295805339095,0.8145897069448752,2.3383061524439253,2.3113866073886387,0.13517290266797932,2016-04-28,10.0,0,True,False
2015-11-06,2015Q4,6,diag4,student_t_ar1,2.3058478776949,2.279664934052778,-0.16088995269565876,0.7642556798517791,0.7399609712167354,0.737236690842017,1.5658869064781644,2016-01-28,11.0,11,False,True
2015-11-06,2016Q1,-7,diag4,student_t_ar1,2.7270084738886036,2.6904880538540135,0.012496538400285476,0.8115326640617406,2.3383061524439253,2.3113866073886387,0.3887023214446783,2016-04-28,11.0,0,True,False
2015-11-13,2015Q4,7,diag4,student_t_ar1,2.3151223240595264,2.2887299349291115,-0.15706410011343414,0.7611371587699778,0.7399609712167354,0.737236690842017,1.575161352842791,2016-01-28,6.0,0,True,False
2015-11-13,2016Q1,-6,diag4,student_t_ar1,2.7360980520230394,2.6993359470783274,0.016230761441329514,0.811358270380635,2.3383061524439253,2.3113866073886387,0.3977918995791141,2016-04-28,6.0,0,True,False
2015-11-20,2015Q4,8,diag4,student_t_ar1,1.2884908339879653,1.2802604142493033,-0.5826852084202869,0.7147108614707525,0.7399609712167354,0.737236690842017,0.5485298627712298,2016-01-28,8.0,0,True,False
2015-11-20,2016Q1,-5,diag4,student_t_ar1,2.5435996901004065,2.5117884979496554,-0.06292299732022337,0.8095413435168094,2.3383061524439253,2.3113866073886387,0.20529353765648128,2016-04-28,8.0,0,True,False
2015-11-27,2015Q4,9,diag4,student_t_ar1,1.2892426506914134,1.2810026643382093,-0.5823719443116522,0.7147105428997128,0.7399609712167354,0.737236690842017,0.549281679474678,2016-01-28,4.0,0,True,False
2015-11-27,2016Q1,-4,diag4,student_t_ar1,2.5436648640325243,2.511852055218572,-0.06289617319249059,0.8095411919409616,2.3383061524439253,2.3113866073886387,0.20535871158859909,2016-04-28,4.0,0,True,False
2015-12-04,2015Q4,10,diag4,student_t_ar1,1.2104419016457868,1.2031746388798648,-0.6152189959811809,0.7131766111444588,0.7399609712167354,0.737236690842017,0.47048093042905137,2016-01-28,9.0,11,False,True
2015-12-04,2016Q1,-3,diag4,student_t_ar1,2.425738693086621,2.3967849457759036,-0.11145985275480444,0.8067717650844555,2.3383061524439253,2.3113866073886387,0.08743254064269568,2016-04-28,9.0,0,True,False
2015-12-11,2015Q4,11,diag4,student_t_ar1,1.3112578302269196,1.3027352657581444,-0.5731997742925637,0.7110585746207514,0.7399609712167354,0.737236690842017,0.5712968590101841,2016-01-28,7.0,0,True,False
2015-12-11,2016Q1,-2,diag4,student_t_ar1,2.5841993970412647,2.5513732910900253,-0.04621637090959624,0.8036278300267327,2.3383061524439253,2.3113866073886387,0.2458932445973394,2016-04-28,7.0,0,True,False
2015-12-18,2015Q4,12,diag4,student_t_ar1,0.5609849001176448,0.559417239985275,-0.8869146020254282,0.6939296025903862,0.7399609712167354,0.737236690842017,-0.17897607109909064,2016-01-28,12.0,0,True,False
2015-12-18,2016Q1,-1,diag4,student_t_ar1,2.032164161191319,2.0117912502215636,-0.27394512378464225,0.7958894852757474,2.3383061524439253,2.3113866073886387,-0.30614199125260644,2016-04-28,12.0,0,True,False
2015-12-25,2015Q4,13,diag4,student_t_ar1,0.5369427082598355,0.535506310361797,-0.8970061280044498,0.6938994824230535,0.7399609712167354,0.737236690842017,-0.20301826295689995,2016-01-28,0.0,0,True,False
2015-12-25,2016Q1,0,diag4,student_t_ar1,1.9292576539061024,1.9108834264758943,-0.3165329252984776,0.7951789994175857,2.3383061524439253,2.3113866073886387,-0.4090484985378229,2016-04-28,0.0,0,True,False
2016-01-01,2015Q4,14,diag4,student_t_ar1,0.5170190116703832,0.5156870573769354,-0.9053707758676242,0.6938275848074875,0.7399609712167354,0.737236690842017,-0.2229419595463522,2016-01-28,8.0,4,True,True
2016-01-01,2016Q1,1,diag4,student_t_ar1,1.8787340621184923,1.8613038271705407,-0.3374578254298463,0.7988588725438455,2.3383061524439253,2.3113866073886387,-0.459572090325433,2016-04-28,8.0,0,True,False
2016-01-01,2016Q2,-12,diag4,student_t_ar1,2.604472541154834,2.5711337817526325,-0.03787652348333326,0.8256667678814457,1.2906967702374539,1.2824382650696664,1.3137757709173803,2016-07-28,8.0,0,True,False
2016-01-08,2015Q4,15,diag4,student_t_ar1,0.559051195358129,0.5574943040141829,-0.8877261705680922,0.6939683808673152,0.7399609712167354,0.737236690842017,-0.18090977585860646,2016-01-28,12.0,0,True,False
2016-01-08,2016Q1,2,diag4,student_t_ar1,2.007147315511415,1.9872696561971517,-0.2842943785832259,0.7952912123906415,2.3383061524439253,2.3113866073886387,-0.33115883693251025,2016-04-28,12.0,0,True,False
2016-01-08,2016Q2,-11,diag4,student_t_ar1,2.73610783282745,2.6993454673970163,0.016234779459235762,0.8227587212822824,1.2906967702374539,1.2824382650696664,1.4454110625899963,2016-07-28,12.0,0,True,False
2016-01-15,2015Q4,16,diag4,student_t_ar1,0.566712164250438,0.5651123920880687,-0.8845109825800599,0.6940397230058407,0.7399609712167354,0.737236690842017,-0.1732488069662974,2016-01-28,6.0,0,True,False
2016-01-15,2016Q1,3,diag4,student_t_ar1,1.943686382817944,1.9250380549913202,-0.3105590127975363,0.7952668999395165,2.3383061524439253,2.3113866073886387,-0.3946197696259812,2016-04-28,6.0,0,True,False
2016-01-15,2016Q2,-10,diag4,student_t_ar1,2.709449989866153,2.6733942193939644,0.005282144093955315,0.8227680938211884,1.2906967702374539,1.2824382650696664,1.418753219628699,2016-07-28,6.0,0,True,False
2016-01-22,2015Q4,17,diag4,student_t_ar1,0.31764847633426463,0.31714503938647276,-0.9891647547730211,0.6889759864993313,0.7399609712167354,0.737236690842017,-0.4223124948824708,2016-01-28,6.0,0,True,False
2016-01-22,2016Q1,4,diag4,student_t_ar1,1.2002108084828267,1.1930653950879058,-0.6194855677105647,0.7673657717973945,2.3383061524439253,2.3113866073886387,-1.1380953439610986,2016-04-28,6.0,0,True,False
2016-01-22,2016Q2,-9,diag4,student_t_ar1,2.5352170166613064,2.5036134230410236,-0.06637325969479449,0.821651571787299,1.2906967702374539,1.2824382650696664,1.2445202464238525,2016-07-28,6.0,0,True,False
2016-01-29,2016Q1,5,diag4,student_t_ar1,1.1809483270371235,1.1740295504607314,-0.6218479945533208,0.7663106116983017,2.3383061524439253,2.3113866073886387,-1.1573578254068018,2016-04-28,6.0,0,True,False
2016-01-29,2016Q2,-8,diag4,student_t_ar1,2.555905165037764,2.5237880149263843,-0.05138369334678411,0.8194821882440594,1.2906967702374539,1.2824382650696664,1.26520839480031,2016-07-28,6.0,0,True,False
2016-02-05,2016Q1,6,diag4,student_t_ar1,1.029963267356182,1.0246952869935129,-0.684962891401732,0.7567132297638149,2.3383061524439253,2.3113866073886387,-1.3083428850877432,2016-04-28,14.0,11,False,True
2016-02-05,2016Q2,-7,diag4,student_t_ar1,2.459834261224114,2.4300674926732806,-0.09099390039000807,0.8159925735391611,1.2906967702374539,1.2824382650696664,1.1691374909866603,2016-07-28,14.0,0,True,False
2016-02-12,2016Q1,7,diag4,student_t_ar1,1.0298625197731726,1.0245955664452986,-0.6850050374703441,0.7567134168042793,2.3383061524439253,2.3113866073886387,-1.3084436326707527,2016-04-28,4.0,0,True,False
2016-02-12,2016Q2,-6,diag4,student_t_ar1,2.4598648485629093,2.430097345673187,-0.09098128326540472,0.8159926316247037,1.2906967702374539,1.2824382650696664,1.1691680783254554,2016-07-28,4.0,0,True,False
2016-02-19,2016Q1,8,diag4,student_t_ar1,1.9427862241648608,1.924155055112444,-0.3048136264838111,0.7148673304174613,2.3383061524439253,2.3113866073886387,-0.39551992827906446,2016-04-28,11.0,0,True,False
2016-02-19,2016Q2,-5,diag4,student_t_ar1,2.4864304591876163,2.456021806257942,-0.08002452345912833,0.8139982320743836,1.2906967702374539,1.2824382650696664,1.1957336889501624,2016-07-28,11.0,0,True,False
2016-02-26,2016Q1,9,diag4,student_t_ar1,1.9434140217343687,1.9247708864622401,-0.3045533504345243,0.714866687899827,2.3383061524439253,2.3113866073886387,-0.39489213070955653,2016-04-28,4.0,0,True,False
2016-02-26,2016Q2,-4,diag4,student_t_ar1,2.4864672890167583,2.4560577425495724,-0.08000933528136717,0.8139982741337846,1.2906967702374539,1.2824382650696664,1.1957705187793044,2016-07-28,4.0,0,True,False
2016-03-04,2016Q1,10,diag4,student_t_ar1,2.0583929539571777,2.0374943432808417,-0.2569117095657886,0.7124331433306492,2.3383061524439253,2.3113866073886387,-0.27991319848674756,2016-04-28,9.0,11,False,True
2016-03-04,2016Q2,-3,diag4,student_t_ar1,2.6521039685818426,2.617545379463122,-0.011757915215738664,0.8104835592082122,1.2906967702374539,1.2824382650696664,1.3614071983443887,2016-07-28,9.0,0,True,False
2016-03-11,2016Q1,11,diag4,student_t_ar1,2.158104240265901,2.1351468792927895,-0.21563966928326625,0.7113926379456059,2.3383061524439253,2.3113866073886387,-0.18020191217802406,2016-04-28,7.0,0,True,False
2016-03-11,2016Q2,-2,diag4,student_t_ar1,2.810355636703732,2.7715897725067253,0.05334767911531317,0.8081501997810776,1.2906967702374539,1.2824382650696664,1.519658866466278,2016-07-28,7.0,0,True,False
2016-03-18,2016Q1,12,diag4,student_t_ar1,1.4645167079123667,1.4538962288634358,-0.5035646473255649,0.6933094580820746,2.3383061524439253,2.3113866073886387,-0.8737894445315586,2016-04-28,12.0,0,True,False
2016-03-18,2016Q2,-1,diag4,student_t_ar1,2.2996762621069866,2.2736322371197564,-0.15710997307471328,0.7997045499379054,1.2906967702374539,1.2824382650696664,1.0089794918695327,2016-07-28,12.0,0,True,False
2016-03-25,2016Q1,13,diag4,student_t_ar1,1.4913324137756145,1.4803213909223991,-0.49239627016394905,0.6933512075112073,2.3383061524439253,2.3113866073886387,-0.8469737386683107,2016-04-28,0.0,0,True,False
2016-03-25,2016Q2,0,diag4,student_t_ar1,2.4146197029187633,2.385928696288893,-0.1096487992466604,0.7993795163974585,1.2906967702374539,1.2824382650696664,1.1239229326813094,2016-07-28,0.0,0,True,False
2016-04-01,2016Q1,14,diag4,student_t_ar1,1.5362997156733282,1.5246181225164033,-0.4736746212913776,0.6920029959257636,2.3383061524439253,2.3113866073886387,-0.802006436770597,2016-04-28,11.0,4,True,True
2016-04-01,2016Q2,1,diag4,student_t_ar1,2.586229400819784,2.553352137447649,-0.03888866039171808,0.7958001876861641,1.2906967702374539,1.2824382650696664,1.29553263058233,2016-07-28,11.0,0,True,False
2016-04-01,2016Q3,-12,diag4,student_t_ar1,2.7811661944248334,2.7431942022857014,0.04134652516818061,0.8227546377120654,2.8678981414693494,2.827543676441542,-0.08673194704451603,2016-10-28,11.0,0,True,False
2016-04-08,2016Q1,15,diag4,student_t_ar1,1.5708917587919036,1.558680967068496,-0.45927824051208826,0.6915559490678771,2.3383061524439253,2.3113866073886387,-0.7674143936520217,2016-04-28,9.0,0,True,False
2016-04-08,2016Q2,2,diag4,student_t_ar1,2.703313856491052,2.6674197772395027,0.009321088342770909,0.7915506511103733,1.2906967702374539,1.2824382650696664,1.412617086253598,2016-07-28,9.0,0,True,False
2016-04-08,2016Q3,-11,diag4,student_t_ar1,2.87209485014841,2.831623300066131,0.07872035522718156,0.8207504998669299,2.8678981414693494,2.827543676441542,0.0041967086790606345,2016-10-28,9.0,0,True,False
2016-04-15,2016Q1,16,diag4,student_t_ar1,1.5440943924966755,1.5322945669722083,-0.4704302352493422,0.6910892241135326,2.3383061524439253,2.3113866073886387,-0.7942117599472498,2016-04-28,6.0,0,True,False
2016-04-15,2016Q2,3,diag4,student_t_ar1,2.649526743187236,2.615034707350278,-0.01281903011156514,0.7888986618269239,1.2906967702374539,1.2824382650696664,1.3588299729497821,2016-07-28,6.0,0,True,False
2016-04-15,2016Q3,-10,diag4,student_t_ar1,2.8631304121051304,2.8229087612334767,0.07503722714435412,0.820630417450329,2.8678981414693494,2.827543676441542,-0.004767729364218987,2016-10-28,6.0,0,True,False
2016-04-22,2016Q1,17,diag4,student_t_ar1,1.1262855111543013,1.1199901410179594,-0.6446873059982683,0.6869417342627184,2.3383061524439253,2.3113866073886387,-1.212020641289624,2016-04-28,6.0,0,True,False
2016-04-22,2016Q2,4,diag4,student_t_ar1,1.6169464409154788,1.604013092573963,-0.44011899092818535,0.7655146155430277,1.2906967702374539,1.2824382650696664,0.3262496706780249,2016-07-28,6.0,0,True,False
2016-04-22,2016Q3,-9,diag4,student_t_ar1,2.701923537278339,2.6660660442671884,0.008748944248547944,0.8197868260350193,2.8678981414693494,2.827543676441542,-0.1659746041910104,2016-10-28,6.0,0,True,False
2016-04-29,2016Q2,5,diag4,student_t_ar1,1.601800493813843,1.5891070395073714,-0.4470602231246005,0.764990386009213,1.2906967702374539,1.2824382650696664,0.31110372357638916,2016-07-28,6.0,0,True,False
2016-04-29,2016Q3,-8,diag4,student_t_ar1,2.80065268127907,2.762151605249786,0.050688690290014785,0.8177106217366144,2.8678981414693494,2.827543676441542,-0.06724546019027944,2016-10-28,6.0,0,True,False
2016-05-06,2016Q2,6,diag4,student_t_ar1,1.7956452509134468,1.7797139717409238,-0.3661814601353203,0.753108839053523,1.2906967702374539,1.2824382650696664,0.504948480675993,2016-07-28,14.0,11,False,True
2016-05-06,2016Q3,-7,diag4,student_t_ar1,2.9395735393552114,2.8971965420039982,0.10799126215693472,0.814138782901845,2.8678981414693494,2.827543676441542,0.07167539788586197,2016-10-28,14.0,0,True,False
2016-05-13,2016Q2,7,diag4,student_t_ar1,1.820625474787474,1.8042505413483658,-0.35577004763003595,0.7523246735586087,1.2906967702374539,1.2824382650696664,0.5299287045500201,2016-07-28,6.0,0,True,False
2016-05-13,2016Q3,-6,diag4,student_t_ar1,2.9663129219127393,2.9231689735525923,0.11901194283658656,0.8139980219297164,2.8678981414693494,2.827543676441542,0.09841478044338992,2016-10-28,6.0,0,True,False
2016-05-20,2016Q2,8,diag4,student_t_ar1,1.9094896732896105,1.8914877218440167,-0.3187533706263083,0.7145911535780287,1.2906967702374539,1.2824382650696664,0.6187929030521566,2016-07-28,9.0,0,True,False
2016-05-20,2016Q3,-5,diag4,student_t_ar1,2.83153285527451,2.792185983522836,0.06343294535677135,0.8125507009246998,2.8678981414693494,2.827543676441542,-0.036365286194839364,2016-10-28,9.0,0,True,False
2016-05-27,2016Q2,9,diag4,student_t_ar1,1.9114152000564655,1.8933771519474756,-0.31795164338726334,0.7145881771129542,1.2906967702374539,1.2824382650696664,0.6207184298190116,2016-07-28,4.0,0,True,False
2016-05-27,2016Q3,-4,diag4,student_t_ar1,2.8316405710741233,2.7922907332432674,0.06347739299418258,0.8125502342706893,2.8678981414693494,2.827543676441542,-0.036257570395226146,2016-10-28,4.0,0,True,False
2016-06-03,2016Q2,10,diag4,student_t_ar1,1.9349471916146666,1.916465120147293,-0.3081549046954668,0.7117551690561131,1.2906967702374539,1.2824382650696664,0.6442504213772127,2016-07-28,9.0,11,False,True
2016-06-03,2016Q3,-3,diag4,student_t_ar1,2.8561179823297422,2.8160912856371656,0.07357649701691232,0.8087761578604671,2.8678981414693494,2.827543676441542,-0.011780159139607171,2016-10-28,9.0,0,True,False
2016-06-10,2016Q2,11,diag4,student_t_ar1,1.8243298911587935,1.8078886539302144,-0.3542263155013687,0.7114017987931762,1.2906967702374539,1.2824382650696664,0.5336331209213396,2016-07-28,7.0,0,True,False
2016-06-10,2016Q3,-2,diag4,student_t_ar1,2.6841079403495893,2.648717642484221,0.002556135603024187,0.8068557624378957,2.8678981414693494,2.827543676441542,-0.18379020111976008,2016-10-28,7.0,0,True,False
2016-06-17,2016Q2,12,diag4,student_t_ar1,1.605613802029282,1.592860158682753,-0.4454676911390152,0.6923857290640275,1.2906967702374539,1.2824382650696664,0.3149170317918282,2016-07-28,10.0,0,True,False
2016-06-17,2016Q3,-1,diag4,student_t_ar1,2.621585802184856,2.5878112555664727,-0.023287799737260657,0.7979892102223104,2.8678981414693494,2.827543676441542,-0.24631233928449348,2016-10-28,10.0,0,True,False
2016-06-24,2016Q2,13,diag4,student_t_ar1,1.6130100298226369,1.600139243303206,-0.44237901355054665,0.6923563996307558,1.2906967702374539,1.2824382650696664,0.322313259585183,2016-07-28,2.0,0,True,False
2016-06-24,2016Q3,0,diag4,student_t_ar1,2.653939846955189,2.619333810372667,-0.009912078250579012,0.7971148318624868,2.8678981414693494,2.827543676441542,-0.21395829451416049,2016-10-28,2.0,0,True,False
2016-07-01,2016Q2,14,diag4,student_t_ar1,1.6566235723694644,1.643051253762625,-0.42417049257667033,0.6926697533005023,1.2906967702374539,1.2824382650696664,0.36592680213201056,2016-07-28,11.0,6,True,True
2016-07-01,2016Q3,1,diag4,student_t_ar1,2.820004545483945,2.780974484743531,0.05867565693131733,0.7954828783349424,2.8678981414693494,2.827543676441542,-0.047893595985404325,2016-10-28,11.0,0,True,False
2016-07-01,2016Q4,-13,diag4,student_t_ar1,2.7558802488057976,2.718589444959304,0.03220429627480739,0.8228912204576015,2.235699518586598,2.211074114484348,0.5201807302191996,2017-01-28,11.0,0,True,False
2016-07-08,2016Q2,15,diag4,student_t_ar1,1.7561724770691622,1.74092996599766,-0.3826383768462023,0.6936160392471064,1.2906967702374539,1.2824382650696664,0.46547570683170836,2016-07-28,9.0,0,True,False
2016-07-08,2016Q3,2,diag4,student_t_ar1,3.1909418100034337,3.1410890048200364,0.21148026155387203,0.798407953165633,2.8678981414693494,2.827543676441542,0.3230436685340843,2016-10-28,9.0,0,True,False
2016-07-08,2016Q4,-12,diag4,student_t_ar1,3.0256769787151416,2.9808062229179226,0.14346871036412157,0.8213769464580684,2.235699518586598,2.211074114484348,0.7899774601285436,2017-01-28,9.0,0,True,False
2016-07-15,2016Q2,16,diag4,student_t_ar1,1.7899733914410687,1.774142006970835,-0.3685457687821456,0.6930611522003209,1.2906967702374539,1.2824382650696664,0.4992766212036148,2016-07-28,6.0,0,True,False
2016-07-15,2016Q3,3,diag4,student_t_ar1,3.301989040253095,3.2486444940055983,0.2571184490851432,0.7952813680990114,2.8678981414693494,2.827543676441542,0.4340908987837455,2016-10-28,6.0,0,True,False
2016-07-15,2016Q4,-11,diag4,student_t_ar1,3.0447777314621005,2.999344302846493,0.1513348302121763,0.8212615614160264,2.235699518586598,2.211074114484348,0.8090782128755025,2017-01-28,6.0,0,True,False
2016-07-22,2016Q2,17,diag4,student_t_ar1,1.736296486273492,1.7213950997098366,-0.39092745532832285,0.6876688439996206,1.2906967702374539,1.2824382650696664,0.4455997160360381,2016-07-28,6.0,0,True,False
2016-07-22,2016Q3,4,diag4,student_t_ar1,3.01727752662333,2.972653115118988,0.14000916529108032,0.7662516525942579,2.8678981414693494,2.827543676441542,0.14937938515398042,2016-10-28,6.0,0,True,False
2016-07-22,2016Q4,-10,diag4,student_t_ar1,2.9229395747847997,2.881036276247027,0.10113410177621805,0.819958863670299,2.235699518586598,2.211074114484348,0.6872400561982017,2017-01-28,6.0,0,True,False
2016-07-29,2016Q3,5,diag4,student_t_ar1,3.0071047541244678,2.96277780580413,0.14077720519277487,0.7651998572009543,2.8678981414693494,2.827543676441542,0.13920661265511836,2016-10-28,6.0,0,True,False
2016-07-29,2016Q4,-9,diag4,student_t_ar1,2.8741341399403764,2.833605635102872,0.0858192036056749,0.8178377042010294,2.235699518586598,2.211074114484348,0.6384346213537784,2017-01-28,6.0,0,True,False
2016-08-05,2016Q3,6,diag4,student_t_ar1,3.026486386065219,2.9815918563583694,0.14878189083524967,0.7598453297164289,2.8678981414693494,2.827543676441542,0.15858824459586973,2016-10-28,14.0,12,False,True
2016-08-05,2016Q4,-8,diag4,student_t_ar1,2.9136144731352287,2.8719755905014024,0.10214420657064291,0.814892244706372,2.235699518586598,2.211074114484348,0.6779149545486307,2017-01-28,14.0,0,True,False
2016-08-12,2016Q3,7,diag4,student_t_ar1,3.0265875511863216,2.9816900496239804,0.14882366845358652,0.7598569278030198,2.8678981414693494,2.827543676441542,0.1586894097169722,2016-10-28,4.0,0,True,False
2016-08-12,2016Q4,-7,diag4,student_t_ar1,2.9137950898619813,2.872151093586374,0.10221887667001532,0.814892886046475,2.235699518586598,2.211074114484348,0.6780955712753833,2017-01-28,4.0,0,True,False
2016-08-19,2016Q3,8,diag4,student_t_ar1,2.8336311196209607,2.7942264499839164,0.06906481056174657,0.7138865086485974,2.8678981414693494,2.827543676441542,-0.0342670218483887,2016-10-28,11.0,0,True,False
2016-08-19,2016Q4,-6,diag4,student_t_ar1,2.7955736547025767,2.757210827232562,0.05331602626190514,0.8135711597219027,2.235699518586598,2.211074114484348,0.5598741361159787,2017-01-28,11.0,0,True,False
2016-08-26,2016Q3,9,diag4,student_t_ar1,2.837115496584608,2.7976147558283793,0.0705064099168293,0.7132913120714715,2.8678981414693494,2.827543676441542,-0.030782644884741472,2016-10-28,4.0,0,True,False
2016-08-26,2016Q4,-5,diag4,student_t_ar1,2.801804365938154,2.7632719076777374,0.05589479277885013,0.8126153272927361,2.235699518586598,2.211074114484348,0.5661048473515562,2017-01-28,4.0,0,True,False
2016-09-02,2016Q3,10,diag4,student_t_ar1,2.6509492014406666,2.6164204403807667,-0.006585098431155769,0.7146349765656574,2.8678981414693494,2.827543676441542,-0.2169489400286828,2016-10-28,8.0,12,False,True
2016-09-02,2016Q4,-4,diag4,student_t_ar1,2.5117511921325164,2.48072517959492,-0.06431843462226057,0.8111818947266585,2.235699518586598,2.211074114484348,0.2760516735459184,2017-01-28,8.0,0,True,False
2016-09-09,2016Q3,11,diag4,student_t_ar1,2.568536805348054,2.536104090187726,-0.040756747613917586,0.7137315812839223,2.8678981414693494,2.827543676441542,-0.29936133612129545,2016-10-28,8.0,0,True,False
2016-09-09,2016Q4,-3,diag4,student_t_ar1,2.373745212249756,2.346009933102613,-0.12163481082262328,0.808673977238671,2.235699518586598,2.211074114484348,0.138045693663158,2017-01-28,8.0,0,True,False
2016-09-16,2016Q3,12,diag4,student_t_ar1,2.5003947607764587,2.4696463907603476,-0.06903205127086318,0.7118286326071867,2.8678981414693494,2.827543676441542,-0.3675033806928907,2016-10-28,8.0,0,True,False
2016-09-16,2016Q4,-2,diag4,student_t_ar1,2.2830454111308685,2.257373922755038,-0.15934616901154922,0.8066732197588344,2.235699518586598,2.211074114484348,0.04734589254427046,2017-01-28,8.0,0,True,False
2016-09-23,2016Q3,13,diag4,student_t_ar1,2.564717415690043,2.532380276929906,-0.04234109301759327,0.6914953838510606,2.8678981414693494,2.827543676441542,-0.3031807257793062,2016-10-28,4.0,0,True,False
2016-09-23,2016Q4,-1,diag4,student_t_ar1,2.4767591725664673,2.4465847101182083,-0.07884394708751764,0.7969643335389074,2.235699518586598,2.211074114484348,0.24105965397986928,2017-01-28,4.0,0,True,False
2016-09-30,2016Q3,14,diag4,student_t_ar1,2.5700369235910125,2.5375666315476675,-0.04013449012653093,0.6914914847242575,2.8678981414693494,2.827543676441542,-0.29786121787833686,2016-10-28,8.0,0,True,False
2016-09-30,2016Q4,0,diag4,student_t_ar1,2.4933195319134294,2.4627435167963894,-0.07196896992917175,0.7969177947680085,2.235699518586598,2.211074114484348,0.2576200133268314,2017-01-28,8.0,0,True,False
2016-10-07,2016Q3,15,diag4,student_t_ar1,2.7108763307746475,2.6747829241380883,0.018245989082114104,0.6914438572714879,2.8678981414693494,2.827543676441542,-0.1570218106947019,2016-10-28,12.0,10,True,True
2016-10-07,2016Q4,1,diag4,student_t_ar1,3.038203470958867,2.992964095740478,0.1536203598848739,0.7948148038981278,2.235699518586598,2.211074114484348,0.8025039523722688,2017-01-28,12.0,0,True,False
2016-10-07,2017Q1,-12,diag4,student_t_ar1,3.114643888857205,3.0671230728106917,0.18517227356253763,0.8214828935896448,1.9618307902452337,1.942834932414497,1.1528130986119711,2017-04-28,12.0,0,True,False
2016-10-14,2016Q3,16,diag4,student_t_ar1,2.7210384681287003,2.6846763599971726,0.022455281692849292,0.6909505491792772,2.8678981414693494,2.827543676441542,-0.1468596733406491,2016-10-28,6.0,0,True,False
2016-10-14,2016Q4,2,diag4,student_t_ar1,3.093797173295032,3.046904001733083,0.17656980343030743,0.7919604028468028,2.235699518586598,2.211074114484348,0.858097654708434,2017-01-28,6.0,0,True,False
2016-10-14,2017Q1,-11,diag4,student_t_ar1,3.1273037527504766,3.079399783784333,0.19039556196522436,0.8213584670631765,1.9618307902452337,1.942834932414497,1.165472962505243,2017-04-28,6.0,0,True,False
2016-10-21,2016Q3,17,diag4,student_t_ar1,2.469086851488167,2.439097540965239,-0.08202946183080892,0.6861231813670128,2.8678981414693494,2.827543676441542,-0.3988112899811824,2016-10-28,6.0,0,True,False
2016-10-21,2016Q4,3,diag4,student_t_ar1,2.3744463756481204,2.3466948362443025,-0.12134340975888303,0.7651212368878509,2.235699518586598,2.211074114484348,0.13874685706152246,2017-01-28,6.0,0,True,False
2016-10-21,2017Q1,-10,diag4,student_t_ar1,2.969179679247902,2.9259531049319225,0.1251096511213967,0.8200896136069801,1.9618307902452337,1.942834932414497,1.0073488890026683,2017-04-28,6.0,0,True,False
2016-10-28,2016Q4,4,diag4,student_t_ar1,2.3731683649654833,2.345446459618001,-0.12301574263113987,0.7640876862780602,2.235699518586598,2.211074114484348,0.13746884637888535,2017-01-28,6.0,0,True,False
2016-10-28,2017Q1,-9,diag4,student_t_ar1,3.002309886455534,2.9581228072176176,0.1386888918560904,0.8179920052906282,1.9618307902452337,1.942834932414497,1.0404790962103005,2017-04-28,6.0,0,True,False
2016-11-04,2016Q4,5,diag4,student_t_ar1,2.463118201043457,2.4332725409903926,-0.08550084163315347,0.7578573062849197,2.235699518586598,2.211074114484348,0.22741868245685914,2017-01-28,13.0,11,False,True
2016-11-04,2017Q1,-8,diag4,student_t_ar1,3.0595716845227106,3.013700092161879,0.16242872300693426,0.8160478038225514,1.9618307902452337,1.942834932414497,1.097740894277477,2017-04-28,13.0,0,True,False
2016-11-11,2016Q4,6,diag4,student_t_ar1,2.338384431122109,2.3114630974647334,-0.1375317320369852,0.753283388645237,2.235699518586598,2.211074114484348,0.10268491253551115,2017-01-28,5.0,0,True,False
2016-11-11,2017Q1,-7,diag4,student_t_ar1,2.964194867282055,2.921111915903875,0.12287969370235428,0.8145171061930464,1.9618307902452337,1.942834932414497,1.0023640770368214,2017-04-28,5.0,0,True,False
2016-11-18,2016Q4,7,diag4,student_t_ar1,2.19795297815617,2.1741462012974626,-0.19618662913097432,0.7130600927679598,2.235699518586598,2.211074114484348,-0.0377465404304278,2017-01-28,11.0,0,True,False
2016-11-18,2017Q1,-6,diag4,student_t_ar1,2.9929349706812047,2.949020737131187,0.13480094361983325,0.8130844801565955,1.9618307902452337,1.942834932414497,1.031104180435971,2017-04-28,11.0,0,True,False
2016-11-25,2016Q4,8,diag4,student_t_ar1,2.200339762320991,2.176481626053649,-0.195189052703249,0.7124771264566653,2.235699518586598,2.211074114484348,-0.03535975626560717,2017-01-28,0.0,0,True,False
2016-11-25,2017Q1,-5,diag4,student_t_ar1,2.9968489818982036,2.9528209364831794,0.1364241983550423,0.8120970256521494,1.9618307902452337,1.942834932414497,1.03501819165297,2017-04-28,0.0,0,True,False
2016-12-02,2016Q4,9,diag4,student_t_ar1,2.2468635351262423,2.221993399125548,-0.17574870384155156,0.710673531178094,2.235699518586598,2.211074114484348,0.011164016539644273,2017-01-28,11.0,4,True,True
2016-12-02,2017Q1,-4,diag4,student_t_ar1,3.0708239781956026,3.024617738390508,0.16709219439263134,0.809269956158019,1.9618307902452337,1.942834932414497,1.108993187950369,2017-04-28,11.0,0,True,False
2016-12-09,2016Q4,10,diag4,student_t_ar1,2.251753397869427,2.2267756933214367,-0.17370594740179537,0.7085874270657574,2.235699518586598,2.211074114484348,0.016053879282829087,2017-01-28,9.0,0,True,False
2016-12-09,2017Q1,-3,diag4,student_t_ar1,3.0894944404985747,3.0427303048603536,0.17482897516797513,0.8064790074836815,1.9618307902452337,1.942834932414497,1.127663650253341,2017-04-28,9.0,0,True,False
2016-12-16,2016Q4,11,diag4,student_t_ar1,2.1658243120100673,2.142703577915946,-0.2096173422499291,0.7066683806182846,2.235699518586598,2.211074114484348,-0.06987520657653068,2017-01-28,8.0,0,True,False
2016-12-16,2017Q1,-2,diag4,student_t_ar1,3.0103397447766467,2.9659183074837956,0.1420187389373399,0.8053140916290902,1.9618307902452337,1.942834932414497,1.048508954531413,2017-04-28,8.0,0,True,False
2016-12-23,2016Q4,12,diag4,student_t_ar1,1.643691353306287,1.6303289723580447,-0.4284780986565033,0.6909365792186171,2.235699518586598,2.211074114484348,-0.5920081652803111,2017-01-28,4.0,0,True,False
2016-12-23,2017Q1,-1,diag4,student_t_ar1,2.798466711120029,2.7600251660261415,0.05407150621045237,0.7980628086763706,1.9618307902452337,1.942834932414497,0.8366359208747953,2017-04-28,4.0,0,True,False
2016-12-30,2016Q4,13,diag4,student_t_ar1,1.6349470311804115,1.6217256855584523,-0.43215299166665017,0.6909327240517974,2.235699518586598,2.211074114484348,-0.6007524874061865,2017-01-28,8.0,0,True,False
2016-12-30,2017Q1,0,diag4,student_t_ar1,2.7647545103317794,2.7272253286912527,0.04006105930059831,0.7980628505434981,1.9618307902452337,1.942834932414497,0.8029237200865458,2017-04-28,8.0,0,True,False
2017-01-06,2016Q4,14,diag4,student_t_ar1,1.6957752851405106,1.6815575251169728,-0.40659582798029575,0.6906465369631775,2.235699518586598,2.211074114484348,-0.5399242334460874,2017-01-28,10.0,13,True,True
2017-01-06,2017Q1,1,diag4,student_t_ar1,3.011718806096031,2.9672570586147184,0.14259058633566063,0.7923356722859766,1.9618307902452337,1.942834932414497,1.0498880158507973,2017-04-28,10.0,0,True,False
2017-01-06,2017Q2,-12,diag4,student_t_ar1,3.0679795417348332,3.02185800910871,0.16591337633346154,0.8216766048393438,2.258367983115228,2.233244405190973,0.8096115586196051,2017-07-28,10.0,0,True,False
2017-01-13,2016Q4,15,diag4,student_t_ar1,1.6951702724329998,1.6809625992161599,-0.40684995051339035,0.6904100236736244,2.235699518586598,2.211074114484348,-0.5405292461535982,2017-01-28,6.0,0,True,False
2017-01-13,2017Q1,2,diag4,student_t_ar1,3.0272863496510594,2.98236831735224,0.1490453588432645,0.7908049628554745,1.9618307902452337,1.942834932414497,1.0654555594058257,2017-04-28,6.0,0,True,False
2017-01-13,2017Q2,-11,diag4,student_t_ar1,3.0701906014725555,3.024003230186657,0.1668297072809476,0.8215914105915615,2.258367983115228,2.233244405190973,0.8118226183573274,2017-07-28,6.0,0,True,False
2017-01-20,2016Q4,16,diag4,student_t_ar1,1.8358583268791584,1.8192099002018112,-0.34779763110356793,0.6858728858057088,2.235699518586598,2.211074114484348,-0.3998411917074396,2017-01-28,8.0,0,True,False
2017-01-20,2017Q1,3,diag4,student_t_ar1,3.436777660175472,3.3790396213171467,0.3184834627009135,0.7648843844345368,1.9618307902452337,1.942834932414497,1.4749468699302382,2017-04-28,8.0,0,True,False
2017-01-20,2017Q2,-10,diag4,student_t_ar1,3.162056376174527,3.113092867839741,0.2048843362052498,0.8202626888346548,2.258367983115228,2.233244405190973,0.9036883930592987,2017-07-28,8.0,0,True,False
2017-01-27,2016Q4,17,diag4,student_t_ar1,1.8345968234960486,1.8179711310517195,-0.348326771209774,0.6858717983872,2.235699518586598,2.211074114484348,-0.4011026950905494,2017-01-28,4.0,0,True,False
2017-01-27,2017Q1,4,diag4,student_t_ar1,3.436241817076957,3.378521580733713,0.3182621817226802,0.7648842905304664,1.9618307902452337,1.942834932414497,1.4744110268317234,2017-04-28,4.0,0,True,False
2017-01-27,2017Q2,-9,diag4,student_t_ar1,3.1618968921641066,3.1129382721101733,0.20481830065636944,0.8202626787747146,2.258367983115228,2.233244405190973,0.9035289090488785,2017-07-28,4.0,0,True,False
2017-02-03,2017Q1,5,diag4,student_t_ar1,3.636181922605375,3.5716329222172973,0.4037001292964197,0.7624095886180493,1.9618307902452337,1.942834932414497,1.6743511323601412,2017-04-28,12.0,3,True,True
2017-02-03,2017Q2,-8,diag4,student_t_ar1,3.3395652789131924,3.285013015524008,0.28080134465429263,0.8167559998916544,2.258367983115228,2.233244405190973,1.0811972957979643,2017-07-28,12.0,0,True,False
2017-02-10,2017Q1,6,diag4,student_t_ar1,3.600062017538108,3.5367742461997427,0.38875319498813554,0.7555453742931637,1.9618307902452337,1.942834932414497,1.6382312272928745,2017-04-28,7.0,0,True,False
2017-02-10,2017Q2,-7,diag4,student_t_ar1,3.312114716705228,3.2584460286308734,0.2694097758046679,0.8152649720137705,2.258367983115228,2.233244405190973,1.0537467335899997,2017-07-28,7.0,0,True,False
2017-02-17,2017Q1,7,diag4,student_t_ar1,2.792988884515979,2.754696319465395,0.05340863431203546,0.7142736303030516,1.9618307902452337,1.942834932414497,0.8311580942707453,2017-04-28,10.0,0,True,False
2017-02-17,2017Q2,-6,diag4,student_t_ar1,3.4645124131078564,3.4058492686505835,0.3326143147347557,0.8145391894435952,2.258367983115228,2.233244405190973,1.2061444299926283,2017-07-28,10.0,0,True,False
2017-02-24,2017Q1,8,diag4,student_t_ar1,2.803337020899588,2.7647627798914445,0.05772499798084872,0.714235027400722,1.9618307902452337,1.942834932414497,0.8415062306543541,2017-04-28,2.0,0,True,False
2017-02-24,2017Q2,-5,diag4,student_t_ar1,3.4776530654187177,3.4185490993478633,0.3380598323746964,0.8145005062714878,2.258367983115228,2.233244405190973,1.2192850823034895,2017-07-28,2.0,0,True,False
2017-03-03,2017Q1,9,diag4,student_t_ar1,2.8834846949598925,2.842694537938063,0.09114109409033065,0.712429896743017,1.9618307902452337,1.942834932414497,0.9216539047146588,2017-04-28,12.0,5,True,True
2017-03-03,2017Q2,-4,diag4,student_t_ar1,3.598008156633803,3.5347917365145483,0.38790312133602045,0.8095153582592018,2.258367983115228,2.233244405190973,1.3396401735185748,2017-07-28,12.0,0,True,False
2017-03-10,2017Q1,10,diag4,student_t_ar1,2.826063493572284,2.786867082786239,0.06720302758623381,0.7095081255635549,1.9618307902452337,1.942834932414497,0.8642327033270503,2017-04-28,8.0,0,True,False
2017-03-10,2017Q2,-3,diag4,student_t_ar1,3.5048125656843787,3.4447923855496447,0.3493126026948884,0.8066231122465327,2.258367983115228,2.233244405190973,1.2464445825691506,2017-07-28,8.0,0,True,False
2017-03-17,2017Q1,11,diag4,student_t_ar1,2.044048783178476,2.023438489092891,-0.2601449483740049,0.6905504438987821,1.9618307902452337,1.942834932414497,0.08221799293324228,2017-04-28,10.0,0,True,False
2017-03-17,2017Q2,-2,diag4,student_t_ar1,2.9550008534159566,2.912182186123182,0.1209364687665543,0.7978322140627389,2.258367983115228,2.233244405190973,0.6966328703007285,2017-07-28,10.0,0,True,False
2017-03-24,2017Q1,12,diag4,student_t_ar1,2.032626445349628,2.0122443260872624,-0.26494485583454913,0.6904258963636243,1.9618307902452337,1.942834932414497,0.07079565510439423,2017-04-28,2.0,0,True,False
2017-03-24,2017Q2,-1,diag4,student_t_ar1,2.907174711799332,2.8657179511604034,0.1010132259181001,0.7963466772050155,2.258367983115228,2.233244405190973,0.6488067286841037,2017-07-28,2.0,0,True,False
2017-03-31,2017Q1,13,diag4,student_t_ar1,2.031624582074709,2.0112624164486146,-0.26536588556207374,0.6904210508735084,1.9618307902452337,1.942834932414497,0.06979379182947554,2017-04-28,8.0,0,True,False
2017-03-31,2017Q2,0,diag4,student_t_ar1,2.896535170243686,2.8553784470073995,0.09657978474903928,0.7963143000360539,2.258367983115228,2.233244405190973,0.6381671871284578,2017-07-28,8.0,0,True,False
2017-04-07,2017Q1,14,diag4,student_t_ar1,2.116208719934365,2.094127996094167,-0.22983423270307782,0.6905971009923584,1.9618307902452337,1.942834932414497,0.15437792968913122,2017-04-28,12.0,94,True,True
2017-04-07,2017Q2,1,diag4,student_t_ar1,2.7966550270063673,2.758262785578217,0.05493788730702079,0.7907493556213716,2.258367983115228,2.233244405190973,0.5382870438911391,2017-07-28,12.0,0,True,False
2017-04-07,2017Q3,-12,diag4,student_t_ar1,3.02482194179694,2.979976293436871,0.15000567575525872,0.8207614020188249,3.1915992394406345,3.1417261027391388,-0.1667772976436943,2017-10-28,12.0,0,True,False
2017-04-14,2017Q1,15,diag4,student_t_ar1,2.088505175845934,2.066994886647418,-0.2414685473361352,0.690105936349253,1.9618307902452337,1.942834932414497,0.1266743856007002,2017-04-28,6.0,0,True,False
2017-04-14,2017Q2,2,diag4,student_t_ar1,2.715340657985754,2.6791293286791116,0.021006518793118965,0.7880279298209683,2.258367983115228,2.233244405190973,0.45697267487052606,2017-07-28,6.0,0,True,False
2017-04-14,2017Q3,-11,diag4,student_t_ar1,3.0043732660356204,2.960126023374089,0.14149414529780008,0.8206273967948228,3.1915992394406345,3.1417261027391388,-0.18722597340501412,2017-10-28,6.0,0,True,False
2017-04-21,2017Q1,16,diag4,student_t_ar1,2.330233387995695,2.3034979846716053,-0.14005918032251102,0.686235880765381,1.9618307902452337,1.942834932414497,0.36840259775046125,2017-04-28,6.0,0,True,False
2017-04-21,2017Q2,3,diag4,student_t_ar1,3.1741808310550734,3.12484500121061,0.21212344113824783,0.7654644551945555,2.258367983115228,2.233244405190973,0.9158128479398453,2017-07-28,6.0,0,True,False
2017-04-21,2017Q3,-10,diag4,student_t_ar1,3.0187396536233813,2.9740724077456635,0.14747416849016182,0.8195739202331755,3.1915992394406345,3.1417261027391388,-0.17285958581725325,2017-10-28,6.0,0,True,False
2017-04-28,2017Q2,4,diag4,student_t_ar1,3.170758200993906,3.1215276142395023,0.21374990924588666,0.7644516220984777,2.258367983115228,2.233244405190973,0.912390217878678,2017-07-28,6.0,0,True,False
2017-04-28,2017Q3,-9,diag4,student_t_ar1,2.982186098270301,2.938583678165161,0.13502447212673654,0.8174937793923901,3.1915992394406345,3.1417261027391388,-0.20941314117033372,2017-10-28,6.0,0,True,False
2017-05-05,2017Q2,5,diag4,student_t_ar1,2.9876479925400545,2.9438872647754346,0.13730674058095524,0.7568280378078109,2.258367983115228,2.233244405190973,0.7292800094248264,2017-07-28,14.0,11,False,True
2017-05-05,2017Q3,-8,diag4,student_t_ar1,2.893673300248145,2.8525970999093087,0.09802225655824016,0.8142898846398995,3.1915992394406345,3.1417261027391388,-0.29792593919248933,2017-10-28,14.0,0,True,False
2017-05-12,2017Q2,6,diag4,student_t_ar1,2.9873483437584225,2.9435963083127934,0.13718153460148638,0.7568276268095899,2.258367983115228,2.233244405190973,0.7289803606431944,2017-07-28,4.0,0,True,False
2017-05-12,2017Q3,-7,diag4,student_t_ar1,2.893619806269432,2.8525451103254165,0.09799988411559252,0.8142898320078591,3.1915992394406345,3.1417261027391388,-0.2979794331712027,2017-10-28,4.0,0,True,False
2017-05-19,2017Q2,7,diag4,student_t_ar1,4.339038466809697,4.247539617946581,0.69830156531842,0.7131164578572058,2.258367983115228,2.233244405190973,2.080670483694469,2017-07-28,11.0,0,True,False
2017-05-19,2017Q3,-6,diag4,student_t_ar1,3.0585670731331893,3.0127253003307586,0.16692950127915226,0.8131636182360653,3.1915992394406345,3.1417261027391388,-0.1330321663074452,2017-10-28,11.0,0,True,False
2017-05-26,2017Q2,8,diag4,student_t_ar1,4.415448493313856,4.320745258725106,0.7298038178310963,0.7129866778792568,2.258367983115228,2.233244405190973,2.157080510198628,2017-07-28,4.0,0,True,False
2017-05-26,2017Q3,-5,diag4,student_t_ar1,3.19342783007035,3.1434981214322866,0.22320437830125078,0.8126065970108222,3.1915992394406345,3.1417261027391388,0.0018285906297155208,2017-10-28,4.0,0,True,False
2017-06-02,2017Q2,9,diag4,student_t_ar1,4.403636258712251,4.3094318918188055,0.7249353877858071,0.7107427837746754,2.258367983115228,2.233244405190973,2.145268275597023,2017-07-28,8.0,12,False,True
2017-06-02,2017Q3,-4,diag4,student_t_ar1,3.174632609409578,3.1252828795264316,0.21536589558331698,0.8106102771238178,3.1915992394406345,3.1417261027391388,-0.016966630031056695,2017-10-28,8.0,0,True,False
2017-06-09,2017Q2,10,diag4,student_t_ar1,4.3988084345476075,4.304807593312516,0.7229454343110486,0.7077826857568665,2.258367983115228,2.233244405190973,2.1404404514323794,2017-07-28,8.0,0,True,False
2017-06-09,2017Q3,-3,diag4,student_t_ar1,3.1745112755741767,3.1251652790042073,0.21531528908213307,0.8069463773937229,3.1915992394406345,3.1417261027391388,-0.017087963866457834,2017-10-28,8.0,0,True,False
2017-06-16,2017Q2,11,diag4,student_t_ar1,4.313357625481307,4.2229237094413214,0.6877087126732575,0.7070581975883108,2.258367983115228,2.233244405190973,2.0549896423660785,2017-07-28,8.0,0,True,False
2017-06-16,2017Q3,-2,diag4,student_t_ar1,3.1569403807593766,3.108133561623038,0.20798610712347254,0.8061255343952256,3.1915992394406345,3.1417261027391388,-0.034658858681257954,2017-10-28,8.0,0,True,False
2017-06-23,2017Q2,12,diag4,student_t_ar1,4.243626309395454,4.156053430279553,0.6589327276898,0.6908664112970931,2.258367983115228,2.233244405190973,1.985258326280226,2017-07-28,4.0,0,True,False
2017-06-23,2017Q3,-1,diag4,student_t_ar1,3.0947615112680626,3.0478393959947057,0.18203999135336021,0.7979640593304699,3.1915992394406345,3.1417261027391388,-0.09683772817257186,2017-10-28,4.0,0,True,False
2017-06-30,2017Q2,13,diag4,student_t_ar1,4.241973044071012,4.154467454720965,0.6582502419961538,0.6908591174229699,2.258367983115228,2.233244405190973,1.9836050609557843,2017-07-28,8.0,0,True,False
2017-06-30,2017Q3,0,diag4,student_t_ar1,3.08344541381691,3.0368623896163283,0.17731630581372979,0.7979663357932225,3.1915992394406345,3.1417261027391388,-0.10815382562372466,2017-10-28,8.0,0,True,False
2017-07-07,2017Q2,14,diag4,student_t_ar1,4.291436587186426,4.201906897763226,0.6786646430981028,0.6909514741258352,2.258367983115228,2.233244405190973,2.0330686040711976,2017-07-28,12.0,11,False,True
2017-07-07,2017Q3,1,diag4,student_t_ar1,3.3337061627255915,3.279343084285866,0.28166192715784105,0.7944267534161977,3.1915992394406345,3.1417261027391388,0.142106923284957,2017-10-28,12.0,0,True,False
2017-07-07,2017Q4,-12,diag4,student_t_ar1,3.2709755438298016,3.2186178187155723,0.255530298098241,0.8221840248097003,4.584974811729059,4.482971107757605,-1.3139992678992574,2018-01-28,12.0,0,True,False
2017-07-14,2017Q2,15,diag4,student_t_ar1,4.283370389962338,4.194172313375967,0.6753362543584264,0.6902830793522859,2.258367983115228,2.233244405190973,2.0250024068471095,2017-07-28,6.0,0,True,False
2017-07-14,2017Q3,2,diag4,student_t_ar1,3.288801691875043,3.2358778567811157,0.2629577322650171,0.7908860285310377,3.1915992394406345,3.1417261027391388,0.09720245243440839,2017-10-28,6.0,0,True,False
2017-07-14,2017Q4,-11,diag4,student_t_ar1,3.2504181896219064,3.198709610753041,0.24696328894920683,0.8220298229763257,4.584974811729059,4.482971107757605,-1.3345566221071525,2018-01-28,6.0,0,True,False
2017-07-21,2017Q2,16,diag4,student_t_ar1,4.2296290606136155,4.142625090248094,0.6531541708190676,0.6859837192159329,2.258367983115228,2.233244405190973,1.9712610774983874,2017-07-28,6.0,0,True,False
2017-07-21,2017Q3,3,diag4,student_t_ar1,3.046157159478091,3.000682962420942,0.16174737643680942,0.7657477234431745,3.1915992394406345,3.1417261027391388,-0.14544207996254332,2017-10-28,6.0,0,True,False
2017-07-21,2017Q4,-10,diag4,student_t_ar1,3.153913118143703,3.105198900101807,0.2067232474954728,0.8206751441002106,4.584974811729059,4.482971107757605,-1.431061693585356,2018-01-28,6.0,0,True,False
2017-07-28,2017Q3,4,diag4,student_t_ar1,3.06619147700693,3.0201231538742754,0.17205847700991894,0.7661614114379888,3.1915992394406345,3.1417261027391388,-0.12540776243370466,2017-10-28,6.0,0,True,False
2017-07-28,2017Q4,-9,diag4,student_t_ar1,2.9890343028302624,2.945233349463068,0.1397094042002028,0.8188542038377598,4.584974811729059,4.482971107757605,-1.5959405088987966,2018-01-28,6.0,0,True,False
2017-08-04,2017Q3,5,diag4,student_t_ar1,2.904274983114452,2.862900101434956,0.1041450939972079,0.7621566669417235,3.1915992394406345,3.1417261027391388,-0.2873242563261824,2017-10-28,13.0,11,False,True
2017-08-04,2017Q4,-8,diag4,student_t_ar1,2.8628542823463166,2.822640317012182,0.08675465336466592,0.8169461402584763,4.584974811729059,4.482971107757605,-1.7221205293827424,2018-01-28,13.0,0,True,False
2017-08-11,2017Q3,6,diag4,student_t_ar1,2.849276103169851,2.809439171148071,0.08105234405718013,0.7564545892761765,3.1915992394406345,3.1417261027391388,-0.3423231362707835,2017-10-28,5.0,0,True,False
2017-08-11,2017Q4,-7,diag4,student_t_ar1,2.8197876976469916,2.7807635840860354,0.0686657627191159,0.8154169915043299,4.584974811729059,4.482971107757605,-1.7651871140820674,2018-01-28,5.0,0,True,False
2017-08-18,2017Q3,7,diag4,student_t_ar1,2.3860845829791977,2.3580624638716685,-0.11392236689438254,0.7149833162699976,3.1915992394406345,3.1417261027391388,-0.8055146564614368,2017-10-28,11.0,0,True,False
2017-08-18,2017Q4,-6,diag4,student_t_ar1,2.8298084759426745,2.7905090720325885,0.07287538112615871,0.8143735562162563,4.584974811729059,4.482971107757605,-1.7551663357863845,2018-01-28,11.0,0,True,False
2017-08-25,2017Q3,8,diag4,student_t_ar1,2.393927742255686,2.365722546700325,-0.11061355097343205,0.7144529377283565,3.1915992394406345,3.1417261027391388,-0.7976714971849486,2017-10-28,0.0,0,True,False
2017-08-25,2017Q4,-5,diag4,student_t_ar1,2.842637207131138,2.8029839868540534,0.07826399084449555,0.8134083734672788,4.584974811729059,4.482971107757605,-1.742337604597921,2018-01-28,0.0,0,True,False
2017-09-01,2017Q3,9,diag4,student_t_ar1,2.676924341871212,2.641721574728341,0.0086057836647687,0.721858349583386,3.1915992394406345,3.1417261027391388,-0.5146748975694226,2017-10-28,11.0,11,False,True
2017-09-01,2017Q4,-4,diag4,student_t_ar1,3.301986384677358,3.248641923313782,0.27076844653253956,0.8146398187263566,4.584974811729059,4.482971107757605,-1.2829884270517011,2018-01-28,11.0,0,True,False
2017-09-08,2017Q3,10,diag4,student_t_ar1,2.607436011697306,2.5740219869874847,-0.020637434557456733,0.7158507951045817,3.1915992394406345,3.1417261027391388,-0.5841632277433284,2017-10-28,9.0,0,True,False
2017-09-08,2017Q4,-3,diag4,student_t_ar1,3.1940041472729774,3.1440566023408336,0.22559222809291557,0.8098481465611468,4.584974811729059,4.482971107757605,-1.3909706644560815,2018-01-28,9.0,0,True,False
2017-09-15,2017Q3,11,diag4,student_t_ar1,2.582477182320142,2.5496944466013645,-0.03114585264479435,0.7144363909658963,3.1915992394406345,3.1417261027391388,-0.6091220571204925,2017-10-28,6.0,0,True,False
2017-09-15,2017Q4,-2,diag4,student_t_ar1,3.2116500022406624,3.1611548306654327,0.23297790411835362,0.8089387302350288,4.584974811729059,4.482971107757605,-1.3733248094883965,2018-01-28,6.0,0,True,False
2017-09-22,2017Q3,12,diag4,student_t_ar1,1.8922251216024533,1.874545222860795,-0.3227803624144377,0.692500390474127,3.1915992394406345,3.1417261027391388,-1.2993741178381812,2017-10-28,6.0,0,True,False
2017-09-22,2017Q4,-1,diag4,student_t_ar1,2.8502635186083314,2.8103992271990346,0.08146704567562081,0.798342669356264,4.584974811729059,4.482971107757605,-1.7347112931207276,2018-01-28,6.0,0,True,False
2017-09-29,2017Q3,13,diag4,student_t_ar1,1.8969520232747783,1.8791842343523686,-0.32077651527281575,0.6925038653869925,3.1915992394406345,3.1417261027391388,-1.2946472161658562,2017-10-28,4.0,0,True,False
2017-09-29,2017Q4,0,diag4,student_t_ar1,2.85101484246042,2.8111297271337903,0.08178258923675968,0.7983426398948674,4.584974811729059,4.482971107757605,-1.7339599692686392,2018-01-28,4.0,0,True,False
2017-10-06,2017Q3,14,diag4,student_t_ar1,1.9366247368772127,1.9181108084075211,-0.30396196236747414,0.6960555880632937,3.1915992394406345,3.1417261027391388,-1.2549745025634218,2017-10-28,13.0,11,False,True
2017-10-06,2017Q4,1,diag4,student_t_ar1,3.1378402702785912,3.08961626276063,0.20207641679241067,0.8107470016743468,4.584974811729059,4.482971107757605,-1.4471345414504677,2018-01-28,13.0,0,True,False
2017-10-06,2018Q1,-12,diag4,student_t_ar1,3.35468869799751,3.2996466290089543,0.29280021642623094,0.8228413561290441,3.293553047698339,3.240477819667709,0.06113565029917112,2018-04-28,13.0,0,True,False
2017-10-13,2017Q3,15,diag4,student_t_ar1,1.9332791736711208,1.9148287514268285,-0.30537966536548294,0.6955723850260154,3.1915992394406345,3.1417261027391388,-1.2583200657695137,2017-10-28,6.0,0,True,False
2017-10-13,2017Q4,2,diag4,student_t_ar1,3.1516414519644043,3.1029966654754815,0.20785615710618396,0.808079556680167,4.584974811729059,4.482971107757605,-1.4333333597646547,2018-01-28,6.0,0,True,False
2017-10-13,2018Q1,-11,diag4,student_t_ar1,3.350445391053647,3.2955409671315596,0.29102675265438493,0.8227442512365369,3.293553047698339,3.240477819667709,0.05689234335530813,2018-04-28,6.0,0,True,False
2017-10-20,2017Q3,16,diag4,student_t_ar1,1.8169364239033037,1.800627387692259,-0.35470958763545746,0.6876808120500489,3.1915992394406345,3.1417261027391388,-1.3746628155373308,2017-10-28,9.0,0,True,False
2017-10-20,2017Q4,3,diag4,student_t_ar1,3.0207657425404433,2.9760391072028702,0.153016124760074,0.7677696957140125,4.584974811729059,4.482971107757605,-1.5642090691886157,2018-01-28,9.0,0,True,False
2017-10-20,2018Q1,-10,diag4,student_t_ar1,3.414901244556101,3.3578878319608596,0.31795783206736195,0.8213523362708461,3.293553047698339,3.240477819667709,0.12134819685776232,2018-04-28,9.0,0,True,False
2017-10-27,2017Q3,17,diag4,student_t_ar1,1.8260982646342683,1.8096253293612719,-0.3508228760533276,0.6876901167128924,3.1915992394406345,3.1417261027391388,-1.3655009748063662,2017-10-28,4.0,0,True,False
2017-10-27,2017Q4,4,diag4,student_t_ar1,3.0243507785777446,2.9795189625842466,0.15451926789129816,0.7677693832073008,4.584974811729059,4.482971107757605,-1.5606240331513144,2018-01-28,4.0,0,True,False
2017-10-27,2018Q1,-9,diag4,student_t_ar1,3.4158516909701397,3.3588068891131897,0.31835482398062376,0.8213517150689842,3.293553047698339,3.240477819667709,0.12229864327180096,2018-04-28,4.0,0,True,False
2017-11-03,2017Q4,5,diag4,student_t_ar1,3.0462094090344394,3.0007336674103953,0.16256372388942608,0.7610712166682466,4.584974811729059,4.482971107757605,-1.5387654026946196,2018-01-28,12.0,11,False,True
2017-11-03,2018Q1,-8,diag4,student_t_ar1,3.572762397632112,3.510419805031045,0.38353434905736883,0.817369711497563,3.293553047698339,3.240477819667709,0.27920934993377333,2018-04-28,12.0,0,True,False
2017-11-10,2017Q4,6,diag4,student_t_ar1,2.7846711659496037,2.7466042742802603,0.052387820076026444,0.7596990097326204,4.584974811729059,4.482971107757605,-1.8003036457794552,2018-01-28,7.0,0,True,False
2017-11-10,2018Q1,-7,diag4,student_t_ar1,3.35628264603296,3.301188828752998,0.2928238191448011,0.8156848538972279,3.293553047698339,3.240477819667709,0.062729598334621,2018-04-28,7.0,0,True,False
2017-11-17,2017Q4,7,diag4,student_t_ar1,4.083862415437789,4.002675759137284,0.5969482481076435,0.7141094143151056,4.584974811729059,4.482971107757605,-0.50111239629127,2018-01-28,10.0,0,True,False
2017-11-17,2018Q1,-6,diag4,student_t_ar1,3.5110601115625917,3.4508281989385594,0.35769885250160605,0.8146958019949021,3.293553047698339,3.240477819667709,0.2175070638642529,2018-04-28,10.0,0,True,False
2017-11-24,2017Q4,8,diag4,student_t_ar1,4.0757577722912774,3.994888808773623,0.5935722738305277,0.7134606800275944,4.584974811729059,4.482971107757605,-0.5092170394377815,2018-01-28,2.0,0,True,False
2017-11-24,2018Q1,-5,diag4,student_t_ar1,3.512696890913758,3.4524094467865365,0.35838439071762285,0.8137045399008636,3.293553047698339,3.240477819667709,0.21914384321541913,2018-04-28,2.0,0,True,False
2017-12-01,2017Q4,9,diag4,student_t_ar1,4.073203232427325,3.9924342782760984,0.5925081304322714,0.711438945045094,4.584974811729059,4.482971107757605,-0.5117715793017341,2018-01-28,11.0,11,False,True
2017-12-01,2018Q1,-4,diag4,student_t_ar1,3.520657409334449,3.4600995298183386,0.36171836888517395,0.8107371729581541,3.293553047698339,3.240477819667709,0.22710436163611014,2018-04-28,11.0,0,True,False
2017-12-08,2017Q4,10,diag4,student_t_ar1,4.036590542654928,3.9572483415779773,0.577253529893988,0.7085582786993835,4.584974811729059,4.482971107757605,-0.5483842690741314,2018-01-28,9.0,0,True,False
2017-12-08,2018Q1,-3,diag4,student_t_ar1,3.463937064794975,3.405293184347696,0.33795748639707346,0.807079924730006,3.293553047698339,3.240477819667709,0.17038401709663642,2018-04-28,9.0,0,True,False
2017-12-15,2017Q4,11,diag4,student_t_ar1,4.095024226063471,4.013399046994623,0.6015972496142447,0.7083244590822155,4.584974811729059,4.482971107757605,-0.48995058566558836,2018-01-28,6.0,0,True,False
2017-12-15,2018Q1,-2,diag4,student_t_ar1,3.5517858418209203,3.490164788364776,0.37475293758632783,0.8067517335827117,3.293553047698339,3.240477819667709,0.2582327941225815,2018-04-28,6.0,0,True,False
2017-12-22,2017Q4,12,diag4,student_t_ar1,3.9993909792840343,3.9214857167712296,0.5617489105255185,0.6917428124324569,4.584974811729059,4.482971107757605,-0.5855838324450247,2018-01-28,6.0,0,True,False
2017-12-22,2018Q1,-1,diag4,student_t_ar1,3.575875657688954,3.5134256274070026,0.3848375009395445,0.7980548993929578,3.293553047698339,3.240477819667709,0.2823226099906151,2018-04-28,6.0,0,True,False
2017-12-29,2017Q4,13,diag4,student_t_ar1,4.0009971066628625,3.923030067138689,0.5624184521139337,0.6917362096267241,4.584974811729059,4.482971107757605,-0.5839777050661965,2018-01-28,4.0,0,True,False
2017-12-29,2018Q1,0,diag4,student_t_ar1,3.576195382891534,3.5137343138719537,0.3849713296551134,0.798054401411245,3.293553047698339,3.240477819667709,0.28264233519319504,2018-04-28,4.0,0,True,False
2018-01-05,2017Q4,14,diag4,student_t_ar1,3.937114738118064,3.861586428944746,0.5357800208478007,0.6921371620025625,4.584974811729059,4.482971107757605,-0.6478600736109952,2018-01-28,13.0,12,False,True
2018-01-05,2018Q1,1,diag4,student_t_ar1,3.3683719412156643,3.312884864932738,0.2978945484345735,0.7897699182327226,3.293553047698339,3.240477819667709,0.07481889351732551,2018-04-28,13.0,0,True,False
2018-01-05,2018Q2,-12,diag4,student_t_ar1,3.0044618111872534,2.960211985853887,0.1449958509466813,0.8206107253759504,2.1402669926408935,2.117684921507524,0.8641948185463599,2018-07-28,13.0,0,True,False
2018-01-12,2017Q4,15,diag4,student_t_ar1,3.9378884775057355,3.8623308564860137,0.5361027618584826,0.6921356562149394,4.584974811729059,4.482971107757605,-0.6470863342233235,2018-01-28,4.0,0,True,False
2018-01-12,2018Q1,2,diag4,student_t_ar1,3.3684595515421245,3.3129696203445542,0.29793129351150044,0.7897711744906802,3.293553047698339,3.240477819667709,0.07490650384378572,2018-04-28,4.0,0,True,False
2018-01-12,2018Q2,-11,diag4,student_t_ar1,3.0044987007811885,2.960247799435823,0.1450113776581332,0.8206107745802882,2.1402669926408935,2.117684921507524,0.864231708140295,2018-07-28,4.0,0,True,False
2018-01-19,2017Q4,16,diag4,student_t_ar1,3.9260694728741496,3.850958991194076,0.5311725744403673,0.6880972191980078,4.584974811729059,4.482971107757605,-0.6589053388549093,2018-01-28,11.0,0,True,False
2018-01-19,2018Q1,3,diag4,student_t_ar1,3.3615567570881355,3.3062915437112723,0.2950360631733465,0.7669057968494556,3.293553047698339,3.240477819667709,0.06800370938979672,2018-04-28,11.0,0,True,False
2018-01-19,2018Q2,-10,diag4,student_t_ar1,3.0191853566214677,2.9745050494528336,0.15119250211276636,0.8197627492054032,2.1402669926408935,2.117684921507524,0.8789183639805742,2018-07-28,11.0,0,True,False
2018-01-26,2017Q4,17,diag4,student_t_ar1,3.9302554630875397,3.8549867639503135,0.5329187852910979,0.6880885006294235,4.584974811729059,4.482971107757605,-0.6547193486415193,2018-01-28,4.0,0,True,False
2018-01-26,2018Q1,4,diag4,student_t_ar1,3.3308239042980636,3.276553773099501,0.2821434744247886,0.7653166011872407,3.293553047698339,3.240477819667709,0.037270856599724844,2018-04-28,4.0,0,True,False
2018-01-26,2018Q2,-9,diag4,student_t_ar1,2.9957098813983896,2.9517149737181994,0.14131203468193523,0.8192160283083749,2.1402669926408935,2.117684921507524,0.8554428887574961,2018-07-28,4.0,0,True,False
2018-02-02,2018Q1,5,diag4,student_t_ar1,3.292765841666845,3.239715711086921,0.26042748680445615,0.7594573090949321,3.293553047698339,3.240477819667709,-0.0007872060314939588,2018-04-28,10.0,11,False,True
2018-02-02,2018Q2,-8,diag4,student_t_ar1,3.0325980873054714,2.987523845484378,0.15094246462797578,0.8155477797778403,2.1402669926408935,2.117684921507524,0.8923310946645779,2018-07-28,10.0,0,True,False
2018-02-09,2018Q1,6,diag4,student_t_ar1,3.3004142844048623,3.247120062708644,0.2636419663816223,0.7551323614971638,3.293553047698339,3.240477819667709,0.006861236706523499,2018-04-28,9.0,0,True,False
2018-02-09,2018Q2,-7,diag4,student_t_ar1,3.0407926608204683,2.9954769087009034,0.15439515847498728,0.8139909620007105,2.1402669926408935,2.117684921507524,0.9005256681795748,2018-07-28,9.0,0,True,False
2018-02-16,2018Q1,7,diag4,student_t_ar1,3.266252732934305,3.2140444922158222,0.24928274206542841,0.7538937654913792,3.293553047698339,3.240477819667709,-0.02730031476403383,2018-04-28,8.0,0,True,False
2018-02-16,2018Q2,-6,diag4,student_t_ar1,3.0589464748612905,3.0130934415154367,0.16204309145356938,0.8133471802284107,2.1402669926408935,2.117684921507524,0.918679482220397,2018-07-28,8.0,0,True,False
2018-02-23,2018Q1,8,diag4,student_t_ar1,3.095556713196479,3.048610724091276,0.1774623456042666,0.7141257690834021,3.293553047698339,3.240477819667709,-0.19799633450185983,2018-04-28,4.0,0,True,False
2018-02-23,2018Q2,-5,diag4,student_t_ar1,3.1673157109602057,3.118190866959904,0.20766943997986592,0.8122198169542469,2.1402669926408935,2.117684921507524,1.0270487183193122,2018-07-28,4.0,0,True,False
2018-03-02,2018Q1,9,diag4,student_t_ar1,3.402606697260091,3.3459985606580096,0.3065684680548556,0.7219382416086988,3.293553047698339,3.240477819667709,0.10905364956175223,2018-04-28,11.0,11,False,True
2018-03-02,2018Q2,-4,diag4,student_t_ar1,3.6593789965048806,3.594013598285298,0.41424018787756856,0.8135882159567294,2.1402669926408935,2.117684921507524,1.5191120038639871,2018-07-28,11.0,0,True,False
2018-03-09,2018Q1,10,diag4,student_t_ar1,3.5340786219340448,3.4730634570152272,0.36173163900917626,0.7234999676968469,3.293553047698339,3.240477819667709,0.24052557423570597,2018-04-28,9.0,0,True,False
2018-03-09,2018Q2,-3,diag4,student_t_ar1,3.854890839690661,3.782445845561546,0.4960450023291099,0.8119488709298103,2.1402669926408935,2.117684921507524,1.7146238470497677,2018-07-28,9.0,0,True,False
2018-03-16,2018Q1,11,diag4,student_t_ar1,3.507261142815099,3.4471580225745533,0.3504852133663346,0.7187637458194428,3.293553047698339,3.240477819667709,0.21370809511676025,2018-04-28,8.0,0,True,False
2018-03-16,2018Q2,-2,diag4,student_t_ar1,3.7972194308482754,3.7268996628138127,0.4719305249036607,0.8096126923663413,2.1402669926408935,2.117684921507524,1.656952438207382,2018-07-28,8.0,0,True,False
2018-03-23,2018Q1,12,diag4,student_t_ar1,3.0634802118849835,3.017492513559468,0.16395287747757933,0.6923245987438618,3.293553047698339,3.240477819667709,-0.23007283581335525,2018-04-28,4.0,0,True,False
2018-03-23,2018Q2,-1,diag4,student_t_ar1,3.464862239655786,3.406187380674095,0.33269847140961434,0.797149775186745,2.1402669926408935,2.117684921507524,1.3245952470148925,2018-07-28,4.0,0,True,False
2018-03-30,2018Q1,13,diag4,student_t_ar1,3.0634758492163794,3.0174882805676404,0.16395103979259676,0.6923150313233742,3.293553047698339,3.240477819667709,-0.2300771984819594,2018-04-28,8.0,0,True,False
2018-03-30,2018Q2,0,diag4,student_t_ar1,3.459122071577081,3.40063928715628,0.33028985628484075,0.7971137390979133,2.1402669926408935,2.117684921507524,1.3188550789361875,2018-07-28,8.0,0,True,False
2018-04-06,2018Q1,14,diag4,student_t_ar1,3.0316394880008035,2.9865934566736154,0.15053855136401817,0.6927130698474541,3.293553047698339,3.240477819667709,-0.26191355969753527,2018-04-28,10.0,8,True,True
2018-04-06,2018Q2,1,diag4,student_t_ar1,3.2951332990758475,3.24200767244473,0.26142250478208945,0.7898118525887052,2.1402669926408935,2.117684921507524,1.154866306434954,2018-07-28,10.0,0,True,False
2018-04-06,2018Q3,-12,diag4,student_t_ar1,3.31205233213252,3.258385644046052,0.26853273642930087,0.8213398101721935,2.5182268082057035,2.487041930090145,0.7938255239268166,2018-10-28,10.0,0,True,False
2018-04-13,2018Q1,15,diag4,student_t_ar1,3.0318962805910843,2.9868426929970897,0.15064675328535115,0.6924925005702641,3.293553047698339,3.240477819667709,-0.2616567671072545,2018-04-28,6.0,0,True,False
2018-04-13,2018Q2,2,diag4,student_t_ar1,3.2955966856214935,3.242456275870145,0.26161725870828234,0.788476096490292,2.1402669926408935,2.117684921507524,1.1553296929806,2018-07-28,6.0,0,True,False
2018-04-13,2018Q3,-11,diag4,student_t_ar1,3.3116494385049933,3.257995665912785,0.2683634337261107,0.8212502161786496,2.5182268082057035,2.487041930090145,0.7934226302992897,2018-10-28,6.0,0,True,False
2018-04-20,2018Q1,16,diag4,student_t_ar1,3.1490794812051526,3.100512940990379,0.19999485415536533,0.6888332558744326,3.293553047698339,3.240477819667709,-0.1444735664931862,2018-04-28,8.0,0,True,False
2018-04-20,2018Q2,3,diag4,student_t_ar1,3.5452554317405127,3.483858169938554,0.3664179891457101,0.7662470727661365,2.1402669926408935,2.117684921507524,1.4049884390996192,2018-07-28,8.0,0,True,False
2018-04-20,2018Q3,-10,diag4,student_t_ar1,3.3378881342359445,3.283390056996512,0.2793879981557259,0.8200321528988552,2.5182268082057035,2.487041930090145,0.819661326030241,2018-10-28,8.0,0,True,False
2018-04-27,2018Q1,17,diag4,student_t_ar1,3.1514188914109953,3.1027809046883768,0.20097945393687483,0.688825389339076,3.293553047698339,3.240477819667709,-0.1421341562873435,2018-04-28,4.0,0,True,False
2018-04-27,2018Q2,4,diag4,student_t_ar1,3.5461743599182416,3.484745631267752,0.3668032661373999,0.7662459350164588,2.1402669926408935,2.117684921507524,1.405907367277348,2018-07-28,4.0,0,True,False
2018-04-27,2018Q3,-9,diag4,student_t_ar1,3.3381417862814677,3.2836355155972097,0.2794945600397762,0.8200320986464706,2.5182268082057035,2.487041930090145,0.8199149780757642,2018-10-28,4.0,0,True,False
2018-05-04,2018Q2,5,diag4,student_t_ar1,3.3357276175177697,3.2812993046666534,0.2775016878711224,0.7622984963715697,2.1402669926408935,2.117684921507524,1.1954606248768762,2018-07-28,12.0,2,True,True
2018-05-04,2018Q3,-8,diag4,student_t_ar1,3.1960905225363545,3.1460783808247275,0.2185892465987502,0.816285741688683,2.5182268082057035,2.487041930090145,0.677863714330651,2018-10-28,12.0,0,True,False
2018-05-11,2018Q2,6,diag4,student_t_ar1,3.1448437586333755,3.0964064481709435,0.1969484033608197,0.7629689408193644,2.1402669926408935,2.117684921507524,1.004576765992482,2018-07-28,7.0,0,True,False
2018-05-11,2018Q3,-7,diag4,student_t_ar1,3.053513701967203,3.007821782644667,0.15835423644364793,0.8150625694254577,2.5182268082057035,2.487041930090145,0.5352868937614996,2018-10-28,7.0,0,True,False
2018-05-18,2018Q2,7,diag4,student_t_ar1,4.676847509966464,4.570777572521132,0.8392957547108232,0.7151937954251503,2.1402669926408935,2.117684921507524,2.5365805173255707,2018-07-28,12.0,0,True,False
2018-05-18,2018Q3,-6,diag4,student_t_ar1,3.316415118192695,3.2626084755993916,0.2693585518942952,0.8140901087527508,2.5182268082057035,2.487041930090145,0.7981883099869913,2018-10-28,12.0,0,True,False
2018-05-25,2018Q2,8,diag4,student_t_ar1,4.751393258202774,4.641967351999955,0.8703113962519359,0.7155956186172873,2.1402669926408935,2.117684921507524,2.6111262655618805,2018-07-28,0.0,0,True,False
2018-05-25,2018Q3,-5,diag4,student_t_ar1,3.4407035302831623,3.3828349789225856,0.3217382917686521,0.8137508709738615,2.5182268082057035,2.487041930090145,0.9224767220774588,2018-10-28,0.0,0,True,False
2018-06-01,2018Q2,9,diag4,student_t_ar1,4.867565860860812,4.752809057387946,0.918602409755387,0.7165165827950275,2.1402669926408935,2.117684921507524,2.7272988682199184,2018-07-28,11.0,12,False,True
2018-06-01,2018Q3,-4,diag4,student_t_ar1,3.639923875739348,3.575243519898065,0.40556597574285497,0.8128311818759287,2.5182268082057035,2.487041930090145,1.1216970675336446,2018-10-28,11.0,0,True,False
2018-06-08,2018Q2,10,diag4,student_t_ar1,4.987994409347718,4.867581867364189,0.9686061091480549,0.7168217874524722,2.1402669926408935,2.117684921507524,2.8477274167068245,2018-07-28,9.0,0,True,False
2018-06-08,2018Q3,-3,diag4,student_t_ar1,3.8405710456735243,3.768656623678857,0.4898313231022125,0.810768207043273,2.5182268082057035,2.487041930090145,1.3223442374678207,2018-10-28,9.0,0,True,False
2018-06-15,2018Q2,11,diag4,student_t_ar1,5.097433951814745,4.9717676295278626,1.0139972913741129,0.7153074846505298,2.1402669926408935,2.117684921507524,2.9571669591738514,2018-07-28,6.0,0,True,False
2018-06-15,2018Q3,-2,diag4,student_t_ar1,3.945935932292155,3.87007311812018,0.5340160032764785,0.8097556048192243,2.5182268082057035,2.487041930090145,1.4277091240864515,2018-10-28,6.0,0,True,False
2018-06-22,2018Q2,12,diag4,student_t_ar1,3.5403381469109707,3.479109133807663,0.36368258067430015,0.6930017277107172,2.1402669926408935,2.117684921507524,1.4000711542700772,2018-07-28,6.0,0,True,False
2018-06-22,2018Q3,-1,diag4,student_t_ar1,2.9163429386723783,2.8746267745871465,0.10032443700865211,0.799105635384323,2.5182268082057035,2.487041930090145,0.3981161304666747,2018-10-28,6.0,0,True,False
2018-06-29,2018Q2,13,diag4,student_t_ar1,3.546171435753487,3.484742807247622,0.36613703406989506,0.6929945862981868,2.1402669926408935,2.117684921507524,1.4059044431125933,2018-07-28,4.0,0,True,False
2018-06-29,2018Q3,0,diag4,student_t_ar1,2.917229234142882,2.8754879513729916,0.10069963062055586,0.7991048127824348,2.5182268082057035,2.487041930090145,0.3990024259371783,2018-10-28,4.0,0,True,False
2018-07-06,2018Q2,14,diag4,student_t_ar1,3.5463920677180294,3.4849558829475145,0.3662298659283074,0.6925633528031847,2.1402669926408935,2.117684921507524,1.406125075077136,2018-07-28,13.0,12,True,True
2018-07-06,2018Q3,1,diag4,student_t_ar1,2.9442370800152107,2.9017268065709425,0.11213125652566057,0.7934217382093859,2.5182268082057035,2.487041930090145,0.4260102718095071,2018-10-28,13.0,0,True,False
2018-07-06,2018Q4,-12,diag4,student_t_ar1,3.3250521161465763,3.2709678800059745,0.2730005394446133,0.8215088626911364,0.5677817986818878,0.5661759932739241,2.7572703174646884,2019-01-28,13.0,0,True,False
2018-07-13,2018Q2,15,diag4,student_t_ar1,3.5445501165877413,3.4831770015431327,0.3654548509137033,0.6922921173053584,2.1402669926408935,2.117684921507524,1.4042831239468478,2018-07-28,6.0,0,True,False
2018-07-13,2018Q3,2,diag4,student_t_ar1,2.904149048396487,2.8627777209069896,0.09516209482645056,0.7918391345529195,2.5182268082057035,2.487041930090145,0.3859222401907836,2018-10-28,6.0,0,True,False
2018-07-13,2018Q4,-11,diag4,student_t_ar1,3.306901547887886,3.253399863071971,0.26534658518597815,0.8214119464151742,0.5677817986818878,0.5661759932739241,2.739119749205998,2019-01-28,6.0,0,True,False
2018-07-20,2018Q2,16,diag4,student_t_ar1,3.759604896260438,3.690654615105502,0.45584776036175406,0.6878476737403201,2.1402669926408935,2.117684921507524,1.6193379036195443,2018-07-28,9.0,0,True,False
2018-07-20,2018Q3,3,diag4,student_t_ar1,3.4354810967843763,3.3777861295257314,0.3195386318703591,0.7665128939829653,2.5182268082057035,2.487041930090145,0.9172542885786727,2018-10-28,9.0,0,True,False
2018-07-20,2018Q4,-10,diag4,student_t_ar1,3.3916933994254217,3.3354438230857397,0.30109112707147984,0.8201596072142193,0.5677817986818878,0.5661759932739241,2.823911600743534,2019-01-28,9.0,0,True,False
2018-07-27,2018Q2,17,diag4,student_t_ar1,3.756742932151247,3.687896312794062,0.45464603567065437,0.6878420230956099,2.1402669926408935,2.117684921507524,1.6164759395103534,2018-07-28,4.0,0,True,False
2018-07-27,2018Q3,4,diag4,student_t_ar1,3.4343262991896273,3.3766696808672227,0.3190522225621007,0.7665119569192246,2.5182268082057035,2.487041930090145,0.9160994909839237,2018-10-28,4.0,0,True,False
2018-07-27,2018Q4,-9,diag4,student_t_ar1,3.3913829124296413,3.3351435209514424,0.3009602927941499,0.8201593269729205,0.5677817986818878,0.5661759932739241,2.8236011137477535,2019-01-28,4.0,0,True,False
2018-08-03,2018Q3,5,diag4,student_t_ar1,3.258927876271156,3.206951065017641,0.24770648689146746,0.7624584280083787,2.5182268082057035,2.487041930090145,0.7407010680654524,2018-10-28,12.0,11,False,True
2018-08-03,2018Q4,-8,diag4,student_t_ar1,3.1070604101597343,3.0597683874960127,0.18335290479210792,0.8162559277859146,0.5677817986818878,0.5661759932739241,2.5392786114778465,2019-01-28,12.0,0,True,False
2018-08-10,2018Q3,6,diag4,student_t_ar1,3.021044446431209,2.9763096385969803,0.14686172566952094,0.7657600869305773,2.5182268082057035,2.487041930090145,0.5028176382255056,2018-10-28,7.0,0,True,False
2018-08-10,2018Q4,-7,diag4,student_t_ar1,2.9178795846222405,2.8761198654163085,0.10305513849182069,0.8148950538935917,0.5677817986818878,0.5661759932739241,2.3500977859403527,2019-01-28,7.0,0,True,False
2018-08-17,2018Q3,7,diag4,student_t_ar1,3.0879082873330965,3.0411916753650647,0.17523049535245475,0.7159489986124048,2.5182268082057035,2.487041930090145,0.569681479127393,2018-10-28,10.0,0,True,False
2018-08-17,2018Q4,-6,diag4,student_t_ar1,2.9828882858125683,2.939265529245356,0.13066470321688142,0.8136636766733882,0.5677817986818878,0.5661759932739241,2.4151064871306804,2019-01-28,10.0,0,True,False
2018-08-24,2018Q3,8,diag4,student_t_ar1,3.016516813859993,2.971914680178476,0.14494009112549044,0.7152818295633955,2.5182268082057035,2.487041930090145,0.4982900056542894,2018-10-28,2.0,0,True,False
2018-08-24,2018Q4,-5,diag4,student_t_ar1,2.8589232847838986,2.8188186530061685,0.07800097899885391,0.812661218136352,0.5677817986818878,0.5661759932739241,2.2911414861020107,2019-01-28,2.0,0,True,False
2018-08-31,2018Q3,9,diag4,student_t_ar1,3.0181394426070707,2.973489782907871,0.14562878292345094,0.7152511592280364,2.5182268082057035,2.487041930090145,0.49991263440136713,2018-10-28,8.0,0,True,False
2018-08-31,2018Q4,-4,diag4,student_t_ar1,2.8661296990936336,2.8258245224500285,0.081064198135947,0.8126219620912828,0.5677817986818878,0.5661759932739241,2.2983479004117457,2019-01-28,8.0,0,True,False
2018-09-07,2018Q3,10,diag4,student_t_ar1,3.2982537178269933,3.245028503649877,0.26435531822416836,0.7168338552367458,2.5182268082057035,2.487041930090145,0.7800269096212897,2018-10-28,12.0,11,False,True
2018-09-07,2018Q4,-3,diag4,student_t_ar1,3.357391907084528,3.302262063074798,0.28937989738871706,0.8090958182648867,0.5677817986818878,0.5661759932739241,2.7896101084026403,2019-01-28,12.0,0,True,False
2018-09-14,2018Q3,11,diag4,student_t_ar1,3.242516245437921,3.191056134173351,0.24075664908258984,0.7142069453628402,2.5182268082057035,2.487041930090145,0.7242894372322173,2018-10-28,6.0,0,True,False
2018-09-14,2018Q4,-2,diag4,student_t_ar1,3.276457301406399,3.2239258077836355,0.25512845746980806,0.8076858611454201,0.5677817986818878,0.5661759932739241,2.7086755027245113,2019-01-28,6.0,0,True,False
2018-09-21,2018Q3,12,diag4,student_t_ar1,3.4530141402984826,3.394735398295831,0.3298125792121185,0.693639539662073,2.5182268082057035,2.487041930090145,0.9347873320927791,2018-10-28,6.0,0,True,False
2018-09-21,2018Q4,-1,diag4,student_t_ar1,3.470756459287183,3.4118840506529557,0.3373105893444281,0.7977652973606281,0.5677817986818878,0.5661759932739241,2.9029746606052953,2019-01-28,6.0,0,True,False
2018-09-28,2018Q3,13,diag4,student_t_ar1,3.451763476077163,3.393526470946999,0.32928399251492535,0.6936322531803065,2.5182268082057035,2.487041930090145,0.9335366678714596,2018-10-28,4.0,0,True,False
2018-09-28,2018Q4,0,diag4,student_t_ar1,3.4705048064783472,3.411640838828199,0.3372042483510749,0.7977647614580943,0.5677817986818878,0.5661759932739241,2.9027230077964594,2019-01-28,4.0,0,True,False
2018-10-05,2018Q3,14,diag4,student_t_ar1,3.3635331752212894,3.308203665876853,0.291977780714135,0.6944360784296759,2.5182268082057035,2.487041930090145,0.8453063670155858,2018-10-28,13.0,11,False,True
2018-10-05,2018Q4,1,diag4,student_t_ar1,3.2085893521434095,3.15818937523622,0.2263861150957372,0.7976489805563947,0.5677817986818878,0.5661759932739241,2.6408075534615216,2019-01-28,13.0,0,True,False
2018-10-05,2019Q1,-12,diag4,student_t_ar1,3.184967903767366,3.135299660272974,0.21637790505415996,0.8215708654809255,2.520756202743435,2.489509162906772,0.6642117010239312,2019-04-28,13.0,0,True,False
2018-10-12,2018Q3,15,diag4,student_t_ar1,3.3642394825680544,3.308886987075249,0.2922765534201469,0.6944376476602143,2.5182268082057035,2.487041930090145,0.8460126743623508,2018-10-28,4.0,0,True,False
2018-10-12,2018Q4,2,diag4,student_t_ar1,3.208689884617888,3.1582867822700096,0.22642870496875478,0.79765258331794,0.5677817986818878,0.5661759932739241,2.640908085936,2019-01-28,4.0,0,True,False
2018-10-12,2019Q1,-11,diag4,student_t_ar1,3.1850186430357086,3.135348833381123,0.21639940531292418,0.821571058488542,2.520756202743435,2.489509162906772,0.6642624402922737,2019-04-28,4.0,0,True,False
2018-10-19,2018Q3,16,diag4,student_t_ar1,3.311134648541758,3.257497376273045,0.2698071596470395,0.6888125135044475,2.5182268082057035,2.487041930090145,0.7929078403360545,2018-10-28,11.0,0,True,False
2018-10-19,2018Q4,3,diag4,student_t_ar1,3.1281762380311884,3.080245807638588,0.19230637241831455,0.7680889588896954,0.5677817986818878,0.5661759932739241,2.5603944393493006,2019-01-28,11.0,0,True,False
2018-10-19,2019Q1,-10,diag4,student_t_ar1,3.190856898929617,3.1410067193914393,0.21887323741059217,0.8206306847311283,2.520756202743435,2.489509162906772,0.6701006961861822,2019-04-28,11.0,0,True,False
2018-10-26,2018Q3,17,diag4,student_t_ar1,3.316509633860454,3.262699957310613,0.2720819159673307,0.6888124502590557,2.5182268082057035,2.487041930090145,0.7982828256547503,2018-10-28,4.0,0,True,False
2018-10-26,2018Q4,4,diag4,student_t_ar1,3.15800566983806,3.109166244033213,0.20495143166856017,0.7668832240100776,0.5677817986818878,0.5661759932739241,2.590223871156172,2019-01-28,4.0,0,True,False
2018-10-26,2019Q1,-9,diag4,student_t_ar1,3.2139588816408216,3.1633918393512697,0.22866082029328066,0.8200517739663067,2.520756202743435,2.489509162906772,0.6932026788973866,2019-04-28,4.0,0,True,False
2018-11-02,2018Q4,5,diag4,student_t_ar1,3.0947206646201986,3.047799775498617,0.17928378866781058,0.7611320564308073,0.5677817986818878,0.5661759932739241,2.5269388659383107,2019-01-28,10.0,11,False,True
2018-11-02,2019Q1,-8,diag4,student_t_ar1,3.0875009997876735,3.0407965869819855,0.17621030341276045,0.8163014293053238,2.520756202743435,2.489509162906772,0.5667447970442385,2019-04-28,10.0,0,True,False
2018-11-09,2018Q4,6,diag4,student_t_ar1,3.088617351548306,3.0418794978152754,0.17668555985784212,0.755517403342133,0.5677817986818878,0.5661759932739241,2.5208355528664184,2019-01-28,9.0,0,True,False
2018-11-09,2019Q1,-7,diag4,student_t_ar1,3.0837384644304855,3.037146674057778,0.1746084682589404,0.8143864508191463,2.520756202743435,2.489509162906772,0.5629822616870506,2019-04-28,9.0,0,True,False
2018-11-16,2018Q4,7,diag4,student_t_ar1,3.1346963922167737,3.086567986811793,0.19629797092961146,0.7544096457080373,0.5677817986818878,0.5661759932739241,2.566914593534886,2019-01-28,8.0,0,True,False
2018-11-16,2019Q1,-6,diag4,student_t_ar1,3.14232570535502,3.093965139499131,0.19954435501021942,0.8137081473718187,2.520756202743435,2.489509162906772,0.6215695026115853,2019-04-28,8.0,0,True,False
2018-11-23,2018Q4,8,diag4,student_t_ar1,2.5134027235098166,2.4823362320397537,-0.06888086646919293,0.7146223454116702,0.5677817986818878,0.5661759932739241,1.9456209248279288,2019-01-28,4.0,0,True,False
2018-11-23,2019Q1,-5,diag4,student_t_ar1,3.0048150653386285,2.9605549356052228,0.14099469672708084,0.8121217420607245,2.520756202743435,2.489509162906772,0.4840588625951936,2019-04-28,4.0,0,True,False
2018-11-30,2018Q4,9,diag4,student_t_ar1,2.497192161342765,2.466521866728601,-0.07582130773910535,0.7145968136920817,0.5677817986818878,0.5661759932739241,1.9294103626608772,2019-01-28,8.0,0,True,False
2018-11-30,2019Q1,-4,diag4,student_t_ar1,2.9843122144050938,2.9406482043403184,0.13225824120062596,0.8120787628619697,2.520756202743435,2.489509162906772,0.46355601166165883,2019-04-28,8.0,0,True,False
2018-12-07,2018Q4,10,diag4,student_t_ar1,2.559789682015179,2.527575649978651,-0.04902666953417521,0.714692795214679,0.5677817986818878,0.5661759932739241,1.992007883333291,2019-01-28,12.0,11,False,True
2018-12-07,2019Q1,-3,diag4,student_t_ar1,3.1153907137052794,3.0678473367129206,0.18808205015192633,0.8081254661729524,2.520756202743435,2.489509162906772,0.5946345109618445,2019-04-28,12.0,0,True,False
2018-12-14,2018Q4,11,diag4,student_t_ar1,2.5853993710195144,2.552543029672598,-0.03806925018663831,0.7203932274920418,0.5677817986818878,0.5661759932739241,2.0176175723376266,2019-01-28,6.0,0,True,False
2018-12-14,2019Q1,-2,diag4,student_t_ar1,3.0486312721383246,3.0030839087808108,0.15965936235148553,0.8099660659138106,2.520756202743435,2.489509162906772,0.5278750693948897,2019-04-28,6.0,0,True,False
2018-12-21,2018Q4,12,diag4,student_t_ar1,2.358381902438378,2.3310017269585654,-0.13529695234818365,0.6931624043821859,0.5677817986818878,0.5661759932739241,1.79060010375649,2019-01-28,6.0,0,True,False
2018-12-21,2019Q1,-1,diag4,student_t_ar1,2.83164089110044,2.7922910444571287,0.06714882107017417,0.7974761013789012,2.520756202743435,2.489509162906772,0.3108846883570049,2019-04-28,6.0,0,True,False
2018-12-28,2018Q4,13,diag4,student_t_ar1,2.3572563767507493,2.329902127829662,-0.13577953277581672,0.6931558013658059,0.5677817986818878,0.5661759932739241,1.7894745780688615,2019-01-28,4.0,0,True,False
2018-12-28,2019Q1,0,diag4,student_t_ar1,2.831446316941899,2.792101828043847,0.06706577977336291,0.7974757567090122,2.520756202743435,2.489509162906772,0.31069011419846415,2019-04-28,4.0,0,True,False
2019-01-04,2018Q4,14,diag4,student_t_ar1,2.28459964866472,2.258893456827428,-0.16694306675577236,0.6938815237246012,0.5677817986818878,0.5661759932739241,1.7168178499828324,2019-01-28,11.0,11,False,True
2019-01-04,2019Q1,1,diag4,student_t_ar1,2.5139789188391104,2.482898298749756,-0.06863419258037164,0.7987428613040761,2.520756202743435,2.489509162906772,-0.006777283904324527,2019-04-28,11.0,0,True,False
2019-01-04,2019Q2,-12,diag4,student_t_ar1,2.693724202734127,2.6580821024078753,0.008248621039191831,0.8234219351321702,3.3826649590035895,3.326711173158321,-0.6889407562694627,2019-07-28,11.0,0,True,False
2019-01-11,2018Q4,15,diag4,student_t_ar1,2.2929786523522955,2.26708497396421,-0.16334806041307562,0.6929161087852659,0.5677817986818878,0.5661759932739241,1.7251968536704076,2019-01-28,6.0,0,True,False
2019-01-11,2019Q1,2,diag4,student_t_ar1,2.5587672348540202,2.5265787171057603,-0.04946419288198007,0.7925759085728642,2.520756202743435,2.489509162906772,0.03801103211058532,2019-04-28,6.0,0,True,False
2019-01-11,2019Q2,-11,diag4,student_t_ar1,2.7236570703099705,2.687225563980801,0.021038795002493046,0.8212978225147648,3.3826649590035895,3.326711173158321,-0.659007888693619,2019-07-28,6.0,0,True,False
2019-01-18,2018Q4,16,diag4,student_t_ar1,2.2756079630010584,2.2501022204726913,-0.17080127152146973,0.6883461735117081,0.5677817986818878,0.5661759932739241,1.7078261643191706,2019-01-28,11.0,0,True,False
2019-01-18,2019Q1,3,diag4,student_t_ar1,2.518027300209913,2.4868473225592393,-0.06690108680698496,0.7676414902573243,2.520756202743435,2.489509162906772,-0.002728902533521982,2019-04-28,11.0,0,True,False
2019-01-18,2019Q2,-10,diag4,student_t_ar1,2.722310345987111,2.6859145386637007,0.020463426087100382,0.8203863418393424,3.3826649590035895,3.326711173158321,-0.6603546130164784,2019-07-28,11.0,0,True,False
2019-01-25,2018Q4,17,diag4,student_t_ar1,2.2757630250741068,2.250253832336549,-0.1707347337113064,0.6883462441502427,0.5677817986818878,0.5661759932739241,1.707981226392219,2019-01-28,0.0,0,True,False
2019-01-25,2019Q1,4,diag4,student_t_ar1,2.5342637631779796,2.5026837347424924,-0.059950969839187296,0.7662371410182255,2.520756202743435,2.489509162906772,0.013507560434544708,2019-04-28,0.0,0,True,False
2019-01-25,2019Q2,-9,diag4,student_t_ar1,2.7354476929746685,2.6987029065801726,0.026075849647324557,0.8197978193586412,3.3826649590035895,3.326711173158321,-0.647217266028921,2019-07-28,0.0,0,True,False
2019-02-01,2019Q1,5,diag4,student_t_ar1,2.6531627953462866,2.618576845222512,-0.0024007244067104265,0.7628508120081111,2.520756202743435,2.489509162906772,0.1324065926028517,2019-04-28,13.0,11,False,True
2019-02-01,2019Q2,-8,diag4,student_t_ar1,2.65680656572731,2.6221263761028073,-0.0008419141000922713,0.8163331578063281,3.3826649590035895,3.326711173158321,-0.7258583932762797,2019-07-28,13.0,0,True,False
2019-02-08,2019Q1,6,diag4,student_t_ar1,2.8350613744395625,2.795617283757672,0.07534827104754398,0.7620174829562847,2.520756202743435,2.489509162906772,0.3143051716961276,2019-04-28,10.0,0,True,False
2019-02-08,2019Q2,-7,diag4,student_t_ar1,2.8030411922730814,2.764475017781081,0.06167184821509441,0.8146274673977741,3.3826649590035895,3.326711173158321,-0.5796237667305082,2019-07-28,10.0,0,True,False
2019-02-15,2019Q1,7,diag4,student_t_ar1,2.7208587275428853,2.6845013805131654,0.026550663406412888,0.7587329835207587,2.520756202743435,2.489509162906772,0.20010252479945034,2019-04-28,6.0,0,True,False
2019-02-15,2019Q2,-6,diag4,student_t_ar1,2.7496447844545857,2.712521029667685,0.03885575930862329,0.8138600305335693,3.3826649590035895,3.326711173158321,-0.6330201745490038,2019-07-28,6.0,0,True,False
2019-02-22,2019Q1,8,diag4,student_t_ar1,1.3756247878842665,1.3662489564220055,-0.5523724491674891,0.7160166419459715,2.520756202743435,2.489509162906772,-1.1451314148591685,2019-04-28,6.0,0,True,False
2019-02-22,2019Q2,-5,diag4,student_t_ar1,2.4739704272808805,2.443863328944093,-0.07912782978060419,0.8129984123381817,3.3826649590035895,3.326711173158321,-0.9086945317227091,2019-07-28,6.0,0,True,False
2019-03-01,2019Q1,9,diag4,student_t_ar1,1.2486709601957413,1.2409393593351796,-0.607403352699414,0.7181216622780696,2.520756202743435,2.489509162906772,-1.2720852425476936,2019-04-28,7.0,12,False,True
2019-03-01,2019Q2,-4,diag4,student_t_ar1,2.246903622412044,2.222032605489988,-0.17654690562649883,0.8116185268647611,3.3826649590035895,3.326711173158321,-1.1357613365915453,2019-07-28,7.0,0,True,False
2019-03-08,2019Q1,10,diag4,student_t_ar1,1.143981236777858,1.1374872511500806,-0.6528353317182578,0.721332596216752,2.520756202743435,2.489509162906772,-1.376774965965577,2019-04-28,12.0,0,True,False
2019-03-08,2019Q2,-3,diag4,student_t_ar1,2.099574363904999,2.077837035802121,-0.23987176397494375,0.8108765605184968,3.3826649590035895,3.326711173158321,-1.2830905950985905,2019-07-28,12.0,0,True,False
2019-03-15,2019Q1,11,diag4,student_t_ar1,1.1758357083936355,1.1689764768324302,-0.639006538225133,0.7221011130766849,2.520756202743435,2.489509162906772,-1.3449204943497994,2019-04-28,6.0,0,True,False
2019-03-15,2019Q2,-2,diag4,student_t_ar1,2.207291814729051,2.1832837717045597,-0.19356382518887663,0.8106829562229771,3.3826649590035895,3.326711173158321,-1.1753731442745385,2019-07-28,6.0,0,True,False
2019-03-22,2019Q1,12,diag4,student_t_ar1,0.894312203707659,0.8903369155310488,-0.7613737564959695,0.6950552396626101,2.520756202743435,2.489509162906772,-1.626443999035776,2019-04-28,7.0,0,True,False
2019-03-22,2019Q2,-1,diag4,student_t_ar1,2.1131569489636126,2.091139423945414,-0.23402989347439018,0.7987194026010337,3.3826649590035895,3.326711173158321,-1.269508010039977,2019-07-28,7.0,0,True,False
2019-03-29,2019Q1,13,diag4,student_t_ar1,0.8966329926393568,0.8926371068796173,-0.7603636055486296,0.695054562919283,2.520756202743435,2.489509162906772,-1.6241232101040781,2019-04-28,4.0,0,True,False
2019-03-29,2019Q2,0,diag4,student_t_ar1,2.1135629434086534,2.091537015842552,-0.23385528720443852,0.7987195645898795,3.3826649590035895,3.326711173158321,-1.2691020155949362,2019-07-28,4.0,0,True,False
2019-04-05,2019Q1,14,diag4,student_t_ar1,0.9862174301778825,0.9813860454159125,-0.7213886635753699,0.696121154912171,2.520756202743435,2.489509162906772,-1.5345387725655524,2019-04-28,13.0,12,False,True
2019-04-05,2019Q2,1,diag4,student_t_ar1,2.474382449121171,2.4442654027685458,-0.07895125522956783,0.7976400610059978,3.3826649590035895,3.326711173158321,-0.9082825098824188,2019-07-28,13.0,0,True,False
2019-04-05,2019Q3,-12,diag4,student_t_ar1,2.825384368998196,2.7862066210378447,0.07121548884772984,0.8229337113112878,4.762784209178728,4.652841032363623,-1.9373998401805315,2019-10-28,13.0,0,True,False
2019-04-12,2019Q1,15,diag4,student_t_ar1,0.986128544742404,0.9812980279845547,-0.7214273172689958,0.6961204387859754,2.520756202743435,2.489509162906772,-1.534627658001031,2019-04-28,4.0,0,True,False
2019-04-12,2019Q2,2,diag4,student_t_ar1,2.474502774540843,2.444382822699421,-0.07889968914812678,0.7976445674912624,3.3826649590035895,3.326711173158321,-0.9081621844627463,2019-07-28,4.0,0,True,False
2019-04-12,2019Q3,-11,diag4,student_t_ar1,2.8254858377734005,2.786305301656217,0.07125882538153398,0.8229339067485724,4.762784209178728,4.652841032363623,-1.9372983714053271,2019-10-28,4.0,0,True,False
2019-04-19,2019Q1,16,diag4,student_t_ar1,0.8573692553981216,0.853714718922564,-0.7774567430791304,0.6908117339573052,2.520756202743435,2.489509162906772,-1.6633869473453133,2019-04-28,11.0,0,True,False
2019-04-19,2019Q2,3,diag4,student_t_ar1,2.1400516039623563,2.117474045902866,-0.22246479332099897,0.768044517673044,3.3826649590035895,3.326711173158321,-1.2426133550412333,2019-07-28,11.0,0,True,False
2019-04-19,2019Q3,-10,diag4,student_t_ar1,2.75407694582821,2.7168344905986825,0.0407500567758636,0.8213809112167871,4.762784209178728,4.652841032363623,-2.0087072633505176,2019-10-28,11.0,0,True,False
2019-04-26,2019Q1,17,diag4,student_t_ar1,0.8591876675629218,0.8555176568594365,-0.7766649657054522,0.6908090824425765,2.520756202743435,2.489509162906772,-1.6615685351805132,2019-04-28,4.0,0,True,False
2019-04-26,2019Q2,4,diag4,student_t_ar1,2.140745749014683,2.118153644828766,-0.22216634097735538,0.7680441249245011,3.3826649590035895,3.326711173158321,-1.2419192099889065,2019-07-28,4.0,0,True,False
2019-04-26,2019Q3,-9,diag4,student_t_ar1,2.7542726584854904,2.717024957465526,0.04083370211523868,0.8213807547282843,4.762784209178728,4.652841032363623,-2.008511550693237,2019-10-28,4.0,0,True,False
2019-05-03,2019Q2,5,diag4,student_t_ar1,1.7645378477882723,1.7491506239449193,-0.3852001422710591,0.77267241592976,3.3826649590035895,3.326711173158321,-1.6181271112153173,2019-07-28,11.0,12,False,True
2019-05-03,2019Q3,-8,diag4,student_t_ar1,2.637012584549714,2.602842813333258,-0.008911929700878356,0.8177475903410386,4.762784209178728,4.652841032363623,-2.1257716246290137,2019-10-28,11.0,0,True,False
2019-05-10,2019Q2,6,diag4,student_t_ar1,1.9930523292787106,1.973451055745124,-0.2863335840315001,0.7751146304000053,3.3826649590035895,3.326711173158321,-1.389612629724879,2019-07-28,8.0,0,True,False
2019-05-10,2019Q3,-7,diag4,student_t_ar1,2.820066303236879,2.7810345486724026,0.06963095779301709,0.8165045468794964,4.762784209178728,4.652841032363623,-1.9427179059418487,2019-10-28,8.0,0,True,False
2019-05-17,2019Q2,7,diag4,student_t_ar1,1.1399385165547393,1.1334901759217832,-0.6565693458510621,0.718551812132111,3.3826649590035895,3.326711173158321,-2.24272644244885,2019-07-28,10.0,0,True,False
2019-05-17,2019Q3,-6,diag4,student_t_ar1,2.821797338009624,2.782718091840251,0.07037302555150068,0.815414279219465,4.762784209178728,4.652841032363623,-1.9409868711691036,2019-10-28,10.0,0,True,False
2019-05-24,2019Q2,8,diag4,student_t_ar1,1.2087808599150707,1.2015334491666667,-0.6265774096649216,0.718823566366659,3.3826649590035895,3.326711173158321,-2.173884099088519,2019-07-28,2.0,0,True,False
2019-05-24,2019Q3,-5,diag4,student_t_ar1,2.937869845828933,2.8955414859684057,0.12010302641164941,0.8148797815562062,4.762784209178728,4.652841032363623,-1.8249143633497944,2019-10-28,2.0,0,True,False
2019-05-31,2019Q2,9,diag4,student_t_ar1,1.2090466458584581,1.2017960603671258,-0.6264616565861773,0.718801680249485,3.3826649590035895,3.326711173158321,-2.1736183131451314,2019-07-28,8.0,0,True,False
2019-05-31,2019Q3,-4,diag4,student_t_ar1,2.9391596816568555,2.896794501742823,0.12065532743060996,0.8148509918129969,4.762784209178728,4.652841032363623,-1.823624527521872,2019-10-28,8.0,0,True,False
2019-06-07,2019Q2,10,diag4,student_t_ar1,1.1620268795027533,1.155327198604721,-0.646944080052268,0.7157724488628813,3.3826649590035895,3.326711173158321,-2.2206380795008362,2019-07-28,12.0,13,False,True
2019-06-07,2019Q3,-3,diag4,student_t_ar1,2.876476440656428,2.835882469868552,0.09380668118211868,0.8101104512257286,4.762784209178728,4.652841032363623,-1.8863077685222995,2019-10-28,12.0,0,True,False
2019-06-14,2019Q2,11,diag4,student_t_ar1,1.2060036077222502,1.1987893292642644,-0.6277869556652113,0.7144344921016187,3.3826649590035895,3.326711173158321,-2.1766613512813393,2019-07-28,6.0,0,True,False
2019-06-14,2019Q3,-2,diag4,student_t_ar1,2.8773778661833616,2.8367586872594606,0.09419289799415738,0.8091996464307661,4.762784209178728,4.652841032363623,-1.885406342995366,2019-10-28,6.0,0,True,False
2019-06-21,2019Q2,12,diag4,student_t_ar1,1.103529234201428,1.097484777921467,-0.6724397111007714,0.6981259958460557,3.3826649590035895,3.326711173158321,-2.2791357248021615,2019-07-28,6.0,0,True,False
2019-06-21,2019Q3,-1,diag4,student_t_ar1,2.544572412200652,2.51273708712502,-0.04862849625577334,0.8028750729538718,4.762784209178728,4.652841032363623,-2.2182117969780757,2019-10-28,6.0,0,True,False
2019-06-28,2019Q2,13,diag4,student_t_ar1,1.099129346864447,1.093132819971391,-0.674357955754489,0.6981260395829694,3.3826649590035895,3.326711173158321,-2.2835356121391426,2019-07-28,4.0,0,True,False
2019-06-28,2019Q3,0,diag4,student_t_ar1,2.543715690940429,2.511901621318417,-0.048996750690964166,0.8028755829756375,4.762784209178728,4.652841032363623,-2.2190685182382985,2019-10-28,4.0,0,True,False
2019-07-05,2019Q2,14,diag4,student_t_ar1,1.1588955359008501,1.1522317761790337,-0.6483084722608299,0.6982118597369321,3.3826649590035895,3.326711173158321,-2.2237694231027394,2019-07-28,13.0,5,True,True
2019-07-05,2019Q3,1,diag4,student_t_ar1,2.7592730868837068,2.7218912336820806,0.04356192195103643,0.7945946247442248,4.762784209178728,4.652841032363623,-2.003511122295021,2019-10-28,13.0,0,True,False
2019-07-05,2019Q4,-12,diag4,student_t_ar1,2.5287050888739726,2.497262303133964,-0.055449431108271316,0.8250505277816401,2.755535957854649,2.718254387221374,-0.2268308689806764,2020-01-28,13.0,0,True,False
2019-07-12,2019Q2,15,diag4,student_t_ar1,1.1581936795707515,1.1515379580415457,-0.6486142916065488,0.6982130662480486,3.3826649590035895,3.326711173158321,-2.224471279432838,2019-07-28,4.0,0,True,False
2019-07-12,2019Q3,2,diag4,student_t_ar1,2.7592727172565334,2.721890873980062,0.04356176340252048,0.7945979098262419,4.762784209178728,4.652841032363623,-2.003511491922194,2019-10-28,4.0,0,True,False
2019-07-12,2019Q4,-11,diag4,student_t_ar1,2.528746014735339,2.497302219617012,-0.055431836825173546,0.825050733908505,2.755535957854649,2.718254387221374,-0.2267899431193099,2020-01-28,4.0,0,True,False
2019-07-19,2019Q2,16,diag4,student_t_ar1,1.133984300984392,1.1276028964453861,-0.659164325515409,0.6941078955616948,3.3826649590035895,3.326711173158321,-2.2486806580191976,2019-07-28,11.0,0,True,False
2019-07-19,2019Q3,3,diag4,student_t_ar1,2.630935696040826,2.5969218806581242,-0.011521742934229768,0.7718812052235331,4.762784209178728,4.652841032363623,-2.1318485131379017,2019-10-28,11.0,0,True,False
2019-07-19,2019Q4,-10,diag4,student_t_ar1,2.4919680927040666,2.4614249448880967,-0.07124572823409661,0.824254277186484,2.755535957854649,2.718254387221374,-0.2635678651505824,2020-01-28,11.0,0,True,False
2019-07-26,2019Q2,17,diag4,student_t_ar1,1.133198700503546,1.1268261016443644,-0.6595067190980652,0.6941026926584151,3.3826649590035895,3.326711173158321,-2.2494662585000436,2019-07-28,4.0,0,True,False
2019-07-26,2019Q3,4,diag4,student_t_ar1,2.7754211516442195,2.7376044589879776,0.0504879563432509,0.7721135489924086,4.762784209178728,4.652841032363623,-1.987363057534508,2019-10-28,4.0,0,True,False
2019-07-26,2019Q4,-9,diag4,student_t_ar1,2.606118874279151,2.5727383121162997,-0.022181313085259995,0.8239503806392079,2.755535957854649,2.718254387221374,-0.1494170835754982,2020-01-28,4.0,0,True,False
2019-08-02,2019Q3,5,diag4,student_t_ar1,2.503051719242122,2.472238501782318,-0.06895484549157156,0.7684980317973185,4.762784209178728,4.652841032363623,-2.2597324899366056,2019-10-28,10.0,2,True,True
2019-08-02,2019Q4,-8,diag4,student_t_ar1,2.628679068475104,2.594723077383158,-0.014787305552666575,0.8200614562093594,2.755535957854649,2.718254387221374,-0.1268568893795452,2020-01-28,10.0,0,True,False
2019-08-09,2019Q3,6,diag4,student_t_ar1,2.496959621620043,2.466294992234179,-0.07158330127261014,0.7629262281733477,4.762784209178728,4.652841032363623,-2.2658245875586847,2019-10-28,9.0,0,True,False
2019-08-09,2019Q4,-7,diag4,student_t_ar1,2.6259298252123475,2.5920442159653896,-0.015972004378016276,0.8183150005832907,2.755535957854649,2.718254387221374,-0.12960613264230147,2020-01-28,9.0,0,True,False
2019-08-16,2019Q3,7,diag4,student_t_ar1,2.6380823415116605,2.6038850800167506,-0.010735504408392065,0.7606540983385942,4.762784209178728,4.652841032363623,-2.124701867667067,2019-10-28,8.0,0,True,False
2019-08-16,2019Q4,-6,diag4,student_t_ar1,2.6819676184981045,2.6466332457835993,0.008169430887598198,0.8180653990552934,2.755535957854649,2.718254387221374,-0.0735683393565445,2020-01-28,8.0,0,True,False
2019-08-23,2019Q3,8,diag4,student_t_ar1,1.870158271406619,1.8528858273289495,-0.34285717617401773,0.7224651863398076,4.762784209178728,4.652841032363623,-2.8926259377721086,2019-10-28,4.0,0,True,False
2019-08-23,2019Q4,-5,diag4,student_t_ar1,2.574469242512123,2.541887799103776,-0.038153162292933154,0.8161380630806331,2.755535957854649,2.718254387221374,-0.18106671534252605,2020-01-28,4.0,0,True,False
2019-08-30,2019Q3,9,diag4,student_t_ar1,1.8574377643710838,1.840398066908078,-0.348379759389307,0.7224315814544803,4.762784209178728,4.652841032363623,-2.905346444807644,2019-10-28,8.0,0,True,False
2019-08-30,2019Q4,-4,diag4,student_t_ar1,2.5559708387003166,2.523852051844982,-0.04612928545110506,0.816076384560907,2.755535957854649,2.718254387221374,-0.1995651191543324,2020-01-28,8.0,0,True,False
2019-09-06,2019Q3,10,diag4,student_t_ar1,1.8623471754419807,1.8452178354674247,-0.34624826646741047,0.7230589144088241,4.762784209178728,4.652841032363623,-2.900437033736747,2019-10-28,10.0,5,True,True
2019-09-06,2019Q4,-3,diag4,student_t_ar1,2.550700365863179,2.5187128013200293,-0.04840206597633314,0.8141293947515056,2.755535957854649,2.718254387221374,-0.20483559199147017,2020-01-28,10.0,0,True,False
2019-09-13,2019Q3,11,diag4,student_t_ar1,1.847380741570337,1.8305239530970376,-0.35274648435526385,0.723262776084658,4.762784209178728,4.652841032363623,-2.9154034676083906,2019-10-28,6.0,0,True,False
2019-09-13,2019Q4,-2,diag4,student_t_ar1,2.488676219118746,2.458213057642185,-0.07515745346808415,0.8138360057801594,2.755535957854649,2.718254387221374,-0.26685973873590285,2020-01-28,6.0,0,True,False
2019-09-20,2019Q3,12,diag4,student_t_ar1,2.42318079662156,2.3942875965376853,-0.10342782915012333,0.7041652377507787,4.762784209178728,4.652841032363623,-2.3396034125571674,2019-10-28,8.0,0,True,False
2019-09-20,2019Q4,-1,diag4,student_t_ar1,2.862416054118855,2.822214284540087,0.08581833388376635,0.8041541890979171,2.755535957854649,2.718254387221374,0.1068800962642058,2020-01-28,8.0,0,True,False
2019-09-27,2019Q3,13,diag4,student_t_ar1,2.4175433022612713,2.3887833254641424,-0.1058620362472059,0.7041728328279677,4.762784209178728,4.652841032363623,-2.3452409069174562,2019-10-28,4.0,0,True,False
2019-09-27,2019Q4,0,diag4,student_t_ar1,2.8614730218593287,2.821297490419808,0.08541289114224258,0.8041555445879716,2.755535957854649,2.718254387221374,0.10593706400467973,2020-01-28,4.0,0,True,False
2019-10-04,2019Q3,14,diag4,student_t_ar1,2.3459741248164523,2.3188790952003338,-0.13677646090956544,0.7047197770179617,4.762784209178728,4.652841032363623,-2.4168100843622753,2019-10-28,9.0,12,False,True
2019-10-04,2019Q4,1,diag4,student_t_ar1,2.5190717828964315,2.48786614568072,-0.062043681201168724,0.8023123036666638,2.755535957854649,2.718254387221374,-0.23646417495821748,2020-01-28,9.0,0,True,False
2019-10-04,2020Q1,-12,diag4,student_t_ar1,2.3361508353269667,2.309280514475287,-0.14102133421079774,0.8285298274249737,-5.16223383893778,-5.300247883185935,7.498384674264747,2020-04-28,9.0,0,True,False
2019-10-11,2019Q3,15,diag4,student_t_ar1,2.3845084376583836,2.356523038412572,-0.12012881538028791,0.7043681777187507,4.762784209178728,4.652841032363623,-2.378275771520344,2019-10-28,7.0,0,True,False
2019-10-11,2019Q4,2,diag4,student_t_ar1,2.6737096160777574,2.6385906121091733,0.004612659117467966,0.7997318042847559,2.755535957854649,2.718254387221374,-0.08182634177689163,2020-01-28,7.0,0,True,False
2019-10-11,2020Q1,-11,diag4,student_t_ar1,2.470950850046316,2.4409166082193705,-0.0828066297853111,0.8270702510399004,-5.16223383893778,-5.300247883185935,7.633184688984096,2020-04-28,7.0,0,True,False
2019-10-18,2019Q3,16,diag4,student_t_ar1,2.2544458058706196,2.2294087753617977,-0.17634378683143645,0.6997996629206379,4.762784209178728,4.652841032363623,-2.508338403308108,2019-10-28,12.0,0,True,False
2019-10-18,2019Q4,3,diag4,student_t_ar1,2.3961086146785604,2.367852408544935,-0.11511851831947834,0.7750842763482799,2.755535957854649,2.718254387221374,-0.3594273431760886,2020-01-28,12.0,0,True,False
2019-10-18,2020Q1,-10,diag4,student_t_ar1,2.457721394130652,2.4280053295884447,-0.08851650955974207,0.8262007973919537,-5.16223383893778,-5.300247883185935,7.619955233068432,2020-04-28,12.0,0,True,False
2019-10-25,2019Q3,17,diag4,student_t_ar1,2.2537909044374693,2.2287683107588347,-0.17662702569469962,0.6998009691051186,4.762784209178728,4.652841032363623,-2.5089933047412583,2019-10-28,0.0,0,True,False
2019-10-25,2019Q4,4,diag4,student_t_ar1,2.3274718935392347,2.300799337725643,-0.14477204713168323,0.7738644294523378,2.755535957854649,2.718254387221374,-0.4280640643154143,2020-01-28,0.0,0,True,False
2019-10-25,2020Q1,-9,diag4,student_t_ar1,2.4031398764004175,2.3747189002693148,-0.11208188319300634,0.8256562315165643,-5.16223383893778,-5.300247883185935,7.565373715338198,2020-04-28,0.0,0,True,False
2019-11-01,2019Q4,5,diag4,student_t_ar1,2.294885505436084,2.2689490660419063,-0.16542152118215667,0.7711993853554848,2.755535957854649,2.718254387221374,-0.46065045241856506,2020-01-28,13.0,12,False,True
2019-11-01,2020Q1,-8,diag4,student_t_ar1,2.632848975720714,2.598786096192292,-0.01944654324102476,0.8222379159882374,-5.16223383893778,-5.300247883185935,7.795082814658494,2020-04-28,13.0,0,True,False
2019-11-08,2019Q4,6,diag4,student_t_ar1,2.3092832747441783,2.2830228451029053,-0.15919293130235748,0.7657334443025345,2.755535957854649,2.718254387221374,-0.4462526831104707,2020-01-28,10.0,0,True,False
2019-11-08,2020Q1,-7,diag4,student_t_ar1,2.647916659417815,2.6134661697759434,-0.012949627426051871,0.8205459090885309,-5.16223383893778,-5.300247883185935,7.810150498355595,2020-04-28,10.0,0,True,False
2019-11-15,2019Q4,7,diag4,student_t_ar1,2.2994215218171243,2.273383223030619,-0.16345910971998792,0.7630131284181874,2.755535957854649,2.718254387221374,-0.45611443603752466,2020-01-28,6.0,0,True,False
2019-11-15,2020Q1,-6,diag4,student_t_ar1,2.663277886767035,2.628430017618568,-0.006327122494614434,0.8202617773480854,-5.16223383893778,-5.300247883185935,7.825511725704815,2020-04-28,6.0,0,True,False
2019-11-22,2019Q4,8,diag4,student_t_ar1,1.2360282166241188,1.2284517554426884,-0.6259112724186294,0.7271638050791017,2.755535957854649,2.718254387221374,-1.5195077412305302,2020-01-28,6.0,0,True,False
2019-11-22,2020Q1,-5,diag4,student_t_ar1,2.607054763505934,2.573650426295125,-0.030570760728374675,0.8186560055919347,-5.16223383893778,-5.300247883185935,7.769288602443714,2020-04-28,6.0,0,True,False
2019-11-29,2019Q4,9,diag4,student_t_ar1,1.238042617108559,1.2304415415681185,-0.6250306587845726,0.7271536944045697,2.755535957854649,2.718254387221374,-1.51749334074609,2020-01-28,4.0,0,True,False
2019-11-29,2020Q1,-4,diag4,student_t_ar1,2.607149791859542,2.5737430401118067,-0.030529772911327725,0.818654480077147,-5.16223383893778,-5.300247883185935,7.769383630797322,2020-04-28,4.0,0,True,False
2019-12-06,2019Q4,10,diag4,student_t_ar1,1.2779597608985727,1.269862766397974,-0.6075841264096999,0.727106185086183,2.755535957854649,2.718254387221374,-1.4775761969560763,2020-01-28,13.0,6,True,True
2019-12-06,2020Q1,-3,diag4,student_t_ar1,2.653270721662415,2.618681982031217,-0.010641281154071754,0.8168693388964533,-5.16223383893778,-5.300247883185935,7.815504560600195,2020-04-28,13.0,0,True,False
2019-12-13,2019Q4,11,diag4,student_t_ar1,1.2819920306792243,1.2738440763711762,-0.6058221300830594,0.7261816572358978,2.755535957854649,2.718254387221374,-1.4735439271754247,2020-01-28,6.0,0,True,False
2019-12-13,2020Q1,-2,diag4,student_t_ar1,2.669317494596002,2.634312773660777,-0.003723608925798428,0.816122339288086,-5.16223383893778,-5.300247883185935,7.831551333533782,2020-04-28,6.0,0,True,False
2019-12-20,2019Q4,12,diag4,student_t_ar1,1.6228437579361543,1.6098164020701584,-0.4571318729267332,0.7091919993100412,2.755535957854649,2.718254387221374,-1.1326921999184947,2020-01-28,9.0,0,True,False
2019-12-20,2020Q1,-1,diag4,student_t_ar1,2.834047613624846,2.7946314664711402,0.06722815060185006,0.8074438796645266,-5.16223383893778,-5.300247883185935,7.996281452562626,2020-04-28,9.0,0,True,False
2019-12-27,2019Q4,13,diag4,student_t_ar1,1.6134536224105878,1.6005757933272453,-0.4612214612206684,0.7092103893627202,2.755535957854649,2.718254387221374,-1.1420823354440612,2020-01-28,4.0,0,True,False
2019-12-27,2020Q1,0,diag4,student_t_ar1,2.832517133935597,2.793143154852613,0.06656947302527534,0.8074466986007423,-5.16223383893778,-5.300247883185935,7.994750972873377,2020-04-28,4.0,0,True,False
2020-01-03,2019Q4,14,diag4,student_t_ar1,1.57143697823805,1.5592177527296094,-0.47952516429844516,0.7091515923526323,2.755535957854649,2.718254387221374,-1.184098979616599,2020-01-28,8.0,11,False,True
2020-01-03,2020Q1,1,diag4,student_t_ar1,2.624411266829263,2.590564502582174,-0.023085149086252765,0.8047688269952104,-5.16223383893778,-5.300247883185935,7.786645105767043,2020-04-28,8.0,0,True,False
2020-01-03,2020Q2,-12,diag4,student_t_ar1,2.3678195223423293,2.340221474938996,-0.13387870650237255,0.8319132589563556,-27.97614656719044,-32.81728241610834,30.34396608953277,2020-07-28,8.0,0,True,False
2020-01-10,2019Q4,15,diag4,student_t_ar1,1.5928604005634561,1.580307503912474,-0.4701915368330905,0.7084193494033769,2.755535957854649,2.718254387221374,-1.1626755572911929,2020-01-28,8.0,0,True,False
2020-01-10,2020Q1,2,diag4,student_t_ar1,2.7383787825552064,2.701555911881139,0.02603598360368327,0.8000596620930011,-5.16223383893778,-5.300247883185935,7.900612621492987,2020-04-28,8.0,0,True,False
2020-01-10,2020Q2,-11,diag4,student_t_ar1,2.454864294941861,2.4252167266538134,-0.09626261473573701,0.8301863716289438,-27.97614656719044,-32.81728241610834,30.4310108621323,2020-07-28,8.0,0,True,False
2020-01-17,2019Q4,16,diag4,student_t_ar1,1.5044563975687542,1.4932516924703014,-0.508719564292968,0.704566824759288,2.755535957854649,2.718254387221374,-1.2510795602858948,2020-01-28,10.0,0,True,False
2020-01-17,2020Q1,3,diag4,student_t_ar1,2.6237930478058225,2.589962091442455,-0.023351756364374157,0.7791150476889804,-5.16223383893778,-5.300247883185935,7.786026886743603,2020-04-28,10.0,0,True,False
2020-01-17,2020Q2,-10,diag4,student_t_ar1,2.496893282899504,2.4662302695904548,-0.07811137494700193,0.8294492504617215,-27.97614656719044,-32.81728241610834,30.473039850089943,2020-07-28,10.0,0,True,False
2020-01-24,2019Q4,17,diag4,student_t_ar1,1.505299950336747,1.4940827390004638,-0.5083517705408438,0.7045646828671003,2.755535957854649,2.718254387221374,-1.250236007517902,2020-01-28,2.0,0,True,False
2020-01-24,2020Q1,4,diag4,student_t_ar1,2.7295449842821506,2.692957199131677,0.02223047728029526,0.7789737850266893,-5.16223383893778,-5.300247883185935,7.891778823219931,2020-04-28,2.0,0,True,False
2020-01-24,2020Q2,-9,diag4,student_t_ar1,2.575786964493787,2.543172439938301,-0.044059311071248525,0.8289884431109882,-27.97614656719044,-32.81728241610834,30.551933531684227,2020-07-28,2.0,0,True,False
2020-01-31,2020Q1,5,diag4,student_t_ar1,2.7412938886834937,2.704393278799814,0.027150681979017162,0.778680009752351,-5.16223383893778,-5.300247883185935,7.903527727621274,2020-04-28,10.0,0,True,False
2020-01-31,2020Q2,-8,diag4,student_t_ar1,2.685826688307791,2.650391449277166,0.003164916020462144,0.8271063934572,-27.97614656719044,-32.81728241610834,30.661973255498232,2020-07-28,10.0,0,True,False
2020-02-07,2020Q1,6,diag4,student_t_ar1,3.0504708387726565,3.0048690370181874,0.16061173832753708,0.7768053838136821,-5.16223383893778,-5.300247883185935,8.212704677710438,2020-04-28,13.0,3,True,True
2020-02-07,2020Q2,-7,diag4,student_t_ar1,2.917739216355275,2.8759834767117995,0.1033651799743661,0.8231344765380626,-27.97614656719044,-32.81728241610834,30.893885783545716,2020-07-28,13.0,0,True,False
2020-02-14,2020Q1,7,diag4,student_t_ar1,2.9679700849192026,2.9247783831004317,0.12503820873937277,0.7721328654289636,-5.16223383893778,-5.300247883185935,8.130203923856982,2020-04-28,6.0,0,True,False
2020-02-14,2020Q2,-6,diag4,student_t_ar1,2.9078531990985645,2.866377268709877,0.0990984308860472,0.8227280442611336,-27.97614656719044,-32.81728241610834,30.883999766289005,2020-07-28,6.0,0,True,False
2020-02-21,2020Q1,8,diag4,student_t_ar1,1.8069366271948661,1.7908055563257932,-0.37863374213352186,0.729378880003147,-5.16223383893778,-5.300247883185935,6.969170466132646,2020-04-28,6.0,0,True,False
2020-02-21,2020Q2,-5,diag4,student_t_ar1,2.9187922887388584,2.877006689040424,0.10381965589966796,0.8217359981655553,-27.97614656719044,-32.81728241610834,30.894938855929297,2020-07-28,6.0,0,True,False
2020-02-28,2020Q1,9,diag4,student_t_ar1,1.811657511870779,1.7954425441183046,-0.37657415072843414,0.729365478236624,-5.16223383893778,-5.300247883185935,6.973891350808559,2020-04-28,4.0,0,True,False
2020-02-28,2020Q2,-4,diag4,student_t_ar1,2.918919616679694,2.877130405865358,0.10387460668252535,0.821733092643213,-27.97614656719044,-32.81728241610834,30.895066183870135,2020-07-28,4.0,0,True,False
2020-03-06,2020Q1,10,diag4,student_t_ar1,1.805160554457963,1.7890609912812407,-0.3794086182669418,0.7254858604764183,-5.16223383893778,-5.300247883185935,6.967394393395743,2020-04-28,13.0,7,True,True
2020-03-06,2020Q2,-3,diag4,student_t_ar1,2.899100151194278,2.857871192732288,0.09532032282142008,0.8160709367741988,-27.97614656719044,-32.81728241610834,30.87524671838472,2020-07-28,13.0,0,True,False
2020-03-13,2020Q1,11,diag4,student_t_ar1,1.7851227248149693,1.7693765256132978,-0.38815178476155976,0.7269335772259967,-5.16223383893778,-5.300247883185935,6.9473565637527495,2020-04-28,6.0,0,True,False
2020-03-13,2020Q2,-2,diag4,student_t_ar1,2.8066722526109977,2.7680070107764068,0.055405726306744826,0.8163369544707485,-27.97614656719044,-32.81728241610834,30.782818819801438,2020-07-28,6.0,0,True,False
2020-03-20,2020Q1,12,diag4,student_t_ar1,1.8764077265705392,1.8590203652390864,-0.3483350567748044,0.7094775598665889,-5.16223383893778,-5.300247883185935,7.038641565508319,2020-04-28,9.0,0,True,False
2020-03-20,2020Q2,-1,diag4,student_t_ar1,2.6366719537520344,2.602510933678603,-0.0181019716252689,0.8107785407869073,-27.97614656719044,-32.81728241610834,30.612818520942476,2020-07-28,9.0,0,True,False
2020-03-27,2020Q1,13,diag4,student_t_ar1,1.8837225184506812,1.8662001720781154,-0.3451460321067354,0.7094602528662903,-5.16223383893778,-5.300247883185935,7.045956357388461,2020-04-28,4.0,0,True,False
2020-03-27,2020Q2,0,diag4,student_t_ar1,2.637910848449909,2.603717994660997,-0.01756583641508562,0.810776399104959,-27.97614656719044,-32.81728241610834,30.61405741564035,2020-07-28,4.0,0,True,False
2020-04-03,2020Q1,14,diag4,student_t_ar1,1.7922784453359153,1.7764065009276035,-0.38502931013294295,0.7118623172823085,-5.16223383893778,-5.300247883185935,6.9545122842736955,2020-04-28,9.0,10,True,True
2020-04-03,2020Q2,1,diag4,student_t_ar1,2.1723496723690783,2.1490904024960056,-0.2194958658300631,0.81529460130975,-27.97614656719044,-32.81728241610834,30.14849623955952,2020-07-28,9.0,0,True,False
2020-04-03,2020Q3,-12,diag4,student_t_ar1,2.317466663128487,2.2910212015163784,-0.15645505855175348,0.8316137529757006,34.85500597467652,29.90299854497912,-32.53753931154804,2020-10-28,9.0,0,True,False
2020-04-10,2020Q1,15,diag4,student_t_ar1,1.3312258552119705,1.3224429052289266,-0.5866644150244532,0.8150072831837387,-5.16223383893778,-5.300247883185935,6.493459694149751,2020-04-28,7.0,0,True,False
2020-04-10,2020Q2,2,diag4,student_t_ar1,1.1254026596453137,1.1191171183826851,-0.6769747763537421,1.1857772425707263,-27.97614656719044,-32.81728241610834,29.101549226835754,2020-07-28,7.0,0,True,False
2020-04-10,2020Q3,-11,diag4,student_t_ar1,1.2382669146653535,1.2306630959389067,-0.6274298676917185,0.8350108581184924,34.85500597467652,29.90299854497912,-33.61673906001117,2020-10-28,7.0,0,True,False
2020-04-17,2020Q1,16,diag4,student_t_ar1,0.3246476167094947,0.32412177411725995,-1.0300845216021726,0.7045678217703802,-5.16223383893778,-5.300247883185935,5.486881455647275,2020-04-28,10.0,0,True,False
2020-04-17,2020Q2,3,diag4,student_t_ar1,-1.4020076397601389,-1.411928604481247,-1.8011787315837247,0.7814866562356874,-27.97614656719044,-32.81728241610834,26.5741389274303,2020-07-28,10.0,0,True,False
2020-04-17,2020Q3,-10,diag4,student_t_ar1,0.9337187979312045,0.9293865901760658,-0.761246588716107,0.830770387412055,34.85500597467652,29.90299854497912,-33.92128717674532,2020-10-28,10.0,0,True,False
2020-04-24,2020Q1,17,diag4,student_t_ar1,0.32333764909826535,0.3228160369980615,-1.0306644853778695,0.7045695718844297,-5.16223383893778,-5.300247883185935,5.4855714880360456,2020-04-28,2.0,0,True,False
2020-04-24,2020Q2,4,diag4,student_t_ar1,-1.5797087184451053,-1.5923190977775397,-1.881302019842663,0.784293584668486,-27.97614656719044,-32.81728241610834,26.396437848745336,2020-07-28,2.0,0,True,False
2020-04-24,2020Q3,-9,diag4,student_t_ar1,0.7802236515501271,0.7771956467595165,-0.8288446012662205,0.8308394349370927,34.85500597467652,29.90299854497912,-34.0747823231264,2020-10-28,2.0,0,True,False
2020-05-01,2020Q2,5,diag4,student_t_ar1,-2.2363508036072566,-2.261736314780919,-2.071216675759052,0.7892144297604647,-27.97614656719044,-32.81728241610834,25.739795763583185,2020-07-28,13.0,67,True,True
2020-05-01,2020Q3,-8,diag4,student_t_ar1,-0.2578915691671013,-0.25822468231140183,-1.2153715138181866,0.8228330671955101,34.85500597467652,29.90299854497912,-35.11289754384362,2020-10-28,13.0,0,True,False
2020-05-08,2020Q2,6,diag4,student_t_ar1,-8.0998973967512,-8.446804016081854,-4.713307783515899,3.786165082174442,-27.97614656719044,-32.81728241610834,19.87624917043924,2020-07-28,10.0,0,True,False
2020-05-08,2020Q3,-7,diag4,student_t_ar1,-3.9884402304098843,-4.070158750290725,-2.843725089033729,0.9086461416500354,34.85500597467652,29.90299854497912,-38.84344620508641,2020-10-28,10.0,0,True,False
2020-05-15,2020Q2,7,diag4,student_t_ar1,-44.67846310612782,-59.20078976925521,-26.3940170202914,1.5576070822913908,-27.97614656719044,-32.81728241610834,-16.70231653893738,2020-07-28,6.0,0,True,False
2020-05-15,2020Q3,-6,diag4,student_t_ar1,-7.600909854289162,-7.905305429682542,-4.481994454530414,0.8270824136555404,34.85500597467652,29.90299854497912,-42.455915828965686,2020-10-28,6.0,0,True,False
2020-05-22,2020Q2,8,diag4,student_t_ar1,-12.953550447812068,-13.872830691023864,-7.031157404676936,0.7364596107967203,-27.97614656719044,-32.81728241610834,15.022596119378372,2020-07-28,6.0,0,True,False
2020-05-22,2020Q3,-5,diag4,student_t_ar1,-4.398286443920563,-4.497944186460041,-3.026463282294427,0.8214398783885123,34.85500597467652,29.90299854497912,-39.253292418597084,2020-10-28,6.0,0,True,False
2020-05-29,2020Q2,9,diag4,student_t_ar1,-12.94952660167712,-13.86820815540695,-7.0291827843755,0.7364746617327408,-27.97614656719044,-32.81728241610834,15.026619965513321,2020-07-28,4.0,0,True,False
2020-05-29,2020Q3,-4,diag4,student_t_ar1,-4.398438914712221,-4.498103672004358,-3.026531410140201,0.8214397088847321,34.85500597467652,29.90299854497912,-39.253444889388746,2020-10-28,4.0,0,True,False
2020-06-05,2020Q2,10,diag4,student_t_ar1,-7.466190357991309,-7.7596098608751785,-4.41975730768325,3.3949161511190327,-27.97614656719044,-32.81728241610834,20.50995620919913,2020-07-28,13.0,87,True,True
2020-06-05,2020Q3,-3,diag4,student_t_ar1,7.35083603643778,7.093212625642202,1.924960666618703,2.095951183839698,34.85500597467652,29.90299854497912,-27.504169938238743,2020-10-28,13.0,0,True,False
2020-06-12,2020Q2,11,diag4,student_t_ar1,-7.466121560368788,-7.7595355122698315,-4.419725548000326,3.39292607727195,-27.97614656719044,-32.81728241610834,20.510025006821653,2020-07-28,4.0,0,True,False
2020-06-12,2020Q3,-2,diag4,student_t_ar1,7.349843077206697,7.092287654901357,1.924565544513765,2.095963806816914,34.85500597467652,29.90299854497912,-27.505162897469827,2020-10-28,4.0,0,True,False
2020-06-19,2020Q2,12,diag4,student_t_ar1,-16.84809859176394,-18.450111340391786,-8.986446026474683,0.7079962354357925,-27.97614656719044,-32.81728241610834,11.128047975426501,2020-07-28,11.0,0,True,False
2020-06-19,2020Q3,-1,diag4,student_t_ar1,0.0903989531519267,0.09035811790616544,-1.0664665120866617,0.7945102623424368,34.85500597467652,29.90299854497912,-34.7646070215246,2020-10-28,11.0,0,True,False
2020-06-26,2020Q2,13,diag4,student_t_ar1,-16.837261502816936,-18.437079307891818,-8.980879099991903,0.7080215215207665,-27.97614656719044,-32.81728241610834,11.138885064373504,2020-07-28,4.0,0,True,False
2020-06-26,2020Q3,0,diag4,student_t_ar1,0.09144345732019499,0.0914016732613443,-1.0660207338902823,0.7945105742407218,34.85500597467652,29.90299854497912,-34.76356251735633,2020-10-28,4.0,0,True,False
2020-07-03,2020Q2,14,diag4,student_t_ar1,-16.524213746776773,-18.0613581176398,-8.820381323136221,0.7020402605803471,-27.97614656719044,-32.81728241610834,11.451932820413667,2020-07-28,8.0,72,True,True
2020-07-03,2020Q3,1,diag4,student_t_ar1,1.2789728007468693,1.2708630183622018,-0.5621872299856362,0.7815793970410425,34.85500597467652,29.90299854497912,-33.57603317392965,2020-10-28,8.0,0,True,False
2020-07-03,2020Q4,-12,diag4,student_t_ar1,2.1460042652690525,2.1233018164602213,-0.19804877958710726,0.8042242492009903,4.611736044615711,4.508555862817171,-2.465731779346658,2021-01-28,8.0,0,True,False
2020-07-10,2020Q2,15,diag4,student_t_ar1,-15.332757604282598,-16.644140771136595,-8.214984983146719,1.9753679585962283,-27.97614656719044,-32.81728241610834,12.643388962907842,2020-07-28,8.0,0,True,False
2020-07-10,2020Q3,2,diag4,student_t_ar1,4.845050609434454,4.7313365757682755,0.9160320646434624,4.068587547087422,34.85500597467652,29.90299854497912,-30.00995536524207,2020-10-28,8.0,0,True,False
2020-07-10,2020Q4,-11,diag4,student_t_ar1,5.081963168044035,4.957046125887965,1.0124489874819302,0.8504356834928686,4.611736044615711,4.508555862817171,0.47022712342832396,2021-01-28,8.0,0,True,False
2020-07-17,2020Q2,16,diag4,student_t_ar1,-13.125678855738343,-14.07076963004382,-7.115711484910115,0.6984948489125163,-27.97614656719044,-32.81728241610834,14.850467711452097,2020-07-28,10.0,0,True,False
2020-07-17,2020Q3,3,diag4,student_t_ar1,8.741033428165279,8.379902934615036,2.4745994398626867,0.7596051417492355,34.85500597467652,29.90299854497912,-26.113972546511242,2020-10-28,10.0,0,True,False
2020-07-17,2020Q4,-10,diag4,student_t_ar1,5.283490631093235,5.148643672975313,1.094294199187702,0.8032558382006159,4.611736044615711,4.508555862817171,0.6717545864775243,2021-01-28,10.0,0,True,False
2020-07-24,2020Q2,17,diag4,student_t_ar1,-13.126552787722812,-14.071775607838806,-7.116141211004491,0.6984925787080407,-27.97614656719044,-32.81728241610834,14.849593779467629,2020-07-28,2.0,0,True,False
2020-07-24,2020Q3,4,diag4,student_t_ar1,8.553676602869631,8.207457989500757,2.400935693875198,0.7646356602205611,34.85500597467652,29.90299854497912,-26.301329371806894,2020-10-28,2.0,0,True,False
2020-07-24,2020Q4,-9,diag4,student_t_ar1,5.123224892198852,4.9963046475881425,1.0292191500891887,0.8034624832152092,4.611736044615711,4.508555862817171,0.5114888475831414,2021-01-28,2.0,0,True,False
2020-07-31,2020Q3,5,diag4,student_t_ar1,13.03594647468409,12.253569253329955,2.62510324211051,0.7727813141464038,34.85500597467652,29.90299854497912,-21.819059499992434,2020-10-28,10.0,0,True,False
2020-07-31,2020Q4,-8,diag4,student_t_ar1,5.6001053997105865,5.448918338689156,0.8236739469220113,0.8028661172697293,4.611736044615711,4.508555862817171,0.9883693550948758,2021-01-28,10.0,0,True,False
2020-08-07,2020Q3,6,diag4,student_t_ar1,10.812983162770351,10.267375801975447,2.0992883084622296,0.5519658666641106,34.85500597467652,29.90299854497912,-24.042022811906172,2020-10-28,13.0,66,True,True
2020-08-07,2020Q4,-7,diag4,student_t_ar1,2.085251040759184,2.0638072731682517,-0.07248344856989418,0.5987985344217774,4.611736044615711,4.508555862817171,-2.5264850038565267,2021-01-28,13.0,0,True,False
2020-08-14,2020Q3,7,diag4,student_t_ar1,12.095673952054241,11.418255237350989,2.403966381756889,0.6516055986453156,34.85500597467652,29.90299854497912,-22.75933202262228,2020-10-28,6.0,0,True,False
2020-08-14,2020Q4,-6,diag4,student_t_ar1,2.437217127745006,2.407990909903877,0.018634008286862274,0.6000351039476574,4.611736044615711,4.508555862817171,-2.1745189168707046,2021-01-28,6.0,0,True,False
2020-08-21,2020Q3,8,diag4,student_t_ar1,20.68855528058475,18.80431180719718,4.359314106092395,0.5206303487753602,34.85500597467652,29.90299854497912,-14.166450694091772,2020-10-28,6.0,0,True,False
2020-08-21,2020Q4,-5,diag4,student_t_ar1,2.328966341311278,2.3022597831286338,-0.009356722108492022,0.597593690019828,4.611736044615711,4.508555862817171,-2.2827697033044325,2021-01-28,6.0,0,True,False
2020-08-28,2020Q3,9,diag4,student_t_ar1,20.71533525646845,18.82649867082559,4.365187745550162,0.5206415289325733,34.85500597467652,29.90299854497912,-14.139670718208073,2020-10-28,4.0,0,True,False
2020-08-28,2020Q4,-4,diag4,student_t_ar1,2.327826837608593,2.3011462078741935,-0.009651524459253241,0.5975945912966278,4.611736044615711,4.508555862817171,-2.2839092070071176,2021-01-28,4.0,0,True,False
2020-09-04,2020Q3,10,diag4,student_t_ar1,22.057013239636625,19.93180712207826,4.657801584126641,0.5161939306740965,34.85500597467652,29.90299854497912,-12.797992735039898,2020-10-28,12.0,16,False,True
2020-09-04,2020Q4,-3,diag4,student_t_ar1,3.334629166421088,3.280236306456575,0.24954789786826254,0.5942711266887281,4.611736044615711,4.508555862817171,-1.2771068781946227,2021-01-28,12.0,0,True,False
2020-09-11,2020Q3,11,diag4,student_t_ar1,22.79643858676934,20.535782756798614,4.817695076917629,0.5944408446547509,34.85500597467652,29.90299854497912,-12.058567387907182,2020-10-28,5.0,0,True,False
2020-09-11,2020Q4,-2,diag4,student_t_ar1,4.112762072179654,4.030437647206906,0.44815245370368484,0.6152218263892579,4.611736044615711,4.508555862817171,-0.49897397243605646,2021-01-28,5.0,0,True,False
2020-09-18,2020Q3,12,diag4,student_t_ar1,22.93990770213201,20.65254947350974,4.84860731427191,0.4989464350496059,34.85500597467652,29.90299854497912,-11.915098272544512,2020-10-28,11.0,0,True,False
2020-09-18,2020Q4,-1,diag4,student_t_ar1,4.251592017676509,4.16369457269889,0.4834302265651134,0.5852700415059626,4.611736044615711,4.508555862817171,-0.360144026939202,2021-01-28,11.0,0,True,False
2020-09-25,2020Q3,13,diag4,student_t_ar1,22.93368900516004,20.647491023105495,4.8472681653778995,0.49876047359975145,34.85500597467652,29.90299854497912,-11.921316969516482,2020-10-28,0.0,0,True,False
2020-09-25,2020Q4,0,diag4,student_t_ar1,4.222731974522431,4.13600766834945,0.4761005337985308,0.5832782394263817,4.611736044615711,4.508555862817171,-0.38900407009327953,2021-01-28,0.0,0,True,False
2020-10-02,2020Q3,14,diag4,student_t_ar1,23.12872080757913,20.806013280454177,4.889234555999483,0.498674808729002,34.85500597467652,29.90299854497912,-11.726285167097394,2020-10-28,11.0,68,True,True
2020-10-02,2020Q4,1,diag4,student_t_ar1,4.98802835308112,4.867614198420805,0.6697823923323883,0.5757682599257504,4.611736044615711,4.508555862817171,0.37629230846540906,2021-01-28,11.0,0,True,False
2020-10-02,2021Q1,-12,diag4,student_t_ar1,3.8895943367769137,3.815855634879991,0.3913450835571135,0.6061588272025363,5.701255644273506,5.544658613895645,-1.8116613074965926,2021-04-28,11.0,0,True,False
2020-10-09,2020Q3,15,diag4,student_t_ar1,23.36438271248347,20.997225102076055,4.939855018588516,0.5040696436145184,34.85500597467652,29.90299854497912,-11.490623262193054,2020-10-28,9.0,0,True,False
2020-10-09,2020Q4,2,diag4,student_t_ar1,5.858629873074328,5.693433753798669,0.8884057366095216,0.5916136357814983,4.611736044615711,4.508555862817171,1.2468938284586173,2021-01-28,9.0,0,True,False
2020-10-09,2021Q1,-11,diag4,student_t_ar1,4.250510822516129,4.162657465498859,0.4831556679851331,0.6056335000278518,5.701255644273506,5.544658613895645,-1.450744821757377,2021-04-28,9.0,0,True,False
2020-10-16,2020Q3,16,diag4,student_t_ar1,23.61636981512485,21.20127921357911,4.993875284855866,0.5022053792306114,34.85500597467652,29.90299854497912,-11.238636159551675,2020-10-28,8.0,0,True,False
2020-10-16,2020Q4,3,diag4,student_t_ar1,6.319844873570735,6.128176936364005,1.0034974753013102,0.5846155633422235,4.611736044615711,4.508555862817171,1.708108828955024,2021-01-28,8.0,0,True,False
2020-10-16,2021Q1,-10,diag4,student_t_ar1,4.293940508421978,4.2043077575651235,0.49418195827136835,0.6055836153467982,5.701255644273506,5.544658613895645,-1.407315135851528,2021-04-28,8.0,0,True,False
2020-10-23,2020Q3,17,diag4,student_t_ar1,22.67568874441317,20.4374010354941,4.791649991417696,0.4952172923760636,34.85500597467652,29.90299854497912,-12.179317230263354,2020-10-28,4.0,0,True,False
2020-10-23,2020Q4,4,diag4,student_t_ar1,4.656459604923868,4.551298679851777,0.5860426018830398,0.5540046656696247,4.611736044615711,4.508555862817171,0.044723560308157495,2021-01-28,4.0,0,True,False
2020-10-23,2021Q1,-9,diag4,student_t_ar1,4.257263259533661,4.169134381814922,0.4848703344596667,0.6038140501332963,5.701255644273506,5.544658613895645,-1.443992384739845,2021-04-28,4.0,0,True,False
2020-10-30,2020Q4,5,diag4,student_t_ar1,5.285890733340537,5.150923303785693,0.5937185793333818,0.5604636853229049,4.611736044615711,4.508555862817171,0.6741546887248262,2021-01-28,10.0,0,True,False
2020-10-30,2021Q1,-8,diag4,student_t_ar1,5.015040879500443,4.89334003820686,0.535359955822732,0.6037956294349663,5.701255644273506,5.544658613895645,-0.6862147647730632,2021-04-28,10.0,0,True,False
2020-11-06,2020Q4,6,diag4,student_t_ar1,5.415254120437507,5.2737165647729185,0.6215388869589378,0.536269541529756,4.611736044615711,4.508555862817171,0.8035180758217964,2021-01-28,11.0,14,False,True
2020-11-06,2021Q1,-7,diag4,student_t_ar1,5.839642518758237,5.67549562501521,0.7125668225604709,0.5662409065725907,5.701255644273506,5.544658613895645,0.13838687448473053,2021-04-28,11.0,0,True,False
2020-11-13,2020Q4,7,diag4,student_t_ar1,5.3824931544838694,5.24263372196182,0.6144966906532993,0.5309490690674831,4.611736044615711,4.508555862817171,0.7707571098681587,2021-01-28,6.0,0,True,False
2020-11-13,2021Q1,-6,diag4,student_t_ar1,5.811555439013505,5.648954712248708,0.7065536557800566,0.5661797297825972,5.701255644273506,5.544658613895645,0.11029979473999862,2021-04-28,6.0,0,True,False
2020-11-20,2020Q4,8,diag4,student_t_ar1,5.154017741480499,5.025592505005401,0.565323361639903,0.48912131132993647,4.611736044615711,4.508555862817171,0.5422816968647881,2021-01-28,8.0,0,True,False
2020-11-20,2021Q1,-5,diag4,student_t_ar1,5.684491714759332,5.5287976301171575,0.6793306065555823,0.5638244997735239,5.701255644273506,5.544658613895645,-0.01676392951417416,2021-04-28,8.0,0,True,False
2020-11-27,2020Q4,9,diag4,student_t_ar1,5.16286652979685,5.034007224871806,0.5672298188296884,0.48910231695986417,4.611736044615711,4.508555862817171,0.5511304851811394,2021-01-28,4.0,0,True,False
2020-11-27,2021Q1,-4,diag4,student_t_ar1,5.684205072321991,5.528526405057173,0.6792691572175333,0.563824675358696,5.701255644273506,5.544658613895645,-0.017050571951515714,2021-04-28,4.0,0,True,False
2020-12-04,2020Q4,10,diag4,student_t_ar1,4.972185755011926,4.852523150655821,0.5261123932215092,0.47161944601847045,4.611736044615711,4.508555862817171,0.36044971039621565,2021-01-28,9.0,27,True,True
2020-12-04,2021Q1,-3,diag4,student_t_ar1,5.337475143118842,5.199905913663787,0.6048161857016411,0.5446528821330074,5.701255644273506,5.544658613895645,-0.36378050115466465,2021-04-28,9.0,0,True,False
2020-12-11,2020Q4,11,diag4,student_t_ar1,4.591129767725577,4.488856059110599,0.44371918793696274,0.48235799261111867,4.611736044615711,4.508555862817171,-0.020606276890133834,2021-01-28,7.0,0,True,False
2020-12-11,2021Q1,-2,diag4,student_t_ar1,4.724758972160714,4.616537931130801,0.47264706988464106,0.5447791142749416,5.701255644273506,5.544658613895645,-0.9764966721127921,2021-04-28,7.0,0,True,False
2020-12-18,2020Q4,12,diag4,student_t_ar1,4.755431672846244,4.645822514852329,0.4792818487093845,0.45276808822456743,4.611736044615711,4.508555862817171,0.1436956282305335,2021-01-28,12.0,0,True,False
2020-12-18,2021Q1,-1,diag4,student_t_ar1,4.840618221073556,4.727108925508453,0.49769827426930136,0.5346858129389684,5.701255644273506,5.544658613895645,-0.8606374231999503,2021-04-28,12.0,0,True,False
2020-12-25,2020Q4,13,diag4,student_t_ar1,4.708761040932896,4.6012605951456855,0.4691858034976437,0.4529858366502127,4.611736044615711,4.508555862817171,0.09702499631718542,2021-01-28,0.0,0,True,False
2020-12-25,2021Q1,0,diag4,student_t_ar1,4.614474773657995,4.511173822614591,0.4487755488577795,0.5351223585079397,5.701255644273506,5.544658613895645,-1.0867808706155113,2021-04-28,0.0,0,True,False
2021-01-01,2020Q4,14,diag4,student_t_ar1,4.670621135658415,4.5648292089224025,0.46093182959216505,0.45320845223432055,4.611736044615711,4.508555862817171,0.05888509104270412,2021-01-28,8.0,4,True,True
2021-01-01,2021Q1,1,diag4,student_t_ar1,4.558968208035097,4.458101533767076,0.4367513759491064,0.5350756305016179,5.701255644273506,5.544658613895645,-1.1422874362384094,2021-04-28,8.0,0,True,False
2021-01-01,2021Q2,-12,diag4,student_t_ar1,3.5973756180984084,3.534181164479715,0.22742597251539634,0.5598325003374118,6.983331307653917,6.7502854167053385,-3.3859556895555087,2021-07-28,8.0,0,True,False
2021-01-08,2020Q4,15,diag4,student_t_ar1,4.573751602586684,4.472239344999683,0.43995446913582514,0.4784597131320757,4.611736044615711,4.508555862817171,-0.03798444202902651,2021-01-28,12.0,0,True,False
2021-01-08,2021Q1,2,diag4,student_t_ar1,4.0956551276491115,4.0140051275238795,0.33613593062450503,0.6116920466666685,5.701255644273506,5.544658613895645,-1.6056005166243947,2021-04-28,12.0,0,True,False
2021-01-08,2021Q2,-11,diag4,student_t_ar1,3.9216879218743506,3.846742875460736,0.2982406318994059,0.5567153493108126,6.983331307653917,6.7502854167053385,-3.0616433857795666,2021-07-28,12.0,0,True,False
2021-01-15,2020Q4,16,diag4,student_t_ar1,4.706770558343298,4.599359606642622,0.46875511141794235,0.4703644927552573,4.611736044615711,4.508555862817171,0.09503451372758764,2021-01-28,6.0,0,True,False
2021-01-15,2021Q1,3,diag4,student_t_ar1,4.530397092464011,4.43077243866188,0.4305596368679712,0.5846140508354672,5.701255644273506,5.544658613895645,-1.170858551809495,2021-04-28,6.0,0,True,False
2021-01-15,2021Q2,-10,diag4,student_t_ar1,3.95084085156876,3.874791728339517,0.3045954408633347,0.5565813633997773,6.983331307653917,6.7502854167053385,-3.0324904560851573,2021-07-28,6.0,0,True,False
2021-01-22,2020Q4,17,diag4,student_t_ar1,5.462452073697954,5.318479906427554,0.6316805667642278,0.44888985250014435,4.611736044615711,4.508555862817171,0.8507160290822435,2021-01-28,6.0,0,True,False
2021-01-22,2021Q1,4,diag4,student_t_ar1,6.182928551480549,5.999316179556645,0.7859323099690846,0.5067974103718305,5.701255644273506,5.544658613895645,0.4816729072070425,2021-04-28,6.0,0,True,False
2021-01-22,2021Q2,-9,diag4,student_t_ar1,4.1778029518757975,4.092889714397375,0.35400819377715353,0.554523075774838,6.983331307653917,6.7502854167053385,-2.8055283557781197,2021-07-28,6.0,0,True,False
2021-01-29,2021Q1,5,diag4,student_t_ar1,6.159330156290066,5.977089425983182,0.7799704284000655,0.5054228421322816,5.701255644273506,5.544658613895645,0.4580745120165597,2021-04-28,6.0,0,True,False
2021-01-29,2021Q2,-8,diag4,student_t_ar1,4.155537854913005,4.071515221998473,0.3470258694421588,0.5542199389503772,6.983331307653917,6.7502854167053385,-2.827793452740912,2021-07-28,6.0,0,True,False
2021-02-05,2021Q1,6,diag4,student_t_ar1,6.940341868275657,6.710094035060916,0.9465083446500162,0.5384620755110382,5.701255644273506,5.544658613895645,1.2390862240021505,2021-04-28,14.0,7,True,True
2021-02-05,2021Q2,-7,diag4,student_t_ar1,4.487750566519022,4.389965908688841,0.4193775479077382,0.5499605975834922,6.983331307653917,6.7502854167053385,-2.495580741134895,2021-07-28,14.0,0,True,False
2021-02-12,2021Q1,7,diag4,student_t_ar1,6.941405095658593,6.711088254902506,0.9467342304066163,0.5385607562122774,5.701255644273506,5.544658613895645,1.2401494513850864,2021-04-28,4.0,0,True,False
2021-02-12,2021Q2,-6,diag4,student_t_ar1,4.488357661130604,4.390546926889181,0.4195095546634797,0.5499610698795915,6.983331307653917,6.7502854167053385,-2.494973646523313,2021-07-28,4.0,0,True,False
2021-02-19,2021Q1,8,diag4,student_t_ar1,7.061925549733417,6.82372245218613,0.9723246077136591,0.45971825475479594,5.701255644273506,5.544658613895645,1.3606699054599103,2021-04-28,11.0,0,True,False
2021-02-19,2021Q2,-5,diag4,student_t_ar1,4.45127611566607,4.355051941870242,0.4114451294618226,0.5470591694935882,6.983331307653917,6.7502854167053385,-2.5320551919878476,2021-07-28,11.0,0,True,False
2021-02-26,2021Q1,9,diag4,student_t_ar1,7.075982093760436,6.8368509488655755,0.9753073890678449,0.45972048859806186,5.701255644273506,5.544658613895645,1.3747264494869293,2021-04-28,4.0,0,True,False
2021-02-26,2021Q2,-4,diag4,student_t_ar1,4.451093993043176,4.3548775803991004,0.4114055147094477,0.5470599469785838,6.983331307653917,6.7502854167053385,-2.5322373146107413,2021-07-28,4.0,0,True,False
2021-03-05,2021Q1,10,diag4,student_t_ar1,7.889936561036537,7.594141557828919,1.1473630602744591,0.47225807468048137,5.701255644273506,5.544658613895645,2.1886809167630306,2021-04-28,10.0,48,True,True
2021-03-05,2021Q2,-3,diag4,student_t_ar1,5.591792259586503,5.441045744881809,0.6581818385821961,0.5432797142113983,6.983331307653917,6.7502854167053385,-1.391539048067414,2021-07-28,10.0,0,True,False
2021-03-12,2021Q1,11,diag4,student_t_ar1,7.892597768262299,7.596608121894603,1.147923461170591,0.47224568370541137,5.701255644273506,5.544658613895645,2.191342123988793,2021-04-28,6.0,0,True,False
2021-03-12,2021Q2,-2,diag4,student_t_ar1,5.591489110164871,5.440758648839296,0.6581166106476215,0.5432771962150755,6.983331307653917,6.7502854167053385,-1.391842197489046,2021-07-28,6.0,0,True,False
2021-03-19,2021Q1,12,diag4,student_t_ar1,1.8785283277816367,1.861101886553115,-0.15517783620621212,0.43929541078164364,5.701255644273506,5.544658613895645,-3.8227273164918696,2021-04-28,12.0,0,True,False
2021-03-19,2021Q2,-1,diag4,student_t_ar1,2.5815198279291574,2.548761188910001,0.001057671573884112,0.5342004857693416,6.983331307653917,6.7502854167053385,-4.40181147972476,2021-07-28,12.0,0,True,False
2021-03-26,2021Q1,13,diag4,student_t_ar1,1.969281636159037,1.9501421508457173,-0.1349479769474931,0.44048984434486593,5.701255644273506,5.544658613895645,-3.731974008114469,2021-04-28,4.0,0,True,False
2021-03-26,2021Q2,0,diag4,student_t_ar1,2.8843171496659936,2.84350365841139,0.06802286673532486,0.5388091763307048,6.983331307653917,6.7502854167053385,-4.099014157987924,2021-07-28,4.0,0,True,False
2021-04-02,2021Q1,14,diag4,student_t_ar1,2.1280892700230147,2.105761662462312,-0.0995913790878004,0.4530698690732802,5.701255644273506,5.544658613895645,-3.5731663742504916,2021-04-28,8.0,5,True,True
2021-04-02,2021Q2,1,diag4,student_t_ar1,3.986271578314393,3.9088700385309996,0.31007304594375784,0.580530631446578,6.983331307653917,6.7502854167053385,-2.997059729339524,2021-07-28,8.0,0,True,False
2021-04-02,2021Q3,-12,diag4,student_t_ar1,6.054322289448022,5.878125128255711,0.757485838640924,0.5573453251957009,3.34127932577879,3.2866716567676137,2.713042963669232,2021-10-28,8.0,0,True,False
2021-04-09,2021Q1,15,diag4,student_t_ar1,2.372392437872417,2.344688516842565,-0.04530743602404941,0.45980579039070746,5.701255644273506,5.544658613895645,-3.3288632064010892,2021-04-28,8.0,0,True,False
2021-04-09,2021Q2,2,diag4,student_t_ar1,5.066049361291691,4.941900794184635,0.5447766035177377,0.5899414264320328,6.983331307653917,6.7502854167053385,-1.917281946362226,2021-07-28,8.0,0,True,False
2021-04-09,2021Q3,-11,diag4,student_t_ar1,6.536889900343534,6.332112322507055,0.8606312764709918,0.5549232584256428,3.34127932577879,3.2866716567676137,3.1956105745647445,2021-10-28,8.0,0,True,False
2021-04-16,2021Q1,16,diag4,student_t_ar1,2.886820241884114,2.8459365479312413,0.06857561680822301,0.4555797028055655,5.701255644273506,5.544658613895645,-2.8144354023893925,2021-04-28,8.0,0,True,False
2021-04-16,2021Q2,3,diag4,student_t_ar1,6.15997383122564,5.977695753268078,0.7801081853545806,0.573668546203235,6.983331307653917,6.7502854167053385,-0.823357476428277,2021-07-28,8.0,0,True,False
2021-04-16,2021Q3,-10,diag4,student_t_ar1,6.504653588654241,6.301849387487556,0.8537555678119475,0.5540037090996959,3.34127932577879,3.2866716567676137,3.1633742628754513,2021-10-28,8.0,0,True,False
2021-04-23,2021Q1,17,diag4,student_t_ar1,3.465174850334063,3.4064895220960634,0.1959326935700992,0.4349965837066436,5.701255644273506,5.544658613895645,-2.2360807939394434,2021-04-28,4.0,0,True,False
2021-04-23,2021Q2,4,diag4,student_t_ar1,7.471979528139916,7.205997205087656,1.0591770503787687,0.5037007024072426,6.983331307653917,6.7502854167053385,0.48864822048599876,2021-07-28,4.0,0,True,False
2021-04-23,2021Q3,-9,diag4,student_t_ar1,6.741023440705485,6.523537303649191,0.9041228413026349,0.5530117519206356,3.34127932577879,3.2866716567676137,3.399744114926695,2021-10-28,4.0,0,True,False
2021-04-30,2021Q2,5,diag4,student_t_ar1,7.624889352789688,7.348174867834302,1.08881575052648,0.5033634986178388,6.983331307653917,6.7502854167053385,0.6415580451357705,2021-07-28,10.0,0,True,False
2021-04-30,2021Q3,-8,diag4,student_t_ar1,6.858578182659336,6.633607503152383,0.9261623679522972,0.5527048317091161,3.34127932577879,3.2866716567676137,3.5172988568805463,2021-10-28,10.0,0,True,False
2021-05-07,2021Q2,6,diag4,student_t_ar1,5.645602466417765,5.4919933605395315,0.6663024708057735,0.5554961719642227,6.983331307653917,6.7502854167053385,-1.337728841236152,2021-07-28,13.0,57,True,True
2021-05-07,2021Q3,-7,diag4,student_t_ar1,5.478532183240814,5.333725980708131,0.6302768615307274,0.5436779698153265,3.34127932577879,3.2866716567676137,2.137252857462024,2021-10-28,13.0,0,True,False
2021-05-14,2021Q2,7,diag4,student_t_ar1,6.485162499128561,6.283547019855046,0.8464798572078964,0.5471329709376734,6.983331307653917,6.7502854167053385,-0.4981688085253566,2021-07-28,6.0,0,True,False
2021-05-14,2021Q3,-6,diag4,student_t_ar1,5.557692572000605,5.408746648429311,0.6473534395707216,0.5435536837418227,3.34127932577879,3.2866716567676137,2.2164132462218156,2021-10-28,6.0,0,True,False
2021-05-21,2021Q2,8,diag4,student_t_ar1,5.550639802317181,5.402064989200866,0.6458325270179935,0.45500545957935673,6.983331307653917,6.7502854167053385,-1.4326915053367362,2021-07-28,6.0,0,True,False
2021-05-21,2021Q3,-5,diag4,student_t_ar1,5.577417436766341,5.42743123842697,0.651606519007793,0.5408556040253688,3.34127932577879,3.2866716567676137,2.236138110987551,2021-10-28,6.0,0,True,False
2021-05-28,2021Q2,9,diag4,student_t_ar1,5.537290008615425,5.389416427313416,0.6429533983628408,0.4550144650867132,6.983331307653917,6.7502854167053385,-1.4460412990384919,2021-07-28,4.0,0,True,False
2021-05-28,2021Q3,-4,diag4,student_t_ar1,5.577998746402768,5.427981837267323,0.651731849058186,0.540857431416985,3.34127932577879,3.2866716567676137,2.236719420623978,2021-10-28,4.0,0,True,False
2021-06-04,2021Q2,10,diag4,student_t_ar1,5.531822029546074,5.384235205847351,0.6417740229267731,0.4507186989931443,6.983331307653917,6.7502854167053385,-1.4515092781078431,2021-07-28,12.0,43,True,True
2021-06-04,2021Q3,-3,diag4,student_t_ar1,5.610731916214595,5.458980811475129,0.6587879899630734,0.5345570344095513,3.34127932577879,3.2866716567676137,2.2694525904358054,2021-10-28,12.0,0,True,False
2021-06-11,2021Q2,11,diag4,student_t_ar1,5.807354258219544,5.644984196758841,0.7011270069431056,0.4549707268121779,6.983331307653917,6.7502854167053385,-1.1759770494343735,2021-07-28,5.0,0,True,False
2021-06-11,2021Q3,-2,diag4,student_t_ar1,6.043377328333199,5.867804449489036,0.7518464626640277,0.533222697124184,3.34127932577879,3.2866716567676137,2.7020980025544095,2021-10-28,5.0,0,True,False
2021-06-18,2021Q2,12,diag4,student_t_ar1,6.063824930179984,5.887084890409855,0.7562351726559663,0.4358287278342965,6.983331307653917,6.7502854167053385,-0.9195063774739332,2021-07-28,11.0,0,True,False
2021-06-18,2021Q3,-1,diag4,student_t_ar1,6.0805097410873366,5.902814568949334,0.7598156404294837,0.5283919129209833,3.34127932577879,3.2866716567676137,2.7392304153085467,2021-10-28,11.0,0,True,False
2021-06-25,2021Q2,13,diag4,student_t_ar1,6.0767280075561425,5.899249539943741,0.759004150770992,0.4354216207790347,6.983331307653917,6.7502854167053385,-0.9066033000977747,2021-07-28,0.0,0,True,False
2021-06-25,2021Q3,0,diag4,student_t_ar1,6.142190745386222,5.960943134738283,0.7730471540936533,0.5256054366417399,3.34127932577879,3.2866716567676137,2.8009114196074325,2021-10-28,0.0,0,True,False
2021-07-02,2021Q2,14,diag4,student_t_ar1,6.028081896852022,5.8533796593135055,0.7485630200791323,0.43423496038773024,6.983331307653917,6.7502854167053385,-0.955249410801895,2021-07-28,11.0,34,True,True
2021-07-02,2021Q3,1,diag4,student_t_ar1,6.180439990830666,5.996972497906576,0.7812483371884411,0.518734444339788,3.34127932577879,3.2866716567676137,2.8391606650518764,2021-10-28,11.0,0,True,False
2021-07-02,2021Q4,-12,diag4,student_t_ar1,4.851745543389496,4.737721922688335,0.49461144934385554,0.5492158151293893,7.0416786109130936,6.804809235885943,-2.1899330675235973,2022-01-28,11.0,0,True,False
2021-07-09,2021Q2,15,diag4,student_t_ar1,6.203334784129377,6.018532330724934,0.786155893717,0.4405175014306004,6.983331307653917,6.7502854167053385,-0.7799965235245399,2021-07-28,9.0,0,True,False
2021-07-09,2021Q3,2,diag4,student_t_ar1,7.019471435322622,6.784060794923793,0.9604092955837229,0.5349684757523031,3.34127932577879,3.2866716567676137,3.678192109543832,2021-10-28,9.0,0,True,False
2021-07-09,2021Q4,-11,diag4,student_t_ar1,5.153855255149309,5.0254379826578965,0.5601028119332977,0.5487129917940929,7.0416786109130936,6.804809235885943,-1.8878233557637847,2022-01-28,9.0,0,True,False
2021-07-16,2021Q2,16,diag4,student_t_ar1,6.233468404282405,6.046901822171656,0.7926134986592194,0.43792629441952013,6.983331307653917,6.7502854167053385,-0.7498629033715121,2021-07-28,8.0,0,True,False
2021-07-16,2021Q3,3,diag4,student_t_ar1,7.15245729396492,6.908246888332414,0.9886771526955253,0.5265684582788352,3.34127932577879,3.2866716567676137,3.81117796818613,2021-10-28,8.0,0,True,False
2021-07-16,2021Q4,-10,diag4,student_t_ar1,5.166330356401794,5.037300944104832,0.5628031183033627,0.5486776215877701,7.0416786109130936,6.804809235885943,-1.8753482545112998,2022-01-28,8.0,0,True,False
2021-07-23,2021Q2,17,diag4,student_t_ar1,5.903469308028453,5.735782630956248,0.7217949987722897,0.43069082898864663,6.983331307653917,6.7502854167053385,-1.0798619996254644,2021-07-28,4.0,0,True,False
2021-07-23,2021Q3,4,diag4,student_t_ar1,6.684552322127724,6.470618510113063,0.8890620015620603,0.4985834372619335,3.34127932577879,3.2866716567676137,3.343272996348934,2021-10-28,4.0,0,True,False
2021-07-23,2021Q4,-9,diag4,student_t_ar1,5.228351451444424,5.096257849580017,0.5762231827726011,0.5470488407060986,7.0416786109130936,6.804809235885943,-1.8133271594686695,2022-01-28,4.0,0,True,False
2021-07-30,2021Q3,5,diag4,student_t_ar1,6.701166133616532,6.486190134720956,0.8863822405231276,0.49782617957377495,3.34127932577879,3.2866716567676137,3.359886807837742,2021-10-28,10.0,0,True,False
2021-07-30,2021Q4,-8,diag4,student_t_ar1,5.317455046724762,5.180898434051218,0.5891642332798447,0.5463984780496938,7.0416786109130936,6.804809235885943,-1.724223564188332,2022-01-28,10.0,0,True,False
2021-08-06,2021Q3,6,diag4,student_t_ar1,7.960448209493509,7.6594753778636555,1.1535420651936568,0.5891673216837064,3.34127932577879,3.2866716567676137,4.619168883714719,2021-10-28,11.0,12,False,True
2021-08-06,2021Q4,-7,diag4,student_t_ar1,6.0229445820033645,5.848534302103994,0.7411864993870836,0.5426468868972618,7.0416786109130936,6.804809235885943,-1.018734028909729,2022-01-28,11.0,0,True,False
2021-08-13,2021Q3,7,diag4,student_t_ar1,7.959193027677358,7.658312739940613,1.1532773297889538,0.5733912520860027,3.34127932577879,3.2866716567676137,4.617913701898568,2021-10-28,6.0,0,True,False
2021-08-13,2021Q4,-6,diag4,student_t_ar1,6.021945586256172,5.847592052803487,0.7409719469929488,0.542374473678105,7.0416786109130936,6.804809235885943,-1.0197330246569214,2022-01-28,6.0,0,True,False
2021-08-20,2021Q3,8,diag4,student_t_ar1,6.341686448987449,6.148718098987709,0.8095390598689454,0.4565998174464454,3.34127932577879,3.2866716567676137,3.0004071232086593,2021-10-28,8.0,0,True,False
2021-08-20,2021Q4,-5,diag4,student_t_ar1,5.595227139079473,5.444298671603404,0.6491410903091961,0.5415318730189713,7.0416786109130936,6.804809235885943,-1.4464514718336208,2022-01-28,8.0,0,True,False
2021-08-27,2021Q3,9,diag4,student_t_ar1,6.356799668820212,6.162929032157992,0.8127749229605222,0.4565825286710359,3.34127932577879,3.2866716567676137,3.0155203430414224,2021-10-28,4.0,0,True,False
2021-08-27,2021Q4,-4,diag4,student_t_ar1,5.594457932306551,5.443570220521458,0.6489752202750583,0.5415316244582583,7.0416786109130936,6.804809235885943,-1.4472206786065422,2022-01-28,4.0,0,True,False
2021-09-03,2021Q3,10,diag4,student_t_ar1,6.396342225395313,6.200101274765898,0.821239130514295,0.452223894133281,3.34127932577879,3.2866716567676137,3.055062899616523,2021-10-28,9.0,10,True,True
2021-09-03,2021Q4,-3,diag4,student_t_ar1,5.705897577728702,5.549050076895066,0.6729932330300504,0.5354501931380409,7.0416786109130936,6.804809235885943,-1.3357810331843911,2022-01-28,9.0,0,True,False
2021-09-10,2021Q3,11,diag4,student_t_ar1,5.9890198789139815,5.816531671058922,0.7338994246122436,0.46424276841140166,3.34127932577879,3.2866716567676137,2.6477405531351916,2021-10-28,7.0,0,True,False
2021-09-10,2021Q4,-2,diag4,student_t_ar1,5.070489602508976,4.946126847625733,0.5357061878184938,0.5356574499422785,7.0416786109130936,6.804809235885943,-1.9711890084041173,2022-01-28,7.0,0,True,False
2021-09-17,2021Q3,12,diag4,student_t_ar1,5.023502929210144,4.901397654262319,0.5255212447055849,0.43393371065340564,3.34127932577879,3.2866716567676137,1.6822236034313542,2021-10-28,10.0,0,True,False
2021-09-17,2021Q4,-1,diag4,student_t_ar1,4.7221869242789705,4.614081893521018,0.4600987664861175,0.5273706083849952,7.0416786109130936,6.804809235885943,-2.319491686634123,2022-01-28,10.0,0,True,False
2021-09-24,2021Q3,13,diag4,student_t_ar1,5.072257146007231,4.94780907889532,0.5360892358570374,0.4346889655161182,3.34127932577879,3.2866716567676137,1.730977820228441,2021-10-28,2.0,0,True,False
2021-09-24,2021Q4,0,diag4,student_t_ar1,4.967391392584286,4.847955777039456,0.513352402872476,0.5297577806540347,7.0416786109130936,6.804809235885943,-2.0742872183288075,2022-01-28,2.0,0,True,False
2021-10-01,2021Q3,14,diag4,student_t_ar1,5.131922540889855,5.004578070429057,0.5490156694873217,0.4346304268170955,3.34127932577879,3.2866716567676137,1.7906432151110652,2021-10-28,11.0,4,True,True
2021-10-01,2021Q4,1,diag4,student_t_ar1,5.213081834009392,5.08174586187547,0.566586958100664,0.5254631816690264,7.0416786109130936,6.804809235885943,-1.8285967769037015,2022-01-28,11.0,0,True,False
2021-10-01,2022Q1,-13,diag4,student_t_ar1,4.97321046711332,4.85349932076466,0.5146146808891263,0.5496259736291321,-1.0153057807451127,-1.0204951651818233,5.988516247858433,2022-04-28,11.0,0,True,False
2021-10-08,2021Q3,15,diag4,student_t_ar1,5.214100640727182,5.0827141842241454,0.5668074473895292,0.4342668640321141,3.34127932577879,3.2866716567676137,1.8728213149483919,2021-10-28,9.0,0,True,False
2021-10-08,2021Q4,2,diag4,student_t_ar1,5.52610034781027,5.378813299223074,0.6342299161459962,0.5203421574972642,7.0416786109130936,6.804809235885943,-1.5155782631028236,2022-01-28,9.0,0,True,False
2021-10-08,2022Q1,-12,diag4,student_t_ar1,5.101431973835768,4.975571667198465,0.5424108428718853,0.5488570134716971,-1.0153057807451127,-1.0204951651818233,6.116737754580881,2022-04-28,9.0,0,True,False
2021-10-15,2021Q3,16,diag4,student_t_ar1,5.215487523310669,5.084032328307967,0.5671075919148119,0.43339696253595855,3.34127932577879,3.2866716567676137,1.8742081975318792,2021-10-28,6.0,0,True,False
2021-10-15,2021Q4,3,diag4,student_t_ar1,5.558301109565789,5.409323144368424,0.641177080041047,0.5173996104692414,7.0416786109130936,6.804809235885943,-1.483377501347305,2022-01-28,6.0,0,True,False
2021-10-15,2022Q1,-11,diag4,student_t_ar1,5.101290042136997,4.975436624514517,0.5423800933333759,0.5488357928901975,-1.0153057807451127,-1.0204951651818233,6.116595822882109,2022-04-28,6.0,0,True,False
2021-10-22,2021Q3,17,diag4,student_t_ar1,3.796117736217597,3.72583826590607,0.25784359179160166,0.42932376595212896,3.34127932577879,3.2866716567676137,0.454838410438807,2021-10-28,6.0,0,True,False
2021-10-22,2021Q4,4,diag4,student_t_ar1,2.552915850043602,2.5208731573599623,-0.016529813153823167,0.502460336870486,7.0416786109130936,6.804809235885943,-4.488762760869491,2022-01-28,6.0,0,True,False
2021-10-22,2022Q1,-10,diag4,student_t_ar1,4.731518072333296,4.622991879678242,0.4621275914061385,0.5474766900608076,-1.0153057807451127,-1.0204951651818233,5.746823853078409,2022-04-28,6.0,0,True,False
2021-10-29,2021Q4,5,diag4,student_t_ar1,2.553295083709739,2.521242949834213,-0.017578189390334772,0.5014493802986293,7.0416786109130936,6.804809235885943,-4.4883835272033545,2022-01-28,6.0,0,True,False
2021-10-29,2022Q1,-9,diag4,student_t_ar1,4.702769164468545,4.595538010090201,0.45632916303538335,0.5468746526578424,-1.0153057807451127,-1.0204951651818233,5.718074945213658,2022-04-28,6.0,0,True,False
2021-11-05,2021Q4,6,diag4,student_t_ar1,4.398624074561064,4.3046310011156566,0.3898665979612529,0.6069657770828369,7.0416786109130936,6.804809235885943,-2.6430545363520297,2022-01-28,14.0,11,False,True
2021-11-05,2022Q1,-8,diag4,student_t_ar1,5.946272196007207,5.776191354853946,0.7260691395074408,0.5425246375364974,-1.0153057807451127,-1.0204951651818233,6.96157797675232,2022-04-28,14.0,0,True,False
2021-11-12,2021Q4,7,diag4,student_t_ar1,4.398257738339484,4.304280099111367,0.3897864285374328,0.6068672561237893,7.0416786109130936,6.804809235885943,-2.6434208725736097,2022-01-28,4.0,0,True,False
2021-11-12,2022Q1,-7,diag4,student_t_ar1,5.945824072086925,5.775768381153484,0.7259725041008526,0.5425244094786807,-1.0153057807451127,-1.0204951651818233,6.961129852832038,2022-04-28,4.0,0,True,False
2021-11-19,2021Q4,8,diag4,student_t_ar1,5.243181498656946,5.110350061509282,0.573946574829615,0.4540173529767906,7.0416786109130936,6.804809235885943,-1.7984971122561477,2022-01-28,11.0,0,True,False
2021-11-19,2022Q1,-6,diag4,student_t_ar1,6.328817189613778,6.136615565567061,0.8084140704297089,0.5406957776501491,-1.0153057807451127,-1.0204951651818233,7.344122970358891,2022-04-28,11.0,0,True,False
2021-11-26,2021Q4,9,diag4,student_t_ar1,5.24358967027776,5.110737897398975,0.5740351824164438,0.4540101918813489,7.0416786109130936,6.804809235885943,-1.798088940635334,2022-01-28,4.0,0,True,False
2021-11-26,2022Q1,-5,diag4,student_t_ar1,6.328802100320963,6.136601374405817,0.808410828221895,0.5406957503585536,-1.0153057807451127,-1.0204951651818233,7.344107881066075,2022-04-28,4.0,0,True,False
2021-12-03,2021Q4,10,diag4,student_t_ar1,5.189607946398489,5.0594325656597094,0.5623136224533797,0.4497685975122348,7.0416786109130936,6.804809235885943,-1.8520706645146046,2022-01-28,9.0,13,False,True
2021-12-03,2022Q1,-4,diag4,student_t_ar1,6.248386459997035,6.060943544227099,0.7911255332427678,0.5360427571594323,-1.0153057807451127,-1.0204951651818233,7.263692240742148,2022-04-28,9.0,0,True,False
2021-12-10,2021Q4,11,diag4,student_t_ar1,5.1719467402514985,5.042641278663579,0.5584773724826669,0.4456872126807282,7.0416786109130936,6.804809235885943,-1.869731870661595,2022-01-28,7.0,0,True,False
2021-12-10,2022Q1,-3,diag4,student_t_ar1,6.205762701945705,6.020818407776389,0.7819582756305696,0.5328674590240263,-1.0153057807451127,-1.0204951651818233,7.221068482690818,2022-04-28,7.0,0,True,False
2021-12-17,2021Q4,12,diag4,student_t_ar1,5.09032548656756,4.965003710193162,0.5407397732242253,0.4336357044042012,7.0416786109130936,6.804809235885943,-1.951353124345534,2022-01-28,10.0,0,True,False
2021-12-17,2022Q1,-2,diag4,student_t_ar1,6.350970976468928,6.157448562558734,0.8131737165555588,0.5295570962603972,-1.0153057807451127,-1.0204951651818233,7.366276757214041,2022-04-28,10.0,0,True,False
2021-12-24,2021Q4,13,diag4,student_t_ar1,5.059524364946322,4.935690225683371,0.534042618079531,0.43324708377911886,7.0416786109130936,6.804809235885943,-1.9821542459667718,2022-01-28,2.0,0,True,False
2021-12-24,2022Q1,-1,diag4,student_t_ar1,6.183062150342544,5.999441999007812,0.7770744780079517,0.5273379461488785,-1.0153057807451127,-1.0204951651818233,7.198367931087657,2022-04-28,2.0,0,True,False
2021-12-31,2021Q4,14,diag4,student_t_ar1,5.059181157274151,4.935363545894127,0.5339679826253096,0.4332302604874307,7.0416786109130936,6.804809235885943,-1.9824974536389428,2022-01-28,8.0,0,True,False
2021-12-31,2022Q1,0,diag4,student_t_ar1,6.212007190820823,6.026697848917388,0.7833015321605883,0.5273305459145822,-1.0153057807451127,-1.0204951651818233,7.227312971565936,2022-04-28,8.0,0,True,False
2022-01-07,2021Q4,15,diag4,student_t_ar1,5.018615908451496,4.896744282084801,0.5251447667698712,0.4331156003213433,7.0416786109130936,6.804809235885943,-2.0230627024615977,2022-01-28,12.0,10,True,True
2022-01-07,2022Q1,1,diag4,student_t_ar1,5.893249691071034,5.726132229369625,0.7146322961780767,0.5204205015191334,-1.0153057807451127,-1.0204951651818233,6.908555471816147,2022-04-28,12.0,0,True,False
2022-01-07,2022Q2,-11,diag4,student_t_ar1,4.742763898523106,4.633729070033837,0.4650545485656305,0.5488730640214927,0.6276599617172085,0.625698380341202,4.115103936805897,2022-07-28,12.0,0,True,False
2022-01-14,2021Q4,16,diag4,student_t_ar1,4.924461896421617,4.807049475924282,0.5046524901751307,0.4326709027103752,7.0416786109130936,6.804809235885943,-2.1172167144914766,2022-01-28,6.0,0,True,False
2022-01-14,2022Q1,2,diag4,student_t_ar1,5.662761671461403,5.508234274761135,0.6648498690074962,0.5188411396469522,-1.0153057807451127,-1.0204951651818233,6.678067452206515,2022-04-28,6.0,0,True,False
2022-01-14,2022Q2,-10,diag4,student_t_ar1,4.727012394547514,4.618689665033237,0.4616185452976032,0.5488584559659394,0.6276599617172085,0.625698380341202,4.0993524328303055,2022-07-28,6.0,0,True,False
2022-01-21,2021Q4,17,diag4,student_t_ar1,4.397203119331006,4.303269905686516,0.38955563297677126,0.4282128078369852,7.0416786109130936,6.804809235885943,-2.644475491582088,2022-01-28,6.0,0,True,False
2022-01-21,2022Q1,3,diag4,student_t_ar1,4.450058398234047,4.353886111661568,0.40111975064887895,0.5008540974815212,-1.0153057807451127,-1.0204951651818233,5.46536417897916,2022-04-28,6.0,0,True,False
2022-01-21,2022Q2,-9,diag4,student_t_ar1,4.443763677778967,4.347859393978466,0.39974284633293095,0.5474196461081144,0.6276599617172085,0.625698380341202,3.8161037160617584,2022-07-28,6.0,0,True,False
2022-01-28,2022Q1,4,diag4,student_t_ar1,4.565486614711434,4.464335531301193,0.41997799997663376,0.5012260364958558,-1.0153057807451127,-1.0204951651818233,5.580792395456546,2022-04-28,6.0,0,True,False
2022-01-28,2022Q2,-8,diag4,student_t_ar1,4.614623948308205,4.511316417168722,0.4307145841254163,0.5469798064147062,0.6276599617172085,0.625698380341202,3.9869639865909967,2022-07-28,6.0,0,True,False
2022-02-04,2022Q1,5,diag4,student_t_ar1,4.73757781337607,4.628777688815234,0.457558114296639,0.4904929015595567,-1.0153057807451127,-1.0204951651818233,5.752883594121183,2022-04-28,13.0,11,False,True
2022-02-04,2022Q2,-7,diag4,student_t_ar1,4.69168176392365,4.584948044113446,0.4475416861288331,0.5433537977471898,0.6276599617172085,0.625698380341202,4.064021802206441,2022-07-28,13.0,0,True,False
2022-02-11,2022Q1,6,diag4,student_t_ar1,4.068468472777553,3.9878847235311996,0.31109426788180083,0.516087665692338,-1.0153057807451127,-1.0204951651818233,5.083774253522666,2022-04-28,5.0,0,True,False
2022-02-11,2022Q2,-6,diag4,student_t_ar1,4.320451956254656,4.229724458361443,0.36636212023446946,0.5424726641631615,0.6276599617172085,0.625698380341202,3.6927919945374477,2022-07-28,5.0,0,True,False
2022-02-18,2022Q1,7,diag4,student_t_ar1,2.503446623786054,2.47262376229565,-0.03518968392666847,0.45505605050489367,-1.0153057807451127,-1.0204951651818233,3.518752404531167,2022-04-28,11.0,0,True,False
2022-02-18,2022Q2,-5,diag4,student_t_ar1,4.09077065526966,4.009312725161922,0.3159912283881908,0.5406889721195209,0.6276599617172085,0.625698380341202,3.4631106935524514,2022-07-28,11.0,0,True,False
2022-02-25,2022Q1,8,diag4,student_t_ar1,2.503446623786054,2.47262376229565,-0.03518968392666847,0.45505605050489367,-1.0153057807451127,-1.0204951651818233,3.518752404531167,2022-04-28,0.0,0,True,False
2022-02-25,2022Q2,-4,diag4,student_t_ar1,4.09077065526966,4.009312725161922,0.3159912283881908,0.5406889721195209,0.6276599617172085,0.625698380341202,3.4631106935524514,2022-07-28,0.0,0,True,False
2022-03-04,2022Q1,9,diag4,student_t_ar1,2.637633520037408,2.6034477935385323,-0.005292350273090915,0.45135938265791736,-1.0153057807451127,-1.0204951651818233,3.6529393007825206,2022-04-28,12.0,5,True,True
2022-03-04,2022Q2,-3,diag4,student_t_ar1,4.350349585914359,4.258379765805827,0.37291074344590414,0.5370075113809929,0.6276599617172085,0.625698380341202,3.7226896241971508,2022-07-28,12.0,0,True,False
2022-03-11,2022Q1,10,diag4,student_t_ar1,3.648903584470653,3.583907478150862,0.2187729842548964,0.5626001760701188,-1.0153057807451127,-1.0204951651818233,4.664209365215766,2022-04-28,8.0,0,True,False
2022-03-11,2022Q2,-2,diag4,student_t_ar1,5.8244274706693355,5.6611190252305885,0.6934800094252854,0.5622544359468037,0.6276599617172085,0.625698380341202,5.196767508952127,2022-07-28,8.0,0,True,False
2022-03-18,2022Q1,11,diag4,student_t_ar1,3.2840150714914085,3.2312435390044794,0.1381783767040147,0.43547971597152085,-1.0153057807451127,-1.0204951651818233,4.299320852236521,2022-04-28,12.0,0,True,False
2022-03-18,2022Q2,-1,diag4,student_t_ar1,5.540594343801031,5.392547342895602,0.632103081039977,0.5301826465510712,0.6276599617172085,0.625698380341202,4.912934382083822,2022-07-28,12.0,0,True,False
2022-03-25,2022Q1,12,diag4,student_t_ar1,3.3029320649615945,3.249557371301505,0.14236365328858427,0.43511262714418736,-1.0153057807451127,-1.0204951651818233,4.318237845706707,2022-04-28,0.0,0,True,False
2022-03-25,2022Q2,0,diag4,student_t_ar1,5.632924761133062,5.479992419917424,0.6520869832271101,0.5276837688294908,0.6276599617172085,0.625698380341202,5.005264799415854,2022-07-28,0.0,0,True,False
2022-04-01,2022Q1,13,diag4,student_t_ar1,3.3523904957343698,3.2974229971215676,0.15330242785533704,0.43478508512435254,-1.0153057807451127,-1.0204951651818233,4.367696276479482,2022-04-28,11.0,16,True,True
2022-04-01,2022Q2,1,diag4,student_t_ar1,5.773562953539058,5.6130424645713575,0.6824930297298123,0.5222468860656029,0.6276599617172085,0.625698380341202,5.145902991821849,2022-07-28,11.0,0,True,False
2022-04-01,2022Q3,-12,diag4,student_t_ar1,4.295739330984016,4.206032504986454,0.36094777679750567,0.5509257813331094,2.9190173117406015,2.877225330117275,1.3767220192434149,2022-10-28,11.0,0,True,False
2022-04-08,2022Q1,14,diag4,student_t_ar1,3.298713396314157,3.245473503877683,0.14143036338911388,0.434793093210329,-1.0153057807451127,-1.0204951651818233,4.3140191770592695,2022-04-28,9.0,0,True,False
2022-04-08,2022Q2,2,diag4,student_t_ar1,5.493608473159628,5.34801818999943,0.6219267936346732,0.5193901635528391,0.6276599617172085,0.625698380341202,4.8659485114424195,2022-07-28,9.0,0,True,False
2022-04-08,2022Q3,-11,diag4,student_t_ar1,4.20165858676409,4.115786054388243,0.3403236741846104,0.5503969606313042,2.9190173117406015,2.877225330117275,1.2826412750234883,2022-10-28,9.0,0,True,False
2022-04-15,2022Q1,15,diag4,student_t_ar1,3.6654642111947355,3.5998838206835857,0.22242407219895996,0.4483753067779311,-1.0153057807451127,-1.0204951651818233,4.680769991939848,2022-04-28,6.0,0,True,False
2022-04-15,2022Q2,3,diag4,student_t_ar1,6.541577014304623,6.336511747779559,0.8478281164313777,0.5608839535231592,0.6276599617172085,0.625698380341202,5.913917052587414,2022-07-28,6.0,0,True,False
2022-04-15,2022Q3,-10,diag4,student_t_ar1,4.302070806806002,4.212103015333361,0.3623350759929572,0.5507040387327037,2.9190173117406015,2.877225330117275,1.3830534950654005,2022-10-28,6.0,0,True,False
2022-04-22,2022Q1,16,diag4,student_t_ar1,3.3709521502399475,3.3153809638590173,0.15740637816315634,0.43095666358841567,-1.0153057807451127,-1.0204951651818233,4.38625793098506,2022-04-28,6.0,0,True,False
2022-04-22,2022Q2,4,diag4,student_t_ar1,5.972067043934226,5.800535494343657,0.7253409806419471,0.5005033833695537,0.6276599617172085,0.625698380341202,5.3444070822170175,2022-07-28,6.0,0,True,False
2022-04-22,2022Q3,-9,diag4,student_t_ar1,4.32602889614877,4.235070285305348,0.3675838068793297,0.548894564803723,2.9190173117406015,2.877225330117275,1.4070115844081688,2022-10-28,6.0,0,True,False
2022-04-29,2022Q2,5,diag4,student_t_ar1,5.958394643918563,5.787632771511119,0.728749675069973,0.5035173708178935,0.6276599617172085,0.625698380341202,5.330734682201355,2022-07-28,6.0,0,True,False
2022-04-29,2022Q3,-8,diag4,student_t_ar1,4.039231446277469,3.9597867466626706,0.3105922390680022,0.5486638958644291,2.9190173117406015,2.877225330117275,1.1202141345368677,2022-10-28,6.0,0,True,False
2022-05-06,2022Q2,6,diag4,student_t_ar1,5.220316015006388,5.0886213684003785,0.5688364153712177,0.500326909139815,0.6276599617172085,0.625698380341202,4.592656053289179,2022-07-28,14.0,11,True,True
2022-05-06,2022Q3,-7,diag4,student_t_ar1,3.352940299193685,3.297954965462385,0.15918458386669776,0.5479300048546747,2.9190173117406015,2.877225330117275,0.43392298745308366,2022-10-28,14.0,0,True,False
2022-05-13,2022Q2,7,diag4,student_t_ar1,5.188340076332776,5.05822723964752,0.56188313223028,0.5048009427594649,0.6276599617172085,0.625698380341202,4.560680114615567,2022-07-28,6.0,0,True,False
2022-05-13,2022Q3,-6,diag4,student_t_ar1,3.331668608502314,3.2773712452919312,0.1544756338058891,0.5479353803592756,2.9190173117406015,2.877225330117275,0.4126512967617124,2022-10-28,6.0,0,True,False
2022-05-20,2022Q2,8,diag4,student_t_ar1,4.440014492658606,4.344269660822926,0.3985506269115014,0.47141115746585754,0.6276599617172085,0.625698380341202,3.8123545309413975,2022-07-28,9.0,0,True,False
2022-05-20,2022Q3,-5,diag4,student_t_ar1,2.775809526919737,2.7379823455851353,0.03107931035024198,0.5497685544468998,2.9190173117406015,2.877225330117275,-0.1432077848208646,2022-10-28,9.0,0,True,False
2022-05-27,2022Q2,9,diag4,student_t_ar1,4.444848345766039,4.348897907257471,0.3996094336358889,0.471415636333865,0.6276599617172085,0.625698380341202,3.8171883840488308,2022-07-28,4.0,0,True,False
2022-05-27,2022Q3,-4,diag4,student_t_ar1,2.775555011621811,2.7377347040299416,0.031022657242507704,0.5497699338287526,2.9190173117406015,2.877225330117275,-0.1434623001187907,2022-10-28,4.0,0,True,False
2022-06-03,2022Q2,10,diag4,student_t_ar1,4.704327683575116,4.597026516573552,0.4563739650350533,0.460503706117561,0.6276599617172085,0.625698380341202,4.076667721857907,2022-07-28,9.0,18,True,True
2022-06-03,2022Q3,-3,diag4,student_t_ar1,3.223783484823972,3.172910063177918,0.1305779862575118,0.5410390227913842,2.9190173117406015,2.877225330117275,0.3047661730833706,2022-10-28,9.0,0,True,False
2022-06-10,2022Q2,11,diag4,student_t_ar1,4.74335138666655,4.63428995507641,0.4648987443048299,0.4566007916625106,0.6276599617172085,0.625698380341202,4.1156914249493415,2022-07-28,7.0,0,True,False
2022-06-10,2022Q3,-2,diag4,student_t_ar1,3.2684208997381337,3.2161440590980064,0.14046865354364868,0.5382853729665775,2.9190173117406015,2.877225330117275,0.34940358799753213,2022-10-28,7.0,0,True,False
2022-06-17,2022Q2,12,diag4,student_t_ar1,4.30269159209169,4.2126981937737416,0.36845094315019217,0.4447322409636199,0.6276599617172085,0.625698380341202,3.675031630374481,2022-07-28,10.0,0,True,False
2022-06-17,2022Q3,-1,diag4,student_t_ar1,2.9805221267964477,2.9369678793749583,0.07660135076277333,0.5337051584123227,2.9190173117406015,2.877225330117275,0.06150481505584615,2022-10-28,10.0,0,True,False
2022-06-24,2022Q2,13,diag4,student_t_ar1,4.269082824974557,4.180470662026499,0.3610782313019845,0.4450200002626523,0.6276599617172085,0.625698380341202,3.6414228632573487,2022-07-28,2.0,0,True,False
2022-06-24,2022Q3,0,diag4,student_t_ar1,2.8303219213772435,2.7910083865410362,0.043210109676893954,0.534342965504817,2.9190173117406015,2.877225330117275,-0.08869539036335805,2022-10-28,2.0,0,True,False
2022-07-01,2022Q2,14,diag4,student_t_ar1,4.19863661693598,4.112885895513335,0.3456168235609907,0.44553225390651674,0.6276599617172085,0.625698380341202,3.5709766552187716,2022-07-28,11.0,4,True,True
2022-07-01,2022Q3,1,diag4,student_t_ar1,2.5143224433310296,2.483233398333213,-0.02719975974588249,0.5321436284379952,2.9190173117406015,2.877225330117275,-0.4046948684095719,2022-10-28,11.0,0,True,False
2022-07-01,2022Q4,-13,diag4,student_t_ar1,2.907991756191164,2.866511910522912,0.06048309633341073,0.554343256989051,2.7896792303830242,2.7514765401293477,0.11831252580813967,2023-01-28,11.0,0,True,False
2022-07-08,2022Q2,15,diag4,student_t_ar1,4.3585252552933,4.266214285913652,0.3806938517813639,0.4491408141511057,0.6276599617172085,0.625698380341202,3.730865293576091,2022-07-28,9.0,0,True,False
2022-07-08,2022Q3,2,diag4,student_t_ar1,3.148478746743222,3.099930544895041,0.113882417904944,0.5400810365273521,2.9190173117406015,2.877225330117275,0.22946143500262028,2022-10-28,9.0,0,True,False
2022-07-08,2022Q4,-12,diag4,student_t_ar1,3.120796732762976,3.073089888105919,0.10774206468537843,0.553873302840284,2.7896792303830242,2.7514765401293477,0.33111750237995174,2023-01-28,9.0,0,True,False
2022-07-15,2022Q2,16,diag4,student_t_ar1,4.421982811252101,4.32700306212708,0.3946005367283152,0.447219032480362,0.6276599617172085,0.625698380341202,3.7943228495348924,2022-07-28,6.0,0,True,False
2022-07-15,2022Q3,3,diag4,student_t_ar1,3.292970768204695,3.239914104781672,0.14590654121121377,0.5339490720788244,2.9190173117406015,2.877225330117275,0.3739534564640934,2022-10-28,6.0,0,True,False
2022-07-15,2022Q4,-11,diag4,student_t_ar1,3.125840085804521,3.0779804920162115,0.10886089108750859,0.5538266374758964,2.7896792303830242,2.7514765401293477,0.33616085542149676,2023-01-28,6.0,0,True,False
2022-07-22,2022Q2,17,diag4,student_t_ar1,3.94824594584815,3.8722954155747855,0.29057679455968094,0.4404212391652045,0.6276599617172085,0.625698380341202,3.3205859841309415,2022-07-28,6.0,0,True,False
2022-07-22,2022Q3,4,diag4,student_t_ar1,2.1855987056805137,2.1620568992093983,-0.10067550089253555,0.5078631929128461,2.9190173117406015,2.877225330117275,-0.7334186060600878,2022-10-28,6.0,0,True,False
2022-07-22,2022Q4,-10,diag4,student_t_ar1,2.846291194710715,2.8065369127294084,0.04676257996571793,0.5524255289259011,2.7896792303830242,2.7514765401293477,0.05661196432769078,2023-01-28,6.0,0,True,False
2022-07-29,2022Q3,5,diag4,student_t_ar1,2.188561437247949,2.1649562203031874,-0.09725833470858486,0.5096705177320717,2.9190173117406015,2.877225330117275,-0.7304558744926526,2022-10-28,6.0,0,True,False
2022-07-29,2022Q4,-9,diag4,student_t_ar1,2.6237405497637756,2.589910935610148,0.0002198411686064573,0.5520051581148917,2.7896792303830242,2.7514765401293477,-0.16593868061924866,2023-01-28,6.0,0,True,False
2022-08-05,2022Q3,6,diag4,student_t_ar1,3.291674266215039,3.238658927283417,0.14903280536085411,0.536326071052031,2.9190173117406015,2.877225330117275,0.37265695447443736,2022-10-28,14.0,11,True,True
2022-08-05,2022Q4,-8,diag4,student_t_ar1,3.2322234710895126,3.1810861258604177,0.13582647663756908,0.5519179073760162,2.7896792303830242,2.7514765401293477,0.44254424070648835,2023-01-28,14.0,0,True,False
2022-08-12,2022Q3,7,diag4,student_t_ar1,3.292007516760287,3.2389815573598852,0.14910681181425825,0.5363496340925269,2.9190173117406015,2.877225330117275,0.3729902050196854,2022-10-28,4.0,0,True,False
2022-08-12,2022Q4,-7,diag4,student_t_ar1,3.2323655474599366,3.1812237536939327,0.1358580463782443,0.5519181186866697,2.7896792303830242,2.7514765401293477,0.4426863170769124,2023-01-28,4.0,0,True,False
2022-08-19,2022Q3,8,diag4,student_t_ar1,2.3566845752170273,2.3293434931503914,-0.059550383914353286,0.4686463231843142,2.9190173117406015,2.877225330117275,-0.5623327365235742,2022-10-28,11.0,0,True,False
2022-08-19,2022Q4,-6,diag4,student_t_ar1,2.9673505270386036,2.9241766816742176,0.07689534095925485,0.5521943193243224,2.7896792303830242,2.7514765401293477,0.17767129665557935,2023-01-28,11.0,0,True,False
2022-08-26,2022Q3,9,diag4,student_t_ar1,2.421291037420459,2.3924425292197933,-0.0450764206563824,0.4664713229168177,2.9190173117406015,2.877225330117275,-0.4977262743201427,2022-10-28,4.0,0,True,False
2022-08-26,2022Q4,-5,diag4,student_t_ar1,3.0889181941072374,3.0421713264649246,0.10396152548003845,0.5499860189450884,2.7896792303830242,2.7514765401293477,0.2992389637242132,2023-01-28,4.0,0,True,False
2022-09-02,2022Q3,10,diag4,student_t_ar1,2.4365595732279033,2.40734899806169,-0.04165710245813941,0.46286088741703485,2.9190173117406015,2.877225330117275,-0.48245773851269824,2022-10-28,8.0,25,True,True
2022-09-02,2022Q4,-4,diag4,student_t_ar1,3.1316225740882775,3.083587550505829,0.11346178003848534,0.5447091932859328,2.7896792303830242,2.7514765401293477,0.34194334370525326,2023-01-28,8.0,0,True,False
2022-09-09,2022Q3,11,diag4,student_t_ar1,2.278927021472188,2.2533473780260698,-0.07698274178505218,0.4621486019515749,2.9190173117406015,2.877225330117275,-0.6400902902684136,2022-10-28,8.0,0,True,False
2022-09-09,2022Q4,-3,diag4,student_t_ar1,2.919100394878349,2.87730605679577,0.06614392945397267,0.5427351541678803,2.7896792303830242,2.7514765401293477,0.1294211644953247,2023-01-28,8.0,0,True,False
2022-09-16,2022Q3,12,diag4,student_t_ar1,2.2677224835027765,2.242391893780551,-0.07949576395338621,0.46007461773525227,2.9190173117406015,2.877225330117275,-0.651294828237825,2022-10-28,8.0,0,True,False
2022-09-16,2022Q4,-2,diag4,student_t_ar1,2.9346909653789055,2.892453283793473,0.06961847392694616,0.5405118507328645,2.7896792303830242,2.7514765401293477,0.14501173499588127,2023-01-28,8.0,0,True,False
2022-09-23,2022Q3,13,diag4,student_t_ar1,1.922716064203711,1.904465446227455,-0.1570109732253695,0.447266033395672,2.9190173117406015,2.877225330117275,-0.9963012475368904,2022-10-28,4.0,0,True,False
2022-09-23,2022Q4,-1,diag4,student_t_ar1,2.547063507432501,2.515166338050637,-0.01692543752659048,0.5369005074402394,2.7896792303830242,2.7514765401293477,-0.24261572295052325,2023-01-28,4.0,0,True,False
2022-09-30,2022Q3,14,diag4,student_t_ar1,1.9536708890605547,1.9348317142953761,-0.1500454112187905,0.4472706885646093,2.9190173117406015,2.877225330117275,-0.9653464226800468,2022-10-28,8.0,0,True,False
2022-09-30,2022Q4,0,diag4,student_t_ar1,2.5990697760758463,2.5658680197494776,-0.005295239606939302,0.5368809761286696,2.7896792303830242,2.7514765401293477,-0.1906094543071779,2023-01-28,8.0,0,True,False
2022-10-07,2022Q3,15,diag4,student_t_ar1,1.8876308990102286,1.8700362172282112,-0.16490851693724512,0.4464181708475932,2.9190173117406015,2.877225330117275,-1.031386412730373,2022-10-28,12.0,20,True,True
2022-10-07,2022Q4,1,diag4,student_t_ar1,2.3093710144586055,2.2831086043556335,-0.07015596719007308,0.5281353378767799,2.7896792303830242,2.7514765401293477,-0.48030821592441875,2023-01-28,12.0,0,True,False
2022-10-07,2023Q1,-12,diag4,student_t_ar1,2.386021380736869,2.358000734524265,-0.05297684674868191,0.5571232233868679,2.9269931752128775,2.884974679698935,-0.5409717944760084,2023-04-28,12.0,0,True,False
2022-10-14,2022Q3,16,diag4,student_t_ar1,1.848866120712045,1.8319823787328873,-0.1736374911738764,0.44582813935099924,2.9190173117406015,2.877225330117275,-1.0701511910285566,2022-10-28,6.0,0,True,False
2022-10-14,2022Q4,2,diag4,student_t_ar1,2.219769567221319,2.195491306679062,-0.09025404833886505,0.5261663086164895,2.7896792303830242,2.7514765401293477,-0.5699096631617051,2023-01-28,6.0,0,True,False
2022-10-14,2023Q1,-11,diag4,student_t_ar1,2.3887881174516457,2.360702958222327,-0.05235699755672996,0.5571023758968343,2.9269931752128775,2.884974679698935,-0.5382050577612318,2023-04-28,6.0,0,True,False
2022-10-21,2022Q3,17,diag4,student_t_ar1,2.0055406269139153,1.9856945692613899,-0.13837824259257162,0.44255823019526414,2.9190173117406015,2.877225330117275,-0.9134766848266862,2022-10-28,6.0,0,True,False
2022-10-21,2022Q4,3,diag4,student_t_ar1,2.2892937336195462,2.26348259073698,-0.07465787748398607,0.5169107367270568,2.7896792303830242,2.7514765401293477,-0.500385496763478,2023-01-28,6.0,0,True,False
2022-10-21,2023Q1,-10,diag4,student_t_ar1,2.1074400725197506,2.08554069734416,-0.11547505295063895,0.5561168945142575,2.9269931752128775,2.884974679698935,-0.8195531026931269,2023-04-28,6.0,0,True,False
2022-10-28,2022Q4,4,diag4,student_t_ar1,2.32580703332137,2.2991723320635384,-0.06713228120821794,0.5158992341192373,2.7896792303830242,2.7514765401293477,-0.4638721970616544,2023-01-28,6.0,0,True,False
2022-10-28,2023Q1,-9,diag4,student_t_ar1,2.1575474278713314,2.134601828152544,-0.10500817631595283,0.5555728695317257,2.9269931752128775,2.884974679698935,-0.7694457473415461,2023-04-28,6.0,0,True,False
2022-11-04,2022Q4,5,diag4,student_t_ar1,2.3792520350761626,2.351388924279065,-0.05511463453012146,0.504675478970437,2.7896792303830242,2.7514765401293477,-0.41042719530686167,2023-01-28,13.0,9,True,True
2022-11-04,2023Q1,-8,diag4,student_t_ar1,2.174457841408328,2.151153727159556,-0.1011987573998968,0.5522325162753005,2.9269931752128775,2.884974679698935,-0.7525353338045493,2023-04-28,13.0,0,True,False
2022-11-11,2022Q4,6,diag4,student_t_ar1,2.901464379616958,2.8601687845082537,0.06198103061647656,0.5217473364141596,2.7896792303830242,2.7514765401293477,0.1117851492339339,2023-01-28,5.0,0,True,False
2022-11-11,2023Q1,-7,diag4,student_t_ar1,2.4163403343827827,2.387608746476386,-0.04677864385278541,0.5515363066784681,2.9269931752128775,2.884974679698935,-0.5106528408300948,2023-04-28,5.0,0,True,False
2022-11-18,2022Q4,7,diag4,student_t_ar1,2.5181595437398174,2.4869763178667865,-0.023909201141905367,0.46425972681094146,2.7896792303830242,2.7514765401293477,-0.2715196866432068,2023-01-28,11.0,0,True,False
2022-11-18,2023Q1,-6,diag4,student_t_ar1,2.3173378588325466,2.290895314528332,-0.06903723647370048,0.5504135663800245,2.9269931752128775,2.884974679698935,-0.6096553163803309,2023-04-28,11.0,0,True,False
2022-11-25,2022Q4,8,diag4,student_t_ar1,2.4266918800236015,2.3977155541502615,-0.04445256245768442,0.46514251098711135,2.7896792303830242,2.7514765401293477,-0.36298735035942276,2023-01-28,0.0,0,True,False
2022-11-25,2023Q1,-5,diag4,student_t_ar1,2.147471962528158,2.124738668273845,-0.10727818218042076,0.5500047319849034,2.9269931752128775,2.884974679698935,-0.7795212126847195,2023-04-28,0.0,0,True,False
2022-12-02,2022Q4,9,diag4,student_t_ar1,2.381423667146776,2.3535100660102453,-0.05462645384275913,0.46329037903539116,2.7896792303830242,2.7514765401293477,-0.40825556323624834,2023-01-28,11.0,16,True,True
2022-12-02,2023Q1,-4,diag4,student_t_ar1,2.023910614888691,2.0037017617648374,-0.13513482153044226,0.5453446516656021,2.9269931752128775,2.884974679698935,-0.9030825603241865,2023-04-28,11.0,0,True,False
2022-12-09,2022Q4,10,diag4,student_t_ar1,2.4008458395203824,2.372478673476736,-0.05026082956825886,0.45750957602950854,2.7896792303830242,2.7514765401293477,-0.3888333908626418,2023-01-28,9.0,0,True,False
2022-12-09,2023Q1,-3,diag4,student_t_ar1,2.0673050725114495,2.0462263340552513,-0.12534779286311742,0.5421058056926261,2.9269931752128775,2.884974679698935,-0.859688102701428,2023-04-28,9.0,0,True,False
2022-12-16,2022Q4,11,diag4,student_t_ar1,2.156699349458191,2.133771657543763,-0.1051992400494437,0.45664285014324246,2.7896792303830242,2.7514765401293477,-0.6329798809248333,2023-01-28,8.0,0,True,False
2022-12-16,2023Q1,-2,diag4,student_t_ar1,1.9231051497499596,1.904847191159904,-0.1578861971303955,0.5418778836329361,2.9269931752128775,2.884974679698935,-1.0038880254629179,2023-04-28,8.0,0,True,False
2022-12-23,2022Q4,12,diag4,student_t_ar1,1.9666203258052573,1.9475322029862916,-0.14806224331007387,0.44387047807834507,2.7896792303830242,2.7514765401293477,-0.823058904577767,2023-01-28,4.0,0,True,False
2022-12-23,2023Q1,-1,diag4,student_t_ar1,1.649685099765974,1.6362256194264393,-0.21970944147164256,0.5361356476023522,2.9269931752128775,2.884974679698935,-1.2773080754469035,2023-04-28,4.0,0,True,False
2022-12-30,2022Q4,13,diag4,student_t_ar1,1.9700172254358828,1.9508635314535403,-0.1472955381922287,0.4438502074003808,2.7896792303830242,2.7514765401293477,-0.8196620049471415,2023-01-28,8.0,0,True,False
2022-12-30,2023Q1,0,diag4,student_t_ar1,1.6588441467253023,1.6452356171864733,-0.21763579083577567,0.5361169768258156,2.9269931752128775,2.884974679698935,-1.2681490284875752,2023-04-28,8.0,0,True,False
2023-01-06,2022Q4,14,diag4,student_t_ar1,1.9168769210774483,1.8987362912165668,-0.1592926205159184,0.4420929190307233,2.7896792303830242,2.7514765401293477,-0.8728023093055759,2023-01-28,10.0,23,True,True
2023-01-06,2023Q1,1,diag4,student_t_ar1,1.5239977377395686,1.512501546205728,-0.24818453213639372,0.5247654449104677,2.9269931752128775,2.884974679698935,-1.402995437473309,2023-04-28,10.0,0,True,False
2023-01-06,2023Q2,-12,diag4,student_t_ar1,1.5876016839609708,1.5751311040266809,-0.23377034182709527,0.5569893970659717,2.5352403907615395,2.503636219206331,-0.9476387068005687,2023-07-28,10.0,0,True,False
2023-01-13,2022Q4,15,diag4,student_t_ar1,1.9171349153792816,1.898989432779641,-0.15923435999497115,0.4418438874650709,2.7896792303830242,2.7514765401293477,-0.8725443150037426,2023-01-28,6.0,0,True,False
2023-01-13,2023Q1,2,diag4,student_t_ar1,1.5286748917199944,1.517108384343513,-0.24712426851722527,0.5239362148582751,2.9269931752128775,2.884974679698935,-1.3983182834928831,2023-04-28,6.0,0,True,False
2023-01-13,2023Q2,-11,diag4,student_t_ar1,1.5893640477145254,1.5768659106739162,-0.23337107614435532,0.5569726585957527,2.5352403907615395,2.503636219206331,-0.9458763430470141,2023-07-28,6.0,0,True,False
2023-01-20,2022Q4,16,diag4,student_t_ar1,1.1687566112495995,1.1619794060772672,-0.32885718912494255,0.43916804496288225,2.7896792303830242,2.7514765401293477,-1.6209226191334247,2023-01-28,8.0,0,True,False
2023-01-20,2023Q1,3,diag4,student_t_ar1,-0.34435278973415917,-0.34494704857661596,-0.6756762543591956,0.5141412424240558,2.9269931752128775,2.884974679698935,-3.2713459649470367,2023-04-28,8.0,0,True,False
2023-01-20,2023Q2,-10,diag4,student_t_ar1,1.2113219363458994,1.204044144888941,-0.31917599111495837,0.5558975651796061,2.5352403907615395,2.503636219206331,-1.3239184544156402,2023-07-28,8.0,0,True,False
2023-01-27,2022Q4,17,diag4,student_t_ar1,1.2012645799227784,1.19410666362407,-0.32146310204357836,0.4391495453094384,2.7896792303830242,2.7514765401293477,-1.5884146504602459,2023-01-28,4.0,0,True,False
2023-01-27,2023Q1,4,diag4,student_t_ar1,-0.3333566836100865,-0.33391355492553165,-0.6731368962222944,0.5141468254320102,2.9269931752128775,2.884974679698935,-3.260349858822964,2023-04-28,4.0,0,True,False
2023-01-27,2023Q2,-9,diag4,student_t_ar1,1.212442371827649,1.2051511645964237,-0.3189212105721128,0.5558974973481087,2.5352403907615395,2.503636219206331,-1.3227980189338906,2023-07-28,4.0,0,True,False
2023-02-03,2023Q1,5,diag4,student_t_ar1,-0.07614992575467605,-0.07617893453835212,-0.6161031645021521,0.5015113737958782,2.9269931752128775,2.884974679698935,-3.0031431009675535,2023-04-28,12.0,13,False,True
2023-02-03,2023Q2,-8,diag4,student_t_ar1,1.4322734110583601,1.4221132744790521,-0.27012530579361416,0.5542799843363211,2.5352403907615395,2.503636219206331,-1.1029669797031794,2023-07-28,12.0,0,True,False
2023-02-10,2023Q1,6,diag4,student_t_ar1,0.5291850357402428,0.5277897719169697,-0.4766378462359536,0.5289218095997262,2.9269931752128775,2.884974679698935,-2.3978081394726347,2023-04-28,7.0,0,True,False
2023-02-10,2023Q2,-7,diag4,student_t_ar1,1.702531839778887,1.688201193627643,-0.20868166486617826,0.5538113159955912,2.5352403907615395,2.503636219206331,-0.8327085509826526,2023-07-28,7.0,0,True,False
2023-02-17,2023Q1,7,diag4,student_t_ar1,1.8741769837432143,1.8568306853119454,-0.1697426180654841,0.46534453918402935,2.9269931752128775,2.884974679698935,-1.0528161914696632,2023-04-28,10.0,0,True,False
2023-02-17,2023Q2,-6,diag4,student_t_ar1,1.5575519984169617,1.5455466564349074,-0.24162271002142732,0.5520025082990772,2.5352403907615395,2.503636219206331,-0.9776883923445778,2023-07-28,10.0,0,True,False
2023-02-24,2023Q1,8,diag4,student_t_ar1,1.9018204658367344,1.883961930020905,-0.16347761188577561,0.4652819783083649,2.9269931752128775,2.884974679698935,-1.0251727093761431,2023-04-28,2.0,0,True,False
2023-02-24,2023Q2,-5,diag4,student_t_ar1,1.5563528873123955,1.544365928699658,-0.24189535754044983,0.5519847909583286,2.5352403907615395,2.503636219206331,-0.978887503449144,2023-07-28,2.0,0,True,False
2023-03-03,2023Q1,9,diag4,student_t_ar1,1.991326797276094,1.9717592281551337,-0.14320391558937928,0.46105710575500275,2.9269931752128775,2.884974679698935,-0.9356663779367835,2023-04-28,12.0,4,True,True
2023-03-03,2023Q2,-4,diag4,student_t_ar1,1.6557391092665075,1.642181200322407,-0.21930836281314853,0.5463416807459692,2.5352403907615395,2.503636219206331,-0.879501281495032,2023-07-28,12.0,0,True,False
2023-03-10,2023Q1,10,diag4,student_t_ar1,2.076780271915979,2.05550918875599,-0.1238648094649396,0.4579227837029528,2.9269931752128775,2.884974679698935,-0.8502129032968986,2023-04-28,8.0,0,True,False
2023-03-10,2023Q2,-3,diag4,student_t_ar1,1.760486560269925,1.7451695041483049,-0.1955268383446498,0.544185706272149,2.5352403907615395,2.503636219206331,-0.7747538304916146,2023-07-28,8.0,0,True,False
2023-03-17,2023Q1,11,diag4,student_t_ar1,2.2870065975028275,2.2612466170556544,-0.07635699058226643,0.4451369328579844,2.9269931752128775,2.884974679698935,-0.63998657771005,2023-04-28,10.0,0,True,False
2023-03-17,2023Q2,-2,diag4,student_t_ar1,1.792332198057034,1.77645930719912,-0.1883015594612787,0.5393579316796656,2.5352403907615395,2.503636219206331,-0.7429081927045056,2023-07-28,10.0,0,True,False
2023-03-24,2023Q1,12,diag4,student_t_ar1,2.2375224466433696,2.212857162689194,-0.08753083217673197,0.4456057685986128,2.9269931752128775,2.884974679698935,-0.6894707285695079,2023-04-28,2.0,0,True,False
2023-03-24,2023Q2,-1,diag4,student_t_ar1,1.5709431333121193,1.5587315470194416,-0.23857812353536723,0.5406048072828292,2.5352403907615395,2.503636219206331,-0.9642972574494202,2023-07-28,2.0,0,True,False
2023-03-31,2023Q1,13,diag4,student_t_ar1,2.2047815553077443,2.1808276942527285,-0.09492691075107665,0.4456257647676278,2.9269931752128775,2.884974679698935,-0.7222116199051332,2023-04-28,8.0,0,True,False
2023-03-31,2023Q2,0,diag4,student_t_ar1,1.5687788195532848,1.5566006848344165,-0.2390701711690271,0.5405961659586067,2.5352403907615395,2.503636219206331,-0.9664615712082547,2023-07-28,8.0,0,True,False
2023-04-07,2023Q1,14,diag4,student_t_ar1,2.063899424429949,2.042889609432285,-0.1267788572093922,0.4458243770245671,2.9269931752128775,2.884974679698935,-0.8630937507829284,2023-04-28,12.0,4,True,True
2023-04-07,2023Q2,1,diag4,student_t_ar1,1.0513855585478682,1.045896938107196,-0.35699922910825765,0.5344526142145318,2.5352403907615395,2.503636219206331,-1.4838548322136713,2023-07-28,12.0,0,True,False
2023-04-07,2023Q3,-12,diag4,student_t_ar1,1.0064740288453722,1.0014428094394743,-0.36726434572212474,0.5599825768993152,4.694888429547928,4.5880109584365245,-3.6884144007025554,2023-10-28,12.0,0,True,False
2023-04-14,2023Q1,15,diag4,student_t_ar1,1.936551473264525,1.9180389366546442,-0.15560872642045662,0.44674552100024656,2.9269931752128775,2.884974679698935,-0.9904417019483525,2023-04-28,6.0,0,True,False
2023-04-14,2023Q2,2,diag4,student_t_ar1,0.745116868283402,0.7423545855497422,-0.4270916533584328,0.5373659647226942,2.5352403907615395,2.503636219206331,-1.7901235224781376,2023-07-28,6.0,0,True,False
2023-04-14,2023Q3,-11,diag4,student_t_ar1,1.0071219693632116,1.00208429152847,-0.36711621800830835,0.5599934516840254,4.694888429547928,4.5880109584365245,-3.687766460184716,2023-10-28,6.0,0,True,False
2023-04-21,2023Q1,16,diag4,student_t_ar1,2.5371311630329796,2.5054802240882763,-0.01995983395470527,0.44071516031627134,2.9269931752128775,2.884974679698935,-0.3898620121798979,2023-04-28,6.0,0,True,False
2023-04-21,2023Q2,3,diag4,student_t_ar1,2.0028163912061636,1.9830238593476044,-0.14060274543334658,0.5113073587928291,2.5352403907615395,2.503636219206331,-0.5324239995553759,2023-07-28,6.0,0,True,False
2023-04-21,2023Q3,-10,diag4,student_t_ar1,1.0647673737883556,1.059138645972582,-0.3539415226706631,0.558503048105084,4.694888429547928,4.5880109584365245,-3.630121055759572,2023-10-28,6.0,0,True,False
2023-04-28,2023Q2,4,diag4,student_t_ar1,2.02403612735218,2.003824784285284,-0.13669012651621237,0.5101490001848005,2.5352403907615395,2.503636219206331,-0.5112042634093594,2023-07-28,6.0,0,True,False
2023-04-28,2023Q3,-9,diag4,student_t_ar1,1.0905749537371223,1.0846710704851683,-0.34963476483826733,0.5579819162858389,4.694888429547928,4.5880109584365245,-3.6043134758108053,2023-10-28,6.0,0,True,False
2023-05-05,2023Q2,5,diag4,student_t_ar1,2.675063673539757,2.639909400081785,0.010674570399395341,0.5115642610518883,2.5352403907615395,2.503636219206331,0.13982328277821754,2023-07-28,14.0,11,False,True
2023-05-05,2023Q3,-8,diag4,student_t_ar1,1.4430244690826433,1.4327119606145244,-0.2690025045784791,0.5541502773717151,4.694888429547928,4.5880109584365245,-3.2518639604652844,2023-10-28,14.0,0,True,False
2023-05-12,2023Q2,6,diag4,student_t_ar1,2.6754492603868085,2.6402849402657784,0.010761573549635832,0.5115911908307769,2.5352403907615395,2.503636219206331,0.14020886962526902,2023-07-28,4.0,0,True,False
2023-05-12,2023Q3,-7,diag4,student_t_ar1,1.4432231286053865,1.432907794018789,-0.2689571349381062,0.5541503806778793,4.694888429547928,4.5880109584365245,-3.251665300942541,2023-10-28,4.0,0,True,False
2023-05-19,2023Q2,7,diag4,student_t_ar1,3.1098673655109765,3.0624907201208806,0.10857596056551376,0.4668605175759798,2.5352403907615395,2.503636219206331,0.574626974749437,2023-07-28,11.0,0,True,False
2023-05-19,2023Q3,-6,diag4,student_t_ar1,1.2587019670734945,1.2508461659279064,-0.3111362035357319,0.5543461798081734,4.694888429547928,4.5880109584365245,-3.436186462474433,2023-10-28,11.0,0,True,False
2023-05-26,2023Q2,8,diag4,student_t_ar1,3.2069206263638517,3.1565725143910504,0.13037232971765753,0.4643176775181446,2.5352403907615395,2.503636219206331,0.6716802356023122,2023-07-28,4.0,0,True,False
2023-05-26,2023Q3,-5,diag4,student_t_ar1,1.4485978827662338,1.4382059417068667,-0.26772968829204946,0.552066268912985,4.694888429547928,4.5880109584365245,-3.246290546781694,2023-10-28,4.0,0,True,False
2023-06-02,2023Q2,9,diag4,student_t_ar1,3.138960395355217,3.090702303530138,0.11511186999543875,0.4613486919825889,2.5352403907615395,2.503636219206331,0.6037200045936775,2023-07-28,8.0,11,False,True
2023-06-02,2023Q3,-4,diag4,student_t_ar1,1.290711533558908,1.2824528402684316,-0.3038137375162237,0.5471673018387677,4.694888429547928,4.5880109584365245,-3.4041768959890195,2023-10-28,8.0,0,True,False
2023-06-09,2023Q2,10,diag4,student_t_ar1,3.2670821426405094,3.214847664940171,0.1438732063072118,0.46048679075169596,2.5352403907615395,2.503636219206331,0.7318417518789699,2023-07-28,8.0,0,True,False
2023-06-09,2023Q3,-3,diag4,student_t_ar1,1.4511256523606297,1.4406975859047941,-0.26715243743118827,0.5454151837258762,4.694888429547928,4.5880109584365245,-3.243762777187298,2023-10-28,8.0,0,True,False
2023-06-16,2023Q2,11,diag4,student_t_ar1,3.6871797702770603,3.620829354576718,0.23792888248743282,0.4661503026882526,2.5352403907615395,2.503636219206331,1.1519393795155208,2023-07-28,8.0,0,True,False
2023-06-16,2023Q3,-2,diag4,student_t_ar1,1.8355872104468984,1.8189436709996378,-0.17952239843123638,0.5474014431856437,4.694888429547928,4.5880109584365245,-2.859301219101029,2023-10-28,8.0,0,True,False
2023-06-23,2023Q2,12,diag4,student_t_ar1,2.9238828098060665,2.8819527198533352,0.06674987794934764,0.4444000485724728,2.5352403907615395,2.503636219206331,0.388642419044527,2023-07-28,4.0,0,True,False
2023-06-23,2023Q3,-1,diag4,student_t_ar1,1.2770657650865047,1.2689800474333426,-0.30693504242353314,0.538416053147175,4.694888429547928,4.5880109584365245,-3.417822664461423,2023-10-28,4.0,0,True,False
2023-06-30,2023Q2,13,diag4,student_t_ar1,2.9427166301027485,2.9002498310898934,0.07098885525652587,0.4443775381690004,2.5352403907615395,2.503636219206331,0.407476239341209,2023-07-28,8.0,0,True,False
2023-06-30,2023Q3,0,diag4,student_t_ar1,1.2878338746749707,1.279611810011919,-0.30447193227881014,0.5384048127187159,4.694888429547928,4.5880109584365245,-3.407054554872957,2023-10-28,8.0,0,True,False
2023-07-07,2023Q2,14,diag4,student_t_ar1,2.88859275825486,2.8476593158216716,0.05880496470065595,0.4428696038428521,2.5352403907615395,2.503636219206331,0.35335236749332033,2023-07-28,12.0,4,True,True
2023-07-07,2023Q3,1,diag4,student_t_ar1,1.068582989657263,1.0629139911716743,-0.3546753291266947,0.5283889166459647,4.694888429547928,4.5880109584365245,-3.6263054398906647,2023-10-28,12.0,0,True,False
2023-07-07,2023Q4,-12,diag4,student_t_ar1,1.1766457903828131,1.1697771410824334,-0.3299178435548627,0.5600959195318238,3.4192155752948095,3.3620596105877665,-2.2425697849119963,2024-01-28,12.0,0,True,False
2023-07-14,2023Q2,15,diag4,student_t_ar1,2.9039476465928082,2.8625820028503086,0.062262173374674684,0.4423100628455275,2.5352403907615395,2.503636219206331,0.36870725583126873,2023-07-28,6.0,0,True,False
2023-07-14,2023Q3,2,diag4,student_t_ar1,1.099861344655495,1.0938568570089302,-0.3475066507267342,0.526509625633713,4.694888429547928,4.5880109584365245,-3.5950270848924326,2023-10-28,6.0,0,True,False
2023-07-14,2023Q4,-11,diag4,student_t_ar1,1.1866665456734538,1.1796808683768258,-0.3276234007483102,0.560068947886541,3.4192155752948095,3.3620596105877665,-2.2325490296213557,2024-01-28,6.0,0,True,False
2023-07-21,2023Q2,16,diag4,student_t_ar1,2.4491489428960733,2.4196381613959126,-0.040356697331427896,0.4396284796231927,2.5352403907615395,2.503636219206331,-0.08609144786546619,2023-07-28,6.0,0,True,False
2023-07-21,2023Q3,3,diag4,student_t_ar1,-0.131561222738652,-0.13164784049387945,-0.63142505376815,0.5155553633500957,4.694888429547928,4.5880109584365245,-4.82644965228658,2023-10-28,6.0,0,True,False
2023-07-21,2023Q4,-10,diag4,student_t_ar1,0.8560620684374909,0.8524186357097865,-0.4034417722844838,0.5587532358837176,3.4192155752948095,3.3620596105877665,-2.5631535068573186,2024-01-28,6.0,0,True,False
2023-07-28,2023Q3,4,diag4,student_t_ar1,-0.11267567208601559,-0.11273919884536765,-0.6289666304198455,0.5143490226540406,4.694888429547928,4.5880109584365245,-4.807564101633943,2023-10-28,6.0,0,True,False
2023-07-28,2023Q4,-9,diag4,student_t_ar1,0.8651873576106306,0.8614660605153837,-0.40252705350012535,0.5582321517351141,3.4192155752948095,3.3620596105877665,-2.554028217684179,2024-01-28,6.0,0,True,False
2023-08-04,2023Q3,5,diag4,student_t_ar1,0.025765866835381068,0.02576254800597999,-0.5967739516611201,0.5033375399595182,4.694888429547928,4.5880109584365245,-4.6691225627125466,2023-10-28,13.0,11,False,True
2023-08-04,2023Q4,-8,diag4,student_t_ar1,0.9791059523514223,0.9743437693357377,-0.37629030268878183,0.5549230360953297,3.4192155752948095,3.3620596105877665,-2.440109622943387,2024-01-28,13.0,0,True,False
2023-08-11,2023Q3,6,diag4,student_t_ar1,0.12317312240441858,0.12309732654771333,-0.5741499246803716,0.4945913776581288,4.694888429547928,4.5880109584365245,-4.571715307143509,2023-10-28,5.0,0,True,False
2023-08-11,2023Q4,-7,diag4,student_t_ar1,1.026097262604897,1.020868621520959,-0.3654762901961918,0.5542910385963917,3.4192155752948095,3.3620596105877665,-2.3931183126899125,2024-01-28,5.0,0,True,False
2023-08-18,2023Q3,7,diag4,student_t_ar1,2.056301597419141,2.0354451458502556,-0.12965301094952084,0.46549462160194316,4.694888429547928,4.5880109584365245,-2.6385868321287864,2023-10-28,11.0,0,True,False
2023-08-18,2023Q4,-6,diag4,student_t_ar1,0.9355080875984356,0.9311593117492312,-0.38632788995433676,0.5536068406358179,3.4192155752948095,3.3620596105877665,-2.483707487696374,2024-01-28,11.0,0,True,False
2023-08-25,2023Q3,8,diag4,student_t_ar1,2.185194267574775,2.161661110652862,-0.1003159801792598,0.4644155426285481,4.694888429547928,4.5880109584365245,-2.5096941619731528,2023-10-28,0.0,0,True,False
2023-08-25,2023Q4,-5,diag4,student_t_ar1,1.172247689975836,1.1654300944225546,-0.3318751179091438,0.5526550595217938,3.4192155752948095,3.3620596105877665,-2.2469678853189734,2024-01-28,0.0,0,True,False
2023-09-01,2023Q3,9,diag4,student_t_ar1,2.323620243740754,2.2970352241226135,-0.06885027345531212,0.464531200589295,4.694888429547928,4.5880109584365245,-2.371268185807174,2023-10-28,11.0,11,False,True
2023-09-01,2023Q4,-4,diag4,student_t_ar1,1.441992838730699,1.4316950000073356,-0.2699857860770105,0.5485805745828582,3.4192155752948095,3.3620596105877665,-1.9772227365641104,2024-01-28,11.0,0,True,False
2023-09-08,2023Q3,10,diag4,student_t_ar1,2.439196510569297,2.4099231799872975,-0.04261114087035315,0.46160673249183837,4.694888429547928,4.5880109584365245,-2.2556919189786306,2023-10-28,9.0,0,True,False
2023-09-08,2023Q4,-3,diag4,student_t_ar1,1.6015291344319227,1.588839957877923,-0.23345976916900052,0.5460943635557215,3.4192155752948095,3.3620596105877665,-1.8176864408628868,2024-01-28,9.0,0,True,False
2023-09-15,2023Q3,11,diag4,student_t_ar1,2.5638620031429804,2.5315462512183387,-0.014341660154035568,0.46461489059279665,4.694888429547928,4.5880109584365245,-2.131026426404947,2023-10-28,6.0,0,True,False
2023-09-15,2023Q4,-2,diag4,student_t_ar1,1.7013389531228107,1.687028269384433,-0.2106373510981055,0.5467956143255601,3.4192155752948095,3.3620596105877665,-1.7178766221719988,2024-01-28,6.0,0,True,False
2023-09-22,2023Q3,12,diag4,student_t_ar1,2.363063376811203,2.335575233527216,-0.059892219348945785,0.4441894280387515,4.694888429547928,4.5880109584365245,-2.3318250527367246,2023-10-28,6.0,0,True,False
2023-09-22,2023Q4,-1,diag4,student_t_ar1,1.437710150298721,1.4274731006556305,-0.27096710402188084,0.539720294314519,3.4192155752948095,3.3620596105877665,-1.9815054249960884,2024-01-28,6.0,0,True,False
2023-09-29,2023Q3,13,diag4,student_t_ar1,2.3533641096551206,2.3260994261556025,-0.06209473036146995,0.44417811048451794,4.694888429547928,4.5880109584365245,-2.341524319892807,2023-10-28,4.0,0,True,False
2023-09-29,2023Q4,0,diag4,student_t_ar1,1.4365953079405358,1.4263740532866858,-0.27122256129728284,0.5397198226321069,3.4192155752948095,3.3620596105877665,-1.9826202673542737,2024-01-28,4.0,0,True,False
2023-10-06,2023Q3,14,diag4,student_t_ar1,2.436756400088269,2.407541143006907,-0.043164810069799615,0.4423100748780388,4.694888429547928,4.5880109584365245,-2.2581320294596585,2023-10-28,13.0,11,False,True
2023-10-06,2023Q4,1,diag4,student_t_ar1,1.784747332659764,1.7690077164618172,-0.19158244338338398,0.5271730084573718,3.4192155752948095,3.3620596105877665,-1.6344682426350454,2024-01-28,13.0,0,True,False
2023-10-06,2024Q1,-12,diag4,student_t_ar1,1.686287219967797,1.6722272380083205,-0.21407763152215248,0.5601013042847444,0.8420915771010673,0.8385657658582282,0.8441956428667297,2024-04-28,13.0,0,True,False
2023-10-13,2023Q3,15,diag4,student_t_ar1,2.435719887280041,2.4065292815533565,-0.04340000227107521,0.44203727040089125,4.694888429547928,4.5880109584365245,-2.2591685422678864,2023-10-28,6.0,0,True,False
2023-10-13,2023Q4,2,diag4,student_t_ar1,1.7853943546850548,1.769643391241945,-0.19143469020007114,0.5262503791217442,3.4192155752948095,3.3620596105877665,-1.6338212206097547,2024-01-28,6.0,0,True,False
2023-10-13,2024Q1,-11,diag4,student_t_ar1,1.6832348567335176,1.669225447766264,-0.21477535318386787,0.5600825494178282,0.8420915771010673,0.8385657658582282,0.8411432796324503,2024-04-28,6.0,0,True,False
2023-10-20,2023Q3,16,diag4,student_t_ar1,2.5700450682777154,2.537574572157456,-0.012940466278439358,0.43943319972695233,4.694888429547928,4.5880109584365245,-2.1248433612702122,2023-10-28,9.0,0,True,False
2023-10-20,2023Q4,3,diag4,student_t_ar1,1.918920888117781,1.9007417947270995,-0.16096280890525214,0.5128973353130366,3.4192155752948095,3.3620596105877665,-1.5002946871770284,2024-01-28,9.0,0,True,False
2023-10-20,2024Q1,-10,diag4,student_t_ar1,1.5428732440486037,1.5310919802554963,-0.24688243086698006,0.558508071127453,0.8420915771010673,0.8385657658582282,0.7007816669475364,2024-04-28,9.0,0,True,False
2023-10-27,2023Q3,17,diag4,student_t_ar1,2.5660643675102346,2.533693538458472,-0.01384255505322766,0.43941892677756833,4.694888429547928,4.5880109584365245,-2.128824062037693,2023-10-28,4.0,0,True,False
2023-10-27,2023Q4,4,diag4,student_t_ar1,1.917526444230977,1.8993735959529703,-0.16128082643654648,0.5128949661689433,3.4192155752948095,3.3620596105877665,-1.5016891310638325,2024-01-28,4.0,0,True,False
2023-10-27,2024Q1,-9,diag4,student_t_ar1,1.5427077125446553,1.5309289637545953,-0.2469203216370619,0.558507953023521,0.8420915771010673,0.8385657658582282,0.700616135443588,2024-04-28,4.0,0,True,False
2023-11-03,2023Q4,5,diag4,student_t_ar1,1.6398844394530432,1.626583550388912,-0.22826170447498967,0.5212593585548013,3.4192155752948095,3.3620596105877665,-1.7793311358417663,2024-01-28,12.0,11,False,True
2023-11-03,2024Q1,-8,diag4,student_t_ar1,1.3048389385912573,1.2963992522427565,-0.3052048614593548,0.5552838706403632,0.8420915771010673,0.8385657658582282,0.46274736149019,2024-04-28,12.0,0,True,False
2023-11-10,2023Q4,6,diag4,student_t_ar1,1.804428642235445,1.7883420543928596,-0.19056696842299684,0.5086324437825855,3.4192155752948095,3.3620596105877665,-1.6147869330593645,2024-01-28,7.0,0,True,False
2023-11-10,2024Q1,-7,diag4,student_t_ar1,1.381093780025422,1.371643591116331,-0.2876706025299024,0.5544380888634327,0.8420915771010673,0.8385657658582282,0.5390022029243546,2024-04-28,7.0,0,True,False
2023-11-17,2023Q4,7,diag4,student_t_ar1,0.9789174407798029,0.9741570854214836,-0.3802972561247609,0.46573099204585106,3.4192155752948095,3.3620596105877665,-2.4402981345150065,2024-01-28,10.0,0,True,False
2023-11-17,2024Q1,-6,diag4,student_t_ar1,1.29716799493651,1.288826826110848,-0.30696947103010447,0.5531111247256265,0.8420915771010673,0.8385657658582282,0.4550764178354427,2024-04-28,10.0,0,True,False
2023-11-24,2023Q4,8,diag4,student_t_ar1,1.07594949212797,1.070202343108326,-0.35791573955569816,0.4649968616716231,3.4192155752948095,3.3620596105877665,-2.3432660831668395,2024-01-28,2.0,0,True,False
2023-11-24,2024Q1,-5,diag4,student_t_ar1,1.4394900906005592,1.4292277978811194,-0.2742517007656458,0.5519372879554314,0.8420915771010673,0.8385657658582282,0.5973985134994919,2024-04-28,2.0,0,True,False
2023-12-01,2023Q4,9,diag4,student_t_ar1,1.0053370722980182,1.0003171757043203,-0.3742011457262389,0.46147417013747644,3.4192155752948095,3.3620596105877665,-2.4138785029967913,2024-01-28,11.0,11,False,True
2023-12-01,2024Q1,-4,diag4,student_t_ar1,1.3177724116877787,1.3091653231446085,-0.3022299719719088,0.5472877065915986,0.8420915771010673,0.8385657658582282,0.4756808345867114,2024-04-28,11.0,0,True,False
2023-12-08,2023Q4,10,diag4,student_t_ar1,1.0378200131910598,1.0324716338324718,-0.3667081621610228,0.4575455707601572,3.4192155752948095,3.3620596105877665,-2.3813955621037497,2024-01-28,9.0,0,True,False
2023-12-08,2024Q1,-3,diag4,student_t_ar1,1.3568072608745707,1.347685052389898,-0.2932536833023501,0.5448921375962454,0.8420915771010673,0.8385657658582282,0.5147156837735034,2024-04-28,9.0,0,True,False
2023-12-15,2023Q4,11,diag4,student_t_ar1,0.981553843274563,0.9767678958223027,-0.3796888565259474,0.45617951349909364,3.4192155752948095,3.3620596105877665,-2.4376617320202465,2024-01-28,6.0,0,True,False
2023-12-15,2024Q1,-2,diag4,student_t_ar1,1.3201131226039386,1.3114755633152373,-0.30169161453602134,0.5445482097216847,0.8420915771010673,0.8385657658582282,0.47802154550287135,2024-04-28,6.0,0,True,False
2023-12-22,2023Q4,12,diag4,student_t_ar1,1.7248265251748496,1.7101202566921367,-0.2087950673782714,0.4454564864084124,3.4192155752948095,3.3620596105877665,-1.6943890501199599,2024-01-28,6.0,0,True,False
2023-12-22,2024Q1,-1,diag4,student_t_ar1,1.5589648274219492,1.5469378077081752,-0.24682162666580093,0.5395952064152371,0.8420915771010673,0.8385657658582282,0.7168732503208819,2024-04-28,6.0,0,True,False
2023-12-29,2023Q4,13,diag4,student_t_ar1,1.7262648768985533,1.7115342100052566,-0.20846557251025133,0.44544238779331685,3.4192155752948095,3.3620596105877665,-1.6929506983962561,2024-01-28,4.0,0,True,False
2023-12-29,2024Q1,0,diag4,student_t_ar1,1.559132144925801,1.547102556695437,-0.24678323505462776,0.5395951098154259,0.8420915771010673,0.8385657658582282,0.7170405678247338,2024-04-28,4.0,0,True,False
2024-01-05,2023Q4,14,diag4,student_t_ar1,1.7573645109852043,1.7421014201757894,-0.20134246682675724,0.44366551414895156,3.4192155752948095,3.3620596105877665,-1.6618510643096052,2024-01-28,13.0,11,False,True
2024-01-05,2024Q1,1,diag4,student_t_ar1,1.75322393524866,1.738032269996686,-0.20229070471323943,0.5275909895268724,0.8420915771010673,0.8385657658582282,0.9111323581475927,2024-04-28,13.0,0,True,False
2024-01-05,2024Q2,-12,diag4,student_t_ar1,1.3574130031388298,1.3482826841332192,-0.2931144166161286,0.5600676695098316,3.5892686664036777,3.526355417094438,-2.231855663264848,2024-07-28,13.0,0,True,False
2024-01-12,2023Q4,15,diag4,student_t_ar1,1.7570168177863499,1.7417597311053648,-0.20142209095162675,0.4436667335539972,3.4192155752948095,3.3620596105877665,-1.6621987575084596,2024-01-28,4.0,0,True,False
2024-01-12,2024Q1,2,diag4,student_t_ar1,1.7534732418581278,1.738277280714211,-0.20223360963571083,0.5275934346286498,0.8420915771010673,0.8385657658582282,0.9113816647570605,2024-04-28,4.0,0,True,False
2024-01-12,2024Q2,-11,diag4,student_t_ar1,1.3574927042925955,1.3483613178710703,-0.29309609252237334,0.5600677086366236,3.5892686664036777,3.526355417094438,-2.231775962111082,2024-07-28,4.0,0,True,False
2024-01-19,2023Q4,16,diag4,student_t_ar1,1.6984307337889692,1.68416866011493,-0.21484259229283,0.4406738614388705,3.4192155752948095,3.3620596105877665,-1.7207848415058402,2024-01-28,11.0,0,True,False
2024-01-19,2024Q1,3,diag4,student_t_ar1,1.4182172335879928,1.4082546168557,-0.27913910083027893,0.5174381019180012,0.8420915771010673,0.8385657658582282,0.5761256564869255,2024-04-28,11.0,0,True,False
2024-01-19,2024Q2,-10,diag4,student_t_ar1,1.171869209468701,1.1650559985378501,-0.33581190317937193,0.559870022234451,3.5892686664036777,3.526355417094438,-2.4173994569349766,2024-07-28,11.0,0,True,False
2024-01-26,2023Q4,17,diag4,student_t_ar1,1.7082681198789196,1.6938412875682824,-0.21258857083640947,0.44064794660332646,3.4192155752948095,3.3620596105877665,-1.7109474554158899,2024-01-28,4.0,0,True,False
2024-01-26,2024Q1,4,diag4,student_t_ar1,1.2178985065358194,1.2105417939712644,-0.32521230556603314,0.523356688406052,0.8420915771010673,0.8385657658582282,0.37580692943475213,2024-04-28,4.0,0,True,False
2024-01-26,2024Q2,-9,diag4,student_t_ar1,0.9918061021974678,0.9869199861123006,-0.37732310539456876,0.5594710508583859,3.5892686664036777,3.526355417094438,-2.59746256420621,2024-07-28,4.0,0,True,False
2024-02-02,2024Q1,5,diag4,student_t_ar1,1.9151126375887229,1.8970051758086404,-0.16689691231246984,0.5044423064264069,0.8420915771010673,0.8385657658582282,1.0730210604876556,2024-04-28,10.0,11,False,True
2024-02-02,2024Q2,-8,diag4,student_t_ar1,1.6260442789439278,1.612965763465379,-0.23329479149704166,0.5551227398764214,3.5892686664036777,3.526355417094438,-1.96322438745975,2024-07-28,10.0,0,True,False
2024-02-09,2024Q1,6,diag4,student_t_ar1,2.096841045636033,2.0751598896204366,-0.12525094823216767,0.49753017895754265,0.8420915771010673,0.8385657658582282,1.2547494685349658,2024-04-28,9.0,0,True,False
2024-02-09,2024Q2,-7,diag4,student_t_ar1,1.7249347368711643,1.710226633515246,-0.21055880762184256,0.5544142930297449,3.5892686664036777,3.526355417094438,-1.8643339295325134,2024-07-28,9.0,0,True,False
2024-02-16,2024Q1,7,diag4,student_t_ar1,1.9767335097690797,1.9574498431367648,-0.1527671910688762,0.49786115348355353,0.8420915771010673,0.8385657658582282,1.1346419326680124,2024-04-28,8.0,0,True,False
2024-02-16,2024Q2,-6,diag4,student_t_ar1,1.8697168214918403,1.8524524807250269,-0.1773116799008982,0.5536233218405434,3.5892686664036777,3.526355417094438,-1.7195518449118374,2024-07-28,8.0,0,True,False
2024-02-23,2024Q1,8,diag4,student_t_ar1,-0.5717397176908001,-0.573380405847276,-0.7443814312279979,0.46761906519533036,0.8420915771010673,0.8385657658582282,-1.4138312947918674,2024-04-28,4.0,0,True,False
2024-02-23,2024Q2,-5,diag4,student_t_ar1,1.978360625170783,1.9590454055409798,-0.1523942077604243,0.5533900761389432,3.5892686664036777,3.526355417094438,-1.6109080412328947,2024-07-28,4.0,0,True,False
2024-03-01,2024Q1,9,diag4,student_t_ar1,-0.7228619335658104,-0.7254872396503091,-0.7799383671147552,0.4612145717846383,0.8420915771010673,0.8385657658582282,-1.5649535106668777,2024-04-28,11.0,11,False,True
2024-03-01,2024Q2,-4,diag4,student_t_ar1,1.6361262777701668,1.6228859555079094,-0.23097581855137284,0.5473150175930439,3.5892686664036777,3.526355417094438,-1.9531423886335109,2024-07-28,11.0,0,True,False
2024-03-08,2024Q1,10,diag4,student_t_ar1,-0.6348605374908001,-0.6368843471273018,-0.7592262972487727,0.4581403177951164,0.8420915771010673,0.8385657658582282,-1.4769521145918674,2024-04-28,9.0,0,True,False
2024-03-08,2024Q2,-3,diag4,student_t_ar1,1.7390094110422583,1.7240616884213917,-0.2073246849464301,0.5451122205851254,3.5892686664036777,3.526355417094438,-1.8502592553614194,2024-07-28,9.0,0,True,False
2024-03-15,2024Q1,11,diag4,student_t_ar1,-0.5996050850335832,-0.60140993458656,-0.7509336953926004,0.45656262363508004,0.8420915771010673,0.8385657658582282,-1.4416966621346505,2024-04-28,6.0,0,True,False
2024-03-15,2024Q2,-2,diag4,student_t_ar1,1.7653292807730203,1.7499283309182554,-0.20127802336081294,0.5447232777333351,3.5892686664036777,3.526355417094438,-1.8239393856306574,2024-07-28,6.0,0,True,False
2024-03-22,2024Q1,12,diag4,student_t_ar1,0.8576021293775327,0.8539456130181462,-0.41072554954672286,0.444810646514396,0.8420915771010673,0.8385657658582282,0.015510552276465361,2024-04-28,6.0,0,True,False
2024-03-22,2024Q2,-1,diag4,student_t_ar1,2.60772284878521,2.5743015346480975,-0.008570145490317814,0.5380913633793457,3.5892686664036777,3.526355417094438,-0.9815458176184677,2024-07-28,6.0,0,True,False
2024-03-29,2024Q1,13,diag4,student_t_ar1,0.8362394751309177,0.8327623640338966,-0.41567740744274306,0.44482472334902784,0.8420915771010673,0.8385657658582282,-0.005852101970149626,2024-04-28,4.0,0,True,False
2024-03-29,2024Q2,0,diag4,student_t_ar1,2.605531420909557,2.5721657779850613,-0.009069406179917246,0.5380935570446869,3.5892686664036777,3.526355417094438,-0.9837372454941207,2024-07-28,4.0,0,True,False
2024-04-05,2024Q1,14,diag4,student_t_ar1,0.9246033157921607,0.920355025809753,-0.39520149205456523,0.4436719643641028,0.8420915771010673,0.8385657658582282,0.0825117386910934,2024-04-28,13.0,11,False,True
2024-04-05,2024Q2,1,diag4,student_t_ar1,2.9930485962166298,2.949131060691517,0.07905109474434477,0.528594848113886,3.5892686664036777,3.526355417094438,-0.5962200701870479,2024-07-28,13.0,0,True,False
2024-04-05,2024Q3,-12,diag4,student_t_ar1,2.00023462529495,1.9804927541523951,-0.14738061316739945,0.5601273594895787,3.340152501559479,3.2855812596193403,-1.3399178762645292,2024-10-28,13.0,0,True,False
2024-04-12,2024Q1,15,diag4,student_t_ar1,0.9252791783841641,0.9210246943611071,-0.395044948386207,0.4436721966555046,0.8420915771010673,0.8385657658582282,0.08318760128309677,2024-04-28,4.0,0,True,False
2024-04-12,2024Q2,2,diag4,student_t_ar1,2.99350649556831,2.9495756521858354,0.07915502374519263,0.5285978109732219,3.5892686664036777,3.526355417094438,-0.5957621708353678,2024-07-28,4.0,0,True,False
2024-04-12,2024Q3,-11,diag4,student_t_ar1,2.0003760340298937,1.980631389752043,-0.14734820530639117,0.5601273768817516,3.340152501559479,3.2855812596193403,-1.3397764675295853,2024-10-28,4.0,0,True,False
2024-04-19,2024Q1,16,diag4,student_t_ar1,1.0122281524401755,1.0071394340927569,-0.37491451635375755,0.440414861299076,0.8420915771010673,0.8385657658582282,0.1701365753391082,2024-04-28,11.0,0,True,False
2024-04-19,2024Q2,3,diag4,student_t_ar1,3.2786925757450236,3.226090144368829,0.14379385570616568,0.5124212627374727,3.5892686664036777,3.526355417094438,-0.3105760906586541,2024-07-28,11.0,0,True,False
2024-04-19,2024Q3,-10,diag4,student_t_ar1,2.050837737805433,2.0300912325743026,-0.13578632858967848,0.558941791173465,3.340152501559479,3.2855812596193403,-1.2893147637540459,2024-10-28,11.0,0,True,False
2024-04-26,2024Q1,17,diag4,student_t_ar1,1.0025191437030845,0.9975272558983275,-0.3771614870864071,0.4404106030125278,0.8420915771010673,0.8385657658582282,0.16042756660201718,2024-04-28,4.0,0,True,False
2024-04-26,2024Q2,4,diag4,student_t_ar1,3.27525046143331,3.222757248117703,0.1430147481844618,0.5124207983992886,3.5892686664036777,3.526355417094438,-0.3140182049703677,2024-07-28,4.0,0,True,False
2024-04-26,2024Q3,-9,diag4,student_t_ar1,2.05042229310064,2.0296841359157916,-0.1358814926886507,0.5589418810146571,3.340152501559479,3.2855812596193403,-1.2897302084588391,2024-10-28,4.0,0,True,False
2024-05-03,2024Q2,5,diag4,student_t_ar1,3.152289688394383,3.1036250940530477,0.1181194867142476,0.5017791240285128,3.5892686664036777,3.526355417094438,-0.43697897800929475,2024-07-28,11.0,11,False,True
2024-05-03,2024Q3,-8,diag4,student_t_ar1,1.8994116107544423,1.881598004093809,-0.16830758274621013,0.5549422391771266,3.340152501559479,3.2855812596193403,-1.4407408908050368,2024-10-28,11.0,0,True,False
2024-05-10,2024Q2,6,diag4,student_t_ar1,3.032569359601456,2.9874959633300207,0.09090034659428795,0.4940903684290264,3.5892686664036777,3.526355417094438,-0.5566993068022219,2024-07-28,8.0,0,True,False
2024-05-10,2024Q3,-7,diag4,student_t_ar1,1.848043511341113,1.8311746989576463,-0.18012614195928228,0.5543327930002131,3.340152501559479,3.2855812596193403,-1.492108990218366,2024-10-28,8.0,0,True,False
2024-05-17,2024Q2,7,diag4,student_t_ar1,2.765253684615643,2.7277110721486317,0.030010186562180047,0.464733117286571,3.5892686664036777,3.526355417094438,-0.8240149817880349,2024-07-28,10.0,0,True,False
2024-05-17,2024Q3,-6,diag4,student_t_ar1,1.8882833416834943,1.870676570309897,-0.1708674231120539,0.5530228965526833,3.340152501559479,3.2855812596193403,-1.4518691598759847,2024-10-28,10.0,0,True,False
2024-05-24,2024Q2,8,diag4,student_t_ar1,2.7188388255805718,2.6825349621564074,0.01942150084398724,0.46360247653141173,3.5892686664036777,3.526355417094438,-0.8704298408231059,2024-07-28,2.0,0,True,False
2024-05-24,2024Q3,-5,diag4,student_t_ar1,1.8280776624743034,1.8115692107779808,-0.18472141040364268,0.551603103157298,3.340152501559479,3.2855812596193403,-1.5120748390851757,2024-10-28,2.0,0,True,False
2024-05-31,2024Q2,9,diag4,student_t_ar1,2.7306679327491645,2.694050304654236,0.02212054559723943,0.4635907075500879,3.5892686664036777,3.526355417094438,-0.8586007336545132,2024-07-28,8.0,0,True,False
2024-05-31,2024Q3,-4,diag4,student_t_ar1,1.8274347504507293,1.8109378386968173,-0.18486939571136024,0.5516000450712787,3.340152501559479,3.2855812596193403,-1.5127177511087497,2024-10-28,8.0,0,True,False
2024-06-07,2024Q2,10,diag4,student_t_ar1,2.7041088673759095,2.6681938591829257,0.016060135018895742,0.45654791840516035,3.5892686664036777,3.526355417094438,-0.8851597990277682,2024-07-28,12.0,11,False,True
2024-06-07,2024Q3,-3,diag4,student_t_ar1,1.755331211749822,1.740103216350478,-0.20147209908979102,0.5448818315678172,3.340152501559479,3.2855812596193403,-1.584821289809657,2024-10-28,12.0,0,True,False
2024-06-14,2024Q2,11,diag4,student_t_ar1,2.752211094467727,2.7150186324287864,0.027035245709289467,0.45735032895926203,3.5892686664036777,3.526355417094438,-0.8370575719359508,2024-07-28,6.0,0,True,False
2024-06-14,2024Q3,-2,diag4,student_t_ar1,1.7643982236655198,1.7490134207290549,-0.19938366443116604,0.5450571201889601,3.340152501559479,3.2855812596193403,-1.5757542778939593,2024-10-28,6.0,0,True,False
2024-06-21,2024Q2,12,diag4,student_t_ar1,3.649519735713458,3.584501936355531,0.23083069078149387,0.4440078998602072,3.5892686664036777,3.526355417094438,0.06025106930978019,2024-07-28,6.0,0,True,False
2024-06-21,2024Q3,-1,diag4,student_t_ar1,2.1627564432821877,2.139700700181684,-0.10781170710833113,0.5383611947934159,3.340152501559479,3.2855812596193403,-1.1773960582772913,2024-10-28,6.0,0,True,False
2024-06-28,2024Q2,13,diag4,student_t_ar1,3.6334664310716747,3.569012672165793,0.22720021107575078,0.44399841126604256,3.5892686664036777,3.526355417094438,0.044197764667996964,2024-07-28,4.0,0,True,False
2024-06-28,2024Q3,0,diag4,student_t_ar1,2.1609089388706204,2.1378922905604565,-0.10823557452702283,0.5383597536358974,3.340152501559479,3.2855812596193403,-1.1792435626888587,2024-10-28,4.0,0,True,False
2024-07-05,2024Q2,14,diag4,student_t_ar1,3.5792465915743144,3.5166801294912995,0.21493415170699356,0.4432540884590755,3.5892686664036777,3.526355417094438,-0.010022074829363348,2024-07-28,13.0,11,False,True
2024-07-05,2024Q3,1,diag4,student_t_ar1,1.9472520103930968,1.9285356381636063,-0.15730601896380017,0.5300500016049922,3.340152501559479,3.2855812596193403,-1.3929004911663823,2024-10-28,13.0,0,True,False
2024-07-05,2024Q4,-12,diag4,student_t_ar1,1.7075756333357006,1.6931604295481235,-0.2124748706049085,0.5600896776249439,1.8522267738050768,1.8352819713325936,-0.14465114046937622,2025-01-28,13.0,0,True,False
2024-07-12,2024Q2,15,diag4,student_t_ar1,3.579683037760528,3.5171014931148568,0.2150329137957103,0.4432537860096652,3.5892686664036777,3.526355417094438,-0.00958562864314949,2024-07-28,4.0,0,True,False
2024-07-12,2024Q3,2,diag4,student_t_ar1,1.9471783631134443,1.9284633975638843,-0.15732295120977446,0.5300492666345263,3.340152501559479,3.2855812596193403,-1.3929741384460348,2024-10-28,4.0,0,True,False
2024-07-12,2024Q4,-11,diag4,student_t_ar1,1.7075497130780493,1.6931349444642447,-0.21248084397321626,0.5600896711767408,1.8522267738050768,1.8352819713325936,-0.14467706072702757,2025-01-28,4.0,0,True,False
2024-07-19,2024Q2,16,diag4,student_t_ar1,3.720522665173265,3.6529813863401595,0.24688137274961244,0.43947831212521493,3.5892686664036777,3.526355417094438,0.1312539987695871,2024-07-28,11.0,0,True,False
2024-07-19,2024Q3,3,diag4,student_t_ar1,2.069877153166444,2.0487462871839264,-0.12913022466289117,0.5161667947915602,3.340152501559479,3.2855812596193403,-1.2702753483930351,2024-10-28,11.0,0,True,False
2024-07-19,2024Q4,-10,diag4,student_t_ar1,1.5862126257002451,1.5737637444921981,-0.240459882463363,0.5596206117012774,1.8522267738050768,1.8352819713325936,-0.2660141481048317,2025-01-28,11.0,0,True,False
2024-07-26,2024Q2,17,diag4,student_t_ar1,3.717092470148975,3.649674179956822,0.24610620709226863,0.4394634598129018,3.5892686664036777,3.526355417094438,0.12782380374529723,2024-07-28,4.0,0,True,False
2024-07-26,2024Q3,4,diag4,student_t_ar1,2.258776164874998,2.2336435714921534,-0.08579273424983574,0.5112760856451489,3.340152501559479,3.2855812596193403,-1.0813763366844809,2024-10-28,4.0,0,True,False
2024-07-26,2024Q4,-9,diag4,student_t_ar1,1.7562815432252021,1.741037149763435,-0.20125319738724906,0.5585837132066824,1.8522267738050768,1.8352819713325936,-0.0959452305798747,2025-01-28,4.0,0,True,False
2024-08-02,2024Q3,5,diag4,student_t_ar1,1.769916604873023,1.7544359768356128,-0.2000956833677979,0.516944978919143,3.340152501559479,3.2855812596193403,-1.570235896686456,2024-10-28,10.0,11,False,True
2024-08-02,2024Q4,-8,diag4,student_t_ar1,1.2897773716321614,1.2815305777822428,-0.3112764802174111,0.5552387996277941,1.8522267738050768,1.8352819713325936,-0.5624494021729154,2025-01-28,10.0,0,True,False
2024-08-09,2024Q3,6,diag4,student_t_ar1,1.705536562317711,1.6911555725395928,-0.2149730051084262,0.502797824700958,3.340152501559479,3.2855812596193403,-1.634615939241768,2024-10-28,9.0,0,True,False
2024-08-09,2024Q4,-7,diag4,student_t_ar1,1.2881605900167514,1.2799343707799418,-0.3116517509730591,0.5543937689256957,1.8522267738050768,1.8352819713325936,-0.5640661837883254,2025-01-28,9.0,0,True,False
2024-08-16,2024Q3,7,diag4,student_t_ar1,1.7931521158860875,1.7772647848900474,-0.19472859499092687,0.4955410008139515,3.340152501559479,3.2855812596193403,-1.5470003856733916,2024-10-28,8.0,0,True,False
2024-08-16,2024Q4,-6,diag4,student_t_ar1,1.3032232288048284,1.294804340599885,-0.30815579787753433,0.5543728671771625,1.8522267738050768,1.8352819713325936,-0.5490035450002484,2025-01-28,8.0,0,True,False
2024-08-23,2024Q3,8,diag4,student_t_ar1,0.3338011156468035,0.3332452364000429,-0.534219842899938,0.4637127082347319,3.340152501559479,3.2855812596193403,-3.0063513859126756,2024-10-28,4.0,0,True,False
2024-08-23,2024Q4,-5,diag4,student_t_ar1,1.2321325684652606,1.224603596656404,-0.3246601022620801,0.5519555548673154,1.8522267738050768,1.8352819713325936,-0.6200942053398162,2025-01-28,4.0,0,True,False
2024-08-30,2024Q3,9,diag4,student_t_ar1,0.3578419193112303,0.35720318842618903,-0.5285872910143311,0.46370828121129376,3.340152501559479,3.2855812596193403,-2.9823105822482487,2024-10-28,8.0,0,True,False
2024-08-30,2024Q4,-4,diag4,student_t_ar1,1.232043839949104,1.224515948048412,-0.3246807085865137,0.551954385599841,1.8522267738050768,1.8352819713325936,-0.6201829338559728,2025-01-28,8.0,0,True,False
2024-09-06,2024Q3,10,diag4,student_t_ar1,0.36660804574677464,0.36593767636987673,-0.5265337992766677,0.4569184867029094,3.340152501559479,3.2855812596193403,-2.9735444558127044,2024-10-28,10.0,11,False,True
2024-09-06,2024Q4,-3,diag4,student_t_ar1,1.2335782555118469,1.2260316775306723,-0.32432435822133815,0.5449326395767375,1.8522267738050768,1.8352819713325936,-0.61864851829323,2025-01-28,10.0,0,True,False
2024-09-13,2024Q3,11,diag4,student_t_ar1,0.36309143005528455,0.36243384439980053,-0.5273575556373267,0.45712659532544947,3.340152501559479,3.2855812596193403,-2.9770610715041945,2024-10-28,6.0,0,True,False
2024-09-13,2024Q4,-2,diag4,student_t_ar1,1.2211419043968164,1.2137461144962893,-0.3272127132509975,0.5449752642664769,1.8522267738050768,1.8352819713325936,-0.6310848694082605,2025-01-28,6.0,0,True,False
2024-09-20,2024Q3,12,diag4,student_t_ar1,1.2184832298666848,1.211119479983871,-0.3278302391213047,0.44384992585197863,3.340152501559479,3.2855812596193403,-2.1216692716927943,2024-10-28,8.0,0,True,False
2024-09-20,2024Q4,-1,diag4,student_t_ar1,1.7951062527995942,1.7791844799935146,-0.19427727167819028,0.5381550179563873,1.8522267738050768,1.8352819713325936,-0.057120521005482594,2025-01-28,8.0,0,True,False
2024-09-27,2024Q3,13,diag4,student_t_ar1,1.2082491587591004,1.2010080969708303,-0.3302074410371463,0.44383765046711415,3.340152501559479,3.2855812596193403,-2.1319033428003786,2024-10-28,4.0,0,True,False
2024-09-27,2024Q4,0,diag4,student_t_ar1,1.7938640253720495,1.7779641511850528,-0.19456417288425584,0.5381550714505592,1.8522267738050768,1.8352819713325936,-0.058362748433027356,2025-01-28,4.0,0,True,False
2024-10-04,2024Q3,14,diag4,student_t_ar1,1.1374676226433733,1.1310471013751482,-0.3466553802112186,0.44337797568491466,3.340152501559479,3.2855812596193403,-2.2026848789161058,2024-10-28,9.0,11,False,True
2024-10-04,2024Q4,1,diag4,student_t_ar1,1.4963386331689366,1.485253926350323,-0.2633808032469004,0.5331260594983332,1.8522267738050768,1.8352819713325936,-0.35588814063614027,2025-01-28,9.0,0,True,False
2024-10-04,2025Q1,-12,diag4,student_t_ar1,1.364876495821643,1.3556459520842958,-0.29385184013039944,0.5603593442237845,-0.6484826392524012,-0.6505944225690983,2.0133591350740443,2025-04-28,9.0,0,True,False
2024-10-11,2024Q3,15,diag4,student_t_ar1,1.2352834124946588,1.2277160421967293,-0.32392836146145265,0.44448295102406293,3.340152501559479,3.2855812596193403,-2.1048690890648203,2024-10-28,7.0,0,True,False
2024-10-11,2024Q4,2,diag4,student_t_ar1,1.884971176035588,1.867425735791851,-0.173531614821009,0.5344997150724928,1.8522267738050768,1.8352819713325936,0.03274440223051123,2025-01-28,7.0,0,True,False
2024-10-11,2025Q1,-11,diag4,student_t_ar1,1.4781786582051204,1.467360079127908,-0.26758767463571453,0.56014091357745,-0.6484826392524012,-0.6505944225690983,2.1266612974575216,2025-04-28,7.0,0,True,False
2024-10-18,2024Q3,16,diag4,student_t_ar1,0.8911613457498246,0.8872139375459069,-0.4039809373039552,0.4393607451377898,3.340152501559479,3.2855812596193403,-2.4489911558096544,2024-10-28,12.0,0,True,False
2024-10-18,2024Q4,3,diag4,student_t_ar1,0.9541368555628038,0.9496137183855529,-0.38931065151132005,0.5164074840351881,1.8522267738050768,1.8352819713325936,-0.898089918242273,2025-01-28,12.0,0,True,False
2024-10-18,2025Q1,-10,diag4,student_t_ar1,1.2518465378409172,1.2440757243032177,-0.3200821746840407,0.5597068147096911,-0.6484826392524012,-0.6505944225690983,1.9003291770933184,2025-04-28,12.0,0,True,False
2024-10-25,2024Q3,17,diag4,student_t_ar1,0.8931027628581445,0.889138187800947,-0.4035285430679797,0.4393607017386409,3.340152501559479,3.2855812596193403,-2.4470497387013346,2024-10-28,0.0,0,True,False
2024-10-25,2024Q4,4,diag4,student_t_ar1,1.1670036199498135,1.1602466512762162,-0.3397905204905444,0.5115541522461874,1.8522267738050768,1.8352819713325936,-0.6852231538552633,2025-01-28,0.0,0,True,False
2024-10-25,2025Q1,-9,diag4,student_t_ar1,1.4435359901730616,1.4332162040589986,-0.27561495291440163,0.558708980223047,-0.6484826392524012,-0.6505944225690983,2.092018629425463,2025-04-28,0.0,0,True,False
2024-11-01,2024Q4,5,diag4,student_t_ar1,1.191854816043536,1.184808161862626,-0.33605966939473075,0.5032556823811684,1.8522267738050768,1.8352819713325936,-0.6603719577615408,2025-01-28,13.0,11,False,True
2024-11-01,2025Q1,-8,diag4,student_t_ar1,1.4637960003812234,1.4531859213449552,-0.27276813543088896,0.5551239703466059,-0.6484826392524012,-0.6505944225690983,2.1122786396336246,2025-04-28,13.0,0,True,False
2024-11-08,2024Q4,6,diag4,student_t_ar1,0.9932927470685637,0.988392020316402,-0.3823804931384662,0.500445789569869,1.8522267738050768,1.8352819713325936,-0.8589340267365131,2025-01-28,10.0,0,True,False
2024-11-08,2025Q1,-7,diag4,student_t_ar1,1.392258459341944,1.3826555699631717,-0.28940131002245106,0.554525214940576,-0.6484826392524012,-0.6505944225690983,2.0407410985943453,2025-04-28,10.0,0,True,False
2024-11-15,2024Q4,7,diag4,student_t_ar1,1.1228313039703952,1.1165743464388438,-0.35215125185188734,0.49842926553588,1.8522267738050768,1.8352819713325936,-0.7293954698346816,2025-01-28,6.0,0,True,False
2024-11-15,2025Q1,-6,diag4,student_t_ar1,1.4014857970630734,1.3917557892636558,-0.2872552050693209,0.5545259234054019,-0.6484826392524012,-0.6505944225690983,2.0499684363154747,2025-04-28,6.0,0,True,False
2024-11-22,2024Q4,8,diag4,student_t_ar1,0.7271523329536622,0.7245213269592785,-0.4446091255813662,0.4656464567861991,1.8522267738050768,1.8352819713325936,-1.1250744408514146,2025-01-28,6.0,0,True,False
2024-11-22,2025Q1,-5,diag4,student_t_ar1,1.4501438968128388,1.439729868403594,-0.2759414767442681,0.5524060633861485,-0.6484826392524012,-0.6505944225690983,2.09862653606524,2025-04-28,6.0,0,True,False
2024-11-29,2024Q4,9,diag4,student_t_ar1,0.7291380561528449,0.7264926957315585,-0.44414421763278406,0.4656359725610671,1.8522267738050768,1.8352819713325936,-1.123088717652232,2025-01-28,4.0,0,True,False
2024-11-29,2025Q1,-4,diag4,student_t_ar1,1.4501196566225172,1.4397059747034113,-0.2759471115962005,0.552405700043643,-0.6484826392524012,-0.6505944225690983,2.0986022958749184,2025-04-28,4.0,0,True,False
2024-12-06,2024Q4,10,diag4,student_t_ar1,0.9701605361131849,0.9654846965600496,-0.38778272789272633,0.4627854763959749,1.8522267738050768,1.8352819713325936,-0.882066237691892,2025-01-28,13.0,11,False,True
2024-12-06,2025Q1,-3,diag4,student_t_ar1,1.835793422452081,1.8191461658268764,-0.1864637215043376,0.5461732347284151,-0.6484826392524012,-0.6505944225690983,2.4842760617044823,2025-04-28,13.0,0,True,False
2024-12-13,2024Q4,11,diag4,student_t_ar1,0.9666329101259086,0.9619909043417807,-0.38860666900197366,0.46149821255059287,1.8522267738050768,1.8352819713325936,-0.8855938636791683,2025-01-28,6.0,0,True,False
2024-12-13,2025Q1,-2,diag4,student_t_ar1,1.8269250227569644,1.8104372575215892,-0.18851754357534406,0.5458590940268698,-0.6484826392524012,-0.6505944225690983,2.4754076620093657,2025-04-28,6.0,0,True,False
2024-12-20,2024Q4,12,diag4,student_t_ar1,0.6695628165005463,0.6673312005165137,-0.458096274580339,0.44593888972903617,1.8522267738050768,1.8352819713325936,-1.1826639573045306,2025-01-28,9.0,0,True,False
2024-12-20,2025Q1,-1,diag4,student_t_ar1,1.425025494704113,1.4149674469476634,-0.28178119923702627,0.5403310788959969,-0.6484826392524012,-0.6505944225690983,2.0735081339565142,2025-04-28,9.0,0,True,False
2024-12-27,2024Q4,13,diag4,student_t_ar1,0.6677783606884979,0.6655585975789147,-0.4585143075769847,0.4459291005525358,1.8522267738050768,1.8352819713325936,-1.184448413116579,2025-01-28,4.0,0,True,False
2024-12-27,2025Q1,0,diag4,student_t_ar1,1.424816620329361,1.4147615070538178,-0.28182976604752125,0.54033087328963,-0.6484826392524012,-0.6505944225690983,2.0732992595817623,2025-04-28,4.0,0,True,False
2025-01-03,2024Q4,14,diag4,student_t_ar1,0.7221290238308642,0.7195341568983982,-0.44578525002588243,0.44471954540108594,1.8522267738050768,1.8352819713325936,-1.1300977499742126,2025-01-28,8.0,11,False,True
2025-01-03,2025Q1,1,diag4,student_t_ar1,1.6928228256039235,1.678654255647356,-0.21959593231764682,0.5323539725622393,-0.6484826392524012,-0.6505944225690983,2.3413054648563247,2025-04-28,8.0,0,True,False
2025-01-03,2025Q2,-12,diag4,student_t_ar1,1.6640918163950413,1.650397523437772,-0.22625971820586546,0.5604832781881921,3.8380332333819878,3.7662126431826737,-2.1739414169869464,2025-07-28,8.0,0,True,False
2025-01-10,2024Q4,15,diag4,student_t_ar1,0.8305830432143724,0.8271526838223455,-0.42040557003643786,0.445077697212749,1.8522267738050768,1.8352819713325936,-1.0216437305907045,2025-01-28,8.0,0,True,False
2025-01-10,2025Q1,2,diag4,student_t_ar1,2.0692361180534746,2.0481182496631245,-0.13246522904785765,0.531390573573283,-0.6484826392524012,-0.6505944225690983,2.717718757305876,2025-04-28,8.0,0,True,False
2025-01-10,2025Q2,-11,diag4,student_t_ar1,1.804998439322758,1.788901750567505,-0.19359626273762517,0.5601725738154688,3.8380332333819878,3.7662126431826737,-2.0330347940592297,2025-07-28,8.0,0,True,False
2025-01-17,2024Q4,16,diag4,student_t_ar1,1.5217807735992572,1.510317837530118,-0.25929471415847277,0.44104611804974403,1.8522267738050768,1.8352819713325936,-0.3304460002058196,2025-01-28,10.0,0,True,False
2025-01-17,2025Q1,3,diag4,student_t_ar1,3.413045978947893,3.356093813663851,0.17599468205844213,0.5150684113527799,-0.6484826392524012,-0.6505944225690983,4.061528618200294,2025-04-28,10.0,0,True,False
2025-01-17,2025Q2,-10,diag4,student_t_ar1,1.761071376017842,1.745744200759169,-0.20377410882576327,0.5595603539638383,3.8380332333819878,3.7662126431826737,-2.0769618573641457,2025-07-28,10.0,0,True,False
2025-01-24,2024Q4,17,diag4,student_t_ar1,1.5224179032877982,1.5109454148681465,-0.259146712578605,0.44104493400723316,1.8522267738050768,1.8352819713325936,-0.3298088705172786,2025-01-28,2.0,0,True,False
2025-01-24,2025Q1,4,diag4,student_t_ar1,3.5924812184484622,3.529456609208926,0.21687883461814833,0.5129788900466316,-0.6484826392524012,-0.6505944225690983,4.240963857700864,2025-04-28,2.0,0,True,False
2025-01-24,2025Q2,-9,diag4,student_t_ar1,1.9212742107584946,1.903050782549337,-0.16667649357138214,0.5592254933625518,3.8380332333819878,3.7662126431826737,-1.9167590226234932,2025-07-28,2.0,0,True,False
2025-01-31,2025Q1,5,diag4,student_t_ar1,3.6071572068256508,3.54362264590017,0.22203733627465075,0.5118187003470394,-0.6484826392524012,-0.6505944225690983,4.2556398460780525,2025-04-28,10.0,0,True,False
2025-01-31,2025Q2,-8,diag4,student_t_ar1,1.932913267672487,1.9144697846023173,-0.16333930759815063,0.5587059704080102,3.8380332333819878,3.7662126431826737,-1.9051199657095008,2025-07-28,10.0,0,True,False
2025-02-07,2025Q1,6,diag4,student_t_ar1,3.369613142879846,3.314085613468319,0.16774027594070556,0.5383011410561918,-0.6484826392524012,-0.6505944225690983,4.018095782132248,2025-04-28,13.0,11,False,True
2025-02-07,2025Q2,-7,diag4,student_t_ar1,2.0016999768325494,1.9819293596831025,-0.1473817229789838,0.5544961638025564,3.8380332333819878,3.7662126431826737,-1.8363332565494384,2025-07-28,13.0,0,True,False
2025-02-14,2025Q1,7,diag4,student_t_ar1,3.0484709980892255,3.0029283762213184,0.09413592937775958,0.5356385842878648,-0.6484826392524012,-0.6505944225690983,3.6969536373416267,2025-04-28,6.0,0,True,False
2025-02-14,2025Q2,-6,diag4,student_t_ar1,2.114125284015911,2.092087715517162,-0.121323727762957,0.5535151886616859,3.8380332333819878,3.7662126431826737,-1.723907949366077,2025-07-28,6.0,0,True,False
2025-02-21,2025Q1,8,diag4,student_t_ar1,3.085986540386476,3.0393274752942645,0.10274614820618234,0.46385779722143583,-0.6484826392524012,-0.6505944225690983,3.7344691796388774,2025-04-28,6.0,0,True,False
2025-02-21,2025Q2,-5,diag4,student_t_ar1,1.9766283701300624,1.9573467414883907,-0.15319674937861671,0.5518944297917029,3.8380332333819878,3.7662126431826737,-1.8614048632519253,2025-07-28,6.0,0,True,False
2025-02-28,2025Q1,9,diag4,student_t_ar1,3.088216307851921,3.0414904689517837,0.103257805065557,0.4638500442128753,-0.6484826392524012,-0.6505944225690983,3.736698947104322,2025-04-28,4.0,0,True,False
2025-02-28,2025Q2,-4,diag4,student_t_ar1,1.9765512202658986,1.9572710870030545,-0.1532146454719456,0.5518943023977747,3.8380332333819878,3.7662126431826737,-1.8614820131160892,2025-07-28,4.0,0,True,False
2025-03-07,2025Q1,10,diag4,student_t_ar1,3.177473104455819,3.1280359360427012,0.1237301637018925,0.45897602546976946,-0.6484826392524012,-0.6505944225690983,3.8259557437082203,2025-04-28,15.0,12,False,True
2025-03-07,2025Q2,-3,diag4,student_t_ar1,2.0683709807816753,2.047270647612629,-0.1319252198804673,0.5475810296866996,3.8380332333819878,3.7662126431826737,-1.7696622526003125,2025-07-28,15.0,0,True,False
2025-03-14,2025Q1,11,diag4,student_t_ar1,3.1246958420227067,3.0768709251715314,0.11162706359283411,0.4571323669060631,-0.6484826392524012,-0.6505944225690983,3.773178481275108,2025-04-28,6.0,0,True,False
2025-03-14,2025Q2,-2,diag4,student_t_ar1,2.036116935699961,2.0156652226859673,-0.13940149351675918,0.5471389640415679,3.8380332333819878,3.7662126431826737,-1.8019162976820269,2025-07-28,6.0,0,True,False
2025-03-21,2025Q1,12,diag4,student_t_ar1,4.604784517381844,4.501910568059614,0.44872065868028777,0.4449145446237117,-0.6484826392524012,-0.6505944225690983,5.253267156634244,2025-04-28,7.0,0,True,False
2025-03-21,2025Q2,-1,diag4,student_t_ar1,2.679467394834578,2.6441982962386823,0.009278211256823328,0.5417816829457882,3.8380332333819878,3.7662126431826737,-1.1585658385474096,2025-07-28,7.0,0,True,False
2025-03-28,2025Q1,13,diag4,student_t_ar1,4.597398832603061,4.494849757638256,0.4470504216584299,0.444906193666886,-0.6484826392524012,-0.6505944225690983,5.245881471855462,2025-04-28,4.0,0,True,False
2025-03-28,2025Q2,0,diag4,student_t_ar1,2.678740433964144,2.6434903032364794,0.00911073527985637,0.5417815321431411,3.8380332333819878,3.7662126431826737,-1.1592927994178437,2025-07-28,4.0,0,True,False
2025-04-04,2025Q1,14,diag4,student_t_ar1,4.526065501628307,4.426628495171612,0.43091265963822517,0.4455133113852623,-0.6484826392524012,-0.6505944225690983,5.174548140880708,2025-04-28,12.0,11,False,True
2025-04-04,2025Q2,1,diag4,student_t_ar1,2.3588373260615247,2.3314466564323717,-0.06470329175465846,0.5403442591855534,3.8380332333819878,3.7662126431826737,-1.479195907320463,2025-07-28,12.0,0,True,False
2025-04-04,2025Q3,-12,diag4,student_t_ar1,1.8332779030171276,1.8166759631410088,-0.18647246815144067,0.5626531052731919,4.3753962528715995,4.282379361041974,-2.542118349854472,2025-10-28,12.0,0,True,False
2025-04-11,2025Q1,15,diag4,student_t_ar1,4.552554407334974,4.451967198727176,0.4369065382780427,0.4441141845908607,-0.6484826392524012,-0.6505944225690983,5.201037046587375,2025-04-28,5.0,0,True,False
2025-04-11,2025Q2,2,diag4,student_t_ar1,2.466031845513128,2.436116103723362,-0.03994369965543165,0.5329920468865481,3.8380332333819878,3.7662126431826737,-1.3720013878688597,2025-07-28,5.0,0,True,False
2025-04-11,2025Q3,-11,diag4,student_t_ar1,1.8743942727462493,1.857043976626532,-0.1769234013165031,0.56226394358221,4.3753962528715995,4.282379361041974,-2.5010019801253502,2025-10-28,5.0,0,True,False
2025-04-18,2025Q1,16,diag4,student_t_ar1,4.6225652127391825,4.5189070987933615,0.4527411936019983,0.4400113436572845,-0.6484826392524012,-0.6505944225690983,5.271047851991584,2025-04-28,11.0,0,True,False
2025-04-18,2025Q2,3,diag4,student_t_ar1,2.5162173918658937,2.4850818532379675,-0.02836083554185675,0.5153812579617083,3.8380332333819878,3.7662126431826737,-1.321815841516094,2025-07-28,11.0,0,True,False
2025-04-18,2025Q3,-10,diag4,student_t_ar1,1.8802753599460154,1.862816690657584,-0.17555786391840283,0.5613787074240021,4.3753962528715995,4.282379361041974,-2.495120892925584,2025-10-28,11.0,0,True,False
2025-04-25,2025Q1,17,diag4,student_t_ar1,4.621032530027813,4.517442124258492,0.4523946533951098,0.4400123631887545,-0.6484826392524012,-0.6505944225690983,5.269515169280215,2025-04-28,0.0,0,True,False
2025-04-25,2025Q2,4,diag4,student_t_ar1,2.29887816694776,2.2728520799368708,-0.07856385804982811,0.5180387794342005,3.8380332333819878,3.7662126431826737,-1.539155066434228,2025-07-28,0.0,0,True,False
2025-04-25,2025Q3,-9,diag4,student_t_ar1,1.6907506648170978,1.6766165681868264,-0.21960356398200548,0.5612062642408938,4.3753962528715995,4.282379361041974,-2.6846455880545017,2025-10-28,0.0,0,True,False
2025-05-02,2025Q2,5,diag4,student_t_ar1,2.5283847603229104,2.4969498744817304,-0.020796887063755022,0.5106339550252283,3.8380332333819878,3.7662126431826737,-1.3096484730590774,2025-07-28,13.0,11,False,True
2025-05-02,2025Q3,-8,diag4,student_t_ar1,1.4848848953510574,1.4739684117288803,-0.26309460103751375,0.5577342806165981,4.3753962528715995,4.282379361041974,-2.890511357520542,2025-10-28,13.0,0,True,False
2025-05-09,2025Q2,6,diag4,student_t_ar1,2.641540131370035,2.607253938373998,0.005329121565170543,0.5023345405528093,3.8380332333819878,3.7662126431826737,-1.196493102011953,2025-07-28,10.0,0,True,False
2025-05-09,2025Q3,-7,diag4,student_t_ar1,1.5331695230173414,1.5215352438660816,-0.2518281850686431,0.5570459851140075,4.3753962528715995,4.282379361041974,-2.842226729854258,2025-10-28,10.0,0,True,False
2025-05-16,2025Q2,7,diag4,student_t_ar1,2.5318675577762573,2.500346727274312,-0.019992327356355245,0.49835966647087127,3.8380332333819878,3.7662126431826737,-1.3061656756057305,2025-07-28,8.0,0,True,False
2025-05-16,2025Q3,-6,diag4,student_t_ar1,1.5269209804815054,1.5153808660931494,-0.2532858768446989,0.5570289291722085,4.3753962528715995,4.282379361041974,-2.848475272390094,2025-10-28,8.0,0,True,False
2025-05-23,2025Q2,8,diag4,student_t_ar1,2.9754919241193445,2.9320831444461932,0.08226636522881155,0.4720073610913865,3.8380332333819878,3.7662126431826737,-0.8625413092626433,2025-07-28,4.0,0,True,False
2025-05-23,2025Q3,-5,diag4,student_t_ar1,1.6103672674389502,1.597538398440797,-0.233826499526178,0.5545901593022678,4.3753962528715995,4.282379361041974,-2.7650289854326493,2025-10-28,4.0,0,True,False
2025-05-30,2025Q2,9,diag4,student_t_ar1,2.9760831070225757,2.932657243384887,0.08240234311844603,0.4719860938920232,3.8380332333819878,3.7662126431826737,-0.861950126359412,2025-07-28,8.0,0,True,False
2025-05-30,2025Q3,-4,diag4,student_t_ar1,1.61367653945661,1.600795170578536,-0.23305511854554506,0.5545906201919131,4.3753962528715995,4.282379361041974,-2.7617197134149896,2025-10-28,8.0,0,True,False
2025-06-06,2025Q2,10,diag4,student_t_ar1,2.7764612024614888,2.7386164184070476,0.036442909813375834,0.4683617964903589,3.8380332333819878,3.7662126431826737,-1.061572030920499,2025-07-28,10.0,12,False,True
2025-06-06,2025Q3,-3,diag4,student_t_ar1,1.3233428301577144,1.314663139779396,-0.3008267639580979,0.5494569312703984,4.3753962528715995,4.282379361041974,-3.052053422713885,2025-10-28,10.0,0,True,False
2025-06-13,2025Q2,11,diag4,student_t_ar1,2.7730243448913505,2.735272350129448,0.03565085235335679,0.46885553880505976,3.8380332333819878,3.7662126431826737,-1.0650088884906372,2025-07-28,6.0,0,True,False
2025-06-13,2025Q3,-2,diag4,student_t_ar1,1.3045695299577664,1.296133313325586,-0.30521563585222466,0.5495558904586081,4.3753962528715995,4.282379361041974,-3.070826722913833,2025-10-28,6.0,0,True,False
2025-06-20,2025Q2,12,diag4,student_t_ar1,2.678690980561882,2.643442139990653,0.013900458235281259,0.45462071253689446,3.8380332333819878,3.7662126431826737,-1.1593422528201058,2025-07-28,8.0,0,True,False
2025-06-20,2025Q3,-1,diag4,student_t_ar1,1.1255119567014304,1.119225199037169,-0.34711711035220566,0.5436243414543538,4.3753962528715995,4.282379361041974,-3.249884296170169,2025-10-28,8.0,0,True,False
2025-06-27,2025Q2,13,diag4,student_t_ar1,2.689284768700362,2.653759024216848,0.016344058197114507,0.45462946938790116,3.8380332333819878,3.7662126431826737,-1.148748464681626,2025-07-28,4.0,0,True,False
2025-06-27,2025Q3,0,diag4,student_t_ar1,1.1263118343680656,1.1200161710557597,-0.3469297651080348,0.5436253819298464,4.3753962528715995,4.282379361041974,-3.249084418503534,2025-10-28,4.0,0,True,False
2025-07-04,2025Q2,14,diag4,student_t_ar1,2.698223358282026,2.66246314616547,0.018405668233160147,0.4554729934691011,3.8380332333819878,3.7662126431826737,-1.139809875099962,2025-07-28,9.0,12,False,True
2025-07-04,2025Q3,1,diag4,student_t_ar1,1.2409995453819045,1.2333622668362514,-0.320083237682641,0.538511811304816,4.3753962528715995,4.282379361041974,-3.134396707489695,2025-10-28,9.0,0,True,False
2025-07-04,2025Q4,-12,diag4,student_t_ar1,1.8254732968733256,1.8090115675757477,-0.18373813789516774,0.5650442064664213,0.48224811236061704,0.4810890211212576,1.3432251845127086,2026-01-28,9.0,0,True,False
2025-07-11,2025Q2,15,diag4,student_t_ar1,2.626268093091655,2.5923738279088773,0.0018047011522399092,0.45493916633410564,3.8380332333819878,3.7662126431826737,-1.2117651402903329,2025-07-28,7.0,0,True,False
2025-07-11,2025Q3,2,diag4,student_t_ar1,1.0504267214811236,1.0449480727249922,-0.36470997841606095,0.5347530944729978,4.3753962528715995,4.282379361041974,-3.324969531390476,2025-10-28,7.0,0,True,False
2025-07-11,2025Q4,-11,diag4,student_t_ar1,1.7651076485171835,1.749710543093319,-0.19778384956400744,0.564763855772856,0.48224811236061704,0.4810890211212576,1.2828595361565664,2026-01-28,7.0,0,True,False
2025-07-18,2025Q2,16,diag4,student_t_ar1,3.063162763544147,3.017184500644449,0.10242300033284923,0.4514936855158913,3.8380332333819878,3.7662126431826737,-0.7748704698378406,2025-07-28,12.0,0,True,False
2025-07-18,2025Q3,3,diag4,student_t_ar1,2.132431507188004,2.110013328079465,-0.11244453079903631,0.5218818396888927,4.3753962528715995,4.282379361041974,-2.2429647456835955,2025-10-28,12.0,0,True,False
2025-07-18,2025Q4,-10,diag4,student_t_ar1,1.9636138745594334,1.944583693406213,-0.15162727629764852,0.5642340999220017,0.48224811236061704,0.4810890211212576,1.4813657621988163,2026-01-28,12.0,0,True,False
2025-07-25,2025Q2,17,diag4,student_t_ar1,3.064771907461128,3.018745806655272,0.10279280261276338,0.45149618792652074,3.8380332333819878,3.7662126431826737,-0.7732613259208598,2025-07-28,0.0,0,True,False
2025-07-25,2025Q3,4,diag4,student_t_ar1,2.348985153928451,2.3218210622354114,-0.062276925953252,0.5280379421982365,4.3753962528715995,4.282379361041974,-2.0264110989431483,2025-10-28,0.0,0,True,False
2025-07-25,2025Q4,-9,diag4,student_t_ar1,2.150152793946969,2.1273631054616473,-0.10833515878134212,0.564063567862339,0.48224811236061704,0.4810890211212576,1.6679046815863519,2026-01-28,0.0,0,True,False
2025-08-01,2025Q3,5,diag4,student_t_ar1,1.799561878885192,1.7835614375309532,-0.19204426855110424,0.5117905663954555,4.3753962528715995,4.282379361041974,-2.5758343739864076,2025-10-28,13.0,11,False,True
2025-08-01,2025Q4,-8,diag4,student_t_ar1,1.6761954957845049,1.6623023747230163,-0.22084762590630322,0.5601070487604421,0.48224811236061704,0.4810890211212576,1.1939473834238878,2026-01-28,13.0,0,True,False
2025-08-08,2025Q3,6,diag4,student_t_ar1,1.9985282950693906,1.9788198712376408,-0.14566341822589435,0.5072264724012845,4.3753962528715995,4.282379361041974,-2.376867957802209,2025-10-28,10.0,0,True,False
2025-08-08,2025Q4,-7,diag4,student_t_ar1,1.7590637394194752,1.7437712887450383,-0.20149584972085605,0.559409351410338,0.48224811236061704,0.4810890211212576,1.2768156270588582,2026-01-28,10.0,0,True,False
2025-08-15,2025Q3,7,diag4,student_t_ar1,2.174737318535591,2.1514272561324117,-0.10466300082084534,0.5056734702238812,4.3753962528715995,4.282379361041974,-2.2006589343360083,2025-10-28,6.0,0,True,False
2025-08-15,2025Q4,-6,diag4,student_t_ar1,1.7733910140032005,1.7578499030129575,-0.1981516761107798,0.5594096629538735,0.48224811236061704,0.4810890211212576,1.2911429016425835,2026-01-28,6.0,0,True,False
2025-08-22,2025Q3,8,diag4,student_t_ar1,3.086319792522918,3.0396507506578274,0.10632179595778027,0.46979718910482665,4.3753962528715995,4.282379361041974,-1.2890764603486815,2025-10-28,6.0,0,True,False
2025-08-22,2025Q4,-5,diag4,student_t_ar1,1.8224291746501198,1.8060219740798298,-0.18670908909625814,0.5571321589770993,0.48224811236061704,0.4810890211212576,1.3401810622895027,2026-01-28,6.0,0,True,False
2025-08-29,2025Q3,9,diag4,student_t_ar1,3.0866466459661623,3.039967817874633,0.1063971107436594,0.46979225920115814,4.3753962528715995,4.282379361041974,-1.2887496069054372,2025-10-28,4.0,0,True,False
2025-08-29,2025Q4,-4,diag4,student_t_ar1,1.8224175916117247,1.8060105983552917,-0.18671179123704218,0.5571321514811329,0.48224811236061704,0.4810890211212576,1.3401694792511076,2026-01-28,4.0,0,True,False
2025-09-05,2025Q3,10,diag4,student_t_ar1,2.957936153862728,2.915033197322024,0.07672067717668762,0.46425650052404754,4.3753962528715995,4.282379361041974,-1.4174600990088715,2025-10-28,13.0,11,False,True
2025-09-05,2025Q4,-3,diag4,student_t_ar1,1.65847943849593,1.6448768595332137,-0.2249868079970086,0.5507163934464724,0.48224811236061704,0.4810890211212576,1.176231326135313,2026-01-28,13.0,0,True,False
2025-09-12,2025Q3,11,diag4,student_t_ar1,2.9574892858539092,2.9145991666923536,0.07661757940370473,0.4642629990212615,4.3753962528715995,4.282379361041974,-1.4179069670176903,2025-10-28,4.0,0,True,False
2025-09-12,2025Q4,-2,diag4,student_t_ar1,1.6581961163005143,1.6445981591318413,-0.2250530092942138,0.5507178402200901,0.48224811236061704,0.4810890211212576,1.1759480039398973,2026-01-28,4.0,0,True,False
2025-09-19,2025Q3,12,diag4,student_t_ar1,2.793438897632372,2.755134104314575,0.03873893288462897,0.44960494155104186,4.3753962528715995,4.282379361041974,-1.5819573552392274,2025-10-28,11.0,0,True,False
2025-09-19,2025Q4,-1,diag4,student_t_ar1,1.6271609737487536,1.614064584813319,-0.2323058234926949,0.5450267229276388,0.48224811236061704,0.4810890211212576,1.1449128613881365,2026-01-28,11.0,0,True,False
2025-09-26,2025Q3,13,diag4,student_t_ar1,2.803520948959304,2.7649416922697063,0.04106858523491656,0.4495919975809381,4.3753962528715995,4.282379361041974,-1.5718753039122957,2025-10-28,4.0,0,True,False
2025-09-26,2025Q4,0,diag4,student_t_ar1,1.6282754068131178,1.61516116858419,-0.2320453456901216,0.5450262660631704,0.48224811236061704,0.4810890211212576,1.1460272944525007,2026-01-28,4.0,0,True,False
2025-10-03,2025Q3,14,diag4,student_t_ar1,2.8120386641057316,2.773226780389822,0.043036589508716534,0.44989004250993203,4.3753962528715995,4.282379361041974,-1.563357588765868,2025-10-28,9.0,12,False,True
2025-10-03,2025Q4,1,diag4,student_t_ar1,1.6339146547484473,1.6207099112549894,-0.23072732117040207,0.53953500127552,0.48224811236061704,0.4810890211212576,1.1516665423878303,2026-01-28,9.0,0,True,False
2025-10-03,2026Q1,-12,diag4,student_t_ar1,1.7396821875108825,1.7247229630377654,-0.20602050725704218,0.566235365768281,2.0891889857350465,2.067664705054285,-0.349506798224164,2026-04-28,9.0,0,True,False
2025-10-10,2025Q3,15,diag4,student_t_ar1,2.8503650338834285,2.8104979291581116,0.051889818225420534,0.44927963968151946,4.3753962528715995,4.282379361041974,-1.525031218988171,2025-10-28,7.0,0,True,False
2025-10-10,2025Q4,2,diag4,student_t_ar1,1.7993125759009132,1.783316541300608,-0.1921024401506056,0.5354898645775127,0.48224811236061704,0.4810890211212576,1.3170644635402962,2026-01-28,7.0,0,True,False
2025-10-10,2026Q1,-11,diag4,student_t_ar1,1.7915710105094629,1.775711519642654,-0.19390890435571853,0.5659554425096179,2.0891889857350465,2.067664705054285,-0.29761797522558364,2026-04-28,7.0,0,True,False
2025-10-17,2025Q3,16,diag4,student_t_ar1,2.867402671201935,2.8270620184417297,0.05582438090347086,0.4459088710268784,4.3753962528715995,4.282379361041974,-1.5079935816696644,2025-10-28,10.0,0,True,False
2025-10-17,2025Q4,3,diag4,student_t_ar1,2.002133824318264,1.9823546923620214,-0.14482377198688698,0.5232381822774994,0.48224811236061704,0.4810890211212576,1.519885711957647,2026-01-28,10.0,0,True,False
2025-10-17,2026Q1,-10,diag4,student_t_ar1,1.931975872140801,1.9135501603005098,-0.1611673052349045,0.565439815455733,2.0891889857350465,2.067664705054285,-0.1572131135942456,2026-04-28,10.0,0,True,False
2025-10-24,2025Q3,17,diag4,student_t_ar1,2.865518627325203,2.8252304750359354,0.0553893239435453,0.4459074819455899,4.3753962528715995,4.282379361041974,-1.5098776255463964,2025-10-28,2.0,0,True,False
2025-10-24,2025Q4,4,diag4,student_t_ar1,1.782382708475927,1.7666845278572043,-0.19605313724205195,0.5202064854860002,0.48224811236061704,0.4810890211212576,1.30013459611531,2026-01-28,2.0,0,True,False
2025-10-24,2026Q1,-9,diag4,student_t_ar1,1.7458469858072867,1.7307821637321046,-0.2045812307292139,0.5649037308538611,2.0891889857350465,2.067664705054285,-0.3433419999277598,2026-04-28,2.0,0,True,False
2025-10-31,2025Q4,5,diag4,student_t_ar1,1.8709114424420026,1.8536251687257899,-0.17832771598531144,0.5194700675392327,0.48224811236061704,0.4810890211212576,1.3886633300813855,2026-01-28,10.0,0,True,False
2025-10-31,2026Q1,-8,diag4,student_t_ar1,1.8272550730492831,1.810761385700209,-0.1885358879728119,0.5644721746225992,2.0891889857350465,2.067664705054285,-0.2619339126857634,2026-04-28,10.0,0,True,False
2025-11-07,2025Q4,6,diag4,student_t_ar1,1.7369328411593221,1.7220205922013379,-0.20966984345693493,0.5024282334868261,0.48224811236061704,0.4810890211212576,1.254684728798705,2026-01-28,12.0,11,False,True
2025-11-07,2026Q1,-7,diag4,student_t_ar1,1.7523272450264304,1.7371510260040384,-0.20606647344147735,0.5606904851909333,2.0891889857350465,2.067664705054285,-0.3368617407086161,2026-04-28,12.0,0,True,False
2025-11-14,2025Q4,7,diag4,student_t_ar1,1.6437620659580654,1.6303985414835216,-0.23148998124124526,0.500045260385178,0.48224811236061704,0.4810890211212576,1.1615139535974484,2026-01-28,4.0,0,True,False
2025-11-14,2026Q1,-6,diag4,student_t_ar1,1.7455196582898846,1.7304604522779166,-0.207659858870163,0.5606793587267322,2.0891889857350465,2.067664705054285,-0.3436693274451619,2026-04-28,4.0,0,True,False
2025-11-21,2025Q4,8,diag4,student_t_ar1,1.1372312232481585,1.1308133604311983,-0.3504680809471226,0.4733605770923602,0.48224811236061704,0.4810890211212576,0.6549831108875415,2026-01-28,4.0,0,True,False
2025-11-21,2026Q1,-5,diag4,student_t_ar1,1.9732569503905006,1.954040615834463,-0.15441339760432912,0.5594018207623757,2.0891889857350465,2.067664705054285,-0.11593203534454588,2026-04-28,4.0,0,True,False
2025-11-28,2025Q4,9,diag4,student_t_ar1,1.1421984333924717,1.1357245964908809,-0.3492984515110429,0.4733484738056591,0.48224811236061704,0.4810890211212576,0.6599503210318547,2026-01-28,4.0,0,True,False
2025-11-28,2026Q1,-4,diag4,student_t_ar1,1.9731429337221051,1.9539288054093094,-0.15444002567981377,0.559400725569946,2.0891889857350465,2.067664705054285,-0.11604605201294138,2026-04-28,4.0,0,True,False
2025-12-05,2025Q4,10,diag4,student_t_ar1,1.043859842914352,1.0384492461814858,-0.3724649439671576,0.46583218964899115,0.48224811236061704,0.4810890211212576,0.5616117305537349,2026-01-28,13.0,12,False,True
2025-12-05,2026Q1,-3,diag4,student_t_ar1,1.739550593564032,1.7245936191778912,-0.2090570673543343,0.553337669427771,2.0891889857350465,2.067664705054285,-0.34963839217101444,2026-04-28,13.0,0,True,False
2025-12-12,2025Q4,11,diag4,student_t_ar1,1.0435103821602176,1.038103395024387,-0.37254730972781935,0.46582960441626037,0.48224811236061704,0.4810890211212576,0.5612622697996006,2026-01-28,3.0,0,True,False
2025-12-12,2026Q1,-2,diag4,student_t_ar1,1.739365435362461,1.724411626659763,-0.2091004095606062,0.5533370310602757,2.0891889857350465,2.067664705054285,-0.3498235503725855,2026-04-28,3.0,0,True,False
2025-12-19,2025Q4,12,diag4,student_t_ar1,0.8131409895941522,0.8098528112402572,-0.42690604922883885,0.45220511146847153,0.48224811236061704,0.4810890211212576,0.3308928772335351,2026-01-28,7.0,0,True,False
2025-12-19,2026Q1,-1,diag4,student_t_ar1,1.490641532831516,1.479640659593747,-0.2673935408006908,0.5493918703810371,2.0891889857350465,2.067664705054285,-0.5985474529035306,2026-04-28,7.0,0,True,False
2025-12-26,2025Q4,13,diag4,student_t_ar1,0.7893624208402672,0.7862632541049039,-0.43252399144833314,0.45254780361785113,0.48224811236061704,0.4810890211212576,0.30711430847965016,2026-01-28,4.0,0,True,False
2025-12-26,2026Q1,0,diag4,student_t_ar1,1.3378531697585405,1.3289829404240447,-0.3032732462296546,0.5500494616578503,2.0891889857350465,2.067664705054285,-0.751335815976506,2026-04-28,4.0,0,True,False
