as_of,target_quarter,horizon_week,spec,variant,nowcast_bea,nowcast_livello,nowcast_z,sd_z,realizzato_bea,realizzato_livello,errore_bea,gdp_release_date,n_releases,n_iter,converged,reestimated
2007-01-05,2006Q4,14,diag4,student_t_ar1,1.9328868511225394,1.914443868975544,-0.601194724590251,0.7794882059120932,3.4823729200428755,3.423110226166918,-1.549486068920336,2007-01-28,,29,False,True
2007-01-05,2007Q1,1,diag4,student_t_ar1,2.993198750084991,2.9492768508792655,-0.08760312982749742,0.8889540633011078,1.2087836914185912,1.2015362468522506,1.7844150586663998,2007-04-28,,0,True,False
2007-01-05,2007Q2,-12,diag4,student_t_ar1,3.106067252365108,3.0588051531899283,-0.0332438115229095,0.9226118162368803,2.4695947150627617,2.439593165871891,0.6364725373023461,2007-07-28,,0,True,False
2007-01-12,2006Q4,15,diag4,student_t_ar1,1.9324187627490996,1.9139846556022453,-0.6014226339561615,0.7794808804037028,3.4823729200428755,3.423110226166918,-1.5499541572937758,2007-01-28,4.0,0,True,False
2007-01-12,2007Q1,2,diag4,student_t_ar1,2.988688850812493,2.9448979228815166,-0.08977640865900285,0.8889213834698746,1.2087836914185912,1.2015362468522506,1.779905159393902,2007-04-28,4.0,0,True,False
2007-01-12,2007Q2,-11,diag4,student_t_ar1,3.1042218028133117,3.0570152817336607,-0.03413213162066454,0.9226094751143945,2.4695947150627617,2.439593165871891,0.63462708775055,2007-07-28,4.0,0,True,False
2007-01-19,2006Q4,16,diag4,student_t_ar1,2.2971752078286167,2.271187376154849,-0.42414154791586905,0.7755665689302068,3.4823729200428755,3.423110226166918,-1.1851977122142587,2007-01-28,10.0,0,True,False
2007-01-19,2007Q1,3,diag4,student_t_ar1,3.5985814501870994,3.535345117778574,0.20326480838116642,0.8710553464849894,1.2087836914185912,1.2015362468522506,2.389797758768508,2007-04-28,10.0,0,True,False
2007-01-19,2007Q2,-10,diag4,student_t_ar1,3.052463392656901,3.006802589193691,-0.0590528843313991,0.920989946141717,2.4695947150627617,2.439593165871891,0.5828686775941394,2007-07-28,10.0,0,True,False
2007-01-26,2006Q4,17,diag4,student_t_ar1,2.3124069196015062,2.286075937719421,-0.4167522974654197,0.7755612228095716,3.4823729200428755,3.423110226166918,-1.1699660004413692,2007-01-28,4.0,0,True,False
2007-01-26,2007Q1,4,diag4,student_t_ar1,3.672834167819783,3.6069929333615467,0.2388238952193459,0.8688012027192358,1.2087836914185912,1.2015362468522506,2.4640504764011917,2007-04-28,4.0,0,True,False
2007-01-26,2007Q2,-9,diag4,student_t_ar1,3.102716816137474,3.055555595957865,-0.03485657929343216,0.9202253248128713,2.4695947150627617,2.439593165871891,0.6331221010747123,2007-07-28,4.0,0,True,False
2007-02-02,2007Q1,5,diag4,student_t_ar1,3.8250264006865597,3.7536857809325017,0.31170910093449633,0.8508510327378457,1.2087836914185912,1.2015362468522506,2.6162427092679685,2007-04-28,10.0,11,False,True
2007-02-02,2007Q2,-8,diag4,student_t_ar1,3.0931642619347777,3.0462900818655427,-0.041365203925471404,0.9175617786420771,2.4695947150627617,2.439593165871891,0.6235695468720159,2007-07-28,10.0,0,True,False
2007-02-09,2007Q1,6,diag4,student_t_ar1,4.009600467454155,3.9313021079832686,0.4003607018531136,0.8464980051189984,1.2087836914185912,1.2015362468522506,2.800816776035564,2007-04-28,8.0,0,True,False
2007-02-09,2007Q2,-7,diag4,student_t_ar1,3.1570851649963316,3.108273914889453,-0.010427924003725764,0.9170987489327952,2.4695947150627617,2.439593165871891,0.6874904499335699,2007-07-28,8.0,0,True,False
2007-02-16,2007Q1,7,diag4,student_t_ar1,4.151754580288691,4.067882824322419,0.46853066887769046,0.8433717964775411,1.2087836914185912,1.2015362468522506,2.9429708888701,2007-04-28,7.0,0,True,False
2007-02-16,2007Q2,-6,diag4,student_t_ar1,3.365083183707873,3.3097032245871323,0.09010917792343687,0.9153261247699798,2.4695947150627617,2.439593165871891,0.8954884686451114,2007-07-28,7.0,0,True,False
2007-02-23,2007Q1,8,diag4,student_t_ar1,3.376980488653558,3.3212125466355698,0.09585369388108447,0.8030587629410658,1.2087836914185912,1.2015362468522506,2.168196797234967,2007-04-28,4.0,0,True,False
2007-02-23,2007Q2,-5,diag4,student_t_ar1,3.24768990998745,3.196067184960646,0.033391324321723634,0.9139330436001359,2.4695947150627617,2.439593165871891,0.7780951949246884,2007-07-28,4.0,0,True,False
2007-03-02,2007Q1,9,diag4,student_t_ar1,3.4855156569544965,3.4261471580634337,0.14822850338941465,0.7985173102627553,1.2087836914185912,1.2015362468522506,2.2767319655359053,2007-04-28,11.0,12,False,True
2007-03-02,2007Q2,-4,diag4,student_t_ar1,3.4007566938305755,3.344209418161267,0.10733185870255466,0.9047598194393122,2.4695947150627617,2.439593165871891,0.9311619787678138,2007-07-28,11.0,0,True,False
2007-03-09,2007Q1,10,diag4,student_t_ar1,3.3395255282435476,3.2849745494464706,0.07776663781906075,0.7971639169448477,1.2087836914185912,1.2015362468522506,2.1307418368249564,2007-04-28,8.0,0,True,False
2007-03-09,2007Q2,-3,diag4,student_t_ar1,3.2556873164912847,3.2038127304478303,0.037257269636709014,0.903288495037553,2.4695947150627617,2.439593165871891,0.786092601428523,2007-07-28,8.0,0,True,False
2007-03-16,2007Q1,11,diag4,student_t_ar1,3.28752218649373,3.234639084246783,0.05264327417884628,0.7965942184030504,1.2087836914185912,1.2015362468522506,2.0787384950751386,2007-04-28,7.0,0,True,False
2007-03-16,2007Q2,-2,diag4,student_t_ar1,3.208726728837852,3.158322481021184,0.014552242994047056,0.9031055692301276,2.4695947150627617,2.439593165871891,0.7391320137750901,2007-07-28,7.0,0,True,False
2007-03-23,2007Q1,12,diag4,student_t_ar1,3.9082324559919,3.833794339584107,0.3516927673556465,0.776353550918462,1.2087836914185912,1.2015362468522506,2.699448764573309,2007-04-28,4.0,0,True,False
2007-03-23,2007Q2,-1,diag4,student_t_ar1,3.4466528767501448,3.3885862694527957,0.12948116769933943,0.8936952735851347,2.4695947150627617,2.439593165871891,0.977058161687383,2007-07-28,4.0,0,True,False
2007-03-30,2007Q1,13,diag4,student_t_ar1,3.8950107552558233,3.821069128418391,0.3453413786032727,0.7763459845516868,1.2087836914185912,1.2015362468522506,2.686227063837232,2007-04-28,8.0,0,True,False
2007-03-30,2007Q2,0,diag4,student_t_ar1,3.4457971559650247,3.3877590562944726,0.12906829027976896,0.8936931110679215,2.4695947150627617,2.439593165871891,0.9762024409022629,2007-07-28,8.0,0,True,False
2007-04-06,2007Q1,14,diag4,student_t_ar1,3.879404072540238,3.8060464099014135,0.33784326134798703,0.7701853427791336,1.2087836914185912,1.2015362468522506,2.6706203811216467,2007-04-28,10.0,11,False,True
2007-04-06,2007Q2,1,diag4,student_t_ar1,3.486221008882251,3.4268287505737067,0.1485686988444898,0.8799607315018755,2.4695947150627617,2.439593165871891,1.0166262938194892,2007-07-28,10.0,0,True,False
2007-04-06,2007Q3,-12,diag4,student_t_ar1,3.1386584158165753,3.0904095140938725,-0.01934437755434657,0.9127868669386617,2.3240880884577653,2.297492443722903,0.8145703273588101,2007-10-28,10.0,0,True,False
2007-04-13,2007Q1,15,diag4,student_t_ar1,3.88243239376449,3.8089615951692855,0.3392982843476314,0.7704828227224547,1.2087836914185912,1.2015362468522506,2.673648702345899,2007-04-28,6.0,0,True,False
2007-04-13,2007Q2,2,diag4,student_t_ar1,3.4753645888329077,3.4163375088991312,0.1433323256713783,0.8808137386226651,2.4695947150627617,2.439593165871891,1.005769873770146,2007-07-28,6.0,0,True,False
2007-04-13,2007Q3,-11,diag4,student_t_ar1,3.1000849772132355,3.05300292557562,-0.0380146992083869,0.9127575414148983,2.3240880884577653,2.297492443722903,0.7759968887554702,2007-10-28,6.0,0,True,False
2007-04-20,2007Q1,16,diag4,student_t_ar1,3.892565231850198,3.8187152596713085,0.344166519083058,0.765211701862694,1.2087836914185912,1.2015362468522506,2.6837815404316068,2007-04-28,7.0,0,True,False
2007-04-20,2007Q2,3,diag4,student_t_ar1,3.332277200914713,3.2779602134450547,0.07426565271126227,0.8585269800081191,2.4695947150627617,2.439593165871891,0.8626824858519511,2007-07-28,7.0,0,True,False
2007-04-20,2007Q3,-10,diag4,student_t_ar1,2.980508442715024,2.936954591345289,-0.09593657375833818,0.9103206351647963,2.3240880884577653,2.297492443722903,0.6564203542572589,2007-10-28,7.0,0,True,False
2007-04-27,2007Q1,17,diag4,student_t_ar1,3.904588302638712,3.8302871898902104,0.34994228393901594,0.7651856913358742,1.2087836914185912,1.2015362468522506,2.6958046112201206,2007-04-28,4.0,0,True,False
2007-04-27,2007Q2,4,diag4,student_t_ar1,3.3370309384819663,3.2825605458416582,0.07656176387676406,0.8585275865915276,2.4695947150627617,2.439593165871891,0.8674362234192046,2007-07-28,4.0,0,True,False
2007-04-27,2007Q3,-9,diag4,student_t_ar1,2.9813717922684724,2.9377929499313176,-0.09551813344922118,0.9103210635442681,2.3240880884577653,2.297492443722903,0.6572837038107071,2007-10-28,4.0,0,True,False
2007-05-04,2007Q2,5,diag4,student_t_ar1,3.453286010844292,3.394998194107851,0.1435609033168273,0.846504312882828,2.4695947150627617,2.439593165871891,0.9836912957815303,2007-07-28,12.0,11,False,True
2007-05-04,2007Q3,-8,diag4,student_t_ar1,3.1812018041821988,3.131649740723737,0.012055481859485379,0.9036513481478039,2.3240880884577653,2.297492443722903,0.8571137157244335,2007-10-28,12.0,0,True,False
2007-05-11,2007Q2,6,diag4,student_t_ar1,3.2213436307175103,3.170546380255806,0.03147886904558076,0.8422386896036271,2.4695947150627617,2.439593165871891,0.7517489156547486,2007-07-28,7.0,0,True,False
2007-05-11,2007Q3,-7,diag4,student_t_ar1,3.093412670995721,3.046531037474437,-0.03044930903964661,0.9029941450548842,2.3240880884577653,2.297492443722903,0.7693245825379558,2007-10-28,7.0,0,True,False
2007-05-18,2007Q2,7,diag4,student_t_ar1,3.8238436241538887,3.752546572679127,0.3221059056177265,0.7965696280209671,2.4695947150627617,2.439593165871891,1.354248909091127,2007-07-28,11.0,0,True,False
2007-05-18,2007Q3,-6,diag4,student_t_ar1,3.0839358521856264,3.037338156797058,-0.03503985678105495,0.9007079642508733,2.3240880884577653,2.297492443722903,0.7598477637278611,2007-10-28,11.0,0,True,False
2007-05-25,2007Q2,8,diag4,student_t_ar1,3.807428334416496,3.7367346098502536,0.31421005960398185,0.7959445300746035,2.4695947150627617,2.439593165871891,1.3378336193537343,2007-07-28,0.0,0,True,False
2007-05-25,2007Q3,-5,diag4,student_t_ar1,3.058786684653314,3.0129383940039816,-0.0472240980337748,0.8995670020155725,2.3240880884577653,2.297492443722903,0.7346985961955488,2007-10-28,0.0,0,True,False
2007-06-01,2007Q2,9,diag4,student_t_ar1,4.098520135542549,4.016757373488487,0.45404194802667247,0.7877281173646766,2.4695947150627617,2.439593165871891,1.6289254204797876,2007-07-28,12.0,11,False,True
2007-06-01,2007Q3,-4,diag4,student_t_ar1,2.9722296767814793,2.928915110041373,-0.08918188144864915,0.887590798002764,2.3240880884577653,2.297492443722903,0.648141588323714,2007-10-28,12.0,0,True,False
2007-06-08,2007Q2,10,diag4,student_t_ar1,4.134161958360538,4.050990062428238,0.47113634948903405,0.7847151482707693,2.4695947150627617,2.439593165871891,1.6645672432977765,2007-07-28,8.0,0,True,False
2007-06-08,2007Q3,-3,diag4,student_t_ar1,3.0138723335654705,2.9693476022773826,-0.06899155238561204,0.8853741905710748,2.3240880884577653,2.297492443722903,0.6897842451077052,2007-10-28,8.0,0,True,False
2007-06-15,2007Q2,11,diag4,student_t_ar1,4.176037595236082,4.091195138828106,0.4912131164065806,0.7838901244575128,2.4695947150627617,2.439593165871891,1.70644288017332,2007-07-28,5.0,0,True,False
2007-06-15,2007Q3,-2,diag4,student_t_ar1,3.0313908317229243,2.9863521166550027,-0.060500195017946914,0.8851538943438103,2.3240880884577653,2.297492443722903,0.7073027432651591,2007-10-28,5.0,0,True,False
2007-06-22,2007Q2,12,diag4,student_t_ar1,4.133161211596992,4.0500290410367725,0.4706564548039115,0.7669939211751021,2.4695947150627617,2.439593165871891,1.66356649653423,2007-07-28,6.0,0,True,False
2007-06-22,2007Q3,-1,diag4,student_t_ar1,3.253712654281582,3.2019003117297986,0.047135737046312944,0.877863190925474,2.3240880884577653,2.297492443722903,0.9296245658238167,2007-10-28,6.0,0,True,False
2007-06-29,2007Q2,13,diag4,student_t_ar1,4.133478594960938,4.050333826636852,0.47080865223768215,0.7669809463790329,2.4695947150627617,2.439593165871891,1.6638838798981759,2007-07-28,4.0,0,True,False
2007-06-29,2007Q3,0,diag4,student_t_ar1,3.2537574180976803,3.201943664947087,0.04715738586572982,0.877862969519709,2.3240880884577653,2.297492443722903,0.929669329639915,2007-10-28,4.0,0,True,False
2007-07-06,2007Q2,14,diag4,student_t_ar1,4.325541563799273,4.234603159801876,0.5628252029640503,0.7674779488281209,2.4695947150627617,2.439593165871891,1.8559468487365116,2007-07-28,13.0,11,False,True
2007-07-06,2007Q3,1,diag4,student_t_ar1,2.8038644126469947,2.7652757889142245,-0.17089664990575185,0.8694784239457244,2.3240880884577653,2.297492443722903,0.47977632418922944,2007-10-28,13.0,0,True,False
2007-07-06,2007Q4,-12,diag4,student_t_ar1,3.4280334730285356,3.3705856101160543,0.13137025968308103,0.9073472678020819,2.5367271478347497,2.505086204878263,0.8913063251937858,2008-01-28,13.0,0,True,False
2007-07-13,2007Q2,15,diag4,student_t_ar1,4.326948236249084,4.235951499762897,0.5634985086644,0.7675202273602539,2.4695947150627617,2.439593165871891,1.8573535211863224,2007-07-28,6.0,0,True,False
2007-07-13,2007Q3,2,diag4,student_t_ar1,2.799123303764306,2.7606638823109373,-0.17319964699494522,0.8695981853400434,2.3240880884577653,2.297492443722903,0.4750352153065407,2007-10-28,6.0,0,True,False
2007-07-13,2007Q4,-11,diag4,student_t_ar1,3.4067947327329984,3.3500487009751505,0.12111496918374223,0.9073060944305489,2.5367271478347497,2.505086204878263,0.8700675848982486,2008-01-28,6.0,0,True,False
2007-07-20,2007Q2,16,diag4,student_t_ar1,4.246778805504525,4.159077546528534,0.5251108079231636,0.7628657083211752,2.4695947150627617,2.439593165871891,1.7771840904417635,2007-07-28,8.0,0,True,False
2007-07-20,2007Q3,3,diag4,student_t_ar1,2.681657046613095,2.6463307853205946,-0.23029290846289022,0.8487866412383787,2.3240880884577653,2.297492443722903,0.35756895815532985,2007-10-28,8.0,0,True,False
2007-07-20,2007Q4,-10,diag4,student_t_ar1,3.4359821489638565,3.378270538705821,0.1352077979715357,0.9050047402491866,2.5367271478347497,2.505086204878263,0.8992550011291067,2008-01-28,8.0,0,True,False
2007-07-27,2007Q2,17,diag4,student_t_ar1,4.2443183080902225,4.1567172563785135,0.523932175784066,0.7628463987914563,2.4695947150627617,2.439593165871891,1.7747235930274607,2007-07-28,4.0,0,True,False
2007-07-27,2007Q3,4,diag4,student_t_ar1,2.6809330176963186,2.645625662818437,-0.23064501773345436,0.8487848828481656,2.3240880884577653,2.297492443722903,0.3568449292385534,2007-10-28,4.0,0,True,False
2007-07-27,2007Q4,-9,diag4,student_t_ar1,3.4357467659528185,3.378042974492695,0.13509416173266228,0.9050044839721201,2.5367271478347497,2.505086204878263,0.8990196181180687,2008-01-28,4.0,0,True,False
2007-08-03,2007Q3,5,diag4,student_t_ar1,2.625430359775338,2.591557529361638,-0.2552178342361019,0.8436269653654542,2.3240880884577653,2.297492443722903,0.30134227131757285,2007-10-28,12.0,11,False,True
2007-08-03,2007Q4,-8,diag4,student_t_ar1,3.1183520066031756,3.070719119825648,-0.014738770859631769,0.9001398812811051,2.5367271478347497,2.505086204878263,0.5816248587684258,2008-01-28,12.0,0,True,False
2007-08-10,2007Q3,6,diag4,student_t_ar1,2.410295343577884,2.381706202809001,-0.3605368987479688,0.8388585394261878,2.3240880884577653,2.297492443722903,0.08620725512011873,2007-10-28,7.0,0,True,False
2007-08-10,2007Q4,-7,diag4,student_t_ar1,3.0343641655293574,2.989237927358159,-0.055632117148938384,0.8994239325781742,2.5367271478347497,2.505086204878263,0.49763701769460766,2008-01-28,7.0,0,True,False
2007-08-17,2007Q3,7,diag4,student_t_ar1,2.21649643627162,2.1922892026551803,-0.4556004925148672,0.79588857288272,2.3240880884577653,2.297492443722903,-0.1075916521861453,2007-10-28,9.0,0,True,False
2007-08-17,2007Q4,-6,diag4,student_t_ar1,3.103532753465088,3.056346975782024,-0.021951785857297703,0.8974263224631881,2.5367271478347497,2.505086204878263,0.5668056056303383,2008-01-28,9.0,0,True,False
2007-08-24,2007Q3,8,diag4,student_t_ar1,2.1587203278052858,2.135749950078261,-0.48397611104167065,0.795121142581722,2.3240880884577653,2.297492443722903,-0.1653677606524795,2007-10-28,2.0,0,True,False
2007-08-24,2007Q4,-5,diag4,student_t_ar1,3.0270500612562756,2.982138971638009,-0.059194903182934626,0.8962650547807288,2.5367271478347497,2.505086204878263,0.4903229134215259,2008-01-28,2.0,0,True,False
2007-08-31,2007Q3,9,diag4,student_t_ar1,2.163200457975134,2.140135314265655,-0.4817752078529823,0.7951239964946238,2.3240880884577653,2.297492443722903,-0.16088763048263122,2007-10-28,8.0,0,True,False
2007-08-31,2007Q4,-4,diag4,student_t_ar1,3.030653872638056,2.9856368378311564,-0.057439412754059185,0.8962613411560668,2.5367271478347497,2.505086204878263,0.49392672480330635,2008-01-28,8.0,0,True,False
2007-09-07,2007Q3,10,diag4,student_t_ar1,1.8784659544389903,1.8610406632877454,-0.6218457427127494,0.7924020637557514,2.3240880884577653,2.297492443722903,-0.44562213401877493,2007-10-28,12.0,12,False,True
2007-09-07,2007Q4,-3,diag4,student_t_ar1,2.6870507050271497,2.651583443794549,-0.22509234845339532,0.8909970469280146,2.5367271478347497,2.505086204878263,0.15032355719239998,2008-01-28,12.0,0,True,False
2007-09-14,2007Q3,11,diag4,student_t_ar1,1.8933422396651967,1.8756415890826255,-0.6145179079499882,0.7914215635205237,2.3240880884577653,2.297492443722903,-0.4307458487925686,2007-10-28,5.0,0,True,False
2007-09-14,2007Q4,-2,diag4,student_t_ar1,2.7035547635273938,2.6676543429460575,-0.21702677130262663,0.8907337347754829,2.5367271478347497,2.505086204878263,0.16682761569264404,2008-01-28,5.0,0,True,False
2007-09-21,2007Q3,12,diag4,student_t_ar1,2.110634155594804,2.088668807417066,-0.5076049438095356,0.7714390991026044,2.3240880884577653,2.297492443722903,-0.21345393286296144,2007-10-28,6.0,0,True,False
2007-09-21,2007Q4,-1,diag4,student_t_ar1,2.8851584172217226,2.8443213380535304,-0.12836208206524596,0.8817715615818932,2.5367271478347497,2.505086204878263,0.3484312693869729,2008-01-28,6.0,0,True,False
2007-09-28,2007Q3,13,diag4,student_t_ar1,2.117309702155512,2.0952061562606956,-0.504324014039353,0.7714390920581854,2.3240880884577653,2.297492443722903,-0.2067783863022532,2007-10-28,4.0,0,True,False
2007-09-28,2007Q4,0,diag4,student_t_ar1,2.8857639508026667,2.844909889219036,-0.1280667031453855,0.8817734576205255,2.5367271478347497,2.505086204878263,0.34903680296791695,2008-01-28,4.0,0,True,False
2007-10-05,2007Q3,14,diag4,student_t_ar1,2.123985022513186,2.1017428562645315,-0.5010434099054257,0.7700559542209761,2.3240880884577653,2.297492443722903,-0.20010306594457905,2007-10-28,13.0,3,True,True
2007-10-05,2007Q4,1,diag4,student_t_ar1,2.8693224146024265,2.8289282320696083,-0.1360874919961289,0.8704889511129744,2.5367271478347497,2.505086204878263,0.3325952667676768,2008-01-28,13.0,0,True,False
2007-10-05,2008Q1,-12,diag4,student_t_ar1,2.940730161730598,2.8983201292093734,-0.10126145676670374,0.9083452527902359,-1.6961606735480972,-1.7107102360127044,4.636890835278695,2008-04-28,13.0,0,True,False
2007-10-12,2007Q3,15,diag4,student_t_ar1,2.124234202218611,2.1019868532074337,-0.5009209540210986,0.7700549191970903,2.3240880884577653,2.297492443722903,-0.19985388623915412,2007-10-28,4.0,0,True,False
2007-10-12,2007Q4,2,diag4,student_t_ar1,2.870963597990106,2.8305236253875687,-0.13528680450686525,0.8704876415338978,2.5367271478347497,2.505086204878263,0.3342364501553563,2008-01-28,4.0,0,True,False
2007-10-12,2008Q1,-11,diag4,student_t_ar1,2.941406560736781,2.898977203219735,-0.10093168796693863,0.908345129532614,-1.6961606735480972,-1.7107102360127044,4.637567234284878,2008-04-28,4.0,0,True,False
2007-10-19,2007Q3,16,diag4,student_t_ar1,2.16560266497845,2.142486629368298,-0.48059514237018996,0.7657020243777909,2.3240880884577653,2.297492443722903,-0.15848542347931538,2007-10-28,10.0,0,True,False
2007-10-19,2007Q4,3,diag4,student_t_ar1,3.1311475496406116,3.0831269492568802,-0.008511595602808062,0.8536046561764177,2.5367271478347497,2.505086204878263,0.5944204018058619,2008-01-28,10.0,0,True,False
2007-10-19,2008Q1,-10,diag4,student_t_ar1,3.0666877236257495,3.020604636130508,-0.03988996064705252,0.9069974955614796,-1.6961606735480972,-1.7107102360127044,4.762848397173847,2008-04-28,10.0,0,True,False
2007-10-26,2007Q3,17,diag4,student_t_ar1,2.155242456981954,2.13234551234306,-0.48568471209437997,0.76567343888936,2.3240880884577653,2.297492443722903,-0.16884563147581133,2007-10-28,4.0,0,True,False
2007-10-26,2007Q4,4,diag4,student_t_ar1,3.1182988380696885,3.070667559122674,-0.014764647870237124,0.8516790712408002,2.5367271478347497,2.505086204878263,0.5815716902349388,2008-01-28,4.0,0,True,False
2007-10-26,2008Q1,-9,diag4,student_t_ar1,3.058578025837111,3.0127359279803185,-0.04383906592510261,0.9062254743888283,-1.6961606735480972,-1.7107102360127044,4.754738699385208,2008-04-28,4.0,0,True,False
2007-11-02,2007Q4,5,diag4,student_t_ar1,3.020401387930205,2.9756854355407376,-0.05827983618226996,0.8416083873101351,2.5367271478347497,2.505086204878263,0.48367424009545523,2008-01-28,11.0,11,False,True
2007-11-02,2008Q1,-8,diag4,student_t_ar1,3.010302331699677,2.9658819877474776,-0.06322304780956822,0.8997046980526424,-1.6961606735480972,-1.7107102360127044,4.706463005247774,2008-04-28,11.0,0,True,False
2007-11-09,2007Q4,6,diag4,student_t_ar1,2.9766624200417757,2.933219812257399,-0.07969236034739013,0.8339553001273874,2.5367271478347497,2.505086204878263,0.439935272207026,2008-01-28,8.0,0,True,False
2007-11-09,2008Q1,-7,diag4,student_t_ar1,2.992670107407802,2.9487635703516832,-0.0718547008459639,0.8989187399698345,-1.6961606735480972,-1.7107102360127044,4.688830780955899,2008-04-28,8.0,0,True,False
2007-11-16,2007Q4,7,diag4,student_t_ar1,3.0775895275392706,3.0311815040106835,-0.030296945191756408,0.8326010758847634,2.5367271478347497,2.505086204878263,0.5408623797045209,2008-01-28,7.0,0,True,False
2007-11-16,2008Q1,-6,diag4,student_t_ar1,3.0966880141036324,3.0497080504322027,-0.020955268506590418,0.8972378285154863,-1.6961606735480972,-1.7107102360127044,4.7928486876517296,2008-04-28,7.0,0,True,False
2007-11-23,2007Q4,8,diag4,student_t_ar1,2.4192576216788275,2.3904571647448476,-0.3533706301385449,0.7926836410920226,2.5367271478347497,2.505086204878263,-0.11746952615592221,2008-01-28,4.0,0,True,False
2007-11-23,2008Q1,-5,diag4,student_t_ar1,3.0732780090519496,3.0269986271307823,-0.032406085370225095,0.8959459444642801,-1.6961606735480972,-1.7107102360127044,4.769438682600047,2008-04-28,4.0,0,True,False
2007-11-30,2007Q4,9,diag4,student_t_ar1,2.4256510836577316,2.3966994111559234,-0.3502230900393458,0.7926733696914287,2.5367271478347497,2.505086204878263,-0.1110760641770181,2008-01-28,8.0,0,True,False
2007-11-30,2008Q1,-4,diag4,student_t_ar1,3.0726135896590456,3.0263540162799374,-0.03273111875849582,0.8959385757774566,-1.6961606735480972,-1.7107102360127044,4.768774263207143,2008-04-28,8.0,0,True,False
2007-12-07,2007Q4,10,diag4,student_t_ar1,2.324735749161322,2.2981253920989695,-0.399927260187207,0.7863768279966934,2.5367271478347497,2.505086204878263,-0.21199139867342787,2008-01-28,12.0,2,True,True
2007-12-07,2008Q1,-3,diag4,student_t_ar1,2.9114747417954057,2.869896416044998,-0.11162204009254773,0.8885041143105897,-1.6961606735480972,-1.7107102360127044,4.607635415343503,2008-04-28,12.0,0,True,False
2007-12-14,2007Q4,11,diag4,student_t_ar1,2.377379366989718,2.3495597595055804,-0.3739924086565139,0.7899210589867861,2.5367271478347497,2.505086204878263,-0.15934778084503165,2008-01-28,5.0,0,True,False
2007-12-14,2008Q1,-2,diag4,student_t_ar1,2.89581596031554,2.854679480379925,-0.11929490528219605,0.8893255501407277,-1.6961606735480972,-1.7107102360127044,4.591976633863637,2008-04-28,5.0,0,True,False
2007-12-21,2007Q4,12,diag4,student_t_ar1,2.578177464761544,2.5455028850501193,-0.275191623778884,0.7686504271127373,2.5367271478347497,2.505086204878263,0.04145031692679435,2008-01-28,6.0,0,True,False
2007-12-21,2008Q1,-1,diag4,student_t_ar1,2.7875016201351244,2.7493580070908177,-0.17240135745556848,0.8810172102733113,-1.6961606735480972,-1.7107102360127044,4.4836622936832216,2008-04-28,6.0,0,True,False
2007-12-28,2007Q4,13,diag4,student_t_ar1,2.576965149562027,2.544321032931694,-0.2757875513807596,0.7686392108079223,2.5367271478347497,2.505086204878263,0.04023800172727743,2008-01-28,4.0,0,True,False
2007-12-28,2008Q1,0,diag4,student_t_ar1,2.7873975217557856,2.7492567317116094,-0.17245242373782133,0.8810168702678495,-1.6961606735480972,-1.7107102360127044,4.483558195303883,2008-04-28,4.0,0,True,False
2008-01-04,2007Q4,14,diag4,student_t_ar1,2.5772087121900045,2.5445584764341866,-0.27566782477976143,0.7678402751876627,2.5367271478347497,2.505086204878263,0.04048156435525474,2008-01-28,12.0,6,True,True
2008-01-04,2008Q1,1,diag4,student_t_ar1,2.8035125231918645,2.764933496278258,-0.16454769812306805,0.8741679536745445,-1.6961606735480972,-1.7107102360127044,4.499673196739962,2008-04-28,12.0,0,True,False
2008-01-04,2008Q2,-12,diag4,student_t_ar1,2.6870456651963304,2.651578535842761,-0.22170489120996767,0.9079467287573656,2.403069701864058,2.37465037252643,0.2839759633322725,2008-07-28,12.0,0,True,False
2008-01-11,2007Q4,15,diag4,student_t_ar1,2.5808104423523437,2.5480696530165803,-0.2738973773541609,0.7670421331614483,2.5367271478347497,2.505086204878263,0.04408329451759396,2008-01-28,5.0,0,True,False
2008-01-11,2008Q1,2,diag4,student_t_ar1,2.810882425542882,2.7721021600831444,-0.1609330287720597,0.8692672000891887,-1.6961606735480972,-1.7107102360127044,4.507043099090979,2008-04-28,5.0,0,True,False
2008-01-11,2008Q2,-11,diag4,student_t_ar1,2.690869602295076,2.6553023413884644,-0.21982722946692493,0.9072491500732072,2.403069701864058,2.37465037252643,0.28779990043101833,2008-07-28,5.0,0,True,False
2008-01-18,2007Q4,16,diag4,student_t_ar1,2.59270716724207,2.559666398095235,-0.2680499279342708,0.7624802628020346,2.5367271478347497,2.505086204878263,0.055980019407320114,2008-01-28,10.0,0,True,False
2008-01-18,2008Q1,3,diag4,student_t_ar1,2.8260755625659106,2.7868788200759154,-0.15348216464453104,0.8508855640494528,-1.6961606735480972,-1.7107102360127044,4.522236236114008,2008-04-28,10.0,0,True,False
2008-01-18,2008Q2,-10,diag4,student_t_ar1,2.696043337386178,2.6603403791272355,-0.21728688985842684,0.9057016899427561,2.403069701864058,2.37465037252643,0.2929736355221202,2008-07-28,10.0,0,True,False
2008-01-25,2007Q4,17,diag4,student_t_ar1,2.589895698404643,2.556925942717108,-0.2694317531017963,0.7624791284247624,2.5367271478347497,2.505086204878263,0.053168550569893114,2008-01-28,0.0,0,True,False
2008-01-25,2008Q1,4,diag4,student_t_ar1,2.653784201149967,2.619182188405273,-0.23804016474965947,0.8507942949065469,-1.6961606735480972,-1.7107102360127044,4.349944874698064,2008-04-28,0.0,0,True,False
2008-01-25,2008Q2,-9,diag4,student_t_ar1,2.5684905409060654,2.5360589842967154,-0.27995354030006697,0.9051765872856407,2.403069701864058,2.37465037252643,0.16542083904200755,2008-07-28,0.0,0,True,False
2008-02-01,2008Q1,5,diag4,student_t_ar1,2.788941698607461,2.750759022157648,-0.16933434620128557,0.8406753544084655,-1.6961606735480972,-1.7107102360127044,4.485102372155558,2008-04-28,14.0,9,True,True
2008-02-01,2008Q2,-8,diag4,student_t_ar1,2.6369951929393842,2.602825868557324,-0.24430424567423734,0.8989816691098276,2.403069701864058,2.37465037252643,0.23392549107532634,2008-07-28,14.0,0,True,False
2008-02-08,2008Q1,6,diag4,student_t_ar1,2.6274318325751445,2.5935077801678856,-0.24902648766553342,0.8341844362248264,-1.6961606735480972,-1.7107102360127044,4.323592506123242,2008-04-28,9.0,0,True,False
2008-02-08,2008Q2,-7,diag4,student_t_ar1,2.5702165879695427,2.5377417940284266,-0.27728770074141085,0.8981082519946073,2.403069701864058,2.37465037252643,0.16714688610548478,2008-07-28,9.0,0,True,False
2008-02-15,2008Q1,7,diag4,student_t_ar1,2.356287597352713,2.3289556546464514,-0.38309681451925837,0.8366208745932475,-1.6961606735480972,-1.7107102360127044,4.05244827090081,2008-04-28,5.0,0,True,False
2008-02-15,2008Q2,-6,diag4,student_t_ar1,2.331658076016474,2.3048902204323705,-0.39529274991232755,0.8966910157980592,2.403069701864058,2.37465037252643,-0.07141162584758387,2008-07-28,5.0,0,True,False
2008-02-22,2008Q1,8,diag4,student_t_ar1,2.2541318735209925,2.2291017639364874,-0.433700995977692,0.7925568839113988,-1.6961606735480972,-1.7107102360127044,3.9502925470690897,2008-04-28,6.0,0,True,False
2008-02-22,2008Q2,-5,diag4,student_t_ar1,2.244285175035099,2.2194716664172764,-0.43858135866420994,0.8956450963566328,2.403069701864058,2.37465037252643,-0.15878452682895894,2008-07-28,6.0,0,True,False
2008-02-29,2008Q1,9,diag4,student_t_ar1,2.2610310077218365,2.2358485832004096,-0.43028182759205086,0.792554118194531,-1.6961606735480972,-1.7107102360127044,3.9571916812699337,2008-04-28,4.0,0,True,False
2008-02-29,2008Q2,-4,diag4,student_t_ar1,2.244186832351347,2.2193754823314027,-0.4386301030536409,0.8956461674454583,2.403069701864058,2.37465037252643,-0.1588828695127109,2008-07-28,4.0,0,True,False
2008-03-07,2008Q1,10,diag4,student_t_ar1,2.144362386478371,2.1216944192856797,-0.48813313397485114,0.787029484669196,-1.6961606735480972,-1.7107102360127044,3.8405230600264684,2008-04-28,15.0,4,True,True
2008-03-07,2008Q2,-3,diag4,student_t_ar1,2.1082953774839597,2.086378345787192,-0.5060306938897448,0.8886377734999759,2.403069701864058,2.37465037252643,-0.2947743243800982,2008-07-28,15.0,0,True,False
2008-03-14,2008Q1,11,diag4,student_t_ar1,2.0631889383255775,2.0421934880991657,-0.5284227963933368,0.7860904387797079,-1.6961606735480972,-1.7107102360127044,3.7593496118736747,2008-04-28,5.0,0,True,False
2008-03-14,2008Q2,-2,diag4,student_t_ar1,2.059762512127228,2.0388362701339005,-0.5301241749365447,0.8883739001076347,2.403069701864058,2.37465037252643,-0.34330718973683005,2008-07-28,5.0,0,True,False
2008-03-21,2008Q1,12,diag4,student_t_ar1,1.9155543249105955,1.897438562333301,-0.6017820263479785,0.7670358869589166,-1.6961606735480972,-1.7107102360127044,3.6117149984586927,2008-04-28,7.0,0,True,False
2008-03-21,2008Q2,-1,diag4,student_t_ar1,1.8303418627630075,1.81379273808816,-0.644172247081951,0.8801354376215147,2.403069701864058,2.37465037252643,-0.5727278391010504,2008-07-28,7.0,0,True,False
2008-03-28,2008Q1,13,diag4,student_t_ar1,1.9175893256970555,1.8994352943171975,-0.6007701179794759,0.7670262606673139,-1.6961606735480972,-1.7107102360127044,3.6137499992451527,2008-04-28,4.0,0,True,False
2008-03-28,2008Q2,0,diag4,student_t_ar1,1.830542812712399,1.813990075882995,-0.6440722397862169,0.880135649385432,2.403069701864058,2.37465037252643,-0.5725268891516588,2008-07-28,4.0,0,True,False
2008-04-04,2008Q1,14,diag4,student_t_ar1,1.9886294632236012,1.9691145231536284,-0.5654579201787484,0.7659838338478334,-1.6961606735480972,-1.7107102360127044,3.6847901367716984,2008-04-28,12.0,8,True,True
2008-04-04,2008Q2,1,diag4,student_t_ar1,2.0792249796115048,2.057904129519674,-0.5204609218622678,0.8737946156796189,2.403069701864058,2.37465037252643,-0.3238447222525531,2008-07-28,12.0,0,True,False
2008-04-04,2008Q3,-12,diag4,student_t_ar1,2.3472284455998693,2.3201046569363224,-0.38758234323553525,0.9092327810699149,-2.0845363314131338,-2.10656952111413,4.431764777013003,2008-10-28,12.0,0,True,False
2008-04-11,2008Q1,15,diag4,student_t_ar1,1.9478676739513645,1.9291395403651173,-0.5857165327219823,0.7653283271938998,-1.6961606735480972,-1.7107102360127044,3.6440283474994617,2008-04-28,5.0,0,True,False
2008-04-11,2008Q2,2,diag4,student_t_ar1,1.9489030142868513,1.930155093806188,-0.5852018682432393,0.8691747917830736,2.403069701864058,2.37465037252643,-0.4541666875772066,2008-07-28,5.0,0,True,False
2008-04-11,2008Q3,-11,diag4,student_t_ar1,2.289367495032568,2.2635547013007997,-0.4162408581526792,0.9084572538172845,-2.0845363314131338,-2.10656952111413,4.3739038264457015,2008-10-28,5.0,0,True,False
2008-04-18,2008Q1,16,diag4,student_t_ar1,1.818023147423098,1.8016947127940937,-0.6503033118097931,0.7605883516596877,-1.6961606735480972,-1.7107102360127044,3.514183820971195,2008-04-28,10.0,0,True,False
2008-04-18,2008Q2,3,diag4,student_t_ar1,1.6943533970101399,1.6801593371718502,-0.7118952854212249,0.8501712533246116,2.403069701864058,2.37465037252643,-0.708716304853918,2008-07-28,10.0,0,True,False
2008-04-18,2008Q3,-10,diag4,student_t_ar1,2.2348605911430175,2.2102535294151355,-0.44325294706450546,0.9067965883940436,-2.0845363314131338,-2.10656952111413,4.319396922556152,2008-10-28,10.0,0,True,False
2008-04-25,2008Q1,17,diag4,student_t_ar1,1.8159822812299442,1.79969026742759,-0.6513191291838469,0.7605876812776183,-1.6961606735480972,-1.7107102360127044,3.5121429547780414,2008-04-28,0.0,0,True,False
2008-04-25,2008Q2,4,diag4,student_t_ar1,1.5637902842930984,1.5516890792921034,-0.7770017344091937,0.8488212324106955,2.403069701864058,2.37465037252643,-0.8392794175709595,2008-07-28,0.0,0,True,False
2008-04-25,2008Q3,-9,diag4,student_t_ar1,2.1346777328405286,2.1122126304154856,-0.4929383364674762,0.9060427837258432,-2.0845363314131338,-2.10656952111413,4.219214064253663,2008-10-28,0.0,0,True,False
2008-05-02,2008Q2,5,diag4,student_t_ar1,1.7266866392029456,1.7119488142675825,-0.6526934498729811,0.8417531997566936,2.403069701864058,2.37465037252643,-0.6763830626611123,2008-07-28,13.0,11,False,True
2008-05-02,2008Q3,-8,diag4,student_t_ar1,1.726474088069696,1.7117398707127212,-0.6527966571279405,0.9002962846321985,-2.0845363314131338,-2.10656952111413,3.81101041948283,2008-10-28,13.0,0,True,False
2008-05-09,2008Q2,6,diag4,student_t_ar1,1.3709947232044106,1.3616816154800764,-0.8257072387557809,0.8421212332164523,2.403069701864058,2.37465037252643,-1.0320749786596473,2008-07-28,10.0,0,True,False
2008-05-09,2008Q3,-7,diag4,student_t_ar1,1.6094088603765266,1.5965951762006354,-0.709672150854586,0.8989837012017704,-2.0845363314131338,-2.10656952111413,3.6939451917896604,2008-10-28,10.0,0,True,False
2008-05-16,2008Q2,7,diag4,student_t_ar1,1.3712000626424192,1.3618841775941994,-0.825607183600831,0.8408393410855708,2.403069701864058,2.37465037252643,-1.0318696392216387,2008-07-28,7.0,0,True,False
2008-05-16,2008Q3,-6,diag4,student_t_ar1,1.5741324979633653,1.5618715341853453,-0.7268238250326752,0.8989062747117268,-2.0845363314131338,-2.10656952111413,3.658668829376499,2008-10-28,7.0,0,True,False
2008-05-23,2008Q2,8,diag4,student_t_ar1,0.7392419915221105,0.7365229896916632,-1.1345031033837873,0.7909227957379182,2.403069701864058,2.37465037252643,-1.6638277103419474,2008-07-28,4.0,0,True,False
2008-05-23,2008Q3,-5,diag4,student_t_ar1,1.5386798968678006,1.5269622627931767,-0.7440671904737,0.895377289102387,-2.0845363314131338,-2.10656952111413,3.6232162282809344,2008-10-28,4.0,0,True,False
2008-05-30,2008Q2,9,diag4,student_t_ar1,0.7457165009290501,0.7429497815054305,-1.1313286023003004,0.7909394634713879,2.403069701864058,2.37465037252643,-1.6573532009350078,2008-07-28,8.0,0,True,False
2008-05-30,2008Q3,-4,diag4,student_t_ar1,1.5451378201233767,1.5333221228059908,-0.740925750220687,0.8953691265563201,-2.0845363314131338,-2.10656952111413,3.6296741515365105,2008-10-28,8.0,0,True,False
2008-06-06,2008Q2,10,diag4,student_t_ar1,0.6734892459407504,0.671231438841601,-1.1667537355688933,0.7873399633503735,2.403069701864058,2.37465037252643,-1.7295804559233074,2008-07-28,10.0,8,True,True
2008-06-06,2008Q3,-3,diag4,student_t_ar1,1.5034723186315047,1.492282194437919,-0.7611973415287454,0.8895948740347968,-2.0845363314131338,-2.10656952111413,3.5880086500446384,2008-10-28,10.0,0,True,False
2008-06-13,2008Q2,11,diag4,student_t_ar1,0.679516103479405,0.6772177984988454,-1.1637967850765254,0.7883558835347166,2.403069701864058,2.37465037252643,-1.7235535983846528,2008-07-28,6.0,0,True,False
2008-06-13,2008Q3,-2,diag4,student_t_ar1,1.474110481780433,1.4633510813063293,-0.7754878075410365,0.8897875744144041,-2.0845363314131338,-2.10656952111413,3.5586468131935667,2008-10-28,6.0,0,True,False
2008-06-20,2008Q2,12,diag4,student_t_ar1,0.2000904581856977,0.1998905438569838,-1.3995716368139677,0.766039480550866,2.403069701864058,2.37465037252643,-2.20297924367836,2008-07-28,7.0,0,True,False
2008-06-20,2008Q3,-1,diag4,student_t_ar1,1.0755098648659756,1.069767394715267,-0.9698976897546747,0.8800014272501206,-2.0845363314131338,-2.10656952111413,3.1600461962791093,2008-10-28,7.0,0,True,False
2008-06-27,2008Q2,13,diag4,student_t_ar1,0.2023404933020112,0.20213606064612089,-1.3984624682448485,0.7660373943809994,2.403069701864058,2.37465037252643,-2.2007292085620467,2008-07-28,4.0,0,True,False
2008-06-27,2008Q3,0,diag4,student_t_ar1,1.0756672530426004,1.0699231080570044,-0.9698207754580268,0.8800026390471308,-2.0845363314131338,-2.10656952111413,3.160203584455734,2008-10-28,4.0,0,True,False
2008-07-04,2008Q2,14,diag4,student_t_ar1,0.22781404725633614,0.22755494449608138,-1.3859068609277,0.7641615879688167,2.403069701864058,2.37465037252643,-2.1752556546077217,2008-07-28,9.0,84,True,True
2008-07-04,2008Q3,1,diag4,student_t_ar1,1.1439461244575844,1.1374525359589933,-0.9364647483368607,0.8736929090839648,-2.0845363314131338,-2.10656952111413,3.228482455870718,2008-10-28,9.0,0,True,False
2008-07-04,2008Q4,-12,diag4,student_t_ar1,2.056609357672934,2.0357467046809585,-0.4927541234199156,0.9119675791127656,-8.472768957225274,-8.853365095794153,10.529378314898207,2009-01-28,9.0,0,True,False
2008-07-11,2008Q2,15,diag4,student_t_ar1,0.18260530390674656,0.18243878310806094,-1.4081918994600255,0.7635265102360257,2.403069701864058,2.37465037252643,-2.2204643979573113,2008-07-28,7.0,0,True,False
2008-07-11,2008Q3,2,diag4,student_t_ar1,0.9742557055067325,0.969540435728609,-1.0194045975739325,0.8683080113104547,-2.0845363314131338,-2.10656952111413,3.0587920369198662,2008-10-28,7.0,0,True,False
2008-07-11,2008Q4,-11,diag4,student_t_ar1,1.9796500876734457,1.9603098447244822,-0.5300160109379901,0.9109821123338742,-8.472768957225274,-8.853365095794153,10.452419044898718,2009-01-28,7.0,0,True,False
2008-07-18,2008Q2,16,diag4,student_t_ar1,0.15528392228278953,0.15516348146754622,-1.421664480666836,0.7587277476593298,2.403069701864058,2.37465037252643,-2.2477857795812684,2008-07-28,11.0,0,True,False
2008-07-18,2008Q3,3,diag4,student_t_ar1,0.86108543266874,0.8573992377999091,-1.0747965201138183,0.8484442911691384,-2.0845363314131338,-2.10656952111413,2.945621764081874,2008-10-28,11.0,0,True,False
2008-07-18,2008Q4,-10,diag4,student_t_ar1,1.853416292819654,1.8364498516099248,-0.591196409142355,0.9091210712842199,-8.472768957225274,-8.853365095794153,10.326185250044928,2009-01-28,11.0,0,True,False
2008-07-25,2008Q2,17,diag4,student_t_ar1,0.15508613550843098,0.15496600115308867,-1.4217620256769092,0.7587269711165897,2.403069701864058,2.37465037252643,-2.247983566355627,2008-07-28,0.0,0,True,False
2008-07-25,2008Q3,4,diag4,student_t_ar1,0.8382045275366234,0.8347111011834825,-1.0860032802451887,0.8464184145674325,-2.0845363314131338,-2.10656952111413,2.922740858949757,2008-10-28,0.0,0,True,False
2008-07-25,2008Q4,-9,diag4,student_t_ar1,1.834938067213554,1.8183062265461767,-0.6001584167959817,0.9080865118579975,-8.472768957225274,-8.853365095794153,10.307707024438827,2009-01-28,0.0,0,True,False
2008-08-01,2008Q3,5,diag4,student_t_ar1,0.9544418022559453,0.9499157825129694,-1.0306095661030912,0.8399144351938557,-2.0845363314131338,-2.10656952111413,3.038978133669079,2008-10-28,13.0,12,False,True
2008-08-01,2008Q4,-8,diag4,student_t_ar1,2.3771257510850186,2.3493120326928656,-0.3360292618178394,0.8965421513687414,-8.472768957225274,-8.853365095794153,10.849894708310291,2009-01-28,13.0,0,True,False
2008-08-08,2008Q3,6,diag4,student_t_ar1,0.6052511300094654,0.6034268426699643,-1.2025868693413204,0.8349749658812615,-2.0845363314131338,-2.10656952111413,2.689787461422599,2008-10-28,10.0,0,True,False
2008-08-08,2008Q4,-7,diag4,student_t_ar1,2.20308440966841,2.17916714598434,-0.4204794575128725,0.8948184817423959,-8.472768957225274,-8.853365095794153,10.675853366893683,2009-01-28,10.0,0,True,False
2008-08-15,2008Q3,7,diag4,student_t_ar1,0.5201336059881045,0.5187855834726678,-1.2445979520212884,0.8332945286273246,-2.0845363314131338,-2.10656952111413,2.6046699374012383,2008-10-28,5.0,0,True,False
2008-08-15,2008Q4,-6,diag4,student_t_ar1,2.1759316167716536,2.152596127506599,-0.4336677921943937,0.8947310357668447,-8.472768957225274,-8.853365095794153,10.648700573996926,2009-01-28,5.0,0,True,False
2008-08-22,2008Q3,8,diag4,student_t_ar1,0.41766160079714787,0.4167918157310191,-1.2952218280135863,0.7898550476427325,-2.0845363314131338,-2.10656952111413,2.5021979322102816,2008-10-28,6.0,0,True,False
2008-08-22,2008Q4,-5,diag4,student_t_ar1,2.1627210086036186,2.1396660156391603,-0.44008556059571197,0.8910258964660955,-8.472768957225274,-8.853365095794153,10.635489965828892,2009-01-28,6.0,0,True,False
2008-08-29,2008Q3,9,diag4,student_t_ar1,0.41477091560644386,0.4139131121723394,-1.296650651903516,0.7898536155017928,-2.0845363314131338,-2.10656952111413,2.4993072470195776,2008-10-28,4.0,0,True,False
2008-08-29,2008Q4,-4,diag4,student_t_ar1,2.1628634812755676,2.139805472156369,-0.44001634235238396,0.8910268779895277,-8.472768957225274,-8.853365095794153,10.635632438500842,2009-01-28,4.0,0,True,False
2008-09-05,2008Q3,10,diag4,student_t_ar1,0.22716231650306007,0.22690469298813332,-1.3894709411419441,0.7860384206659871,-2.0845363314131338,-2.10656952111413,2.311698647916194,2008-10-28,12.0,12,False,True
2008-09-05,2008Q4,-3,diag4,student_t_ar1,1.961101986622804,1.9421201490279263,-0.5381360363801696,0.8844999328502767,-8.472768957225274,-8.853365095794153,10.433870943848078,2009-01-28,12.0,0,True,False
2008-09-12,2008Q3,11,diag4,student_t_ar1,0.22722028131623162,0.22696252640879155,-1.3894422359378866,0.7860479472253802,-2.0845363314131338,-2.10656952111413,2.3117566127293654,2008-10-28,4.0,0,True,False
2008-09-12,2008Q4,-2,diag4,student_t_ar1,1.9605918285504842,1.9416198019949322,-0.53838438004579,0.8845023116710405,-8.472768957225274,-8.853365095794153,10.433360785775758,2009-01-28,4.0,0,True,False
2008-09-19,2008Q3,12,diag4,student_t_ar1,-0.7781998824399006,-0.7812436591193284,-1.8898581538999162,0.7666734484310163,-2.0845363314131338,-2.10656952111413,1.3063364489732332,2008-10-28,10.0,0,True,False
2008-09-19,2008Q4,-1,diag4,student_t_ar1,1.643042313644072,1.629690426349164,-0.6932082911600967,0.8757273215911932,-8.472768957225274,-8.853365095794153,10.115811270869346,2009-01-28,10.0,0,True,False
2008-09-26,2008Q3,13,diag4,student_t_ar1,-0.7825460518494531,-0.7856240116163291,-1.8920323104834087,0.7666683683442141,-2.0845363314131338,-2.10656952111413,1.3019902795636806,2008-10-28,4.0,0,True,False
2008-09-26,2008Q4,0,diag4,student_t_ar1,1.6427006496724017,1.6293542847519196,-0.6933751326339588,0.8757285737346604,-8.472768957225274,-8.853365095794153,10.115469606897676,2009-01-28,4.0,0,True,False
2008-10-03,2008Q3,14,diag4,student_t_ar1,-0.9853684967143894,-0.9902553811324473,-1.9935996248781283,0.7651689309702568,-2.0845363314131338,-2.10656952111413,1.0991678346987444,2008-10-28,10.0,83,True,True
2008-10-03,2008Q4,1,diag4,student_t_ar1,1.102870322118843,1.096833055637657,-0.9576882300207724,0.8748069089482496,-8.472768957225274,-8.853365095794153,9.575639279344117,2009-01-28,10.0,0,True,False
2008-10-03,2009Q1,-12,diag4,student_t_ar1,1.2270575800439554,1.2195902520721027,-0.8967585749343874,0.9123602579946944,-4.462803810727223,-4.565452543960741,5.689861390771179,2009-04-28,10.0,0,True,False
2008-10-10,2008Q3,15,diag4,student_t_ar1,-1.1725427010330192,-1.1794711959231114,-2.087515539113275,0.7670860451497541,-2.0845363314131338,-2.10656952111413,0.9119936303801146,2008-10-28,7.0,0,True,False
2008-10-10,2008Q4,2,diag4,student_t_ar1,0.4326980525538815,0.43176460623114377,-1.2877901907055411,0.875379690744873,-8.472768957225274,-8.853365095794153,8.905467009779155,2009-01-28,7.0,0,True,False
2008-10-10,2009Q1,-11,diag4,student_t_ar1,0.9165485548471075,0.9123737386691588,-1.0492432906347757,0.9113858990503613,-4.462803810727223,-4.565452543960741,5.379352365574331,2009-04-28,7.0,0,True,False
2008-10-17,2008Q3,16,diag4,student_t_ar1,-2.293552262043297,-2.320263384615106,-2.6537395699737716,0.7590993795849704,-2.0845363314131338,-2.10656952111413,-0.2090159306301631,2008-10-28,9.0,0,True,False
2008-10-17,2008Q4,3,diag4,student_t_ar1,-2.3945636934596837,-2.4236994258130915,-2.7050793080644824,0.8476202460914996,-8.472768957225274,-8.853365095794153,6.0782052637655895,2009-01-28,9.0,0,True,False
2008-10-17,2009Q1,-10,diag4,student_t_ar1,0.5297935400883524,0.5283950712698591,-1.2398283515901454,0.9094006786922356,-4.462803810727223,-4.565452543960741,4.992597350815576,2009-04-28,9.0,0,True,False
2008-10-24,2008Q3,17,diag4,student_t_ar1,-2.293153633371814,-2.319855399402727,-2.653537069436185,0.7590978936414179,-2.0845363314131338,-2.10656952111413,-0.2086173019586801,2008-10-28,2.0,0,True,False
2008-10-24,2008Q4,4,diag4,student_t_ar1,-2.687872256587287,-2.724656177395695,-2.854457035826775,0.8497805711720454,-8.472768957225274,-8.853365095794153,5.7848967006379866,2009-01-28,2.0,0,True,False
2008-10-24,2009Q1,-9,diag4,student_t_ar1,0.2267683296629297,0.22651159833654289,-1.389666050856351,0.9087051248028295,-4.462803810727223,-4.565452543960741,4.689572140390153,2009-04-28,2.0,0,True,False
2008-10-31,2008Q4,5,diag4,student_t_ar1,-2.921475586412925,-2.9650004940437245,-2.865445680817479,0.8474172592667402,-8.472768957225274,-8.853365095794153,5.551293370812349,2009-01-28,10.0,0,True,False
2008-10-31,2009Q1,-8,diag4,student_t_ar1,0.12391447059181271,0.12383775997553537,-1.374715982492765,0.9037574871581037,-4.462803810727223,-4.565452543960741,4.586718281319036,2009-04-28,10.0,0,True,False
2008-11-07,2008Q4,6,diag4,student_t_ar1,-4.322134918977916,-4.418320915111906,-3.5668446323647194,0.8239273566367139,-8.472768957225274,-8.853365095794153,4.150634038247357,2009-01-28,13.0,22,True,True
2008-11-07,2009Q1,-7,diag4,student_t_ar1,-0.5471156161223623,-0.5486177751458237,-1.6992552929289266,0.8811805989367782,-4.462803810727223,-4.565452543960741,3.915688194604861,2009-04-28,13.0,0,True,False
2008-11-14,2008Q4,7,diag4,student_t_ar1,-5.503110593887706,-5.6603268367584825,-4.166259350984093,0.9539210002503882,-8.472768957225274,-8.853365095794153,2.969658363337568,2009-01-28,5.0,0,True,False
2008-11-14,2009Q1,-6,diag4,student_t_ar1,-0.40813654454338044,-0.408971694882049,-1.6318595467020192,0.8821370738779231,-4.462803810727223,-4.565452543960741,4.054667266183843,2009-04-28,5.0,0,True,False
2008-11-21,2008Q4,8,diag4,student_t_ar1,-1.9258776380835951,-1.944664257471271,-2.3730127966558654,0.7624721296543017,-8.472768957225274,-8.853365095794153,6.546891319141679,2009-01-28,6.0,0,True,False
2008-11-21,2009Q1,-5,diag4,student_t_ar1,-0.2694539237670379,-0.26981760430008883,-1.5647012436720795,0.8769224151281745,-4.462803810727223,-4.565452543960741,4.193349886960185,2009-04-28,6.0,0,True,False
2008-11-28,2008Q4,9,diag4,student_t_ar1,-1.9380329391368023,-1.9570590198064886,-2.378994735105618,0.7624822553420486,-8.472768957225274,-8.853365095794153,6.534736018088472,2009-01-28,4.0,0,True,False
2008-11-28,2009Q1,-4,diag4,student_t_ar1,-0.26866352554067996,-0.2690250737010107,-1.5643187539449663,0.8769243778218313,-4.462803810727223,-4.565452543960741,4.194140285186544,2009-04-28,4.0,0,True,False
2008-12-05,2008Q4,10,diag4,student_t_ar1,-2.9470667511922732,-2.9913652730813314,-2.8781698042156494,0.7852908715320346,-8.472768957225274,-8.853365095794153,5.525702206033,2009-01-28,13.0,12,False,True
2008-12-05,2009Q1,-3,diag4,student_t_ar1,-1.8060830843472764,-1.822591841551262,-2.314098421478916,0.8607829699070956,-4.462803810727223,-4.565452543960741,2.656720726379947,2009-04-28,13.0,0,True,False
2008-12-12,2008Q4,11,diag4,student_t_ar1,-2.94746232379417,-2.991772858297771,-2.8783665122776383,0.7853277756502935,-8.472768957225274,-8.853365095794153,5.525306633431104,2009-01-28,4.0,0,True,False
2008-12-12,2009Q1,-2,diag4,student_t_ar1,-1.8050957784616406,-1.8215863811794013,-2.3136131679584797,0.860776565322639,-4.462803810727223,-4.565452543960741,2.6577080322655826,2009-04-28,4.0,0,True,False
2008-12-19,2008Q4,12,diag4,student_t_ar1,-2.5071794917400636,-2.5391446508258,-2.6599198809916027,0.7380688048707826,-8.472768957225274,-8.853365095794153,5.96558946548521,2009-01-28,10.0,0,True,False
2008-12-19,2009Q1,-1,diag4,student_t_ar1,-1.3954822838038172,-1.4053106806463318,-2.11271091978537,0.846199401868107,-4.462803810727223,-4.565452543960741,3.067321526923406,2009-04-28,10.0,0,True,False
2008-12-26,2008Q4,13,diag4,student_t_ar1,-2.514515426761532,-2.5466695239360324,-2.663551522048544,0.7379053299401963,-8.472768957225274,-8.853365095794153,5.958253530463741,2009-01-28,4.0,0,True,False
2008-12-26,2009Q1,0,diag4,student_t_ar1,-1.3621928997188615,-1.3715558722582135,-2.096420233388971,0.8442236325768995,-4.462803810727223,-4.565452543960741,3.1006109110083617,2009-04-28,4.0,0,True,False
2009-01-02,2008Q4,14,diag4,student_t_ar1,-2.7203000141535316,-2.7579851802061763,-2.7655363132926234,0.7393827725366575,-8.472768957225274,-8.853365095794153,5.752468943071742,2009-01-28,8.0,46,True,True
2009-01-02,2009Q1,1,diag4,student_t_ar1,-2.0140857455424377,-2.0346449745339084,-2.4164391324399697,0.8493395696700058,-4.462803810727223,-4.565452543960741,2.4487180651847855,2009-04-28,8.0,0,True,False
2009-01-02,2009Q2,-12,diag4,student_t_ar1,-1.006334688216859,-1.0114324650406115,-1.9226181064881507,0.8800289219154639,-0.7126911125331037,-0.7152428870508096,-0.2936435756837552,2009-07-28,8.0,0,True,False
2009-01-09,2008Q4,15,diag4,student_t_ar1,-2.793248076794541,-2.8330012703717053,-2.801740447101328,0.7392693992655665,-8.472768957225274,-8.853365095794153,5.679520880430733,2009-01-28,8.0,0,True,False
2009-01-09,2009Q1,2,diag4,student_t_ar1,-2.242959725113669,-2.2684966443673082,-2.5293002150071313,0.8404267267516847,-4.462803810727223,-4.565452543960741,2.219844085613554,2009-04-28,8.0,0,True,False
2009-01-09,2009Q2,-11,diag4,student_t_ar1,-1.0365844797147084,-1.0419944349445447,-1.9373678707776263,0.8770915500722567,-0.7126911125331037,-0.7152428870508096,-0.32389336718160466,2009-07-28,8.0,0,True,False
2009-01-16,2008Q4,16,diag4,student_t_ar1,-2.9806337447870312,-3.0259575296942214,-2.894864658404859,0.7405511409526593,-8.472768957225274,-8.853365095794153,5.492135212438242,2009-01-28,7.0,0,True,False
2009-01-16,2009Q1,3,diag4,student_t_ar1,-2.5763405332322353,-2.6101094501116164,-2.6941687879045375,0.8441438384460048,-4.462803810727223,-4.565452543960741,1.8864632774949879,2009-04-28,7.0,0,True,False
2009-01-16,2009Q2,-10,diag4,student_t_ar1,-1.0575025979947306,-1.063133892628287,-1.9475701587526044,0.8771120741470133,-0.7126911125331037,-0.7152428870508096,-0.3448114854616269,2009-07-28,7.0,0,True,False
2009-01-23,2008Q4,17,diag4,student_t_ar1,-3.1726285378689045,-3.2240468636949147,-2.9904661852028225,0.731953552844341,-8.472768957225274,-8.853365095794153,5.300140419356369,2009-01-28,4.0,0,True,False
2009-01-23,2009Q1,4,diag4,student_t_ar1,-3.1397763963944336,-3.1901240491973124,-2.9740944159926563,0.8148159714402887,-4.462803810727223,-4.565452543960741,1.3230274143327896,2009-04-28,4.0,0,True,False
2009-01-23,2009Q2,-9,diag4,student_t_ar1,-0.9446408815873664,-0.9491309123795699,-1.8925502404602985,0.8743887655934243,-0.7126911125331037,-0.7152428870508096,-0.23194976905426268,2009-07-28,4.0,0,True,False
2009-01-30,2009Q1,5,diag4,student_t_ar1,-3.7302799649146734,-3.801635032454591,-2.7845051378631434,0.8177514468480682,-4.462803810727223,-4.565452543960741,0.7325238458125498,2009-04-28,10.0,0,True,False
2009-01-30,2009Q2,-8,diag4,student_t_ar1,-2.243994084186207,-2.2695547416070667,-2.1430602074499734,0.8711864546492547,-0.7126911125331037,-0.7152428870508096,-1.5313029716531035,2009-07-28,10.0,0,True,False
2009-02-06,2009Q1,6,diag4,student_t_ar1,-4.716914214573875,-4.831787496856232,-3.2158050376076464,0.7792900137844978,-4.462803810727223,-4.565452543960741,-0.25411040384665196,2009-04-28,11.0,56,True,True
2009-02-06,2009Q2,-7,diag4,student_t_ar1,-2.440918268880976,-2.4712025034821767,-2.2274852440206083,0.8109597213100214,-0.7126911125331037,-0.7152428870508096,-1.7282271563478724,2009-07-28,11.0,0,True,False
2009-02-13,2009Q1,7,diag4,student_t_ar1,-4.669070110765849,-4.781587510623917,-3.1947875185729773,0.7871477597843982,-4.462803810727223,-4.565452543960741,-0.20626630003862623,2009-04-28,6.0,0,True,False
2009-02-13,2009Q2,-6,diag4,student_t_ar1,-2.4521910580684425,-2.4827580043269943,-2.232323252498084,0.8109634254847312,-0.7126911125331037,-0.7152428870508096,-1.7394999455353388,2009-07-28,6.0,0,True,False
2009-02-20,2009Q1,8,diag4,student_t_ar1,-6.686839193172167,-6.920902905987537,-4.090467087789111,0.6946143858355676,-4.462803810727223,-4.565452543960741,-2.224035382444944,2009-04-28,7.0,0,True,False
2009-02-20,2009Q2,-5,diag4,student_t_ar1,-2.5941586872656797,-2.6284004727871757,-2.2933002284468857,0.8066445053733375,-0.7126911125331037,-0.7152428870508096,-1.881467574732576,2009-07-28,7.0,0,True,False
2009-02-27,2009Q1,9,diag4,student_t_ar1,-6.698878090077464,-6.933805344907791,-4.0958690266331805,0.6945764284605606,-4.462803810727223,-4.565452543960741,-2.236074279350241,2009-04-28,4.0,0,True,False
2009-02-27,2009Q2,-4,diag4,student_t_ar1,-2.5931942266253283,-2.627410331074312,-2.2928856800802624,0.8066402005210985,-0.7126911125331037,-0.7152428870508096,-1.8805031140922246,2009-07-28,4.0,0,True,False
2009-03-06,2009Q1,10,diag4,student_t_ar1,-7.357570975446404,-7.6422952466627425,-4.392496597945543,0.6904994616618643,-4.462803810727223,-4.565452543960741,-2.8947671647191804,2009-04-28,10.0,53,True,True
2009-03-06,2009Q2,-3,diag4,student_t_ar1,-3.4485218379094906,-3.5093867421435023,-2.662147853220924,0.802034967815573,-0.7126911125331037,-0.7152428870508096,-2.735830725376387,2009-07-28,10.0,0,True,False
2009-03-13,2009Q1,11,diag4,student_t_ar1,-7.374414918052519,-7.660478571759372,-4.400109515996225,0.6891856041161794,-4.462803810727223,-4.565452543960741,-2.911611107325296,2009-04-28,8.0,0,True,False
2009-03-13,2009Q2,-2,diag4,student_t_ar1,-3.4474043503641805,-3.508229348077947,-2.661663280342939,0.8016436576151785,-0.7126911125331037,-0.7152428870508096,-2.734713237831077,2009-07-28,8.0,0,True,False
2009-03-20,2009Q1,12,diag4,student_t_ar1,-6.750353011512821,-6.9889913117582125,-4.118974055056052,0.6697480682812875,-4.462803810727223,-4.565452543960741,-2.287549200785598,2009-04-28,9.0,0,True,False
2009-03-20,2009Q2,-1,diag4,student_t_ar1,-2.9303494998960455,-2.974141876385583,-2.438053784704339,0.7906898305044613,-0.7126911125331037,-0.7152428870508096,-2.217658387362942,2009-07-28,9.0,0,True,False
2009-03-27,2009Q1,13,diag4,student_t_ar1,-6.768111618935146,-7.008037280508747,-4.126948141122441,0.6696930789885285,-4.462803810727223,-4.565452543960741,-2.305307808207923,2009-04-28,4.0,0,True,False
2009-03-27,2009Q2,0,diag4,student_t_ar1,-2.931872876765229,-2.975711253441264,-2.438710844887338,0.7906854073293892,-0.7126911125331037,-0.7152428870508096,-2.2191817642321254,2009-07-28,4.0,0,True,False
2009-04-03,2009Q1,14,diag4,student_t_ar1,-6.733652359509912,-6.9710833011548665,-4.111476404519116,0.6695603695015326,-4.462803810727223,-4.565452543960741,-2.2708485487826886,2009-04-28,9.0,13,True,True
2009-04-03,2009Q2,1,diag4,student_t_ar1,-2.61888383516512,-2.653787334774668,-2.303929093016358,0.7794194820806472,-0.7126911125331037,-0.7152428870508096,-1.9061927226320163,2009-07-28,9.0,0,True,False
2009-04-03,2009Q3,-12,diag4,student_t_ar1,-1.6404240358510846,-1.6540279709285244,-1.885354048742763,0.8254041617600406,1.4121870876976361,1.4023086188557472,-3.0526111235487208,2009-10-28,9.0,0,True,False
2009-04-10,2009Q1,15,diag4,student_t_ar1,-6.854987012687063,-7.1012627815295595,-4.165979401672075,0.6707873623661551,-4.462803810727223,-4.565452543960741,-2.39218320195984,2009-04-28,7.0,0,True,False
2009-04-10,2009Q2,2,diag4,student_t_ar1,-3.1311259686010673,-3.181193611896238,-2.524741334221139,0.7762516310690842,-0.7126911125331037,-0.7152428870508096,-2.4184348560679636,2009-07-28,7.0,0,True,False
2009-04-10,2009Q3,-11,diag4,student_t_ar1,-1.8688122549220698,-1.8864952051255601,-1.9826824523216457,0.8238117031708422,1.4121870876976361,1.4023086188557472,-3.280999342619706,2009-10-28,7.0,0,True,False
2009-04-17,2009Q1,16,diag4,student_t_ar1,-6.901541956476853,-7.151256421039999,-4.186910528329371,0.6652942610673449,-4.462803810727223,-4.565452543960741,-2.43873814574963,2009-04-28,9.0,0,True,False
2009-04-17,2009Q2,3,diag4,student_t_ar1,-3.2367348086299597,-3.290275555549475,-2.570411303460987,0.7541166980901356,-0.7126911125331037,-0.7152428870508096,-2.524043696096856,2009-07-28,9.0,0,True,False
2009-04-17,2009Q3,-10,diag4,student_t_ar1,-1.7251916842562665,-1.7402465170558639,-1.9214516668972152,0.8220554623086378,1.4121870876976361,1.4023086188557472,-3.1373787719539026,2009-10-28,9.0,0,True,False
2009-04-24,2009Q1,17,diag4,student_t_ar1,-6.901540406803031,-7.151254756486315,-4.186909831421037,0.6653053701994587,-4.462803810727223,-4.565452543960741,-2.438736596075808,2009-04-28,2.0,0,True,False
2009-04-24,2009Q2,4,diag4,student_t_ar1,-3.08994688191484,-3.1386925124094702,-2.506947152698386,0.7579587899802864,-0.7126911125331037,-0.7152428870508096,-2.3772557693817364,2009-07-28,2.0,0,True,False
2009-04-24,2009Q3,-9,diag4,student_t_ar1,-1.5175754695844201,-1.5292084894075701,-1.8330951533593327,0.8214556699783756,1.4121870876976361,1.4023086188557472,-2.9297625572820563,2009-10-28,2.0,0,True,False
2009-05-01,2009Q2,5,diag4,student_t_ar1,-2.6383350150429363,-2.673763613050714,-2.1851937978592004,0.7403166405242497,-0.7126911125331037,-0.7152428870508096,-1.9256439025098326,2009-07-28,13.0,12,False,True
2009-05-01,2009Q3,-8,diag4,student_t_ar1,-0.6397031805711939,-0.6417580494292854,-1.3699214845007628,0.7643188743689895,1.4121870876976361,1.4023086188557472,-2.05189026826883,2009-10-28,13.0,0,True,False
2009-05-08,2009Q2,6,diag4,student_t_ar1,-3.096999910473097,-3.145970689441041,-2.3746506391420863,0.7308079339446837,-0.7126911125331037,-0.7152428870508096,-2.3843087979399935,2009-07-28,10.0,0,True,False
2009-05-08,2009Q3,-7,diag4,student_t_ar1,-0.8601074167105205,-0.8638276881327349,-1.4590192858619817,0.7594399243989717,1.4121870876976361,1.4023086188557472,-2.2722945044081566,2009-10-28,10.0,0,True,False
2009-05-15,2009Q2,7,diag4,student_t_ar1,-2.9812252521703275,-3.0265672112550104,-2.3267441020604265,0.726901183830093,-0.7126911125331037,-0.7152428870508096,-2.268534139637224,2009-07-28,5.0,0,True,False
2009-05-15,2009Q3,-6,diag4,student_t_ar1,-0.8658058881092501,-0.869575762926853,-1.4613255030882801,0.7593988805173272,1.4121870876976361,1.4023086188557472,-2.277992975806886,2009-10-28,5.0,0,True,False
2009-05-22,2009Q2,8,diag4,student_t_ar1,-2.8790741615656867,-2.9213325789533324,-2.2845223268556825,0.6577607337392033,-0.7126911125331037,-0.7152428870508096,-2.166383049032583,2009-07-28,6.0,0,True,False
2009-05-22,2009Q3,-5,diag4,student_t_ar1,-0.5863223665547701,-0.5880479845713329,-1.3483721690799253,0.7567497579578415,1.4121870876976361,1.4023086188557472,-1.9985094542524062,2009-10-28,6.0,0,True,False
2009-05-29,2009Q2,9,diag4,student_t_ar1,-2.8834059645900134,-2.925792894373196,-2.286311874943425,0.6577571411421229,-0.7126911125331037,-0.7152428870508096,-2.1707148520569097,2009-07-28,4.0,0,True,False
2009-05-29,2009Q3,-4,diag4,student_t_ar1,-0.5861229940784973,-0.5878474364364052,-1.3482917060414232,0.7567516804023423,1.4121870876976361,1.4023086188557472,-1.9983100817761335,2009-10-28,4.0,0,True,False
2009-06-05,2009Q2,10,diag4,student_t_ar1,-2.346949611469562,-2.374929117551662,-2.065296739101834,0.665267742160797,-0.7126911125331037,-0.7152428870508096,-1.6342584989364584,2009-07-28,13.0,11,False,True
2009-06-05,2009Q3,-3,diag4,student_t_ar1,0.2857384881297165,0.2853310317004225,-0.997958890798544,0.748250273241349,1.4121870876976361,1.4023086188557472,-1.1264485995679197,2009-10-28,13.0,0,True,False
2009-06-12,2009Q2,11,diag4,student_t_ar1,-2.35086405705498,-2.3789377215099443,-2.0669050535085045,0.6652253477584634,-0.7126911125331037,-0.7152428870508096,-1.6381729445218762,2009-07-28,4.0,0,True,False
2009-06-12,2009Q3,-2,diag4,student_t_ar1,0.2846700279187875,0.2842656101171981,-0.9983863545488448,0.7482381714602275,1.4121870876976361,1.4023086188557472,-1.1275170597788486,2009-10-28,4.0,0,True,False
2009-06-19,2009Q2,12,diag4,student_t_ar1,-2.877552053283028,-2.9197653612377183,-2.2838935346735054,0.635805288037648,-0.7126911125331037,-0.7152428870508096,-2.164860940749924,2009-07-28,10.0,0,True,False
2009-06-19,2009Q3,-1,diag4,student_t_ar1,0.1927147773076232,0.19252932061074546,-1.0351923841699224,0.7380086017736665,1.4121870876976361,1.4023086188557472,-1.219472310390013,2009-10-28,10.0,0,True,False
2009-06-26,2009Q2,13,diag4,student_t_ar1,-2.877992105802185,-2.92021845269636,-2.284075322030914,0.6357875110842224,-0.7126911125331037,-0.7152428870508096,-2.1653009932690814,2009-07-28,4.0,0,True,False
2009-06-26,2009Q3,0,diag4,student_t_ar1,0.19260325528318578,0.1924180130303914,-1.0352370425065698,0.738008651487974,1.4121870876976361,1.4023086188557472,-1.2195838324144503,2009-10-28,4.0,0,True,False
2009-07-03,2009Q2,14,diag4,student_t_ar1,-2.792018258536866,-2.8317361211368595,-2.2485748310709877,0.6380985903301385,-0.7126911125331037,-0.7152428870508096,-2.079327146003762,2009-07-28,8.0,6,True,True
2009-07-03,2009Q3,1,diag4,student_t_ar1,0.6452411491333132,0.6431683798928507,-0.8543889676203017,0.7430022165137918,1.4121870876976361,1.4023086188557472,-0.7669459385643229,2009-10-28,8.0,0,True,False
2009-07-03,2009Q4,-12,diag4,student_t_ar1,0.39099633447847726,0.39023393047887067,-0.9558702122554154,0.7730063195695993,4.394263592305325,4.300454151697932,-4.003267257826848,2010-01-28,8.0,0,True,False
2009-07-10,2009Q2,15,diag4,student_t_ar1,-2.886179446957382,-2.928648762619615,-2.28745769381006,0.6376041309399754,-0.7126911125331037,-0.7152428870508096,-2.1734883344242784,2009-07-28,8.0,0,True,False
2009-07-10,2009Q3,2,diag4,student_t_ar1,0.19990227731656596,0.19970273859157572,-1.0323142970344248,0.7308207810562609,1.4121870876976361,1.4023086188557472,-1.2122848103810702,2009-10-28,8.0,0,True,False
2009-07-10,2009Q4,-11,diag4,student_t_ar1,0.20332512486529453,0.20311869909623415,-1.030943760421321,0.7701288282671972,4.394263592305325,4.300454151697932,-4.190938467440031,2010-01-28,8.0,0,True,False
2009-07-17,2009Q2,16,diag4,student_t_ar1,-2.8611695788652525,-2.9028989279533763,-2.2771264586733175,0.6311566382634172,-0.7126911125331037,-0.7152428870508096,-2.148478466332149,2009-07-28,9.0,0,True,False
2009-07-17,2009Q3,3,diag4,student_t_ar1,0.44185714927571507,0.4408838266510551,-0.9355486842227517,0.7065037920466513,1.4121870876976361,1.4023086188557472,-0.9703299384219211,2009-10-28,9.0,0,True,False
2009-07-17,2009Q4,-10,diag4,student_t_ar1,0.31826122822014025,0.31775584917299327,-0.9849495484894731,0.7681777215752127,4.394263592305325,4.300454151697932,-4.076002364085185,2010-01-28,9.0,0,True,False
2009-07-24,2009Q2,17,diag4,student_t_ar1,-2.861909017462605,-2.903660149195726,-2.2774318725040366,0.6311661507587347,-0.7126911125331037,-0.7152428870508096,-2.1492179049295013,2009-07-28,2.0,0,True,False
2009-07-24,2009Q3,4,diag4,student_t_ar1,0.47500640222188917,0.47388180667224633,-0.9223093801629307,0.7043032404717798,1.4121870876976361,1.4023086188557472,-0.937180685475747,2009-10-28,2.0,0,True,False
2009-07-24,2009Q4,-9,diag4,student_t_ar1,0.31172268535544223,0.31123783751843614,-0.9875646763883542,0.7668803799282601,4.394263592305325,4.300454151697932,-4.082540906949883,2010-01-28,2.0,0,True,False
2009-07-31,2009Q3,5,diag4,student_t_ar1,0.31344041098946285,0.31295021059024775,-0.9679275442612224,0.7043632393640532,1.4121870876976361,1.4023086188557472,-1.0987466767081733,2009-10-28,10.0,0,True,False
2009-07-31,2009Q4,-8,diag4,student_t_ar1,0.5149455391826097,0.5136242287193493,-0.8878006292610408,0.7638080992184195,4.394263592305325,4.300454151697932,-3.8793180531227156,2010-01-28,10.0,0,True,False
2009-08-07,2009Q3,6,diag4,student_t_ar1,0.9065177890081433,0.9024335806595398,-0.7325533571695199,0.7049426559751998,1.4121870876976361,1.4023086188557472,-0.5056692986894928,2009-10-28,13.0,11,False,True
2009-08-07,2009Q4,-7,diag4,student_t_ar1,1.0540539730561571,1.048537554326742,-0.6742156571106651,0.7520623679209055,4.394263592305325,4.300454151697932,-3.340209619249168,2010-01-28,13.0,0,True,False
2009-08-14,2009Q3,7,diag4,student_t_ar1,0.9982473458557406,0.9932977691273563,-0.6962722921178534,0.716977246957555,1.4121870876976361,1.4023086188557472,-0.4139397418418955,2009-10-28,5.0,0,True,False
2009-08-14,2009Q4,-6,diag4,student_t_ar1,1.1049831275859123,1.098922791947209,-0.6540973892366355,0.7521735972074195,4.394263592305325,4.300454151697932,-3.289280464719413,2010-01-28,5.0,0,True,False
2009-08-21,2009Q3,8,diag4,student_t_ar1,2.836796427449073,2.797304488830933,0.024047629898413282,0.6553986206142832,1.4121870876976361,1.4023086188557472,1.424609339751437,2009-10-28,6.0,0,True,False
2009-08-21,2009Q4,-5,diag4,student_t_ar1,1.6891523988764812,1.6750448632970436,-0.4240582208821231,0.750085771485993,4.394263592305325,4.300454151697932,-2.705111193428844,2010-01-28,6.0,0,True,False
2009-08-28,2009Q3,9,diag4,student_t_ar1,2.845311006900486,2.8055838472666177,0.027353486111474902,0.6553689167305224,1.4121870876976361,1.4023086188557472,1.43312391920285,2009-10-28,4.0,0,True,False
2009-08-28,2009Q4,-4,diag4,student_t_ar1,1.6889655355642352,1.6748611037912133,-0.4241315940195198,0.7500803693363732,4.394263592305325,4.300454151697932,-2.70529805674109,2010-01-28,4.0,0,True,False
2009-09-04,2009Q3,10,diag4,student_t_ar1,2.899451249033924,2.858212398087968,0.048367484124571675,0.653904876322531,1.4121870876976361,1.4023086188557472,1.487264161336288,2009-10-28,12.0,6,True,True
2009-09-04,2009Q4,-3,diag4,student_t_ar1,1.6893817782213105,1.6752704321809477,-0.4239681537226782,0.7466939863744193,4.394263592305325,4.300454151697932,-2.7048818140840147,2010-01-28,12.0,0,True,False
2009-09-11,2009Q3,11,diag4,student_t_ar1,2.816186896147177,2.7772614716688944,0.016044674919674245,0.6487980345168656,1.4121870876976361,1.4023086188557472,1.4039998084495409,2009-10-28,5.0,0,True,False
2009-09-11,2009Q4,-2,diag4,student_t_ar1,1.575480636673121,1.563198771475125,-0.4687171277803338,0.7408088377814538,4.394263592305325,4.300454151697932,-2.818782955632204,2010-01-28,5.0,0,True,False
2009-09-18,2009Q3,12,diag4,student_t_ar1,4.208996046406788,4.122827402306497,0.5533142624652693,0.6345647642185537,1.4121870876976361,1.4023086188557472,2.7968089587091516,2009-10-28,10.0,0,True,False
2009-09-18,2009Q4,-1,diag4,student_t_ar1,2.667365966140256,2.6324119652685116,-0.041792130240099555,0.7345309972832679,4.394263592305325,4.300454151697932,-1.7268976261650693,2010-01-28,10.0,0,True,False
2009-09-25,2009Q3,13,diag4,student_t_ar1,4.238567915706093,4.15120083966945,0.564643462054933,0.6346482847889975,1.4121870876976361,1.4023086188557472,2.826380828008457,2009-10-28,0.0,0,True,False
2009-09-25,2009Q4,0,diag4,student_t_ar1,2.7881799181386224,2.7500179081048244,0.005166621435959584,0.7338292995254712,4.394263592305325,4.300454151697932,-1.6060836741667028,2010-01-28,0.0,0,True,False
2009-10-02,2009Q3,14,diag4,student_t_ar1,4.239638207718799,4.152227605999254,0.5650534384893527,0.6338084155916688,1.4121870876976361,1.4023086188557472,2.8274511200211627,2009-10-28,11.0,7,True,True
2009-10-02,2009Q4,1,diag4,student_t_ar1,2.7133472982139972,2.677188645718372,-0.0239132971861461,0.7290100464532321,4.394263592305325,4.300454151697932,-1.680916294091328,2010-01-28,11.0,0,True,False
2009-10-02,2010Q1,-12,diag4,student_t_ar1,2.4446613818784657,2.4152577840568283,-0.128499392007732,0.7691675055671431,1.952133820572155,1.9333240882710745,0.4925275613063107,2010-04-28,11.0,0,True,False
2009-10-09,2009Q3,15,diag4,student_t_ar1,4.158773275914851,4.074621509784969,0.5340661829750019,0.6329767568510857,1.4121870876976361,1.4023086188557472,2.746586188217215,2009-10-28,9.0,0,True,False
2009-10-09,2009Q4,2,diag4,student_t_ar1,2.486328512124336,2.455922332490028,-0.1122624877676845,0.7204607160498645,4.394263592305325,4.300454151697932,-1.9079350801809891,2010-01-28,9.0,0,True,False
2009-10-09,2010Q1,-11,diag4,student_t_ar1,2.305280918650543,2.2791107520317793,-0.1828613954414795,0.767265390752578,1.952133820572155,1.9333240882710745,0.35314709807838796,2010-04-28,9.0,0,True,False
2009-10-16,2009Q3,16,diag4,student_t_ar1,4.095375739026208,4.013736731117231,0.5097555645372119,0.6328517599585225,1.4121870876976361,1.4023086188557472,2.683188651328572,2009-10-28,7.0,0,True,False
2009-10-16,2009Q4,3,diag4,student_t_ar1,2.3499182197897373,2.3227327093873154,-0.16544363054218938,0.7199407486002714,4.394263592305325,4.300454151697932,-2.044345372515588,2010-01-28,7.0,0,True,False
2009-10-16,2010Q1,-10,diag4,student_t_ar1,2.289085332792684,2.2632788538339934,-0.18918289721341996,0.7672347780933496,1.952133820572155,1.9333240882710745,0.3369515122205291,2010-04-28,7.0,0,True,False
2009-10-23,2009Q3,17,diag4,student_t_ar1,4.62379230278358,4.520079965130422,0.7119328152393467,0.6303710467965894,1.4121870876976361,1.4023086188557472,3.211605215085944,2009-10-28,4.0,0,True,False
2009-10-23,2009Q4,4,diag4,student_t_ar1,3.7425074135472247,3.674175281414289,0.3741724348857084,0.70509306820155,4.394263592305325,4.300454151697932,-0.6517561787581005,2010-01-28,4.0,0,True,False
2009-10-23,2010Q1,-9,diag4,student_t_ar1,2.742242982885812,2.705317045459447,-0.012681938407580763,0.7647447693710778,1.952133820572155,1.9333240882710745,0.7901091623136569,2010-04-28,4.0,0,True,False
2009-10-30,2009Q4,5,diag4,student_t_ar1,3.843110415247586,3.7711020440954495,0.41980007853993456,0.7063653842587821,4.394263592305325,4.300454151697932,-0.5511531770577394,2010-01-28,10.0,0,True,False
2009-10-30,2010Q1,-8,diag4,student_t_ar1,2.4243516326095005,2.3954307257460976,-0.1315159132926668,0.7627114240254563,1.952133820572155,1.9333240882710745,0.4722178120373455,2010-04-28,10.0,0,True,False
2009-11-06,2009Q4,6,diag4,student_t_ar1,3.601084284962486,3.5377609853588865,0.3262859843542854,0.7281521443281064,4.394263592305325,4.300454151697932,-0.7931793073428395,2010-01-28,11.0,5,True,True
2009-11-06,2010Q1,-7,diag4,student_t_ar1,2.39898956581559,2.3706659047299548,-0.1414406981442213,0.7634873864791345,1.952133820572155,1.9333240882710745,0.4468557452434352,2010-04-28,11.0,0,True,False
2009-11-13,2009Q4,7,diag4,student_t_ar1,3.6033217850221844,3.539920688525652,0.3271515100634919,0.7238087818779456,4.394263592305325,4.300454151697932,-0.7909418072831409,2010-01-28,6.0,0,True,False
2009-11-13,2010Q1,-6,diag4,student_t_ar1,2.389932856954391,2.361820984057534,-0.14498540111807368,0.7634423261905933,1.952133820572155,1.9333240882710745,0.43779903638223594,2010-04-28,6.0,0,True,False
2009-11-20,2009Q4,8,diag4,student_t_ar1,4.113244984165321,4.030901481664945,0.5239176702136783,0.6627030779091049,4.394263592305325,4.300454151697932,-0.28101860814000457,2010-01-28,7.0,0,True,False
2009-11-20,2010Q1,-5,diag4,student_t_ar1,2.5658334665836557,2.5334684141077357,-0.07619573320728847,0.7593757218093095,1.952133820572155,1.9333240882710745,0.6136996460115007,2010-04-28,7.0,0,True,False
2009-11-27,2009Q4,9,diag4,student_t_ar1,4.120021557470066,4.037410118272037,0.5265260806665634,0.6627025701777088,4.394263592305325,4.300454151697932,-0.2742420348352592,2010-01-28,4.0,0,True,False
2009-11-27,2010Q1,-4,diag4,student_t_ar1,2.5659474841318364,2.5335795792793623,-0.07615118249518521,0.7593775316201937,1.952133820572155,1.9333240882710745,0.6138136635596814,2010-04-28,4.0,0,True,False
2009-12-04,2009Q4,10,diag4,student_t_ar1,3.9275305188515297,3.8523648325915256,0.4523670691002624,0.6627365279299672,4.394263592305325,4.300454151697932,-0.46673307345379555,2010-01-28,9.0,7,True,True
2009-12-04,2010Q1,-3,diag4,student_t_ar1,2.241302371807574,2.216554293840034,-0.20320268625679166,0.7563614725656496,1.952133820572155,1.9333240882710745,0.2891685512354192,2010-04-28,9.0,0,True,False
2009-12-11,2009Q4,11,diag4,student_t_ar1,4.041910854214015,3.962362095785677,0.49644972856104125,0.6591119408827621,4.394263592305325,4.300454151697932,-0.3523527380913105,2010-01-28,7.0,0,True,False
2009-12-11,2010Q1,-2,diag4,student_t_ar1,2.3739900213912257,2.346249065556192,-0.15122602529827756,0.7520311609060111,1.952133820572155,1.9333240882710745,0.4218562008190707,2010-04-28,7.0,0,True,False
2009-12-18,2009Q4,12,diag4,student_t_ar1,4.341681456964364,4.250072664752033,0.6117530249041925,0.645830242377224,4.394263592305325,4.300454151697932,-0.05258213534096168,2010-01-28,11.0,0,True,False
2009-12-18,2010Q1,-1,diag4,student_t_ar1,2.4043774919611183,2.3759274648538713,-0.1393320678343414,0.7457835122089014,1.952133820572155,1.9333240882710745,0.45224367138896326,2010-04-28,11.0,0,True,False
2009-12-25,2009Q4,13,diag4,student_t_ar1,4.370160689712987,4.277363145859826,0.6226899968820516,0.6454746058451181,4.394263592305325,4.300454151697932,-0.024102902592337827,2010-01-28,0.0,0,True,False
2009-12-25,2010Q1,0,diag4,student_t_ar1,2.5172584086396332,2.486097313537493,-0.09518024276762585,0.7429042476678943,1.952133820572155,1.9333240882710745,0.5651245880674782,2010-04-28,0.0,0,True,False
2010-01-01,2009Q4,14,diag4,student_t_ar1,4.404397887544564,4.310161393282128,0.6358342691124956,0.6457217953750581,4.394263592305325,4.300454151697932,0.010134295239239144,2010-01-28,9.0,7,True,True
2010-01-01,2010Q1,1,diag4,student_t_ar1,2.6561663621545772,2.621502739355839,-0.04091497195851269,0.739261874017038,1.952133820572155,1.9333240882710745,0.7040325415824222,2010-04-28,9.0,0,True,False
2010-01-01,2010Q2,-12,diag4,student_t_ar1,3.0032039289153545,2.9589907863733935,0.09433721720276493,0.7770450218905354,3.926881074055233,3.851739929043594,-0.9236771451398784,2010-07-28,9.0,0,True,False
2010-01-08,2009Q4,15,diag4,student_t_ar1,4.305160466324676,4.215065194065186,0.5977233812198074,0.6479519452255916,4.394263592305325,4.300454151697932,-0.08910312598064962,2010-01-28,11.0,0,True,False
2010-01-08,2010Q1,2,diag4,student_t_ar1,2.3028854348570604,2.276769219104456,-0.1790708672659631,0.741887107767245,1.952133820572155,1.9333240882710745,0.3507516142849054,2010-04-28,11.0,0,True,False
2010-01-08,2010Q2,-11,diag4,student_t_ar1,2.9170170904218473,2.8752818207365074,0.060789893216425035,0.774925594294341,3.926881074055233,3.851739929043594,-1.0098639836333856,2010-07-28,11.0,0,True,False
2010-01-15,2009Q4,16,diag4,student_t_ar1,4.319630255930518,4.228936785815098,0.6032825800356088,0.6471346582796018,4.394263592305325,4.300454151697932,-0.07463333637480751,2010-01-28,6.0,0,True,False
2010-01-15,2010Q1,3,diag4,student_t_ar1,2.3235290944842335,2.296946144693148,-0.17098473390351904,0.7387968990343022,1.952133820572155,1.9333240882710745,0.3713952739120785,2010-04-28,6.0,0,True,False
2010-01-15,2010Q2,-10,diag4,student_t_ar1,2.91439855798572,2.872737474016611,0.059770217210437855,0.774786664449158,3.926881074055233,3.851739929043594,-1.0124825160695128,2010-07-28,6.0,0,True,False
2010-01-22,2009Q4,17,diag4,student_t_ar1,4.516490490212655,4.417467670116727,0.6788384850569812,0.6420587460971209,4.394263592305325,4.300454151697932,0.12222689790732932,2010-01-28,6.0,0,True,False
2010-01-22,2010Q1,4,diag4,student_t_ar1,2.8032860424910933,2.764713191597337,0.016478252327832576,0.7113871530646807,1.952133820572155,1.9333240882710745,0.8511522219189382,2010-04-28,6.0,0,True,False
2010-01-22,2010Q2,-9,diag4,student_t_ar1,3.1009683141853817,3.05385969808774,0.13235701703302657,0.7713319941237127,3.926881074055233,3.851739929043594,-0.8259127598698512,2010-07-28,6.0,0,True,False
2010-01-29,2010Q1,5,diag4,student_t_ar1,2.8286615314828234,2.789393684507029,0.02011131067069834,0.7105378029231838,1.952133820572155,1.9333240882710745,0.8765277109106684,2010-04-28,6.0,0,True,False
2010-01-29,2010Q2,-8,diag4,student_t_ar1,3.105565954838574,3.058318956054758,0.12821681614445848,0.7689764828562747,3.926881074055233,3.851739929043594,-0.821315119216659,2010-07-28,6.0,0,True,False
2010-02-05,2010Q1,6,diag4,student_t_ar1,3.2800668748634854,3.227420806038316,0.1961942169436096,0.7019743563218545,1.952133820572155,1.9333240882710745,1.3279330542913304,2010-04-28,14.0,12,False,True
2010-02-05,2010Q2,-7,diag4,student_t_ar1,3.4902922218035037,3.430762735989003,0.27793581748124274,0.76492327088952,3.926881074055233,3.851739929043594,-0.43658885225172916,2010-07-28,14.0,0,True,False
2010-02-12,2010Q1,7,diag4,student_t_ar1,3.278549895018279,3.225951993098969,0.1956037675435192,0.7019673992955483,1.952133820572155,1.9333240882710745,1.326416074446124,2010-04-28,4.0,0,True,False
2010-02-12,2010Q2,-6,diag4,student_t_ar1,3.4902299679960613,3.4307025817225134,0.27791163601496455,0.7649228510834764,3.926881074055233,3.851739929043594,-0.43665110605917157,2010-07-28,4.0,0,True,False
2010-02-19,2010Q1,8,diag4,student_t_ar1,4.386491312759944,4.293008753243945,0.6245508492393808,0.6623354655274472,1.952133820572155,1.9333240882710745,2.4343574921877886,2010-04-28,11.0,0,True,False
2010-02-19,2010Q2,-5,diag4,student_t_ar1,3.7009237042382237,3.634083667385436,0.35966897679165755,0.7602785871680102,3.926881074055233,3.851739929043594,-0.2259573698170092,2010-07-28,11.0,0,True,False
2010-02-26,2010Q1,9,diag4,student_t_ar1,4.400716261152193,4.306635017591786,0.6300284831804551,0.6623341872770068,1.952133820572155,1.9333240882710745,2.4485824405800383,2010-04-28,4.0,0,True,False
2010-02-26,2010Q2,-4,diag4,student_t_ar1,3.701677426693206,3.6348104880240033,0.35996115205681156,0.7602808759286379,3.926881074055233,3.851739929043594,-0.2252036473620267,2010-07-28,4.0,0,True,False
2010-03-05,2010Q1,10,diag4,student_t_ar1,4.128911615857422,4.045948033215739,0.5252346939831425,0.6613020882202554,1.952133820572155,1.9333240882710745,2.1767777952852674,2010-04-28,10.0,8,True,True
2010-03-05,2010Q2,-3,diag4,student_t_ar1,3.3379095532348524,3.283410784144192,0.21870167728664494,0.7546796077807021,3.926881074055233,3.851739929043594,-0.5889715208203805,2010-07-28,10.0,0,True,False
2010-03-12,2010Q1,11,diag4,student_t_ar1,4.116584387352384,4.03410890223234,0.5204754713486744,0.6612934455513177,1.952133820572155,1.9333240882710745,2.1644505667802294,2010-04-28,6.0,0,True,False
2010-03-12,2010Q2,-2,diag4,student_t_ar1,3.3374363378616767,3.2829528530144483,0.2185175931506759,0.7546795053991014,3.926881074055233,3.851739929043594,-0.5894447361935562,2010-07-28,6.0,0,True,False
2010-03-19,2010Q1,12,diag4,student_t_ar1,4.421667866363577,4.326701453830632,0.6380950074612434,0.6437396470095769,1.952133820572155,1.9333240882710745,2.4695340457914217,2010-04-28,12.0,0,True,False
2010-03-19,2010Q2,-1,diag4,student_t_ar1,3.5359543226949564,3.4748751153554354,0.29566859150286184,0.7451484816032341,3.926881074055233,3.851739929043594,-0.39092675136027655,2010-07-28,12.0,0,True,False
2010-03-26,2010Q1,13,diag4,student_t_ar1,4.415785215799706,4.321067741602663,0.6358303065478892,0.643519234691857,1.952133820572155,1.9333240882710745,2.4636513952275507,2010-04-28,4.0,0,True,False
2010-03-26,2010Q2,0,diag4,student_t_ar1,3.5258476620511514,3.465113140375055,0.29174436662952574,0.7429341921682482,3.926881074055233,3.851739929043594,-0.4010334120040815,2010-07-28,4.0,0,True,False
2010-04-02,2010Q1,14,diag4,student_t_ar1,4.515789111773927,4.416796598222881,0.6743124334740564,0.6439010779869665,1.952133820572155,1.9333240882710745,2.563655291201772,2010-04-28,8.0,8,True,True
2010-04-02,2010Q2,1,diag4,student_t_ar1,4.012217675498508,3.933818390234683,0.4801596005815617,0.7413257519458389,3.926881074055233,3.851739929043594,0.08533660144327548,2010-07-28,8.0,0,True,False
2010-04-02,2010Q3,-12,diag4,student_t_ar1,3.785857485113997,3.715952772619845,0.3925796101178359,0.7782173769269192,3.1201978026194954,3.0725090820010665,0.6656596824945016,2010-10-28,8.0,0,True,False
2010-04-09,2010Q1,15,diag4,student_t_ar1,4.556442535336802,4.455685955986897,0.6899456004666301,0.6429223958323443,1.952133820572155,1.9333240882710745,2.604308714764647,2010-04-28,8.0,0,True,False
2010-04-09,2010Q2,2,diag4,student_t_ar1,4.121766006552496,4.039085525598188,0.5224760285347702,0.7342016352901939,3.926881074055233,3.851739929043594,0.19488493249726346,2010-07-28,8.0,0,True,False
2010-04-09,2010Q3,-11,diag4,student_t_ar1,3.8271155124639744,3.755697907326425,0.408556791633166,0.7770588186760593,3.1201978026194954,3.0725090820010665,0.706917709844479,2010-10-28,8.0,0,True,False
2010-04-16,2010Q1,16,diag4,student_t_ar1,4.660415750917979,4.555078734362767,0.7299005905087537,0.6426807206370179,1.952133820572155,1.9333240882710745,2.708281930345824,2010-04-28,8.0,0,True,False
2010-04-16,2010Q2,3,diag4,student_t_ar1,4.462805185580576,4.366089081975312,0.653928474600599,0.7297414286552112,3.926881074055233,3.851739929043594,0.5359241115253432,2010-07-28,8.0,0,True,False
2010-04-16,2010Q3,-10,diag4,student_t_ar1,3.974186913138289,3.8972479587593334,0.4654586207990256,0.77510522812092,3.1201978026194954,3.0725090820010665,0.8539891105187936,2010-10-28,8.0,0,True,False
2010-04-23,2010Q1,17,diag4,student_t_ar1,4.633227738454049,4.529098000152615,0.7194565724058679,0.6393790676264248,1.952133820572155,1.9333240882710745,2.6810939178818938,2010-04-28,4.0,0,True,False
2010-04-23,2010Q2,4,diag4,student_t_ar1,4.338451107141217,4.246976682605858,0.6060463768419214,0.7113279203361733,3.926881074055233,3.851739929043594,0.41157003308598394,2010-07-28,4.0,0,True,False
2010-04-23,2010Q3,-9,diag4,student_t_ar1,3.9362754612365825,3.8607789404242876,0.45079840817359296,0.7731080349270335,3.1201978026194954,3.0725090820010665,0.816077658617087,2010-10-28,4.0,0,True,False
2010-04-30,2010Q2,5,diag4,student_t_ar1,4.39329422385395,4.299525582523101,0.6332220593749104,0.7123103505239786,3.926881074055233,3.851739929043594,0.46641314979871673,2010-07-28,10.0,0,True,False
2010-04-30,2010Q3,-8,diag4,student_t_ar1,3.6732000816679156,3.607345883298052,0.3537170657035885,0.7711701286332323,3.1201978026194954,3.0725090820010665,0.5530022790484201,2010-10-28,10.0,0,True,False
2010-05-07,2010Q2,6,diag4,student_t_ar1,4.683609065388783,4.577236820399436,0.7453629931121803,0.7027627401798401,3.926881074055233,3.851739929043594,0.7567279913335501,2010-07-28,13.0,11,False,True
2010-05-07,2010Q3,-7,diag4,student_t_ar1,3.8471428236775296,3.7749851424763925,0.4214104842308381,0.76958812507788,3.1201978026194954,3.0725090820010665,0.7269450210580342,2010-10-28,13.0,0,True,False
2010-05-14,2010Q2,7,diag4,student_t_ar1,4.773474321784454,4.66304462451512,0.7800125353815595,0.7027586086215122,3.926881074055233,3.851739929043594,0.8465932477292215,2010-07-28,6.0,0,True,False
2010-05-14,2010Q3,-6,diag4,student_t_ar1,3.85146230567448,3.7791445175428753,0.42309005689518464,0.769582930837112,3.1201978026194954,3.0725090820010665,0.7312645030549847,2010-10-28,6.0,0,True,False
2010-05-21,2010Q2,8,diag4,student_t_ar1,4.306498778442092,4.2163482595681225,0.5996347161573075,0.66994771765921,3.926881074055233,3.851739929043594,0.3796177043868587,2010-07-28,6.0,0,True,False
2010-05-21,2010Q3,-5,diag4,student_t_ar1,3.7468857670950317,3.678395596950761,0.38240723068109805,0.764681610674776,3.1201978026194954,3.0725090820010665,0.6266879644755363,2010-10-28,6.0,0,True,False
2010-05-28,2010Q2,9,diag4,student_t_ar1,4.318532801663455,4.227884769011458,0.6042932058566711,0.6699621934103165,3.926881074055233,3.851739929043594,0.3916517276082221,2010-07-28,4.0,0,True,False
2010-05-28,2010Q3,-4,diag4,student_t_ar1,3.747596081279725,3.6790802553362356,0.3826836985375135,0.7646859300884941,3.1201978026194954,3.0725090820010665,0.6273982786602295,2010-10-28,4.0,0,True,False
2010-06-04,2010Q2,10,diag4,student_t_ar1,4.373442621905732,4.280507608387962,0.6255425236326246,0.6676140525705521,3.926881074055233,3.851739929043594,0.4465615478504992,2010-07-28,12.0,11,False,True
2010-06-04,2010Q3,-3,diag4,student_t_ar1,3.862606292443993,3.78987463982628,0.4274229241611176,0.7590929869678518,3.1201978026194954,3.0725090820010665,0.7424084898244976,2010-10-28,12.0,0,True,False
2010-06-11,2010Q2,11,diag4,student_t_ar1,4.168663243028736,4.084116146964382,0.5462388482377003,0.6678958888356048,3.926881074055233,3.851739929043594,0.24178216897350335,2010-07-28,5.0,0,True,False
2010-06-11,2010Q3,-2,diag4,student_t_ar1,3.630039094676918,3.565705446046694,0.3369024868255278,0.7575362638216441,3.1201978026194954,3.0725090820010665,0.5098412920574225,2010-10-28,5.0,0,True,False
2010-06-18,2010Q2,12,diag4,student_t_ar1,5.043640722410059,4.920570374861593,0.8840024866924409,0.6519017047623239,3.926881074055233,3.851739929043594,1.1167596483548259,2010-07-28,11.0,0,True,False
2010-06-18,2010Q3,-1,diag4,student_t_ar1,4.174601637597286,4.08981673399661,0.5485407685976152,0.748508608892881,3.1201978026194954,3.0725090820010665,1.0544038349777907,2010-10-28,11.0,0,True,False
2010-06-25,2010Q2,13,diag4,student_t_ar1,5.010470327300598,4.888987660084521,0.8712492572871694,0.6518563139060564,3.926881074055233,3.851739929043594,1.083589253245365,2010-07-28,0.0,0,True,False
2010-06-25,2010Q3,0,diag4,student_t_ar1,4.037549339037239,3.958169932682827,0.4953812517709085,0.7471501951418281,3.1201978026194954,3.0725090820010665,0.9173515364177431,2010-10-28,0.0,0,True,False
2010-07-02,2010Q2,14,diag4,student_t_ar1,4.916900244740119,4.799842458577848,0.8352520603008272,0.6523445987462413,3.926881074055233,3.851739929043594,0.990019170684886,2010-07-28,11.0,93,True,True
2010-07-02,2010Q3,1,diag4,student_t_ar1,3.5997555083095323,3.5364783876104418,0.3251004810856859,0.748572419854784,3.1201978026194954,3.0725090820010665,0.47955770569003686,2010-10-28,11.0,0,True,False
2010-07-02,2010Q4,-12,diag4,student_t_ar1,3.821892051831255,3.7506668593141015,0.4115906620242876,0.7806660326762206,2.117043484228409,2.094945457780796,1.7048485676028458,2011-01-28,11.0,0,True,False
2010-07-09,2010Q2,15,diag4,student_t_ar1,4.885783968778257,4.77018003904621,0.823274253969973,0.6513313693796964,3.926881074055233,3.851739929043594,0.9589028947230238,2010-07-28,9.0,0,True,False
2010-07-09,2010Q3,2,diag4,student_t_ar1,3.4909409836720195,3.4313896158838175,0.28266520523280786,0.7407805582042183,3.1201978026194954,3.0725090820010665,0.37074318105252413,2010-10-28,9.0,0,True,False
2010-07-09,2010Q4,-11,diag4,student_t_ar1,3.7613942988687032,3.6923791659849257,0.3880538530520987,0.7796450355550335,2.117043484228409,2.094945457780796,1.644350814640294,2011-01-28,9.0,0,True,False
2010-07-16,2010Q2,16,diag4,student_t_ar1,4.812282083348163,4.700077448379532,0.794966541128105,0.6516318461324356,3.926881074055233,3.851739929043594,0.8854010092929299,2010-07-28,8.0,0,True,False
2010-07-16,2010Q3,3,diag4,student_t_ar1,3.310174082854944,3.256567592512872,0.2120713571459446,0.7417678426721511,3.1201978026194954,3.0725090820010665,0.18997628023544877,2010-10-28,8.0,0,True,False
2010-07-16,2010Q4,-10,diag4,student_t_ar1,3.754933926203319,3.6861527907182343,0.3855396172525509,0.7796226732026672,2.117043484228409,2.094945457780796,1.6378904419749096,2011-01-28,8.0,0,True,False
2010-07-23,2010Q2,17,diag4,student_t_ar1,4.915058647377202,4.798087151738313,0.8345432602195408,0.6467959403344613,3.926881074055233,3.851739929043594,0.9881775733219689,2010-07-28,4.0,0,True,False
2010-07-23,2010Q3,4,diag4,student_t_ar1,3.22254656731098,3.1717117686742604,0.17780622840619725,0.7208903662393262,3.1201978026194954,3.0725090820010665,0.10234876469148446,2010-10-28,4.0,0,True,False
2010-07-23,2010Q4,-9,diag4,student_t_ar1,3.480799214470176,3.42158946712897,0.27870786508144485,0.7763884316320477,2.117043484228409,2.094945457780796,1.3637557302417669,2011-01-28,4.0,0,True,False
2010-07-30,2010Q3,5,diag4,student_t_ar1,3.2552414420188747,3.203380913618481,0.1868982102306331,0.7201730755532567,3.1201978026194954,3.0725090820010665,0.13504363939937924,2010-10-28,10.0,0,True,False
2010-07-30,2010Q4,-8,diag4,student_t_ar1,3.393798231190681,3.3374795865706384,0.24126281667865687,0.7737276309034415,2.117043484228409,2.094945457780796,1.276754746962272,2011-01-28,10.0,0,True,False
2010-08-06,2010Q3,6,diag4,student_t_ar1,3.3361820983178747,3.2817391136380225,0.21866521144143344,0.7009087107197762,3.1201978026194954,3.0725090820010665,0.2159842956983793,2010-10-28,11.0,5,True,True
2010-08-06,2010Q4,-7,diag4,student_t_ar1,3.5212711532437657,3.4606923990150023,0.29121421373895306,0.7674625478421531,2.117043484228409,2.094945457780796,1.4042276690153566,2011-01-28,11.0,0,True,False
2010-08-13,2010Q3,7,diag4,student_t_ar1,3.340830827458663,3.286237658566424,0.22048895525065484,0.6994920593815026,3.1201978026194954,3.0725090820010665,0.22063302483916747,2010-10-28,6.0,0,True,False
2010-08-13,2010Q4,-6,diag4,student_t_ar1,3.5187716143442183,3.4582778526632425,0.29023533856238243,0.7674360316698762,2.117043484228409,2.094945457780796,1.401728130115809,2011-01-28,6.0,0,True,False
2010-08-20,2010Q3,8,diag4,student_t_ar1,3.4196867027780575,3.3625151607556187,0.2514124259760758,0.6682077334339002,3.1201978026194954,3.0725090820010665,0.2994889001585621,2010-10-28,8.0,0,True,False
2010-08-20,2010Q4,-5,diag4,student_t_ar1,3.3632141781655633,3.307895048767736,0.229269023457636,0.7628918674446463,2.117043484228409,2.094945457780796,1.2461706939371542,2011-01-28,8.0,0,True,False
2010-08-27,2010Q3,9,diag4,student_t_ar1,3.424959567979946,3.3676135428487424,0.2534793482648088,0.6682077727821111,3.1201978026194954,3.0725090820010665,0.30476176536045063,2010-10-28,4.0,0,True,False
2010-08-27,2010Q4,-4,diag4,student_t_ar1,3.3633987009902278,3.308073567461685,0.2293413962733136,0.7628943340671999,2.117043484228409,2.094945457780796,1.2463552167618186,2011-01-28,4.0,0,True,False
2010-09-03,2010Q3,10,diag4,student_t_ar1,3.5378580209193267,3.476713781677232,0.29770940227445825,0.6638600991779199,3.1201978026194954,3.0725090820010665,0.41766021829983124,2010-10-28,9.0,54,True,True
2010-09-03,2010Q4,-3,diag4,student_t_ar1,3.49394505448557,3.4342923117001742,0.28051142059814294,0.7555407772849104,2.117043484228409,2.094945457780796,1.3769015702571608,2011-01-28,9.0,0,True,False
2010-09-10,2010Q3,11,diag4,student_t_ar1,3.5665574974608205,3.504428764627632,0.3089452639548325,0.6605839264177541,3.1201978026194954,3.0725090820010665,0.4463596948413251,2010-10-28,7.0,0,True,False
2010-09-10,2010Q4,-2,diag4,student_t_ar1,3.5247430755427356,3.464046167801372,0.2925738567255298,0.7529234277802737,2.117043484228409,2.094945457780796,1.4076995913143264,2011-01-28,7.0,0,True,False
2010-09-17,2010Q3,12,diag4,student_t_ar1,3.5188338593776347,3.4583379818685396,0.29025971539259293,0.6475789980465532,3.1201978026194954,3.0725090820010665,0.3986360567581393,2010-10-28,10.0,0,True,False
2010-09-17,2010Q4,-1,diag4,student_t_ar1,3.4323201544009363,3.37473012722419,0.2563644648756448,0.744570455807484,2.117043484228409,2.094945457780796,1.3152766701725271,2011-01-28,10.0,0,True,False
2010-09-24,2010Q3,13,diag4,student_t_ar1,3.4982039912184515,3.438407382492115,0.28217970112012414,0.6474173268164091,3.1201978026194954,3.0725090820010665,0.37800618859895607,2010-10-28,2.0,0,True,False
2010-09-24,2010Q4,0,diag4,student_t_ar1,3.3573658739964873,3.3022368756248808,0.22697515768436433,0.7423886223377951,2.117043484228409,2.094945457780796,1.2403223897680782,2011-01-28,2.0,0,True,False
2010-10-01,2010Q3,14,diag4,student_t_ar1,3.468190683194461,3.409404308556753,0.27042163770631666,0.6468514388007206,3.1201978026194954,3.0725090820010665,0.34799288057496547,2010-10-28,11.0,53,True,True
2010-10-01,2010Q4,1,diag4,student_t_ar1,3.1865720995978286,3.1368543279664594,0.15992783410623082,0.7372769243516584,2.117043484228409,2.094945457780796,1.0695286153694195,2011-01-28,11.0,0,True,False
2010-10-01,2011Q1,-13,diag4,student_t_ar1,3.0849436395575136,3.03831578967199,0.11997957260290042,0.7760987370670358,-0.9454489541211974,-0.9499466944201232,4.030392593678711,2011-04-28,11.0,0,True,False
2010-10-08,2010Q3,15,diag4,student_t_ar1,3.45100790963051,3.3927961120043855,0.2636885504243641,0.6460787654255287,3.1201978026194954,3.0725090820010665,0.33081010701101476,2010-10-28,9.0,0,True,False
2010-10-08,2010Q4,2,diag4,student_t_ar1,3.1160340186381585,3.0684712037435724,0.13220480333925289,0.7320884733459467,2.117043484228409,2.094945457780796,0.9989905344097494,2011-01-28,9.0,0,True,False
2010-10-08,2011Q1,-12,diag4,student_t_ar1,3.0616893693418357,3.0157548872940056,0.11083321379195991,0.7749022321527137,-0.9454489541211974,-0.9499466944201232,4.007138323463034,2011-04-28,9.0,0,True,False
2010-10-15,2010Q3,16,diag4,student_t_ar1,3.47067211251888,3.411802533125123,0.27139389590964674,0.6457563240922314,3.1201978026194954,3.0725090820010665,0.35047430989938455,2010-10-28,6.0,0,True,False
2010-10-15,2010Q4,3,diag4,student_t_ar1,3.1618231869751323,3.1128668259488244,0.1502031211157811,0.7308209135451004,2.117043484228409,2.094945457780796,1.0447797027467232,2011-01-28,6.0,0,True,False
2010-10-15,2011Q1,-11,diag4,student_t_ar1,3.068598356880625,3.0224584024519023,0.1135508690480074,0.7748074885518615,-0.9454489541211974,-0.9499466944201232,4.014047311001823,2011-04-28,6.0,0,True,False
2010-10-22,2010Q3,17,diag4,student_t_ar1,3.5099754156677765,3.44978029007069,0.2867903630384533,0.6430152932273294,3.1201978026194954,3.0725090820010665,0.38977761304828107,2010-10-28,6.0,0,True,False
2010-10-22,2010Q4,4,diag4,student_t_ar1,3.1932860378155237,3.1433607169916917,0.1625655729515711,0.7116992150236948,2.117043484228409,2.094945457780796,1.0762425535871145,2011-01-28,6.0,0,True,False
2010-10-22,2011Q1,-10,diag4,student_t_ar1,3.0414706640585765,2.9961349015113075,0.1028791245969628,0.7711687515778165,-0.9454489541211974,-0.9499466944201232,3.986919618179774,2011-04-28,6.0,0,True,False
2010-10-29,2010Q4,5,diag4,student_t_ar1,3.219880758913729,3.169129151881851,0.17254567213866387,0.7107761729438673,2.117043484228409,2.094945457780796,1.10283727468532,2011-01-28,6.0,0,True,False
2010-10-29,2011Q1,-9,diag4,student_t_ar1,3.0097021349531072,2.965299329040996,0.0895107547613642,0.7686648336403443,-0.9454489541211974,-0.9499466944201232,3.9551510890743047,2011-04-28,6.0,0,True,False
2010-11-05,2010Q4,6,diag4,student_t_ar1,3.84814704586649,3.775952157365954,0.41974942976719487,0.7056380890155931,2.117043484228409,2.094945457780796,1.731103561638081,2011-01-28,14.0,2,True,True
2010-11-05,2011Q1,-8,diag4,student_t_ar1,3.4658715168863763,3.40716285416928,0.26951435182927763,0.7651104188000376,-0.9454489541211974,-0.9499466944201232,4.411320471007574,2011-04-28,14.0,0,True,False
2010-11-12,2010Q4,7,diag4,student_t_ar1,3.8493947511898607,3.777153621102687,0.4202388745438277,0.7056440235715586,2.117043484228409,2.094945457780796,1.7323512669614516,2011-01-28,4.0,0,True,False
2010-11-12,2011Q1,-7,diag4,student_t_ar1,3.4661945232645985,3.4074750400807363,0.2696415281717914,0.7651109409254181,-0.9454489541211974,-0.9499466944201232,4.411643477385796,2011-04-28,4.0,0,True,False
2010-11-19,2010Q4,8,diag4,student_t_ar1,2.64523142442159,2.6108501691724677,-0.05488252534817129,0.6655054688119268,2.117043484228409,2.094945457780796,0.528187940193181,2011-01-28,11.0,0,True,False
2010-11-19,2011Q1,-6,diag4,student_t_ar1,3.286692521742496,3.233835823537396,0.19890547101300854,0.7612927264521049,-0.9454489541211974,-0.9499466944201232,4.232141475863694,2011-04-28,11.0,0,True,False
2010-11-26,2010Q4,9,diag4,student_t_ar1,2.6458786964925096,2.611480758651521,-0.05462563975330382,0.6654976294263794,2.117043484228409,2.094945457780796,0.5288352122641005,2011-01-28,4.0,0,True,False
2010-11-26,2011Q1,-5,diag4,student_t_ar1,3.286771311195036,3.2339121057965787,0.19893654640227332,0.7612926818335847,-0.9454489541211974,-0.9499466944201232,4.232220265316233,2011-04-28,4.0,0,True,False
2010-12-03,2010Q4,10,diag4,student_t_ar1,2.756718531617297,2.7194052419629555,-0.010660039283986787,0.6638462232552205,2.117043484228409,2.094945457780796,0.6396750473888879,2011-01-28,9.0,11,False,True
2010-12-03,2011Q1,-4,diag4,student_t_ar1,3.467177610498773,3.408425188646946,0.27002859374733756,0.756225940825878,-0.9454489541211974,-0.9499466944201232,4.41262656461997,2011-04-28,9.0,0,True,False
2010-12-10,2010Q4,11,diag4,student_t_ar1,2.6719314749936496,2.636858760315587,-0.044287308286362376,0.6614946878399173,2.117043484228409,2.094945457780796,0.5548879907652404,2011-01-28,7.0,0,True,False
2010-12-10,2011Q1,-3,diag4,student_t_ar1,3.3470304779956717,3.2922367051477917,0.22269645660919798,0.7539580942981641,-0.9454489541211974,-0.9499466944201232,4.292479432116869,2011-04-28,7.0,0,True,False
2010-12-17,2010Q4,12,diag4,student_t_ar1,2.4580050244012552,2.4282821558482475,-0.12925593985067277,0.6471822736902806,2.117043484228409,2.094945457780796,0.3409615401728461,2011-01-28,10.0,0,True,False
2010-12-17,2011Q1,-2,diag4,student_t_ar1,3.32322767315838,3.269202132921014,0.21331277675796612,0.7460027860442956,-0.9454489541211974,-0.9499466944201232,4.268676627279577,2011-04-28,10.0,0,True,False
2010-12-24,2010Q4,13,diag4,student_t_ar1,2.4456341084906574,2.4162072937540673,-0.1341749215892547,0.646949504060788,2.117043484228409,2.094945457780796,0.3285906242622483,2011-01-28,2.0,0,True,False
2010-12-24,2011Q1,-1,diag4,student_t_ar1,3.2727747379400984,3.2203600104864654,0.19341577864277262,0.743356372012914,-0.9454489541211974,-0.9499466944201232,4.218223692061295,2011-04-28,2.0,0,True,False
2010-12-31,2010Q4,14,diag4,student_t_ar1,2.446952846309758,2.4174945417104023,-0.1336505305741978,0.6469338279301655,2.117043484228409,2.094945457780796,0.3299093620813487,2011-01-28,8.0,0,True,False
2010-12-31,2011Q1,0,diag4,student_t_ar1,3.264600975515508,3.2124449661506698,0.19019139742465418,0.7433313597633343,-0.9454489541211974,-0.9499466944201232,4.210049929636705,2011-04-28,8.0,0,True,False
2011-01-07,2010Q4,15,diag4,student_t_ar1,2.4321165493526475,2.4030115620416517,-0.13955051617694625,0.6458296982607521,2.117043484228409,2.094945457780796,0.3150730651242384,2011-01-28,12.0,35,True,True
2011-01-07,2011Q1,1,diag4,student_t_ar1,3.239562291467757,3.188194913488935,0.18031256276200291,0.7355436642183883,-0.9454489541211974,-0.9499466944201232,4.185011245588955,2011-04-28,12.0,0,True,False
2011-01-07,2011Q2,-11,diag4,student_t_ar1,3.347860179052864,3.293039532014525,0.22302350719295652,0.7767602377545698,2.7339190839842376,2.6972149874665394,0.6139410950686264,2011-07-28,12.0,0,True,False
2011-01-14,2010Q4,16,diag4,student_t_ar1,2.443834694261704,2.414450820627835,-0.1348904626169581,0.6455665812079563,2.117043484228409,2.094945457780796,0.3267912100332948,2011-01-28,6.0,0,True,False
2011-01-14,2011Q1,2,diag4,student_t_ar1,3.2747524134465467,3.2222749939614896,0.19419589262418777,0.7344501485067793,-0.9454489541211974,-0.9499466944201232,4.2202013675677446,2011-04-28,6.0,0,True,False
2011-01-14,2011Q2,-10,diag4,student_t_ar1,3.3430138430510237,3.2883500787180022,0.22111314706216484,0.7766758092954451,2.7339190839842376,2.6972149874665394,0.6090947590667861,2011-07-28,6.0,0,True,False
2011-01-21,2010Q4,17,diag4,student_t_ar1,2.70689230986223,2.6709039793522806,-0.03041818005770703,0.6425422810660418,2.117043484228409,2.094945457780796,0.5898488256338208,2011-01-28,6.0,0,True,False
2011-01-21,2011Q1,3,diag4,student_t_ar1,3.8982922739102976,3.824227573475965,0.4394155666071377,0.714155051625376,-0.9454489541211974,-0.9499466944201232,4.8437412280314955,2011-04-28,6.0,0,True,False
2011-01-21,2011Q2,-9,diag4,student_t_ar1,3.4546028479348845,3.3962710668802565,0.2650773236994866,0.7736451585490112,2.7339190839842376,2.6972149874665394,0.7206837639506469,2011-07-28,6.0,0,True,False
2011-01-28,2011Q1,4,diag4,student_t_ar1,3.8939417219631123,3.8200401677542306,0.44226032686916117,0.7132410118400933,-0.9454489541211974,-0.9499466944201232,4.83939067608431,2011-04-28,6.0,0,True,False
2011-01-28,2011Q2,-8,diag4,student_t_ar1,3.388805675572759,3.3326507900233664,0.2428077970027507,0.7711703369130586,2.7339190839842376,2.6972149874665394,0.6548865915885216,2011-07-28,6.0,0,True,False
2011-02-04,2011Q1,5,diag4,student_t_ar1,4.748066607855694,4.638791543957793,0.7773148864816213,0.7356008387194065,-0.9454489541211974,-0.9499466944201232,5.693515561976891,2011-04-28,13.0,11,False,True
2011-02-04,2011Q2,-7,diag4,student_t_ar1,4.078289432698812,3.9973212960989146,0.5148084191368683,0.7717478320811484,2.7339190839842376,2.6972149874665394,1.3443703487145742,2011-07-28,13.0,0,True,False
2011-02-11,2011Q1,6,diag4,student_t_ar1,4.452718612542017,4.356432956032124,0.6617663389250921,0.7364636773374552,-0.9454489541211974,-0.9499466944201232,5.398167566663215,2011-04-28,5.0,0,True,False
2011-02-11,2011Q2,-6,diag4,student_t_ar1,3.9433132630272594,3.8675499772889985,0.46170258830969124,0.7707274320138168,2.7339190839842376,2.6972149874665394,1.2093941790430218,2011-07-28,5.0,0,True,False
2011-02-18,2011Q1,7,diag4,student_t_ar1,3.4377911638791225,3.380019445671013,0.2621922945666491,0.6666145162089399,-0.9454489541211974,-0.9499466944201232,4.3832401180003195,2011-04-28,11.0,0,True,False
2011-02-18,2011Q2,-5,diag4,student_t_ar1,3.9719008099452946,3.895049212711146,0.47295599744198463,0.7665581267049487,2.7339190839842376,2.6972149874665394,1.237981725961057,2011-07-28,11.0,0,True,False
2011-02-25,2011Q1,8,diag4,student_t_ar1,3.4377911638791225,3.380019445671013,0.2621922945666491,0.6666145162089399,-0.9454489541211974,-0.9499466944201232,4.3832401180003195,2011-04-28,0.0,0,True,False
2011-02-25,2011Q2,-4,diag4,student_t_ar1,3.9719008099452946,3.895049212711146,0.47295599744198463,0.7665581267049487,2.7339190839842376,2.6972149874665394,1.237981725961057,2011-07-28,0.0,0,True,False
2011-03-04,2011Q1,9,diag4,student_t_ar1,3.686729763622121,3.6203953494929104,0.3605604255247203,0.6695734900402542,-0.9454489541211974,-0.9499466944201232,4.632178717743319,2011-04-28,12.0,9,True,True
2011-03-04,2011Q2,-3,diag4,student_t_ar1,4.383787403051187,4.290418432700676,0.634751462754251,0.7616934419335405,2.7339190839842376,2.6972149874665394,1.6498683190669494,2011-07-28,12.0,0,True,False
2011-03-11,2011Q1,10,diag4,student_t_ar1,3.751333566950499,3.682682669746289,0.3860500323376036,0.6658475275371137,-0.9454489541211974,-0.9499466944201232,4.696782521071697,2011-04-28,8.0,0,True,False
2011-03-11,2011Q2,-2,diag4,student_t_ar1,4.4519085291397476,4.355657402696286,0.6614489621377697,0.7588225503789942,2.7339190839842376,2.6972149874665394,1.71798944515551,2011-07-28,8.0,0,True,False
2011-03-18,2011Q1,11,diag4,student_t_ar1,2.5953283678406436,2.5622213234756317,-0.0724721684778016,0.6466129387470161,-0.9454489541211974,-0.9499466944201232,3.540777321961841,2011-04-28,12.0,0,True,False
2011-03-18,2011Q2,-1,diag4,student_t_ar1,3.6554927051671404,3.5902644303589426,0.3482300623222036,0.749020793130781,2.7339190839842376,2.6972149874665394,0.9215736211829029,2011-07-28,12.0,0,True,False
2011-03-25,2011Q1,12,diag4,student_t_ar1,2.640725115779574,2.606459894534424,-0.05436858370861646,0.6465521264531432,-0.9454489541211974,-0.9499466944201232,3.5861740699007716,2011-04-28,0.0,0,True,False
2011-03-25,2011Q2,0,diag4,student_t_ar1,3.8648906727521304,3.792074040812275,0.43081585346863827,0.7475681529098921,2.7339190839842376,2.6972149874665394,1.1309715887678928,2011-07-28,0.0,0,True,False
2011-04-01,2011Q1,13,diag4,student_t_ar1,2.665219454884893,2.630321199936714,-0.04460391105497932,0.6468266207680854,-0.9454489541211974,-0.9499466944201232,3.6106684090060903,2011-04-28,11.0,13,False,True
2011-04-01,2011Q2,1,diag4,student_t_ar1,3.961993897197158,3.8855203066426087,0.4690565188955346,0.7456974673770465,2.7339190839842376,2.6972149874665394,1.2280748132129204,2011-07-28,11.0,0,True,False
2011-04-01,2011Q3,-12,diag4,student_t_ar1,4.100529972807099,4.018688061705899,0.5235522606116589,0.7817049689261186,-0.08922107662069356,-0.0892609023136356,4.189751049427793,2011-10-28,11.0,0,True,False
2011-04-08,2011Q1,14,diag4,student_t_ar1,2.608188495741093,2.574755346394791,-0.06734291721617404,0.6458444674182372,-0.9454489541211974,-0.9499466944201232,3.5536374498622902,2011-04-28,9.0,0,True,False
2011-04-08,2011Q2,2,diag4,student_t_ar1,3.7404345915522885,3.672177216440889,0.3817509250223996,0.739133178239937,2.7339190839842376,2.6972149874665394,1.006515507568051,2011-07-28,9.0,0,True,False
2011-04-08,2011Q3,-11,diag4,student_t_ar1,3.935025642964596,3.8595764480500425,0.45843961079861445,0.7796376107313603,-0.08922107662069356,-0.0892609023136356,4.024246719585289,2011-10-28,9.0,0,True,False
2011-04-15,2011Q1,15,diag4,student_t_ar1,2.634060783428316,2.599966810325942,-0.05702572424386319,0.6468362754788857,-0.9454489541211974,-0.9499466944201232,3.5795097375495133,2011-04-28,6.0,0,True,False
2011-04-15,2011Q2,3,diag4,student_t_ar1,3.848871487379868,3.776649751889452,0.42450382947383913,0.743074043106742,2.7339190839842376,2.6972149874665394,1.1149524033956304,2011-07-28,6.0,0,True,False
2011-04-15,2011Q3,-10,diag4,student_t_ar1,3.9400468222892115,3.8644074066311265,0.4604165658877118,0.7798844622568939,-0.08922107662069356,-0.0892609023136356,4.0292678989099056,2011-10-28,6.0,0,True,False
2011-04-22,2011Q1,16,diag4,student_t_ar1,2.8145751218928927,2.7756938324319393,0.014886386947624246,0.6423472585054659,-0.9454489541211974,-0.9499466944201232,3.76002407601409,2011-04-28,6.0,0,True,False
2011-04-22,2011Q2,4,diag4,student_t_ar1,4.125516361831294,4.042687354382256,0.533373401280726,0.7190076328688636,2.7339190839842376,2.6972149874665394,1.3915972778470564,2011-07-28,6.0,0,True,False
2011-04-22,2011Q3,-9,diag4,student_t_ar1,3.8913710178235528,3.817565782913654,0.4412477436269622,0.7772779132030019,-0.08922107662069356,-0.0892609023136356,3.9805920944442463,2011-10-28,6.0,0,True,False
2011-04-29,2011Q2,5,diag4,student_t_ar1,4.271241282665161,4.182540724686957,0.6013585506864415,0.7224123143749651,2.7339190839842376,2.6972149874665394,1.5373221986809238,2011-07-28,6.0,0,True,False
2011-04-29,2011Q3,-8,diag4,student_t_ar1,3.5018142624239967,3.4418955669245204,0.30008321516944114,0.7756684660831057,-0.08922107662069356,-0.0892609023136356,3.5910353390446903,2011-10-28,6.0,0,True,False
2011-05-06,2011Q2,6,diag4,student_t_ar1,4.308742772947705,4.218499583209679,0.6159856863028691,0.7170019295317611,2.7339190839842376,2.6972149874665394,1.574823688963467,2011-07-28,14.0,11,False,True
2011-05-06,2011Q3,-7,diag4,student_t_ar1,3.46657341880654,3.407841241669502,0.2862307945338884,0.7764084000651716,-0.08922107662069356,-0.0892609023136356,3.5557944954272336,2011-10-28,14.0,0,True,False
2011-05-13,2011Q2,7,diag4,student_t_ar1,4.318669411257892,4.228015723216163,0.6198566064638019,0.7175869239567194,2.7339190839842376,2.6972149874665394,1.584750327273654,2011-07-28,6.0,0,True,False
2011-05-13,2011Q3,-6,diag4,student_t_ar1,3.464170624804508,3.4055189245935655,0.2852861358820403,0.7764330598501855,-0.08922107662069356,-0.0892609023136356,3.5533917014252014,2011-10-28,6.0,0,True,False
2011-05-20,2011Q2,8,diag4,student_t_ar1,3.02805244319142,2.983111897736864,0.11346185888891305,0.6801823129924713,2.7339190839842376,2.6972149874665394,0.29413335920718264,2011-07-28,9.0,0,True,False
2011-05-20,2011Q3,-5,diag4,student_t_ar1,3.068378025229279,3.022244630371589,0.12938004458237218,0.7734072820808293,-0.08922107662069356,-0.0892609023136356,3.1575991018499727,2011-10-28,9.0,0,True,False
2011-05-27,2011Q2,9,diag4,student_t_ar1,3.0225534855168767,2.9777744150819867,0.11129070869531368,0.6801600137265973,2.7339190839842376,2.6972149874665394,0.2886344015326392,2011-07-28,4.0,0,True,False
2011-05-27,2011Q3,-4,diag4,student_t_ar1,3.0680424372331316,3.0219190324055636,0.12924759973286526,0.7734052046330393,-0.08922107662069356,-0.0892609023136356,3.157263513853825,2011-10-28,4.0,0,True,False
2011-06-03,2011Q2,10,diag4,student_t_ar1,2.8401750672953696,2.8005898735018917,0.039216609980837015,0.6831670453082817,2.7339190839842376,2.6972149874665394,0.10625598331113206,2011-07-28,9.0,5,True,True
2011-06-03,2011Q3,-3,diag4,student_t_ar1,2.7712605791626155,2.7335561596458153,0.011949025198465812,0.7719785786709337,-0.08922107662069356,-0.0892609023136356,2.860481655783309,2011-10-28,9.0,0,True,False
2011-06-10,2011Q2,11,diag4,student_t_ar1,2.7503987152929454,2.7132547821531023,0.00369094877486183,0.6808097026764905,2.7339190839842376,2.6972149874665394,0.016479631308707887,2011-07-28,7.0,0,True,False
2011-06-10,2011Q3,-2,diag4,student_t_ar1,2.64375171876039,2.609408586055279,-0.03855100372241092,0.7691021827858074,-0.08922107662069356,-0.0892609023136356,2.7329727953810834,2011-10-28,7.0,0,True,False
2011-06-17,2011Q2,12,diag4,student_t_ar1,2.7340028981194253,2.6972965711360204,-0.002800439615426625,0.6606645292771258,2.7339190839842376,2.6972149874665394,8.381413518776526e-05,2011-07-28,10.0,0,True,False
2011-06-17,2011Q3,-1,diag4,student_t_ar1,2.4800053712187076,2.4497524012746634,-0.10349501926483418,0.7599599305509025,-0.08922107662069356,-0.0892609023136356,2.569226447839401,2011-10-28,10.0,0,True,False
2011-06-24,2011Q2,13,diag4,student_t_ar1,2.707347845348429,2.671347507985787,-0.013355848808348005,0.660743761865335,2.7339190839842376,2.6972149874665394,-0.02657123863580857,2011-07-28,2.0,0,True,False
2011-06-24,2011Q3,0,diag4,student_t_ar1,2.3644982692866856,2.3369769915162037,-0.14936914543301624,0.7591934573343283,-0.08922107662069356,-0.0892609023136356,2.453719345907379,2011-10-28,2.0,0,True,False
2011-07-01,2011Q2,14,diag4,student_t_ar1,2.8087676090334357,2.770045142177351,0.026791801580173226,0.6599571060488771,2.7339190839842376,2.6972149874665394,0.07484852504919814,2011-07-28,11.0,12,False,True
2011-07-01,2011Q3,1,diag4,student_t_ar1,2.810387280029114,2.7716205508464395,0.027432637168419077,0.754440597640912,-0.08922107662069356,-0.0892609023136356,2.8996083566498077,2011-10-28,11.0,0,True,False
2011-07-01,2011Q4,-13,diag4,student_t_ar1,3.258661364953097,3.2066929646601396,0.20440886670579855,0.7888441533183106,4.568438742179692,4.467158724585995,-1.3097773772265953,2012-01-28,11.0,0,True,False
2011-07-08,2011Q2,15,diag4,student_t_ar1,2.820050296062737,2.781018980528978,0.03125567580745379,0.6591299950314928,2.7339190839842376,2.6972149874665394,0.08613121207849961,2011-07-28,9.0,0,True,False
2011-07-08,2011Q3,2,diag4,student_t_ar1,2.8034698843699246,2.7648920202335816,0.024695644565849016,0.7483561961259018,-0.08922107662069356,-0.0892609023136356,2.892690960990618,2011-10-28,9.0,0,True,False
2011-07-08,2011Q4,-12,diag4,student_t_ar1,3.2545398247229906,3.202701413314352,0.2027852066327772,0.7864614533287464,4.568438742179692,4.467158724585995,-1.3138989174567017,2012-01-28,9.0,0,True,False
2011-07-15,2011Q2,16,diag4,student_t_ar1,2.834856298138977,2.7954178610098954,0.037112768779023475,0.6591015107731609,2.7339190839842376,2.6972149874665394,0.10093721415473933,2011-07-28,6.0,0,True,False
2011-07-15,2011Q3,3,diag4,student_t_ar1,2.8182882929255415,2.7793052892500736,0.030558590422349322,0.7482041319840023,-0.08922107662069356,-0.0892609023136356,2.907509369546235,2011-10-28,6.0,0,True,False
2011-07-15,2011Q4,-11,diag4,student_t_ar1,3.2754130624530253,3.222914692317538,0.21100744686449804,0.786451463872366,4.568438742179692,4.467158724585995,-1.293025679726667,2012-01-28,6.0,0,True,False
2011-07-22,2011Q2,17,diag4,student_t_ar1,2.804791219402558,2.766177313952372,0.025218468879635542,0.6557075963294953,2.7339190839842376,2.6972149874665394,0.0708721354183206,2011-07-28,6.0,0,True,False
2011-07-22,2011Q3,4,diag4,student_t_ar1,2.6830637974707416,2.6477007877746366,-0.022974724312798546,0.7270362986315106,-0.08922107662069356,-0.0892609023136356,2.772284874091435,2011-10-28,6.0,0,True,False
2011-07-22,2011Q4,-10,diag4,student_t_ar1,3.22223117837952,3.1714062255310482,0.19005513191256068,0.7841508106431893,4.568438742179692,4.467158724585995,-1.3462075638001725,2012-01-28,6.0,0,True,False
2011-07-29,2011Q3,5,diag4,student_t_ar1,2.6826198751161545,2.6472684639835857,-0.023234755659114897,0.7259845203417173,-0.08922107662069356,-0.0892609023136356,2.771840951736848,2011-10-28,6.0,0,True,False
2011-07-29,2011Q4,-9,diag4,student_t_ar1,3.214210489008984,3.163635611670634,0.18781748051554398,0.7816300046561417,4.568438742179692,4.467158724585995,-1.3542282531707084,2012-01-28,6.0,0,True,False
2011-08-05,2011Q3,6,diag4,student_t_ar1,1.983617178497643,1.9641998498983275,-0.302422072492042,0.7444587951980377,-0.08922107662069356,-0.0892609023136356,2.0728382551183366,2011-10-28,14.0,13,False,True
2011-08-05,2011Q4,-8,diag4,student_t_ar1,2.730531099254563,2.693917108220795,-0.00416828188192181,0.7804506972837687,4.568438742179692,4.467158724585995,-1.8379076429251295,2012-01-28,14.0,0,True,False
2011-08-12,2011Q3,7,diag4,student_t_ar1,1.9836197932980415,1.9642024138399123,-0.3024210245446516,0.7443511009603252,-0.08922107662069356,-0.0892609023136356,2.072840869918735,2011-10-28,4.0,0,True,False
2011-08-12,2011Q4,-7,diag4,student_t_ar1,2.7302880655446726,2.693680533957267,-0.004264975731564564,0.7804502499541187,4.568438742179692,4.467158724585995,-1.8381506766350197,2012-01-28,4.0,0,True,False
2011-08-19,2011Q3,8,diag4,student_t_ar1,2.899278970131358,2.8580449734372984,0.06291490326584812,0.6777267866574594,-0.08922107662069356,-0.0892609023136356,2.9885000467520517,2011-10-28,11.0,0,True,False
2011-08-19,2011Q4,-6,diag4,student_t_ar1,2.844013131060663,2.8043218704039075,0.040956920306966065,0.7782253515492678,4.568438742179692,4.467158724585995,-1.7244256111190293,2012-01-28,11.0,0,True,False
2011-08-26,2011Q3,9,diag4,student_t_ar1,2.764358159211233,2.7268396401477872,0.009287984681214577,0.6788717022208596,-0.08922107662069356,-0.0892609023136356,2.8535792358319267,2011-10-28,4.0,0,True,False
2011-08-26,2011Q4,-5,diag4,student_t_ar1,2.613486507927143,2.5799185555802886,-0.0507623565886943,0.7785320157031724,4.568438742179692,4.467158724585995,-1.9549522342525494,2012-01-28,4.0,0,True,False
2011-09-02,2011Q3,10,diag4,student_t_ar1,2.755711346145784,2.7184250720801693,0.005848739146192829,0.6760130922852894,-0.08922107662069356,-0.0892609023136356,2.8449324227664774,2011-10-28,8.0,2,True,True
2011-09-02,2011Q4,-4,diag4,student_t_ar1,2.6059116882165556,2.5725363882212466,-0.053779633996678636,0.7734848046639038,4.568438742179692,4.467158724585995,-1.9625270539631368,2012-01-28,8.0,0,True,False
2011-09-09,2011Q3,11,diag4,student_t_ar1,2.90862279889208,2.867125119230381,0.06662618715175365,0.6730386538289821,-0.08922107662069356,-0.0892609023136356,2.9978438755127734,2011-10-28,8.0,0,True,False
2011-09-09,2011Q4,-3,diag4,student_t_ar1,2.8544359218246607,2.8144559193682177,0.04509896091702716,0.7690789797028671,4.568438742179692,4.467158724585995,-1.7140028203550317,2012-01-28,8.0,0,True,False
2011-09-16,2011Q3,12,diag4,student_t_ar1,2.843161580927256,2.803493865318419,0.04061849381016233,0.6707369932079307,-0.08922107662069356,-0.0892609023136356,2.9323826575479495,2011-10-28,8.0,0,True,False
2011-09-16,2011Q4,-2,diag4,student_t_ar1,2.7525195167203975,2.7153187931615665,0.0045791248516160446,0.766725487455875,4.568438742179692,4.467158724585995,-1.8159192254592949,2012-01-28,8.0,0,True,False
2011-09-23,2011Q3,13,diag4,student_t_ar1,3.3966132611896294,3.340202178956629,0.25998467594289043,0.6559225576426092,-0.08922107662069356,-0.0892609023136356,3.485834337810323,2011-10-28,4.0,0,True,False
2011-09-23,2011Q4,-1,diag4,student_t_ar1,3.1204808254264194,3.0727835407633397,0.15068395486045305,0.7589837926413238,4.568438742179692,4.467158724585995,-1.447957916753273,2012-01-28,4.0,0,True,False
2011-09-30,2011Q3,14,diag4,student_t_ar1,3.4014369388538412,3.3448672883814115,0.2618914234587035,0.6559157288600389,-0.08922107662069356,-0.0892609023136356,3.490658015474535,2011-10-28,8.0,0,True,False
2011-09-30,2011Q4,0,diag4,student_t_ar1,3.1219872841148355,3.0742444025366185,0.15128104579734475,0.7589853114584135,4.568438742179692,4.467158724585995,-1.4464514580648569,2012-01-28,8.0,0,True,False
2011-10-07,2011Q3,15,diag4,student_t_ar1,3.525277460768317,3.464562357294316,0.3108138075923641,0.6549620766812086,-0.08922107662069356,-0.0892609023136356,3.6144985373890104,2011-10-28,12.0,65,True,True
2011-10-07,2011Q4,1,diag4,student_t_ar1,3.596001617924549,3.532854867092973,0.33872667341186374,0.7541598683699474,4.568438742179692,4.467158724585995,-0.9724371242551433,2012-01-28,12.0,0,True,False
2011-10-07,2012Q1,-12,diag4,student_t_ar1,3.037440955606896,2.9922240613185576,0.11775727012064047,0.7885851594653023,3.396793738645587,3.3403767275155727,-0.3593527830386911,2012-04-28,12.0,0,True,False
2011-10-14,2011Q3,16,diag4,student_t_ar1,3.550515310821112,3.4889378285553034,0.32077667556428324,0.6544272375358194,-0.08922107662069356,-0.0892609023136356,3.6397363874418054,2011-10-28,6.0,0,True,False
2011-10-14,2011Q4,2,diag4,student_t_ar1,3.6611873257881955,3.5957580747889346,0.364436795959857,0.7518234153337229,4.568438742179692,4.467158724585995,-0.9072514163914969,2012-01-28,6.0,0,True,False
2011-10-14,2012Q1,-11,diag4,student_t_ar1,3.053296613171308,3.007611126048147,0.12404635034948612,0.7884275286856266,3.396793738645587,3.3403767275155727,-0.34349712547427913,2012-04-28,6.0,0,True,False
2011-10-21,2011Q3,17,diag4,student_t_ar1,3.322280263699917,3.2682851911806132,0.23059039484452604,0.650434116568079,-0.08922107662069356,-0.0892609023136356,3.4115013403206107,2011-10-28,6.0,0,True,False
2011-10-21,2011Q4,3,diag4,student_t_ar1,3.1448904177728387,3.0964516846822496,0.16035772036347654,0.7292670280864176,4.568438742179692,4.467158724585995,-1.4235483244068536,2012-01-28,6.0,0,True,False
2011-10-21,2012Q1,-10,diag4,student_t_ar1,2.984185454861321,2.9405251179992535,0.09662661212994475,0.7868228912661629,3.396793738645587,3.3403767275155727,-0.41260828378426595,2012-04-28,6.0,0,True,False
2011-10-28,2011Q4,4,diag4,student_t_ar1,3.25493989923189,3.2030888768917594,0.21431899744693444,0.7317953905861216,4.568438742179692,4.467158724585995,-1.3134988429478023,2012-01-28,6.0,0,True,False
2011-10-28,2012Q1,-9,diag4,student_t_ar1,2.6368305534035352,2.602665458884781,-0.030752581919079033,0.7850761856192842,3.396793738645587,3.3403767275155727,-0.7599631852420519,2012-04-28,6.0,0,True,False
2011-11-04,2011Q4,5,diag4,student_t_ar1,3.1450105708276777,3.096568174199451,0.17084101830575735,0.7308825395023429,4.568438742179692,4.467158724585995,-1.4234281713520147,2012-01-28,13.0,11,False,True
2011-11-04,2012Q1,-8,diag4,student_t_ar1,2.4623691200117204,2.4325414644985965,-0.10019117265671146,0.7866866945539985,3.396793738645587,3.3403767275155727,-0.9344246186338667,2012-04-28,13.0,0,True,False
2011-11-11,2011Q4,6,diag4,student_t_ar1,3.2543760826723833,3.2025428322188163,0.21409612134585435,0.7237256726058098,4.568438742179692,4.467158724585995,-1.314062659507309,2012-01-28,5.0,0,True,False
2011-11-11,2012Q1,-7,diag4,student_t_ar1,2.5414222255513153,2.5096650229841857,-0.06871206688310767,0.7846415772550027,3.396793738645587,3.3403767275155727,-0.8553715130942718,2012-04-28,5.0,0,True,False
2011-11-18,2011Q4,7,diag4,student_t_ar1,3.9347540303547923,3.8593151184712893,0.48216731352218994,0.6874771513666544,4.568438742179692,4.467158724585995,-0.6336847118249,2012-01-28,11.0,0,True,False
2011-11-18,2012Q1,-6,diag4,student_t_ar1,2.6795129917497995,2.6442427032718068,-0.013782222932353627,0.7832922161710939,3.396793738645587,3.3403767275155727,-0.7172807468957876,2012-04-28,11.0,0,True,False
2011-11-25,2011Q4,8,diag4,student_t_ar1,3.8966094168877197,3.8226078445904825,0.46718470405960305,0.6868147051659694,4.568438742179692,4.467158724585995,-0.6718293252919727,2012-01-28,0.0,0,True,False
2011-11-25,2012Q1,-5,diag4,student_t_ar1,2.6196087537535107,2.5858846945408636,-0.03760189574894858,0.7822344862347534,3.396793738645587,3.3403767275155727,-0.7771849848920764,2012-04-28,0.0,0,True,False
2011-12-02,2011Q4,9,diag4,student_t_ar1,3.9297290462314116,3.854480252937761,0.48019389260490286,0.6846085551688915,4.568438742179692,4.467158724585995,-0.6387096959482808,2012-01-28,11.0,25,True,True
2011-12-02,2012Q1,-4,diag4,student_t_ar1,2.65351473790445,2.6189196909227936,-0.02411817993296075,0.7787624031166801,3.396793738645587,3.3403767275155727,-0.7432790007411372,2012-04-28,11.0,0,True,False
2011-12-09,2011Q4,10,diag4,student_t_ar1,3.896849446978967,3.8228388721623396,0.4672790013341832,0.6812054155741668,4.568438742179692,4.467158724585995,-0.6715892952007252,2012-01-28,9.0,0,True,False
2011-12-09,2012Q1,-3,diag4,student_t_ar1,2.6034040739127517,2.570092430650786,-0.04404773869450334,0.774405938928183,3.396793738645587,3.3403767275155727,-0.7933896647328353,2012-04-28,9.0,0,True,False
2011-12-16,2011Q4,11,diag4,student_t_ar1,3.9705863377276662,3.893784947542747,0.49623667723731496,0.6803966708579449,4.568438742179692,4.467158724585995,-0.5978524044520261,2012-01-28,8.0,0,True,False
2011-12-16,2012Q1,-2,diag4,student_t_ar1,2.6546214219197894,2.6199977621927077,-0.023678149413058767,0.7740670077360247,3.396793738645587,3.3403767275155727,-0.7421723167257976,2012-04-28,8.0,0,True,False
2011-12-23,2011Q4,12,diag4,student_t_ar1,3.66615869174276,3.6005537431375725,0.3765500823647957,0.6660394353636686,4.568438742179692,4.467158724585995,-0.9022800504369322,2012-01-28,4.0,0,True,False
2011-12-23,2012Q1,-1,diag4,student_t_ar1,2.441142304949495,2.411822624698799,-0.10864786944782301,0.7655492581055805,3.396793738645587,3.3403767275155727,-0.955651433696092,2012-04-28,4.0,0,True,False
2011-12-30,2011Q4,13,diag4,student_t_ar1,3.670048456230468,3.6043058755235906,0.3780815699488147,0.6660414766114044,4.568438742179692,4.467158724585995,-0.8983902859492243,2012-01-28,8.0,0,True,False
2011-12-30,2012Q1,0,diag4,student_t_ar1,2.443175937134545,2.413807776322472,-0.10783760084552665,0.7655614110748763,3.396793738645587,3.3403767275155727,-0.9536178015110419,2012-04-28,8.0,0,True,False
2012-01-06,2011Q4,14,diag4,student_t_ar1,3.752355681441899,3.6836678228248863,0.4104743067798502,0.6653481063425103,4.568438742179692,4.467158724585995,-0.8160830607377934,2012-01-28,10.0,30,True,True
2012-01-06,2012Q1,1,diag4,student_t_ar1,2.7649240997075886,2.727390355345268,0.020155704541991018,0.7561479321674183,3.396793738645587,3.3403767275155727,-0.6318696389379985,2012-04-28,10.0,0,True,False
2012-01-06,2012Q2,-12,diag4,student_t_ar1,3.4134544912123976,3.3564888426021957,0.2769314318455408,0.7916563923232807,1.7973274732638433,1.7813665065292486,1.6161270179485543,2012-07-28,10.0,0,True,False
2012-01-13,2011Q4,15,diag4,student_t_ar1,3.753367653583717,3.6846431907574555,0.41087241743398006,0.6652936146005507,4.568438742179692,4.467158724585995,-0.8150710885959755,2012-01-28,6.0,0,True,False
2012-01-13,2012Q1,2,diag4,student_t_ar1,2.7598749517351306,2.722476935654057,0.018150220598992715,0.7559143804817031,3.396793738645587,3.3403767275155727,-0.6369187869104564,2012-04-28,6.0,0,True,False
2012-01-13,2012Q2,-11,diag4,student_t_ar1,3.4210408284194083,3.3638245021580877,0.279925588334342,0.7916312837926542,1.7973274732638433,1.7813665065292486,1.623713355155565,2012-07-28,6.0,0,True,False
2012-01-20,2011Q4,16,diag4,student_t_ar1,3.7887176214435048,3.718708540110372,0.42477668684986286,0.6614935981770138,4.568438742179692,4.467158724585995,-0.7797211207361876,2012-01-28,8.0,0,True,False
2012-01-20,2012Q1,3,diag4,student_t_ar1,2.8477404797395245,2.8079460785832246,0.053035698441009874,0.7345881764422281,3.396793738645587,3.3403767275155727,-0.5490532589060626,2012-04-28,8.0,0,True,False
2012-01-20,2012Q2,-10,diag4,student_t_ar1,3.448213156820068,3.3900945524758286,0.2906480927009499,0.7899538592839178,1.7973274732638433,1.7813665065292486,1.6508856835562247,2012-07-28,8.0,0,True,False
2012-01-27,2011Q4,17,diag4,student_t_ar1,3.7935438472953775,3.723358480638622,0.4266746279278422,0.6614977861170586,4.568438742179692,4.467158724585995,-0.7748948948843148,2012-01-28,4.0,0,True,False
2012-01-27,2012Q1,4,diag4,student_t_ar1,2.8495210703702645,2.809677351637001,0.053742342800437395,0.7345890524051695,3.396793738645587,3.3403767275155727,-0.5472726682753226,2012-04-28,4.0,0,True,False
2012-01-27,2012Q2,-9,diag4,student_t_ar1,3.4489292389868087,3.3907867632608077,0.2909306286334959,0.7899540806751767,1.7973274732638433,1.7813665065292486,1.6516017657229654,2012-07-28,4.0,0,True,False
2012-02-03,2012Q1,5,diag4,student_t_ar1,2.963401724199888,2.920341603332549,0.09235360367971945,0.7273585937854924,3.396793738645587,3.3403767275155727,-0.4333920144456993,2012-04-28,12.0,12,False,True
2012-02-03,2012Q2,-8,diag4,student_t_ar1,3.681927579988331,3.6157638071024936,0.3768279859155199,0.7850522093846689,1.7973274732638433,1.7813665065292486,1.8846001067244877,2012-07-28,12.0,0,True,False
2012-02-10,2012Q1,6,diag4,student_t_ar1,3.3545235496889703,3.2994868409601033,0.2474494672673954,0.7343149138563407,3.396793738645587,3.3403767275155727,-0.04227018895661683,2012-04-28,7.0,0,True,False
2012-02-10,2012Q2,-7,diag4,student_t_ar1,3.946749004534311,3.8708553219215194,0.4811775460796112,0.7835499303857484,1.7973274732638433,1.7813665065292486,2.149421531270468,2012-07-28,7.0,0,True,False
2012-02-17,2012Q1,7,diag4,student_t_ar1,3.384771942318654,3.328749195534291,0.2594197353939087,0.6837158176788903,3.396793738645587,3.3403767275155727,-0.01202179632693312,2012-04-28,10.0,0,True,False
2012-02-17,2012Q2,-6,diag4,student_t_ar1,3.99279332814646,3.9151415830608576,0.49929360091773717,0.781874867387675,1.7973274732638433,1.7813665065292486,2.1954658548826167,2012-07-28,10.0,0,True,False
2012-02-24,2012Q1,8,diag4,student_t_ar1,3.376621996103424,3.320865764237751,0.25619488258388323,0.6830456358013637,3.396793738645587,3.3403767275155727,-0.02017174254216325,2012-04-28,2.0,0,True,False
2012-02-24,2012Q2,-5,diag4,student_t_ar1,3.9791764540659136,3.9020466702086574,0.4939369021757831,0.7807942380759294,1.7973274732638433,1.7813665065292486,2.1818489808020702,2012-07-28,2.0,0,True,False
2012-03-02,2012Q1,9,diag4,student_t_ar1,3.3129767447961145,3.2592804172182444,0.23100233990523847,0.6810630446653474,3.396793738645587,3.3403767275155727,-0.08381699384947261,2012-04-28,11.0,3,True,True
2012-03-02,2012Q2,-4,diag4,student_t_ar1,3.8612571682000496,3.7885756805045143,0.44751964727253085,0.7777487310479002,1.7973274732638433,1.7813665065292486,2.0639296949362063,2012-07-28,11.0,0,True,False
2012-03-09,2012Q1,10,diag4,student_t_ar1,3.36574395126894,3.3103424786066844,0.2518901520723178,0.6774662486950718,3.396793738645587,3.3403767275155727,-0.031049787376646876,2012-04-28,9.0,0,True,False
2012-03-09,2012Q2,-3,diag4,student_t_ar1,3.949420739029197,3.8734255804292497,0.48222895441430236,0.7732189682252284,1.7973274732638433,1.7813665065292486,2.1520932657653535,2012-07-28,9.0,0,True,False
2012-03-16,2012Q1,11,diag4,student_t_ar1,3.434040116243664,3.376392999660786,0.2789092507886915,0.6757890421188596,3.396793738645587,3.3403767275155727,0.03724637759807692,2012-04-28,8.0,0,True,False
2012-03-16,2012Q2,-2,diag4,student_t_ar1,3.9989893900620688,3.921099570281779,0.5017308177981475,0.7725050542149186,1.7973274732638433,1.7813665065292486,2.2016619167982254,2012-07-28,8.0,0,True,False
2012-03-23,2012Q1,12,diag4,student_t_ar1,3.2848632392520782,3.23206473507972,0.21986929824865667,0.6621360763173193,3.396793738645587,3.3403767275155727,-0.11193049939350885,2012-04-28,4.0,0,True,False
2012-03-23,2012Q2,-1,diag4,student_t_ar1,3.848948035544053,3.7767234629802786,0.4426712943725899,0.7643614852886763,1.7973274732638433,1.7813665065292486,2.0516205622802097,2012-07-28,4.0,0,True,False
2012-03-30,2012Q1,13,diag4,student_t_ar1,3.2867783196498968,3.2339188912295267,0.22062777262929273,0.6621309720331069,3.396793738645587,3.3403767275155727,-0.11001541899569034,2012-04-28,8.0,0,True,False
2012-03-30,2012Q2,0,diag4,student_t_ar1,3.850496341138099,3.7782143726923527,0.443281176566475,0.764350680101458,1.7973274732638433,1.7813665065292486,2.0531688678742555,2012-07-28,8.0,0,True,False
2012-04-06,2012Q1,14,diag4,student_t_ar1,3.3160406656253194,3.262246042151116,0.23221547965853978,0.6608326997742404,3.396793738645587,3.3403767275155727,-0.08075307302026768,2012-04-28,10.0,23,True,True
2012-04-06,2012Q2,1,diag4,student_t_ar1,3.972076109713907,3.895217815592745,0.49114344204795213,0.7530939715064757,1.7973274732638433,1.7813665065292486,2.1747486364500634,2012-07-28,10.0,0,True,False
2012-04-06,2012Q3,-12,diag4,student_t_ar1,3.3499189777981275,3.2950316179999124,0.24562698188735962,0.7909726141371322,0.5773578286532466,0.575697505945138,2.772561149144881,2012-10-28,10.0,0,True,False
2012-04-13,2012Q1,15,diag4,student_t_ar1,3.315438453871433,3.2616631573395036,0.2319770406271152,0.6611723694848016,3.396793738645587,3.3403767275155727,-0.08135528477415388,2012-04-28,6.0,0,True,False
2012-04-13,2012Q2,2,diag4,student_t_ar1,3.9784139518666883,3.9013133454978433,0.49363692312283347,0.7545600888527914,1.7973274732638433,1.7813665065292486,2.181086478602845,2012-07-28,6.0,0,True,False
2012-04-13,2012Q3,-11,diag4,student_t_ar1,3.3355530523706767,3.2811303744248574,0.23994043973083198,0.7910709533330514,0.5773578286532466,0.575697505945138,2.75819522371743,2012-10-28,6.0,0,True,False
2012-04-20,2012Q1,16,diag4,student_t_ar1,2.8840317898778167,2.8432262981762966,0.06080826521292054,0.6573382048402411,3.396793738645587,3.3403767275155727,-0.5127619487677704,2012-04-28,8.0,0,True,False
2012-04-20,2012Q2,3,diag4,student_t_ar1,2.845640121632953,2.8059038562224474,0.04554088007509275,0.7340981719197105,1.7973274732638433,1.7813665065292486,1.0483126483691096,2012-07-28,8.0,0,True,False
2012-04-20,2012Q3,-10,diag4,student_t_ar1,3.086705038445836,3.0400244619357624,0.14131193011910206,0.7896990738759888,0.5773578286532466,0.575697505945138,2.5093472097925895,2012-10-28,8.0,0,True,False
2012-04-27,2012Q1,17,diag4,student_t_ar1,2.885462037529485,2.8446164436493544,0.06137692806625228,0.6573344628837042,3.396793738645587,3.3403767275155727,-0.5113317011161023,2012-04-28,4.0,0,True,False
2012-04-27,2012Q2,4,diag4,student_t_ar1,2.846204785961848,2.8064528953242514,0.04576547393830608,0.7340976192134108,1.7973274732638433,1.7813665065292486,1.0488773126980044,2012-07-28,4.0,0,True,False
2012-04-27,2012Q3,-9,diag4,student_t_ar1,3.0869169234989835,3.040230002344979,0.14139600994948348,0.7896986987448837,0.5773578286532466,0.575697505945138,2.509559094845737,2012-10-28,4.0,0,True,False
2012-05-04,2012Q2,5,diag4,student_t_ar1,3.024608205984447,2.9797688327199565,0.11473521770627601,0.7288041683035447,1.7973274732638433,1.7813665065292486,1.2272807327206037,2012-07-28,12.0,13,False,True
2012-05-04,2012Q3,-8,diag4,student_t_ar1,3.2788058285939226,3.226199801824768,0.21597928824395327,0.786733264826338,0.5773578286532466,0.575697505945138,2.701447999940676,2012-10-28,12.0,0,True,False
2012-05-11,2012Q2,6,diag4,student_t_ar1,2.703824074446981,2.6679165642169043,-0.013386638018070782,0.72992424463799,1.7973274732638433,1.7813665065292486,0.9064966011831377,2012-07-28,7.0,0,True,False
2012-05-11,2012Q3,-7,diag4,student_t_ar1,3.055777907871504,3.0100188751548735,0.12716319070485582,0.7849774290280038,0.5773578286532466,0.575697505945138,2.4784200792182576,2012-10-28,7.0,0,True,False
2012-05-18,2012Q2,7,diag4,student_t_ar1,3.446698270979409,3.3886301512199264,0.2827124176528164,0.6843483629924928,1.7973274732638433,1.7813665065292486,1.6493707977155658,2012-07-28,12.0,0,True,False
2012-05-18,2012Q3,-6,diag4,student_t_ar1,3.212432505246321,3.161912981551855,0.18956759416996072,0.783563452385929,0.5773578286532466,0.575697505945138,2.6350746765930744,2012-10-28,12.0,0,True,False
2012-05-25,2012Q2,8,diag4,student_t_ar1,3.3818769807372195,3.32594897451537,0.2569603886009743,0.6837195419439884,1.7973274732638433,1.7813665065292486,1.5845495074733762,2012-07-28,0.0,0,True,False
2012-05-25,2012Q3,-5,diag4,student_t_ar1,3.1102739736146745,3.0628850638557275,0.14888281530127143,0.7825925310272083,0.5773578286532466,0.575697505945138,2.532916144961428,2012-10-28,0.0,0,True,False
2012-06-01,2012Q2,9,diag4,student_t_ar1,3.305742938642031,3.252278335153162,0.22669343215780566,0.6816758623756067,1.7973274732638433,1.7813665065292486,1.5084154653781878,2012-07-28,11.0,6,True,True
2012-06-01,2012Q3,-4,diag4,student_t_ar1,3.010409755319854,2.9659862720391876,0.10907276971598266,0.7785646209565851,0.5773578286532466,0.575697505945138,2.4330519266666073,2012-10-28,11.0,0,True,False
2012-06-08,2012Q2,10,diag4,student_t_ar1,3.248287230557323,3.1966457149428296,0.20383724267305328,0.6785113519415826,1.7973274732638433,1.7813665065292486,1.4509597572934796,2012-07-28,9.0,0,True,False
2012-06-08,2012Q3,-3,diag4,student_t_ar1,2.928576155438156,2.8865126319928374,0.07642169973087685,0.77425284517805,0.5773578286532466,0.575697505945138,2.3512183267849096,2012-10-28,9.0,0,True,False
2012-06-15,2012Q2,11,diag4,student_t_ar1,3.182591411952118,3.13299649612913,0.17768750174296172,0.6808014103515453,1.7973274732638433,1.7813665065292486,1.3852639386882748,2012-07-28,6.0,0,True,False
2012-06-15,2012Q3,-2,diag4,student_t_ar1,2.8815474365205596,2.840811556734393,0.05764580113370937,0.7751907039031588,0.5773578286532466,0.575697505945138,2.304189607867313,2012-10-28,6.0,0,True,False
2012-06-22,2012Q2,12,diag4,student_t_ar1,3.218790624554835,3.168073018017398,0.19209839283011945,0.6626331332866522,1.7973274732638433,1.7813665065292486,1.4214631512909914,2012-07-28,6.0,0,True,False
2012-06-22,2012Q3,-1,diag4,student_t_ar1,2.6565724593190954,2.621898328218827,-0.032292839411237596,0.7683882699107079,0.5773578286532466,0.575697505945138,2.0792146306658488,2012-10-28,6.0,0,True,False
2012-06-29,2012Q2,13,diag4,student_t_ar1,3.220028473601877,3.1692722585986632,0.19259109063690216,0.6626295202908401,1.7973274732638433,1.7813665065292486,1.4227010003380336,2012-07-28,4.0,0,True,False
2012-06-29,2012Q3,0,diag4,student_t_ar1,2.656828680831458,2.6221479188553123,-0.032190297218193914,0.768388381635059,0.5773578286532466,0.575697505945138,2.0794708521782113,2012-10-28,4.0,0,True,False
2012-07-06,2012Q2,14,diag4,student_t_ar1,3.091891299748406,3.045055305481854,0.14155761051458582,0.662915438310288,1.7973274732638433,1.7813665065292486,1.2945638264845627,2012-07-28,13.0,4,True,True
2012-07-06,2012Q3,1,diag4,student_t_ar1,2.1729601429625767,2.1496878917107396,-0.2262964864208725,0.7641918116030677,0.5773578286532466,0.575697505945138,1.59560231430933,2012-10-28,13.0,0,True,False
2012-07-06,2012Q4,-12,diag4,student_t_ar1,2.5862998788674485,2.5534208386991333,-0.06042623435084121,0.7932193998118371,0.4633651980530562,0.4622949663000891,2.1229346808143923,2013-01-28,13.0,0,True,False
2012-07-13,2012Q2,15,diag4,student_t_ar1,3.0789425120865577,3.03249408385854,0.13639693930231894,0.6656125743480429,1.7973274732638433,1.7813665065292486,1.2816150388227143,2012-07-28,6.0,0,True,False
2012-07-13,2012Q3,2,diag4,student_t_ar1,2.0762942549551022,2.055033058810845,-0.26518462054484715,0.775009808344571,0.5773578286532466,0.575697505945138,1.4989364263018556,2012-10-28,6.0,0,True,False
2012-07-13,2012Q4,-11,diag4,student_t_ar1,2.5577652381623794,2.5256017147358634,-0.07185548514291903,0.7937428767065446,0.4633651980530562,0.4622949663000891,2.0944000401093232,2013-01-28,6.0,0,True,False
2012-07-20,2012Q2,16,diag4,student_t_ar1,3.1668480831179124,3.1177375946237076,0.1714185116645053,0.6571039913606977,1.7973274732638433,1.7813665065292486,1.369520609854069,2012-07-28,9.0,0,True,False
2012-07-20,2012Q3,3,diag4,student_t_ar1,2.241778328223698,2.2170198154025154,-0.19863373747153779,0.7354595241201383,0.5773578286532466,0.575697505945138,1.6644204995704515,2012-10-28,9.0,0,True,False
2012-07-20,2012Q4,-10,diag4,student_t_ar1,2.5676960847031083,2.535284419636995,-0.06787742807660632,0.7912787849753543,0.4633651980530562,0.4622949663000891,2.104330886650052,2013-01-28,9.0,0,True,False
2012-07-27,2012Q2,17,diag4,student_t_ar1,3.165077463946342,3.1160213123112124,0.17071339165406174,0.6571010084744905,1.7973274732638433,1.7813665065292486,1.3677499906824986,2012-07-28,4.0,0,True,False
2012-07-27,2012Q3,4,diag4,student_t_ar1,2.2410582453117778,2.2163155187251,-0.19892309177934547,0.7354588402543456,0.5773578286532466,0.575697505945138,1.6637004166585312,2012-10-28,4.0,0,True,False
2012-07-27,2012Q4,-9,diag4,student_t_ar1,2.5674336860269875,2.5350285895640035,-0.06798253368914231,0.7912785733499285,0.4633651980530562,0.4622949663000891,2.1040684879739313,2013-01-28,4.0,0,True,False
2012-08-03,2012Q3,5,diag4,student_t_ar1,2.1987920498404145,2.1749672238476494,-0.21331972148704112,0.7309692236818689,0.5773578286532466,0.575697505945138,1.621434221187168,2012-10-28,12.0,11,False,True
2012-08-03,2012Q4,-8,diag4,student_t_ar1,2.3581331839636066,2.330758738771059,-0.14906048355627574,0.7881754129314168,0.4633651980530562,0.4622949663000891,1.8947679859105504,2013-01-28,12.0,0,True,False
2012-08-10,2012Q3,6,diag4,student_t_ar1,2.425253207306688,2.3963109565846152,-0.12202219739902531,0.7263573800853352,0.5773578286532466,0.575697505945138,1.8478953786534413,2012-10-28,7.0,0,True,False
2012-08-10,2012Q4,-7,diag4,student_t_ar1,2.524844459775011,2.493496819329453,-0.0819359996321092,0.7860689330260627,0.4633651980530562,0.4622949663000891,2.0614792617219546,2013-01-28,7.0,0,True,False
2012-08-17,2012Q3,7,diag4,student_t_ar1,2.4789092442657923,2.448682794758666,-0.10042041496721359,0.6857228437706183,0.5773578286532466,0.575697505945138,1.9015514156125457,2012-10-28,10.0,0,True,False
2012-08-17,2012Q4,-6,diag4,student_t_ar1,2.4787450800125788,2.4485226014214017,-0.10048648982231222,0.7845907686794503,0.4633651980530562,0.4622949663000891,2.0153798819595226,2013-01-28,10.0,0,True,False
2012-08-24,2012Q3,8,diag4,student_t_ar1,2.5026935869777,2.4718891142430848,-0.09084851751195261,0.6849365675008652,0.5773578286532466,0.575697505945138,1.9253357583244535,2012-10-28,2.0,0,True,False
2012-08-24,2012Q4,-5,diag4,student_t_ar1,2.519701649956052,2.4884805339245295,-0.08400506403219596,0.7834370712892036,0.4633651980530562,0.4622949663000891,2.056336451902996,2013-01-28,2.0,0,True,False
2012-08-31,2012Q3,9,diag4,student_t_ar1,2.4995090499647876,2.4687822822459444,-0.09212999074631514,0.6849303716843586,0.5773578286532466,0.575697505945138,1.922151221311541,2012-10-28,8.0,0,True,False
2012-08-31,2012Q4,-4,diag4,student_t_ar1,2.519043866635684,2.4878389153672966,-0.08426971207512897,0.783434044241783,0.4633651980530562,0.4622949663000891,2.055678668582628,2013-01-28,8.0,0,True,False
2012-09-07,2012Q3,10,diag4,student_t_ar1,2.6660721992289194,2.631151803335905,-0.025157526337366613,0.6806579123624367,0.5773578286532466,0.575697505945138,2.0887143705756728,2012-10-28,12.0,16,True,True
2012-09-07,2012Q4,-3,diag4,student_t_ar1,2.7763015036395444,2.738461033658272,0.01910425112106775,0.7759395764987265,0.4633651980530562,0.4622949663000891,2.312936305586488,2013-01-28,12.0,0,True,False
2012-09-14,2012Q3,11,diag4,student_t_ar1,2.732145681134379,2.6954887628932274,0.0013795029351743471,0.6811947694302071,0.5773578286532466,0.575697505945138,2.1547878524811326,2012-10-28,6.0,0,True,False
2012-09-14,2012Q4,-2,diag4,student_t_ar1,2.825168457340288,2.785996641871784,0.038711236519967024,0.7761628596764673,0.4633651980530562,0.4622949663000891,2.361803259287232,2013-01-28,6.0,0,True,False
2012-09-21,2012Q3,12,diag4,student_t_ar1,2.003638695978127,1.983830014987746,-0.2921579777784008,0.6636100539686366,0.5773578286532466,0.575697505945138,1.4262808673248806,2012-10-28,6.0,0,True,False
2012-09-21,2012Q4,-1,diag4,student_t_ar1,2.2636530268393074,2.238412595588443,-0.1871504449362494,0.7672782896279192,0.4633651980530562,0.4622949663000891,1.8002878287862512,2013-01-28,6.0,0,True,False
2012-09-28,2012Q3,13,diag4,student_t_ar1,1.9972922402222038,1.9776080279322512,-0.29472435725547136,0.6636023522952982,0.5773578286532466,0.575697505945138,1.4199344115689572,2012-10-28,4.0,0,True,False
2012-09-28,2012Q4,0,diag4,student_t_ar1,2.2624386716399103,2.23722511364974,-0.18764024493899734,0.7672777185339793,0.4633651980530562,0.4622949663000891,1.799073473586854,2013-01-28,4.0,0,True,False
2012-10-05,2012Q3,14,diag4,student_t_ar1,2.1207802056067093,2.098604644224532,-0.24481695145762922,0.6631860593103363,0.5773578286532466,0.575697505945138,1.5434223769534627,2012-10-28,13.0,21,True,True
2012-10-05,2012Q4,1,diag4,student_t_ar1,2.743686447684812,2.706721973575954,0.006012858983753716,0.7593217741720844,0.4633651980530562,0.4622949663000891,2.280321249631756,2013-01-28,13.0,0,True,False
2012-10-05,2013Q1,-12,diag4,student_t_ar1,3.0000333633739773,2.955912615774412,0.10879638204676016,0.7941590378578903,4.005025807945661,3.9269037062063,-1.004992444571684,2013-04-28,13.0,0,True,False
2012-10-12,2012Q3,15,diag4,student_t_ar1,2.1205355521231706,2.0983650712638413,-0.24491576798104747,0.6631856496068543,0.5773578286532466,0.575697505945138,1.543177723469924,2012-10-28,4.0,0,True,False
2012-10-12,2012Q4,2,diag4,student_t_ar1,2.7436426633177025,2.706679358425634,0.005995281536835616,0.7593218273372062,0.4633651980530562,0.4622949663000891,2.2802774652646463,2013-01-28,4.0,0,True,False
2012-10-12,2013Q1,-11,diag4,student_t_ar1,3.0000006353220865,2.955880840972009,0.1087832759120081,0.794159052152098,4.005025807945661,3.9269037062063,-1.0050251726235748,2013-04-28,4.0,0,True,False
2012-10-19,2012Q3,16,diag4,student_t_ar1,1.9057803771765691,1.8878478609910654,-0.331747682479663,0.6588782307899973,0.5773578286532466,0.575697505945138,1.3284225485233225,2012-10-28,11.0,0,True,False
2012-10-19,2012Q4,3,diag4,student_t_ar1,2.220685828209401,2.1963876664394872,-0.20448444366226423,0.7382216619437071,0.4633651980530562,0.4622949663000891,1.7573206301563449,2013-01-28,11.0,0,True,False
2012-10-19,2013Q1,-10,diag4,student_t_ar1,2.877469672262567,2.8368479255741925,0.05968583670999903,0.7930825344993471,4.005025807945661,3.9269037062063,-1.1275561356830943,2013-04-28,11.0,0,True,False
2012-10-26,2012Q3,17,diag4,student_t_ar1,1.9100650212185766,1.8920522878198573,-0.33001348492669186,0.6588785532214992,0.5773578286532466,0.575697505945138,1.33270719256533,2012-10-28,4.0,0,True,False
2012-10-26,2012Q4,4,diag4,student_t_ar1,2.173835522957024,2.150544650919135,-0.22339328631158512,0.7368390334213951,0.4633651980530562,0.4622949663000891,1.7104703249039677,2013-01-28,4.0,0,True,False
2012-10-26,2013Q1,-9,diag4,student_t_ar1,2.8426093066430846,2.802956857549921,0.04570680707561818,0.7924991041097366,4.005025807945661,3.9269037062063,-1.1624165013025767,2013-04-28,4.0,0,True,False
2012-11-02,2012Q4,5,diag4,student_t_ar1,2.177455301921394,2.1540873532432894,-0.21430602580252747,0.7310964775423718,0.4633651980530562,0.4622949663000891,1.7140901038683376,2013-01-28,10.0,12,True,True
2012-11-02,2013Q1,-8,diag4,student_t_ar1,2.682178208008179,2.646838334660456,-0.010834783050465376,0.7893250784240055,4.005025807945661,3.9269037062063,-1.3228475999374822,2013-04-28,10.0,0,True,False
2012-11-09,2012Q4,6,diag4,student_t_ar1,2.288678229843133,2.262880860481762,-0.16938201559050794,0.7241671947645907,0.4633651980530562,0.4622949663000891,1.8253130317900768,2013-01-28,9.0,0,True,False
2012-11-09,2013Q1,-7,diag4,student_t_ar1,2.7627271206679627,2.7252524638969304,0.02154469649755928,0.7869585698154447,4.005025807945661,3.9269037062063,-1.2422986872776987,2013-04-28,9.0,0,True,False
2012-11-16,2012Q4,7,diag4,student_t_ar1,2.2729394869217323,2.247493083314046,-0.17573607730034402,0.7205342778819834,0.4633651980530562,0.4622949663000891,1.809574288868676,2013-01-28,8.0,0,True,False
2012-11-16,2013Q1,-6,diag4,student_t_ar1,2.7489928723388957,2.711886561115348,0.016025525654611076,0.78608578590364,4.005025807945661,3.9269037062063,-1.2560329356067657,2013-04-28,8.0,0,True,False
2012-11-23,2012Q4,8,diag4,student_t_ar1,2.353970854005394,2.326692218153391,-0.14303244605783852,0.6861593615567325,0.4633651980530562,0.4622949663000891,1.8906056559523376,2013-01-28,4.0,0,True,False
2012-11-23,2013Q1,-5,diag4,student_t_ar1,2.6443250035401267,2.609967103421603,-0.026059989138115212,0.784904045483749,4.005025807945661,3.9269037062063,-1.3607008044055346,2013-04-28,4.0,0,True,False
2012-11-30,2012Q4,9,diag4,student_t_ar1,2.363119237945188,2.335629805085469,-0.13934185590407708,0.6861470625188372,0.4633651980530562,0.4622949663000891,1.899754039892132,2013-01-28,8.0,0,True,False
2012-11-30,2013Q1,-4,diag4,student_t_ar1,2.6505817884002747,2.6160625151002104,-0.023543015989193842,0.7848733529366614,4.005025807945661,3.9269037062063,-1.3544440195453866,2013-04-28,8.0,0,True,False
2012-12-07,2012Q4,10,diag4,student_t_ar1,2.2749156913579593,2.2494253494182916,-0.17493818830491714,0.685298521501436,0.4633651980530562,0.4622949663000891,1.8115504933049031,2013-01-28,12.0,4,True,True
2012-12-07,2013Q1,-3,diag4,student_t_ar1,2.5220304487123313,2.4907520702918293,-0.07528735115346818,0.7787346789069062,4.005025807945661,3.9269037062063,-1.48299535923333,2013-04-28,12.0,0,True,False
2012-12-14,2012Q4,11,diag4,student_t_ar1,2.291300503453142,2.2654444286533715,-0.16832344357050524,0.6846961635002965,0.4633651980530562,0.4622949663000891,1.8279353054000858,2013-01-28,6.0,0,True,False
2012-12-14,2013Q1,-2,diag4,student_t_ar1,2.525243353613993,2.493885888988707,-0.07399330607012919,0.7784977420021387,4.005025807945661,3.9269037062063,-1.4797824543316684,2013-04-28,6.0,0,True,False
2012-12-21,2012Q4,12,diag4,student_t_ar1,2.5480041067496684,2.516083570559567,-0.06482723633963844,0.6639772295995297,0.4633651980530562,0.4622949663000891,2.084638908696612,2013-01-28,6.0,0,True,False
2012-12-21,2013Q1,-1,diag4,student_t_ar1,2.678375849753678,2.6431352298725157,-0.012363902954146454,0.7682680681269861,4.005025807945661,3.9269037062063,-1.3266499581919833,2013-04-28,6.0,0,True,False
2012-12-28,2012Q4,13,diag4,student_t_ar1,2.5500117787314647,2.518041338871637,-0.06401881673927201,0.6639771899779175,0.4633651980530562,0.4622949663000891,2.0866465806784085,2013-01-28,4.0,0,True,False
2012-12-28,2013Q1,0,diag4,student_t_ar1,2.6787308676034405,2.6434809864479,-0.012221129986184307,0.7682684788449045,4.005025807945661,3.9269037062063,-1.3262949403422208,2013-04-28,4.0,0,True,False
2013-01-04,2012Q4,14,diag4,student_t_ar1,2.6228395557754247,2.5890329731243398,-0.03470430171820864,0.6638246231965972,0.4633651980530562,0.4622949663000891,2.1594743577223685,2013-01-28,12.0,5,True,True
2013-01-04,2013Q1,1,diag4,student_t_ar1,2.9546493305841803,2.9118407520704648,0.09859243929141319,0.7644366629078814,4.005025807945661,3.9269037062063,-1.050376477361481,2013-04-28,12.0,0,True,False
2013-01-04,2013Q2,-12,diag4,student_t_ar1,2.963612488060252,2.920546300964065,0.10218721417572757,0.7967491104501444,1.0748507650766292,1.0691153060548295,1.8887617229836229,2013-07-28,12.0,0,True,False
2013-01-11,2012Q4,15,diag4,student_t_ar1,2.6970395481828335,2.661310432044956,-0.004858832213017682,0.6639570437409211,0.4633651980530562,0.4622949663000891,2.2336743501297773,2013-01-28,5.0,0,True,False
2013-01-11,2013Q1,2,diag4,student_t_ar1,3.2239731573635355,3.1730938118828185,0.20647144259631953,0.7625718028073695,4.005025807945661,3.9269037062063,-0.7810526505821258,2013-04-28,5.0,0,True,False
2013-01-11,2013Q2,-11,diag4,student_t_ar1,3.1631546280946,3.114157451188271,0.1821349014101113,0.7948306207089236,1.0748507650766292,1.0691153060548295,2.0883038630179707,2013-07-28,5.0,0,True,False
2013-01-18,2012Q4,16,diag4,student_t_ar1,2.6105795804154397,2.5770856251474146,-0.03963770993479872,0.658993279022661,0.4633651980530562,0.4622949663000891,2.1472143823623835,2013-01-28,11.0,0,True,False
2013-01-18,2013Q1,3,diag4,student_t_ar1,2.936658934599601,2.8943651274975446,0.09137624453215769,0.7388681943472858,4.005025807945661,3.9269037062063,-1.0683668733460605,2013-04-28,11.0,0,True,False
2013-01-18,2013Q2,-10,diag4,student_t_ar1,3.0749664741441585,3.0286367347910943,0.1468209048832361,0.793651422288421,1.0748507650766292,1.0691153060548295,2.0001157090675292,2013-07-28,11.0,0,True,False
2013-01-25,2012Q4,17,diag4,student_t_ar1,2.6099857680528027,2.5765069186599523,-0.03987667471139644,0.6589925415158553,0.4633651980530562,0.4622949663000891,2.1466205699997465,2013-01-28,0.0,0,True,False
2013-01-25,2013Q1,4,diag4,student_t_ar1,2.8509306703101034,2.8110478881894716,0.05697212792151556,0.7382965168171581,4.005025807945661,3.9269037062063,-1.154095137635558,2013-04-28,0.0,0,True,False
2013-01-25,2013Q2,-9,diag4,student_t_ar1,3.0115518199889113,2.967094954492591,0.1214085100007396,0.7931515972483251,1.0748507650766292,1.0691153060548295,1.936701054912282,2013-07-28,0.0,0,True,False
2013-02-01,2013Q1,5,diag4,student_t_ar1,3.2583493630903737,3.2063908085698323,0.2285508714995281,0.7365160023793734,4.005025807945661,3.9269037062063,-0.7466764448552876,2013-04-28,13.0,11,False,True
2013-02-01,2013Q2,-8,diag4,student_t_ar1,3.0133995321186546,2.968888632508433,0.13040231595776478,0.791504768468804,1.0748507650766292,1.0691153060548295,1.9385487670420254,2013-07-28,13.0,0,True,False
2013-02-08,2013Q1,6,diag4,student_t_ar1,3.2438699966504725,3.1923673598063953,0.22275563516666433,0.7274151222322348,4.005025807945661,3.9269037062063,-0.7611558112951888,2013-04-28,10.0,0,True,False
2013-02-08,2013Q2,-7,diag4,student_t_ar1,3.0010513430595243,2.9569009403621376,0.1254483627437359,0.7888476105572801,1.0748507650766292,1.0691153060548295,1.926200577982895,2013-07-28,10.0,0,True,False
2013-02-15,2013Q1,7,diag4,student_t_ar1,3.387913995695957,3.3317883332843055,0.2803718110940198,0.7259915873688098,4.005025807945661,3.9269037062063,-0.6171118122497044,2013-04-28,6.0,0,True,False
2013-02-15,2013Q2,-6,diag4,student_t_ar1,3.1071493394765115,3.0598546369517314,0.1679943165346659,0.7883756791908393,1.0748507650766292,1.0691153060548295,2.0322985743998823,2013-07-28,6.0,0,True,False
2013-02-22,2013Q1,8,diag4,student_t_ar1,2.792856406726174,2.7545674411473144,0.04183337859928971,0.6894762643350455,4.005025807945661,3.9269037062063,-1.2121694012194872,2013-04-28,6.0,0,True,False
2013-02-22,2013Q2,-5,diag4,student_t_ar1,2.931882574732425,2.8897249237704177,0.0976876529057665,0.7866483708917807,1.0748507650766292,1.0691153060548295,1.8570318096557958,2013-07-28,6.0,0,True,False
2013-03-01,2013Q1,9,diag4,student_t_ar1,2.8470455826167917,2.8072704201126855,0.06361305802783457,0.6874947637675626,4.005025807945661,3.9269037062063,-1.1579802253288696,2013-04-28,7.0,3,True,True
2013-03-01,2013Q2,-4,diag4,student_t_ar1,3.0160422374764018,2.9714539992203077,0.13146246219044766,0.7832060166576762,1.0748507650766292,1.0691153060548295,1.9411914723997725,2013-07-28,7.0,0,True,False
2013-03-08,2013Q1,10,diag4,student_t_ar1,2.987839130994807,2.944072858175327,0.12014711558092687,0.6861379440221835,4.005025807945661,3.9269037062063,-1.0171866769508542,2013-04-28,12.0,0,True,False
2013-03-08,2013Q2,-3,diag4,student_t_ar1,3.234464121392966,3.1832565973584166,0.21899058261437912,0.7797757590305353,1.0748507650766292,1.0691153060548295,2.1596133563163367,2013-07-28,12.0,0,True,False
2013-03-15,2013Q1,11,diag4,student_t_ar1,3.0439466817438365,2.9985378058189136,0.142654934361896,0.6846729297929882,4.005025807945661,3.9269037062063,-0.9610791262018248,2013-04-28,6.0,0,True,False
2013-03-15,2013Q2,-2,diag4,student_t_ar1,3.275975492179617,3.2234592829208926,0.2356044746733581,0.7791858974430133,1.0748507650766292,1.0691153060548295,2.2011247271029877,2013-07-28,6.0,0,True,False
2013-03-22,2013Q1,12,diag4,student_t_ar1,2.99263665068481,2.9487310857793414,0.12207214346193701,0.6680974933283167,4.005025807945661,3.9269037062063,-1.0123891572608512,2013-04-28,7.0,0,True,False
2013-03-22,2013Q2,-1,diag4,student_t_ar1,3.2158606202483453,3.1652343431253454,0.21154282676676495,0.7704331780169816,1.0748507650766292,1.0691153060548295,2.141009855171716,2013-07-28,7.0,0,True,False
2013-03-29,2013Q1,13,diag4,student_t_ar1,2.9959556605611004,2.9519536039191525,0.12340385968397208,0.6681010765098143,4.005025807945661,3.9269037062063,-1.009070147384561,2013-04-28,4.0,0,True,False
2013-03-29,2013Q2,0,diag4,student_t_ar1,3.2164501693795033,3.1658055222483337,0.21177886841828406,0.7704339574167998,1.0748507650766292,1.0691153060548295,2.141599404302874,2013-07-28,4.0,0,True,False
2013-04-05,2013Q1,14,diag4,student_t_ar1,2.9047716828273007,2.8633827815900856,0.08680167599494047,0.6669427418522942,4.005025807945661,3.9269037062063,-1.1002541251183606,2013-04-28,13.0,59,True,True
2013-04-05,2013Q2,1,diag4,student_t_ar1,2.8684070641570303,2.8280384094320774,0.07219549793220892,0.7619634900537615,1.0748507650766292,1.0691153060548295,1.793556299080401,2013-07-28,13.0,0,True,False
2013-04-05,2013Q3,-12,diag4,student_t_ar1,3.0732219420212425,3.0269442318044173,0.15439398334585308,0.795738725473684,3.4493139225505898,3.3911586209990983,-0.3760919805293472,2013-10-28,13.0,0,True,False
2013-04-12,2013Q1,15,diag4,student_t_ar1,2.904056438406566,2.8626877245050477,0.0865144413680968,0.6669417123724822,4.005025807945661,3.9269037062063,-1.1009693695390954,2013-04-28,4.0,0,True,False
2013-04-12,2013Q2,2,diag4,student_t_ar1,2.868180911058138,2.827818562198184,0.07210464533959551,0.761964013425253,1.0748507650766292,1.0691153060548295,1.7933301459815087,2013-07-28,4.0,0,True,False
2013-04-12,2013Q3,-11,diag4,student_t_ar1,3.0730537321758344,3.026781037155529,0.1543265426203569,0.7957387406821945,3.4493139225505898,3.3911586209990983,-0.37626019037475533,2013-10-28,4.0,0,True,False
2013-04-19,2013Q1,16,diag4,student_t_ar1,3.0270939139982467,2.982181535928259,0.13589565202418813,0.6625866083738109,4.005025807945661,3.9269037062063,-0.9779318939474146,2013-04-28,11.0,0,True,False
2013-04-19,2013Q2,3,diag4,student_t_ar1,3.0082989560809015,2.9639371384898805,0.12835609476622115,0.7397938085408435,1.0748507650766292,1.0691153060548295,1.9334481910042722,2013-07-28,11.0,0,True,False
2013-04-19,2013Q3,-10,diag4,student_t_ar1,3.0575613916377975,3.0117494606399156,0.14811469417758075,0.794541534413978,3.4493139225505898,3.3911586209990983,-0.3917525309127923,2013-10-28,11.0,0,True,False
2013-04-26,2013Q1,17,diag4,student_t_ar1,3.0225648999544275,2.9777854946335327,0.13407897349797626,0.6625775643954146,4.005025807945661,3.9269037062063,-0.9824609079912339,2013-04-28,4.0,0,True,False
2013-04-26,2013Q2,4,diag4,student_t_ar1,3.0065364890212942,2.9622261286435774,0.12764901431871825,0.7397916749645983,1.0748507650766292,1.0691153060548295,1.931685723944665,2013-07-28,4.0,0,True,False
2013-04-26,2013Q3,-9,diag4,student_t_ar1,3.0569586993736353,3.0111646476302463,0.14787301827754076,0.794541005569436,3.4493139225505898,3.3911586209990983,-0.3923552231769545,2013-10-28,4.0,0,True,False
2013-05-03,2013Q2,5,diag4,student_t_ar1,2.692504372859017,2.6568942624211482,-0.0031983269657280557,0.7382124955666249,1.0748507650766292,1.0691153060548295,1.6176536077823878,2013-07-28,11.0,2,True,True
2013-05-03,2013Q3,-8,diag4,student_t_ar1,2.9663342314554475,2.9231896691955552,0.10720727016033998,0.7905762202999942,3.4493139225505898,3.3911586209990983,-0.48297969109514227,2013-10-28,11.0,0,True,False
2013-05-10,2013Q2,6,diag4,student_t_ar1,2.812161886269471,2.773346632200449,0.04508261628434162,0.7297205272060555,1.0748507650766292,1.0691153060548295,1.7373111211928416,2013-07-28,8.0,0,True,False
2013-05-10,2013Q3,-7,diag4,student_t_ar1,3.057158679682792,3.0113586957737644,0.1437619901433168,0.7882342634155672,3.4493139225505898,3.3911586209990983,-0.3921552428677977,2013-10-28,8.0,0,True,False
2013-05-17,2013Q2,7,diag4,student_t_ar1,2.4710945602719248,2.441056852965448,-0.0926841290745403,0.6882366710054408,1.0748507650766292,1.0691153060548295,1.3962437951952955,2013-07-28,10.0,0,True,False
2013-05-17,2013Q3,-6,diag4,student_t_ar1,2.9629167682796,2.9198706038762174,0.10583119164317531,0.7869978428035965,3.4493139225505898,3.3911586209990983,-0.48639715427098995,2013-10-28,10.0,0,True,False
2013-05-24,2013Q2,8,diag4,student_t_ar1,2.4444084819539524,2.415010918838796,-0.10348272655990891,0.6877440781947453,1.0748507650766292,1.0691153060548295,1.3695577168773232,2013-07-28,2.0,0,True,False
2013-05-24,2013Q3,-5,diag4,student_t_ar1,2.924305108662417,2.8823630211152644,0.09028061523016731,0.7861262438579807,3.4493139225505898,3.3911586209990983,-0.5250088138881726,2013-10-28,2.0,0,True,False
2013-05-31,2013Q2,9,diag4,student_t_ar1,2.44593584417383,2.416501825816327,-0.10286459920612691,0.6877373458622169,1.0748507650766292,1.0691153060548295,1.3710850790972007,2013-07-28,8.0,0,True,False
2013-05-31,2013Q3,-4,diag4,student_t_ar1,2.9260705170198076,2.884078255641378,0.0909917483824836,0.7861083160644293,3.4493139225505898,3.3911586209990983,-0.5232434055307822,2013-10-28,8.0,0,True,False
2013-06-07,2013Q2,10,diag4,student_t_ar1,2.4868592977782544,2.4564402398900964,-0.08630620449893575,0.6847629116883487,1.0748507650766292,1.0691153060548295,1.4120085327016252,2013-07-28,12.0,11,False,True
2013-06-07,2013Q3,-3,diag4,student_t_ar1,2.996051372765396,2.9520465319950278,0.11917127362232906,0.7801467047099795,3.4493139225505898,3.3911586209990983,-0.45326254978519387,2013-10-28,12.0,0,True,False
2013-06-14,2013Q2,11,diag4,student_t_ar1,2.5012294463878426,2.470460711734261,-0.08049334206659357,0.6835316030467603,1.0748507650766292,1.0691153060548295,1.4263786813112134,2013-07-28,6.0,0,True,False
2013-06-14,2013Q3,-2,diag4,student_t_ar1,3.000752028598619,2.9566103463420625,0.12106342284961094,0.7796527127746914,3.4493139225505898,3.3911586209990983,-0.4485618939519709,2013-10-28,6.0,0,True,False
2013-06-21,2013Q2,12,diag4,student_t_ar1,2.424278562467719,2.3953593851257398,-0.11163021712429193,0.6660459378673915,1.0748507650766292,1.0691153060548295,1.3494277973910895,2013-07-28,6.0,0,True,False
2013-06-21,2013Q3,-1,diag4,student_t_ar1,3.0648259013203116,3.018798194919512,0.14684639312065004,0.7709786701698631,3.4493139225505898,3.3911586209990983,-0.38448802123027814,2013-10-28,6.0,0,True,False
2013-06-28,2013Q2,13,diag4,student_t_ar1,2.4290308936306015,2.39999912580297,-0.10970658897694761,0.6660431661772118,1.0748507650766292,1.0691153060548295,1.3541801285539723,2013-07-28,4.0,0,True,False
2013-06-28,2013Q3,0,diag4,student_t_ar1,3.0657370911762127,3.019682284927974,0.14721293524948265,0.7709773978229613,3.4493139225505898,3.3911586209990983,-0.38357683137437704,2013-10-28,4.0,0,True,False
2013-07-05,2013Q2,14,diag4,student_t_ar1,2.4758447497898795,2.4456923840300324,-0.09076224622503475,0.665086556092672,1.0748507650766292,1.0691153060548295,1.4009939847132502,2013-07-28,13.0,2,True,True
2013-07-05,2013Q3,1,diag4,student_t_ar1,3.2272324053280066,3.176251214578387,0.21212613213420106,0.7610904493298227,3.4493139225505898,3.3911586209990983,-0.22208151722258318,2013-10-28,13.0,0,True,False
2013-07-05,2013Q4,-12,diag4,student_t_ar1,2.949826662800392,2.9071563781525107,0.10055989650510089,0.7966955020838299,3.532828598657445,3.4718560953045587,-0.5830019358570526,2014-01-28,13.0,0,True,False
2013-07-12,2013Q2,15,diag4,student_t_ar1,2.475091453056244,2.4449572844519465,-0.09106701718916346,0.6650847198681993,1.0748507650766292,1.0691153060548295,1.4002406879796148,2013-07-28,4.0,0,True,False
2013-07-12,2013Q3,2,diag4,student_t_ar1,3.2268961253204775,3.1759254472905925,0.21199106960207256,0.7610882014081464,3.4493139225505898,3.3911586209990983,-0.22241779723011224,2013-10-28,4.0,0,True,False
2013-07-12,2013Q4,-11,diag4,student_t_ar1,2.949577232204348,2.9069140942106317,0.10045944601817294,0.7966953977455571,3.532828598657445,3.4718560953045587,-0.5832513664530969,2014-01-28,4.0,0,True,False
2013-07-19,2013Q2,16,diag4,student_t_ar1,2.414244340924765,2.3855621834971092,-0.11569211931432773,0.660979856457845,1.0748507650766292,1.0691153060548295,1.3393935758481357,2013-07-28,11.0,0,True,False
2013-07-19,2013Q3,3,diag4,student_t_ar1,3.0737155279878303,3.0274230999095173,0.15042226323088387,0.7408403240998017,3.4493139225505898,3.3911586209990983,-0.37559839456275945,2013-10-28,11.0,0,True,False
2013-07-19,2013Q4,-10,diag4,student_t_ar1,2.9058460603359926,2.8644268263730845,0.08284430112071146,0.7956321370927351,3.532828598657445,3.4718560953045587,-0.6269825383214522,2014-01-28,11.0,0,True,False
2013-07-26,2013Q2,17,diag4,student_t_ar1,2.4170927114254948,2.388343369756894,-0.11453904448870564,0.6609774583809139,1.0748507650766292,1.0691153060548295,1.3422419463488655,2013-07-28,4.0,0,True,False
2013-07-26,2013Q3,4,diag4,student_t_ar1,3.127508744713925,3.0795985592320103,0.1720541149086964,0.7393115025289009,3.4493139225505898,3.3911586209990983,-0.32180517783666485,2013-10-28,4.0,0,True,False
2013-07-26,2013Q4,-9,diag4,student_t_ar1,2.944482402169446,2.901965112151597,0.09840760694962739,0.7950737417977393,3.532828598657445,3.4718560953045587,-0.5883461964879988,2014-01-28,4.0,0,True,False
2013-08-02,2013Q3,5,diag4,student_t_ar1,3.6330846376317227,3.568644264009266,0.381571392510866,0.745335542747018,3.4493139225505898,3.3911586209990983,0.18377071508113296,2013-10-28,10.0,8,True,True
2013-08-02,2013Q4,-8,diag4,student_t_ar1,3.0977308268789416,3.0507195353998107,0.16630066569609211,0.7926396938619029,3.532828598657445,3.4718560953045587,-0.4350977717785032,2014-01-28,10.0,0,True,False
2013-08-09,2013Q3,6,diag4,student_t_ar1,3.5907090503499273,3.5277458834533326,0.3645723507167796,0.7402273819197223,3.4493139225505898,3.3911586209990983,0.1413951277993375,2013-10-28,9.0,0,True,False
2013-08-09,2013Q4,-7,diag4,student_t_ar1,3.0727264820995748,3.0264635433160385,0.15621888207570733,0.7900563863594653,3.532828598657445,3.4718560953045587,-0.46010211655787003,2014-01-28,9.0,0,True,False
2013-08-16,2013Q3,7,diag4,student_t_ar1,3.6449063676287086,3.580050906800871,0.3863124603700083,0.7331600163465393,3.4493139225505898,3.3911586209990983,0.1955924450781188,2013-10-28,8.0,0,True,False
2013-08-16,2013Q4,-6,diag4,student_t_ar1,3.0593127987728064,3.0134488917436766,0.15080945991750022,0.7898708426176462,3.532828598657445,3.4718560953045587,-0.47351579988463843,2014-01-28,8.0,0,True,False
2013-08-23,2013Q3,8,diag4,student_t_ar1,2.4110061793280346,2.3824003061516494,-0.11148017440939575,0.6883410834666711,3.4493139225505898,3.3911586209990983,-1.0383077432225551,2013-10-28,4.0,0,True,False
2013-08-23,2013Q4,-5,diag4,student_t_ar1,2.8824795804577086,2.8417175887076898,0.07943089778423376,0.7877257701021517,3.532828598657445,3.4718560953045587,-0.6503490181997362,2014-01-28,4.0,0,True,False
2013-08-30,2013Q3,9,diag4,student_t_ar1,2.4016784429744975,2.3732917527657253,-0.1152660622021712,0.6883362666969461,3.4493139225505898,3.3911586209990983,-1.0476354795760923,2013-10-28,8.0,0,True,False
2013-08-30,2013Q4,-4,diag4,student_t_ar1,2.8814512171488227,2.840718032269479,0.07901544119554424,0.7877442417401529,3.532828598657445,3.4718560953045587,-0.6513773815086221,2014-01-28,8.0,0,True,False
2013-09-06,2013Q3,10,diag4,student_t_ar1,2.627693444509971,2.5937626940799996,-0.02362931045701657,0.6848467124626679,3.4493139225505898,3.3911586209990983,-0.8216204780406189,2013-10-28,10.0,5,True,True
2013-09-06,2013Q4,-3,diag4,student_t_ar1,3.241890528602709,3.190450067260141,0.22437839686090422,0.7804675245286381,3.532828598657445,3.4718560953045587,-0.29093807005473593,2014-01-28,10.0,0,True,False
2013-09-13,2013Q3,11,diag4,student_t_ar1,2.6260582434846302,2.592169348270784,-0.02429157022464354,0.6839672499097654,3.4493139225505898,3.3911586209990983,-0.8232556790659595,2013-10-28,6.0,0,True,False
2013-09-13,2013Q4,-2,diag4,student_t_ar1,3.2309637302672334,3.179865820352805,0.21997915040930774,0.7801045920096745,3.532828598657445,3.4718560953045587,-0.3018648683902114,2014-01-28,6.0,0,True,False
2013-09-20,2013Q3,12,diag4,student_t_ar1,2.725262035404352,2.6887879621685395,0.015867082353016333,0.6668281087669506,3.4493139225505898,3.3911586209990983,-0.7240518871462376,2013-10-28,8.0,0,True,False
2013-09-20,2013Q4,-1,diag4,student_t_ar1,3.3726465702051067,3.3170201149386065,0.27698609186298917,0.7714230131965769,3.532828598657445,3.4718560953045587,-0.1601820284523381,2014-01-28,8.0,0,True,False
2013-09-27,2013Q3,13,diag4,student_t_ar1,2.722970514950851,2.6865572099978654,0.014939890399054235,0.6668244042640489,3.4493139225505898,3.3911586209990983,-0.7263434075997388,2013-10-28,4.0,0,True,False
2013-09-27,2013Q4,0,diag4,student_t_ar1,3.3722765803302357,3.316662195750805,0.27683732599134236,0.7714227698046429,3.532828598657445,3.4718560953045587,-0.1605520183272091,2014-01-28,4.0,0,True,False
2013-10-04,2013Q3,14,diag4,student_t_ar1,2.703148050568238,2.6672583354608284,0.006918487830674872,0.6660906433011679,3.4493139225505898,3.3911586209990983,-0.7461658719823516,2013-10-28,9.0,21,True,True
2013-10-04,2013Q4,1,diag4,student_t_ar1,3.2829145851178243,3.2301780379821916,0.24089096839841959,0.7649008983379268,3.532828598657445,3.4718560953045587,-0.2499140135396205,2014-01-28,9.0,0,True,False
2013-10-04,2014Q1,-12,diag4,student_t_ar1,3.4237122418509625,3.3664075151589508,0.2975135178645821,0.7988158796905097,-1.3732548917761767,-1.3827712598634003,4.796967133627139,2014-04-28,9.0,0,True,False
2013-10-11,2013Q3,15,diag4,student_t_ar1,2.673031762051914,2.637930407792032,-0.005271399920357051,0.6654674875577418,3.4493139225505898,3.3911586209990983,-0.7762821604986758,2013-10-28,7.0,0,True,False
2013-10-11,2013Q4,2,diag4,student_t_ar1,3.1748542355440446,3.1254976861032215,0.1973815273784591,0.7600579176417567,3.532828598657445,3.4718560953045587,-0.35797436311340025,2014-01-28,7.0,0,True,False
2013-10-11,2014Q1,-11,diag4,student_t_ar1,3.3410781894489983,3.2864770234837613,0.26429113228014095,0.7967879176255152,-1.3732548917761767,-1.3827712598634003,4.714333081225175,2014-04-28,7.0,0,True,False
2013-10-18,2013Q3,16,diag4,student_t_ar1,2.771192662797084,2.7334900746453927,0.03444711090057068,0.6615943722119122,3.4493139225505898,3.3911586209990983,-0.6781212597535058,2013-10-28,12.0,0,True,False
2013-10-18,2013Q4,3,diag4,student_t_ar1,3.3365012670305783,3.2820479775938227,0.2624502394338333,0.7411926744102196,3.532828598657445,3.4718560953045587,-0.19632733162686655,2014-01-28,12.0,0,True,False
2013-10-18,2014Q1,-10,diag4,student_t_ar1,3.3393470591311036,3.2848018476021155,0.26359486058337794,0.7958061119336655,-1.3732548917761767,-1.3827712598634003,4.71260195090728,2014-04-28,12.0,0,True,False
2013-10-25,2013Q3,17,diag4,student_t_ar1,2.7709205575468188,2.733225306276524,0.034337062323904106,0.6615941020903306,3.4493139225505898,3.3911586209990983,-0.678393365003771,2013-10-28,0.0,0,True,False
2013-10-25,2013Q4,4,diag4,student_t_ar1,3.286837931001929,3.233976605620279,0.2424698086644591,0.7400458375454945,3.532828598657445,3.4718560953045587,-0.2459906676555157,2014-01-28,0.0,0,True,False
2013-10-25,2014Q1,-9,diag4,student_t_ar1,3.301873171780545,3.248532329139631,0.24851976343247822,0.7952372794045545,-1.3732548917761767,-1.3827712598634003,4.675128063556722,2014-04-28,0.0,0,True,False
2013-11-01,2013Q4,5,diag4,student_t_ar1,3.272651224093459,3.2202404107944655,0.23501979491631578,0.7329394780004878,3.532828598657445,3.4718560953045587,-0.2601773745639857,2014-01-28,13.0,8,True,True
2013-11-01,2014Q1,-8,diag4,student_t_ar1,3.3969249233941623,3.340503602499424,0.2852059422040665,0.7909425830666907,-1.3732548917761767,-1.3827712598634003,4.770179815170339,2014-04-28,13.0,0,True,False
2013-11-08,2013Q4,6,diag4,student_t_ar1,3.363075769774815,3.3077611437953514,0.27154242777550397,0.7248279490642505,3.532828598657445,3.4718560953045587,-0.16975282888263,2014-01-28,10.0,0,True,False
2013-11-08,2014Q1,-7,diag4,student_t_ar1,3.466520919880689,3.407790501669685,0.3132849428061725,0.7885457869560848,-1.3732548917761767,-1.3827712598634003,4.839775811656866,2014-04-28,10.0,0,True,False
2013-11-15,2013Q4,7,diag4,student_t_ar1,3.348227234377088,3.2933946962837948,0.2655472713141193,0.7231495981908,3.532828598657445,3.4718560953045587,-0.18460136428035678,2014-01-28,6.0,0,True,False
2013-11-15,2014Q1,-6,diag4,student_t_ar1,3.4600223632128113,3.4015094740480816,0.31066385340327746,0.7884955331228235,-1.3732548917761767,-1.3827712598634003,4.833277254988988,2014-04-28,6.0,0,True,False
2013-11-22,2013Q4,8,diag4,student_t_ar1,2.6840368388211022,2.6486483994878656,-0.003507059903153244,0.6880466166685469,3.532828598657445,3.4718560953045587,-0.8487917598363426,2014-01-28,6.0,0,True,False
2013-11-22,2014Q1,-5,diag4,student_t_ar1,3.2571028289298365,3.2051836018961097,0.22873654882627187,0.7865904818755992,-1.3732548917761767,-1.3827712598634003,4.630357720706013,2014-04-28,6.0,0,True,False
2013-11-29,2013Q4,9,diag4,student_t_ar1,2.6851835339264385,2.649765115131312,-0.0030410515179938495,0.6880454423340117,3.532828598657445,3.4718560953045587,-0.8476450647310063,2014-01-28,4.0,0,True,False
2013-11-29,2014Q1,-4,diag4,student_t_ar1,3.257179192664128,3.2052575568144235,0.22876741040886017,0.7865902764852675,-1.3732548917761767,-1.3827712598634003,4.630434084440305,2014-04-28,4.0,0,True,False
2013-12-06,2013Q4,10,diag4,student_t_ar1,2.8878239299563457,2.846912069552252,0.07922889285678862,0.6832515650291241,3.532828598657445,3.4718560953045587,-0.6450046687010991,2014-01-28,13.0,3,True,True
2013-12-06,2014Q1,-3,diag4,student_t_ar1,3.555891661921051,3.4941297018341038,0.3493145188944932,0.7790087315188926,-1.3732548917761767,-1.3827712598634003,4.929146553697228,2014-04-28,13.0,0,True,False
2013-12-13,2013Q4,11,diag4,student_t_ar1,2.8884701969740023,2.8475401953724835,0.07949101141927221,0.682502659051187,3.532828598657445,3.4718560953045587,-0.6443584016834425,2014-01-28,6.0,0,True,False
2013-12-13,2014Q1,-2,diag4,student_t_ar1,3.5507951320758124,3.4892080550006153,0.3472607026820506,0.7786978142145273,-1.3732548917761767,-1.3827712598634003,4.924050023851989,2014-04-28,6.0,0,True,False
2013-12-20,2013Q4,12,diag4,student_t_ar1,2.7047224843292916,2.6687913183567553,0.004898633300460929,0.6661511724415272,3.532828598657445,3.4718560953045587,-0.8281061143281532,2014-01-28,9.0,0,True,False
2013-12-20,2014Q1,-1,diag4,student_t_ar1,3.3707233969522354,3.315159670027364,0.27462985229773823,0.7701043590619657,-1.3732548917761767,-1.3827712598634003,4.743978288728412,2014-04-28,9.0,0,True,False
2013-12-27,2013Q4,13,diag4,student_t_ar1,2.7102633903637985,2.674186159450988,0.007149914726729628,0.6661489639063332,3.532828598657445,3.4718560953045587,-0.8225652082936463,2014-01-28,4.0,0,True,False
2013-12-27,2014Q1,0,diag4,student_t_ar1,3.371749975693006,3.3161527690495776,0.27504427514061797,0.7701035666594158,-1.3732548917761767,-1.3827712598634003,4.7450048674691825,2014-04-28,4.0,0,True,False
2014-01-03,2013Q4,14,diag4,student_t_ar1,2.728371154863818,2.691814552072457,0.01450628949115281,0.6655179798810681,3.532828598657445,3.4718560953045587,-0.8044574437936269,2014-01-28,8.0,26,True,True
2014-01-03,2014Q1,1,diag4,student_t_ar1,3.4458985955185595,3.3878571168310927,0.30496668870638755,0.7647225971976822,-1.3732548917761767,-1.3827712598634003,4.819153487294736,2014-04-28,8.0,0,True,False
2014-01-03,2014Q2,-12,diag4,student_t_ar1,3.119674591434496,3.0720017007862452,0.17315939000979957,0.7982051116507224,5.268365026582655,5.134276091659679,-2.1486904351481595,2014-07-28,8.0,0,True,False
2014-01-10,2013Q4,15,diag4,student_t_ar1,2.6368336163161477,2.602668443108435,-0.022694617047017935,0.6656507402211537,3.532828598657445,3.4718560953045587,-0.8959949823412972,2014-01-28,8.0,0,True,False
2014-01-10,2014Q1,2,diag4,student_t_ar1,3.107701824476461,3.0603904712981382,0.16831399330095806,0.7627429430840801,-1.3732548917761767,-1.3827712598634003,4.480956716252638,2014-04-28,8.0,0,True,False
2014-01-10,2014Q2,-11,diag4,student_t_ar1,2.871515140316916,2.831059773615397,0.07261368792619083,0.7962502357496393,5.268365026582655,5.134276091659679,-2.3968498862657395,2014-07-28,8.0,0,True,False
2014-01-17,2013Q4,16,diag4,student_t_ar1,2.6714411230922774,2.6363811681779263,-0.008626207903514501,0.6610047582274781,3.532828598657445,3.4718560953045587,-0.8613874755651674,2014-01-28,10.0,0,True,False
2014-01-17,2014Q1,3,diag4,student_t_ar1,3.2687898321289266,3.2165013142284353,0.23345946005137838,0.7411447983025691,-1.3732548917761767,-1.3827712598634003,4.642044723905103,2014-04-28,10.0,0,True,False
2014-01-17,2014Q2,-10,diag4,student_t_ar1,2.937284950150021,2.894973281728822,0.09928496353748788,0.7952704670981953,5.268365026582655,5.134276091659679,-2.3310800764326345,2014-07-28,10.0,0,True,False
2014-01-24,2013Q4,17,diag4,student_t_ar1,2.6719442041793107,2.6368711582365063,-0.00842173375892552,0.661004607943906,3.532828598657445,3.4718560953045587,-0.8608843944781341,2014-01-28,2.0,0,True,False
2014-01-24,2014Q1,4,diag4,student_t_ar1,3.3876174926248837,3.3315015458980826,0.2814493602267983,0.7414603403256878,-1.3732548917761767,-1.3827712598634003,4.76087238440106,2014-04-28,2.0,0,True,False
2014-01-24,2014Q2,-9,diag4,student_t_ar1,3.022322825208068,2.9775505218088902,0.1337446637543364,0.7948949076712442,5.268365026582655,5.134276091659679,-2.2460422013745873,2014-07-28,2.0,0,True,False
2014-01-31,2014Q1,5,diag4,student_t_ar1,3.345976014866281,3.2912163869983755,0.2627203470426405,0.7401906932053185,-1.3732548917761767,-1.3827712598634003,4.719230906642458,2014-04-28,10.0,0,True,False
2014-01-31,2014Q2,-8,diag4,student_t_ar1,3.116335612144505,3.0687636830540472,0.16953082108324258,0.7917126808668006,5.268365026582655,5.134276091659679,-2.15202941443815,2014-07-28,10.0,0,True,False
2014-02-07,2014Q1,6,diag4,student_t_ar1,3.106415989054878,3.0591433836251456,0.16550070084882598,0.7279861966257529,-1.3732548917761767,-1.3827712598634003,4.479670880831055,2014-04-28,13.0,11,False,True
2014-02-07,2014Q2,-7,diag4,student_t_ar1,2.9615382923410483,2.918531786747216,0.10659591873061187,0.7887444820383525,5.268365026582655,5.134276091659679,-2.306826734241607,2014-07-28,13.0,0,True,False
2014-02-14,2014Q1,7,diag4,student_t_ar1,2.9462166275260993,2.9036497199215283,0.10036154743194275,0.7245250285693429,-1.3732548917761767,-1.3827712598634003,4.319471519302276,2014-04-28,6.0,0,True,False
2014-02-14,2014Q2,-6,diag4,student_t_ar1,2.899910030627195,2.8586582513602092,0.08151379439003856,0.7880344345272134,5.268365026582655,5.134276091659679,-2.36845499595546,2014-07-28,6.0,0,True,False
2014-02-21,2014Q1,8,diag4,student_t_ar1,2.1199576867322545,2.0977992036616335,-0.2372240438998191,0.6887881826330258,-1.3732548917761767,-1.3827712598634003,3.493212578508431,2014-04-28,6.0,0,True,False
2014-02-21,2014Q2,-5,diag4,student_t_ar1,2.6721068431408534,2.6370295645411534,-0.01133053565164263,0.7871374099319206,5.268365026582655,5.134276091659679,-2.596258183441802,2014-07-28,6.0,0,True,False
2014-02-28,2014Q1,9,diag4,student_t_ar1,2.1165659599405418,2.094477832213013,-0.23861542744042766,0.6887906425159438,-1.3732548917761767,-1.3827712598634003,3.4898208517167184,2014-04-28,4.0,0,True,False
2014-02-28,2014Q2,-4,diag4,student_t_ar1,2.671764305673907,2.6366959412729987,-0.011470296570063076,0.787138825315811,5.268365026582655,5.134276091659679,-2.5966007209087483,2014-07-28,4.0,0,True,False
2014-03-07,2014Q1,10,diag4,student_t_ar1,2.1946587366387105,2.170922756486913,-0.20659124374307133,0.6827769350666958,-1.3732548917761767,-1.3827712598634003,3.567913628414887,2014-04-28,15.0,4,True,True
2014-03-07,2014Q2,-3,diag4,student_t_ar1,2.7791921046134593,2.7412735111293105,0.032339169388752406,0.7798602181352815,5.268365026582655,5.134276091659679,-2.489172921969196,2014-07-28,15.0,0,True,False
2014-03-14,2014Q1,11,diag4,student_t_ar1,2.243415964819895,2.2186215319491716,-0.1866093500849747,0.6820019939232757,-1.3732548917761767,-1.3827712598634003,3.6166708565960715,2014-04-28,6.0,0,True,False
2014-03-14,2014Q2,-2,diag4,student_t_ar1,2.8250306161236027,2.785862587815619,0.05101835307898179,0.77952983196019,5.268365026582655,5.134276091659679,-2.4433344104590526,2014-07-28,6.0,0,True,False
2014-03-21,2014Q1,12,diag4,student_t_ar1,2.731965125136848,2.6953130086003547,0.013085470208719448,0.6665015532574561,-1.3732548917761767,-1.3827712598634003,4.105220016913025,2014-04-28,7.0,0,True,False
2014-03-21,2014Q2,-1,diag4,student_t_ar1,3.1780492033040897,3.1285942916823544,0.1945949626156807,0.7714901836542759,5.268365026582655,5.134276091659679,-2.0903158232785657,2014-07-28,7.0,0,True,False
2014-03-28,2014Q1,13,diag4,student_t_ar1,2.7333060106551343,2.696618227249605,0.013632250288441254,0.6664994302356547,-1.3732548917761767,-1.3827712598634003,4.106560902431311,2014-04-28,4.0,0,True,False
2014-03-28,2014Q2,0,diag4,student_t_ar1,3.1783260339883546,3.1288625951781426,0.19470735988099783,0.7714900595956378,5.268365026582655,5.134276091659679,-2.090038992594301,2014-07-28,4.0,0,True,False
2014-04-04,2014Q1,14,diag4,student_t_ar1,2.710328920589977,2.674249960480325,0.004261772250627836,0.6656875308123066,-1.3732548917761767,-1.3827712598634003,4.083583812366154,2014-04-28,12.0,26,True,True
2014-04-04,2014Q2,1,diag4,student_t_ar1,3.0968427437546575,3.049858132396888,0.16161093846323646,0.7657769085100966,5.268365026582655,5.134276091659679,-2.171522282827998,2014-07-28,12.0,0,True,False
2014-04-04,2014Q3,-12,diag4,student_t_ar1,2.87080279968277,2.8303673145809216,0.06966220103710312,0.7987785467624096,4.950916534930627,4.832259330312024,-2.080113735247857,2014-10-28,12.0,0,True,False
2014-04-11,2014Q1,15,diag4,student_t_ar1,2.7902990728554844,2.7520795584559163,0.03686602120941309,0.6659795308836078,-1.3732548917761767,-1.3827712598634003,4.163553964631661,2014-04-28,5.0,0,True,False
2014-04-11,2014Q2,2,diag4,student_t_ar1,3.3964227597651275,3.340017935397782,0.28316421255107393,0.7644245534903108,5.268365026582655,5.134276091659679,-1.8719422668175278,2014-07-28,5.0,0,True,False
2014-04-11,2014Q3,-11,diag4,student_t_ar1,3.0870187028124496,3.0403287338487166,0.15761889827835068,0.7969890480756375,4.950916534930627,4.832259330312024,-1.8638978321181776,2014-10-28,5.0,0,True,False
2014-04-18,2014Q1,16,diag4,student_t_ar1,3.0755590612087103,3.029211641949838,0.1529617441699302,0.6611229120304707,-1.3732548917761767,-1.3827712598634003,4.448813952984887,2014-04-28,11.0,0,True,False
2014-04-18,2014Q2,3,diag4,student_t_ar1,4.03489328554012,3.9556169242558097,0.5410499425762799,0.7419391622815693,5.268365026582655,5.134276091659679,-1.2334717410425355,2014-07-28,11.0,0,True,False
2014-04-18,2014Q3,-10,diag4,student_t_ar1,3.172800598054737,3.123507222493612,0.19246389584141396,0.7961130797288076,4.950916534930627,4.832259330312024,-1.7781159368758903,2014-10-28,11.0,0,True,False
2014-04-25,2014Q1,17,diag4,student_t_ar1,3.0757657263907445,3.0294121404741787,0.1530457366865757,0.6611227334643773,-1.3732548917761767,-1.3827712598634003,4.449020618166921,2014-04-28,0.0,0,True,False
2014-04-25,2014Q2,4,diag4,student_t_ar1,4.081703203602127,4.0006012451999755,0.5598947013499977,0.7404030853354995,5.268365026582655,5.134276091659679,-1.1866618229805281,2014-07-28,0.0,0,True,False
2014-04-25,2014Q3,-9,diag4,student_t_ar1,3.206242398039394,3.155915358311915,0.20604025953844157,0.7955753453102995,4.950916534930627,4.832259330312024,-1.7446741368912333,2014-10-28,0.0,0,True,False
2014-05-02,2014Q2,5,diag4,student_t_ar1,4.535107545629247,4.435278637017449,0.7505193997831097,0.7511576670776541,5.268365026582655,5.134276091659679,-0.7332574809534087,2014-07-28,13.0,12,False,True
2014-05-02,2014Q3,-8,diag4,student_t_ar1,2.816495409159714,2.7775615339051947,0.061541959379302305,0.8012600411690864,4.950916534930627,4.832259330312024,-2.1344211257709134,2014-10-28,13.0,0,True,False
2014-05-09,2014Q2,6,diag4,student_t_ar1,4.796462875630869,4.684983414253796,0.8543012561408112,0.7476681313775227,5.268365026582655,5.134276091659679,-0.4719021509517862,2014-07-28,10.0,0,True,False
2014-05-09,2014Q3,-7,diag4,student_t_ar1,3.000659898402258,2.9565209001625576,0.13592073357955634,0.7988062318437629,4.950916534930627,4.832259330312024,-1.9502566365283691,2014-10-28,10.0,0,True,False
2014-05-16,2014Q2,7,diag4,student_t_ar1,4.983246771486782,4.863059688198082,0.9283130010811502,0.7465469176165651,5.268365026582655,5.134276091659679,-0.2851182550958731,2014-07-28,8.0,0,True,False
2014-05-16,2014Q3,-6,diag4,student_t_ar1,3.0157621555415126,2.9711821169876433,0.14201420249677285,0.798811129765543,4.950916534930627,4.832259330312024,-1.9351543793891146,2014-10-28,8.0,0,True,False
2014-05-23,2014Q2,8,diag4,student_t_ar1,4.241729690837026,4.154234004114707,0.6337121282329607,0.7050232707935116,5.268365026582655,5.134276091659679,-1.0266353357456293,2014-07-28,4.0,0,True,False
2014-05-23,2014Q3,-5,diag4,student_t_ar1,3.0347659540303162,2.989627882419095,0.14968059878923481,0.7970697336618359,4.950916534930627,4.832259330312024,-1.916150580900311,2014-10-28,4.0,0,True,False
2014-05-30,2014Q2,9,diag4,student_t_ar1,4.247307234130893,4.159584446878942,0.6359358697590687,0.7050207047195568,5.268365026582655,5.134276091659679,-1.0210577924517628,2014-07-28,8.0,0,True,False
2014-05-30,2014Q3,-4,diag4,student_t_ar1,3.0380890511548575,2.992853049678271,0.15102103708170914,0.7970455731845482,4.950916534930627,4.832259330312024,-1.9128274837757697,2014-10-28,8.0,0,True,False
2014-06-06,2014Q2,10,diag4,student_t_ar1,4.214039331726349,4.127666872484444,0.6226703441341394,0.6995224491119509,5.268365026582655,5.134276091659679,-1.0543256948563062,2014-07-28,10.0,24,True,True
2014-06-06,2014Q3,-3,diag4,student_t_ar1,2.9972117095345086,2.95317310939059,0.1345293307203185,0.7887065791906898,4.950916534930627,4.832259330312024,-1.9537048253961187,2014-10-28,10.0,0,True,False
2014-06-13,2014Q2,11,diag4,student_t_ar1,4.211049372393494,4.124797775149131,0.6214778949914946,0.699139869194473,5.268365026582655,5.134276091659679,-1.0573156541891615,2014-07-28,6.0,0,True,False
2014-06-13,2014Q3,-2,diag4,student_t_ar1,3.00177188369406,2.957600484788995,0.1363694286260305,0.7885450589496049,4.950916534930627,4.832259330312024,-1.9491446512365673,2014-10-28,6.0,0,True,False
2014-06-20,2014Q2,12,diag4,student_t_ar1,4.187188421678267,4.101898396467185,0.6119604958638002,0.6835690452445816,5.268365026582655,5.134276091659679,-1.081176604904388,2014-07-28,8.0,0,True,False
2014-06-20,2014Q3,-1,diag4,student_t_ar1,2.938246327091032,2.8959072217022137,0.11072858411046851,0.7805001131688675,4.950916534930627,4.832259330312024,-2.0126702078395953,2014-10-28,8.0,0,True,False
2014-06-27,2014Q2,13,diag4,student_t_ar1,4.186534864568547,4.101271103256285,0.6116997813727589,0.683566393999902,5.268365026582655,5.134276091659679,-1.081830162014108,2014-07-28,4.0,0,True,False
2014-06-27,2014Q3,0,diag4,student_t_ar1,2.938164254594633,2.8958274918330535,0.11069544692374675,0.7804998899264732,4.950916534930627,4.832259330312024,-2.0127522803359943,2014-10-28,4.0,0,True,False
2014-07-04,2014Q2,14,diag4,student_t_ar1,4.190679582693657,4.105249194754101,0.6133531487010636,0.6827467490577,5.268365026582655,5.134276091659679,-1.0776854438889982,2014-07-28,9.0,31,True,True
2014-07-04,2014Q3,1,diag4,student_t_ar1,2.9557946561503234,2.9129532022638536,0.11781320429957216,0.7744710007984098,4.950916534930627,4.832259330312024,-1.9951218787803038,2014-10-28,9.0,0,True,False
2014-07-04,2014Q4,-12,diag4,student_t_ar1,3.5297371132745337,3.4688700554353957,0.3488623802152845,0.805526227305416,2.0383303103057804,2.017834406173431,1.4914068029687533,2015-01-28,9.0,0,True,False
2014-07-11,2014Q2,15,diag4,student_t_ar1,4.215042701205185,4.128629664690838,0.6230704981222696,0.6821505365569773,5.268365026582655,5.134276091659679,-1.0533223253774704,2014-07-28,7.0,0,True,False
2014-07-11,2014Q3,2,diag4,student_t_ar1,3.0497725527908193,3.004191419204303,0.15573347010163244,0.7695668219603878,4.950916534930627,4.832259330312024,-1.901143982139808,2014-10-28,7.0,0,True,False
2014-07-11,2014Q4,-11,diag4,student_t_ar1,3.596823980523123,3.5336486808712406,0.37578555755469534,0.8036898995619878,2.0383303103057804,2.017834406173431,1.5584936702173424,2015-01-28,7.0,0,True,False
2014-07-18,2014Q2,16,diag4,student_t_ar1,4.185769897176539,4.100536871907378,0.6113946214425852,0.678364534905862,5.268365026582655,5.134276091659679,-1.0825951294061165,2014-07-28,12.0,0,True,False
2014-07-18,2014Q3,3,diag4,student_t_ar1,3.0121678569314136,2.967692979752468,0.1405640534713478,0.7512107095845943,4.950916534930627,4.832259330312024,-1.9387486779992136,2014-10-28,12.0,0,True,False
2014-07-18,2014Q4,-10,diag4,student_t_ar1,3.618320530998753,3.5543967305404918,0.38440882513615054,0.8028442563087574,2.0383303103057804,2.017834406173431,1.5799902206929728,2015-01-28,12.0,0,True,False
2014-07-25,2014Q2,17,diag4,student_t_ar1,4.186125325255197,4.10087801971742,0.6115364086899513,0.6783653287595347,5.268365026582655,5.134276091659679,-1.0822397013274587,2014-07-28,0.0,0,True,False
2014-07-25,2014Q3,4,diag4,student_t_ar1,3.093224796562466,3.0463488002203016,0.17325484598175098,0.7505771558784149,4.950916534930627,4.832259330312024,-1.8576917383681613,2014-10-28,0.0,0,True,False
2014-07-25,2014Q4,-9,diag4,student_t_ar1,3.6762469376631968,3.6102847442781996,0.4076369022199708,0.8024421625967715,2.0383303103057804,2.017834406173431,1.6379166273574164,2015-01-28,0.0,0,True,False
2014-08-01,2014Q3,5,diag4,student_t_ar1,3.4469096977733704,3.388834533362062,0.3066781081716976,0.7552794524369874,4.950916534930627,4.832259330312024,-1.5040068371572568,2014-10-28,13.0,7,True,True
2014-08-01,2014Q4,-8,diag4,student_t_ar1,4.101177059510985,4.019309657669856,0.5686315950593407,0.7978656536542673,2.0383303103057804,2.017834406173431,2.062846749205205,2015-01-28,13.0,0,True,False
2014-08-08,2014Q3,6,diag4,student_t_ar1,3.371899940728307,3.3162978424633076,0.27654014019226036,0.7496591192144275,4.950916534930627,4.832259330312024,-1.5790165942023204,2014-10-28,10.0,0,True,False
2014-08-08,2014Q4,-7,diag4,student_t_ar1,4.054790352958193,3.9747404743817034,0.5501137304839788,0.795348586021443,2.0383303103057804,2.017834406173431,2.0164600426524126,2015-01-28,10.0,0,True,False
2014-08-15,2014Q3,7,diag4,student_t_ar1,3.2866034873922922,3.233749622317843,0.2422425235698533,0.742857066361091,4.950916534930627,4.832259330312024,-1.664313047538335,2014-10-28,6.0,0,True,False
2014-08-15,2014Q4,-6,diag4,student_t_ar1,4.025944338219367,3.947014683268532,0.538594056861982,0.7951827310698829,2.0383303103057804,2.017834406173431,1.9876140279135868,2015-01-28,6.0,0,True,False
2014-08-22,2014Q3,8,diag4,student_t_ar1,2.833883958297023,2.794472321264036,0.059729024963584454,0.6968246498375767,4.950916534930627,4.832259330312024,-2.117032576633604,2014-10-28,6.0,0,True,False
2014-08-22,2014Q4,-5,diag4,student_t_ar1,3.9689588349332228,3.8922195860400817,0.5158274698390615,0.7930714461129134,2.0383303103057804,2.017834406173431,1.9306285246274424,2015-01-28,6.0,0,True,False
2014-08-29,2014Q3,9,diag4,student_t_ar1,2.836568019897956,2.797082381751852,0.060813468138914674,0.6968238505988408,4.950916534930627,4.832259330312024,-2.1143485150326713,2014-10-28,4.0,0,True,False
2014-08-29,2014Q4,-4,diag4,student_t_ar1,3.9690581736998354,3.8923151325573073,0.5158671680640702,0.7930708503153495,2.0383303103057804,2.017834406173431,1.930727863394055,2015-01-28,4.0,0,True,False
2014-09-05,2014Q3,10,diag4,student_t_ar1,2.9173673279176526,2.875622130735535,0.09344562175186523,0.692204485933597,4.950916534930627,4.832259330312024,-2.0335492070129746,2014-10-28,13.0,51,True,True
2014-09-05,2014Q4,-3,diag4,student_t_ar1,4.1025202105823055,4.020599885546643,0.5691676664730622,0.7848992981790028,2.0383303103057804,2.017834406173431,2.064189900276525,2015-01-28,13.0,0,True,False
2014-09-12,2014Q3,11,diag4,student_t_ar1,2.917074499788175,2.8753376029112534,0.09332740446967043,0.6922058897839308,4.950916534930627,4.832259330312024,-2.0338420351424524,2014-10-28,4.0,0,True,False
2014-09-12,2014Q4,-2,diag4,student_t_ar1,4.102291605848962,4.020380289533137,0.5690764274388376,0.7848999805902668,2.0383303103057804,2.017834406173431,2.063961295543182,2015-01-28,4.0,0,True,False
2014-09-19,2014Q3,12,diag4,student_t_ar1,2.281396579573025,2.2557618815402285,-0.16409753482870057,0.6744030799311721,4.950916534930627,4.832259330312024,-2.669519955357602,2014-10-28,11.0,0,True,False
2014-09-19,2014Q4,-1,diag4,student_t_ar1,3.790630211353596,3.7205512955965263,0.4445017259104616,0.7770506733746473,2.0383303103057804,2.017834406173431,1.7522999010478157,2015-01-28,11.0,0,True,False
2014-09-26,2014Q3,13,diag4,student_t_ar1,2.2807110048542745,2.2550915963863885,-0.1643760288191657,0.6744025905202653,4.950916534930627,4.832259330312024,-2.6702055300763528,2014-10-28,4.0,0,True,False
2014-09-26,2014Q4,0,diag4,student_t_ar1,3.7905252053463956,3.720450124556219,0.44445969077575326,0.7770508907826915,2.0383303103057804,2.017834406173431,1.7521948950406152,2015-01-28,4.0,0,True,False
2014-10-03,2014Q3,14,diag4,student_t_ar1,2.221448099330514,2.197133374876847,-0.1884568491923718,0.67366203019768,4.950916534930627,4.832259330312024,-2.729468435600113,2014-10-28,9.0,31,True,True
2014-10-03,2014Q4,1,diag4,student_t_ar1,3.566871378337466,3.504731835820289,0.35483179628609635,0.7727078175842478,2.0383303103057804,2.017834406173431,1.5285410680316858,2015-01-28,9.0,0,True,False
2014-10-03,2015Q1,-12,diag4,student_t_ar1,3.251868801956559,3.2001145466070677,0.22826762587053323,0.803755421149486,3.650885031119766,3.585819150769915,-0.3990162291632071,2015-04-28,9.0,0,True,False
2014-10-10,2014Q3,15,diag4,student_t_ar1,2.2063467879356535,2.182359149649155,-0.19459533057767053,0.6729800483834107,4.950916534930627,4.832259330312024,-2.7445697469949737,2014-10-28,7.0,0,True,False
2014-10-10,2014Q4,2,diag4,student_t_ar1,3.5041169426472507,3.444120314988459,0.3296485676140804,0.7669861045137477,2.0383303103057804,2.017834406173431,1.4657866323414703,2015-01-28,7.0,0,True,False
2014-10-10,2015Q1,-11,diag4,student_t_ar1,3.2056301280715793,3.155322107584315,0.20965700169865242,0.801654633310464,3.650885031119766,3.585819150769915,-0.4452549030481867,2015-04-28,7.0,0,True,False
2014-10-17,2014Q3,16,diag4,student_t_ar1,2.195453878719378,2.171700819643197,-0.19902371577768177,0.6690389402540372,4.950916534930627,4.832259330312024,-2.7554626562112494,2014-10-28,10.0,0,True,False
2014-10-17,2014Q4,3,diag4,student_t_ar1,3.3396481894338415,3.2850932466408693,0.2635750724719728,0.7492285102946203,2.0383303103057804,2.017834406173431,1.301317879128061,2015-01-28,10.0,0,True,False
2014-10-17,2015Q1,-10,diag4,student_t_ar1,3.118067961629567,3.0704436641387556,0.17439121029003637,0.8010355542708733,3.650885031119766,3.585819150769915,-0.532817069490199,2015-04-28,10.0,0,True,False
2014-10-24,2014Q3,17,diag4,student_t_ar1,2.1954301041145152,2.1716775557828822,-0.19903338158223607,0.6690388677851422,4.950916534930627,4.832259330312024,-2.755486430816112,2014-10-28,2.0,0,True,False
2014-10-24,2014Q4,4,diag4,student_t_ar1,3.340100359196496,3.285530802585101,0.26375687077119325,0.747691716809058,2.0383303103057804,2.017834406173431,1.3017700488907158,2015-01-28,2.0,0,True,False
2014-10-24,2015Q1,-9,diag4,student_t_ar1,3.1165870647741123,3.0690075360978244,0.17379451942399782,0.8004761354308616,3.650885031119766,3.585819150769915,-0.5342979663456537,2015-04-28,2.0,0,True,False
2014-10-31,2014Q4,5,diag4,student_t_ar1,3.2102272338780713,3.159776325265065,0.20405116748203528,0.7488718007931388,2.0383303103057804,2.017834406173431,1.171896923572291,2015-01-28,10.0,0,True,False
2014-10-31,2015Q1,-8,diag4,student_t_ar1,3.4212424842055222,3.3640194872287377,0.28897803248241366,0.7978605062265094,3.650885031119766,3.585819150769915,-0.2296425469142438,2015-04-28,10.0,0,True,False
2014-11-07,2014Q4,6,diag4,student_t_ar1,3.3206489001440964,3.2667062709025703,0.24851397823341512,0.7394576682445151,2.0383303103057804,2.017834406173431,1.282318589838316,2015-01-28,13.0,9,True,True
2014-11-07,2015Q1,-7,diag4,student_t_ar1,3.4711049398922444,3.4122208414817523,0.30902075932880524,0.797524438695708,3.650885031119766,3.585819150769915,-0.1797800912275216,2015-04-28,13.0,0,True,False
2014-11-14,2014Q4,7,diag4,student_t_ar1,3.2970965642988626,3.2439082910927546,0.2390342926714871,0.7380321485194843,2.0383303103057804,2.017834406173431,1.2587662539930822,2015-01-28,6.0,0,True,False
2014-11-14,2015Q1,-6,diag4,student_t_ar1,3.4604184379266822,3.4018923020686795,0.30472602327031645,0.7974916885634187,3.650885031119766,3.585819150769915,-0.1904665931930838,2015-04-28,6.0,0,True,False
2014-11-21,2014Q4,8,diag4,student_t_ar1,2.9337626728120014,2.891551452987926,0.0925199059278496,0.7033849405203292,2.0383303103057804,2.017834406173431,0.895432362506221,2015-01-28,6.0,0,True,False
2014-11-21,2015Q1,-5,diag4,student_t_ar1,3.5755343485692537,3.5130961011733186,0.350965955825653,0.7965419272929437,3.650885031119766,3.585819150769915,-0.07535068255051236,2015-04-28,6.0,0,True,False
2014-11-28,2014Q4,9,diag4,student_t_ar1,2.9328484747683348,2.890663306980604,0.09215060369349674,0.703387061288528,2.0383303103057804,2.017834406173431,0.8945181644625544,2015-01-28,4.0,0,True,False
2014-11-28,2015Q1,-4,diag4,student_t_ar1,3.575491914045026,3.5130551315242857,0.3509489201324181,0.7965425275533906,3.650885031119766,3.585819150769915,-0.07539311707474017,2015-04-28,4.0,0,True,False
2014-12-05,2014Q4,10,diag4,student_t_ar1,2.9586318884105456,2.915708941439591,0.10256489221163839,0.6978734729942768,2.0383303103057804,2.017834406173431,0.9203015781047652,2015-01-28,13.0,5,True,True
2014-12-05,2015Q1,-3,diag4,student_t_ar1,3.6313082189356027,3.566930106867567,0.37335080969330997,0.78912393780211,3.650885031119766,3.585819150769915,-0.019576812184163295,2015-04-28,13.0,0,True,False
2014-12-12,2014Q4,11,diag4,student_t_ar1,2.9587543856309573,2.9158279184940596,0.10261436436113827,0.6978726095701264,2.0383303103057804,2.017834406173431,0.9204240753251769,2015-01-28,4.0,0,True,False
2014-12-12,2015Q1,-2,diag4,student_t_ar1,3.631261999462665,3.5668855069449834,0.3733322644868616,0.7891237729513861,3.650885031119766,3.585819150769915,-0.01962303165710111,2015-04-28,4.0,0,True,False
2014-12-19,2014Q4,12,diag4,student_t_ar1,3.093169664003992,3.046295321853191,0.1568643448525372,0.6814847989855657,2.0383303103057804,2.017834406173431,1.0548393536982115,2015-01-28,11.0,0,True,False
2014-12-19,2015Q1,-1,diag4,student_t_ar1,3.604978746672316,3.541520008288332,0.3627849724288594,0.7828934840230939,3.650885031119766,3.585819150769915,-0.04590628444745004,2015-04-28,11.0,0,True,False
2014-12-26,2014Q4,13,diag4,student_t_ar1,3.0681633467499525,3.0220363427211963,0.1467771574726416,0.6815424131567381,2.0383303103057804,2.017834406173431,1.0298330364441721,2015-01-28,4.0,0,True,False
2014-12-26,2015Q1,0,diag4,student_t_ar1,3.5170306788429473,3.4565960802528357,0.32747253943364724,0.7825711994403621,3.650885031119766,3.585819150769915,-0.13385435227681874,2015-04-28,4.0,0,True,False
2015-01-02,2014Q4,14,diag4,student_t_ar1,3.036633116720422,2.991440033642973,0.13405482892262505,0.6815383188169926,2.0383303103057804,2.017834406173431,0.9983028064146415,2015-01-28,8.0,4,True,True
2015-01-02,2015Q1,1,diag4,student_t_ar1,3.3871371887621793,3.3310369786800518,0.27526349230414177,0.7801251907235165,3.650885031119766,3.585819150769915,-0.26374784235758675,2015-04-28,8.0,0,True,False
2015-01-02,2015Q2,-12,diag4,student_t_ar1,3.187336178424327,3.13759480803285,0.19482781478140018,0.8067070893197195,2.5007353109643082,2.469978633014557,0.6866008674600188,2015-07-28,8.0,0,True,False
2015-01-09,2014Q4,15,diag4,student_t_ar1,3.039969105824669,2.994677654089495,0.13540107205723292,0.6808599641985086,2.0383303103057804,2.017834406173431,1.0016387955188888,2015-01-28,8.0,0,True,False
2015-01-09,2015Q1,2,diag4,student_t_ar1,3.4014111028154437,3.3448423022280447,0.28100391875452885,0.7738839294583375,3.650885031119766,3.585819150769915,-0.24947392830432236,2015-04-28,8.0,0,True,False
2015-01-09,2015Q2,-11,diag4,student_t_ar1,3.197150427863771,3.1471054545046107,0.19878246071034064,0.8043405660665653,2.5007353109643082,2.469978633014557,0.6964151168994626,2015-07-28,8.0,0,True,False
2015-01-16,2014Q4,16,diag4,student_t_ar1,2.9997234177300047,2.9556116973181816,0.11915695790951895,0.6818567479323256,2.0383303103057804,2.017834406173431,0.9613931074242243,2015-01-28,8.0,0,True,False
2015-01-16,2015Q1,3,diag4,student_t_ar1,3.2363545346298928,3.1850877648321365,0.21457598109347106,0.7780736732283412,3.650885031119766,3.585819150769915,-0.4145304964898733,2015-04-28,8.0,0,True,False
2015-01-16,2015Q2,-10,diag4,student_t_ar1,3.153533752381854,3.1048311327065,0.18120426819797983,0.8046131962258332,2.5007353109643082,2.469978633014557,0.6527984414175458,2015-07-28,8.0,0,True,False
2015-01-23,2014Q4,17,diag4,student_t_ar1,2.94856091294331,2.9059268883327913,0.09849739200433429,0.6763504280703024,2.0383303103057804,2.017834406173431,0.9102306026375295,2015-01-28,4.0,0,True,False
2015-01-23,2015Q1,4,diag4,student_t_ar1,3.134202556318444,3.086089159513211,0.1734111209908766,0.7514649596073807,3.650885031119766,3.585819150769915,-0.5166824748013221,2015-04-28,4.0,0,True,False
2015-01-23,2015Q2,-9,diag4,student_t_ar1,3.1513384569797465,3.1027029276101357,0.18031933386199378,0.803333689787198,2.5007353109643082,2.469978633014557,0.6506031460154382,2015-07-28,4.0,0,True,False
2015-01-30,2015Q1,5,diag4,student_t_ar1,3.1682223660851605,3.1190696832156157,0.19012355928864383,0.7502946220742371,3.650885031119766,3.585819150769915,-0.48266266503460553,2015-04-28,10.0,0,True,False
2015-01-30,2015Q2,-8,diag4,student_t_ar1,3.068797101177956,3.0226512294708816,0.1498744345151621,0.8008017912182929,2.5007353109643082,2.469978633014557,0.5680617902136476,2015-07-28,10.0,0,True,False
2015-02-06,2015Q1,6,diag4,student_t_ar1,2.880976517918743,2.8402566271088614,0.07373524307039672,0.74037768351344,3.650885031119766,3.585819150769915,-0.769908513201023,2015-04-28,11.0,11,False,True
2015-02-06,2015Q2,-7,diag4,student_t_ar1,2.883574684726331,2.842782005549947,0.07478944242775837,0.7984886861789299,2.5007353109643082,2.469978633014557,0.3828393737620228,2015-07-28,11.0,0,True,False
2015-02-13,2015Q1,7,diag4,student_t_ar1,2.8256557526870507,2.786470547433438,0.05128266736674635,0.7610083424924993,3.650885031119766,3.585819150769915,-0.8252292784327153,2015-04-28,6.0,0,True,False
2015-02-13,2015Q2,-6,diag4,student_t_ar1,2.821919783446414,2.782837176866031,0.04976594541533412,0.7990527694069198,2.5007353109643082,2.469978633014557,0.3211844724821056,2015-07-28,6.0,0,True,False
2015-02-20,2015Q1,8,diag4,student_t_ar1,1.463900765001469,1.4532891744956167,-0.5052434056100963,0.7008477703209228,3.650885031119766,3.585819150769915,-2.186984266118297,2015-04-28,8.0,0,True,False
2015-02-20,2015Q2,-5,diag4,student_t_ar1,2.638180512709143,2.603980727897426,-0.024896271738012826,0.7973665212203961,2.5007353109643082,2.469978633014557,0.13744520174483466,2015-07-28,8.0,0,True,False
2015-02-27,2015Q1,9,diag4,student_t_ar1,1.4640084060135283,1.4533952624285211,-0.5051991200373392,0.7008474673865646,3.650885031119766,3.585819150769915,-2.1868766251062377,2015-04-28,4.0,0,True,False
2015-02-27,2015Q2,-4,diag4,student_t_ar1,2.6381885238937697,2.6039885331646935,-0.02489301349061358,0.7973665092928017,2.5007353109643082,2.469978633014557,0.13745321292946144,2015-07-28,4.0,0,True,False
2015-03-06,2015Q1,10,diag4,student_t_ar1,1.4944647293043456,1.4834076320023828,-0.4926706925339871,0.6961770273555409,3.650885031119766,3.585819150769915,-2.1564203018154204,2015-04-28,10.0,4,True,True
2015-03-06,2015Q2,-3,diag4,student_t_ar1,2.717894697393941,2.681615819634568,0.0075118863766322945,0.7913386814093719,2.5007353109643082,2.469978633014557,0.21715938642963284,2015-07-28,10.0,0,True,False
2015-03-13,2015Q1,11,diag4,student_t_ar1,1.4987293680853053,1.487609387436171,-0.4909167027928746,0.6967138534414963,3.650885031119766,3.585819150769915,-2.1521556630344607,2015-04-28,8.0,0,True,False
2015-03-13,2015Q2,-2,diag4,student_t_ar1,2.747098511304391,2.710042865673942,0.019378533045841875,0.7914993105957503,2.5007353109643082,2.469978633014557,0.24636320034008286,2015-07-28,8.0,0,True,False
2015-03-20,2015Q1,12,diag4,student_t_ar1,0.7371760223780388,0.7344721599573443,-0.8053079117683145,0.679394885492997,3.650885031119766,3.585819150769915,-2.9137090087417272,2015-04-28,10.0,0,True,False
2015-03-20,2015Q2,-1,diag4,student_t_ar1,2.175124970902087,2.15180665679572,-0.2136527794423254,0.7835463528317823,2.5007353109643082,2.469978633014557,-0.3256103400622212,2015-07-28,10.0,0,True,False
2015-03-27,2015Q1,13,diag4,student_t_ar1,0.7366438884838455,0.733943918725366,-0.8055284219137342,0.6793942032345954,3.650885031119766,3.585819150769915,-2.9142411426359205,2015-04-28,4.0,0,True,False
2015-03-27,2015Q2,0,diag4,student_t_ar1,2.175027122080353,2.1517108909538676,-0.21369275613940006,0.7835463901413029,2.5007353109643082,2.469978633014557,-0.32570818888395525,2015-07-28,4.0,0,True,False
2015-04-03,2015Q1,14,diag4,student_t_ar1,0.7062652117191259,0.7037828402037123,-0.8181189267971121,0.6791855699485619,3.650885031119766,3.585819150769915,-2.94461981940064,2015-04-28,8.0,17,True,True
2015-04-03,2015Q2,1,diag4,student_t_ar1,2.068527412421406,2.0474239091160205,-0.2572265360458279,0.7824246444065012,2.5007353109643082,2.469978633014557,-0.4322078985429023,2015-07-28,8.0,0,True,False
2015-04-03,2015Q3,-12,diag4,student_t_ar1,2.7362336423719658,2.6994679262580035,0.014964107803647365,0.8125152697924577,1.6106176842981101,1.59778484627612,1.1256159580738556,2015-10-28,8.0,0,True,False
2015-04-10,2015Q1,15,diag4,student_t_ar1,0.699140174577062,0.6967075215136698,-0.8210724629067204,0.6783932393539907,3.650885031119766,3.585819150769915,-2.951744856542704,2015-04-28,8.0,0,True,False
2015-04-10,2015Q2,2,diag4,student_t_ar1,2.0548427362305777,2.0340156685981823,-0.26282370053701626,0.7756290411121238,2.5007353109643082,2.469978633014557,-0.44589257473373056,2015-07-28,8.0,0,True,False
2015-04-10,2015Q3,-11,diag4,student_t_ar1,2.7248771370393943,2.6884132743084828,0.010349430339293324,0.8100935910996118,1.6106176842981101,1.59778484627612,1.1142594527412841,2015-10-28,8.0,0,True,False
2015-04-17,2015Q1,16,diag4,student_t_ar1,0.5166744535765266,0.5153442709634737,-0.8967811246536193,0.6743643972552855,3.650885031119766,3.585819150769915,-3.1342105775432394,2015-04-28,10.0,0,True,False
2015-04-17,2015Q2,3,diag4,student_t_ar1,1.5691457042333878,1.5569619021511545,-0.46196604127834523,0.7557117724740792,2.5007353109643082,2.469978633014557,-0.9315896067309204,2015-07-28,10.0,0,True,False
2015-04-17,2015Q3,-10,diag4,student_t_ar1,2.6158761064432268,2.5822472657470663,-0.0339687344863312,0.8093304296376188,1.6106176842981101,1.59778484627612,1.0052584221451166,2015-10-28,10.0,0,True,False
2015-04-24,2015Q1,17,diag4,student_t_ar1,0.51680882894658,0.5154779555296995,-0.8967253190834474,0.6743644101120343,3.650885031119766,3.585819150769915,-3.134076202173186,2015-04-28,2.0,0,True,False
2015-04-24,2015Q2,4,diag4,student_t_ar1,1.6252506383607868,1.6121848182975116,-0.438913669496749,0.7539784581687442,2.5007353109643082,2.469978633014557,-0.8754846726035215,2015-07-28,2.0,0,True,False
2015-04-24,2015Q3,-9,diag4,student_t_ar1,2.65052541996722,2.616007602163958,-0.01987574771809641,0.8088045118420519,1.6106176842981101,1.59778484627612,1.03990773566911,2015-10-28,2.0,0,True,False
2015-05-01,2015Q2,5,diag4,student_t_ar1,1.466637105228319,1.4559859989910735,-0.5091119152826314,0.7565770953865079,2.5007353109643082,2.469978633014557,-1.0340982057359893,2015-07-28,13.0,11,False,True
2015-05-01,2015Q3,-8,diag4,student_t_ar1,2.9331646898083763,2.8909705116863953,0.09205159133763652,0.8101718537688158,1.6106176842981101,1.59778484627612,1.3225470055102662,2015-10-28,13.0,0,True,False
2015-05-08,2015Q2,6,diag4,student_t_ar1,1.8790491962132005,1.861613149435114,-0.33918099408871005,0.75720456098116,2.5007353109643082,2.469978633014557,-0.6216861147511077,2015-07-28,10.0,0,True,False
2015-05-08,2015Q3,-7,diag4,student_t_ar1,3.221960675319968,3.171144166272205,0.20942580350739698,0.8083205403447394,1.6106176842981101,1.59778484627612,1.611342991021858,2015-10-28,10.0,0,True,False
2015-05-15,2015Q2,7,diag4,student_t_ar1,1.8573215357099437,1.8402839576883576,-0.3481165133158633,0.7569244499561748,2.5007353109643082,2.469978633014557,-0.6434137752543645,2015-07-28,6.0,0,True,False
2015-05-15,2015Q3,-6,diag4,student_t_ar1,3.1877022292454926,3.137949551342872,0.19551945752576338,0.8082716571682389,1.6106176842981101,1.59778484627612,1.5770845449473825,2015-10-28,6.0,0,True,False
2015-05-22,2015Q2,8,diag4,student_t_ar1,0.5768088855425679,0.5751517125175014,-0.8781231650369652,0.711835734692762,2.5007353109643082,2.469978633014557,-1.9239264254217403,2015-07-28,6.0,0,True,False
2015-05-22,2015Q3,-5,diag4,student_t_ar1,3.017340706464955,2.972714444464686,0.12629688725489113,0.8064538032628549,1.6106176842981101,1.59778484627612,1.4067230221668447,2015-10-28,6.0,0,True,False
2015-05-29,2015Q2,9,diag4,student_t_ar1,0.5788319339708581,0.577163138515925,-0.8772805107115549,0.7118296568371373,2.5007353109643082,2.469978633014557,-1.9219033769934502,2015-07-28,4.0,0,True,False
2015-05-29,2015Q3,-4,diag4,student_t_ar1,3.017444009423653,2.9728147216667393,0.12633889676362597,0.8064521992622121,1.6106176842981101,1.59778484627612,1.406826325125543,2015-10-28,4.0,0,True,False
2015-06-05,2015Q2,10,diag4,student_t_ar1,0.9851413384932117,0.9803204570163939,-0.70838428558496,0.7176417708779498,2.5007353109643082,2.469978633014557,-1.5155939724710965,2015-07-28,13.0,6,True,True
2015-06-05,2015Q3,-3,diag4,student_t_ar1,3.6264857005686046,3.5622764643900964,0.3732843412189604,0.8048243212208238,1.6106176842981101,1.59778484627612,2.0158680162704945,2015-10-28,13.0,0,True,False
2015-06-12,2015Q2,11,diag4,student_t_ar1,0.984994592680466,0.9801751426489449,-0.7084451626842772,0.717634770798824,2.5007353109643082,2.469978633014557,-1.5157407182838423,2015-07-28,4.0,0,True,False
2015-06-12,2015Q3,-2,diag4,student_t_ar1,3.626407821909905,3.562201311124546,0.3732528569762717,0.8048229991403412,1.6106176842981101,1.59778484627612,2.015790137611795,2015-10-28,4.0,0,True,False
2015-06-19,2015Q2,12,diag4,student_t_ar1,0.10671347457056335,0.10665657621748759,-1.0743916100835602,0.6910165283549765,2.5007353109643082,2.469978633014557,-2.394021836393745,2015-07-28,11.0,0,True,False
2015-06-19,2015Q3,-1,diag4,student_t_ar1,2.9915184150600016,2.947645336611452,0.11579459078300468,0.792958529101578,1.6106176842981101,1.59778484627612,1.3809007307618915,2015-10-28,11.0,0,True,False
2015-06-26,2015Q2,13,diag4,student_t_ar1,0.10512813919434372,0.10507291826452692,-1.0750550579186178,0.6910193145535141,2.5007353109643082,2.469978633014557,-2.3956071717699645,2015-07-28,4.0,0,True,False
2015-06-26,2015Q3,0,diag4,student_t_ar1,2.9912540852605085,2.947388684274664,0.11568707044574628,0.7929593908005882,1.6106176842981101,1.59778484627612,1.3806364009623984,2015-10-28,4.0,0,True,False
2015-07-03,2015Q2,14,diag4,student_t_ar1,0.15096416747719665,0.15085033113154678,-1.0558773526544325,0.6908365049002293,2.5007353109643082,2.469978633014557,-2.3497711434871116,2015-07-28,8.0,19,True,True
2015-07-03,2015Q3,1,diag4,student_t_ar1,3.176399889139936,3.126995766260266,0.19093054677950322,0.7898316448921093,1.6106176842981101,1.59778484627612,1.5657822048418257,2015-10-28,8.0,0,True,False
2015-07-03,2015Q4,-12,diag4,student_t_ar1,2.8861791330725417,2.845313425545388,0.07292429500533149,0.8191442931227486,0.7399609712167354,0.737236690842017,2.1462181618558063,2016-01-28,8.0,0,True,False
2015-07-10,2015Q2,15,diag4,student_t_ar1,0.138162900978811,0.1380675438647736,-1.0612324942254314,0.6901146965712197,2.5007353109643082,2.469978633014557,-2.3625724099854972,2015-07-28,8.0,0,True,False
2015-07-10,2015Q3,2,diag4,student_t_ar1,3.1302216233178415,3.082229130798191,0.1721762903287326,0.7835133939510479,1.6106176842981101,1.59778484627612,1.5196039390197313,2015-10-28,8.0,0,True,False
2015-07-10,2015Q4,-11,diag4,student_t_ar1,2.851985115255462,2.8120730996614074,0.05899879916002777,0.8167616788747543,0.7399609712167354,0.737236690842017,2.1120241440387266,2016-01-28,8.0,0,True,False
2015-07-17,2015Q2,16,diag4,student_t_ar1,-0.11194505421711076,-0.11200775949426589,-1.1659974899145291,0.6862210656564409,2.5007353109643082,2.469978633014557,-2.612680365181419,2015-07-28,10.0,0,True,False
2015-07-17,2015Q3,3,diag4,student_t_ar1,2.495951513299244,2.4653114379100436,-0.08627137950438948,0.7631131342487415,1.6106176842981101,1.59778484627612,0.8853338290011337,2015-10-28,10.0,0,True,False
2015-07-17,2015Q4,-10,diag4,student_t_ar1,2.752941482218829,2.715729454266522,0.01863719024107034,0.8160522836560737,0.7399609712167354,0.737236690842017,2.0129805110020937,2016-01-28,10.0,0,True,False
2015-07-24,2015Q2,17,diag4,student_t_ar1,-0.11200537014489642,-0.11206814303664991,-1.1660227866210515,0.6862211485929455,2.5007353109643082,2.469978633014557,-2.6127406811092047,2015-07-28,2.0,0,True,False
2015-07-24,2015Q3,4,diag4,student_t_ar1,2.465264872495787,2.435367586508438,-0.09881587078708215,0.7616833532098477,1.6106176842981101,1.59778484627612,0.8546471881976769,2015-10-28,2.0,0,True,False
2015-07-24,2015Q4,-9,diag4,student_t_ar1,2.7239379660074947,2.6874990115210107,0.006810503747808242,0.8155507224756724,0.7399609712167354,0.737236690842017,1.9839769947907593,2016-01-28,2.0,0,True,False
2015-07-31,2015Q3,5,diag4,student_t_ar1,2.3353355457264025,2.308483833300995,-0.1519052126278789,0.7633626900294884,1.6106176842981101,1.59778484627612,0.7247178614282923,2015-10-28,10.0,0,True,False
2015-07-31,2015Q4,-8,diag4,student_t_ar1,2.976000207877516,2.932576740052535,0.11062781383722288,0.8133627610525976,0.7399609712167354,0.737236690842017,2.2360392366607806,2016-01-28,10.0,0,True,False
2015-08-07,2015Q3,6,diag4,student_t_ar1,2.503050614423019,2.472237423942122,-0.08302007504585926,0.7578130270165095,1.6106176842981101,1.59778484627612,0.892432930124909,2015-10-28,13.0,11,False,True
2015-08-07,2015Q4,-7,diag4,student_t_ar1,3.1052135893344657,3.0579772033055526,0.16337919553342145,0.8128535902823921,0.7399609712167354,0.737236690842017,2.3652526181177302,2016-01-28,13.0,0,True,False
2015-08-14,2015Q3,7,diag4,student_t_ar1,2.55209562255847,2.5200733451279187,-0.06289725514710184,0.7559709743304872,1.6106176842981101,1.59778484627612,0.94147793826036,2015-10-28,6.0,0,True,False
2015-08-14,2015Q4,-6,diag4,student_t_ar1,3.0937475219210198,3.0468558403622388,0.15870084549877292,0.8127476784175213,0.7399609712167354,0.737236690842017,2.3537865507042843,2016-01-28,6.0,0,True,False
2015-08-21,2015Q3,8,diag4,student_t_ar1,2.967279707745174,2.9241079032532755,0.10706528439409664,0.7182023427702852,1.6106176842981101,1.59778484627612,1.3566620234470639,2015-10-28,6.0,0,True,False
2015-08-21,2015Q4,-5,diag4,student_t_ar1,3.050729868836677,3.0051203990317203,0.1411442740254813,0.8111703388348057,0.7399609712167354,0.737236690842017,2.3107688976199414,2016-01-28,6.0,0,True,False
2015-08-28,2015Q3,9,diag4,student_t_ar1,2.9670978879469567,2.923931322926727,0.1069910035185389,0.7182024987287128,1.6106176842981101,1.59778484627612,1.3564802036488466,2015-10-28,4.0,0,True,False
2015-08-28,2015Q4,-4,diag4,student_t_ar1,3.0507221195412493,3.0051128791473656,0.1411411106855732,0.8111704006127283,0.7399609712167354,0.737236690842017,2.310761148324514,2016-01-28,4.0,0,True,False
2015-09-04,2015Q3,10,diag4,student_t_ar1,2.8470623406055884,2.8072867142000324,0.057922889110296895,0.71818735517474,1.6106176842981101,1.59778484627612,1.2364446563074782,2015-10-28,12.0,4,True,True
2015-09-04,2015Q4,-3,diag4,student_t_ar1,2.8829328241271934,2.842158132785707,0.07259201763169057,0.8081363503843074,0.7399609712167354,0.737236690842017,2.142971852910458,2016-01-28,12.0,0,True,False
2015-09-11,2015Q3,11,diag4,student_t_ar1,2.8095488852371453,2.770805070783944,0.04257639798239927,0.7154590685943972,1.6106176842981101,1.59778484627612,1.1989312009390352,2015-10-28,5.0,0,True,False
2015-09-11,2015Q4,-2,diag4,student_t_ar1,2.82729550343106,2.7880652250045865,0.04983711265449174,0.8049046464916668,0.7399609712167354,0.737236690842017,2.0873345322143244,2016-01-28,5.0,0,True,False
2015-09-18,2015Q3,12,diag4,student_t_ar1,2.5824162415209795,2.5496350399473773,-0.050461732928484535,0.6970796786718781,1.6106176842981101,1.59778484627612,0.9717985572228693,2015-10-28,11.0,0,True,False
2015-09-18,2015Q4,-1,diag4,student_t_ar1,2.5841619572898322,2.5513367944770042,-0.04974586713009058,0.7967445507174353,0.7399609712167354,0.737236690842017,1.8442009860730968,2016-01-28,11.0,0,True,False
2015-09-25,2015Q3,13,diag4,student_t_ar1,2.5571774002083325,2.5250285356719857,-0.06081278798496637,0.6971145244544567,1.6106176842981101,1.59778484627612,0.9465597159102224,2015-10-28,0.0,0,True,False
2015-09-25,2015Q4,0,diag4,student_t_ar1,2.477023602953299,2.446842749158267,-0.09370268456597783,0.7963896869867579,0.7399609712167354,0.737236690842017,1.7370626317365634,2016-01-28,0.0,0,True,False
2015-10-02,2015Q3,14,diag4,student_t_ar1,2.551247877174845,2.5192466931883186,-0.06324499733931167,0.6965080112160641,1.6106176842981101,1.59778484627612,0.9406301928767347,2015-10-28,11.0,33,True,True
2015-10-02,2015Q4,1,diag4,student_t_ar1,2.4516235975909906,2.4220536278330105,-0.10413055992640259,0.7919038158595989,0.7399609712167354,0.737236690842017,1.7116626263742551,2016-01-28,11.0,0,True,False
2015-10-02,2016Q1,-12,diag4,student_t_ar1,2.6438634081004553,2.6095173986010285,-0.02527141802642702,0.8198490590903641,2.3383061524439253,2.3113866073886387,0.30555725565653,2016-04-28,11.0,0,True,False
2015-10-09,2015Q3,15,diag4,student_t_ar1,2.5775591127594755,2.544900072755054,-0.05245356019292804,0.6958086693690703,1.6106176842981101,1.59778484627612,0.9669414284613653,2015-10-28,9.0,0,True,False
2015-10-09,2015Q4,2,diag4,student_t_ar1,2.553066338571308,2.5210198995720616,-0.06249907436304468,0.7863816595675756,0.7399609712167354,0.737236690842017,1.8131053673545727,2016-01-28,9.0,0,True,False
2015-10-09,2016Q1,-11,diag4,student_t_ar1,2.7174579441632485,2.68119062190198,0.004878881754498138,0.8178857463232918,2.3383061524439253,2.3113866073886387,0.37915179171932323,2016-04-28,9.0,0,True,False
2015-10-16,2015Q3,16,diag4,student_t_ar1,2.557780550345634,2.525616645035941,-0.06056539191694307,0.6956722864653758,1.6106176842981101,1.59778484627612,0.947162866047524,2015-10-28,8.0,0,True,False
2015-10-16,2015Q4,3,diag4,student_t_ar1,2.463543757714004,2.433687866811309,-0.09923646172956628,0.7855775083731253,0.7399609712167354,0.737236690842017,1.7235827864972686,2016-01-28,8.0,0,True,False
2015-10-16,2016Q1,-10,diag4,student_t_ar1,2.699456098790587,2.6636634912831374,-0.0024941401094497537,0.8178669067705753,2.3383061524439253,2.3113866073886387,0.36114994634666164,2016-04-28,8.0,0,True,False
2015-10-23,2015Q3,17,diag4,student_t_ar1,2.4115994547669883,2.382979612754174,-0.12056756685888786,0.6920048097255408,1.6106176842981101,1.59778484627612,0.8009817704688782,2015-10-28,4.0,0,True,False
2015-10-23,2015Q4,4,diag4,student_t_ar1,1.9521679236141676,1.9333575383177086,-0.30970710472310553,0.7656625271880059,0.7399609712167354,0.737236690842017,1.2122069523974321,2016-01-28,4.0,0,True,False
2015-10-23,2016Q1,-9,diag4,student_t_ar1,2.553239716445166,2.5211889610477223,-0.06242795639265325,0.8169465394620885,2.3383061524439253,2.3113866073886387,0.21493356400124064,2016-04-28,4.0,0,True,False
2015-10-30,2015Q4,5,diag4,student_t_ar1,1.9530097835443794,1.934183275005418,-0.3066993040028804,0.7646005028247574,0.7399609712167354,0.737236690842017,1.213048812327644,2016-01-28,10.0,0,True,False
2015-10-30,2016Q1,-8,diag4,student_t_ar1,2.4741610889746912,2.4440493874286595,-0.09151205698385263,0.8147683739556826,2.3383061524439253,2.3113866073886387,0.13585493653076597,2016-04-28,10.0,0,True,False
2015-11-06,2015Q4,6,diag4,student_t_ar1,2.301114838901097,2.275038465107809,-0.1628425380733284,0.764647296382354,0.7399609712167354,0.737236690842017,1.5611538676843617,2016-01-28,11.0,11,False,True
2015-11-06,2016Q1,-7,diag4,student_t_ar1,2.731617250688645,2.6949743846513337,0.014389978952558722,0.8131022721899808,2.3383061524439253,2.3113866073886387,0.39331109824471966,2016-04-28,11.0,0,True,False
2015-11-13,2015Q4,7,diag4,student_t_ar1,2.310474294461451,2.284186974834492,-0.15898144086673965,0.7615316282287999,0.7399609712167354,0.737236690842017,1.5705133232447155,2016-01-28,6.0,0,True,False
2015-11-13,2016Q1,-6,diag4,student_t_ar1,2.740854850155139,2.7039659535737086,0.018184839830038522,0.8129201235559481,2.3383061524439253,2.3113866073886387,0.4025486977112136,2016-04-28,6.0,0,True,False
2015-11-20,2015Q4,8,diag4,student_t_ar1,1.2788189548277096,1.2707111151272603,-0.5867154574189257,0.7147979757745087,0.7399609712167354,0.737236690842017,0.5388579836109741,2016-01-28,8.0,0,True,False
2015-11-20,2016Q1,-5,diag4,student_t_ar1,2.552575790481204,2.5205415625697127,-0.059228796366922395,0.8111501192475767,2.3383061524439253,2.3113866073886387,0.21426963803727883,2016-04-28,8.0,0,True,False
2015-11-27,2015Q4,9,diag4,student_t_ar1,1.279429536116905,1.271313984962213,-0.5864610182692483,0.714797783024753,0.7399609712167354,0.737236690842017,0.5394685649001696,2016-01-28,4.0,0,True,False
2015-11-27,2016Q1,-4,diag4,student_t_ar1,2.5526269229798393,2.5205914223469845,-0.05920775321863958,0.8111499976098694,2.3383061524439253,2.3113866073886387,0.21432077053591403,2016-04-28,4.0,0,True,False
2015-12-04,2015Q4,10,diag4,student_t_ar1,1.1864956602728904,1.179511986892063,-0.6252057372341426,0.7133780331107336,0.7399609712167354,0.737236690842017,0.446534689056155,2016-01-28,9.0,4,True,True
2015-12-04,2016Q1,-3,diag4,student_t_ar1,2.4156991867520183,2.3869827236800787,-0.11559684702854567,0.8096108848238774,2.3383061524439253,2.3113866073886387,0.07739303430809308,2016-04-28,9.0,0,True,False
2015-12-11,2015Q4,11,diag4,student_t_ar1,1.2835497639183124,1.2753820805404028,-0.5847440924592148,0.7112429920010124,0.7399609712167354,0.737236690842017,0.543588792701577,2016-01-28,7.0,0,True,False
2015-12-11,2016Q1,-2,diag4,student_t_ar1,2.568305337286758,2.5358784183299794,-0.052755928905120805,0.8065158133906731,2.3383061524439253,2.3113866073886387,0.22999918484283288,2016-04-28,7.0,0,True,False
2015-12-18,2015Q4,12,diag4,student_t_ar1,0.5376871845812259,0.5362468078793396,-0.8966936035625585,0.6936418691695212,0.7399609712167354,0.737236690842017,-0.20227378663550954,2016-01-28,12.0,0,True,False
2015-12-18,2016Q1,-1,diag4,student_t_ar1,2.018555657181076,1.9984528958726635,-0.27957453056844017,0.7983818713063591,2.3383061524439253,2.3113866073886387,-0.3197504952628494,2016-04-28,12.0,0,True,False
2015-12-25,2015Q4,13,diag4,student_t_ar1,0.5136442982581535,0.5123296457691886,-0.9067877599412411,0.6936080464187131,0.7399609712167354,0.737236690842017,-0.22631667295858193,2016-01-28,0.0,0,True,False
2015-12-25,2016Q1,0,diag4,student_t_ar1,1.9155046862825875,1.8973898566765075,-0.3222278402317117,0.7976497787143645,2.3383061524439253,2.3113866073886387,-0.42280146616133774,2016-04-28,0.0,0,True,False
2016-01-01,2015Q4,14,diag4,student_t_ar1,0.5035495534301493,0.5022859826943429,-0.911026653553509,0.6937158015414432,0.7399609712167354,0.737236690842017,-0.23641141778658614,2016-01-28,8.0,11,False,True
2016-01-01,2016Q1,1,diag4,student_t_ar1,1.8731180974513872,1.8557912739259805,-0.33978437965229685,0.7994272371801288,2.3383061524439253,2.3113866073886387,-0.465188054992538,2016-04-28,8.0,0,True,False
2016-01-01,2016Q2,-12,diag4,student_t_ar1,2.600944173092401,2.567694917302295,-0.039327884450279654,0.826328504053693,1.2906967702374539,1.2824382650696664,1.3102474028549471,2016-07-28,8.0,0,True,False
2016-01-08,2015Q4,15,diag4,student_t_ar1,0.5452306250186112,0.5437496236561321,-0.8935270658528337,0.6938507852750996,0.7399609712167354,0.737236690842017,-0.19473034619812424,2016-01-28,12.0,0,True,False
2016-01-08,2016Q1,2,diag4,student_t_ar1,1.999944141663157,1.9802079665276433,-0.2872747405297419,0.795830670965772,2.3383061524439253,2.3113866073886387,-0.33836201078076833,2016-04-28,12.0,0,True,False
2016-01-08,2016Q2,-11,diag4,student_t_ar1,2.73234014899002,2.6956780587268603,0.014686962186826967,0.8234318467397003,1.2906967702374539,1.2824382650696664,1.4416433787525662,2016-07-28,12.0,0,True,False
2016-01-15,2015Q4,16,diag4,student_t_ar1,0.5532093324222442,0.5516847497660238,-0.8901780730472109,0.6939218765609586,0.7399609712167354,0.737236690842017,-0.1867516387944912,2016-01-28,6.0,0,True,False
2016-01-15,2016Q1,3,diag4,student_t_ar1,1.9357323215039468,1.9172353435959417,-0.3138521204262734,0.7957967294292977,2.3383061524439253,2.3113866073886387,-0.40257383093997845,2016-04-28,6.0,0,True,False
2016-01-15,2016Q2,-10,diag4,student_t_ar1,2.704729517535842,2.6687981663440095,0.0033423956406353917,0.8234386751803356,1.2906967702374539,1.2824382650696664,1.4140327472983882,2016-07-28,6.0,0,True,False
2016-01-22,2015Q4,17,diag4,student_t_ar1,0.3034784458706641,0.3030188795901072,-0.995126652148557,0.6888146016096799,0.7399609712167354,0.737236690842017,-0.43648252534607135,2016-01-28,6.0,0,True,False
2016-01-22,2016Q1,4,diag4,student_t_ar1,1.1904395343017127,1.183409539768356,-0.6235607883875239,0.7677330054094115,2.3383061524439253,2.3113866073886387,-1.1478666181422126,2016-04-28,6.0,0,True,False
2016-01-22,2016Q2,-9,diag4,student_t_ar1,2.530340396748554,2.4988572660586525,-0.06838057946461125,0.8223150037866854,1.2906967702374539,1.2824382650696664,1.2396436265111,2016-07-28,6.0,0,True,False
2016-01-29,2016Q1,5,diag4,student_t_ar1,1.1711555299560805,1.1643505830548688,-0.6259387304315893,0.7666779786286282,2.3383061524439253,2.3113866073886387,-1.1671506224878447,2016-04-28,6.0,0,True,False
2016-01-29,2016Q2,-8,diag4,student_t_ar1,2.5521174375370492,2.520094617220064,-0.05294467747622846,0.8201608531389664,1.2906967702374539,1.2824382650696664,1.2614206672995953,2016-07-28,6.0,0,True,False
2016-02-05,2016Q1,6,diag4,student_t_ar1,0.9906376448333587,0.9857629970765787,-0.7014173031698602,0.7554937265004359,2.3383061524439253,2.3113866073886387,-1.3476685076105666,2016-04-28,14.0,11,False,True
2016-02-05,2016Q2,-7,diag4,student_t_ar1,2.4330461438612616,2.403919080427305,-0.10204531152189997,0.8164233037527389,1.2906967702374539,1.2824382650696664,1.1423493736238077,2016-07-28,14.0,0,True,False
2016-02-12,2016Q1,7,diag4,student_t_ar1,0.990543743623995,0.9856700169199857,-0.7014566004674533,0.7554934297672058,2.3383061524439253,2.3113866073886387,-1.3477624088199303,2016-04-28,4.0,0,True,False
2016-02-12,2016Q2,-6,diag4,student_t_ar1,2.4330608135371357,2.4039334016599345,-0.10203925877084888,0.8164233487779534,1.2906967702374539,1.2824382650696664,1.1423640432996818,2016-07-28,4.0,0,True,False
2016-02-19,2016Q1,8,diag4,student_t_ar1,1.9282943681439901,1.909938368760291,-0.31082219191152566,0.7129127610297338,2.3383061524439253,2.3113866073886387,-0.4100117842999351,2016-04-28,11.0,0,True,False
2016-02-19,2016Q2,-5,diag4,student_t_ar1,2.4685980863745627,2.4386205519588,-0.08737902030816813,0.8142498397704628,1.2906967702374539,1.2824382650696664,1.1779013161371088,2016-07-28,11.0,0,True,False
2016-02-26,2016Q1,9,diag4,student_t_ar1,1.9288229829339754,1.910456981793632,-0.3106030043832011,0.7129122856959341,2.3383061524439253,2.3113866073886387,-0.4094831695099499,2016-04-28,4.0,0,True,False
2016-02-26,2016Q2,-4,diag4,student_t_ar1,2.4686323950008804,2.438654034041321,-0.08736486938167917,0.8142498742097563,1.2906967702374539,1.2824382650696664,1.1779356247634265,2016-07-28,4.0,0,True,False
2016-03-04,2016Q1,10,diag4,student_t_ar1,2.0487468590135505,2.0280423515870365,-0.2609065160282554,0.7103801281726528,2.3383061524439253,2.3113866073886387,-0.2895592934303748,2016-04-28,9.0,2,True,True
2016-03-04,2016Q2,-3,diag4,student_t_ar1,2.642114845784471,2.6078138606089163,-0.015870861530945128,0.8094217135693789,1.2906967702374539,1.2824382650696664,1.3514180755470173,2016-07-28,9.0,0,True,False
2016-03-11,2016Q1,11,diag4,student_t_ar1,2.1485025815196845,2.125747615213525,-0.21961219085360206,0.7094764603414093,2.3383061524439253,2.3113866073886387,-0.18980357092424072,2016-04-28,7.0,0,True,False
2016-03-11,2016Q2,-2,diag4,student_t_ar1,2.800013441832361,2.761529779008894,0.049095905696611666,0.8072314015121513,1.2906967702374539,1.2824382650696664,1.509316671594907,2016-07-28,7.0,0,True,False
2016-03-18,2016Q1,12,diag4,student_t_ar1,1.4556579840829809,1.4451649887603137,-0.5072548340628387,0.6910252952334363,2.3383061524439253,2.3113866073886387,-0.8826481683609444,2016-04-28,12.0,0,True,False
2016-03-18,2016Q2,-1,diag4,student_t_ar1,2.288053405874124,2.2622700148943746,-0.16191212274267022,0.7985488280060395,1.2906967702374539,1.2824382650696664,0.9973566356366703,2016-07-28,12.0,0,True,False
2016-03-25,2016Q1,13,diag4,student_t_ar1,1.4827774830002083,1.4718918126034475,-0.49595896203200135,0.6910702921544708,2.3383061524439253,2.3113866073886387,-0.855528669443717,2016-04-28,0.0,0,True,False
2016-03-25,2016Q2,0,diag4,student_t_ar1,2.4049679093274934,2.3765040180040535,-0.11363206192172426,0.7982311709353401,1.2906967702374539,1.2824382650696664,1.1142711390900395,2016-07-28,0.0,0,True,False
2016-04-01,2016Q1,14,diag4,student_t_ar1,1.5258200348711393,1.5142964723490702,-0.4780369817469848,0.6910987600993325,2.3383061524439253,2.3113866073886387,-0.812486117572786,2016-04-28,11.0,12,True,True
2016-04-01,2016Q2,1,diag4,student_t_ar1,2.581176491204107,2.548426491880562,-0.040970443933288,0.7956427597687024,1.2906967702374539,1.2824382650696664,1.290479720966653,2016-07-28,11.0,0,True,False
2016-04-01,2016Q3,-12,diag4,student_t_ar1,2.7772189155280236,2.7393536594684473,0.03972335136918104,0.8227922519343581,2.8678981414693494,2.827543676441542,-0.09067922594132583,2016-10-28,11.0,0,True,False
2016-04-08,2016Q1,15,diag4,student_t_ar1,1.5600232759873212,1.5479800032953566,-0.46380091473995255,0.6906548373766769,2.3383061524439253,2.3113866073886387,-0.7782828764566041,2016-04-28,9.0,0,True,False
2016-04-08,2016Q2,2,diag4,student_t_ar1,2.698255853431464,2.662494787554425,0.007239582004331573,0.7914208144975065,1.2906967702374539,1.2824382650696664,1.40755908319401,2016-07-28,9.0,0,True,False
2016-04-08,2016Q3,-11,diag4,student_t_ar1,2.8680430899708176,2.827684583762454,0.0770556892124977,0.8208016317714836,2.8678981414693494,2.827543676441542,0.0001449485014681784,2016-10-28,9.0,0,True,False
2016-04-15,2016Q1,16,diag4,student_t_ar1,1.5331222707491543,1.5214887051050041,-0.47499724379294067,0.6901903922853458,2.3383061524439253,2.3113866073886387,-0.805183881694771,2016-04-28,6.0,0,True,False
2016-04-15,2016Q2,3,diag4,student_t_ar1,2.644567694407729,2.6102035418030587,-0.014860882450678762,0.788775049779203,1.2906967702374539,1.2824382650696664,1.353870924170275,2016-07-28,6.0,0,True,False
2016-04-15,2016Q3,-10,diag4,student_t_ar1,2.859306727855926,2.819191437734106,0.07346613097548017,0.8206811787039097,2.8678981414693494,2.827543676441542,-0.008591413613423526,2016-10-28,6.0,0,True,False
2016-04-22,2016Q1,17,diag4,student_t_ar1,1.1144978042897158,1.1083330393348225,-0.6496140840410323,0.6859781333601136,2.3383061524439253,2.3113866073886387,-1.2238083481542095,2016-04-28,6.0,0,True,False
2016-04-22,2016Q2,4,diag4,student_t_ar1,1.6111106131171393,1.5982699605630202,-0.442546278384135,0.7651745633034099,1.2906967702374539,1.2824382650696664,0.32041384287968544,2016-07-28,6.0,0,True,False
2016-04-22,2016Q3,-9,diag4,student_t_ar1,2.697947644410381,2.662194675852433,0.007112742264579694,0.8198134460192011,2.8678981414693494,2.827543676441542,-0.16995049705896825,2016-10-28,6.0,0,True,False
2016-04-29,2016Q2,5,diag4,student_t_ar1,1.5951930451945984,1.5826035489719041,-0.4498197988832438,0.7646595950728869,1.2906967702374539,1.2824382650696664,0.3044962749571445,2016-07-28,6.0,0,True,False
2016-04-29,2016Q3,-8,diag4,student_t_ar1,2.797790894902974,2.7593677452881105,0.0495074365580686,0.8177410617466209,2.8678981414693494,2.827543676441542,-0.07010724656637546,2016-10-28,6.0,0,True,False
2016-05-06,2016Q2,6,diag4,student_t_ar1,1.7771692677883477,1.7615622522006467,-0.3738836386728096,0.7547727028806333,1.2906967702374539,1.2824382650696664,0.48647249755089383,2016-07-28,14.0,11,False,True
2016-05-06,2016Q3,-7,diag4,student_t_ar1,2.9372814750567633,2.89496990579627,0.10704645086388304,0.8165507522775164,2.8678981414693494,2.827543676441542,0.06938333358741389,2016-10-28,14.0,0,True,False
2016-05-13,2016Q2,7,diag4,student_t_ar1,1.8021665566023026,1.7861200383220752,-0.36346322352850247,0.7539558654581845,1.2906967702374539,1.2824382650696664,0.5114697863648487,2016-07-28,6.0,0,True,False
2016-05-13,2016Q3,-6,diag4,student_t_ar1,2.9667225556164523,2.923566805500971,0.11918075178537677,0.816381127902425,2.8678981414693494,2.827543676441542,0.09882441414710286,2016-10-28,6.0,0,True,False
2016-05-20,2016Q2,8,diag4,student_t_ar1,1.9083878206023863,1.8904065088505448,-0.31921215336004855,0.7152215638380399,1.2906967702374539,1.2824382650696664,0.6176910503649324,2016-07-28,9.0,0,True,False
2016-05-20,2016Q3,-5,diag4,student_t_ar1,2.833727552283438,2.7943202253531303,0.06433855165939353,0.8148875340874889,2.8678981414693494,2.827543676441542,-0.034170589185911204,2016-10-28,9.0,0,True,False
2016-05-27,2016Q2,9,diag4,student_t_ar1,1.909989216384167,1.8919779037415165,-0.3185453755390104,0.7152191223547608,1.2906967702374539,1.2824382650696664,0.6192924461467131,2016-07-28,4.0,0,True,False
2016-05-27,2016Q3,-4,diag4,student_t_ar1,2.8338203288974295,2.7944104453367475,0.06437683400613922,0.8148871597646041,2.8678981414693494,2.827543676441542,-0.034077812571919885,2016-10-28,4.0,0,True,False
2016-06-03,2016Q2,10,diag4,student_t_ar1,1.9345713093131378,1.9160963722301974,-0.30831137264256664,0.7123564150077042,1.2906967702374539,1.2824382650696664,0.6438745390756839,2016-07-28,9.0,3,True,True
2016-06-03,2016Q3,-3,diag4,student_t_ar1,2.8582086097062698,2.818123839627197,0.07443895490601593,0.8103505955343285,2.8678981414693494,2.827543676441542,-0.009689531763079628,2016-10-28,9.0,0,True,False
2016-06-10,2016Q2,11,diag4,student_t_ar1,1.8269483778440732,1.8104601935814149,-0.353135154001995,0.7120076428881346,1.2906967702374539,1.2824382650696664,0.5362516076066193,2016-07-28,7.0,0,True,False
2016-06-10,2016Q3,-2,diag4,student_t_ar1,2.6901027455603854,2.6545555762661444,0.0050333008202720405,0.8084888933707753,2.8678981414693494,2.827543676441542,-0.17779539590896398,2016-10-28,7.0,0,True,False
2016-06-17,2016Q2,12,diag4,student_t_ar1,1.6002255478848815,1.5875569113323018,-0.4477179770048258,0.6926857431351318,1.2906967702374539,1.2824382650696664,0.3095287776474276,2016-07-28,10.0,0,True,False
2016-06-17,2016Q3,-1,diag4,student_t_ar1,2.6278746228976857,2.5939392333957625,-0.020687562376263766,0.7994536436668505,2.8678981414693494,2.827543676441542,-0.2400235185716637,2016-10-28,10.0,0,True,False
2016-06-24,2016Q2,13,diag4,student_t_ar1,1.6059581866147088,1.5931991005865784,-0.44532387054662964,0.6926577077109798,1.2906967702374539,1.2824382650696664,0.3152614163772549,2016-07-28,2.0,0,True,False
2016-06-24,2016Q3,0,diag4,student_t_ar1,2.6546821735004444,2.620056942735998,-0.009605237096700817,0.7985626253963707,2.8678981414693494,2.827543676441542,-0.21321596796890496,2016-10-28,2.0,0,True,False
2016-07-01,2016Q2,14,diag4,student_t_ar1,1.6481082609949294,1.6346743593315716,-0.4277249952977215,0.6927576304132517,1.2906967702374539,1.2824382650696664,0.35741149075747547,2016-07-28,11.0,13,True,True
2016-07-01,2016Q3,1,diag4,student_t_ar1,2.8173859185000705,2.7784276453986996,0.05759497632160048,0.7958031157542335,2.8678981414693494,2.827543676441542,-0.05051222296927893,2016-10-28,11.0,0,True,False
2016-07-01,2016Q4,-13,diag4,student_t_ar1,2.754383405554406,2.7171327359611284,0.0315861822302276,0.8234434822843666,2.235699518586598,2.211074114484348,0.5186838869678079,2017-01-28,11.0,0,True,False
2016-07-08,2016Q2,15,diag4,student_t_ar1,1.7470453323116475,1.7319599409907818,-0.3864445580697178,0.6936979197747527,1.2906967702374539,1.2824382650696664,0.4563485620741936,2016-07-28,9.0,0,True,False
2016-07-08,2016Q3,2,diag4,student_t_ar1,3.186451843538718,3.136737785545557,0.2096339423865094,0.7987280756025374,2.8678981414693494,2.827543676441542,0.3185537020693685,2016-10-28,9.0,0,True,False
2016-07-08,2016Q4,-12,diag4,student_t_ar1,3.0248694880680382,2.9800224437327096,0.14313613541412398,0.8219377365452072,2.235699518586598,2.211074114484348,0.7891699694814402,2017-01-28,9.0,0,True,False
2016-07-15,2016Q2,16,diag4,student_t_ar1,1.7808729161855608,1.7652011635970175,-0.37233956758936426,0.6931456186707208,1.2906967702374539,1.2824382650696664,0.4901761459481069,2016-07-28,6.0,0,True,False
2016-07-15,2016Q3,3,diag4,student_t_ar1,3.2978496265990254,3.244637314056826,0.25541811345970517,0.7956080954983256,2.8678981414693494,2.827543676441542,0.42995148512967596,2016-10-28,6.0,0,True,False
2016-07-15,2016Q4,-11,diag4,student_t_ar1,3.044354326087073,2.998933407453024,0.15116047815292882,0.8218203620985254,2.235699518586598,2.211074114484348,0.8086548075004751,2017-01-28,6.0,0,True,False
2016-07-22,2016Q2,17,diag4,student_t_ar1,1.7262980877518208,1.7115668572747569,-0.39509779730483613,0.6877313449534369,1.2906967702374539,1.2824382650696664,0.4356013175143669,2016-07-28,6.0,0,True,False
2016-07-22,2016Q3,4,diag4,student_t_ar1,3.0100780780809355,2.965664287325521,0.1370436501334883,0.7665538430056247,2.8678981414693494,2.827543676441542,0.14217993661158612,2016-10-28,6.0,0,True,False
2016-07-22,2016Q4,-10,diag4,student_t_ar1,2.920492342408787,2.878658515292162,0.10012516488992448,0.8204897694299357,2.235699518586598,2.211074114484348,0.684792823822189,2017-01-28,6.0,0,True,False
2016-07-29,2016Q3,5,diag4,student_t_ar1,3.000059395581589,2.955937889751003,0.13786707280696278,0.7655033769845294,2.8678981414693494,2.827543676441542,0.13216125411223967,2016-10-28,6.0,0,True,False
2016-07-29,2016Q4,-9,diag4,student_t_ar1,2.8728946454840143,2.8324007628248196,0.08530657482340732,0.8184050733852676,2.235699518586598,2.211074114484348,0.6371951268974163,2017-01-28,6.0,0,True,False
2016-08-05,2016Q3,6,diag4,student_t_ar1,3.0248407931518173,2.9799945913118875,0.1481023133807328,0.7594993602640272,2.8678981414693494,2.827543676441542,0.1569426516824679,2016-10-28,14.0,12,False,True
2016-08-05,2016Q4,-8,diag4,student_t_ar1,2.912727574897911,2.8711137977604975,0.10177754549678096,0.8151636532409863,2.235699518586598,2.211074114484348,0.6770280563113129,2017-01-28,14.0,0,True,False
2016-08-12,2016Q3,7,diag4,student_t_ar1,3.024846511616275,2.980000141880323,0.1481046749431905,0.7595080674021276,2.8678981414693494,2.827543676441542,0.15694837014692542,2016-10-28,4.0,0,True,False
2016-08-12,2016Q4,-7,diag4,student_t_ar1,2.9128316362619033,2.871214913836052,0.10182056666310993,0.8151640122208468,2.235699518586598,2.211074114484348,0.6771321176753053,2017-01-28,4.0,0,True,False
2016-08-19,2016Q3,8,diag4,student_t_ar1,2.825949976849418,2.7867566858871795,0.06588670102890333,0.7134326271971624,2.8678981414693494,2.827543676441542,-0.04194816461993156,2016-10-28,11.0,0,True,False
2016-08-19,2016Q4,-6,diag4,student_t_ar1,2.7918067783194056,2.753546325670608,0.05175691580053824,0.8138341352885314,2.235699518586598,2.211074114484348,0.5561072597328076,2017-01-28,11.0,0,True,False
2016-08-26,2016Q3,9,diag4,student_t_ar1,2.8296253908541624,2.7903310251664064,0.06740745075939203,0.7128304819458814,2.8678981414693494,2.827543676441542,-0.03827275061518698,2016-10-28,4.0,0,True,False
2016-08-26,2016Q4,-5,diag4,student_t_ar1,2.798319899971391,2.7598823513926507,0.05445266140733205,0.8128471695242502,2.235699518586598,2.211074114484348,0.562620381384793,2017-01-28,4.0,0,True,False
2016-09-02,2016Q3,10,diag4,student_t_ar1,2.643844413004426,2.609498892772087,-0.009529962037596117,0.7143027189309534,2.8678981414693494,2.827543676441542,-0.22405372846492355,2016-10-28,8.0,3,True,True
2016-09-02,2016Q4,-4,diag4,student_t_ar1,2.5051711321874226,2.474306138793072,-0.06704950008830034,0.8114764186055863,2.235699518586598,2.211074114484348,0.2694716136008246,2017-01-28,8.0,0,True,False
2016-09-09,2016Q3,11,diag4,student_t_ar1,2.5622772001341776,2.530001052722437,-0.043353365297762264,0.7133825549949203,2.8678981414693494,2.827543676441542,-0.3056209413351718,2016-10-28,8.0,0,True,False
2016-09-09,2016Q4,-3,diag4,student_t_ar1,2.366922163823304,2.339344868934912,-0.12447055017048779,0.8089907625858074,2.235699518586598,2.211074114484348,0.13122264523670601,2017-01-28,8.0,0,True,False
2016-09-16,2016Q3,12,diag4,student_t_ar1,2.493903608377024,2.4633133830101515,-0.0717265128417797,0.7114728414279009,2.8678981414693494,2.827543676441542,-0.37399453309232555,2016-10-28,8.0,0,True,False
2016-09-16,2016Q4,-2,diag4,student_t_ar1,2.2752108473696575,2.2497139398158645,-0.16260520965662656,0.8069497399647104,2.235699518586598,2.211074114484348,0.03951132878305952,2017-01-28,8.0,0,True,False
2016-09-23,2016Q3,13,diag4,student_t_ar1,2.556656158964965,2.524520289851291,-0.045685228058415225,0.6910585017027704,2.8678981414693494,2.827543676441542,-0.3112419825043844,2016-10-28,4.0,0,True,False
2016-09-23,2016Q4,-1,diag4,student_t_ar1,2.469864438302216,2.43985638823089,-0.08170660026547635,0.7972166035977626,2.235699518586598,2.211074114484348,0.23416491971561815,2017-01-28,4.0,0,True,False
2016-09-30,2016Q3,14,diag4,student_t_ar1,2.5617982130866634,2.529534030948844,-0.043552065863333024,0.6910547281340296,2.8678981414693494,2.827543676441542,-0.30609992838268596,2016-10-28,8.0,0,True,False
2016-09-30,2016Q4,0,diag4,student_t_ar1,2.4865725103737635,2.4561604110342814,-0.07476983899375311,0.7971678881668882,2.235699518586598,2.211074114484348,0.2508729917871655,2017-01-28,8.0,0,True,False
2016-10-07,2016Q3,15,diag4,student_t_ar1,2.7023246092888087,2.666456563951275,0.014703429458958391,0.6913438098969836,2.8678981414693494,2.827543676441542,-0.16557353218054072,2016-10-28,12.0,24,True,True
2016-10-07,2016Q4,1,diag4,student_t_ar1,3.033570464972013,2.988467598331699,0.15170726583074062,0.794966608106368,2.235699518586598,2.211074114484348,0.797870946385415,2017-01-28,12.0,0,True,False
2016-10-07,2017Q1,-12,diag4,student_t_ar1,3.1119245500816017,3.0644858386304885,0.18405022754074882,0.8217284881768027,1.9618307902452337,1.942834932414497,1.150093759836368,2017-04-28,12.0,0,True,False
2016-10-14,2016Q3,16,diag4,student_t_ar1,2.7125987993033007,2.676459917020829,0.018959487794808026,0.6908511398997776,2.8678981414693494,2.827543676441542,-0.15529934216604868,2016-10-28,6.0,0,True,False
2016-10-14,2016Q4,2,diag4,student_t_ar1,3.089661327883042,3.042892190657046,0.1748629255611269,0.792108628593112,2.235699518586598,2.211074114484348,0.853961809296444,2017-01-28,6.0,0,True,False
2016-10-14,2017Q1,-11,diag4,student_t_ar1,3.1248090349218938,3.0769806882463544,0.18936632590227195,0.8216033186205989,1.9618307902452337,1.942834932414497,1.1629782446766601,2017-04-28,6.0,0,True,False
2016-10-21,2016Q3,17,diag4,student_t_ar1,2.46006509806036,2.4302927873732822,-0.08577556022997518,0.6859960147971723,2.8678981414693494,2.827543676441542,-0.4078330434089894,2016-10-28,6.0,0,True,False
2016-10-21,2016Q4,3,diag4,student_t_ar1,2.369424182457869,2.3417890061673665,-0.12343065978875084,0.7652004282334784,2.235699518586598,2.211074114484348,0.1337246638712708,2017-01-28,6.0,0,True,False
2016-10-21,2017Q1,-10,diag4,student_t_ar1,2.966042148561021,2.922906000449956,0.12381322038057346,0.8203200039793787,1.9618307902452337,1.942834932414497,1.0042113583157875,2017-04-28,6.0,0,True,False
2016-10-28,2016Q4,4,diag4,student_t_ar1,2.3680693927574437,2.34046556542693,-0.12514333103699363,0.7641653343506417,2.235699518586598,2.211074114484348,0.13236987417084567,2017-01-28,6.0,0,True,False
2016-10-28,2017Q1,-9,diag4,student_t_ar1,2.9998231852559343,2.955708559207038,0.13765764608392106,0.8182337116296251,1.9618307902452337,1.942834932414497,1.0379923950107006,2017-04-28,6.0,0,True,False
2016-11-04,2016Q4,5,diag4,student_t_ar1,2.456784171228943,2.427090584291005,-0.08814146375732655,0.7582551981883449,2.235699518586598,2.211074114484348,0.2210846526423449,2017-01-28,13.0,11,False,True
2016-11-04,2017Q1,-8,diag4,student_t_ar1,3.0590924318900425,3.013235066217018,0.1622300872257363,0.8168297171536565,1.9618307902452337,1.942834932414497,1.0972616416448089,2017-04-28,13.0,0,True,False
2016-11-11,2016Q4,6,diag4,student_t_ar1,2.334579029263084,2.307744578130164,-0.13912009716173643,0.753799810922604,2.235699518586598,2.211074114484348,0.09887951067648615,2017-01-28,5.0,0,True,False
2016-11-11,2017Q1,-7,diag4,student_t_ar1,2.9644325477147904,2.921342753583618,0.12297829599186606,0.8153215714247312,1.9618307902452337,1.942834932414497,1.0026017574695567,2017-04-28,5.0,0,True,False
2016-11-18,2016Q4,7,diag4,student_t_ar1,2.1924146880690554,2.1687268753754956,-0.19850149360245606,0.7129923627437976,2.235699518586598,2.211074114484348,-0.043284830517542616,2017-01-28,11.0,0,True,False
2016-11-18,2017Q1,-6,diag4,student_t_ar1,2.9937942618784463,2.949855054177186,0.13515732205426284,0.8138619939951406,1.9618307902452337,1.942834932414497,1.0319634716332127,2017-04-28,11.0,0,True,False
2016-11-25,2016Q4,8,diag4,student_t_ar1,2.194752633594055,2.1710146369368033,-0.19752427650318047,0.7124106933574063,2.235699518586598,2.211074114484348,-0.040946884992543175,2017-01-28,0.0,0,True,False
2016-11-25,2017Q1,-5,diag4,student_t_ar1,2.9976809559238538,2.953628699704759,0.13676923432629212,0.8128561422930695,1.9618307902452337,1.942834932414497,1.03585016567862,2017-04-28,0.0,0,True,False
2016-12-02,2016Q4,9,diag4,student_t_ar1,2.2417688424887006,2.2170105376536275,-0.17787713257120383,0.7107095061314983,2.235699518586598,2.211074114484348,0.006069323902102575,2017-01-28,11.0,3,True,True
2016-12-02,2017Q1,-4,diag4,student_t_ar1,3.0705930368735146,3.024393677330457,0.16699648673547554,0.809644790291,1.9618307902452337,1.942834932414497,1.108762246628281,2017-04-28,11.0,0,True,False
2016-12-09,2016Q4,10,diag4,student_t_ar1,2.247210405751332,2.2223326467315156,-0.1756037942639774,0.7086323421280916,2.235699518586598,2.211074114484348,0.01151088716473403,2017-01-28,9.0,0,True,False
2016-12-09,2017Q1,-3,diag4,student_t_ar1,3.09046069486667,3.0436675971082683,0.17522933944857652,0.8068673845701481,1.9618307902452337,1.942834932414497,1.1286299046214365,2017-04-28,9.0,0,True,False
2016-12-16,2016Q4,11,diag4,student_t_ar1,2.161016810483596,2.137997880415853,-0.21162738041950122,0.7067146574572619,2.235699518586598,2.211074114484348,-0.07468270810300215,2017-01-28,8.0,0,True,False
2016-12-16,2017Q1,-2,diag4,student_t_ar1,3.011108699706133,2.966664787945212,0.14233759798432652,0.8056962030785104,1.9618307902452337,1.942834932414497,1.0492779094608995,2017-04-28,8.0,0,True,False
2016-12-23,2016Q4,12,diag4,student_t_ar1,1.637183570404277,1.6239262225600928,-0.4312130325284425,0.69087582271224,2.235699518586598,2.211074114484348,-0.598515948182321,2017-01-28,4.0,0,True,False
2016-12-23,2017Q1,-1,diag4,student_t_ar1,2.7991261166143033,2.7606666185696325,0.05434550259384938,0.7983925428750984,1.9618307902452337,1.942834932414497,0.8372953263690697,2017-04-28,4.0,0,True,False
2016-12-30,2016Q4,13,diag4,student_t_ar1,1.628387715695867,1.6152716780071272,-0.43490982028230474,0.6908721601575601,2.235699518586598,2.211074114484348,-0.607311802890731,2017-01-28,8.0,0,True,False
2016-12-30,2017Q1,0,diag4,student_t_ar1,2.7648887504710506,2.7273559571856745,0.04011685724762239,0.7983912455397023,1.9618307902452337,1.942834932414497,0.803057960225817,2017-04-28,8.0,0,True,False
2017-01-06,2016Q4,14,diag4,student_t_ar1,1.6844604955346343,1.6704307904329172,-0.4113486114767301,0.690609726267731,2.235699518586598,2.211074114484348,-0.5512390230519637,2017-01-28,10.0,8,True,True
2017-01-06,2017Q1,1,diag4,student_t_ar1,3.0082598151105033,2.9638991406020936,0.1411562520259146,0.7926427848539757,1.9618307902452337,1.942834932414497,1.0464290248652697,2017-04-28,10.0,0,True,False
2017-01-06,2017Q2,-12,diag4,student_t_ar1,3.065871871303538,3.0198130558737937,0.16503987478409696,0.8219566769297441,2.258367983115228,2.233244405190973,0.8075038881883101,2017-07-28,10.0,0,True,False
2017-01-13,2016Q4,15,diag4,student_t_ar1,1.6837258095642627,1.6697082723402736,-0.41165723500053103,0.6903730478424701,2.235699518586598,2.211074114484348,-0.5519737090223353,2017-01-28,6.0,0,True,False
2017-01-13,2017Q1,2,diag4,student_t_ar1,3.0238461029223673,2.979029100830527,0.14761901287330434,0.7911074836373718,1.9618307902452337,1.942834932414497,1.0620153126771337,2017-04-28,6.0,0,True,False
2017-01-13,2017Q2,-11,diag4,student_t_ar1,3.068117578812557,3.021991937207326,0.16597058370605405,0.8218711888490695,2.258367983115228,2.233244405190973,0.8097495956973289,2017-07-28,6.0,0,True,False
2017-01-20,2016Q4,16,diag4,student_t_ar1,1.8236865475557362,1.8072568347607372,-0.35290338169197233,0.6858021179868393,2.235699518586598,2.211074114484348,-0.41201297103086176,2017-01-28,8.0,0,True,False
2017-01-20,2017Q1,3,diag4,student_t_ar1,3.4318172980489114,3.3742439565827125,0.31643499503708805,0.765083982170775,1.9618307902452337,1.942834932414497,1.4699865078036778,2017-04-28,8.0,0,True,False
2017-01-20,2017Q2,-10,diag4,student_t_ar1,3.1594498059160703,3.1105661605596095,0.20380505346846114,0.8205470592919517,2.258367983115228,2.233244405190973,0.9010818228008421,2017-07-28,8.0,0,True,False
2017-01-27,2016Q4,17,diag4,student_t_ar1,1.8226401075719822,1.8062291314861934,-0.35334236503265387,0.6858013881957623,2.235699518586598,2.211074114484348,-0.41305941101461574,2017-01-28,4.0,0,True,False
2017-01-27,2017Q1,4,diag4,student_t_ar1,3.431371893704327,3.3738133296100536,0.3162510527730828,0.7650839310590833,1.9618307902452337,1.942834932414497,1.4695411034590933,2017-04-28,4.0,0,True,False
2017-01-27,2017Q2,-9,diag4,student_t_ar1,3.1593180295504286,3.110438420008399,0.20375048910606214,0.8205470538797143,2.258367983115228,2.233244405190973,0.9009500464352005,2017-07-28,4.0,0,True,False
2017-02-03,2017Q1,5,diag4,student_t_ar1,3.6308243220133596,3.5664631649169922,0.4014834064719922,0.762613513415423,1.9618307902452337,1.942834932414497,1.668993531768126,2017-04-28,12.0,3,True,True
2017-02-03,2017Q2,-8,diag4,student_t_ar1,3.337684761769788,3.283193253413672,0.2800210549867733,0.8170202581915178,2.258367983115228,2.233244405190973,1.0793167786545599,2017-07-28,12.0,0,True,False
2017-02-10,2017Q1,6,diag4,student_t_ar1,3.5948179957935755,3.5317123240660337,0.3865827104416744,0.755753384760818,1.9618307902452337,1.942834932414497,1.6329872055483419,2017-04-28,7.0,0,True,False
2017-02-10,2017Q2,-7,diag4,student_t_ar1,3.3103852893554997,3.256772031510801,0.26869198821648255,0.8155351870966927,2.258367983115228,2.233244405190973,1.0520173062402716,2017-07-28,7.0,0,True,False
2017-02-17,2017Q1,7,diag4,student_t_ar1,2.7815996737996063,2.743615951207931,0.04865752051837017,0.7143110251594768,1.9618307902452337,1.942834932414497,0.8197688835543726,2017-04-28,10.0,0,True,False
2017-02-17,2017Q2,-6,diag4,student_t_ar1,3.4617576501987157,3.4031867136173846,0.33147264672781895,0.8148090756914923,2.258367983115228,2.233244405190973,1.2033896670834876,2017-07-28,10.0,0,True,False
2017-02-24,2017Q1,8,diag4,student_t_ar1,2.7919512060264218,2.7536868306486473,0.05297577900160211,0.7142721940401632,1.9618307902452337,1.942834932414497,0.8301204157811881,2017-04-28,2.0,0,True,False
2017-02-24,2017Q2,-5,diag4,student_t_ar1,3.4749036037542425,3.4158920056555857,0.3369205061177431,0.8147698443113965,2.258367983115228,2.233244405190973,1.2165356206390143,2017-07-28,2.0,0,True,False
2017-03-03,2017Q1,9,diag4,student_t_ar1,2.870507361149488,2.830080120401938,0.08573220047214575,0.7124607705235316,1.9618307902452337,1.942834932414497,0.9086765709042544,2017-04-28,12.0,5,True,True
2017-03-03,2017Q2,-4,diag4,student_t_ar1,3.595173140423702,3.5320551443231007,0.38672970718530714,0.809791375469433,2.258367983115228,2.233244405190973,1.3368051573084738,2017-07-28,12.0,0,True,False
2017-03-10,2017Q1,10,diag4,student_t_ar1,2.8129194534039836,2.774083475322488,0.061721587588703344,0.7095389906418187,1.9618307902452337,1.942834932414497,0.85108866315875,2017-04-28,8.0,0,True,False
2017-03-10,2017Q2,-3,diag4,student_t_ar1,3.5022225800874773,3.4422900690508715,0.34823964282954917,0.8069042830148268,2.258367983115228,2.233244405190973,1.2438545969722492,2017-07-28,8.0,0,True,False
2017-03-17,2017Q1,11,diag4,student_t_ar1,2.0274156284139755,2.007137185185171,-0.2671347295844378,0.6904803383938084,1.9618307902452337,1.942834932414497,0.06558483816874183,2017-04-28,10.0,0,True,False
2017-03-17,2017Q2,-2,diag4,student_t_ar1,2.9502408416148596,2.9075586886709095,0.1189539748629182,0.7980839491775512,2.258367983115228,2.233244405190973,0.6918728584996314,2017-07-28,10.0,0,True,False
2017-03-24,2017Q1,12,diag4,student_t_ar1,2.0160122675088488,1.9959597990428382,-0.2719274433502629,0.6903563133141125,1.9618307902452337,1.942834932414497,0.05418147726361511,2017-04-28,2.0,0,True,False
2017-03-24,2017Q2,-1,diag4,student_t_ar1,2.902281182661559,2.860962553389756,0.09897417492110218,0.7966003886841138,2.258367983115228,2.233244405190973,0.643913199546331,2017-07-28,2.0,0,True,False
2017-03-31,2017Q1,13,diag4,student_t_ar1,2.014728005760724,1.9947009085967826,-0.27246723874550516,0.6903519829724781,1.9618307902452337,1.942834932414497,0.05289721551549054,2017-04-28,8.0,0,True,False
2017-03-31,2017Q2,0,diag4,student_t_ar1,2.891514959322161,2.8504994358895526,0.09448773000114473,0.7965677913488749,2.258367983115228,2.233244405190973,0.633146976206933,2017-07-28,8.0,0,True,False
2017-04-07,2017Q1,14,diag4,student_t_ar1,1.9819713613385304,1.9625860314391137,-0.2862376687799838,0.6900646214974734,1.9618307902452337,1.942834932414497,0.0201405710932967,2017-04-28,12.0,2,True,True
2017-04-07,2017Q2,1,diag4,student_t_ar1,2.7847866890266637,2.7467166675105275,0.0499870662205706,0.7918756334942368,2.258367983115228,2.233244405190973,0.5264187059114356,2017-07-28,12.0,0,True,False
2017-04-07,2017Q3,-12,diag4,student_t_ar1,3.0172637908193467,2.9726397816226724,0.14685987755903482,0.8220049719732921,3.1915992394406345,3.1417261027391388,-0.1743354486212878,2017-10-28,12.0,0,True,False
2017-04-14,2017Q1,15,diag4,student_t_ar1,1.9545300154767409,1.9356743742888267,-0.29777702762854813,0.6895715715450677,1.9618307902452337,1.942834932414497,-0.007300774768492779,2017-04-28,6.0,0,True,False
2017-04-14,2017Q2,2,diag4,student_t_ar1,2.702366416786117,2.666497271392852,0.015590061485872915,0.7890777227238158,2.258367983115228,2.233244405190973,0.4439984336708891,2017-07-28,6.0,0,True,False
2017-04-14,2017Q3,-11,diag4,student_t_ar1,2.996424529931163,2.9524088337384544,0.1381851175403972,0.8218662169786666,3.1915992394406345,3.1417261027391388,-0.19517470950947136,2017-10-28,6.0,0,True,False
2017-04-21,2017Q1,16,diag4,student_t_ar1,2.1853583789346542,2.161821712420336,-0.20080807202786105,0.685452370894785,1.9618307902452337,1.942834932414497,0.22352758868942058,2017-04-28,6.0,0,True,False
2017-04-21,2017Q2,3,diag4,student_t_ar1,3.127673664163333,3.0797584771041024,0.19279094228862245,0.7658830942388363,2.258367983115228,2.233244405190973,0.8693056810481048,2017-07-28,6.0,0,True,False
2017-04-21,2017Q3,-10,diag4,student_t_ar1,3.0018159169885594,2.957643234815809,0.14042955875230742,0.8207534197206292,3.1915992394406345,3.1417261027391388,-0.18978332245207508,2017-10-28,6.0,0,True,False
2017-04-28,2017Q2,4,diag4,student_t_ar1,3.1233673355270275,3.075582664350808,0.19397862662772375,0.764818775929189,2.258367983115228,2.233244405190973,0.8649993524117994,2017-07-28,6.0,0,True,False
2017-04-28,2017Q3,-9,diag4,student_t_ar1,2.977089297575919,2.9336343495314954,0.1328946499063744,0.8186733487728461,3.1915992394406345,3.1417261027391388,-0.21450994186471561,2017-10-28,6.0,0,True,False
2017-05-05,2017Q2,5,diag4,student_t_ar1,2.9457305614921436,2.9031775634913233,0.1197883188319044,0.7573241354735141,2.258367983115228,2.233244405190973,0.6873625783769155,2017-07-28,14.0,4,True,True
2017-05-05,2017Q3,-8,diag4,student_t_ar1,2.8896735877496083,2.8487097955579035,0.09634945044699979,0.8155283017809383,3.1915992394406345,3.1417261027391388,-0.30192565169102625,2017-10-28,14.0,0,True,False
2017-05-12,2017Q2,6,diag4,student_t_ar1,2.945561091276705,2.903012942429319,0.11971747819436582,0.7573252648967629,2.258367983115228,2.233244405190973,0.6871931081614768,2017-07-28,4.0,0,True,False
2017-05-12,2017Q3,-7,diag4,student_t_ar1,2.889642751346355,2.848679825195655,0.09633655343647704,0.815528287301005,3.1915992394406345,3.1417261027391388,-0.30195648809427933,2017-10-28,4.0,0,True,False
2017-05-19,2017Q2,7,diag4,student_t_ar1,4.252008610260805,4.164094174991643,0.6623928650182412,0.712674475971636,2.258367983115228,2.233244405190973,1.9936406271455764,2017-07-28,11.0,0,True,False
2017-05-19,2017Q3,-6,diag4,student_t_ar1,3.0503333841186864,3.004735651168972,0.16349135166792533,0.8143385803569847,3.1915992394406345,3.1417261027391388,-0.14126585532194813,2017-10-28,11.0,0,True,False
2017-05-26,2017Q2,8,diag4,student_t_ar1,4.333322958545582,4.242061644508693,0.6959442537688882,0.7125642616463552,2.258367983115228,2.233244405190973,2.0749549754303542,2017-07-28,4.0,0,True,False
2017-05-26,2017Q3,-5,diag4,student_t_ar1,3.1882077287884725,3.1384394336581853,0.22102749605627922,0.8137745945403589,3.1915992394406345,3.1417261027391388,-0.003391510652162033,2017-10-28,4.0,0,True,False
2017-06-02,2017Q2,9,diag4,student_t_ar1,4.325600777377825,4.234659918253219,0.6927591023645713,0.7103684514981283,2.258367983115228,2.233244405190973,2.0672327942625968,2017-07-28,8.0,3,True,True
2017-06-02,2017Q3,-4,diag4,student_t_ar1,3.1715919624099698,3.12233574830933,0.21409766992745521,0.8117321123760908,3.1915992394406345,3.1417261027391388,-0.02000727703066474,2017-10-28,8.0,0,True,False
2017-06-09,2017Q2,10,diag4,student_t_ar1,4.325307665766065,4.234378959388524,0.6926381986062383,0.7074783963249358,2.258367983115228,2.233244405190973,2.066939682650837,2017-07-28,8.0,0,True,False
2017-06-09,2017Q3,-3,diag4,student_t_ar1,3.173995976192945,3.124665833296459,0.2151003648681717,0.8082036694484551,3.1915992394406345,3.1417261027391388,-0.017603263247689682,2017-10-28,8.0,0,True,False
2017-06-16,2017Q2,11,diag4,student_t_ar1,4.238940232672772,4.151558016776928,0.6569982367161189,0.7067490459659344,2.258367983115228,2.233244405190973,1.980572249557544,2017-07-28,8.0,0,True,False
2017-06-16,2017Q3,-2,diag4,student_t_ar1,3.1544592275355,3.105728310891668,0.20695106644778002,0.8073617580069876,3.1915992394406345,3.1417261027391388,-0.03714001190513461,2017-10-28,8.0,0,True,False
2017-06-23,2017Q2,12,diag4,student_t_ar1,4.1397075696377295,4.056315369238047,0.6160128986897379,0.6899053399696986,2.258367983115228,2.233244405190973,1.8813395865225013,2017-07-28,4.0,0,True,False
2017-06-23,2017Q3,-1,diag4,student_t_ar1,3.071914275508947,3.0256755465118066,0.1725023221841825,0.7990028577038241,3.1915992394406345,3.1417261027391388,-0.1196849639316877,2017-10-28,4.0,0,True,False
2017-06-30,2017Q2,13,diag4,student_t_ar1,4.137506512517253,4.054201785061057,0.6151033695640825,0.689902686840996,2.258367983115228,2.233244405190973,1.8791385294020246,2017-07-28,8.0,0,True,False
2017-06-30,2017Q3,0,diag4,student_t_ar1,3.060204142008205,3.014313771740136,0.16761306100098786,0.7990030349928823,3.1915992394406345,3.1417261027391388,-0.1313950974324296,2017-10-28,8.0,0,True,False
2017-07-07,2017Q2,14,diag4,student_t_ar1,4.188474478103488,4.103132759835086,0.6361596147745614,0.6896924848057946,2.258367983115228,2.233244405190973,1.9301064949882596,2017-07-28,12.0,26,True,True
2017-07-07,2017Q3,1,diag4,student_t_ar1,3.317922551276742,3.2640675100474588,0.27508845834018114,0.795077975521139,3.1915992394406345,3.1417261027391388,0.12632331183610734,2017-10-28,12.0,0,True,False
2017-07-07,2017Q4,-12,diag4,student_t_ar1,3.2630923135568146,3.2109839882695033,0.2522452663466772,0.8225687046844777,4.584974811729059,4.482971107757605,-1.3218824981722443,2018-01-28,12.0,0,True,False
2017-07-14,2017Q2,15,diag4,student_t_ar1,4.18030848796469,4.095294743000959,0.6327867164175307,0.6890280534960251,2.258367983115228,2.233244405190973,1.921940504849462,2017-07-28,6.0,0,True,False
2017-07-14,2017Q3,2,diag4,student_t_ar1,3.2747510792944468,3.2222737021141703,0.2571035178768639,0.7914994806958382,3.1915992394406345,3.1417261027391388,0.08315183985381225,2017-10-28,6.0,0,True,False
2017-07-14,2017Q4,-11,diag4,student_t_ar1,3.2434906892013116,3.1919999693299035,0.24407595928262182,0.8224246701701899,4.584974811729059,4.482971107757605,-1.3414841225277474,2018-01-28,6.0,0,True,False
2017-07-21,2017Q2,16,diag4,student_t_ar1,4.114233199595452,4.031850650755169,0.60548510696354,0.6844616194966385,2.258367983115228,2.233244405190973,1.8558652164802236,2017-07-28,6.0,0,True,False
2017-07-21,2017Q3,3,diag4,student_t_ar1,3.01081158306693,2.9663763558805134,0.14698436950733987,0.7657575538129476,3.1915992394406345,3.1417261027391388,-0.1807876563737043,2017-10-28,6.0,0,True,False
2017-07-21,2017Q4,-10,diag4,student_t_ar1,3.144939339280528,3.0964991145606495,0.20297950810587007,0.821075091263998,4.584974811729059,4.482971107757605,-1.440035472448531,2018-01-28,6.0,0,True,False
2017-07-28,2017Q3,4,diag4,student_t_ar1,3.0320274822243753,2.9869700337085447,0.15773780002935528,0.7660046890893568,3.1915992394406345,3.1417261027391388,-0.15957175721625916,2017-10-28,6.0,0,True,False
2017-07-28,2017Q4,-9,diag4,student_t_ar1,2.9898337134342645,2.946009555888235,0.14004469093730298,0.8192423966731466,4.584974811729059,4.482971107757605,-1.5951410982947944,2018-01-28,6.0,0,True,False
2017-08-04,2017Q3,5,diag4,student_t_ar1,2.868980449456049,2.8285958047659587,0.089327159842403,0.7639933432300393,3.1915992394406345,3.1417261027391388,-0.3226187899845856,2017-10-28,13.0,11,False,True
2017-08-04,2017Q4,-8,diag4,student_t_ar1,2.8595741838936206,2.819451458629141,0.08537720802582555,0.8185228119737639,4.584974811729059,4.482971107757605,-1.7254006278354383,2018-01-28,13.0,0,True,False
2017-08-11,2017Q3,6,diag4,student_t_ar1,2.814653820677049,2.775770376787583,0.06650891870381144,0.7584976847310394,3.1915992394406345,3.1417261027391388,-0.37694541876358567,2017-10-28,5.0,0,True,False
2017-08-11,2017Q4,-7,diag4,student_t_ar1,2.8170461218322673,2.778097159239902,0.06751398548899283,0.8170703986450455,4.584974811729059,4.482971107757605,-1.7679286898967916,2018-01-28,5.0,0,True,False
2017-08-18,2017Q3,7,diag4,student_t_ar1,2.312515329231246,2.286181897080146,-0.14497158256565001,0.7165358448749152,3.1915992394406345,3.1417261027391388,-0.8790839102093884,2017-10-28,11.0,0,True,False
2017-08-18,2017Q4,-6,diag4,student_t_ar1,2.8228784621866954,2.7837695405810154,0.06996420255726826,0.8160470904785411,4.584974811729059,4.482971107757605,-1.7620963495423636,2018-01-28,11.0,0,True,False
2017-08-25,2017Q3,8,diag4,student_t_ar1,2.3201194527869617,2.293613872500202,-0.1417612989245909,0.7160168339348398,3.1915992394406345,3.1417261027391388,-0.8714797866536728,2017-10-28,0.0,0,True,False
2017-08-25,2017Q4,-5,diag4,student_t_ar1,2.8356249986679183,2.796165367919101,0.075318649991723,0.8150743030538046,4.584974811729059,4.482971107757605,-1.7493498130611407,2018-01-28,0.0,0,True,False
2017-09-01,2017Q3,9,diag4,student_t_ar1,2.5935171131819645,2.5604558720891535,-0.026497394294852056,0.7233130524405825,3.1915992394406345,3.1417261027391388,-0.59808212625867,2017-10-28,11.0,7,True,True
2017-09-01,2017Q4,-4,diag4,student_t_ar1,3.2824122034519565,3.229691623661183,0.2625827578657373,0.8164537809684154,4.584974811729059,4.482971107757605,-1.3025626082771025,2018-01-28,11.0,0,True,False
2017-09-08,2017Q3,10,diag4,student_t_ar1,2.529648431660414,2.49818237565991,-0.05339678181419918,0.717558078569855,3.1915992394406345,3.1417261027391388,-0.6619508077802205,2017-10-28,9.0,0,True,False
2017-09-08,2017Q4,-3,diag4,student_t_ar1,3.180272312301291,3.1307489021492145,0.21984389204352756,0.8118765642295698,4.584974811729059,4.482971107757605,-1.404702499427768,2018-01-28,9.0,0,True,False
2017-09-15,2017Q3,11,diag4,student_t_ar1,2.507220344076977,2.476305249066234,-0.06284672986267226,0.7161285188644155,3.1915992394406345,3.1417261027391388,-0.6843788953636576,2017-10-28,6.0,0,True,False
2017-09-15,2017Q4,-2,diag4,student_t_ar1,3.2008780708921103,3.1507175462051498,0.22846946031086948,0.8109355204114426,4.584974811729059,4.482971107757605,-1.3840967408369487,2018-01-28,6.0,0,True,False
2017-09-22,2017Q3,12,diag4,student_t_ar1,1.8051833781458582,1.789083410267869,-0.3596960737019029,0.6939868396487182,3.1915992394406345,3.1417261027391388,-1.3864158612947763,2017-10-28,6.0,0,True,False
2017-09-22,2017Q4,-1,diag4,student_t_ar1,2.8403305741450335,2.8007410855471755,0.07729515699252272,0.8004641885771322,4.584974811729059,4.482971107757605,-1.7446442375840254,2018-01-28,6.0,0,True,False
2017-09-29,2017Q3,13,diag4,student_t_ar1,1.807387857393028,1.7912487768106924,-0.3587607314279546,0.693989350783037,3.1915992394406345,3.1417261027391388,-1.3842113820476065,2017-10-28,4.0,0,True,False
2017-09-29,2017Q4,0,diag4,student_t_ar1,2.8406767673555544,2.8010777167364074,0.0774405667306853,0.8004641911543092,4.584974811729059,4.482971107757605,-1.7442980443735046,2018-01-28,4.0,0,True,False
2017-10-06,2017Q3,14,diag4,student_t_ar1,1.8350812291848095,1.8184468088191592,-0.3470123883171638,0.6974245821386199,3.1915992394406345,3.1417261027391388,-1.356518010255825,2017-10-28,13.0,3,True,True
2017-10-06,2017Q4,1,diag4,student_t_ar1,3.1061110767290456,3.0588476573371564,0.18878574438482698,0.8126937701719052,4.584974811729059,4.482971107757605,-1.4788637350000133,2018-01-28,13.0,0,True,False
2017-10-06,2018Q1,-12,diag4,student_t_ar1,3.334906668992965,3.2805048536043255,0.2845318187299098,0.8247664148741054,3.293553047698339,3.240477819667709,0.041353621294626386,2018-04-28,13.0,0,True,False
2017-10-13,2017Q3,15,diag4,student_t_ar1,1.8321172160611132,1.8155361652334185,-0.3482696572073489,0.6969618274876088,3.1915992394406345,3.1417261027391388,-1.3594820233795213,2017-10-28,6.0,0,True,False
2017-10-13,2017Q4,2,diag4,student_t_ar1,3.1251830636374933,3.077343382772349,0.1967750771581681,0.8100156467071756,4.584974811729059,4.482971107757605,-1.4597917480915656,2018-01-28,6.0,0,True,False
2017-10-13,2018Q1,-11,diag4,student_t_ar1,3.332823571683674,3.27848896335679,0.28366104358359145,0.824669931748891,3.293553047698339,3.240477819667709,0.03927052398533526,2018-04-28,6.0,0,True,False
2017-10-20,2017Q3,16,diag4,student_t_ar1,1.7110925492435092,1.6966182399247003,-0.3996369248138912,0.6890490006092409,3.1915992394406345,3.1417261027391388,-1.4805066901971253,2017-10-28,9.0,0,True,False
2017-10-20,2017Q4,3,diag4,student_t_ar1,2.993554479572702,2.949622241524182,0.14160521084511535,0.7700405929866675,4.584974811729059,4.482971107757605,-1.591420332156357,2018-01-28,9.0,0,True,False
2017-10-20,2018Q1,-10,diag4,student_t_ar1,3.4045983865666596,3.347924692105731,0.3136541976925509,0.8233926656880377,3.293553047698339,3.240477819667709,0.1110453388683208,2018-04-28,9.0,0,True,False
2017-10-27,2017Q3,17,diag4,student_t_ar1,1.7154026497943953,1.700855741580833,-0.3978065121070713,0.6890542279644134,3.1915992394406345,3.1417261027391388,-1.4761965896462392,2017-10-28,4.0,0,True,False
2017-10-27,2017Q4,4,diag4,student_t_ar1,2.995255832837196,2.9512741305388737,0.14231875360877944,0.7700406090289548,4.584974811729059,4.482971107757605,-1.589718978891863,2018-01-28,4.0,0,True,False
2017-10-27,2018Q1,-9,diag4,student_t_ar1,3.4050033886825926,3.348316358752209,0.31382338030644175,0.8233923937284854,3.293553047698339,3.240477819667709,0.11145034098425377,2018-04-28,4.0,0,True,False
2017-11-03,2017Q4,5,diag4,student_t_ar1,3.00564572915456,2.9613613643785297,0.14549415543722616,0.7650660333131596,4.584974811729059,4.482971107757605,-1.5793290825744988,2018-01-28,12.0,12,False,True
2017-11-03,2018Q1,-8,diag4,student_t_ar1,3.5866026148312358,3.5237817085287615,0.3893273027035236,0.8206833409716404,3.293553047698339,3.240477819667709,0.293049567132897,2018-04-28,12.0,0,True,False
2017-11-10,2017Q4,6,diag4,student_t_ar1,2.746743862389134,2.7096976982361576,0.03638724917695415,0.7640584851691484,4.584974811729059,4.482971107757605,-1.8382309493399251,2018-01-28,7.0,0,True,False
2017-11-10,2018Q1,-7,diag4,student_t_ar1,3.37757418366047,3.3217868459615048,0.3017539359438014,0.8191417601533598,3.293553047698339,3.240477819667709,0.08402113596213123,2018-04-28,7.0,0,True,False
2017-11-17,2017Q4,7,diag4,student_t_ar1,3.9966125490814575,3.9188140979366226,0.5605906500971506,0.7178646152214948,4.584974811729059,4.482971107757605,-0.5883622626476015,2018-01-28,10.0,0,True,False
2017-11-17,2018Q1,-6,diag4,student_t_ar1,3.510708377161298,3.45048839467173,0.3575515328950212,0.8181321461901867,3.293553047698339,3.240477819667709,0.21715532946295912,2018-04-28,10.0,0,True,False
2017-11-24,2017Q4,8,diag4,student_t_ar1,3.985745363132609,3.908363994314535,0.5560600855791078,0.7172319810703863,4.584974811729059,4.482971107757605,-0.59922944859645,2018-01-28,2.0,0,True,False
2017-11-24,2018Q1,-5,diag4,student_t_ar1,3.5099202674637953,3.449727011902617,0.35722144107171117,0.8171222954430346,3.293553047698339,3.240477819667709,0.21636721976545648,2018-04-28,2.0,0,True,False
2017-12-01,2017Q4,9,diag4,student_t_ar1,3.996379425166685,3.918589932773601,0.5604934649619123,0.7154004796350448,4.584974811729059,4.482971107757605,-0.5885953865623739,2018-01-28,11.0,3,True,True
2017-12-01,2018Q1,-4,diag4,student_t_ar1,3.528196525486149,3.4673819812898152,0.36487562142870905,0.8146742366112497,3.293553047698339,3.240477819667709,0.23464347778781036,2018-04-28,11.0,0,True,False
2017-12-08,2017Q4,10,diag4,student_t_ar1,3.9613394346831976,3.8848907837281077,0.5458834501261691,0.7126458419937827,4.584974811729059,4.482971107757605,-0.6236353770458614,2018-01-28,9.0,0,True,False
2017-12-08,2018Q1,-3,diag4,student_t_ar1,3.468661343132018,3.409859191225497,0.3399370446385804,0.8113102036809224,3.293553047698339,3.240477819667709,0.17510829543367912,2018-04-28,9.0,0,True,False
2017-12-15,2017Q4,11,diag4,student_t_ar1,4.020248786135383,3.941539406840845,0.5704430383515046,0.7124779894903901,4.584974811729059,4.482971107757605,-0.5647260255936759,2018-01-28,6.0,0,True,False
2017-12-15,2018Q1,-2,diag4,student_t_ar1,3.5645601318252895,3.5025001643685703,0.38010084789043114,0.8109413663427536,3.293553047698339,3.240477819667709,0.27100708412695074,2018-04-28,6.0,0,True,False
2017-12-22,2017Q4,12,diag4,student_t_ar1,3.8835764145969787,3.8100628540701713,0.5134423590780082,0.6953532303286303,4.584974811729059,4.482971107757605,-0.7013983971320803,2018-01-28,6.0,0,True,False
2017-12-22,2018Q1,-1,diag4,student_t_ar1,3.5603040524093688,3.4983904893343345,0.37831912891766983,0.8021689602206069,3.293553047698339,3.240477819667709,0.26675100471102997,2018-04-28,6.0,0,True,False
2017-12-29,2017Q4,13,diag4,student_t_ar1,3.884571626868971,3.811020856806767,0.5138576940223846,0.6953510554793596,4.584974811729059,4.482971107757605,-0.7004031848600878,2018-01-28,4.0,0,True,False
2017-12-29,2018Q1,0,diag4,student_t_ar1,3.5604947977908807,3.498574676902737,0.37839898206480066,0.8021686945503089,3.293553047698339,3.240477819667709,0.26694175009254195,2018-04-28,4.0,0,True,False
2018-01-05,2017Q4,14,diag4,student_t_ar1,3.836223553610374,3.7644698371173884,0.4936758464818827,0.6945868874010197,4.584974811729059,4.482971107757605,-0.748751258118685,2018-01-28,13.0,7,True,True
2018-01-05,2018Q1,1,diag4,student_t_ar1,3.3633791751224384,3.308054676955094,0.2958004564467452,0.7938081774563229,3.293553047698339,3.240477819667709,0.06982612742409966,2018-04-28,13.0,0,True,False
2018-01-05,2018Q2,-12,diag4,student_t_ar1,2.992415026851547,2.948515901394413,0.1399251007255899,0.8248680689141686,2.1402669926408935,2.117684921507524,0.8521480342106535,2018-07-28,13.0,0,True,False
2018-01-12,2017Q4,15,diag4,student_t_ar1,3.8366319019627504,3.7648630982891307,0.49384634193106214,0.694586011713463,4.584974811729059,4.482971107757605,-0.7483429097663086,2018-01-28,4.0,0,True,False
2018-01-12,2018Q1,2,diag4,student_t_ar1,3.363419710070481,3.3080938929138064,0.29581745823328315,0.7938088873456489,3.293553047698339,3.240477819667709,0.06986666237214223,2018-04-28,4.0,0,True,False
2018-01-12,2018Q2,-11,diag4,student_t_ar1,2.9924281181401557,2.9485286123185723,0.13993061145199723,0.8248680919923654,2.1402669926408935,2.117684921507524,0.8521611254992623,2018-07-28,4.0,0,True,False
2018-01-19,2017Q4,16,diag4,student_t_ar1,3.8141634071789055,3.743222444480815,0.4844641978072492,0.6903428048850682,4.584974811729059,4.482971107757605,-0.7708114045501535,2018-01-28,11.0,0,True,False
2018-01-19,2018Q1,3,diag4,student_t_ar1,3.332435877205775,3.2781137725976603,0.282819800577152,0.7704731594284806,3.293553047698339,3.240477819667709,0.038882829507436156,2018-04-28,11.0,0,True,False
2018-01-19,2018Q2,-10,diag4,student_t_ar1,3.005005278089534,2.960739599375698,0.14522459385561323,0.8240425878628057,2.1402669926408935,2.117684921507524,0.8647382854486407,2018-07-28,11.0,0,True,False
2018-01-26,2017Q4,17,diag4,student_t_ar1,3.816479214608104,3.7454531435723086,0.4854313007681223,0.6903394470493164,4.584974811729059,4.482971107757605,-0.768495597120955,2018-01-28,4.0,0,True,False
2018-01-26,2018Q1,4,diag4,student_t_ar1,3.3008840216004476,3.2475747909213335,0.26957985274472174,0.7688633050816268,3.293553047698339,3.240477819667709,0.007330973902108795,2018-04-28,4.0,0,True,False
2018-01-26,2018Q2,-9,diag4,student_t_ar1,2.9806490974576105,2.9370911751014237,0.13497199581455666,0.8234687674982797,2.1402669926408935,2.117684921507524,0.840382104816717,2018-07-28,4.0,0,True,False
2018-02-02,2018Q1,5,diag4,student_t_ar1,3.2588522918195917,3.206877866040282,0.24617146714827415,0.7621401635450263,3.293553047698339,3.240477819667709,-0.0347007558787471,2018-04-28,10.0,11,False,True
2018-02-02,2018Q2,-8,diag4,student_t_ar1,3.0299005042714766,2.984905627174311,0.14980580746793754,0.8188507391902109,2.1402669926408935,2.117684921507524,0.8896335116305831,2018-07-28,10.0,0,True,False
2018-02-09,2018Q1,6,diag4,student_t_ar1,3.2678708252328104,3.2156113929009686,0.24996298667146183,0.7578346384685758,3.293553047698339,3.240477819667709,-0.025682222465528426,2018-04-28,9.0,0,True,False
2018-02-09,2018Q2,-7,diag4,student_t_ar1,3.041927465218097,2.9965782183079828,0.15487327424000674,0.817327939712602,2.1402669926408935,2.117684921507524,0.9016604725772037,2018-07-28,9.0,0,True,False
2018-02-16,2018Q1,7,diag4,student_t_ar1,3.23700202887538,3.185714958825851,0.2369839330454002,0.7565526415213861,3.293553047698339,3.240477819667709,-0.05655101882295899,2018-04-28,8.0,0,True,False
2018-02-16,2018Q2,-6,diag4,student_t_ar1,3.0637865398063457,3.0177897356846013,0.16408191165908945,0.8166381542180531,2.1402669926408935,2.117684921507524,0.9235195471654523,2018-07-28,8.0,0,True,False
2018-02-23,2018Q1,8,diag4,student_t_ar1,3.031805720526437,2.9867547977843403,0.15060859499942048,0.7159347700315882,3.293553047698339,3.240477819667709,-0.26174732717190174,2018-04-28,4.0,0,True,False
2018-02-23,2018Q2,-5,diag4,student_t_ar1,3.173250562515051,3.1239433485622174,0.21016678688792054,0.8155171500301959,2.1402669926408935,2.117684921507524,1.0329835698741574,2018-07-28,4.0,0,True,False
2018-03-02,2018Q1,9,diag4,student_t_ar1,3.331404770940982,3.277115914180281,0.2766641804634609,0.7235189764010228,3.293553047698339,3.240477819667709,0.03785172324264341,2018-04-28,11.0,3,True,True
2018-03-02,2018Q2,-4,diag4,student_t_ar1,3.665177009396392,3.599606773550908,0.41666837451447364,0.8165556458877755,2.1402669926408935,2.117684921507524,1.5249100167554985,2018-07-28,11.0,0,True,False
2018-03-09,2018Q1,10,diag4,student_t_ar1,3.463973955590749,3.4053288400459434,0.3323257498728271,0.7251080914211068,3.293553047698339,3.240477819667709,0.17042090789241016,2018-04-28,9.0,0,True,False
2018-03-09,2018Q2,-3,diag4,student_t_ar1,3.8599676113386217,3.787334057879953,0.4981671406970761,0.8150069237074972,2.1402669926408935,2.117684921507524,1.7197006186977282,2018-07-28,9.0,0,True,False
2018-03-16,2018Q1,11,diag4,student_t_ar1,3.439202929982632,3.3813842819204156,0.3219306069878023,0.7204654422629555,3.293553047698339,3.240477819667709,0.14564988228429332,2018-04-28,8.0,0,True,False
2018-03-16,2018Q2,-2,diag4,student_t_ar1,3.800696451426311,3.7302494272501265,0.47338477099014564,0.8126323786468381,2.1402669926408935,2.117684921507524,1.6604294587854174,2018-07-28,8.0,0,True,False
2018-03-23,2018Q1,12,diag4,student_t_ar1,2.9770014387784594,2.9335490307139427,0.127510171211241,0.693603925962797,3.293553047698339,3.240477819667709,-0.31655160891987943,2018-04-28,4.0,0,True,False
2018-03-23,2018Q2,-1,diag4,student_t_ar1,3.4581627340238397,3.3997120204427835,0.3298872984289475,0.8001612484800217,2.1402669926408935,2.117684921507524,1.3178957413829462,2018-07-28,4.0,0,True,False
2018-03-30,2018Q1,13,diag4,student_t_ar1,2.976434019095775,2.932998013265333,0.12727095589223555,0.6935984201820327,3.293553047698339,3.240477819667709,-0.3171190286025638,2018-04-28,8.0,0,True,False
2018-03-30,2018Q2,0,diag4,student_t_ar1,3.451702768336351,3.3934677887587066,0.3271764661712422,0.8001178447556455,2.1402669926408935,2.117684921507524,1.3114357756954576,2018-07-28,8.0,0,True,False
2018-04-06,2018Q1,14,diag4,student_t_ar1,2.9770966311270186,2.9336414710678467,0.12755030269673906,0.6929062921623537,3.293553047698339,3.240477819667709,-0.3164564165713202,2018-04-28,10.0,52,True,True
2018-04-06,2018Q2,1,diag4,student_t_ar1,3.2870258648523443,3.2341585587937947,0.25801493895880173,0.7910604948941874,2.1402669926408935,2.117684921507524,1.1467588722114508,2018-07-28,10.0,0,True,False
2018-04-06,2018Q3,-12,diag4,student_t_ar1,3.305466417527514,3.252010662246752,0.26576514112243627,0.8226151138618227,2.5182268082057035,2.487041930090145,0.7872396093218104,2018-10-28,10.0,0,True,False
2018-04-13,2018Q1,15,diag4,student_t_ar1,2.9773374629733285,2.933875340124721,0.12765183316766482,0.6926850984146584,3.293553047698339,3.240477819667709,-0.3162155847250103,2018-04-28,6.0,0,True,False
2018-04-13,2018Q2,2,diag4,student_t_ar1,3.287416183528502,3.234536455180487,0.25817899656699844,0.789704101499986,2.1402669926408935,2.117684921507524,1.1471491908876086,2018-07-28,6.0,0,True,False
2018-04-13,2018Q3,-11,diag4,student_t_ar1,3.305046541903378,3.251604220562718,0.2655886910347873,0.8225243362820416,2.5182268082057035,2.487041930090145,0.7868197336976746,2018-10-28,6.0,0,True,False
2018-04-20,2018Q1,16,diag4,student_t_ar1,3.0902130641982994,3.043427389659269,0.17521208474085423,0.6888935479326466,3.293553047698339,3.240477819667709,-0.20333998350003935,2018-04-28,8.0,0,True,False
2018-04-20,2018Q2,3,diag4,student_t_ar1,3.523741709167605,3.4630788906187426,0.3573970008925588,0.7671434817918722,2.1402669926408935,2.117684921507524,1.3834747165267114,2018-07-28,8.0,0,True,False
2018-04-20,2018Q3,-10,diag4,student_t_ar1,3.328507409236159,3.274311924113251,0.2754468734978379,0.8212917663224452,2.5182268082057035,2.487041930090145,0.8102806010304553,2018-10-28,8.0,0,True,False
2018-04-27,2018Q1,17,diag4,student_t_ar1,3.092047158237521,3.0452064894104334,0.17598445214154332,0.6888888079291543,3.293553047698339,3.240477819667709,-0.20150588946081793,2018-04-28,4.0,0,True,False
2018-04-27,2018Q2,4,diag4,student_t_ar1,3.5244628442047787,3.4637754772312537,0.3576994127111811,0.7671427900637483,2.1402669926408935,2.117684921507524,1.3841958515638852,2018-07-28,4.0,0,True,False
2018-04-27,2018Q3,-9,diag4,student_t_ar1,3.328703626789209,3.274501820756182,0.27552931405599346,0.8212917300805836,2.5182268082057035,2.487041930090145,0.8104768185835054,2018-10-28,4.0,0,True,False
2018-05-04,2018Q2,5,diag4,student_t_ar1,3.3207993874116326,3.2668519215150633,0.27120731724211766,0.7628245819243819,2.1402669926408935,2.117684921507524,1.1805323947707391,2018-07-28,12.0,12,False,True
2018-05-04,2018Q3,-8,diag4,student_t_ar1,3.194546532338194,3.144582198420116,0.21793739660734315,0.8172439008282192,2.5182268082057035,2.487041930090145,0.6763197241324903,2018-10-28,12.0,0,True,False
2018-05-11,2018Q2,6,diag4,student_t_ar1,3.132550550002322,3.0844873441054603,0.1917555419431746,0.7634505448658709,2.1402669926408935,2.117684921507524,0.9922835573614286,2018-07-28,7.0,0,True,False
2018-05-11,2018Q3,-7,diag4,student_t_ar1,3.05422769238628,3.0085146148636337,0.15865608645510895,0.816052989633756,2.5182268082057035,2.487041930090145,0.5360008841805763,2018-10-28,7.0,0,True,False
2018-05-18,2018Q2,7,diag4,student_t_ar1,4.647572912800557,4.5428070210702955,0.827109671204771,0.7153063700216581,2.1402669926408935,2.117684921507524,2.5073059201596637,2018-07-28,12.0,0,True,False
2018-05-18,2018Q3,-6,diag4,student_t_ar1,3.3170868473696435,3.263258640428004,0.2696418127698661,0.8150378383517116,2.5182268082057035,2.487041930090145,0.79886003916394,2018-10-28,12.0,0,True,False
2018-05-25,2018Q2,8,diag4,student_t_ar1,4.722155695896824,4.6140520733007575,0.8581493937286366,0.7157193143362064,2.1402669926408935,2.117684921507524,2.58188870325593,2018-07-28,0.0,0,True,False
2018-05-25,2018Q3,-5,diag4,student_t_ar1,3.4429539758858763,3.3850105452577317,0.3226861326819657,0.8146874861082645,2.5182268082057035,2.487041930090145,0.9247271676801727,2018-10-28,0.0,0,True,False
2018-06-01,2018Q2,9,diag4,student_t_ar1,4.833065945356552,4.719905088030898,0.9042669570214515,0.7164964958384804,2.1402669926408935,2.117684921507524,2.692798952715658,2018-07-28,11.0,12,False,True
2018-06-01,2018Q3,-4,diag4,student_t_ar1,3.646545721383765,3.5816325964832667,0.4083495397684225,0.8137145656995443,2.5182268082057035,2.487041930090145,1.1283189131780613,2018-10-28,11.0,0,True,False
2018-06-08,2018Q2,10,diag4,student_t_ar1,4.953023426809167,4.834266812285911,0.9540915564440724,0.7168876262455223,2.1402669926408935,2.117684921507524,2.812756434168273,2018-07-28,9.0,0,True,False
2018-06-08,2018Q3,-3,diag4,student_t_ar1,3.844543587166882,3.772482166497238,0.4914980183163811,0.8118003165112132,2.5182268082057035,2.487041930090145,1.3263167789611785,2018-10-28,9.0,0,True,False
2018-06-15,2018Q2,11,diag4,student_t_ar1,5.063393485773604,4.939372947080249,0.9998837224603024,0.7153630961561963,2.1402669926408935,2.117684921507524,2.9231264931327106,2018-07-28,6.0,0,True,False
2018-06-15,2018Q3,-2,diag4,student_t_ar1,3.9518249215610535,3.875738392480301,0.5364842244182202,0.810755954213085,2.5182268082057035,2.487041930090145,1.43359811335535,2018-10-28,6.0,0,True,False
2018-06-22,2018Q2,12,diag4,student_t_ar1,3.49691140931232,3.437158481614763,0.34540571002859277,0.6927425804967395,2.1402669926408935,2.117684921507524,1.3566444166714264,2018-07-28,6.0,0,True,False
2018-06-22,2018Q3,-1,diag4,student_t_ar1,2.9107683811671947,2.8692100367523716,0.09796449713757063,0.7998838665841611,2.5182268082057035,2.487041930090145,0.39254157296149117,2018-10-28,6.0,0,True,False
2018-06-29,2018Q2,13,diag4,student_t_ar1,3.5013136056197602,3.441411847852853,0.34725879741767374,0.6927379752310452,2.1402669926408935,2.117684921507524,1.3610466129788668,2018-07-28,4.0,0,True,False
2018-06-29,2018Q3,0,diag4,student_t_ar1,2.9114488066462885,2.8698712146255856,0.09825255612666495,0.7998832431876424,2.5182268082057035,2.487041930090145,0.3932219984405849,2018-10-28,4.0,0,True,False
2018-07-06,2018Q2,14,diag4,student_t_ar1,3.5082099430211233,3.4480746692396975,0.3501616253418466,0.6926210309715902,2.1402669926408935,2.117684921507524,1.3679429503802298,2018-07-28,13.0,13,True,True
2018-07-06,2018Q3,1,diag4,student_t_ar1,2.9343612247079376,2.8921329435893943,0.10795144563976278,0.7943288248388493,2.5182268082057035,2.487041930090145,0.41613441650223404,2018-10-28,13.0,0,True,False
2018-07-06,2018Q4,-12,diag4,student_t_ar1,3.32026154734133,3.2663313666283633,0.270980524240558,0.8223548575296172,0.5677817986818878,0.5661759932739241,2.752479748659442,2019-01-28,13.0,0,True,False
2018-07-13,2018Q2,15,diag4,student_t_ar1,3.5063101225770277,3.44623922267919,0.3493619662755406,0.6923489957172325,2.1402669926408935,2.117684921507524,1.3660431299361342,2018-07-28,6.0,0,True,False
2018-07-13,2018Q3,2,diag4,student_t_ar1,2.893909447289311,2.852826605536447,0.0908266378335149,0.7927288464222904,2.5182268082057035,2.487041930090145,0.37568263908360766,2018-10-28,6.0,0,True,False
2018-07-13,2018Q4,-11,diag4,student_t_ar1,3.3019751462735503,3.248631044138246,0.26326892769489263,0.8222573836320356,0.5677817986818878,0.5661759932739241,2.7341933475916624,2019-01-28,6.0,0,True,False
2018-07-20,2018Q2,16,diag4,student_t_ar1,3.7210690791493084,3.653508198703539,0.43966397746349517,0.6878036342798525,2.1402669926408935,2.117684921507524,1.580802086508415,2018-07-28,9.0,0,True,False
2018-07-20,2018Q3,3,diag4,student_t_ar1,3.4224121945966024,3.365150496437496,0.31403359632482375,0.7671509573815484,2.5182268082057035,2.487041930090145,0.9041853863908988,2018-10-28,9.0,0,True,False
2018-07-20,2018Q4,-10,diag4,student_t_ar1,3.385058555058418,3.329026424314782,0.2982952237639606,0.8210057189317371,0.5677817986818878,0.5661759932739241,2.81727675637653,2019-01-28,9.0,0,True,False
2018-07-27,2018Q2,17,diag4,student_t_ar1,3.7189168637130843,3.6514331740389103,0.4387599400910203,0.6878002880066448,2.1402669926408935,2.117684921507524,1.5786498710721908,2018-07-28,4.0,0,True,False
2018-07-27,2018Q3,4,diag4,student_t_ar1,3.4215431387343953,3.3643101954861807,0.31366749780220643,0.767150385720274,2.5182268082057035,2.487041930090145,0.9033163305286918,2018-10-28,4.0,0,True,False
2018-07-27,2018Q4,-9,diag4,student_t_ar1,3.384827607560692,3.328803038306306,0.2981978999568789,0.8210055257164165,0.5677817986818878,0.5661759932739241,2.817045808878804,2019-01-28,4.0,0,True,False
2018-08-03,2018Q3,5,diag4,student_t_ar1,3.2430797571907144,3.1916019463401244,0.24099529787385204,0.7638813773600466,2.5182268082057035,2.487041930090145,0.7248529489850108,2018-10-28,12.0,11,True,True
2018-08-03,2018Q4,-8,diag4,student_t_ar1,3.1050180718987574,3.057787574077039,0.1824868216284647,0.8173240474282233,0.5677817986818878,0.5661759932739241,2.5372362732168696,2019-01-28,12.0,0,True,False
2018-08-10,2018Q3,6,diag4,student_t_ar1,3.0119459682141914,2.9674775790276664,0.1430000302569154,0.7670943316871167,2.5182268082057035,2.487041930090145,0.4937191600084878,2018-10-28,7.0,0,True,False
2018-08-10,2018Q4,-7,diag4,student_t_ar1,2.9177213509481437,2.8759661177911515,0.10298791447752277,0.8159772082268226,0.5677817986818878,0.5661759932739241,2.349939552266256,2019-01-28,7.0,0,True,False
2018-08-17,2018Q3,7,diag4,student_t_ar1,3.066249348693151,3.0201793038776295,0.16604312767856394,0.7176507966868035,2.5182268082057035,2.487041930090145,0.5480225404874473,2018-10-28,10.0,0,True,False
2018-08-17,2018Q4,-6,diag4,student_t_ar1,2.981471285830528,2.937889563049059,0.1300630811029864,0.8147679828217425,0.5677817986818878,0.5661759932739241,2.4136894871486403,2019-01-28,10.0,0,True,False
2018-08-24,2018Q3,8,diag4,student_t_ar1,2.9947126434661575,2.9507467365351148,0.13568470168655664,0.7169816143388157,2.5182268082057035,2.487041930090145,0.47648583526045396,2018-10-28,2.0,0,True,False
2018-08-24,2018Q4,-5,diag4,student_t_ar1,2.856859421604674,2.8168121339611694,0.07712365640715621,0.8137587564853384,0.5677817986818878,0.5661759932739241,2.289077622922786,2019-01-28,2.0,0,True,False
2018-08-31,2018Q3,9,diag4,student_t_ar1,2.997757032878612,2.9537025624616247,0.13697709553096893,0.7169542595204441,2.5182268082057035,2.487041930090145,0.4795302246729083,2018-10-28,8.0,0,True,False
2018-08-31,2018Q4,-4,diag4,student_t_ar1,2.864379105006676,2.8241226901868646,0.08032009560899872,0.8137196167631947,0.5677817986818878,0.5661759932739241,2.296597306324788,2019-01-28,8.0,0,True,False
2018-09-07,2018Q3,10,diag4,student_t_ar1,3.2771651442312644,3.2246111918659772,0.2554281321431819,0.7182712935089933,2.5182268082057035,2.487041930090145,0.7589383360255608,2018-10-28,12.0,11,False,True
2018-09-07,2018Q4,-3,diag4,student_t_ar1,3.360794834673908,3.305554398058314,0.29081942514584147,0.8098100924650433,0.5677817986818878,0.5661759932739241,2.79301303599202,2019-01-28,12.0,0,True,False
2018-09-14,2018Q3,11,diag4,student_t_ar1,3.222745194976828,3.1719041951172797,0.23238272965701268,0.7157586799108165,2.5182268082057035,2.487041930090145,0.7045183867711247,2018-10-28,6.0,0,True,False
2018-09-14,2018Q4,-2,diag4,student_t_ar1,3.2815455783098857,3.228852537160915,0.25728260148186743,0.8084569545730274,0.5677817986818878,0.5661759932739241,2.713763779627998,2019-01-28,6.0,0,True,False
2018-09-21,2018Q3,12,diag4,student_t_ar1,3.419282121357514,3.3621239565035,0.3155536791017244,0.6951504068441688,2.5182268082057035,2.487041930090145,0.9010553131518106,2018-10-28,6.0,0,True,False
2018-09-21,2018Q4,-1,diag4,student_t_ar1,3.464698138854927,3.406028775204144,0.3347504514555512,0.798634005967168,0.5677817986818878,0.5661759932739241,2.896916340173039,2019-01-28,6.0,0,True,False
2018-09-28,2018Q3,13,diag4,student_t_ar1,3.4185467916625134,3.361412935991573,0.3152427952554791,0.6951465046096054,2.5182268082057035,2.487041930090145,0.9003199834568099,2018-10-28,4.0,0,True,False
2018-09-28,2018Q4,0,diag4,student_t_ar1,3.4645478741865743,3.405883542308111,0.3346869503883348,0.7986337033215796,0.5677817986818878,0.5661759932739241,2.8967660755046865,2019-01-28,4.0,0,True,False
2018-10-05,2018Q3,14,diag4,student_t_ar1,3.33589399498313,3.2814603112567946,0.2802846202408089,0.6955707176815626,2.5182268082057035,2.487041930090145,0.8176671867774266,2018-10-28,13.0,22,True,True
2018-10-05,2018Q4,1,diag4,student_t_ar1,3.222472960796696,3.171640460086186,0.2322674151766555,0.7973773241614948,0.5677817986818878,0.5661759932739241,2.6546911621148084,2019-01-28,13.0,0,True,False
2018-10-05,2019Q1,-12,diag4,student_t_ar1,3.192346713124139,3.1424504552851302,0.21950449088368368,0.8217701326650655,2.520756202743435,2.489509162906772,0.671590510380704,2019-04-28,13.0,0,True,False
2018-10-12,2018Q3,15,diag4,student_t_ar1,3.336402750645373,3.2819526420338203,0.2804998850369988,0.6955719202905565,2.5182268082057035,2.487041930090145,0.8181759424396695,2018-10-28,4.0,0,True,False
2018-10-12,2018Q4,2,diag4,student_t_ar1,3.2225528371732315,3.171717842794955,0.2323012496915978,0.7973794153689471,0.5677817986818878,0.5661759932739241,2.6547710384913437,2019-01-28,4.0,0,True,False
2018-10-12,2019Q1,-11,diag4,student_t_ar1,3.1923889082158707,3.1424913450259386,0.2195223693550938,0.8217702544605757,2.520756202743435,2.489509162906772,0.6716327054724358,2019-04-28,4.0,0,True,False
2018-10-19,2018Q3,16,diag4,student_t_ar1,3.2774531615862967,3.2248900695375404,0.2555500675328271,0.6899291213788286,2.5182268082057035,2.487041930090145,0.7592263533805932,2018-10-28,11.0,0,True,False
2018-10-19,2018Q4,3,diag4,student_t_ar1,3.1301764944960953,3.0821853717226246,0.19315441988300805,0.7687454520529203,0.5677817986818878,0.5661759932739241,2.5623946958142074,2019-01-28,11.0,0,True,False
2018-10-19,2019Q1,-10,diag4,student_t_ar1,3.197878937849019,3.147811392033719,0.22184848603983298,0.8208003299732604,2.520756202743435,2.489509162906772,0.6771227351055842,2019-04-28,11.0,0,True,False
2018-10-26,2018Q3,17,diag4,student_t_ar1,3.281363013289873,3.2286757725895394,0.25720531362742816,0.68993023530455,2.5182268082057035,2.487041930090145,0.7631362050841695,2018-10-28,4.0,0,True,False
2018-10-26,2018Q4,4,diag4,student_t_ar1,3.1597757583476938,3.110882129593253,0.20570167880443613,0.7675100377544711,0.5677817986818878,0.5661759932739241,2.591993959665806,2019-01-28,4.0,0,True,False
2018-10-26,2019Q1,-9,diag4,student_t_ar1,3.221122017198752,3.1703316826469154,0.23169517041384705,0.8201977693332276,2.520756202743435,2.489509162906772,0.7003658144553171,2019-04-28,4.0,0,True,False
2018-11-02,2018Q4,5,diag4,student_t_ar1,3.0952596873247806,3.048322616330818,0.17951324751854592,0.7621302097812819,0.5677817986818878,0.5661759932739241,2.527477888642893,2019-01-28,10.0,11,False,True
2018-11-02,2019Q1,-8,diag4,student_t_ar1,3.0940356052472584,3.047135278185258,0.17899216111990443,0.8168501389862363,2.520756202743435,2.489509162906772,0.5732794025038235,2019-04-28,10.0,0,True,False
2018-11-09,2018Q4,6,diag4,student_t_ar1,3.093001901920478,3.0461325931093293,0.17855211330611126,0.7567186128440927,0.5677817986818878,0.5661759932739241,2.52522010323859,2019-01-28,9.0,0,True,False
2018-11-09,2019Q1,-7,diag4,student_t_ar1,3.0924512352310307,3.0455984461255583,0.1783176925312384,0.8149920226939255,2.520756202743435,2.489509162906772,0.5716950324875958,2019-04-28,9.0,0,True,False
2018-11-16,2018Q4,7,diag4,student_t_ar1,3.137852443530287,3.0896280656556043,0.19764094594497897,0.755645979567082,0.5677817986818878,0.5661759932739241,2.570070644848399,2019-01-28,8.0,0,True,False
2018-11-16,2019Q1,-6,diag4,student_t_ar1,3.152057475215031,3.1033999769553913,0.20368501661553617,0.8142725657201495,2.520756202743435,2.489509162906772,0.6313012724715961,2019-04-28,8.0,0,True,False
2018-11-23,2018Q4,8,diag4,student_t_ar1,2.4979777552984084,2.467288317914711,-0.07548493575459721,0.7160380939959158,0.5677817986818878,0.5661759932739241,1.9301959566165205,2019-01-28,4.0,0,True,False
2018-11-23,2019Q1,-5,diag4,student_t_ar1,3.012913061794631,2.9684163915428066,0.1444448493040121,0.8126712678712029,2.520756202743435,2.489509162906772,0.492156859051196,2019-04-28,4.0,0,True,False
2018-11-30,2018Q4,9,diag4,student_t_ar1,2.4817952799631504,2.451498979162633,-0.0824143936331417,0.7160139734578354,0.5677817986818878,0.5661759932739241,1.9140134812812626,2019-01-28,8.0,0,True,False
2018-11-30,2019Q1,-4,diag4,student_t_ar1,2.992326566723591,2.948430011413168,0.13567343832679893,0.812627723439627,2.520756202743435,2.489509162906772,0.47157036398015606,2019-04-28,8.0,0,True,False
2018-12-07,2018Q4,10,diag4,student_t_ar1,2.5390827670382032,2.507383520397377,-0.057888377653087984,0.7158380263044872,0.5677817986818878,0.5661759932739241,1.9713009683563154,2019-01-28,12.0,10,True,True
2018-12-07,2019Q1,-3,diag4,student_t_ar1,3.100500461450628,3.0534059159323226,0.18174415224646007,0.8084531221986606,2.520756202743435,2.489509162906772,0.5797442587071933,2019-04-28,12.0,0,True,False
2018-12-14,2018Q4,11,diag4,student_t_ar1,2.5659448786183647,2.5335770389494052,-0.04639284346086169,0.7213193939615942,0.5677817986818878,0.5661759932739241,1.998163079936477,2019-01-28,6.0,0,True,False
2018-12-14,2019Q1,-2,diag4,student_t_ar1,3.0327935170149978,2.987713522856211,0.15291377005570475,0.8101812653719201,2.520756202743435,2.489509162906772,0.5120373142715628,2019-04-28,6.0,0,True,False
2018-12-21,2018Q4,12,diag4,student_t_ar1,2.3254430051441233,2.2988165774056224,-0.14942203013919794,0.6946296124944515,0.5677817986818878,0.5661759932739241,1.7576612064622354,2019-01-28,6.0,0,True,False
2018-12-21,2019Q1,-1,diag4,student_t_ar1,2.80981032796197,2.771059368556136,0.05783088786492967,0.7980870291572153,2.520756202743435,2.489509162906772,0.28905412521853524,2019-04-28,6.0,0,True,False
2018-12-28,2018Q4,13,diag4,student_t_ar1,2.3246447320335983,2.298036442767672,-0.14976440737222552,0.6946258935519,0.5677817986818878,0.5661759932739241,1.7568629333517105,2019-01-28,4.0,0,True,False
2018-12-28,2019Q1,0,diag4,student_t_ar1,2.809671516424417,2.7709243506713257,0.057771632644661654,0.7980868195164462,2.520756202743435,2.489509162906772,0.2889153136809819,2019-04-28,4.0,0,True,False
2019-01-04,2018Q4,14,diag4,student_t_ar1,2.2506825171449307,2.225728389684477,-0.18149820040732803,0.6952721518137807,0.5677817986818878,0.5661759932739241,1.682900718463043,2019-01-28,11.0,5,True,True
2019-01-04,2019Q1,1,diag4,student_t_ar1,2.484961389573792,2.454588367571129,-0.08105855554623519,0.7991967718473934,2.520756202743435,2.489509162906772,-0.035794813169642836,2019-04-28,11.0,0,True,False
2019-01-04,2019Q2,-12,diag4,student_t_ar1,2.670244325629234,2.6352155037776828,-0.001786829749565917,0.823953262121866,3.3826649590035895,3.326711173158321,-0.7124206333743555,2019-07-28,11.0,0,True,False
2019-01-11,2018Q4,15,diag4,student_t_ar1,2.2604202984258137,2.235251375140197,-0.17731885334095887,0.6943566854038833,0.5677817986818878,0.5661759932739241,1.6926384997439259,2019-01-28,6.0,0,True,False
2019-01-11,2019Q1,2,diag4,student_t_ar1,2.5311351039821295,2.4996323577540953,-0.06129012587635033,0.7932933208468497,2.520756202743435,2.489509162906772,0.01037890123869456,2019-04-28,6.0,0,True,False
2019-01-11,2019Q2,-11,diag4,student_t_ar1,2.702511072458069,2.6666381206985936,0.01200359579048015,0.8218574742613947,3.3826649590035895,3.326711173158321,-0.6801538865455203,2019-07-28,6.0,0,True,False
2019-01-18,2018Q4,16,diag4,student_t_ar1,2.2461493468519222,2.2212949026202087,-0.18344392228645837,0.6896847947188717,0.5677817986818878,0.5661759932739241,1.6783675481700344,2019-01-28,11.0,0,True,False
2019-01-18,2019Q1,3,diag4,student_t_ar1,2.4946230051130502,2.464015272767509,-0.07692137516718031,0.7687396713529788,2.520756202743435,2.489509162906772,-0.026133197630384686,2019-04-28,11.0,0,True,False
2019-01-18,2019Q2,-10,diag4,student_t_ar1,2.702306325748949,2.6664387614900806,0.011916103131048095,0.8209366131336866,3.3826649590035895,3.326711173158321,-0.6803586332546407,2019-07-28,11.0,0,True,False
2019-01-25,2018Q4,17,diag4,student_t_ar1,2.2462640343525964,2.2214070705963027,-0.1833946951922861,0.6896848594008859,0.5677817986818878,0.5661759932739241,1.6784822356707085,2019-01-28,0.0,0,True,False
2019-01-25,2019Q1,4,diag4,student_t_ar1,2.511585573806663,2.480563619132138,-0.06965881206090883,0.7673338086343153,2.520756202743435,2.489509162906772,-0.009170628936772118,2019-04-28,0.0,0,True,False
2019-01-25,2019Q2,-9,diag4,student_t_ar1,2.7158250184657007,2.6796008836920366,0.017692556016303207,0.8203545082415002,3.3826649590035895,3.326711173158321,-0.6668399405378889,2019-07-28,0.0,0,True,False
2019-02-01,2019Q1,5,diag4,student_t_ar1,2.624730613687687,2.5908756823079386,-0.014565954042057256,0.7648849046963159,2.520756202743435,2.489509162906772,0.10397441094425197,2019-04-28,13.0,11,False,True
2019-02-01,2019Q2,-8,diag4,student_t_ar1,2.632748363721915,2.5986880651533792,-0.01113507167776387,0.8182102932549234,3.3826649590035895,3.326711173158321,-0.7499165952816744,2019-07-28,13.0,0,True,False
2019-02-08,2019Q1,6,diag4,student_t_ar1,2.8104009267789554,2.7716338245528336,0.0648157064192433,0.7643414414226729,2.520756202743435,2.489509162906772,0.28964472403552044,2019-04-28,10.0,0,True,False
2019-02-08,2019Q2,-7,diag4,student_t_ar1,2.783915824942329,2.745869394483379,0.053501011466351715,0.8164941948193781,3.3826649590035895,3.326711173158321,-0.5987491340612605,2019-07-28,10.0,0,True,False
2019-02-15,2019Q1,7,diag4,student_t_ar1,2.697105823914292,2.6613749672159295,0.016394478654515682,0.761102394621911,2.520756202743435,2.489509162906772,0.17634962117085706,2019-04-28,6.0,0,True,False
2019-02-15,2019Q2,-6,diag4,student_t_ar1,2.7298969940327655,2.6932998553242946,0.030414597453091153,0.8156978778368068,3.3826649590035895,3.326711173158321,-0.652767964970824,2019-07-28,6.0,0,True,False
2019-02-22,2019Q1,8,diag4,student_t_ar1,1.3548750828859868,1.3457787212240728,-0.5613621479985588,0.7181839535233959,2.520756202743435,2.489509162906772,-1.1658811198574481,2019-04-28,6.0,0,True,False
2019-02-22,2019Q2,-5,diag4,student_t_ar1,2.457016803952805,2.4273176385184527,-0.08639402738118877,0.814851314965626,3.3826649590035895,3.326711173158321,-0.9256481550507845,2019-07-28,6.0,0,True,False
2019-03-01,2019Q1,9,diag4,student_t_ar1,1.219321154661146,1.2119473142878592,-0.6201354855231022,0.7197429424345356,2.520756202743435,2.489509162906772,-1.301435048082289,2019-04-28,7.0,4,True,True
2019-03-01,2019Q2,-4,diag4,student_t_ar1,2.224827768189974,2.2004395430576342,-0.18602970473605412,0.8146107212727304,3.3826649590035895,3.326711173158321,-1.1578371908136154,2019-07-28,7.0,0,True,False
2019-03-08,2019Q1,10,diag4,student_t_ar1,1.1199853717388075,1.1137599748052434,-0.663255391202635,0.7227103702651058,2.520756202743435,2.489509162906772,-1.4007708310046274,2019-04-28,12.0,0,True,False
2019-03-08,2019Q2,-3,diag4,student_t_ar1,2.081357277862983,2.059992973730434,-0.2477081538549965,0.8138368148533281,3.3826649590035895,3.326711173158321,-1.3013076811406066,2019-07-28,12.0,0,True,False
2019-03-15,2019Q1,11,diag4,student_t_ar1,1.153228023044428,1.1466290344765566,-0.6488206304659628,0.7235165685032536,2.520756202743435,2.489509162906772,-1.3675281796990069,2019-04-28,6.0,0,True,False
2019-03-15,2019Q2,-2,diag4,student_t_ar1,2.195627257737831,2.1718704738350425,-0.19857608369612678,0.8136018540660528,3.3826649590035895,3.326711173158321,-1.1870377012657585,2019-07-28,6.0,0,True,False
2019-03-22,2019Q1,12,diag4,student_t_ar1,0.8697834528969661,0.8660226282425116,-0.772051607429413,0.6963896716965898,2.520756202743435,2.489509162906772,-1.6509727498464688,2019-04-28,7.0,0,True,False
2019-03-22,2019Q2,-1,diag4,student_t_ar1,2.1009437364647,2.0791782396075336,-0.23928276154457795,0.8015288451615127,3.3826649590035895,3.326711173158321,-1.2817212225388896,2019-07-28,7.0,0,True,False
2019-03-29,2019Q1,13,diag4,student_t_ar1,0.8715162884193717,0.8677405070552857,-0.7712971845805405,0.6963900777695311,2.520756202743435,2.489509162906772,-1.6492399143240632,2019-04-28,4.0,0,True,False
2019-03-29,2019Q2,0,diag4,student_t_ar1,2.1012520371976873,2.0794801959423586,-0.23915015454304803,0.8015289832773784,3.3826649590035895,3.326711173158321,-1.2814129218059023,2019-07-28,4.0,0,True,False
2019-04-05,2019Q1,14,diag4,student_t_ar1,0.963129602065349,0.9585210760041221,-0.7314300327538917,0.6968348956662794,2.520756202743435,2.489509162906772,-1.557626600678086,2019-04-28,13.0,21,True,True
2019-04-05,2019Q2,1,diag4,student_t_ar1,2.4627063209760047,2.432870561329297,-0.08395540841960944,0.800430562392424,3.3826649590035895,3.326711173158321,-0.9199586380275848,2019-07-28,13.0,0,True,False
2019-04-05,2019Q3,-12,diag4,student_t_ar1,2.8161501540247436,2.777225735925229,0.0672714475791173,0.8261049606523306,4.762784209178728,4.652841032363623,-1.946634055153984,2019-10-28,13.0,0,True,False
2019-04-12,2019Q1,15,diag4,student_t_ar1,0.9630593602027782,0.9584515041839043,-0.7314605858816325,0.6968348631790268,2.520756202743435,2.489509162906772,-1.5576968425406568,2019-04-28,4.0,0,True,False
2019-04-12,2019Q2,2,diag4,student_t_ar1,2.462770728378283,2.4329334206703557,-0.08392780314104907,0.8004331175158895,3.3826649590035895,3.326711173158321,-0.9198942306253066,2019-07-28,4.0,0,True,False
2019-04-12,2019Q3,-11,diag4,student_t_ar1,2.8162060473940986,2.777280098351839,0.06729532135673756,0.8261050720205346,4.762784209178728,4.652841032363623,-1.946578161784629,2019-10-28,4.0,0,True,False
2019-04-19,2019Q1,16,diag4,student_t_ar1,0.8303166035292575,0.8268884385615358,-0.7892377597050574,0.6914152507698801,2.520756202743435,2.489509162906772,-1.6904395992141774,2019-04-28,11.0,0,True,False
2019-04-19,2019Q2,3,diag4,student_t_ar1,2.1236230556597846,2.101388417006422,-0.22952895051749203,0.7703360198991933,3.3826649590035895,3.326711173158321,-1.259041903343805,2019-07-28,11.0,0,True,False
2019-04-19,2019Q3,-10,diag4,student_t_ar1,2.746288924158935,2.7092549209565333,0.03742141654807943,0.8245667622120153,4.762784209178728,4.652841032363623,-2.0164952850197926,2019-10-28,11.0,0,True,False
2019-04-26,2019Q1,17,diag4,student_t_ar1,0.8317559766223281,0.8283159485287568,-0.7886108551013935,0.6914142857095403,2.520756202743435,2.489509162906772,-1.6890002261211068,2019-04-28,4.0,0,True,False
2019-04-26,2019Q2,4,diag4,student_t_ar1,2.124176278025769,2.101930133850149,-0.22929105040399864,0.7703358611556526,3.3826649590035895,3.326711173158321,-1.2584886809778206,2019-07-28,4.0,0,True,False
2019-04-26,2019Q3,-9,diag4,student_t_ar1,2.7464421705527764,2.70940407114109,0.03748691727275603,0.8245666538031131,4.762784209178728,4.652841032363623,-2.016342038625951,2019-10-28,4.0,0,True,False
2019-05-03,2019Q2,5,diag4,student_t_ar1,1.7417130524342683,1.7267190815733633,-0.39508745890474267,0.7748045415080065,3.3826649590035895,3.326711173158321,-1.6409519065693212,2019-07-28,11.0,4,True,True
2019-05-03,2019Q3,-8,diag4,student_t_ar1,2.6366306214638424,2.6024706631829333,-0.009075965071722803,0.8207884261592988,4.762784209178728,4.652841032363623,-2.126153587714885,2019-10-28,11.0,0,True,False
2019-05-10,2019Q2,6,diag4,student_t_ar1,1.9739200233072962,1.954690855692281,-0.29460265599103297,0.7775794945563412,3.3826649590035895,3.326711173158321,-1.4087449356962933,2019-07-28,8.0,0,True,False
2019-05-10,2019Q3,-7,diag4,student_t_ar1,2.8242013459376603,2.7850560978734533,0.07140356574168588,0.8195624122050708,4.762784209178728,4.652841032363623,-1.9385828632410673,2019-10-28,8.0,0,True,False
2019-05-17,2019Q2,7,diag4,student_t_ar1,1.1108479341623623,1.104723333425394,-0.6692491195198477,0.7201640719853565,3.3826649590035895,3.326711173158321,-2.2718170248412273,2019-07-28,10.0,0,True,False
2019-05-17,2019Q3,-6,diag4,student_t_ar1,2.8241016775605976,2.784959166971913,0.0713608407921821,0.8184413956856298,4.762784209178728,4.652841032363623,-1.93868253161813,2019-10-28,10.0,0,True,False
2019-05-24,2019Q2,8,diag4,student_t_ar1,1.180063912406104,1.173155454585012,-0.6390857879658968,0.7204113152491224,3.3826649590035895,3.326711173158321,-2.2026010465974855,2019-07-28,2.0,0,True,False
2019-05-24,2019Q3,-5,diag4,student_t_ar1,2.9400676696666794,2.897676560629019,0.12104411904167756,0.8179018040404329,4.762784209178728,4.652841032363623,-1.8227165395120482,2019-10-28,2.0,0,True,False
2019-05-31,2019Q2,9,diag4,student_t_ar1,1.1805195308924654,1.173605758175359,-0.6388873043259715,0.7203892818321846,3.3826649590035895,3.326711173158321,-2.202145428111124,2019-07-28,8.0,0,True,False
2019-05-31,2019Q3,-4,diag4,student_t_ar1,2.9413892215466975,2.898960359471307,0.12160998854085915,0.8178711730369855,4.762784209178728,4.652841032363623,-1.8213949876320301,2019-10-28,8.0,0,True,False
2019-06-07,2019Q2,10,diag4,student_t_ar1,1.1406753729815478,1.1342187246567637,-0.6562482180433302,0.7170476104715224,3.3826649590035895,3.326711173158321,-2.241989586022042,2019-07-28,12.0,8,True,True
2019-06-07,2019Q3,-3,diag4,student_t_ar1,2.8822216566066317,2.841466890847912,0.09626816766950062,0.8124865057625607,4.762784209178728,4.652841032363623,-1.880562552572096,2019-10-28,12.0,0,True,False
2019-06-14,2019Q2,11,diag4,student_t_ar1,1.1850120588185797,1.1780457711474936,-0.6369302470097156,0.7157044473067633,3.3826649590035895,3.326711173158321,-2.19765290018501,2019-07-28,6.0,0,True,False
2019-06-14,2019Q3,-2,diag4,student_t_ar1,2.8829689231991695,2.8421932203018234,0.09658831726832179,0.811549880339483,4.762784209178728,4.652841032363623,-1.879815285979558,2019-10-28,6.0,0,True,False
2019-06-21,2019Q2,12,diag4,student_t_ar1,1.0773529063755172,1.0715908084273704,-0.6838531873143251,0.6990737464086446,3.3826649590035895,3.326711173158321,-2.3053120526280724,2019-07-28,6.0,0,True,False
2019-06-21,2019Q3,-1,diag4,student_t_ar1,2.546970152191297,2.5150753015250644,-0.047597864222195835,0.8050948636829618,4.762784209178728,4.652841032363623,-2.2158140569874307,2019-10-28,6.0,0,True,False
2019-06-28,2019Q2,13,diag4,student_t_ar1,1.073775549810141,1.0680515191905977,-0.6854132259760684,0.6990744912498382,3.3826649590035895,3.326711173158321,-2.3088894091934486,2019-07-28,4.0,0,True,False
2019-06-28,2019Q3,0,diag4,student_t_ar1,2.546281880605905,2.514404122362823,-0.04789370481956036,0.8050953485710652,4.762784209178728,4.652841032363623,-2.2165023285728225,2019-10-28,4.0,0,True,False
2019-07-05,2019Q2,14,diag4,student_t_ar1,1.1417906397859667,1.1353214072831164,-0.6557621804765584,0.6983422560953833,3.3826649590035895,3.326711173158321,-2.240874319217623,2019-07-28,13.0,12,True,True
2019-07-05,2019Q3,1,diag4,student_t_ar1,2.758838405505859,2.721468223393881,0.043375468581515246,0.7956190445849696,4.762784209178728,4.652841032363623,-2.0039458036728686,2019-10-28,13.0,0,True,False
2019-07-05,2019Q4,-12,diag4,student_t_ar1,2.527652418288695,2.4962355896995856,-0.05590198317310938,0.826123678228373,2.755535957854649,2.718254387221374,-0.22788353956595397,2020-01-28,13.0,0,True,False
2019-07-12,2019Q2,15,diag4,student_t_ar1,1.141197536814298,1.1347349981371802,-0.6560206563676372,0.6983425889527234,3.3826649590035895,3.326711173158321,-2.2414674221892916,2019-07-28,4.0,0,True,False
2019-07-12,2019Q3,2,diag4,student_t_ar1,2.7588027566897377,2.7214335316604465,0.04336017724990027,0.7956210285938592,4.762784209178728,4.652841032363623,-2.00398145248899,2019-10-28,4.0,0,True,False
2019-07-12,2019Q4,-11,diag4,student_t_ar1,2.5276545992654498,2.496237716907882,-0.055901045547794764,0.8261238112719865,2.755535957854649,2.718254387221374,-0.22788135858919922,2020-01-28,4.0,0,True,False
2019-07-19,2019Q2,16,diag4,student_t_ar1,1.1153094111361117,1.109135697318406,-0.6673042492924414,0.6941603003901963,3.3826649590035895,3.326711173158321,-2.267355547867478,2019-07-28,11.0,0,True,False
2019-07-19,2019Q3,3,diag4,student_t_ar1,2.6245529881441243,2.5907025995663706,-0.01426306140308465,0.7726567908895797,4.762784209178728,4.652841032363623,-2.1382312210346033,2019-10-28,11.0,0,True,False
2019-07-19,2019Q4,-10,diag4,student_t_ar1,2.4897582701868703,2.4592688282854045,-0.07219609567637247,0.8253336854374972,2.755535957854649,2.718254387221374,-0.26577768766777865,2020-01-28,11.0,0,True,False
2019-07-26,2019Q2,17,diag4,student_t_ar1,1.1146596953313548,1.1084931458631258,-0.6675874714439349,0.6941565395699405,3.3826649590035895,3.326711173158321,-2.2680052636722348,2019-07-28,4.0,0,True,False
2019-07-26,2019Q3,4,diag4,student_t_ar1,2.7686752687454685,2.731040531326057,0.04759472545974753,0.7728849319316622,4.762784209178728,4.652841032363623,-1.994108940433259,2019-10-28,4.0,0,True,False
2019-07-26,2019Q4,-9,diag4,student_t_ar1,2.6033514697125115,2.5700411611883354,-0.023370156223725368,0.8250321586369873,2.755535957854649,2.718254387221374,-0.15218448814213748,2020-01-28,4.0,0,True,False
2019-08-02,2019Q3,5,diag4,student_t_ar1,2.493613406659234,2.4630302421418415,-0.07302710331992691,0.7691908234198325,4.762784209178728,4.652841032363623,-2.2691708025194934,2019-10-28,10.0,2,True,True
2019-08-02,2019Q4,-8,diag4,student_t_ar1,2.628936283391625,2.5949737038128506,-0.014676468599739931,0.8209702870972435,2.755535957854649,2.718254387221374,-0.12659967446302378,2020-01-28,10.0,0,True,False
2019-08-09,2019Q3,6,diag4,student_t_ar1,2.488690343642408,2.458226839186861,-0.07515135872212939,0.7636372091119887,4.762784209178728,4.652841032363623,-2.2740938655363196,2019-10-28,9.0,0,True,False
2019-08-09,2019Q4,-7,diag4,student_t_ar1,2.626775420673244,2.5928681714498203,-0.015607618565420199,0.8192347659709782,2.755535957854649,2.718254387221374,-0.1287605371814049,2020-01-28,9.0,0,True,False
2019-08-16,2019Q3,7,diag4,student_t_ar1,2.6314538829827816,2.5974267826453046,-0.013591619793444006,0.7613357874351231,4.762784209178728,4.652841032363623,-2.131330326195946,2019-10-28,8.0,0,True,False
2019-08-16,2019Q4,-6,diag4,student_t_ar1,2.6836222679209376,2.648244664155867,0.008882064038424762,0.8189774815061892,2.755535957854649,2.718254387221374,-0.07191368993371139,2020-01-28,8.0,0,True,False
2019-08-23,2019Q3,8,diag4,student_t_ar1,1.85574647773461,1.8387376082168005,-0.34911408011528794,0.7227623804664803,4.762784209178728,4.652841032363623,-2.9070377314441176,2019-10-28,4.0,0,True,False
2019-08-23,2019Q4,-5,diag4,student_t_ar1,2.575277304405832,2.5426755767221603,-0.03780477576836484,0.8170570517081709,2.755535957854649,2.718254387221374,-0.18025865344881709,2020-01-28,4.0,0,True,False
2019-08-30,2019Q3,9,diag4,student_t_ar1,1.8425448289580704,1.8257756450011784,-0.3548463746244098,0.7227300699461184,4.762784209178728,4.652841032363623,-2.920239380220657,2019-10-28,8.0,0,True,False
2019-08-30,2019Q4,-4,diag4,student_t_ar1,2.556461069661431,2.524330063788548,-0.04591788960050616,0.8169956230915009,2.755535957854649,2.718254387221374,-0.19907488819321806,2020-01-28,8.0,0,True,False
2019-09-06,2019Q3,10,diag4,student_t_ar1,1.8475791467740699,1.8307187592953253,-0.35266033332380264,0.7231772034695435,4.762784209178728,4.652841032363623,-2.9152050624046577,2019-10-28,10.0,5,True,True
2019-09-06,2019Q4,-3,diag4,student_t_ar1,2.551500814143237,2.519493337341057,-0.048056881973487287,0.814812480129594,2.755535957854649,2.718254387221374,-0.20403514371141185,2020-01-28,10.0,0,True,False
2019-09-13,2019Q3,11,diag4,student_t_ar1,1.8322138469129223,1.815631057501791,-0.35933271378867776,0.7233766836550031,4.762784209178728,4.652841032363623,-2.9305703622658053,2019-10-28,6.0,0,True,False
2019-09-13,2019Q4,-2,diag4,student_t_ar1,2.488635967522579,2.458173783445715,-0.0751748220762979,0.8145063424392557,2.755535957854649,2.718254387221374,-0.2668999903320701,2020-01-28,6.0,0,True,False
2019-09-20,2019Q3,12,diag4,student_t_ar1,2.4056169074200273,2.377137772449018,-0.11101216192599414,0.7040662156143298,4.762784209178728,4.652841032363623,-2.3571673017587003,2019-10-28,8.0,0,True,False
2019-09-20,2019Q4,-1,diag4,student_t_ar1,2.861480748833345,2.821305002439123,0.08541621325528646,0.8047644249501335,2.755535957854649,2.718254387221374,0.10594479097869591,2020-01-28,8.0,0,True,False
2019-09-27,2019Q3,13,diag4,student_t_ar1,2.4008172478434675,2.3724507521439917,-0.11308494830192413,0.7040734045748602,4.762784209178728,4.652841032363623,-2.36196696133526,2019-10-28,4.0,0,True,False
2019-09-27,2019Q4,0,diag4,student_t_ar1,2.860681437783996,2.8205279242275716,0.08507255843300889,0.8047656343589776,2.755535957854649,2.718254387221374,0.1051454799293472,2020-01-28,4.0,0,True,False
2019-10-04,2019Q3,14,diag4,student_t_ar1,2.3332597174798186,2.306455355757595,-0.14227073150775232,0.7051956285365388,4.762784209178728,4.652841032363623,-2.429524491698909,2019-10-28,9.0,12,False,True
2019-10-04,2019Q4,1,diag4,student_t_ar1,2.5170411074164623,2.4858853478091376,-0.0629196686248381,0.8032732788174314,2.755535957854649,2.718254387221374,-0.23849485043818675,2020-01-28,9.0,0,True,False
2019-10-04,2020Q1,-12,diag4,student_t_ar1,2.3349906540342857,2.3081468116149404,-0.1415227026048622,0.8293957604699184,-5.16223383893778,-5.300247883185935,7.497224492972066,2020-04-28,9.0,0,True,False
2019-10-11,2019Q3,15,diag4,student_t_ar1,2.3724620813619257,2.344756546380753,-0.1253324250915337,0.7048465053157269,4.762784209178728,4.652841032363623,-2.390322127816802,2019-10-28,7.0,0,True,False
2019-10-11,2019Q4,2,diag4,student_t_ar1,2.6716420880252834,2.6365769039483897,0.00372211745792042,0.8006955661258098,2.755535957854649,2.718254387221374,-0.08389386982936564,2020-01-28,7.0,0,True,False
2019-10-11,2020Q1,-11,diag4,student_t_ar1,2.4681978037734753,2.438229911908692,-0.08399479351122109,0.8279677132453321,-5.16223383893778,-5.300247883185935,7.6304316427112555,2020-04-28,7.0,0,True,False
2019-10-18,2019Q3,16,diag4,student_t_ar1,2.2392668303093943,2.2145633550372077,-0.18290902081618438,0.700217177707328,4.762784209178728,4.652841032363623,-2.5235173788693332,2019-10-28,12.0,0,True,False
2019-10-18,2019Q4,3,diag4,student_t_ar1,2.3867593365568096,2.358721490297933,-0.11915657271446733,0.7759833136348032,2.755535957854649,2.718254387221374,-0.3687766212978394,2020-01-28,12.0,0,True,False
2019-10-18,2020Q1,-10,diag4,student_t_ar1,2.4545262090505116,2.424886740906933,-0.0898956732310056,0.8271079748713454,-5.16223383893778,-5.300247883185935,7.616760047988292,2020-04-28,12.0,0,True,False
2019-10-25,2019Q3,17,diag4,student_t_ar1,2.238703578723178,2.2140124383931394,-0.18315265801845398,0.7002183145008416,4.762784209178728,4.652841032363623,-2.5240806304555496,2019-10-28,0.0,0,True,False
2019-10-25,2019Q4,4,diag4,student_t_ar1,2.3184858795212593,2.2920173279351306,-0.148655800361328,0.7747685555617024,2.755535957854649,2.718254387221374,-0.4370500783333897,2020-01-28,0.0,0,True,False
2019-10-25,2020Q1,-9,diag4,student_t_ar1,2.399901487138756,2.3715564577192625,-0.11348044078521058,0.8265610258383319,-5.16223383893778,-5.300247883185935,7.562135326076536,2020-04-28,0.0,0,True,False
2019-11-01,2019Q4,5,diag4,student_t_ar1,2.290805451421263,2.2649604644967156,-0.1671867445177831,0.7743803731772069,2.755535957854649,2.718254387221374,-0.4647305064333862,2020-01-28,13.0,12,False,True
2019-11-01,2020Q1,-8,diag4,student_t_ar1,2.619588075458923,2.58586454410673,-0.025165195509374107,0.8253635701058776,-5.16223383893778,-5.300247883185935,7.781821914396703,2020-04-28,13.0,0,True,False
2019-11-08,2019Q4,6,diag4,student_t_ar1,2.307345322672827,2.281128617752265,-0.16003125377815447,0.7689669277078035,2.755535957854649,2.718254387221374,-0.4481906351818221,2020-01-28,10.0,0,True,False
2019-11-08,2020Q1,-7,diag4,student_t_ar1,2.636980905606312,2.6028119482997867,-0.017664834036579424,0.8237098893047468,-5.16223383893778,-5.300247883185935,7.799214744544092,2020-04-28,10.0,0,True,False
2019-11-15,2019Q4,7,diag4,student_t_ar1,2.2973550934897613,2.271363222166854,-0.16435309539950593,0.7662501595385511,2.755535957854649,2.718254387221374,-0.4581808643648877,2020-01-28,6.0,0,True,False
2019-11-15,2020Q1,-6,diag4,student_t_ar1,2.652540892806199,2.6179710144745876,-0.010955931917657985,0.8234194383500412,-5.16223383893778,-5.300247883185935,7.814774731743979,2020-04-28,6.0,0,True,False
2019-11-22,2019Q4,8,diag4,student_t_ar1,1.2345626102304053,1.227004032701587,-0.6265519866983474,0.7303262734156722,2.755535957854649,2.718254387221374,-1.5209733476242437,2020-01-28,6.0,0,True,False
2019-11-22,2020Q1,-5,diag4,student_t_ar1,2.5979221660304974,2.5647494750432434,-0.03451002783266594,0.8217843975046478,-5.16223383893778,-5.300247883185935,7.760156004968278,2020-04-28,6.0,0,True,False
2019-11-29,2019Q4,9,diag4,student_t_ar1,1.236400051615827,1.2288190498885565,-0.6257487200253792,0.7303174230867987,2.755535957854649,2.718254387221374,-1.519135906238822,2020-01-28,4.0,0,True,False
2019-11-29,2020Q1,-4,diag4,student_t_ar1,2.5980130343038033,2.564838042366197,-0.03447083086012289,0.8217830481340999,-5.16223383893778,-5.300247883185935,7.7602468732415835,2020-04-28,4.0,0,True,False
2019-12-06,2019Q4,10,diag4,student_t_ar1,1.2715969946706096,1.2635800903635552,-0.6103646313612434,0.7280082171453227,2.755535957854649,2.718254387221374,-1.4839389631840394,2020-01-28,13.0,8,True,True
2019-12-06,2020Q1,-3,diag4,student_t_ar1,2.6473870715315373,2.6129502418646395,-0.013177960083053622,0.8180295588303333,-5.16223383893778,-5.300247883185935,7.8096209104693175,2020-04-28,13.0,0,True,False
2019-12-13,2019Q4,11,diag4,student_t_ar1,1.2756472772396332,1.2675794363769979,-0.6085946528787636,0.7270870536162923,2.755535957854649,2.718254387221374,-1.4798886806150158,2020-01-28,6.0,0,True,False
2019-12-13,2020Q1,-2,diag4,student_t_ar1,2.663560980823587,2.6287057673044143,-0.006205084789235224,0.8172757149144353,-5.16223383893778,-5.300247883185935,7.825794819761367,2020-04-28,6.0,0,True,False
2019-12-20,2019Q4,12,diag4,student_t_ar1,1.6155104790153363,1.602599969963587,-0.460325627482097,0.7099642255236494,2.755535957854649,2.718254387221374,-1.1400254788393127,2020-01-28,9.0,0,True,False
2019-12-20,2020Q1,-1,diag4,student_t_ar1,2.8271867469929823,2.7879594588312697,0.06427534033791732,0.8085428066745907,-5.16223383893778,-5.300247883185935,7.9894205859307625,2020-04-28,9.0,0,True,False
2019-12-27,2019Q4,13,diag4,student_t_ar1,1.6070710389322063,1.5942943574426398,-0.46400141732285577,0.7099812654324075,2.755535957854649,2.718254387221374,-1.1484649189224427,2020-01-28,4.0,0,True,False
2019-12-27,2020Q1,0,diag4,student_t_ar1,2.825805350172783,2.7866160338646333,0.06368078480914321,0.808545338459779,-5.16223383893778,-5.300247883185935,7.988039189110563,2020-04-28,4.0,0,True,False
2020-01-03,2019Q4,14,diag4,student_t_ar1,1.563748325208425,1.5516477662481267,-0.48287539034536675,0.7099189292999766,2.755535957854649,2.718254387221374,-1.191787632646224,2020-01-28,8.0,7,True,True
2020-01-03,2020Q1,1,diag4,student_t_ar1,2.6147254138723097,2.5811259002563425,-0.027262362802008774,0.8049857825344163,-5.16223383893778,-5.300247883185935,7.77695925281009,2020-04-28,8.0,0,True,False
2020-01-03,2020Q2,-12,diag4,student_t_ar1,2.3636788554518784,2.336176501963358,-0.1356688779716644,0.8320063701152601,-27.97614656719044,-32.81728241610834,30.33982542264232,2020-07-28,8.0,0,True,False
2020-01-10,2019Q4,15,diag4,student_t_ar1,1.5857406589240508,1.5732991461373973,-0.47329320456019186,0.7091915054357809,2.755535957854649,2.718254387221374,-1.1697952989305982,2020-01-28,8.0,0,True,False
2020-01-10,2020Q1,2,diag4,student_t_ar1,2.728671204791233,2.6921066325229313,0.02185404458596575,0.8003741018947199,-5.16223383893778,-5.300247883185935,7.890905043729013,2020-04-28,8.0,0,True,False
2020-01-10,2020Q2,-11,diag4,student_t_ar1,2.450870600932964,2.4213186473624417,-0.09798777591097359,0.8303116518924584,-27.97614656719044,-32.81728241610834,30.427017168123406,2020-07-28,8.0,0,True,False
2020-01-17,2019Q4,16,diag4,student_t_ar1,1.497203713725348,1.4861062495783466,-0.5118819013660891,0.7052953353946164,2.755535957854649,2.718254387221374,-1.258332244129301,2020-01-28,10.0,0,True,False
2020-01-17,2020Q1,3,diag4,student_t_ar1,2.6164055402381203,2.5827632019249873,-0.02653774714907732,0.779670914325717,-5.16223383893778,-5.300247883185935,7.7786393791759005,2020-04-28,10.0,0,True,False
2020-01-17,2020Q2,-10,diag4,student_t_ar1,2.494122957664646,2.4635273948149203,-0.0793075780705759,0.829571512310905,-27.97614656719044,-32.81728241610834,30.470269524855087,2020-07-28,10.0,0,True,False
2020-01-24,2019Q4,17,diag4,student_t_ar1,1.4979713775662873,1.486862586610103,-0.5115471715709646,0.7052933891435357,2.755535957854649,2.718254387221374,-1.2575645802883617,2020-01-28,2.0,0,True,False
2020-01-24,2020Q1,4,diag4,student_t_ar1,2.7227870065367865,2.6863785658474435,0.019318991422837096,0.7795159036333746,-5.16223383893778,-5.300247883185935,7.885020845474567,2020-04-28,2.0,0,True,False
2020-01-24,2020Q2,-9,diag4,student_t_ar1,2.5740439174319896,2.541473148201787,-0.04481136148123469,0.8290959021836102,-27.97614656719044,-32.81728241610834,30.55019048462243,2020-07-28,2.0,0,True,False
2020-01-31,2020Q1,5,diag4,student_t_ar1,2.7365061864811357,2.6997332111901104,0.02508083930839975,0.7792313799497954,-5.16223383893778,-5.300247883185935,7.898740025418916,2020-04-28,10.0,0,True,False
2020-01-31,2020Q2,-8,diag4,student_t_ar1,2.6836924137243923,2.6483129766851015,0.0022417295731654782,0.8272594378046263,-27.97614656719044,-32.81728241610834,30.659838980914834,2020-07-28,10.0,0,True,False
2020-02-07,2020Q1,6,diag4,student_t_ar1,3.0436974056883948,2.9982958931544808,0.1576921726068858,0.7776635422145947,-5.16223383893778,-5.300247883185935,8.205931244626175,2020-04-28,13.0,5,True,True
2020-02-07,2020Q2,-7,diag4,student_t_ar1,2.915576518363028,2.8738820695760277,0.10243180678705371,0.8241278012814474,-27.97614656719044,-32.81728241610834,30.89172308555347,2020-07-28,13.0,0,True,False
2020-02-14,2020Q1,7,diag4,student_t_ar1,2.961470809675437,2.918466245100449,0.12223457289769839,0.7730317884769514,-5.16223383893778,-5.300247883185935,8.123704648613217,2020-04-28,6.0,0,True,False
2020-02-14,2020Q2,-6,diag4,student_t_ar1,2.9061671257094357,2.8647388250445585,0.09837069024022106,0.8237153910057593,-27.97614656719044,-32.81728241610834,30.882313692899878,2020-07-28,6.0,0,True,False
2020-02-21,2020Q1,8,diag4,student_t_ar1,1.7993456367144889,1.7833490177558629,-0.38194568157298614,0.7301599118792607,-5.16223383893778,-5.300247883185935,6.961579475652269,2020-04-28,6.0,0,True,False
2020-02-21,2020Q2,-5,diag4,student_t_ar1,2.918332025714654,2.8765594781441948,0.10362102011295693,0.8226989817088497,-27.97614656719044,-32.81728241610834,30.894478592905095,2020-07-28,6.0,0,True,False
2020-02-28,2020Q1,9,diag4,student_t_ar1,1.803666320944397,1.787593242032326,-0.38006054229028524,0.7301478427692064,-5.16223383893778,-5.300247883185935,6.965900159882177,2020-04-28,4.0,0,True,False
2020-02-28,2020Q2,-4,diag4,student_t_ar1,2.918455262157238,2.8766792200467193,0.1036742053712115,0.8226963627692542,-27.97614656719044,-32.81728241610834,30.89460182934768,2020-07-28,4.0,0,True,False
2020-03-06,2020Q1,10,diag4,student_t_ar1,1.7969356566796435,1.780981607094303,-0.3829972044298581,0.7258750766432526,-5.16223383893778,-5.300247883185935,6.959169495617424,2020-04-28,13.0,9,True,True
2020-03-06,2020Q2,-3,diag4,student_t_ar1,2.897316430445107,2.856137711869168,0.0945503699023437,0.8166430275351177,-27.97614656719044,-32.81728241610834,30.87346299763555,2020-07-28,13.0,0,True,False
2020-03-13,2020Q1,11,diag4,student_t_ar1,1.7767355786380667,1.7611361349511676,-0.3918118844947739,0.7273106928182769,-5.16223383893778,-5.300247883185935,6.938969417575847,2020-04-28,6.0,0,True,False
2020-03-13,2020Q2,-2,diag4,student_t_ar1,2.804228959364008,2.765630392384379,0.0543501136908784,0.8168987169657592,-27.97614656719044,-32.81728241610834,30.780375526554447,2020-07-28,6.0,0,True,False
2020-03-20,2020Q1,12,diag4,student_t_ar1,1.8669762095184117,1.8497621337552912,-0.3524472465936198,0.7097777752384732,-5.16223383893778,-5.300247883185935,7.029210048456192,2020-04-28,9.0,0,True,False
2020-03-20,2020Q2,-1,diag4,student_t_ar1,2.6324189769232342,2.598367127311902,-0.01994250870647228,0.8113265471112733,-27.97614656719044,-32.81728241610834,30.608565544113674,2020-07-28,9.0,0,True,False
2020-03-27,2020Q1,13,diag4,student_t_ar1,1.873762416682223,1.8564237442040086,-0.34948838704122276,0.7097620040882257,-5.16223383893778,-5.300247883185935,7.035996255620003,2020-04-28,4.0,0,True,False
2020-03-27,2020Q2,0,diag4,student_t_ar1,2.6335718987591683,2.5994904715454474,-0.019443557613242922,0.8113245667980592,-27.97614656719044,-32.81728241610834,30.60971846594961,2020-07-28,4.0,0,True,False
2020-04-03,2020Q1,14,diag4,student_t_ar1,1.7853762576601762,1.769625611651287,-0.38804114926154876,0.7119857278190714,-5.16223383893778,-5.300247883185935,6.947610096597956,2020-04-28,9.0,15,True,True
2020-04-03,2020Q2,1,diag4,student_t_ar1,2.172041033552241,2.1487883253841384,-0.21963003815294047,0.8154132977771921,-27.97614656719044,-32.81728241610834,30.14818760074268,2020-07-28,9.0,0,True,False
2020-04-03,2020Q3,-12,diag4,student_t_ar1,2.3163552592146974,2.2899349647414717,-0.1569375277808296,0.8318577570522104,34.85500597467652,29.90299854497912,-32.53865071546183,2020-10-28,9.0,0,True,False
2020-04-10,2020Q1,15,diag4,student_t_ar1,1.3251113257432223,1.3164085225339037,-0.589344681458139,0.8145408847428492,-5.16223383893778,-5.300247883185935,6.4873451646810025,2020-04-28,7.0,0,True,False
2020-04-10,2020Q2,2,diag4,student_t_ar1,1.1332805258111867,1.1269070100657241,-0.673514772861203,1.1844448124445217,-27.97614656719044,-32.81728241610834,29.109427093001628,2020-07-28,7.0,0,True,False
2020-04-10,2020Q3,-11,diag4,student_t_ar1,1.2456599278183544,1.2379654169394714,-0.6241864264227458,0.8352727883240973,34.85500597467652,29.90299854497912,-33.60934604685817,2020-10-28,7.0,0,True,False
2020-04-17,2020Q1,16,diag4,student_t_ar1,0.31882452835452213,0.3183173606525611,-1.0326626435680695,0.7046937851789409,-5.16223383893778,-5.300247883185935,5.481058367292302,2020-04-28,10.0,0,True,False
2020-04-17,2020Q2,3,diag4,student_t_ar1,-1.3974780772330608,-1.4073347396585936,-1.79913829392716,0.7817069517337216,-27.97614656719044,-32.81728241610834,26.57866848995738,2020-07-28,10.0,0,True,False
2020-04-17,2020Q3,-10,diag4,student_t_ar1,0.940083610839193,0.9356923245845556,-0.7584457971307883,0.8310190306530334,34.85500597467652,29.90299854497912,-33.91492236383733,2020-10-28,10.0,0,True,False
2020-04-24,2020Q1,17,diag4,student_t_ar1,0.31759289236721333,0.31708963140663604,-1.033207958914115,0.7046954525185471,-5.16223383893778,-5.300247883185935,5.4798267313049935,2020-04-28,2.0,0,True,False
2020-04-24,2020Q2,4,diag4,student_t_ar1,-1.5755621304933243,-1.5881060431834166,-1.8794307250669395,0.7845272601917668,-27.97614656719044,-32.81728241610834,26.400584436697116,2020-07-28,2.0,0,True,False
2020-04-24,2020Q3,-9,diag4,student_t_ar1,0.7856771596145062,0.7826067882708099,-0.8264411572531973,0.8310869817188026,34.85500597467652,29.90299854497912,-34.069328815062015,2020-10-28,2.0,0,True,False
2020-05-01,2020Q2,5,diag4,student_t_ar1,-2.236832630182073,-2.2622291643892525,-2.0714272075802906,0.7891817541221887,-27.97614656719044,-32.81728241610834,25.73931393700837,2020-07-28,13.0,68,True,True
2020-05-01,2020Q3,-8,diag4,student_t_ar1,-0.25219820190783837,-0.25251675727973266,-1.2129332449586974,0.822855357858455,34.85500597467652,29.90299854497912,-35.10720417658436,2020-10-28,13.0,0,True,False
2020-05-08,2020Q2,6,diag4,student_t_ar1,-8.103508558464778,-8.450733535812969,-4.714986366458031,3.7898648384698785,-27.97614656719044,-32.81728241610834,19.872638008725662,2020-07-28,10.0,0,True,False
2020-05-08,2020Q3,-7,diag4,student_t_ar1,-3.9792626472346937,-4.060600375663437,-2.8396420138230805,0.9091974559426564,34.85500597467652,29.90299854497912,-38.834268621911214,2020-10-28,10.0,0,True,False
2020-05-15,2020Q2,7,diag4,student_t_ar1,-44.709306356891446,-59.256558017329176,-26.41783968472245,1.5585270837445526,-27.97614656719044,-32.81728241610834,-16.733159789701006,2020-07-28,6.0,0,True,False
2020-05-15,2020Q3,-6,diag4,student_t_ar1,-7.6017010702909555,-7.906161736154999,-4.482360245145109,0.8271399829089633,34.85500597467652,29.90299854497912,-42.45670704496748,2020-10-28,6.0,0,True,False
2020-05-22,2020Q2,8,diag4,student_t_ar1,-12.950080796576824,-13.86884479371825,-7.029454738782853,0.7363756455269261,-27.97614656719044,-32.81728241610834,15.026065770613616,2020-07-28,6.0,0,True,False
2020-05-22,2020Q3,-5,diag4,student_t_ar1,-4.391676673484168,-4.491030563569957,-3.0235099724128824,0.821457631389752,34.85500597467652,29.90299854497912,-39.24668264816069,2020-10-28,6.0,0,True,False
2020-05-29,2020Q2,9,diag4,student_t_ar1,-12.946075319262418,-13.864243542848936,-7.027489210741209,0.7363905619224231,-27.97614656719044,-32.81728241610834,15.030071247928023,2020-07-28,4.0,0,True,False
2020-05-29,2020Q3,-4,diag4,student_t_ar1,-4.391827767929335,-4.491188598518487,-3.0235774806039633,0.821457449408425,34.85500597467652,29.90299854497912,-39.24683374260586,2020-10-28,4.0,0,True,False
2020-06-05,2020Q2,10,diag4,student_t_ar1,-7.43823833933781,-7.72940706491495,-4.406855502482455,3.437051487225627,-27.97614656719044,-32.81728241610834,20.53790822785263,2020-07-28,13.0,83,True,True
2020-06-05,2020Q3,-3,diag4,student_t_ar1,7.383557053056067,7.123688430100687,1.9379790935543633,2.1187624615030605,34.85500597467652,29.90299854497912,-27.471448921620457,2020-10-28,13.0,0,True,False
2020-06-12,2020Q2,11,diag4,student_t_ar1,-7.437969332547678,-7.72911644123363,-4.406731356025019,3.434940124627398,-27.97614656719044,-32.81728241610834,20.538177234642763,2020-07-28,4.0,0,True,False
2020-06-12,2020Q3,-2,diag4,student_t_ar1,7.3827351018609155,7.122922992296731,1.9376521195400052,2.118747684139371,34.85500597467652,29.90299854497912,-27.472270872815606,2020-10-28,4.0,0,True,False
2020-06-19,2020Q2,12,diag4,student_t_ar1,-16.84291709821599,-18.4438801754657,-8.983784243898121,0.7079663050202354,-27.97614656719044,-32.81728241610834,11.133229468974449,2020-07-28,11.0,0,True,False
2020-06-19,2020Q3,-1,diag4,student_t_ar1,0.10994478686914277,0.1098843918517427,-1.058125423961081,0.7944152034662781,34.85500597467652,29.90299854497912,-34.74506118780738,2020-10-28,11.0,0,True,False
2020-06-26,2020Q2,13,diag4,student_t_ar1,-16.832082719951792,-18.43085221422394,-8.978219056545068,0.7079915773622537,-27.97614656719044,-32.81728241610834,11.144063847238648,2020-07-28,4.0,0,True,False
2020-06-26,2020Q3,0,diag4,student_t_ar1,0.11098797172242048,0.11092642560806532,-1.0576802957499567,0.7944155062609497,34.85500597467652,29.90299854497912,-34.7440180029541,2020-10-28,4.0,0,True,False
2020-07-03,2020Q2,14,diag4,student_t_ar1,-16.524337558494206,-18.061506438266424,-8.820444681635696,0.7020068868499476,-27.97614656719044,-32.81728241610834,11.451809008696234,2020-07-28,8.0,71,True,True
2020-07-03,2020Q3,1,diag4,student_t_ar1,1.2771598263132233,1.269072922540184,-0.5629519097727937,0.7815396747339494,34.85500597467652,29.90299854497912,-33.5778461483633,2020-10-28,8.0,0,True,False
2020-07-03,2020Q4,-12,diag4,student_t_ar1,2.14582843034401,2.123129675535423,-0.19812231346396275,0.8041809354526415,4.611736044615711,4.508555862817171,-2.4659076142717007,2021-01-28,8.0,0,True,False
2020-07-10,2020Q2,15,diag4,student_t_ar1,-15.334051479078493,-16.64566897099973,-8.215637788170731,1.9749067601233732,-27.97614656719044,-32.81728241610834,12.642095088111947,2020-07-28,8.0,0,True,False
2020-07-10,2020Q3,2,diag4,student_t_ar1,4.8378487159112415,4.72446725685936,0.9130976802062843,4.067480925714244,34.85500597467652,29.90299854497912,-30.01715725876528,2020-10-28,8.0,0,True,False
2020-07-10,2020Q4,-11,diag4,student_t_ar1,5.081381451631484,4.956492540852841,1.012212511153889,0.8503704967039502,4.611736044615711,4.508555862817171,0.46964540701577295,2021-01-28,8.0,0,True,False
2020-07-17,2020Q2,16,diag4,student_t_ar1,-13.125228404649391,-14.070251122485764,-7.115489992717208,0.6984617049531313,-27.97614656719044,-32.81728241610834,14.85091816254105,2020-07-28,10.0,0,True,False
2020-07-17,2020Q3,3,diag4,student_t_ar1,8.738165442342849,8.37726545403069,2.4734727805704506,0.7595670069311832,34.85500597467652,29.90299854497912,-26.116840532333676,2020-10-28,10.0,0,True,False
2020-07-17,2020Q4,-10,diag4,student_t_ar1,5.2832498054373955,5.148414932524352,1.094196487547239,0.8032140933289689,4.611736044615711,4.508555862817171,0.6715137608216848,2021-01-28,10.0,0,True,False
2020-07-24,2020Q2,17,diag4,student_t_ar1,-13.126102821757012,-14.071257653486892,-7.115919955126059,0.6984594343451711,-27.97614656719044,-32.81728241610834,14.850043745433428,2020-07-28,2.0,0,True,False
2020-07-24,2020Q3,4,diag4,student_t_ar1,8.550914065569248,8.204913098771335,2.399848586426883,0.7645900330307293,34.85500597467652,29.90299854497912,-26.304091909107274,2020-10-28,2.0,0,True,False
2020-07-24,2020Q4,-9,diag4,student_t_ar1,5.123093448316696,4.996179609601089,1.029165737294102,0.8034201999972096,4.611736044615711,4.508555862817171,0.5113574037009849,2021-01-28,2.0,0,True,False
2020-07-31,2020Q3,5,diag4,student_t_ar1,13.031798727036236,12.249899780142078,2.624131804107081,0.7727420396140688,34.85500597467652,29.90299854497912,-21.823207247640287,2020-10-28,10.0,0,True,False
2020-07-31,2020Q4,-8,diag4,student_t_ar1,5.599896003365945,5.448720046697453,0.823621452090559,0.802824554831426,4.611736044615711,4.508555862817171,0.9881599587502343,2021-01-28,10.0,0,True,False
2020-08-07,2020Q3,6,diag4,student_t_ar1,10.808413765378777,10.263252195269992,2.0981966454196685,0.5519549716094849,34.85500597467652,29.90299854497912,-24.046592209297746,2020-10-28,13.0,65,True,True
2020-08-07,2020Q4,-7,diag4,student_t_ar1,2.083685913121558,2.06227410395947,-0.0728893321283348,0.5987876359771643,4.611736044615711,4.508555862817171,-2.528050131494153,2021-01-28,13.0,0,True,False
2020-08-14,2020Q3,7,diag4,student_t_ar1,12.095190684221135,11.417824115562075,2.403852248727864,0.6520127306870365,34.85500597467652,29.90299854497912,-22.759815290455386,2020-10-28,6.0,0,True,False
2020-08-14,2020Q4,-6,diag4,student_t_ar1,2.4362591193153316,2.4070556903261893,0.018386422927111467,0.6000274385294838,4.611736044615711,4.508555862817171,-2.175476925300379,2021-01-28,6.0,0,True,False
2020-08-21,2020Q3,8,diag4,student_t_ar1,20.688075743186076,18.80391447179927,4.359208917503768,0.5206214778057879,34.85500597467652,29.90299854497912,-14.166930231490447,2020-10-28,6.0,0,True,False
2020-08-21,2020Q4,-5,diag4,student_t_ar1,2.327678125526522,2.3010008786956733,-0.009689998180082749,0.5975838983839759,4.611736044615711,4.508555862817171,-2.2840579190891885,2021-01-28,6.0,0,True,False
2020-08-28,2020Q3,9,diag4,student_t_ar1,20.714869882825738,18.826113156807203,4.3650856864945045,0.5206326525838652,34.85500597467652,29.90299854497912,-14.140136091850785,2020-10-28,4.0,0,True,False
2020-08-28,2020Q4,-4,diag4,student_t_ar1,2.326537346027302,2.2998860426327026,-0.009985134310996818,0.5975847998793309,4.611736044615711,4.508555862817171,-2.2851986985884087,2021-01-28,4.0,0,True,False
2020-09-04,2020Q3,10,diag4,student_t_ar1,22.669741879717108,20.432553287009785,4.790366622697552,0.5159266945719917,34.85500597467652,29.90299854497912,-12.185264094959415,2020-10-28,12.0,16,False,True
2020-09-04,2020Q4,-3,diag4,student_t_ar1,3.7862648090124074,3.7163452375558093,0.36500119800525777,0.5978568034874896,4.611736044615711,4.508555862817171,-0.8254712356033034,2021-01-28,12.0,0,True,False
2020-09-11,2020Q3,11,diag4,student_t_ar1,23.536814627334724,21.13690198071668,4.976832377780056,0.5973445072842721,34.85500597467652,29.90299854497912,-11.318191347341799,2020-10-28,5.0,0,True,False
2020-09-11,2020Q4,-2,diag4,student_t_ar1,4.804683293574552,4.692827281616302,0.6235101770053914,0.6195777109225232,4.611736044615711,4.508555862817171,0.1929472489588413,2021-01-28,5.0,0,True,False
2020-09-18,2020Q3,12,diag4,student_t_ar1,23.02100010436645,20.718488736700678,4.866063745454841,0.4983751340915922,34.85500597467652,29.90299854497912,-11.834005870310072,2020-10-28,11.0,0,True,False
2020-09-18,2020Q4,-1,diag4,student_t_ar1,4.600925265889133,4.498221135780591,0.5719911179779996,0.5884263967659231,4.611736044615711,4.508555862817171,-0.010810778726577652,2021-01-28,11.0,0,True,False
2020-09-25,2020Q3,13,diag4,student_t_ar1,23.018169350618777,20.716187677276636,4.8654545744762805,0.49819022051598694,34.85500597467652,29.90299854497912,-11.836836624057746,2020-10-28,0.0,0,True,False
2020-09-25,2020Q4,0,diag4,student_t_ar1,4.587925916763647,4.485792797397611,0.5687009017517058,0.5865458313642598,4.611736044615711,4.508555862817171,-0.023810127852064156,2021-01-28,0.0,0,True,False
2020-10-02,2020Q3,14,diag4,student_t_ar1,23.108452727969997,20.78955103849136,4.884876424288054,0.49661221923695353,34.85500597467652,29.90299854497912,-11.746553246706526,2020-10-28,11.0,15,True,True
2020-10-02,2020Q4,1,diag4,student_t_ar1,4.873911123486163,4.7588596132613254,0.6409912466659983,0.5847383327906633,4.611736044615711,4.508555862817171,0.26217507887045244,2021-01-28,11.0,0,True,False
2020-10-02,2021Q1,-12,diag4,student_t_ar1,3.6230083593127516,3.558920758966587,0.32332542784925555,0.612336690847914,5.701255644273506,5.544658613895645,-2.0782472849607547,2021-04-28,11.0,0,True,False
2020-10-09,2020Q3,15,diag4,student_t_ar1,23.51072233779423,21.115778686019592,4.971240302248839,0.5221010448271711,34.85500597467652,29.90299854497912,-11.344283636882292,2020-10-28,9.0,0,True,False
2020-10-09,2020Q4,2,diag4,student_t_ar1,6.613243552202075,6.403755397636918,1.0764527406760367,0.6756825510630564,4.611736044615711,4.508555862817171,2.001507507586364,2021-01-28,9.0,0,True,False
2020-10-09,2021Q1,-11,diag4,student_t_ar1,4.09976908325449,4.017957140995358,0.44484842682702436,0.6118707524454888,5.701255644273506,5.544658613895645,-1.6014865610190165,2021-04-28,9.0,0,True,False
2020-10-16,2020Q3,16,diag4,student_t_ar1,24.117578511907524,21.60591441519214,5.100996387054052,0.5108046660295326,34.85500597467652,29.90299854497912,-10.737427462768999,2020-10-28,8.0,0,True,False
2020-10-16,2020Q4,3,diag4,student_t_ar1,7.75185257075468,7.4660736080025805,1.357685557608269,0.6332115991732293,4.611736044615711,4.508555862817171,3.1401165261389696,2021-01-28,8.0,0,True,False
2020-10-16,2021Q1,-10,diag4,student_t_ar1,4.187380678974462,4.102082926947106,0.4671194672073869,0.6116216994388111,5.701255644273506,5.544658613895645,-1.5138749652990446,2021-04-28,8.0,0,True,False
2020-10-23,2020Q3,17,diag4,student_t_ar1,22.492105620330083,20.287639800441912,4.752002950079226,0.4926393564211869,34.85500597467652,29.90299854497912,-12.36290035434644,2020-10-28,4.0,0,True,False
2020-10-23,2020Q4,4,diag4,student_t_ar1,4.764640762781935,4.654613166587573,0.6133935630650141,0.5590695625193961,4.611736044615711,4.508555862817171,0.15290471816622464,2021-01-28,4.0,0,True,False
2020-10-23,2021Q1,-9,diag4,student_t_ar1,4.103042799903145,4.021101879166107,0.44568094910297196,0.6100463023271467,5.701255644273506,5.544658613895645,-1.5982128443703614,2021-04-28,4.0,0,True,False
2020-10-30,2020Q4,5,diag4,student_t_ar1,5.3455709677060925,5.207591225548822,0.6065573866366197,0.5657727486269157,4.611736044615711,4.508555862817171,0.7338349230903818,2021-01-28,10.0,0,True,False
2020-10-30,2021Q1,-8,diag4,student_t_ar1,4.857421617641244,4.743135204644467,0.5013292228414981,0.6100112586965246,5.701255644273506,5.544658613895645,-0.8438340266322619,2021-04-28,10.0,0,True,False
2020-11-06,2020Q4,6,diag4,student_t_ar1,5.429308620659734,5.287048186950253,0.62455932820416,0.5205730439570079,4.611736044615711,4.508555862817171,0.8175725760440233,2021-01-28,11.0,87,True,True
2020-11-06,2021Q1,-7,diag4,student_t_ar1,5.8131670152294035,5.650477763239387,0.7068987215169662,0.552003638389419,5.701255644273506,5.544658613895645,0.1119113709558972,2021-04-28,11.0,0,True,False
2020-11-13,2020Q4,7,diag4,student_t_ar1,5.4080254036405595,5.266858957001995,0.6199852124638664,0.5145889049489137,4.611736044615711,4.508555862817171,0.7962893590248488,2021-01-28,6.0,0,True,False
2020-11-13,2021Q1,-6,diag4,student_t_ar1,5.78565013236132,5.624469221798439,0.7010061699391195,0.5519385395547874,5.701255644273506,5.544658613895645,0.08439448808781336,2021-04-28,6.0,0,True,False
2020-11-20,2020Q4,8,diag4,student_t_ar1,5.184332372244049,5.0544171401297735,0.5718539335125558,0.47157647894085464,4.611736044615711,4.508555862817171,0.5725963276283386,2021-01-28,8.0,0,True,False
2020-11-20,2021Q1,-5,diag4,student_t_ar1,5.658442827952137,5.504146806567778,0.6737456624889989,0.5494866681723248,5.701255644273506,5.544658613895645,-0.04281281632136924,2021-04-28,8.0,0,True,False
2020-11-27,2020Q4,9,diag4,student_t_ar1,5.1934555597228815,5.063090287208872,0.5738189405323407,0.4715571898608242,4.611736044615711,4.508555862817171,0.5817195151071708,2021-01-28,4.0,0,True,False
2020-11-27,2021Q1,-4,diag4,student_t_ar1,5.658189753263643,5.503907284779653,0.673691395913007,0.5494868353925313,5.701255644273506,5.544658613895645,-0.04306589100986358,2021-04-28,4.0,0,True,False
2020-12-04,2020Q4,10,diag4,student_t_ar1,5.006538936027893,4.885243781160647,0.5335256502604369,0.4715146426777493,4.611736044615711,4.508555862817171,0.3948028914121826,2021-01-28,9.0,32,True,True
2020-12-04,2021Q1,-3,diag4,student_t_ar1,5.332599691644968,5.195277395371802,0.6037675385552238,0.5445559670644058,5.701255644273506,5.544658613895645,-0.36865595262853823,2021-04-28,9.0,0,True,False
2020-12-11,2020Q4,11,diag4,student_t_ar1,4.62529062589212,4.521512060399468,0.45111780244050154,0.4822686235224659,4.611736044615711,4.508555862817171,0.013554581276409294,2021-01-28,7.0,0,True,False
2020-12-11,2021Q1,-2,diag4,student_t_ar1,4.718827877238829,4.610874262920468,0.47136389692682745,0.5446794751678478,5.701255644273506,5.544658613895645,-0.982427767034677,2021-04-28,7.0,0,True,False
2020-12-18,2020Q4,12,diag4,student_t_ar1,4.790052840475045,4.678866574975353,0.4867683826643346,0.452732463324761,4.611736044615711,4.508555862817171,0.17831679585933458,2021-01-28,12.0,0,True,False
2020-12-18,2021Q1,-1,diag4,student_t_ar1,4.83479783478864,4.7215571193922194,0.4964404450302267,0.53460843071435,5.701255644273506,5.544658613895645,-0.8664578094848663,2021-04-28,12.0,0,True,False
2020-12-25,2020Q4,13,diag4,student_t_ar1,4.743341463033923,4.63428048083965,0.47666686044149625,0.45295222358626713,4.611736044615711,4.508555862817171,0.1316054184182125,2021-01-28,0.0,0,True,False
2020-12-25,2021Q1,0,diag4,student_t_ar1,4.608703975055728,4.505657417942567,0.4475257402467131,0.5350551054645253,5.701255644273506,5.544658613895645,-1.0925516692177784,2021-04-28,0.0,0,True,False
2021-01-01,2020Q4,14,diag4,student_t_ar1,4.699544895173502,4.592458512798335,0.467191584623741,0.45316274094677855,4.611736044615711,4.508555862817171,0.0878088505577912,2021-01-28,8.0,4,True,True
2021-01-01,2021Q1,1,diag4,student_t_ar1,4.5545855439119265,4.453909874216398,0.4358017044669426,0.5349954960898424,5.701255644273506,5.544658613895645,-1.1466701003615798,2021-04-28,8.0,0,True,False
2021-01-01,2021Q2,-12,diag4,student_t_ar1,3.6070980411451625,3.54356554009882,0.22955211701631018,0.5597965054237849,6.983331307653917,6.7502854167053385,-3.3762332665087547,2021-07-28,8.0,0,True,False
2021-01-08,2020Q4,15,diag4,student_t_ar1,4.6030849642618055,4.500285817399617,0.44630873877330146,0.478395858164692,4.611736044615711,4.508555862817171,-0.008651080353905272,2021-01-28,12.0,0,True,False
2021-01-08,2021Q1,2,diag4,student_t_ar1,4.090167613294082,4.008733381077316,0.33494155231181744,0.6114306427099296,5.701255644273506,5.544658613895645,-1.611088030979424,2021-04-28,12.0,0,True,False
2021-01-08,2021Q2,-11,diag4,student_t_ar1,3.9311736626263416,3.855870236697201,0.3003085466641621,0.5566562776719598,6.983331307653917,6.7502854167053385,-3.0521576450275756,2021-07-28,12.0,0,True,False
2021-01-15,2020Q4,16,diag4,student_t_ar1,4.735969491734449,4.6272421043346785,0.475072230589837,0.4703141665356156,4.611736044615711,4.508555862817171,0.12423344711873785,2021-01-28,6.0,0,True,False
2021-01-15,2021Q1,3,diag4,student_t_ar1,4.524929158264879,4.4255413505107795,0.4293744701869172,0.5844188530794034,5.701255644273506,5.544658613895645,-1.1763264860086275,2021-04-28,6.0,0,True,False
2021-01-15,2021Q2,-10,diag4,student_t_ar1,3.960408919824543,3.8839957211711287,0.3066807174485497,0.5565229634370336,6.983331307653917,6.7502854167053385,-3.0229223878293743,2021-07-28,6.0,0,True,False
2021-01-22,2020Q4,17,diag4,student_t_ar1,5.492937337521386,5.347382001909178,0.6382286882234797,0.4488559495527202,4.611736044615711,4.508555862817171,0.8812012929056756,2021-01-28,6.0,0,True,False
2021-01-22,2021Q1,4,diag4,student_t_ar1,6.177844457871529,5.994528013137818,0.7848474925966721,0.5067107679243947,5.701255644273506,5.544658613895645,0.4765888135980223,2021-04-28,6.0,0,True,False
2021-01-22,2021Q2,-9,diag4,student_t_ar1,4.186671604763603,4.1014023487243465,0.3559368346795632,0.5544648462379232,6.983331307653917,6.7502854167053385,-2.796659702890314,2021-07-28,6.0,0,True,False
2021-01-29,2021Q1,5,diag4,student_t_ar1,6.151343680297017,5.969566039756303,0.7782611225514372,0.5053096152797797,5.701255644273506,5.544658613895645,0.45008803602351044,2021-04-28,6.0,0,True,False
2021-01-29,2021Q2,-8,diag4,student_t_ar1,4.164016789433012,4.079655537523978,0.34887534101224954,0.5541742075527786,6.983331307653917,6.7502854167053385,-2.8193145182209056,2021-07-28,6.0,0,True,False
2021-02-05,2021Q1,6,diag4,student_t_ar1,6.9350833036423865,6.70517662612521,0.9453911142433321,0.5383669499406437,5.701255644273506,5.544658613895645,1.2338276593688802,2021-04-28,14.0,7,True,True
2021-02-05,2021Q2,-7,diag4,student_t_ar1,4.492765989120784,4.39476580361245,0.4204680792480559,0.5498991717025458,6.983331307653917,6.7502854167053385,-2.4905653185331333,2021-07-28,14.0,0,True,False
2021-02-12,2021Q1,7,diag4,student_t_ar1,6.935955957558382,6.705992682304698,0.9455765213935625,0.5384475134611947,5.701255644273506,5.544658613895645,1.2347003132848755,2021-04-28,4.0,0,True,False
2021-02-12,2021Q2,-6,diag4,student_t_ar1,4.493267097436826,4.395245365149305,0.4205770351510234,0.5498995673179131,6.983331307653917,6.7502854167053385,-2.490064210217091,2021-07-28,4.0,0,True,False
2021-02-19,2021Q1,8,diag4,student_t_ar1,7.060852007247309,6.822719716747734,0.9720967872219565,0.45965646168894947,5.701255644273506,5.544658613895645,1.3595963629738028,2021-04-28,11.0,0,True,False
2021-02-19,2021Q2,-5,diag4,student_t_ar1,4.4561742102138036,4.359741190186661,0.41251052200332045,0.5469967344012198,6.983331307653917,6.7502854167053385,-2.5271570974401136,2021-07-28,11.0,0,True,False
2021-02-26,2021Q1,9,diag4,student_t_ar1,7.075163691763042,6.836086627017657,0.9751337359061589,0.4596589538176868,5.701255644273506,5.544658613895645,1.373908047489536,2021-04-28,4.0,0,True,False
2021-02-26,2021Q2,-4,diag4,student_t_ar1,4.455988645211173,4.359563541360374,0.41247016036713463,0.5469975373878136,6.983331307653917,6.7502854167053385,-2.527342662442744,2021-07-28,4.0,0,True,False
2021-03-05,2021Q1,10,diag4,student_t_ar1,7.892777745973789,7.596774933673254,1.1479613606403605,0.47220139020537777,5.701255644273506,5.544658613895645,2.191522101700283,2021-04-28,10.0,47,True,True
2021-03-05,2021Q2,-3,diag4,student_t_ar1,5.591881403487031,5.441130167980422,0.6582010194260165,0.543215688065077,6.983331307653917,6.7502854167053385,-1.391449904166886,2021-07-28,10.0,0,True,False
2021-03-12,2021Q1,11,diag4,student_t_ar1,7.895466790800865,7.599267233319128,1.1485276086346488,0.4721901293297712,5.701255644273506,5.544658613895645,2.1942111465273584,2021-04-28,6.0,0,True,False
2021-03-12,2021Q2,-2,diag4,student_t_ar1,5.591602052314548,5.440865610195947,0.6581409121611936,0.5432134691571725,6.983331307653917,6.7502854167053385,-1.391729255339369,2021-07-28,6.0,0,True,False
2021-03-19,2021Q1,12,diag4,student_t_ar1,1.8820933230708325,1.8646010860163682,-0.15438282157746866,0.4392467310809329,5.701255644273506,5.544658613895645,-3.8191623212026737,2021-04-28,12.0,0,True,False
2021-03-19,2021Q2,-1,diag4,student_t_ar1,2.5825354713775672,2.549751268236473,0.0012826166095781194,0.5341392075469659,6.983331307653917,6.7502854167053385,-4.40079583627635,2021-07-28,12.0,0,True,False
2021-03-26,2021Q1,13,diag4,student_t_ar1,1.973031740161968,1.9538197633443346,-0.13411242705502363,0.44044155775286686,5.701255644273506,5.544658613895645,-3.7282239041115384,2021-04-28,4.0,0,True,False
2021-03-26,2021Q2,0,diag4,student_t_ar1,2.8854150844202398,2.8445708073475537,0.06826532190948903,0.5387485591173644,6.983331307653917,6.7502854167053385,-4.097916223233677,2021-07-28,4.0,0,True,False
2021-04-02,2021Q1,14,diag4,student_t_ar1,2.1315525569309823,2.1091527257945706,-0.09882093288018855,0.45301837308882265,5.701255644273506,5.544658613895645,-3.569703087342524,2021-04-28,8.0,5,True,True
2021-04-02,2021Q2,1,diag4,student_t_ar1,3.9872630504339535,3.9098234984232305,0.3102896710805081,0.5804535440540984,6.983331307653917,6.7502854167053385,-2.9960682572199637,2021-07-28,8.0,0,True,False
2021-04-02,2021Q3,-12,diag4,student_t_ar1,6.055196146805475,5.878949096330228,0.7576730433658155,0.5572947091615379,3.34127932577879,3.2866716567676137,2.713916821026685,2021-10-28,8.0,0,True,False
2021-04-09,2021Q1,15,diag4,student_t_ar1,2.375914276489577,2.3481286806944857,-0.04452583422733197,0.45975115414126705,5.701255644273506,5.544658613895645,-3.3253413677839294,2021-04-28,8.0,0,True,False
2021-04-09,2021Q2,2,diag4,student_t_ar1,5.0669383562060855,4.942746920177568,0.5449688424995979,0.5898444807886281,6.983331307653917,6.7502854167053385,-1.9163929514478317,2021-07-28,8.0,0,True,False
2021-04-09,2021Q3,-11,diag4,student_t_ar1,6.5378024150193115,6.332968843444269,0.8608258771738272,0.5548708222461385,3.34127932577879,3.2866716567676137,3.1965230892405216,2021-10-28,8.0,0,True,False
2021-04-16,2021Q1,16,diag4,student_t_ar1,2.8900106741956755,2.849037414338415,0.0692801305638322,0.4555256564041268,5.701255644273506,5.544658613895645,-2.811244970077831,2021-04-28,8.0,0,True,False
2021-04-16,2021Q2,3,diag4,student_t_ar1,6.160034811337423,5.9777531949686304,0.7801212360516667,0.5735756637523906,6.983331307653917,6.7502854167053385,-0.8232964963164946,2021-07-28,8.0,0,True,False
2021-04-16,2021Q3,-10,diag4,student_t_ar1,6.50549378961538,6.302638270995198,0.8539348013582304,0.5539508512042753,3.34127932577879,3.2866716567676137,3.16421446383659,2021-10-28,8.0,0,True,False
2021-04-23,2021Q1,17,diag4,student_t_ar1,3.468782803916337,3.409976580115477,0.1967249496749093,0.4349496118056756,5.701255644273506,5.544658613895645,-2.232472840357169,2021-04-28,4.0,0,True,False
2021-04-23,2021Q2,4,diag4,student_t_ar1,7.472777014413934,7.206739243448442,1.0593456407543984,0.5036396085788315,6.983331307653917,6.7502854167053385,0.48944570676001664,2021-07-28,4.0,0,True,False
2021-04-23,2021Q3,-9,diag4,student_t_ar1,6.741941397232143,6.524397284704228,0.9043182281407892,0.5529586490269642,3.34127932577879,3.2866716567676137,3.400662071453353,2021-10-28,4.0,0,True,False
2021-04-30,2021Q2,5,diag4,student_t_ar1,7.625357611785888,7.348609951187559,1.0889147863663555,0.5033008664758127,6.983331307653917,6.7502854167053385,0.6420263041319707,2021-07-28,10.0,0,True,False
2021-04-30,2021Q3,-8,diag4,student_t_ar1,6.859458108442551,6.634430948658888,0.9263498047197994,0.5526507335396831,3.34127932577879,3.2866716567676137,3.518178782663761,2021-10-28,10.0,0,True,False
2021-05-07,2021Q2,6,diag4,student_t_ar1,5.645485585851251,5.491882725900297,0.6662772875981563,0.5554761210292201,6.983331307653917,6.7502854167053385,-1.3378457218026663,2021-07-28,13.0,56,True,True
2021-05-07,2021Q3,-7,diag4,student_t_ar1,5.478533037777655,5.3337267908605,0.6302770459416448,0.5436528650920466,3.34127932577879,3.2866716567676137,2.1372537119988655,2021-10-28,13.0,0,True,False
2021-05-14,2021Q2,7,diag4,student_t_ar1,6.485014837112368,6.283408350659168,0.846448292634865,0.5471120404005845,6.983331307653917,6.7502854167053385,-0.4983164705415488,2021-07-28,6.0,0,True,False
2021-05-14,2021Q3,-6,diag4,student_t_ar1,5.557692053408814,5.408746157141776,0.6473533277414059,0.5435285507983322,3.34127932577879,3.2866716567676137,2.216412727630024,2021-10-28,6.0,0,True,False
2021-05-21,2021Q2,8,diag4,student_t_ar1,5.550692846803429,5.402115244199811,0.6458439663111568,0.45497686227118594,6.983331307653917,6.7502854167053385,-1.4326384608504883,2021-07-28,6.0,0,True,False
2021-05-21,2021Q3,-5,diag4,student_t_ar1,5.57742358833484,5.427437065021774,0.6516078452863227,0.5408302314801389,3.34127932577879,3.2866716567676137,2.23614426255605,2021-10-28,6.0,0,True,False
2021-05-28,2021Q2,9,diag4,student_t_ar1,5.53733441475599,5.389458503560784,0.6429629759678344,0.4549858757920341,6.983331307653917,6.7502854167053385,-1.4459968928979272,2021-07-28,4.0,0,True,False
2021-05-28,2021Q3,-4,diag4,student_t_ar1,5.578005410661224,5.427988149433057,0.6517332858647894,0.5408320608811518,3.34127932577879,3.2866716567676137,2.2367260848824344,2021-10-28,4.0,0,True,False
2021-06-04,2021Q2,10,diag4,student_t_ar1,5.531785799930056,5.384200875328321,0.6417662084430424,0.4506983406216261,6.983331307653917,6.7502854167053385,-1.4515455077238615,2021-07-28,12.0,42,True,True
2021-06-04,2021Q3,-3,diag4,student_t_ar1,5.610717768652962,5.458967415523491,0.6587849407098404,0.5345391991364989,3.34127932577879,3.2866716567676137,2.269438442874172,2021-10-28,12.0,0,True,False
2021-06-11,2021Q2,11,diag4,student_t_ar1,5.8073028917787095,5.644935649610419,0.7011159563993843,0.4549507376166756,6.983331307653917,6.7502854167053385,-1.1760284158752077,2021-07-28,5.0,0,True,False
2021-06-11,2021Q3,-2,diag4,student_t_ar1,6.043356632768715,5.867784933356079,0.7518420203046405,0.5332047200996447,3.34127932577879,3.2866716567676137,2.702077306989925,2021-10-28,5.0,0,True,False
2021-06-18,2021Q2,12,diag4,student_t_ar1,6.0638129263985485,5.887073572901625,0.7562325965083742,0.43580794805735185,6.983331307653917,6.7502854167053385,-0.9195183812553687,2021-07-28,11.0,0,True,False
2021-06-18,2021Q3,-1,diag4,student_t_ar1,6.080516685237947,5.902821115062656,0.759817130488402,0.5283739612982267,3.34127932577879,3.2866716567676137,2.739237359459157,2021-10-28,11.0,0,True,False
2021-06-25,2021Q2,13,diag4,student_t_ar1,6.076716745969835,5.899238923489865,0.7590017342008837,0.43540078689812467,6.983331307653917,6.7502854167053385,-0.9066145616840826,2021-07-28,0.0,0,True,False
2021-06-25,2021Q3,0,diag4,student_t_ar1,6.142201139328907,5.960952927208272,0.7730493831044453,0.5255871674455673,3.34127932577879,3.2866716567676137,2.800921813550117,2021-10-28,0.0,0,True,False
2021-07-02,2021Q2,14,diag4,student_t_ar1,6.027955187962664,5.853260154213732,0.7485358177331063,0.43421139908103434,6.983331307653917,6.7502854167053385,-0.9553761196912536,2021-07-28,11.0,34,True,True
2021-07-02,2021Q3,1,diag4,student_t_ar1,6.180419791357572,5.9969534741814705,0.7812440069133819,0.5187144748455611,3.34127932577879,3.2866716567676137,2.839140465578782,2021-10-28,11.0,0,True,False
2021-07-02,2021Q4,-12,diag4,student_t_ar1,4.851732091172534,4.737709092937374,0.49460852897204116,0.5491964916405172,7.0416786109130936,6.804809235885943,-2.18994651974056,2022-01-28,11.0,0,True,False
2021-07-09,2021Q2,15,diag4,student_t_ar1,6.2031847327598255,6.018391043753229,0.7861237332727964,0.44049382650656205,6.983331307653917,6.7502854167053385,-0.7801465748940917,2021-07-28,9.0,0,True,False
2021-07-09,2021Q3,2,diag4,student_t_ar1,7.019378060500281,6.783973544574088,0.9603894352245577,0.534947698055106,3.34127932577879,3.2866716567676137,3.678098734721491,2021-10-28,9.0,0,True,False
2021-07-09,2021Q4,-11,diag4,student_t_ar1,5.153833815515063,5.02541759383203,0.5600981709272037,0.5486935544022992,7.0416786109130936,6.804809235885943,-1.8878447953980304,2022-01-28,9.0,0,True,False
2021-07-16,2021Q2,16,diag4,student_t_ar1,6.233334030407467,6.046775332881676,0.7925847065370326,0.4379026595465801,6.983331307653917,6.7502854167053385,-0.7499972772464503,2021-07-28,8.0,0,True,False
2021-07-16,2021Q3,3,diag4,student_t_ar1,7.152404632999709,6.908197742489671,0.9886659658740209,0.5265478401097167,3.34127932577879,3.2866716567676137,3.8111253072209195,2021-10-28,8.0,0,True,False
2021-07-16,2021Q4,-10,diag4,student_t_ar1,5.1663112140588385,5.037282742134076,0.5627989750801211,0.5486581903508089,7.0416786109130936,6.804809235885943,-1.875367396854255,2022-01-28,8.0,0,True,False
2021-07-23,2021Q2,17,diag4,student_t_ar1,5.903345292664741,5.735665528620382,0.7217683433553518,0.43066698791851804,6.983331307653917,6.7502854167053385,-1.079986014989176,2021-07-28,4.0,0,True,False
2021-07-23,2021Q3,4,diag4,student_t_ar1,6.68449109770255,6.470561121820756,0.889048938553133,0.4985620106339951,3.34127932577879,3.2866716567676137,3.3432117719237597,2021-10-28,4.0,0,True,False
2021-07-23,2021Q4,-9,diag4,student_t_ar1,5.228301156134396,5.096210053219659,0.5762123031269984,0.5470293256970552,7.0416786109130936,6.804809235885943,-1.8133774547786974,2022-01-28,4.0,0,True,False
2021-07-30,2021Q3,5,diag4,student_t_ar1,6.701094141099495,6.486122663535827,0.8863668771747052,0.4978047811077911,3.34127932577879,3.2866716567676137,3.3598148153207053,2021-10-28,10.0,0,True,False
2021-07-30,2021Q4,-8,diag4,student_t_ar1,5.317420829572006,5.18086594450968,0.589156835334399,0.5463788471538518,7.0416786109130936,6.804809235885943,-1.7242577813410875,2022-01-28,10.0,0,True,False
2021-08-06,2021Q3,6,diag4,student_t_ar1,7.95410273107553,7.653597609651961,1.1522036834709957,0.5868715520508138,3.34127932577879,3.2866716567676137,4.61282340529674,2021-10-28,11.0,12,False,True
2021-08-06,2021Q4,-7,diag4,student_t_ar1,6.0450341319757905,5.869366820229823,0.7459301130330156,0.5427763745389226,7.0416786109130936,6.804809235885943,-0.996644478937303,2022-01-28,11.0,0,True,False
2021-08-13,2021Q3,7,diag4,student_t_ar1,7.9525806543705,7.652187670245563,1.1518826369336672,0.5714191312816798,3.34127932577879,3.2866716567676137,4.61130132859171,2021-10-28,6.0,0,True,False
2021-08-13,2021Q4,-6,diag4,student_t_ar1,6.043692232968634,5.868101407371541,0.7456419755324969,0.5424887293136236,7.0416786109130936,6.804809235885943,-0.9979863779444598,2022-01-28,6.0,0,True,False
2021-08-20,2021Q3,8,diag4,student_t_ar1,6.3376692430424875,6.144940387763831,0.808678866089022,0.45618164179000187,3.34127932577879,3.2866716567676137,2.9963899172636976,2021-10-28,8.0,0,True,False
2021-08-20,2021Q4,-5,diag4,student_t_ar1,5.616167740395461,5.464127716713912,0.6536562107763365,0.5416395240037701,7.0416786109130936,6.804809235885943,-1.4255108705176323,2022-01-28,8.0,0,True,False
2021-08-27,2021Q3,9,diag4,student_t_ar1,6.352697697563081,6.159072155705903,0.8118967030709106,0.45616497892347607,3.34127932577879,3.2866716567676137,3.0114183717842913,2021-10-28,4.0,0,True,False
2021-08-27,2021Q4,-4,diag4,student_t_ar1,5.6154408496102315,5.463439476170667,0.6534994967769582,0.5416394191988387,7.0416786109130936,6.804809235885943,-1.426237761302862,2022-01-28,4.0,0,True,False
2021-09-03,2021Q3,10,diag4,student_t_ar1,6.394503559037057,6.198373130539087,0.8208456279868078,0.45236087721973595,3.34127932577879,3.2866716567676137,3.053224233258267,2021-10-28,9.0,5,True,True
2021-09-03,2021Q4,-3,diag4,student_t_ar1,5.70876759843546,5.551765139924909,0.6736114593030404,0.5355886638516184,7.0416786109130936,6.804809235885943,-1.3329110124776333,2022-01-28,9.0,0,True,False
2021-09-10,2021Q3,11,diag4,student_t_ar1,5.986787757565026,5.814425655873586,0.7334198799738395,0.4643884438872219,3.34127932577879,3.2866716567676137,2.6455084317862365,2021-10-28,7.0,0,True,False
2021-09-10,2021Q4,-2,diag4,student_t_ar1,5.0723820588624235,4.947927961637869,0.5361163057386723,0.5357945415383288,7.0416786109130936,6.804809235885943,-1.96929655205067,2022-01-28,7.0,0,True,False
2021-09-17,2021Q3,12,diag4,student_t_ar1,5.02075532998254,4.898781444468684,0.5249255275482663,0.43406153626595445,3.34127932577879,3.2866716567676137,1.6794760042037504,2021-10-28,10.0,0,True,False
2021-09-17,2021Q4,-1,diag4,student_t_ar1,4.723974837406142,4.615789170572253,0.46048751750837563,0.5275038100497057,7.0416786109130936,6.804809235885943,-2.3177037735069517,2022-01-28,10.0,0,True,False
2021-09-24,2021Q3,13,diag4,student_t_ar1,5.069443734593193,4.945131446228977,0.5354795325663388,0.4348157301896597,3.34127932577879,3.2866716567676137,1.7281644088144033,2021-10-28,2.0,0,True,False
2021-09-24,2021Q4,0,diag4,student_t_ar1,4.969024771615249,4.849511847263798,0.5137067237426483,0.5298856856482178,7.0416786109130936,6.804809235885943,-2.0726538392978444,2022-01-28,2.0,0,True,False
2021-10-01,2021Q3,14,diag4,student_t_ar1,5.1299440617182945,5.002696151274072,0.5485871520450131,0.4346239497091423,3.34127932577879,3.2866716567676137,1.7886647359395047,2021-10-28,11.0,6,True,True
2021-10-01,2021Q4,1,diag4,student_t_ar1,5.2119833098553725,5.080701761779041,0.5663492140394216,0.5254617547476841,7.0416786109130936,6.804809235885943,-1.829695301057721,2022-01-28,11.0,0,True,False
2021-10-01,2022Q1,-13,diag4,student_t_ar1,4.971863859461778,4.852216501764599,0.5143225799689592,0.5496202582841571,-1.0153057807451127,-1.0204951651818233,5.987169640206891,2022-04-28,11.0,0,True,False
2021-10-08,2021Q3,15,diag4,student_t_ar1,5.2122366068489745,5.080942510675434,0.5664040331324987,0.43426834293340405,3.34127932577879,3.2866716567676137,1.8709572810701847,2021-10-28,9.0,0,True,False
2021-10-08,2021Q4,2,diag4,student_t_ar1,5.525227128261223,5.377985804262983,0.6340414935865669,0.5203690384932064,7.0416786109130936,6.804809235885943,-1.5164514826518705,2022-01-28,9.0,0,True,False
2021-10-08,2022Q1,-12,diag4,student_t_ar1,5.100050298346925,4.974257047078835,0.5421115007615832,0.5488555096029007,-1.0153057807451127,-1.0204951651818233,6.115356079092038,2022-04-28,9.0,0,True,False
2021-10-15,2021Q3,16,diag4,student_t_ar1,5.213631803540308,5.0822685802332295,0.5667059823069488,0.433397734900026,3.34127932577879,3.2866716567676137,1.8723524777615186,2021-10-28,6.0,0,True,False
2021-10-15,2021Q4,3,diag4,student_t_ar1,5.557299718377551,5.4083744781549115,0.6409610665006447,0.5174257653974449,7.0416786109130936,6.804809235885943,-1.4843788925355428,2022-01-28,6.0,0,True,False
2021-10-15,2022Q1,-11,diag4,student_t_ar1,5.099915097734842,4.974128407084205,0.5420822091305738,0.5488342922766969,-1.0153057807451127,-1.0204951651818233,6.115220878479954,2022-04-28,6.0,0,True,False
2021-10-22,2021Q3,17,diag4,student_t_ar1,3.7943568580377507,3.7241417736336526,0.25745729648898635,0.42932452848619257,3.34127932577879,3.2866716567676137,0.45307753225896086,2021-10-28,6.0,0,True,False
2021-10-22,2021Q4,4,diag4,student_t_ar1,2.551775120412758,2.5197608184607834,-0.016783095351835687,0.5024932403210964,7.0416786109130936,6.804809235885943,-4.489903490500335,2022-01-28,6.0,0,True,False
2021-10-22,2022Q1,-10,diag4,student_t_ar1,4.730212265900957,4.621745058666839,0.4618436873131238,0.5474751573546722,-1.0153057807451127,-1.0204951651818233,5.74551804664607,2022-04-28,6.0,0,True,False
2021-10-29,2021Q4,5,diag4,student_t_ar1,2.5518827649239295,2.5198657844202095,-0.017892825831267178,0.5014750467277487,7.0416786109130936,6.804809235885943,-4.489795845989164,2022-01-28,6.0,0,True,False
2021-10-29,2022Q1,-9,diag4,student_t_ar1,4.701764677239195,4.594578635227656,0.4561099778240777,0.546881415295626,-1.0153057807451127,-1.0204951651818233,5.717070457984308,2022-04-28,6.0,0,True,False
2021-11-05,2021Q4,6,diag4,student_t_ar1,4.336389110125816,4.245000405050481,0.37624299231021924,0.6070308306028953,7.0416786109130936,6.804809235885943,-2.705289500787278,2022-01-28,14.0,11,False,True
2021-11-05,2022Q1,-8,diag4,student_t_ar1,5.922384807727776,5.753642112584259,0.7209173884822444,0.5436274405640794,-1.0153057807451127,-1.0204951651818233,6.937690588472889,2022-04-28,14.0,0,True,False
2021-11-12,2021Q4,7,diag4,student_t_ar1,4.336143803845061,4.244765293819179,0.3761892772224833,0.6069426235366124,7.0416786109130936,6.804809235885943,-2.705534807068033,2022-01-28,4.0,0,True,False
2021-11-12,2022Q1,-7,diag4,student_t_ar1,5.92200294812939,5.7532816030589125,0.7208350240597692,0.5436272756650079,-1.0153057807451127,-1.0204951651818233,6.937308728874503,2022-04-28,4.0,0,True,False
2021-11-19,2021Q4,8,diag4,student_t_ar1,5.228246742025511,5.09615834267948,0.5707042396257838,0.45424745562786023,7.0416786109130936,6.804809235885943,-1.8134318688875828,2022-01-28,11.0,0,True,False
2021-11-19,2022Q1,-6,diag4,student_t_ar1,6.297085907695332,6.106768513357709,0.8015950128321363,0.5418926612550443,-1.0153057807451127,-1.0204951651818233,7.312391688440445,2022-04-28,11.0,0,True,False
2021-11-26,2021Q4,9,diag4,student_t_ar1,5.228709989473868,5.09659857279166,0.570804817547854,0.45424013903320637,7.0416786109130936,6.804809235885943,-1.812968621439226,2022-01-28,4.0,0,True,False
2021-11-26,2022Q1,-5,diag4,student_t_ar1,6.297068185180721,6.106751840731245,0.8015912036921459,0.5418926335115626,-1.0153057807451127,-1.0204951651818233,7.3123739659258336,2022-04-28,4.0,0,True,False
2021-12-03,2021Q4,10,diag4,student_t_ar1,5.1969025737023555,5.0663670666301,0.563897925023558,0.4495687706832819,7.0416786109130936,6.804809235885943,-1.844776037210738,2022-01-28,9.0,10,True,True
2021-12-03,2022Q1,-4,diag4,student_t_ar1,6.250796138209669,6.063211485386466,0.7916436822809092,0.5357655242548316,-1.0153057807451127,-1.0204951651818233,7.2661019189547815,2022-04-28,9.0,0,True,False
2021-12-10,2021Q4,11,diag4,student_t_ar1,5.178858676460796,5.049213096820495,0.5599788141063976,0.4454843602565078,7.0416786109130936,6.804809235885943,-1.8628199344522978,2022-01-28,7.0,0,True,False
2021-12-10,2022Q1,-3,diag4,student_t_ar1,6.207076953855983,6.022055858311339,0.7822409918737949,0.5325897478644597,-1.0153057807451127,-1.0204951651818233,7.222382734601096,2022-04-28,7.0,0,True,False
2021-12-17,2021Q4,12,diag4,student_t_ar1,5.1022404122459175,4.97634086252315,0.5433299350327816,0.43343961572664835,7.0416786109130936,6.804809235885943,-1.939438198667176,2022-01-28,10.0,0,True,False
2021-12-17,2022Q1,-2,diag4,student_t_ar1,6.354468711334071,6.160737368778828,0.8139250992678203,0.5292748879297374,-1.0153057807451127,-1.0204951651818233,7.369774492079184,2022-04-28,10.0,0,True,False
2021-12-24,2021Q4,13,diag4,student_t_ar1,5.071345462399779,4.946941402129399,0.5366131372613843,0.4330531008874058,7.0416786109130936,6.804809235885943,-1.9703331485133146,2022-01-28,2.0,0,True,False
2021-12-24,2022Q1,-1,diag4,student_t_ar1,6.18612499553024,6.0023264524721585,0.7777334795794616,0.5270653830774304,-1.0153057807451127,-1.0204951651818233,7.201430776275353,2022-04-28,2.0,0,True,False
2021-12-31,2021Q4,14,diag4,student_t_ar1,5.070716842250289,4.946343121002258,0.5364764499450995,0.43303569782318624,7.0416786109130936,6.804809235885943,-1.9709617686628045,2022-01-28,8.0,0,True,False
2021-12-31,2022Q1,0,diag4,student_t_ar1,6.214685196333836,6.029219194500715,0.7838775756718702,0.5270583847669411,-1.0153057807451127,-1.0204951651818233,7.229990977078948,2022-04-28,8.0,0,True,False
2022-01-07,2021Q4,15,diag4,student_t_ar1,5.024003654178322,4.901874427327921,0.5263168341369054,0.43353946124087694,7.0416786109130936,6.804809235885943,-2.017674956734772,2022-01-28,12.0,3,True,True
2022-01-07,2022Q1,1,diag4,student_t_ar1,5.90114457488764,5.733587463345608,0.7163355689009248,0.5207929421738696,-1.0153057807451127,-1.0204951651818233,6.916450355632753,2022-04-28,12.0,0,True,False
2022-01-07,2022Q2,-11,diag4,student_t_ar1,4.750791716032654,4.641393093387626,0.46680552270914255,0.5491948849737163,0.6276599617172085,0.625698380341202,4.1231317543154455,2022-07-28,12.0,0,True,False
2022-01-14,2021Q4,16,diag4,student_t_ar1,4.929163565017647,4.811530378826473,0.5056762272854104,0.4330958998124344,7.0416786109130936,6.804809235885943,-2.1125150458954467,2022-01-28,6.0,0,True,False
2022-01-14,2022Q1,2,diag4,student_t_ar1,5.66767598955471,5.512885112708188,0.6659124306171147,0.519235247283885,-1.0153057807451127,-1.0204951651818233,6.682981770299823,2022-04-28,6.0,0,True,False
2022-01-14,2022Q2,-10,diag4,student_t_ar1,4.734087510382312,4.625445206602261,0.46316196160346984,0.5491799631797736,0.6276599617172085,0.625698380341202,4.106427548665104,2022-07-28,6.0,0,True,False
2022-01-21,2021Q4,17,diag4,student_t_ar1,4.402245476446298,4.308099762422436,0.3906590944187673,0.4286127903356632,7.0416786109130936,6.804809235885943,-2.6394331344667954,2022-01-28,6.0,0,True,False
2022-01-21,2022Q1,3,diag4,student_t_ar1,4.457873012786617,4.36136750741658,0.40282900046711323,0.5011927866059582,-1.0153057807451127,-1.0204951651818233,5.47317879353173,2022-04-28,6.0,0,True,False
2022-01-21,2022Q2,-9,diag4,student_t_ar1,4.451307277058603,4.355081775290224,0.4013929199754155,0.5477443681281795,0.6276599617172085,0.625698380341202,3.823647315341394,2022-07-28,6.0,0,True,False
2022-01-28,2022Q1,4,diag4,student_t_ar1,4.575028583134411,4.473460466678333,0.4220633296744414,0.5015476873962276,-1.0153057807451127,-1.0204951651818233,5.590334363879523,2022-04-28,6.0,0,True,False
2022-01-28,2022Q2,-8,diag4,student_t_ar1,4.621029893757478,4.51743960443019,0.4321139216235827,0.5473085437640028,0.6276599617172085,0.625698380341202,3.9933699320402694,2022-07-28,6.0,0,True,False
2022-02-04,2022Q1,5,diag4,student_t_ar1,4.707732104059015,4.600277924814,0.4510450375683181,0.4922655543785303,-1.0153057807451127,-1.0204951651818233,5.7230378848041275,2022-04-28,13.0,11,False,True
2022-02-04,2022Q2,-7,diag4,student_t_ar1,4.6694990476103815,4.5637571850341505,0.44269892002324357,0.5449850712245392,0.6276599617172085,0.625698380341202,4.041839085893173,2022-07-28,13.0,0,True,False
2022-02-11,2022Q1,6,diag4,student_t_ar1,4.0529340520569335,3.972956493602882,0.3076827060549402,0.5174952282775874,-1.0153057807451127,-1.0204951651818233,5.068239832802046,2022-04-28,5.0,0,True,False
2022-02-11,2022Q2,-6,diag4,student_t_ar1,4.308248373322887,4.2180256049185605,0.363688570723548,0.5441316583977284,0.6276599617172085,0.625698380341202,3.6805884116056786,2022-07-28,5.0,0,True,False
2022-02-18,2022Q1,7,diag4,student_t_ar1,2.504317314904614,2.4734731848754024,-0.03499556461969961,0.45676574764169686,-1.0153057807451127,-1.0204951651818233,3.5196230956497265,2022-04-28,11.0,0,True,False
2022-02-18,2022Q2,-5,diag4,student_t_ar1,4.0704901070135024,3.9898273048238146,0.31153820773369767,0.542364787799483,0.6276599617172085,0.625698380341202,3.442830145296294,2022-07-28,11.0,0,True,False
2022-02-25,2022Q1,8,diag4,student_t_ar1,2.504317314904614,2.4734731848754024,-0.03499556461969961,0.45676574764169686,-1.0153057807451127,-1.0204951651818233,3.5196230956497265,2022-04-28,0.0,0,True,False
2022-02-25,2022Q2,-4,diag4,student_t_ar1,4.0704901070135024,3.9898273048238146,0.31153820773369767,0.542364787799483,0.6276599617172085,0.625698380341202,3.442830145296294,2022-07-28,0.0,0,True,False
2022-03-04,2022Q1,9,diag4,student_t_ar1,2.694347855551049,2.658689394555532,0.007332062546728235,0.4509161473961559,-1.0153057807451127,-1.0204951651818233,3.709653636296162,2022-04-28,12.0,35,True,True
2022-03-04,2022Q2,-3,diag4,student_t_ar1,4.359263176001171,4.266921384923684,0.37486276735376123,0.536457967785105,0.6276599617172085,0.625698380341202,3.731603214283963,2022-07-28,12.0,0,True,False
2022-03-11,2022Q1,10,diag4,student_t_ar1,3.7043997240060245,3.6374355772695726,0.23100580894306652,0.5617715004562075,-1.0153057807451127,-1.0204951651818233,4.719705504751137,2022-04-28,8.0,0,True,False
2022-03-11,2022Q2,-2,diag4,student_t_ar1,5.836628123826015,5.672647507062935,0.696114623758649,0.5615042095612195,0.6276599617172085,0.625698380341202,5.208968162108807,2022-07-28,8.0,0,True,False
2022-03-18,2022Q1,11,diag4,student_t_ar1,3.358218805420554,3.3030620978019116,0.1545911366112487,0.4352006354513703,-1.0153057807451127,-1.0204951651818233,4.373524586165667,2022-04-28,12.0,0,True,False
2022-03-18,2022Q2,-1,diag4,student_t_ar1,5.564084740031761,5.414802080620625,0.6371889762903885,0.5296216378272297,0.6276599617172085,0.625698380341202,4.936424778314552,2022-07-28,12.0,0,True,False
2022-03-25,2022Q1,12,diag4,student_t_ar1,3.3772851040770213,3.3215072108569594,0.158806414905654,0.43483398884803115,-1.0153057807451127,-1.0204951651818233,4.392590884822134,2022-04-28,0.0,0,True,False
2022-03-25,2022Q2,0,diag4,student_t_ar1,5.656748876909412,5.502543560696915,0.6572406157344399,0.5271168556384361,0.6276599617172085,0.625698380341202,5.029088915192204,2022-07-28,0.0,0,True,False
2022-04-01,2022Q1,13,diag4,student_t_ar1,3.397289769811751,3.340856461904242,0.1632283166695084,0.43415696855587643,-1.0153057807451127,-1.0204951651818233,4.412595550556864,2022-04-28,11.0,26,True,True
2022-04-01,2022Q2,1,diag4,student_t_ar1,5.790526742713942,5.6290790133406805,0.6861578766593357,0.5214787842330406,0.6276599617172085,0.625698380341202,5.162866780996733,2022-07-28,11.0,0,True,False
2022-04-01,2022Q3,-12,diag4,student_t_ar1,4.301818318170625,4.211860940618042,0.36227975444030175,0.5503258172122872,2.9190173117406015,2.877225330117275,1.3828010064300233,2022-10-28,11.0,0,True,False
2022-04-08,2022Q1,14,diag4,student_t_ar1,3.3439429992974556,3.2892491739106964,0.15143445667726596,0.4341645254792058,-1.0153057807451127,-1.0204951651818233,4.359248780042568,2022-04-28,9.0,0,True,False
2022-04-08,2022Q2,2,diag4,student_t_ar1,5.510249750928287,5.363791624611686,0.6255315108489745,0.5185914442141778,0.6276599617172085,0.625698380341202,4.882589789211078,2022-07-28,9.0,0,True,False
2022-04-08,2022Q3,-11,diag4,student_t_ar1,4.207478189993585,4.121370841428769,0.34159997059551056,0.5497911957387295,2.9190173117406015,2.877225330117275,1.2884608782529838,2022-10-28,9.0,0,True,False
2022-04-15,2022Q1,15,diag4,student_t_ar1,3.711407258433952,3.6441925689690593,0.23254999034012913,0.44776396670836877,-1.0153057807451127,-1.0204951651818233,4.726713039179065,2022-04-28,6.0,0,True,False
2022-04-15,2022Q2,3,diag4,student_t_ar1,6.56280887950238,6.356438006151916,0.8523818821987673,0.5599633097210744,0.6276599617172085,0.625698380341202,5.935148917785171,2022-07-28,6.0,0,True,False
2022-04-15,2022Q3,-10,diag4,student_t_ar1,4.309769289355603,4.219483691856367,0.36402178864430307,0.5501033782590277,2.9190173117406015,2.877225330117275,1.3907519776150012,2022-10-28,6.0,0,True,False
2022-04-22,2022Q1,16,diag4,student_t_ar1,3.4203916089148967,3.363196756065962,0.16833376420943322,0.430380507328096,-1.0153057807451127,-1.0204951651818233,4.435697389660009,2022-04-28,6.0,0,True,False
2022-04-22,2022Q2,4,diag4,student_t_ar1,6.000504990548583,5.827367217440683,0.7314728584805292,0.49976669380120997,0.6276599617172085,0.625698380341202,5.3728450288313745,2022-07-28,6.0,0,True,False
2022-04-22,2022Q3,-9,diag4,student_t_ar1,4.3336599316554425,4.242384621440837,0.3692553587021836,0.548276836126142,2.9190173117406015,2.877225330117275,1.414642619914841,2022-10-28,6.0,0,True,False
2022-04-29,2022Q2,5,diag4,student_t_ar1,5.996499090859886,5.82358801338397,0.7369751774087867,0.502891073750423,0.6276599617172085,0.625698380341202,5.368839129142677,2022-07-28,6.0,0,True,False
2022-04-29,2022Q3,-8,diag4,student_t_ar1,4.0392037468009345,3.9597601225903505,0.310586148262942,0.5480416681911642,2.9190173117406015,2.877225330117275,1.120186435060333,2022-10-28,6.0,0,True,False
2022-05-06,2022Q2,6,diag4,student_t_ar1,5.245000788773724,5.11207870023574,0.5742027633033612,0.4998040082116807,0.6276599617172085,0.625698380341202,4.617340827056515,2022-07-28,14.0,10,True,True
2022-05-06,2022Q3,-7,diag4,student_t_ar1,3.352330020658778,3.297364483629045,0.15904949898204201,0.5474001431926323,2.9190173117406015,2.877225330117275,0.4333127089181765,2022-10-28,14.0,0,True,False
2022-05-13,2022Q2,7,diag4,student_t_ar1,5.211793972126144,5.080521803286074,0.5669834729817135,0.5042417977165443,0.6276599617172085,0.625698380341202,4.584134010408936,2022-07-28,6.0,0,True,False
2022-05-13,2022Q3,-6,diag4,student_t_ar1,3.3306919885988107,3.276426109563605,0.15425941453607206,0.5474052387159783,2.9190173117406015,2.877225330117275,0.41167467685820913,2022-10-28,6.0,0,True,False
2022-05-20,2022Q2,8,diag4,student_t_ar1,4.470404428343122,4.373363409287794,0.4052064212707469,0.4709715534111956,0.6276599617172085,0.625698380341202,3.8427444666259136,2022-07-28,9.0,0,True,False
2022-05-20,2022Q3,-5,diag4,student_t_ar1,2.7738213983988125,2.736047894511653,0.030636764813056678,0.5492357152069942,2.9190173117406015,2.877225330117275,-0.14519591334178905,2022-10-28,9.0,0,True,False
2022-05-27,2022Q2,9,diag4,student_t_ar1,4.4753601894955475,4.378106995416394,0.40629161432641137,0.4709754978023763,0.6276599617172085,0.625698380341202,3.847700227778339,2022-07-28,4.0,0,True,False
2022-05-27,2022Q3,-4,diag4,student_t_ar1,2.7735573924257295,2.7357910136167036,0.03057799801600174,0.5492371172954373,2.9190173117406015,2.877225330117275,-0.145459919314872,2022-10-28,4.0,0,True,False
2022-06-03,2022Q2,10,diag4,student_t_ar1,4.72020529430639,4.612189602326619,0.4598428332953904,0.4603104773072739,0.6276599617172085,0.625698380341202,4.092545332589181,2022-07-28,9.0,9,True,True
2022-06-03,2022Q3,-3,diag4,student_t_ar1,3.224655650984398,3.173754987134811,0.13077128002002134,0.540758211703415,2.9190173117406015,2.877225330117275,0.3056383392437967,2022-10-28,9.0,0,True,False
2022-06-10,2022Q2,11,diag4,student_t_ar1,4.759168388877244,4.649389536940815,0.4683530847423101,0.45640609721332315,0.6276599617172085,0.625698380341202,4.1315084271600355,2022-07-28,7.0,0,True,False
2022-06-10,2022Q3,-2,diag4,student_t_ar1,3.269284606390843,3.2169804261435173,0.1406599897363875,0.5379987263558855,2.9190173117406015,2.877225330117275,0.35026729465024165,2022-10-28,7.0,0,True,False
2022-06-17,2022Q2,12,diag4,student_t_ar1,4.3218174487613,4.231033390161846,0.3726454970710444,0.444581079369501,0.6276599617172085,0.625698380341202,3.694157487044092,2022-07-28,10.0,0,True,False
2022-06-17,2022Q3,-1,diag4,student_t_ar1,2.9835651654089634,2.939922800937006,0.07727734994824928,0.5334211025208629,2.9190173117406015,2.877225330117275,0.06454785366836191,2022-10-28,10.0,0,True,False
2022-06-24,2022Q2,13,diag4,student_t_ar1,4.287984831316627,4.198597121710884,0.3652250324014066,0.4448693134493574,0.6276599617172085,0.625698380341202,3.6603248695994184,2022-07-28,2.0,0,True,False
2022-06-24,2022Q3,0,diag4,student_t_ar1,2.834004684320224,2.7945897202649093,0.04402941354991372,0.5340580122629479,2.9190173117406015,2.877225330117275,-0.08501262742037774,2022-10-28,2.0,0,True,False
2022-07-01,2022Q2,14,diag4,student_t_ar1,4.21617543039281,4.129716574029853,0.34946718802220106,0.4454068604816441,0.6276599617172085,0.625698380341202,3.5885154686756016,2022-07-28,11.0,4,True,True
2022-07-01,2022Q3,1,diag4,student_t_ar1,2.5164534937474947,2.4853121598331,-0.026724200225531475,0.5318847318580552,2.9190173117406015,2.877225330117275,-0.4025638179931068,2022-10-28,11.0,0,True,False
2022-07-01,2022Q4,-13,diag4,student_t_ar1,2.9092565608408005,2.8677409665519824,0.060764268221431994,0.554134549291043,2.7896792303830242,2.7514765401293477,0.1195773304577763,2023-01-28,11.0,0,True,False
2022-07-08,2022Q2,15,diag4,student_t_ar1,4.376229764840089,4.283177929162759,0.38457463466453196,0.44901468021622337,0.6276599617172085,0.625698380341202,3.748569803122881,2022-07-28,9.0,0,True,False
2022-07-08,2022Q3,2,diag4,student_t_ar1,3.1512083885305797,3.1025768327546297,0.11448781077242054,0.539793796457052,2.9190173117406015,2.877225330117275,0.2321910767899782,2022-10-28,9.0,0,True,False
2022-07-08,2022Q4,-12,diag4,student_t_ar1,3.12248957209067,3.074731482708168,0.10811761327125459,0.5536623610520225,2.7896792303830242,2.7514765401293477,0.33281034170764556,2023-01-28,9.0,0,True,False
2022-07-15,2022Q2,16,diag4,student_t_ar1,4.43970992809104,4.343978043655763,0.39848391347653095,0.44709325173348424,0.6276599617172085,0.625698380341202,3.8120499663738316,2022-07-28,6.0,0,True,False
2022-07-15,2022Q3,3,diag4,student_t_ar1,3.295773559721349,3.2426275067397157,0.1465272878114163,0.5336688701259451,2.9190173117406015,2.877225330117275,0.37675624798074736,2022-10-28,6.0,0,True,False
2022-07-15,2022Q4,-11,diag4,student_t_ar1,3.1275938489713218,3.079681082530889,0.10924993620380384,0.5536158811068337,2.7896792303830242,2.7514765401293477,0.3379146185882975,2023-01-28,6.0,0,True,False
2022-07-22,2022Q2,17,diag4,student_t_ar1,3.9673038811919525,3.890627796594913,0.2947707044071055,0.44031451990242626,0.6276599617172085,0.625698380341202,3.339643919474744,2022-07-28,6.0,0,True,False
2022-07-22,2022Q3,4,diag4,student_t_ar1,2.1916573882098778,2.1679858197232718,-0.0993191381756342,0.5076231869305033,2.9190173117406015,2.877225330117275,-0.7273599235307238,2022-10-28,6.0,0,True,False
2022-07-22,2022Q4,-10,diag4,student_t_ar1,2.8479316878894823,2.8081319922176173,0.04712748726093941,0.5522108098458856,2.7896792303830242,2.7514765401293477,0.05825245750645802,2023-01-28,6.0,0,True,False
2022-07-29,2022Q3,5,diag4,student_t_ar1,2.195920869883561,2.1721577774426613,-0.09560640656625516,0.5094600889111985,2.9190173117406015,2.877225330117275,-0.7230964418570407,2022-10-28,6.0,0,True,False
2022-07-29,2022Q4,-9,diag4,student_t_ar1,2.623818128026767,2.58998653043182,0.00023718147583658055,0.5517925883181888,2.7896792303830242,2.7514765401293477,-0.16586110235625728,2023-01-28,6.0,0,True,False
2022-08-05,2022Q3,6,diag4,student_t_ar1,3.2975072295461594,3.2443058476985462,0.15032812338313525,0.5361754214545678,2.9190173117406015,2.877225330117275,0.37848991780555785,2022-10-28,14.0,11,True,True
2022-08-05,2022Q4,-8,diag4,student_t_ar1,3.232919278072055,3.18176014470281,0.13598108635219663,0.551776966582875,2.7896792303830242,2.7514765401293477,0.4432400476890308,2023-01-28,14.0,0,True,False
2022-08-12,2022Q3,7,diag4,student_t_ar1,3.297741804845278,3.244532934526741,0.15038021366235985,0.536192258176693,2.9190173117406015,2.877225330117275,0.37872449310467626,2022-10-28,4.0,0,True,False
2022-08-12,2022Q4,-7,diag4,student_t_ar1,3.233029584337621,3.181866996477799,0.13600559653114036,0.5517771702558228,2.7896792303830242,2.7514765401293477,0.4433503539545969,2023-01-28,4.0,0,True,False
2022-08-19,2022Q3,8,diag4,student_t_ar1,2.362414689582115,2.334941519311275,-0.0582662814935069,0.4685513471644109,2.9190173117406015,2.877225330117275,-0.5566026221584863,2022-10-28,11.0,0,True,False
2022-08-19,2022Q4,-6,diag4,student_t_ar1,2.9673015050426077,2.924129072400588,0.07688442011291263,0.5520528851874509,2.7896792303830242,2.7514765401293477,0.17762227465958347,2023-01-28,11.0,0,True,False
2022-08-26,2022Q3,9,diag4,student_t_ar1,2.4270082302285667,2.3980244089132396,-0.0437960219906327,0.4663765024526288,2.9190173117406015,2.877225330117275,-0.4920090815120348,2022-10-28,4.0,0,True,False
2022-08-26,2022Q4,-5,diag4,student_t_ar1,3.088926014089033,3.0421789121313876,0.10396326551704238,0.5498418574205856,2.7896792303830242,2.7514765401293477,0.29924678370600866,2023-01-28,4.0,0,True,False
2022-09-02,2022Q3,10,diag4,student_t_ar1,2.4392891670124373,2.410013630131781,-0.041045876216329755,0.46280936451906546,2.9190173117406015,2.877225330117275,-0.4797281447281643,2022-10-28,8.0,23,True,True
2022-09-02,2022Q4,-4,diag4,student_t_ar1,3.131418582016665,3.0833897525188934,0.11341640817587458,0.5446252522926515,2.7896792303830242,2.7514765401293477,0.3417393516336409,2023-01-28,8.0,0,True,False
2022-09-09,2022Q3,11,diag4,student_t_ar1,2.281597638677768,2.255958455808705,-0.07638380008572088,0.46209488651681874,2.9190173117406015,2.877225330117275,-0.6374196730628334,2022-10-28,8.0,0,True,False
2022-09-09,2022Q4,-3,diag4,student_t_ar1,2.918890751455261,2.8771023592937532,0.0660972043319488,0.5426492216948506,2.7896792303830242,2.7514765401293477,0.12921152107223666,2023-01-28,8.0,0,True,False
2022-09-16,2022Q3,12,diag4,student_t_ar1,2.270362560686179,2.2449733955903466,-0.07890360653430499,0.46002124465579464,2.9190173117406015,2.877225330117275,-0.6486547510544227,2022-10-28,8.0,0,True,False
2022-09-16,2022Q4,-2,diag4,student_t_ar1,2.934414517020767,2.89218471667896,0.06955686869824688,0.5404250426435112,2.7896792303830242,2.7514765401293477,0.1447352866377427,2023-01-28,8.0,0,True,False
2022-09-23,2022Q3,13,diag4,student_t_ar1,1.9261744204781772,1.9078585049451964,-0.15623265694239633,0.44722760508155995,2.9190173117406015,2.877225330117275,-0.9928428912624243,2022-10-28,4.0,0,True,False
2022-09-23,2022Q4,-1,diag4,student_t_ar1,2.547202057739506,2.5153014469544748,-0.016894445590234737,0.5368153752920413,2.7896792303830242,2.7514765401293477,-0.2424771726435182,2023-01-28,4.0,0,True,False
2022-09-30,2022Q3,14,diag4,student_t_ar1,1.9572897467341699,1.9383811631947485,-0.1492312213966345,0.44723233808731944,2.9190173117406015,2.877225330117275,-0.9617275650064316,2022-10-28,8.0,0,True,False
2022-09-30,2022Q4,0,diag4,student_t_ar1,2.5993902372843714,2.566180362452737,-0.005223592921150137,0.536795882412148,2.7896792303830242,2.7514765401293477,-0.19028899309865288,2023-01-28,8.0,0,True,False
2022-10-07,2022Q3,15,diag4,student_t_ar1,1.8894078709103868,1.8717802526808311,-0.1645084616173183,0.4463771288535839,2.9190173117406015,2.877225330117275,-1.0296094408302148,2022-10-28,12.0,20,True,True
2022-10-07,2022Q4,1,diag4,student_t_ar1,2.309486694559104,2.283221673211343,-0.07013003090696798,0.5280706415409027,2.7896792303830242,2.7514765401293477,-0.4801925358239201,2023-01-28,12.0,0,True,False
2022-10-07,2023Q1,-12,diag4,student_t_ar1,2.3860953577543365,2.3580729875425614,-0.05296027300053549,0.5570669506436755,2.9269931752128775,2.884974679698935,-0.540897817458541,2023-04-28,12.0,0,True,False
2022-10-14,2022Q3,16,diag4,student_t_ar1,1.8506207673244957,1.8337051583424837,-0.1732423116224256,0.44578680635379136,2.9190173117406015,2.877225330117275,-1.0683965444161059,2022-10-28,6.0,0,True,False
2022-10-14,2022Q4,2,diag4,student_t_ar1,2.2198694752255443,2.1955890450674684,-0.09023162863278376,0.5261018265470276,2.7896792303830242,2.7514765401293477,-0.5698097551574799,2023-01-28,6.0,0,True,False
2022-10-14,2023Q1,-11,diag4,student_t_ar1,2.388856419584817,2.3607696668059934,-0.052341695617918814,0.5570461015650447,2.9269931752128775,2.884974679698935,-0.5381367556280603,2023-04-28,6.0,0,True,False
2022-10-21,2022Q3,17,diag4,student_t_ar1,2.0073196968864337,1.9874386455610311,-0.13797817790295672,0.44251923294918355,2.9190173117406015,2.877225330117275,-0.9116976148541678,2022-10-28,6.0,0,True,False
2022-10-21,2022Q4,3,diag4,student_t_ar1,2.2896017161922355,2.2637836800277578,-0.07458881216059048,0.5168517194298197,2.7896792303830242,2.7514765401293477,-0.5000775141907887,2023-01-28,6.0,0,True,False
2022-10-21,2023Q1,-10,diag4,student_t_ar1,2.1074403185871837,2.085540938332892,-0.11547499767147354,0.5560602885688033,2.9269931752128775,2.884974679698935,-0.8195528566256938,2023-04-28,6.0,0,True,False
2022-10-28,2022Q4,4,diag4,student_t_ar1,2.325958780802173,2.2993206303009983,-0.0670981503746044,0.515840333483138,2.7896792303830242,2.7514765401293477,-0.4637204495808511,2023-01-28,6.0,0,True,False
2022-10-28,2023Q1,-9,diag4,student_t_ar1,2.1575107712486608,2.1345659457041215,-0.10501643466006887,0.5555150446918299,2.9269931752128775,2.884974679698935,-0.7694824039642167,2023-04-28,6.0,0,True,False
2022-11-04,2022Q4,5,diag4,student_t_ar1,2.379340937572305,2.351475760679769,-0.05509464913585907,0.5046203010311018,2.7896792303830242,2.7514765401293477,-0.4103382928107191,2023-01-28,13.0,9,True,True
2022-11-04,2023Q1,-8,diag4,student_t_ar1,2.174434016698301,2.1511304094798827,-0.1012041239629714,0.5521781862388468,2.9269931752128775,2.884974679698935,-0.7525591585145763,2023-04-28,13.0,0,True,False
2022-11-11,2022Q4,6,diag4,student_t_ar1,2.9015875257389245,2.860288458265109,0.06200857352698662,0.5216954590995625,2.7896792303830242,2.7514765401293477,0.1119082953559003,2023-01-28,5.0,0,True,False
2022-11-11,2023Q1,-7,diag4,student_t_ar1,2.416382876980494,2.3876502853448143,-0.04676908368382386,0.5514815873343302,2.9269931752128775,2.884974679698935,-0.5106102982323835,2023-04-28,5.0,0,True,False
2022-11-18,2022Q4,7,diag4,student_t_ar1,2.5186575077303264,2.4874620491590176,-0.023797410103791744,0.46420673504636234,2.7896792303830242,2.7514765401293477,-0.27102172265269786,2023-01-28,11.0,0,True,False
2022-11-18,2023Q1,-6,diag4,student_t_ar1,2.3173925331174905,2.290948750506519,-0.06902493818538827,0.5503584783346714,2.9269931752128775,2.884974679698935,-0.609600642095387,2023-04-28,11.0,0,True,False
2022-11-25,2022Q4,8,diag4,student_t_ar1,2.4271639787436072,2.3981764668512104,-0.0443464834173942,0.4650898774282245,2.7896792303830242,2.7514765401293477,-0.362515251639417,2023-01-28,0.0,0,True,False
2022-11-25,2023Q1,-5,diag4,student_t_ar1,2.147481071216295,2.1247475854673277,-0.1072761298886858,0.5499495413622519,2.9269931752128775,2.884974679698935,-0.7795121039965824,2023-04-28,0.0,0,True,False
2022-12-02,2022Q4,9,diag4,student_t_ar1,2.381725824990677,2.3538051951334844,-0.05455852988646443,0.4632543186708244,2.7896792303830242,2.7514765401293477,-0.40795340539234726,2023-01-28,11.0,15,True,True
2022-12-02,2023Q1,-4,diag4,student_t_ar1,2.023881900722402,2.003673617215038,-0.1351412989974897,0.5453062938796229,2.9269931752128775,2.884974679698935,-0.9031112744904757,2023-04-28,11.0,0,True,False
2022-12-09,2022Q4,10,diag4,student_t_ar1,2.401114015445427,2.3727405615223884,-0.050200556044684555,0.45747307881436616,2.7896792303830242,2.7514765401293477,-0.3885652149375973,2023-01-28,9.0,0,True,False
2022-12-09,2023Q1,-3,diag4,student_t_ar1,2.0672448080498285,2.0461672901926073,-0.12536138180582043,0.5420670012758118,2.9269931752128775,2.884974679698935,-0.859748367163049,2023-04-28,9.0,0,True,False
2022-12-16,2022Q4,11,diag4,student_t_ar1,2.1570085747327106,2.1340743540957003,-0.10512957444972686,0.45660614943710326,2.7896792303830242,2.7514765401293477,-0.6326706556503137,2023-01-28,8.0,0,True,False
2022-12-16,2023Q1,-2,diag4,student_t_ar1,1.9230607561698143,1.9048036351970548,-0.15789622153356006,0.5418390107913387,2.9269931752128775,2.884974679698935,-1.0039324190430632,2023-04-28,8.0,0,True,False
2022-12-23,2022Q4,12,diag4,student_t_ar1,1.9670060636338027,1.9479105004111745,-0.1479751781723738,0.4438357061056645,2.7896792303830242,2.7514765401293477,-0.8226731667492215,2023-01-28,4.0,0,True,False
2022-12-23,2023Q1,-1,diag4,student_t_ar1,1.6496474420985896,1.6361885729030496,-0.21971796772756733,0.5360966279845724,2.9269931752128775,2.884974679698935,-1.277345733114288,2023-04-28,4.0,0,True,False
2022-12-30,2022Q4,13,diag4,student_t_ar1,1.9704021788991222,1.9512410470675288,-0.14720865298827568,0.4438153748683111,2.7896792303830242,2.7514765401293477,-0.8192770514839021,2023-01-28,8.0,0,True,False
2022-12-30,2023Q1,0,diag4,student_t_ar1,1.6588125252692931,1.645204511716809,-0.21764294975841536,0.5360779476810641,2.9269931752128775,2.884974679698935,-1.2681806499435844,2023-04-28,8.0,0,True,False
2023-01-06,2022Q4,14,diag4,student_t_ar1,1.9169605211451612,1.8988183188806214,-0.15927374185221,0.44205456548781297,2.7896792303830242,2.7514765401293477,-0.872718709237863,2023-01-28,10.0,23,True,True
2023-01-06,2023Q1,1,diag4,student_t_ar1,1.523986057065163,1.5124900408716775,-0.24818718008858032,0.5247284252969349,2.9269931752128775,2.884974679698935,-1.4030071181477144,2023-04-28,10.0,0,True,False
2023-01-06,2023Q2,-12,diag4,student_t_ar1,1.587515456068811,1.575046223660042,-0.23378987704019313,0.5569546960032368,2.5352403907615395,2.503636219206331,-0.9477249346927286,2023-07-28,10.0,0,True,False
2023-01-13,2022Q4,15,diag4,student_t_ar1,1.9172273572836795,1.8990801357439149,-0.1592134847112529,0.44180544593108,2.7896792303830242,2.7514765401293477,-0.8724518730993447,2023-01-28,6.0,0,True,False
2023-01-13,2023Q1,2,diag4,student_t_ar1,1.5287123996073904,1.5171453274834819,-0.24711576605499078,0.5238989390138097,2.9269931752128775,2.884974679698935,-1.3982807756054871,2023-04-28,6.0,0,True,False
2023-01-13,2023Q2,-11,diag4,student_t_ar1,1.589290891201256,1.576793898667264,-0.23338764970490009,0.5569379503321017,2.5352403907615395,2.503636219206331,-0.9459494995602835,2023-07-28,6.0,0,True,False
2023-01-20,2022Q4,16,diag4,student_t_ar1,1.1688710010653525,1.1620924743356187,-0.32883116646965765,0.4391299684099533,2.7896792303830242,2.7514765401293477,-1.6208082293176718,2023-01-28,8.0,0,True,False
2023-01-20,2023Q1,3,diag4,student_t_ar1,-0.344287884954142,-0.3448819195440973,-0.6756612649148814,0.5141040731453613,2.9269931752128775,2.884974679698935,-3.2712810601670195,2023-04-28,8.0,0,True,False
2023-01-20,2023Q2,-10,diag4,student_t_ar1,1.2112293057313428,1.2039526228584254,-0.31919705490674044,0.5558626582358488,2.5352403907615395,2.503636219206331,-1.3240110850301967,2023-07-28,8.0,0,True,False
2023-01-27,2022Q4,17,diag4,student_t_ar1,1.201400071856673,1.1942405471716144,-0.32143228875029106,0.4391114536696728,2.7896792303830242,2.7514765401293477,-1.5882791585263512,2023-01-28,4.0,0,True,False
2023-01-27,2023Q1,4,diag4,student_t_ar1,-0.33328492797928266,-0.33384155931839077,-0.6731203264360965,0.514109660541797,2.9269931752128775,2.884974679698935,-3.26027810319216,2023-04-28,4.0,0,True,False
2023-01-27,2023Q2,-9,diag4,student_t_ar1,1.2123509153698642,1.2050608036714547,-0.31894200713549825,0.5558625902194629,2.5352403907615395,2.503636219206331,-1.3228894753916753,2023-07-28,4.0,0,True,False
2023-02-03,2023Q1,5,diag4,student_t_ar1,-0.0769819684302453,-0.07701161476342477,-0.61629544269697,0.5021443425551056,2.9269931752128775,2.884974679698935,-3.003975143643123,2023-04-28,12.0,13,False,True
2023-02-03,2023Q2,-8,diag4,student_t_ar1,1.4310798062726615,1.420936517054138,-0.2703970365091854,0.5549985904820214,2.5352403907615395,2.503636219206331,-1.104160584488878,2023-07-28,12.0,0,True,False
2023-02-10,2023Q1,6,diag4,student_t_ar1,0.5272239958371117,0.5258390358895624,-0.47708830007239894,0.5294393920598719,2.9269931752128775,2.884974679698935,-2.399769179375766,2023-04-28,7.0,0,True,False
2023-02-10,2023Q2,-7,diag4,student_t_ar1,1.6999174985688592,1.685630584258222,-0.209275256636766,0.5545345822774953,2.5352403907615395,2.503636219206331,-0.8353228921926803,2023-07-28,7.0,0,True,False
2023-02-17,2023Q1,7,diag4,student_t_ar1,1.873284032982614,1.8559541583052719,-0.16994502113148416,0.46588572973190717,2.9269931752128775,2.884974679698935,-1.0537091422302636,2023-04-28,10.0,0,True,False
2023-02-17,2023Q2,-6,diag4,student_t_ar1,1.5548685939688278,1.5429043714968784,-0.24223285274222317,0.5527197903731403,2.5352403907615395,2.503636219206331,-0.9803717967927117,2023-07-28,10.0,0,True,False
2023-02-24,2023Q1,8,diag4,student_t_ar1,1.900871663100978,1.8830308307053478,-0.1636926165060377,0.46582312837727424,2.9269931752128775,2.884974679698935,-1.0261215121118994,2023-04-28,2.0,0,True,False
2023-02-24,2023Q2,-5,diag4,student_t_ar1,1.5536464852592413,1.54170096679559,-0.24251073670851875,0.5527021018957342,2.5352403907615395,2.503636219206331,-0.9815939055022982,2023-07-28,2.0,0,True,False
2023-03-03,2023Q1,9,diag4,student_t_ar1,1.9911098853663711,1.9715465511097585,-0.14325302586861088,0.46127612658296474,2.9269931752128775,2.884974679698935,-0.9358832898465064,2023-04-28,12.0,6,True,True
2023-03-03,2023Q2,-4,diag4,student_t_ar1,1.6549431395833203,1.641398192096387,-0.21948917100781123,0.5466215577207968,2.5352403907615395,2.503636219206331,-0.8802972511782192,2023-07-28,12.0,0,True,False
2023-03-10,2023Q1,10,diag4,student_t_ar1,2.0766312339114856,2.0553631828642422,-0.12389852438749062,0.45814004307583517,2.9269931752128775,2.884974679698935,-0.8503619413013919,2023-04-28,8.0,0,True,False
2023-03-10,2023Q2,-3,diag4,student_t_ar1,1.7597858019941848,1.7444808668272014,-0.19568585489986398,0.5444639262818761,2.5352403907615395,2.503636219206331,-0.7754545887673547,2023-07-28,8.0,0,True,False
2023-03-17,2023Q1,11,diag4,student_t_ar1,2.286874707965536,2.2611176763165446,-0.07638676490836177,0.445335789999757,2.9269931752128775,2.884974679698935,-0.6401184672473414,2023-04-28,10.0,0,True,False
2023-03-17,2023Q2,-2,diag4,student_t_ar1,1.79154100461818,1.7756820418623263,-0.18848104153777473,0.5396335766035153,2.5352403907615395,2.503636219206331,-0.7436993861433594,2023-07-28,10.0,0,True,False
2023-03-24,2023Q1,12,diag4,student_t_ar1,2.2373827779984756,2.212720550673413,-0.08756237791421187,0.4458045725602031,2.9269931752128775,2.884974679698935,-0.6896103972144019,2023-04-28,2.0,0,True,False
2023-03-24,2023Q2,-1,diag4,student_t_ar1,1.5700381285773224,1.5578405355364942,-0.2387838712814341,0.5408788126453719,2.5352403907615395,2.503636219206331,-0.9652022621842171,2023-07-28,2.0,0,True,False
2023-03-31,2023Q1,13,diag4,student_t_ar1,2.2047733976892747,2.1808197126116884,-0.09492875383018996,0.44582444210367134,2.9269931752128775,2.884974679698935,-0.7222197775236028,2023-04-28,8.0,0,True,False
2023-03-31,2023Q2,0,diag4,student_t_ar1,1.5678236620077612,1.5556602757364475,-0.23928732555591312,0.540870352065858,2.5352403907615395,2.503636219206331,-0.9674167287537783,2023-07-28,8.0,0,True,False
2023-04-07,2023Q1,14,diag4,student_t_ar1,2.063021318925351,2.0420292569599985,-0.12697752533587964,0.4455858339842011,2.9269931752128775,2.884974679698935,-0.8639718562875265,2023-04-28,12.0,15,True,True
2023-04-07,2023Q2,1,diag4,student_t_ar1,1.0515577063801462,1.0460672946883438,-0.35695989125092403,0.534317150886858,2.5352403907615395,2.503636219206331,-1.4836826843813933,2023-07-28,12.0,0,True,False
2023-04-07,2023Q3,-12,diag4,student_t_ar1,1.007240169583734,1.0022013131296004,-0.3670891959876784,0.5598536131631117,4.694888429547928,4.5880109584365245,-3.6876482599641935,2023-10-28,12.0,0,True,False
2023-04-14,2023Q1,15,diag4,student_t_ar1,1.936415509445455,1.9179055557350546,-0.15563952604997777,0.44648472177728343,2.9269931752128775,2.884974679698935,-0.9905776657674226,2023-04-28,6.0,0,True,False
2023-04-14,2023Q2,2,diag4,student_t_ar1,0.7477184550134686,0.7449368974478612,-0.4264953593006704,0.5371588386171611,2.5352403907615395,2.503636219206331,-1.787521935748071,2023-07-28,6.0,0,True,False
2023-04-14,2023Q3,-11,diag4,student_t_ar1,1.0082171212416169,1.003168517987062,-0.36686585406311717,0.5598636589230663,4.694888429547928,4.5880109584365245,-3.6866713083063107,2023-10-28,6.0,0,True,False
2023-04-21,2023Q1,16,diag4,student_t_ar1,2.536256317201957,2.5046270213965354,-0.020156851090986454,0.4404701147717749,2.9269931752128775,2.884974679698935,-0.3907368580109205,2023-04-28,6.0,0,True,False
2023-04-21,2023Q2,3,diag4,student_t_ar1,2.0036060791018384,1.9837980387936605,-0.14042397593471964,0.5111454308945214,2.5352403907615395,2.503636219206331,-0.5316343116597011,2023-07-28,6.0,0,True,False
2023-04-21,2023Q3,-10,diag4,student_t_ar1,1.0657058511541972,1.0600672317032476,-0.35372709847437517,0.5583742898931718,4.694888429547928,4.5880109584365245,-3.6291825783937304,2023-10-28,6.0,0,True,False
2023-04-28,2023Q2,4,diag4,student_t_ar1,2.0249821474396468,2.0047520321548915,-0.1364753066669707,0.5099814452533403,2.5352403907615395,2.503636219206331,-0.5102582433218927,2023-07-28,6.0,0,True,False
2023-04-28,2023Q3,-9,diag4,student_t_ar1,1.0914583011676804,1.085544884459975,-0.34943232426926096,0.5578586709970321,4.694888429547928,4.5880109584365245,-3.6034301283802472,2023-10-28,6.0,0,True,False
2023-05-05,2023Q2,5,diag4,student_t_ar1,2.6832216425381805,2.647854508300979,0.012515250767394966,0.5115544212193724,2.5352403907615395,2.503636219206331,0.147981251776641,2023-07-28,14.0,11,False,True
2023-05-05,2023Q3,-8,diag4,student_t_ar1,1.4649990734786122,1.4543716309402523,-0.26398450748567714,0.5545809056349078,4.694888429547928,4.5880109584365245,-3.2298893560693154,2023-10-28,14.0,0,True,False
2023-05-12,2023Q2,6,diag4,student_t_ar1,2.683535235002421,2.6481599057947163,0.012586003632636091,0.5115741472381097,2.5352403907615395,2.503636219206331,0.14829484424088157,2023-07-28,4.0,0,True,False
2023-05-12,2023Q3,-7,diag4,student_t_ar1,1.465165794833534,1.4545359449593358,-0.2639464400886361,0.5545809893830885,4.694888429547928,4.5880109584365245,-3.2297226347143937,2023-10-28,4.0,0,True,False
2023-05-19,2023Q2,7,diag4,student_t_ar1,3.1232472950441625,3.0754662595476883,0.11158206445084924,0.46662432417961164,2.5352403907615395,2.503636219206331,0.588006904282623,2023-07-28,11.0,0,True,False
2023-05-19,2023Q3,-6,diag4,student_t_ar1,1.2847474788765467,1.2765646100621137,-0.3051778913381752,0.5547800212199921,4.694888429547928,4.5880109584365245,-3.410140950671381,2023-10-28,11.0,0,True,False
2023-05-26,2023Q2,8,diag4,student_t_ar1,3.2198554830268122,3.169104664457688,0.13327571151688314,0.4640851572288321,2.5352403907615395,2.503636219206331,0.6846150922652727,2023-07-28,4.0,0,True,False
2023-05-26,2023Q3,-5,diag4,student_t_ar1,1.4739814068478019,1.4632238813593474,-0.2619336652429395,0.5525394745056146,4.694888429547928,4.5880109584365245,-3.2209070227001257,2023-10-28,4.0,0,True,False
2023-06-02,2023Q2,9,diag4,student_t_ar1,3.1514881525331218,3.102848049764625,0.11792573181226296,0.4613534341149521,2.5352403907615395,2.503636219206331,0.6162477617715822,2023-07-28,8.0,3,True,True
2023-06-02,2023Q3,-4,diag4,student_t_ar1,1.316942085434314,1.3083457930305045,-0.2978149960889452,0.5480338489635586,4.694888429547928,4.5880109584365245,-3.3779463441136137,2023-10-28,8.0,0,True,False
2023-06-09,2023Q2,10,diag4,student_t_ar1,3.2791829043751664,3.226564905865102,0.14658779429552118,0.4604065607594381,2.5352403907615395,2.503636219206331,0.7439425136136268,2023-07-28,8.0,0,True,False
2023-06-09,2023Q3,-3,diag4,student_t_ar1,1.4790477430822957,1.4682165008405845,-0.26077700174503965,0.546220147564636,4.694888429547928,4.5880109584365245,-3.215840686465632,2023-10-28,8.0,0,True,False
2023-06-16,2023Q2,11,diag4,student_t_ar1,3.6934841338556623,3.6269093462807303,0.2393374625921242,0.4657672852783082,2.5352403907615395,2.503636219206331,1.1582437430941228,2023-07-28,8.0,0,True,False
2023-06-16,2023Q3,-2,diag4,student_t_ar1,1.858392533052844,1.8413354203580932,-0.17433479716613254,0.5481462158075793,4.694888429547928,4.5880109584365245,-2.8364958964950837,2023-10-28,8.0,0,True,False
2023-06-23,2023Q2,12,diag4,student_t_ar1,2.9251973135787424,2.8832298727771146,0.06704576193844862,0.44411215330458853,2.5352403907615395,2.503636219206331,0.38995692281720284,2023-07-28,4.0,0,True,False
2023-06-23,2023Q3,-1,diag4,student_t_ar1,1.2971165771062498,1.288776066702333,-0.30234880608443016,0.5391865364838505,4.694888429547928,4.5880109584365245,-3.397771852441678,2023-10-28,4.0,0,True,False
2023-06-30,2023Q2,13,diag4,student_t_ar1,2.9436930267981998,2.9011983120480034,0.07120859427465491,0.4440903080071633,2.5352403907615395,2.503636219206331,0.40845263603666027,2023-07-28,8.0,0,True,False
2023-06-30,2023Q3,0,diag4,student_t_ar1,1.3075201779914725,1.2990459213917196,-0.2999695408324735,0.5391758805380081,4.694888429547928,4.5880109584365245,-3.387368251556455,2023-10-28,8.0,0,True,False
2023-07-07,2023Q2,14,diag4,student_t_ar1,2.885242959280787,2.8444035093070243,0.05805067678308683,0.44250152197556275,2.5352403907615395,2.503636219206331,0.3500025685192476,2023-07-28,12.0,18,True,True
2023-07-07,2023Q3,1,diag4,student_t_ar1,1.069067538727242,1.0633934160276772,-0.35456425852878337,0.528287849885769,4.694888429547928,4.5880109584365245,-3.6258208908206857,2023-10-28,12.0,0,True,False
2023-07-07,2023Q4,-12,diag4,student_t_ar1,1.177300212018495,1.1704239499523656,-0.3297679943198509,0.5600092082648047,3.4192155752948095,3.3620596105877665,-2.2419153632763145,2024-01-28,12.0,0,True,False
2023-07-14,2023Q2,15,diag4,student_t_ar1,2.900552802275791,2.8592829065623975,0.06149785631293497,0.4419391029497497,2.5352403907615395,2.503636219206331,0.3653124115142514,2023-07-28,6.0,0,True,False
2023-07-14,2023Q3,2,diag4,student_t_ar1,1.1009576979499336,1.094941277239892,-0.34725541802168797,0.5263949015181532,4.694888429547928,4.5880109584365245,-3.593930731597994,2023-10-28,6.0,0,True,False
2023-07-14,2023Q4,-11,diag4,student_t_ar1,1.187109752717097,1.1801188767510047,-0.3275219253003833,0.5599820701397632,3.4192155752948095,3.3620596105877665,-2.2321058225777124,2024-01-28,6.0,0,True,False
2023-07-21,2023Q2,16,diag4,student_t_ar1,2.4446389668877133,2.4152359039579494,-0.04137658889456153,0.4392390664935236,2.5352403907615395,2.503636219206331,-0.09060142387382619,2023-07-28,6.0,0,True,False
2023-07-21,2023Q3,3,diag4,student_t_ar1,-0.13073013121612798,-0.13081565759946212,-0.6312322580661809,0.5153696848249686,4.694888429547928,4.5880109584365245,-4.825618560764056,2023-10-28,6.0,0,True,False
2023-07-21,2023Q4,-10,diag4,student_t_ar1,0.8586034041534019,0.8549383689280987,-0.40285801390894155,0.5586682442606281,3.4192155752948095,3.3620596105877665,-2.5606121711414076,2024-01-28,6.0,0,True,False
2023-07-28,2023Q3,4,diag4,student_t_ar1,-0.11167695466929306,-0.11173935984610495,-0.6287342326599222,0.5141577096603815,4.694888429547928,4.5880109584365245,-4.806565384217221,2023-10-28,6.0,0,True,False
2023-07-28,2023Q4,-9,diag4,student_t_ar1,0.867906775667926,0.8641621159832875,-0.4019003953563325,0.558154827670408,3.4192155752948095,3.3620596105877665,-2.5513087996268835,2024-01-28,6.0,0,True,False
2023-08-04,2023Q3,5,diag4,student_t_ar1,-0.010317107801061098,-0.010317640051234367,-0.6051602567445279,0.5037793560626042,4.694888429547928,4.5880109584365245,-4.705205537348989,2023-10-28,13.0,11,False,True
2023-08-04,2023Q4,-8,diag4,student_t_ar1,0.9475917342708362,0.9431302461142057,-0.38354542364460115,0.5564873439652976,3.4192155752948095,3.3620596105877665,-2.4716238410239733,2024-01-28,13.0,0,True,False
2023-08-11,2023Q3,6,diag4,student_t_ar1,0.08665247697448031,0.08661495538968556,-0.5826297112660781,0.49505231002298855,4.694888429547928,4.5880109584365245,-4.608235952573447,2023-10-28,5.0,0,True,False
2023-08-11,2023Q4,-7,diag4,student_t_ar1,0.9934495762067508,0.9885473068826076,-0.37298890085177366,0.5558928947145589,3.4192155752948095,3.3620596105877665,-2.4257659990880587,2024-01-28,5.0,0,True,False
2023-08-18,2023Q3,7,diag4,student_t_ar1,2.0438586300122408,2.0232521447193794,-0.13248709338844025,0.4652987542439471,4.694888429547928,4.5880109584365245,-2.651029799535687,2023-10-28,11.0,0,True,False
2023-08-18,2023Q4,-6,diag4,student_t_ar1,0.9077098811385076,0.9036149563674265,-0.3927301672149573,0.5551774741509738,3.4192155752948095,3.3620596105877665,-2.511505694156302,2024-01-28,11.0,0,True,False
2023-08-25,2023Q3,8,diag4,student_t_ar1,2.1749807899910323,2.1516655451378366,-0.10263930127052635,0.4642244947547552,4.694888429547928,4.5880109584365245,-2.5199076395568953,2023-10-28,0.0,0,True,False
2023-08-25,2023Q4,-5,diag4,student_t_ar1,1.14915813060954,1.1426054611388172,-0.3371803657041605,0.5542117270537263,3.4192155752948095,3.3620596105877665,-2.2700574446852695,2024-01-28,0.0,0,True,False
2023-09-01,2023Q3,9,diag4,student_t_ar1,2.3158740784929854,2.2894646764361974,-0.07060993508584727,0.4642724355198268,4.694888429547928,4.5880109584365245,-2.379014351054942,2023-10-28,11.0,9,True,True
2023-09-01,2023Q4,-4,diag4,student_t_ar1,1.4471136632369541,1.436742904841285,-0.2688124753974105,0.5498556983099354,3.4192155752948095,3.3620596105877665,-1.9721019120578553,2024-01-28,11.0,0,True,False
2023-09-08,2023Q3,10,diag4,student_t_ar1,2.4315419015094264,2.402450556885772,-0.04434804138216137,0.46132860247593394,4.694888429547928,4.5880109584365245,-2.2633465280385012,2023-10-28,9.0,0,True,False
2023-09-08,2023Q4,-3,diag4,student_t_ar1,1.6066516646708662,1.5938816153740882,-0.23228791059049633,0.5473638693792922,3.4192155752948095,3.3620596105877665,-1.8125639106239433,2024-01-28,9.0,0,True,False
2023-09-15,2023Q3,11,diag4,student_t_ar1,2.5500296499513464,2.5180587657037004,-0.017476626306496705,0.4640688477758647,4.694888429547928,4.5880109584365245,-2.144858779596581,2023-10-28,6.0,0,True,False
2023-09-15,2023Q4,-2,diag4,student_t_ar1,1.7027230082315548,1.6883891616846176,-0.21032103184841336,0.5480028767734811,3.4192155752948095,3.3620596105877665,-1.7164925670632547,2024-01-28,6.0,0,True,False
2023-09-22,2023Q3,12,diag4,student_t_ar1,2.3562742313817386,2.3289425963652635,-0.06143387757587851,0.4435900492730829,4.694888429547928,4.5880109584365245,-2.338614198166189,2023-10-28,6.0,0,True,False
2023-09-22,2023Q4,-1,diag4,student_t_ar1,1.443295431706737,1.4329790684453758,-0.2696873233957101,0.5409508876121611,3.4192155752948095,3.3620596105877665,-1.9759201435880724,2024-01-28,6.0,0,True,False
2023-09-29,2023Q3,13,diag4,student_t_ar1,2.3469655289108493,2.3198477696412696,-0.06354783528217403,0.4435795046658507,4.694888429547928,4.5880109584365245,-2.3479229006370783,2023-10-28,4.0,0,True,False
2023-09-29,2023Q4,0,diag4,student_t_ar1,1.4422241490012588,1.4319230219540293,-0.2699327857542945,0.5409504187053357,3.4192155752948095,3.3620596105877665,-1.9769914262935506,2024-01-28,4.0,0,True,False
2023-10-06,2023Q3,14,diag4,student_t_ar1,2.4302689663935118,2.401207831254732,-0.044636894540585774,0.44161695752839086,4.694888429547928,4.5880109584365245,-2.264619463154416,2023-10-28,13.0,8,True,True
2023-10-06,2023Q4,1,diag4,student_t_ar1,1.7920585715142323,1.776190498238108,-0.18991291219280385,0.527984645097725,3.4192155752948095,3.3620596105877665,-1.6271570037805771,2024-01-28,13.0,0,True,False
2023-10-06,2024Q1,-12,diag4,student_t_ar1,1.6999219829138879,1.6856349936471817,-0.21096119739789113,0.5609792181961837,0.8420915771010673,0.8385657658582282,0.8578304058128206,2024-04-28,13.0,0,True,False
2023-10-13,2023Q3,15,diag4,student_t_ar1,2.4291234757005897,2.4000895123148163,-0.04489683120709698,0.44133857674737553,4.694888429547928,4.5880109584365245,-2.265764953847338,2023-10-28,6.0,0,True,False
2023-10-13,2023Q4,2,diag4,student_t_ar1,1.792517996398657,1.776641833886593,-0.1898080059091334,0.527048293592076,3.4192155752948095,3.3620596105877665,-1.6266975788961524,2024-01-28,6.0,0,True,False
2023-10-13,2024Q1,-11,diag4,student_t_ar1,1.6969868452466397,1.6827488753827855,-0.21163203282240836,0.5609605616902261,0.8420915771010673,0.8385657658582282,0.8548952681455724,2024-04-28,6.0,0,True,False
2023-10-20,2023Q3,16,diag4,student_t_ar1,2.563220346350481,2.530920632421297,-0.014487075973087985,0.4386488750138005,4.694888429547928,4.5880109584365245,-2.1316680831974466,2023-10-28,9.0,0,True,False
2023-10-20,2023Q4,3,diag4,student_t_ar1,1.923888015125197,1.905615282327783,-0.1598300389270379,0.5135314815587195,3.4192155752948095,3.3620596105877665,-1.4953275601696125,2024-01-28,9.0,0,True,False
2023-10-20,2024Q1,-10,diag4,student_t_ar1,1.5581198985710198,1.546105845343136,-0.24339268040042467,0.5594239639354962,0.8420915771010673,0.8385657658582282,0.7160283214699525,2024-04-28,9.0,0,True,False
2023-10-27,2023Q3,17,diag4,student_t_ar1,2.5593719042110274,2.5271682986606048,-0.015359250354275685,0.43863556706872614,4.694888429547928,4.5880109584365245,-2.1355165253369,2023-10-28,4.0,0,True,False
2023-10-27,2023Q4,4,diag4,student_t_ar1,1.9225415413220315,1.9042942154774982,-0.16013710134102796,0.5135292088080557,3.4192155752948095,3.3620596105877665,-1.496674033972778,2024-01-28,4.0,0,True,False
2023-10-27,2024Q1,-9,diag4,student_t_ar1,1.5579595933529644,1.5459479994271956,-0.24342936934464934,0.5594238514036598,0.8420915771010673,0.8385657658582282,0.7158680162518971,2024-04-28,4.0,0,True,False
2023-11-03,2023Q4,5,diag4,student_t_ar1,1.6538228383246256,1.6402961232767583,-0.22506625074114164,0.5231569905979556,3.4192155752948095,3.3620596105877665,-1.7653927369701838,2024-01-28,12.0,11,False,True
2023-11-03,2024Q1,-8,diag4,student_t_ar1,1.323438287709755,1.3147573505549366,-0.3009268565745095,0.5579143242453553,0.8420915771010673,0.8385657658582282,0.4813467106086877,2024-04-28,12.0,0,True,False
2023-11-10,2023Q4,6,diag4,student_t_ar1,1.8177902581168137,1.8014659816073757,-0.18750868734304402,0.5105102647272277,3.4192155752948095,3.3620596105877665,-1.6014253171779957,2024-01-28,7.0,0,True,False
2023-11-10,2024Q1,-7,diag4,student_t_ar1,1.399961591654253,1.3902526388389544,-0.2833341186683423,0.5570490625758476,0.8420915771010673,0.8385657658582282,0.5578700145531856,2024-04-28,7.0,0,True,False
2023-11-17,2023Q4,7,diag4,student_t_ar1,0.9792663299420301,0.9745025917591932,-0.3802167424585123,0.4670094272160734,3.4192155752948095,3.3620596105877665,-2.4399492453527794,2024-01-28,10.0,0,True,False
2023-11-17,2024Q1,-6,diag4,student_t_ar1,1.315335472054846,1.3067600502269825,-0.30279047497804884,0.5557187138298636,0.8420915771010673,0.8385657658582282,0.4732438949537787,2024-04-28,10.0,0,True,False
2023-11-24,2023Q4,8,diag4,student_t_ar1,1.0754023842989735,1.0696610577556236,-0.3580418757896141,0.4662685922557442,3.4192155752948095,3.3620596105877665,-2.343813190995836,2024-01-28,2.0,0,True,False
2023-11-24,2024Q1,-5,diag4,student_t_ar1,1.4547240272885897,1.4442444278849658,-0.27075236137776665,0.5545648905266302,0.8420915771010673,0.8385657658582282,0.6126324501875224,2024-04-28,2.0,0,True,False
2023-12-01,2023Q4,9,diag4,student_t_ar1,1.00398340540655,0.9989769732935776,-0.3745134543522383,0.46294553879559547,3.4192155752948095,3.3620596105877665,-2.4152321698882595,2024-01-28,11.0,4,True,True
2023-12-01,2024Q1,-4,diag4,student_t_ar1,1.3279592354733083,1.3192191483214963,-0.2998871196520925,0.5501327399430829,0.8420915771010673,0.8385657658582282,0.485867658372241,2024-04-28,11.0,0,True,False
2023-12-08,2023Q4,10,diag4,student_t_ar1,1.0359506984528144,1.0306215028315815,-0.36713929992512123,0.45898054476053546,3.4192155752948095,3.3620596105877665,-2.383264876841995,2024-01-28,9.0,0,True,False
2023-12-08,2024Q1,-3,diag4,student_t_ar1,1.3663645799834478,1.3571139884401466,-0.29105644948237996,0.5477092556949547,0.8420915771010673,0.8385657658582282,0.5242730028823805,2024-04-28,9.0,0,True,False
2023-12-15,2023Q4,11,diag4,student_t_ar1,0.9789837710917126,0.9742227726874968,-0.3802819489594926,0.45757338585712076,3.4192155752948095,3.3620596105877665,-2.440231804203097,2024-01-28,6.0,0,True,False
2023-12-15,2024Q1,-2,diag4,student_t_ar1,1.3295051425084026,1.3207447837476316,-0.2995315993964259,0.5473552815507187,0.8420915771010673,0.8385657658582282,0.48741356540733527,2024-04-28,6.0,0,True,False
2023-12-22,2023Q4,12,diag4,student_t_ar1,1.7196221483636975,1.7050039934112213,-0.20998731501393136,0.44655158973104475,3.4192155752948095,3.3620596105877665,-1.699593426931112,2024-01-28,6.0,0,True,False
2023-12-22,2024Q1,-1,diag4,student_t_ar1,1.5655818197785276,1.5534530147258672,-0.24530338185778766,0.5423376802835971,0.8420915771010673,0.8385657658582282,0.7234902426774603,2024-04-28,6.0,0,True,False
2023-12-29,2023Q4,13,diag4,student_t_ar1,1.7209006169209617,1.706260840906384,-0.20969443066216584,0.4465386246702483,3.4192155752948095,3.3620596105877665,-1.6983149583738477,2024-01-28,4.0,0,True,False
2023-12-29,2024Q1,0,diag4,student_t_ar1,1.5657307638448748,1.5535996627876087,-0.2452692083222822,0.5423375982794354,0.8420915771010673,0.8385657658582282,0.7236391867438074,2024-04-28,4.0,0,True,False
2024-01-05,2023Q4,14,diag4,student_t_ar1,1.752658162160281,1.7374762437211255,-0.20242027603824816,0.44465321234560623,3.4192155752948095,3.3620596105877665,-1.6665574131345284,2024-01-28,13.0,12,True,True
2024-01-05,2024Q1,1,diag4,student_t_ar1,1.7734179249554671,1.7578763450411232,-0.19766642127539466,0.5297039812629607,0.8420915771010673,0.8385657658582282,0.9313263478543998,2024-04-28,13.0,0,True,False
2024-01-05,2024Q2,-12,diag4,student_t_ar1,1.385785860140376,1.3762716448932917,-0.2865921228132954,0.5618263463842598,3.5892686664036777,3.526355417094438,-2.2034828062633016,2024-07-28,13.0,0,True,False
2024-01-12,2023Q4,15,diag4,student_t_ar1,1.7522879805827118,1.7371124377453353,-0.20250505408633898,0.44465437813582825,3.4192155752948095,3.3620596105877665,-1.6669275947120976,2024-01-28,4.0,0,True,False
2024-01-12,2024Q1,2,diag4,student_t_ar1,1.7736019462497588,1.7580571595717522,-0.19762428589556782,0.5297057841125544,0.8420915771010673,0.8385657658582282,0.9315103691486915,2024-04-28,4.0,0,True,False
2024-01-12,2024Q2,-11,diag4,student_t_ar1,1.3858467098635252,1.3763316628774385,-0.2865781367661029,0.5618263756854469,3.5892686664036777,3.526355417094438,-2.2034219565401525,2024-07-28,4.0,0,True,False
2024-01-19,2023Q4,16,diag4,student_t_ar1,1.6927643848840823,1.6785967877405654,-0.2161410109432766,0.4415549421265111,3.4192155752948095,3.3620596105877665,-1.7264511904107271,2024-01-28,11.0,0,True,False
2024-01-19,2024Q1,3,diag4,student_t_ar1,1.4353516606307348,1.4251480116102562,-0.2752024171905763,0.519546395082142,0.8420915771010673,0.8385657658582282,0.5932600835296675,2024-04-28,11.0,0,True,False
2024-01-19,2024Q2,-10,diag4,student_t_ar1,1.2021719617592908,1.1950032707687137,-0.32883326221597614,0.5616323919915095,3.5892686664036777,3.526355417094438,-2.387096704644387,2024-07-28,11.0,0,True,False
2024-01-26,2023Q4,17,diag4,student_t_ar1,1.7021570451743129,1.6878326725216457,-0.21398876404180334,0.4415307336752614,3.4192155752948095,3.3620596105877665,-1.7170585301204966,2024-01-28,4.0,0,True,False
2024-01-26,2024Q1,4,diag4,student_t_ar1,1.2360144251667426,1.228438132369404,-0.3210419050274713,0.5255081584102319,0.8420915771010673,0.8385657658582282,0.39392284806567535,2024-04-28,4.0,0,True,False
2024-01-26,2024Q2,-9,diag4,student_t_ar1,1.0274120748757332,1.0221700710975292,-0.3691087449965765,0.5612643668466051,3.5892686664036777,3.526355417094438,-2.5618565915279445,2024-07-28,4.0,0,True,False
2024-02-02,2024Q1,5,diag4,student_t_ar1,1.9414353901655357,1.9228299560060589,-0.16086003657973144,0.5073312492554423,0.8420915771010673,0.8385657658582282,1.0993438130644684,2024-04-28,10.0,11,False,True
2024-02-02,2024Q2,-8,diag4,student_t_ar1,1.654098683450922,1.6405674802649368,-0.22684253389580072,0.5579265095302685,3.5892686664036777,3.526355417094438,-1.9351699829527558,2024-07-28,10.0,0,True,False
2024-02-09,2024Q1,6,diag4,student_t_ar1,2.1201153369197145,2.097953580993308,-0.1199226286392608,0.5002706256472869,0.8420915771010673,0.8385657658582282,1.2780237598186472,2024-04-28,9.0,0,True,False
2024-02-09,2024Q2,-7,diag4,student_t_ar1,1.7517861853476813,1.7366192827683575,-0.20438918516694507,0.5571775288712707,3.5892686664036777,3.526355417094438,-1.8374824810559964,2024-07-28,9.0,0,True,False
2024-02-16,2024Q1,7,diag4,student_t_ar1,1.9910647830179595,1.9715023292570493,-0.14948224104042757,0.5006778675469232,0.8420915771010673,0.8385657658582282,1.1489732059168922,2024-04-28,8.0,0,True,False
2024-02-16,2024Q2,-6,diag4,student_t_ar1,1.8911767794328904,1.8735163440023506,-0.1723877299549735,0.5563966682367494,3.5892686664036777,3.526355417094438,-1.6980918869707873,2024-07-28,8.0,0,True,False
2024-02-23,2024Q1,8,diag4,student_t_ar1,-0.5651222010128243,-0.5667250581098746,-0.7428256577832013,0.4697422757044748,0.8420915771010673,0.8385657658582282,-1.4072137781138916,2024-04-28,4.0,0,True,False
2024-02-23,2024Q2,-5,diag4,student_t_ar1,1.9970607507918903,1.9773810712278925,-0.1481080092184521,0.5561767188167929,3.5892686664036777,3.526355417094438,-1.5922079156117874,2024-07-28,4.0,0,True,False
2024-03-01,2024Q1,9,diag4,student_t_ar1,-0.7236938358480605,-0.7263252027342384,-0.7801342518025485,0.4637589151064946,0.8420915771010673,0.8385657658582282,-1.5657854129491278,2024-04-28,11.0,12,False,True
2024-03-01,2024Q2,-4,diag4,student_t_ar1,1.6521905369271117,1.638690365168134,-0.22728133378059429,0.5511571488198976,3.5892686664036777,3.526355417094438,-1.937078129476566,2024-07-28,11.0,0,True,False
2024-03-08,2024Q1,10,diag4,student_t_ar1,-0.6343099943681096,-0.6363302880271955,-0.7590967787819991,0.46070132906319367,0.8420915771010673,0.8385657658582282,-1.476401571469177,2024-04-28,9.0,0,True,False
2024-03-08,2024Q2,-3,diag4,student_t_ar1,1.7597550433380071,1.7444506400921669,-0.20255850430069575,0.5489138393276486,3.5892686664036777,3.526355417094438,-1.8295136230656706,2024-07-28,9.0,0,True,False
2024-03-15,2024Q1,11,diag4,student_t_ar1,-0.6001255004050687,-0.6019334905887925,-0.7510560833664938,0.45908985498108384,0.8420915771010673,0.8385657658582282,-1.442217077506136,2024-04-28,6.0,0,True,False
2024-03-15,2024Q2,-2,diag4,student_t_ar1,1.7850474427722363,1.7693025638509452,-0.19674904631869788,0.5485235045427831,3.5892686664036777,3.526355417094438,-1.8042212236314414,2024-07-28,6.0,0,True,False
2024-03-22,2024Q1,12,diag4,student_t_ar1,0.8408414895097582,0.8373261095597919,-0.4146105730145288,0.44688548739789863,0.8420915771010673,0.8385657658582282,-0.001250087591309068,2024-04-28,6.0,0,True,False
2024-03-22,2024Q2,-1,diag4,student_t_ar1,2.61425429603368,2.580666785915553,-0.007082185840108398,0.5418716215398073,3.5892686664036777,3.526355417094438,-0.9750143703699976,2024-07-28,6.0,0,True,False
2024-03-29,2024Q1,13,diag4,student_t_ar1,0.8203826172382467,0.8170357712140408,-0.41935370152257945,0.44689892041805196,0.8420915771010673,0.8385657658582282,-0.02170895986282062,2024-04-28,4.0,0,True,False
2024-03-29,2024Q2,0,diag4,student_t_ar1,2.6121358965680797,2.5786023345906752,-0.007564777986461704,0.5418735786553509,3.5892686664036777,3.526355417094438,-0.977132769835598,2024-07-28,4.0,0,True,False
2024-04-05,2024Q1,14,diag4,student_t_ar1,0.9005959485551385,0.8965647682623623,-0.4007627718550336,0.44561387499820854,0.8420915771010673,0.8385657658582282,0.05850437145407117,2024-04-28,13.0,11,False,True
2024-04-05,2024Q2,1,diag4,student_t_ar1,2.9954872676543953,2.95149883463356,0.07960459246792882,0.5317512125280963,3.5892686664036777,3.526355417094438,-0.5937813987492824,2024-07-28,13.0,0,True,False
2024-04-05,2024Q3,-12,diag4,student_t_ar1,2.023643519683316,2.0034399647474608,-0.14201640647458746,0.5629847020535288,3.340152501559479,3.2855812596193403,-1.3165089818761633,2024-10-28,13.0,0,True,False
2024-04-12,2024Q1,15,diag4,student_t_ar1,0.9012474780830448,0.8972104804291627,-0.4006118283008081,0.4456138628751328,0.8420915771010673,0.8385657658582282,0.05915590098197754,2024-04-28,4.0,0,True,False
2024-04-12,2024Q2,2,diag4,student_t_ar1,2.9958456653593757,2.951846808210756,0.07968593578344783,0.531753170510763,3.5892686664036777,3.526355417094438,-0.593423001044302,2024-07-28,4.0,0,True,False
2024-04-12,2024Q3,-11,diag4,student_t_ar1,2.0237542700517253,2.003548518318448,-0.14199103067609528,0.5629847121495373,3.340152501559479,3.2855812596193403,-1.3163982315077538,2024-10-28,4.0,0,True,False
2024-04-19,2024Q1,16,diag4,student_t_ar1,0.9982888537002577,0.9933388667078396,-0.3781405771258975,0.4422188300501507,0.8420915771010673,0.8385657658582282,0.15619727659919036,2024-04-28,11.0,0,True,False
2024-04-19,2024Q2,3,diag4,student_t_ar1,3.2962790023663535,3.2431168214434765,0.14777406126281895,0.5157872281771894,3.5892686664036777,3.526355417094438,-0.2929896640373242,2024-07-28,11.0,0,True,False
2024-04-19,2024Q3,-10,diag4,student_t_ar1,2.074214098313032,2.0529951930627637,-0.13043223216758335,0.5618547249613689,3.340152501559479,3.2855812596193403,-1.2659384032464471,2024-10-28,11.0,0,True,False
2024-04-26,2024Q1,17,diag4,student_t_ar1,0.9892026345084792,0.9843420529636255,-0.38024369847481965,0.44221499438775375,0.8420915771010673,0.8385657658582282,0.14711105740741193,2024-04-28,4.0,0,True,False
2024-04-26,2024Q2,4,diag4,student_t_ar1,3.293096019209396,3.240035362721913,0.14705373050935525,0.5157868111960026,3.5892686664036777,3.526355417094438,-0.2961726471942816,2024-07-28,4.0,0,True,False
2024-04-26,2024Q3,-9,diag4,student_t_ar1,2.073833125325386,2.052621960996298,-0.1305194799810208,0.5618547958490582,3.340152501559479,3.2855812596193403,-1.266319376234093,2024-10-28,4.0,0,True,False
2024-05-03,2024Q2,5,diag4,student_t_ar1,3.1822657828924905,3.1326809103612114,0.12492978771682707,0.5051576910500445,3.5892686664036777,3.526355417094438,-0.4070028835111872,2024-07-28,11.0,11,False,True
2024-05-03,2024Q3,-8,diag4,student_t_ar1,1.9330082873438625,1.914563002410043,-0.16058102092113402,0.5585751537649386,3.340152501559479,3.2855812596193403,-1.4071442142156165,2024-10-28,11.0,0,True,False
2024-05-10,2024Q2,6,diag4,student_t_ar1,3.0572397800360473,3.0114373902791938,0.09651190203041342,0.4973266874970456,3.5892686664036777,3.526355417094438,-0.5320288863676303,2024-07-28,8.0,0,True,False
2024-05-10,2024Q3,-7,diag4,student_t_ar1,1.876947659789674,1.8595503523091095,-0.17347526220361623,0.5578939351435082,3.340152501559479,3.2855812596193403,-1.4632048417698051,2024-10-28,8.0,0,True,False
2024-05-17,2024Q2,7,diag4,student_t_ar1,2.778632477810472,2.7407290153854738,0.033061421156214854,0.4668607072910016,3.5892686664036777,3.526355417094438,-0.8106361885932056,2024-07-28,10.0,0,True,False
2024-05-17,2024Q3,-6,diag4,student_t_ar1,1.9181342885042696,1.8999700021667867,-0.1640014281515917,0.5566235647051286,3.340152501559479,3.2855812596193403,-1.4220182130552095,2024-10-28,10.0,0,True,False
2024-05-24,2024Q2,8,diag4,student_t_ar1,2.7294178603500807,2.692833452831877,0.021835331542404104,0.4657488952397479,3.5892686664036777,3.526355417094438,-0.859850806053597,2024-07-28,2.0,0,True,False
2024-05-24,2024Q3,-5,diag4,student_t_ar1,1.8582056494562904,1.8411519462590629,-0.17778760648056197,0.5552900927095135,3.340152501559479,3.2855812596193403,-1.4819468521031887,2024-10-28,2.0,0,True,False
2024-05-31,2024Q2,9,diag4,student_t_ar1,2.7402913417401864,2.7034174765719032,0.0243160874338768,0.46573574003396523,3.5892686664036777,3.526355417094438,-0.8489773246634913,2024-07-28,8.0,0,True,False
2024-05-31,2024Q3,-4,diag4,student_t_ar1,1.8573072650334588,1.840269947230149,-0.1779943354468791,0.5552864068823739,3.340152501559479,3.2855812596193403,-1.4828452365260203,2024-10-28,8.0,0,True,False
2024-06-07,2024Q2,10,diag4,student_t_ar1,2.7062938221757538,2.6703212634149467,0.016558770576766933,0.4585450926151245,3.5892686664036777,3.526355417094438,-0.8829748442279239,2024-07-28,12.0,5,True,True
2024-06-07,2024Q3,-3,diag4,student_t_ar1,1.7730515153424165,1.7575163195255217,-0.19739069684132965,0.5481570781802472,3.340152501559479,3.2855812596193403,-1.5671009862170626,2024-10-28,12.0,0,True,False
2024-06-14,2024Q2,11,diag4,student_t_ar1,2.759692299673233,2.72229918901479,0.028741712369565818,0.45931937946761026,3.5892686664036777,3.526355417094438,-0.8295763667304445,2024-07-28,6.0,0,True,False
2024-06-14,2024Q3,-2,diag4,student_t_ar1,1.7783788419242663,1.7627506984475576,-0.19616382730021797,0.5483170485787426,3.340152501559479,3.2855812596193403,-1.5617736596352128,2024-10-28,6.0,0,True,False
2024-06-21,2024Q2,12,diag4,student_t_ar1,3.638872267114035,3.574228839530468,0.22842281206745949,0.4455551813828639,3.5892686664036777,3.526355417094438,0.0496036007103573,2024-07-28,6.0,0,True,False
2024-06-21,2024Q3,-1,diag4,student_t_ar1,2.1594702795927567,2.1364840519076176,-0.10856564713649917,0.5417278307394529,3.340152501559479,3.2855812596193403,-1.1806822219667223,2024-10-28,6.0,0,True,False
2024-06-28,2024Q2,13,diag4,student_t_ar1,3.623795783844108,3.559680649604823,0.22501290778579935,0.4455466323748137,3.5892686664036777,3.526355417094438,0.034527117440430466,2024-07-28,4.0,0,True,False
2024-06-28,2024Q3,0,diag4,student_t_ar1,2.1577728762511184,2.1348225148631164,-0.10895508955587492,0.5417264932443355,3.340152501559479,3.2855812596193403,-1.1823796253083607,2024-10-28,4.0,0,True,False
2024-07-05,2024Q2,14,diag4,student_t_ar1,3.5638578961083356,3.501822096410878,0.211451624267022,0.4446527238117695,3.5892686664036777,3.526355417094438,-0.02541077029534211,2024-07-28,13.0,18,True,True
2024-07-05,2024Q3,1,diag4,student_t_ar1,1.9398894392901322,1.9213134356707795,-0.15899880819250653,0.5330595526566723,3.340152501559479,3.2855812596193403,-1.4002630622693468,2024-10-28,13.0,0,True,False
2024-07-05,2024Q4,-12,diag4,student_t_ar1,1.725627209518743,1.7109073616891664,-0.20831522323960988,0.5626070719525537,1.8522267738050768,1.8352819713325936,-0.1265995642863338,2025-01-28,13.0,0,True,False
2024-07-12,2024Q2,15,diag4,student_t_ar1,3.5642905928178203,3.502239902211439,0.21154955244884516,0.44465235859761737,3.5892686664036777,3.526355417094438,-0.024978073585857352,2024-07-28,4.0,0,True,False
2024-07-12,2024Q3,2,diag4,student_t_ar1,1.9398438234665916,1.921268687894416,-0.1590092964824585,0.5330591008658357,3.340152501559479,3.2855812596193403,-1.4003086780928875,2024-10-28,4.0,0,True,False
2024-07-12,2024Q4,-11,diag4,student_t_ar1,1.7256080845722943,1.710888561167824,-0.20831962983441998,0.562607068723396,1.8522267738050768,1.8352819713325936,-0.12661868923278252,2025-01-28,4.0,0,True,False
2024-07-19,2024Q2,16,diag4,student_t_ar1,3.7166680041552214,3.6492649254624836,0.24601028322409904,0.44066366516175826,3.5892686664036777,3.526355417094438,0.12739933775154366,2024-07-28,11.0,0,True,False
2024-07-19,2024Q3,3,diag4,student_t_ar1,2.070239318737155,2.049101107762025,-0.12904705938840252,0.5193029240327731,3.340152501559479,3.2855812596193403,-1.2699131828223242,2024-10-28,11.0,0,True,False
2024-07-19,2024Q4,-10,diag4,student_t_ar1,1.6060537780814066,1.5932931811143587,-0.23588243950333357,0.5621629852291122,1.8522267738050768,1.8352819713325936,-0.24617299572367024,2025-01-28,11.0,0,True,False
2024-07-26,2024Q2,17,diag4,student_t_ar1,3.713483859277944,3.6461948367131685,0.2452906948199834,0.44065045573344885,3.5892686664036777,3.526355417094438,0.1242151928742663,2024-07-28,4.0,0,True,False
2024-07-26,2024Q3,4,diag4,student_t_ar1,2.255954277138983,2.23088397786279,-0.08643954668358196,0.5143683523106155,3.340152501559479,3.2855812596193403,-1.0841982244204962,2024-10-28,4.0,0,True,False
2024-07-26,2024Q4,-9,diag4,student_t_ar1,1.7691848255876996,1.753716921597397,-0.19828122572011514,0.5611994556543871,1.8522267738050768,1.8352819713325936,-0.0830419482173772,2025-01-28,4.0,0,True,False
2024-08-02,2024Q3,5,diag4,student_t_ar1,1.787672118973016,1.7718811767481744,-0.19599428966123017,0.5202147014495231,3.340152501559479,3.2855812596193403,-1.552480382586463,2024-10-28,10.0,11,False,True
2024-08-02,2024Q4,-8,diag4,student_t_ar1,1.3194342429067696,1.3108055265864904,-0.3043938940970092,0.5584976129124889,1.8522267738050768,1.8352819713325936,-0.5327925308983072,2025-01-28,10.0,0,True,False
2024-08-09,2024Q3,6,diag4,student_t_ar1,1.7129935019288611,1.698487195290138,-0.21324932916554623,0.5061498198275823,3.340152501559479,3.2855812596193403,-1.627158999630618,2024-10-28,9.0,0,True,False
2024-08-09,2024Q4,-7,diag4,student_t_ar1,1.307683599387266,1.2992072334677764,-0.30712067089764467,0.5575881495172356,1.8522267738050768,1.8352819713325936,-0.5445431744178109,2025-01-28,9.0,0,True,False
2024-08-16,2024Q3,7,diag4,student_t_ar1,1.8035314167231808,1.78746072783567,-0.19233151290305758,0.49858618638966146,3.340152501559479,3.2855812596193403,-1.5366210848362982,2024-10-28,8.0,0,True,False
2024-08-16,2024Q4,-6,diag4,student_t_ar1,1.322564635659873,1.3138951060129445,-0.30366752915541423,0.5575681497722421,1.8522267738050768,1.8352819713325936,-0.5296621381452038,2025-01-28,8.0,0,True,False
2024-08-23,2024Q3,8,diag4,student_t_ar1,0.34743852707297407,0.3468363538073671,-0.5310245500010882,0.4656819448771532,3.340152501559479,3.2855812596193403,-2.992713974486505,2024-10-28,4.0,0,True,False
2024-08-23,2024Q4,-5,diag4,student_t_ar1,1.2699565898750764,1.2619602698708923,-0.31587749012876276,0.5552644451998654,1.8522267738050768,1.8352819713325936,-0.5822701839300004,2025-01-28,4.0,0,True,False
2024-08-30,2024Q3,9,diag4,student_t_ar1,0.3700414667637153,0.36935849765550355,-0.5257295588573841,0.46567603222249637,3.340152501559479,3.2855812596193403,-2.9701110347957638,2024-10-28,8.0,0,True,False
2024-08-30,2024Q4,-4,diag4,student_t_ar1,1.2697398393693993,1.2617462372545716,-0.31592780953065996,0.5552626959649241,1.8522267738050768,1.8352819713325936,-0.5824869344356776,2025-01-28,8.0,0,True,False
2024-09-06,2024Q3,10,diag4,student_t_ar1,0.3702989378285837,0.3696150191542209,-0.5256692502529707,0.45855734895729067,3.340152501559479,3.2855812596193403,-2.9698535637308954,2024-10-28,10.0,11,False,True
2024-09-06,2024Q4,-3,diag4,student_t_ar1,1.2539369157038793,1.2461402360691296,-0.3195968047481107,0.5487988035541739,1.8522267738050768,1.8352819713325936,-0.5982898581011975,2025-01-28,10.0,0,True,False
2024-09-13,2024Q3,11,diag4,student_t_ar1,0.3708730319555542,0.37018699362397545,-0.5255347781630936,0.4587272978459729,3.340152501559479,3.2855812596193403,-2.969279469603925,2024-10-28,6.0,0,True,False
2024-09-13,2024Q4,-2,diag4,student_t_ar1,1.238110694182204,1.2305087861028778,-0.32327178301361914,0.5488268641499033,1.8522267738050768,1.8352819713325936,-0.6141160796228728,2025-01-28,6.0,0,True,False
2024-09-20,2024Q3,12,diag4,student_t_ar1,1.2009958700786916,1.1938411430281097,-0.33189240308649315,0.4448702027479053,3.340152501559479,3.2855812596193403,-2.1391566314807875,2024-10-28,8.0,0,True,False
2024-09-20,2024Q4,-1,diag4,student_t_ar1,1.7945105287095808,1.7785992594901945,-0.19441485793121702,0.5421000440935954,1.8522267738050768,1.8352819713325936,-0.057716245095496,2025-01-28,8.0,0,True,False
2024-09-27,2024Q3,13,diag4,student_t_ar1,1.1916529525973996,1.184608675799408,-0.33406297053070017,0.4448595901643321,3.340152501559479,3.2855812596193403,-2.1484995489620795,2024-10-28,4.0,0,True,False
2024-09-27,2024Q4,0,diag4,student_t_ar1,1.7934038516395523,1.7775120858498403,-0.19467045414959477,0.5421001464235643,1.8522267738050768,1.8352819713325936,-0.05882292216552454,2025-01-28,4.0,0,True,False
2024-10-04,2024Q3,14,diag4,student_t_ar1,1.1179647960731565,1.1117617586800843,-0.35118939435579616,0.4443410151345297,3.340152501559479,3.2855812596193403,-2.2221877054863226,2024-10-28,9.0,15,True,True
2024-10-04,2024Q4,1,diag4,student_t_ar1,1.5035909065011177,1.4923990257123847,-0.2617009792435504,0.5363282128411643,1.8522267738050768,1.8352819713325936,-0.3486358673039591,2025-01-28,9.0,0,True,False
2024-10-04,2025Q1,-12,diag4,student_t_ar1,1.389137795984663,1.3795777103417688,-0.28822544644065884,0.5630052381182105,-0.6484826392524012,-0.6505944225690983,2.037620435237064,2025-04-28,9.0,0,True,False
2024-10-11,2024Q3,15,diag4,student_t_ar1,1.2158352771654002,1.2085033695131244,-0.3284452907730017,0.44547977058057003,3.340152501559479,3.2855812596193403,-2.124317224394079,2024-10-28,7.0,0,True,False
2024-10-11,2024Q4,2,diag4,student_t_ar1,1.900414336586187,1.8825820342097357,-0.1699683454255568,0.5374044557159297,1.8522267738050768,1.8352819713325936,0.04818756278111014,2025-01-28,7.0,0,True,False
2024-10-11,2025Q1,-11,diag4,student_t_ar1,1.509819619644781,1.4985352835383698,-0.26025833545869753,0.5627503611507393,-0.6484826392524012,-0.6505944225690983,2.1583022588971823,2025-04-28,7.0,0,True,False
2024-10-18,2024Q3,16,diag4,student_t_ar1,0.8747686578416403,0.8709647244662084,-0.4078011526408838,0.4400496161921322,3.340152501559479,3.2855812596193403,-2.465383843717839,2024-10-28,12.0,0,True,False
2024-10-18,2024Q4,3,diag4,student_t_ar1,0.9994560372738492,0.9944945069099034,-0.37875910813422037,0.5196305866300275,1.8522267738050768,1.8352819713325936,-0.8527707365312276,2025-01-28,12.0,0,True,False
2024-10-18,2025Q1,-10,diag4,student_t_ar1,1.293075214537076,1.2847863744729464,-0.3105110373377626,0.5623324428294134,-0.6484826392524012,-0.6505944225690983,1.9415578537894773,2025-04-28,12.0,0,True,False
2024-10-25,2024Q3,17,diag4,student_t_ar1,0.8765128942671563,0.872693820224248,-0.4073946395315115,0.44004958598620825,3.340152501559479,3.2855812596193403,-2.463639607292323,2024-10-28,0.0,0,True,False
2024-10-25,2024Q4,4,diag4,student_t_ar1,1.2083275645915048,1.2010855667449758,-0.33018922777242454,0.5147586836078445,1.8522267738050768,1.8352819713325936,-0.643899209213572,2025-01-28,0.0,0,True,False
2024-10-25,2025Q1,-9,diag4,student_t_ar1,1.474813059668878,1.4640434504760567,-0.268367419204301,0.5614157399156805,-0.6484826392524012,-0.6505944225690983,2.1232956989212792,2025-04-28,0.0,0,True,False
2024-11-01,2024Q4,5,diag4,student_t_ar1,1.2437387581835324,1.2360678661073277,-0.32397109201619567,0.5082833437658174,1.8522267738050768,1.8352819713325936,-0.6084880156215444,2025-01-28,13.0,11,False,True
2024-11-01,2025Q1,-8,diag4,student_t_ar1,1.488150414993572,1.4771860998693842,-0.26710817270839227,0.5599906992419483,-0.6484826392524012,-0.6505944225690983,2.1366330542459733,2025-04-28,13.0,0,True,False
2024-11-08,2024Q4,6,diag4,student_t_ar1,1.044055012601497,1.0386423994309484,-0.37052994493149516,0.5052202824811292,1.8522267738050768,1.8352819713325936,-0.8081717612035799,2025-01-28,10.0,0,True,False
2024-11-08,2025Q1,-7,diag4,student_t_ar1,1.408253471085219,1.398429703493883,-0.28568129570369777,0.5593247854943465,-0.6484826392524012,-0.6505944225690983,2.0567361103376203,2025-04-28,10.0,0,True,False
2024-11-15,2024Q4,7,diag4,student_t_ar1,1.1682779967647772,1.161506319688753,-0.3415549434376042,0.503298119813767,1.8522267738050768,1.8352819713325936,-0.6839487770402997,2025-01-28,6.0,0,True,False
2024-11-15,2025Q1,-6,diag4,student_t_ar1,1.421629540401792,1.411619149878586,-0.2825708282214746,0.5593244741107951,-0.6484826392524012,-0.6505944225690983,2.0701121796541933,2025-04-28,6.0,0,True,False
2024-11-22,2024Q4,8,diag4,student_t_ar1,0.7419633914877322,0.7392243830654304,-0.4411417034793643,0.46953551553150646,1.8522267738050768,1.8352819713325936,-1.1102633823173447,2025-01-28,6.0,0,True,False
2024-11-22,2025Q1,-5,diag4,student_t_ar1,1.48080345241135,1.469946605902002,-0.2688154627580648,0.5573703804924002,-0.6484826392524012,-0.6505944225690983,2.1292860916637513,2025-04-28,6.0,0,True,False
2024-11-29,2024Q4,9,diag4,student_t_ar1,0.7437234644803947,0.7409714778791185,-0.4407296860642406,0.46952656522442565,1.8522267738050768,1.8352819713325936,-1.108503309324682,2025-01-28,4.0,0,True,False
2024-11-29,2025Q1,-4,diag4,student_t_ar1,1.480772094453231,1.4699157055130836,-0.2688227499975831,0.5573700700047745,-0.6484826392524012,-0.6505944225690983,2.1292547337056322,2025-04-28,4.0,0,True,False
2024-12-06,2024Q4,10,diag4,student_t_ar1,0.9841007748343733,0.9792900390696406,-0.38452701361143254,0.4667759439851831,1.8522267738050768,1.8352819713325936,-0.8681259989707035,2025-01-28,13.0,7,True,True
2024-12-06,2025Q1,-3,diag4,student_t_ar1,1.8628404634892792,1.8457021035670418,-0.18020103401985543,0.5514703470515051,-0.6484826392524012,-0.6505944225690983,2.5113231027416805,2025-04-28,13.0,0,True,False
2024-12-13,2024Q4,11,diag4,student_t_ar1,0.9832864990745094,0.9784836952624856,-0.38471717369234065,0.46544548485624593,1.8522267738050768,1.8352819713325936,-0.8689402747305675,2025-01-28,6.0,0,True,False
2024-12-13,2025Q1,-2,diag4,student_t_ar1,1.8524017212469879,1.8354537371321276,-0.1826179065414102,0.5511551533012461,-0.6484826392524012,-0.6505944225690983,2.500884360499389,2025-04-28,6.0,0,True,False
2024-12-20,2024Q4,12,diag4,student_t_ar1,0.6690109210187201,0.6667829742411604,-0.4582255627970427,0.44918390397390645,1.8522267738050768,1.8352819713325936,-1.1832158527863568,2025-01-28,9.0,0,True,False
2024-12-20,2025Q1,-1,diag4,student_t_ar1,1.4641292100636916,1.4535143233449443,-0.27269068837873306,0.5455448522503258,-0.6484826392524012,-0.6505944225690983,2.112611849316093,2025-04-28,9.0,0,True,False
2024-12-27,2024Q4,13,diag4,student_t_ar1,0.6672794202585264,0.6650629656353757,-0.45863119247105555,0.44917588758342986,1.8522267738050768,1.8352819713325936,-1.1849473535465505,2025-01-28,4.0,0,True,False
2024-12-27,2025Q1,0,diag4,student_t_ar1,1.4639357178219958,1.4533236230179323,-0.2727356612417873,0.5455447126097525,-0.6484826392524012,-0.6505944225690983,2.112418357074397,2025-04-28,4.0,0,True,False
2025-01-03,2024Q4,14,diag4,student_t_ar1,0.7209339810620996,0.7183476749705193,-0.4460650580896381,0.4476319830681498,1.8522267738050768,1.8352819713325936,-1.1312927927429772,2025-01-28,8.0,22,True,True
2025-01-03,2025Q1,1,diag4,student_t_ar1,1.7216595581909244,1.7070069397259464,-0.21290951809767739,0.5373455268276045,-0.6484826392524012,-0.6505944225690983,2.3701421974433257,2025-04-28,8.0,0,True,False
2025-01-03,2025Q2,-12,diag4,student_t_ar1,1.6977146411489175,1.683464524214293,-0.21846152655702517,0.5649500292353071,3.8380332333819878,3.7662126431826737,-2.1403185922330703,2025-07-28,8.0,0,True,False
2025-01-10,2024Q4,15,diag4,student_t_ar1,0.8264335385541388,0.8230372756593589,-0.4213761068500142,0.4480152887991004,1.8522267738050768,1.8352819713325936,-1.025793235250938,2025-01-28,8.0,0,True,False
2025-01-10,2025Q1,2,diag4,student_t_ar1,2.097463783450726,2.0757698359313532,-0.12594415474264897,0.5362515729219581,-0.6484826392524012,-0.6505944225690983,2.745946422703127,2025-04-28,8.0,0,True,False
2025-01-10,2025Q2,-11,diag4,student_t_ar1,1.838329172126385,1.8216361725514778,-0.18587650315403806,0.5646229906969162,3.8380332333819878,3.7662126431826737,-1.9997040612556027,2025-07-28,8.0,0,True,False
2025-01-17,2024Q4,16,diag4,student_t_ar1,1.5154532513219188,1.5040849686577848,-0.26076461178593036,0.4436951712526306,1.8522267738050768,1.8352819713325936,-0.33677352248315806,2025-01-28,10.0,0,True,False
2025-01-17,2025Q1,3,diag4,student_t_ar1,3.401979844290115,3.3453923333199516,0.17347095167200566,0.5199320973452275,-0.6484826392524012,-0.6505944225690983,4.050462483542516,2025-04-28,10.0,0,True,False
2025-01-17,2025Q2,-10,diag4,student_t_ar1,1.8028884808274803,1.786829180072076,-0.19408503709119648,0.5640318841941413,3.8380332333819878,3.7662126431826737,-2.0351447525545074,2025-07-28,10.0,0,True,False
2025-01-24,2024Q4,17,diag4,student_t_ar1,1.5160768614794984,1.5046992674883515,-0.2606197416768209,0.4436940660102427,1.8522267738050768,1.8352819713325936,-0.33614991232557845,2025-01-28,2.0,0,True,False
2025-01-24,2025Q1,4,diag4,student_t_ar1,3.581863341912661,3.5192064244501515,0.21446153328123055,0.5179246940932383,-0.6484826392524012,-0.6505944225690983,4.230345981165062,2025-04-28,2.0,0,True,False
2025-01-24,2025Q2,-9,diag4,student_t_ar1,1.9572156628065773,1.9383085014413086,-0.15836166481268335,0.5637249357977846,3.8380332333819878,3.7662126431826737,-1.8808175705754104,2025-07-28,2.0,0,True,False
2025-01-31,2025Q1,5,diag4,student_t_ar1,3.599002660206785,3.5357516958972233,0.22017546046895767,0.5167079238170463,-0.6484826392524012,-0.6505944225690983,4.247485299459186,2025-04-28,10.0,0,True,False
2025-01-31,2025Q2,-8,diag4,student_t_ar1,1.968609020643064,1.94948252304061,-0.15505703283272668,0.5632486912813894,3.8380332333819878,3.7662126431826737,-1.8694242127389238,2025-07-28,10.0,0,True,False
2025-02-07,2025Q1,6,diag4,student_t_ar1,3.3408188173476017,3.2862260367208687,0.1611500839202367,0.54428482666071,-0.6484826392524012,-0.6505944225690983,3.989301456600003,2025-04-28,13.0,11,False,True
2025-02-07,2025Q2,-7,diag4,student_t_ar1,2.0108758521768966,1.9909247613766015,-0.14525385775695263,0.5600996396916974,3.8380332333819878,3.7662126431826737,-1.8271573812050912,2025-07-28,13.0,0,True,False
2025-02-14,2025Q1,7,diag4,student_t_ar1,3.0031486725108802,2.958937141033055,0.08372978826024267,0.5402560780805837,-0.6484826392524012,-0.6505944225690983,3.6516313117632815,2025-04-28,6.0,0,True,False
2025-02-14,2025Q2,-6,diag4,student_t_ar1,2.12339450821597,2.1011646218719315,-0.11917658258656026,0.5591409182775696,3.8380332333819878,3.7662126431826737,-1.7146387251660178,2025-07-28,6.0,0,True,False
2025-02-21,2025Q1,8,diag4,student_t_ar1,3.0939031116380633,3.0470067608626366,0.10456268572699082,0.4675437114314764,-0.6484826392524012,-0.6505944225690983,3.7423857508904645,2025-04-28,6.0,0,True,False
2025-02-21,2025Q2,-5,diag4,student_t_ar1,2.0032281400425678,1.9834275227168532,-0.1470273320217957,0.5576823000132901,3.8380332333819878,3.7662126431826737,-1.83480509333942,2025-07-28,6.0,0,True,False
2025-02-28,2025Q1,9,diag4,student_t_ar1,3.095981339318765,3.0490225995021554,0.10503953301857524,0.4675371167445039,-0.6484826392524012,-0.6505944225690983,3.7444639785711664,2025-04-28,4.0,0,True,False
2025-02-28,2025Q2,-4,diag4,student_t_ar1,2.0031502315672967,1.9833511442468454,-0.14704539937393618,0.557682186345909,3.8380332333819878,3.7662126431826737,-1.834883001814691,2025-07-28,4.0,0,True,False
2025-03-07,2025Q1,10,diag4,student_t_ar1,3.1715444453968678,3.122289692003373,0.12237088778901943,0.46124702929508704,-0.6484826392524012,-0.6505944225690983,3.820027084649269,2025-04-28,15.0,9,True,True
2025-03-07,2025Q2,-3,diag4,student_t_ar1,2.083486563829018,2.0620788235036285,-0.12842234101481845,0.5504911003846118,3.8380332333819878,3.7662126431826737,-1.75454666955297,2025-07-28,15.0,0,True,False
2025-03-14,2025Q1,11,diag4,student_t_ar1,3.1184526125977774,3.0708166833956176,0.11019493071431623,0.45937525504107385,-0.6484826392524012,-0.6505944225690983,3.7669352518501786,2025-04-28,6.0,0,True,False
2025-03-14,2025Q2,-2,diag4,student_t_ar1,2.051123762024565,2.030371508390394,-0.1359227168081749,0.5500490021716877,3.8380332333819878,3.7662126431826737,-1.786909471357423,2025-07-28,6.0,0,True,False
2025-03-21,2025Q1,12,diag4,student_t_ar1,4.588044041085881,4.485905739933283,0.4449347113357441,0.44691104740459425,-0.6484826392524012,-0.6505944225690983,5.236526680338283,2025-04-28,7.0,0,True,False
2025-03-21,2025Q2,-1,diag4,student_t_ar1,2.6822096203386048,2.646868926459514,0.009909949711807503,0.5447710496685866,3.8380332333819878,3.7662126431826737,-1.155823613043383,2025-07-28,7.0,0,True,False
2025-03-28,2025Q1,13,diag4,student_t_ar1,4.581300320468951,4.479457643401886,0.4434094119855908,0.4469037364514252,-0.6484826392524012,-0.6505944225690983,5.229782959721351,2025-04-28,4.0,0,True,False
2025-03-28,2025Q2,0,diag4,student_t_ar1,2.6815467015399497,2.6462233219862363,0.009757231761827833,0.5447708712997418,3.8380332333819878,3.7662126431826737,-1.156486531842038,2025-07-28,4.0,0,True,False
2025-04-04,2025Q1,14,diag4,student_t_ar1,4.512188746835677,4.413351734070739,0.42777203744364506,0.4476194208470859,-0.6484826392524012,-0.6505944225690983,5.160671386088078,2025-04-28,12.0,12,True,True
2025-04-04,2025Q2,1,diag4,student_t_ar1,2.377335747861098,2.3495171532793,-0.060428709796501674,0.5435965325958115,3.8380332333819878,3.7662126431826737,-1.4606974855208898,2025-07-28,12.0,0,True,False
2025-04-04,2025Q3,-12,diag4,student_t_ar1,1.8469335443798363,1.8300848665255205,-0.18330058765630947,0.5657913122951447,4.3753962528715995,4.282379361041974,-2.5284627084917632,2025-10-28,12.0,0,True,False
2025-04-11,2025Q1,15,diag4,student_t_ar1,4.537990343349696,4.438036330618147,0.4336111868560681,0.446217023332535,-0.6484826392524012,-0.6505944225690983,5.186472982602098,2025-04-28,5.0,0,True,False
2025-04-11,2025Q2,2,diag4,student_t_ar1,2.4803192616664527,2.4500586951374372,-0.03664557508180175,0.5363947372275771,3.8380332333819878,3.7662126431826737,-1.357713971715535,2025-07-28,5.0,0,True,False
2025-04-11,2025Q3,-11,diag4,student_t_ar1,1.886057674773589,1.8684921275592536,-0.17421533745717507,0.5654106015583616,4.3753962528715995,4.282379361041974,-2.4893385780980104,2025-10-28,5.0,0,True,False
2025-04-18,2025Q1,16,diag4,student_t_ar1,4.607957845525457,4.504944157799913,0.4494382553286906,0.4419735199613346,-0.6484826392524012,-0.6505944225690983,5.256440484777858,2025-04-28,11.0,0,True,False
2025-04-18,2025Q2,3,diag4,student_t_ar1,2.5139022669851574,2.482823526622646,-0.02889504344367864,0.5189891862615426,3.8380332333819878,3.7662126431826737,-1.3241309663968304,2025-07-28,11.0,0,True,False
2025-04-18,2025Q3,-10,diag4,student_t_ar1,1.8855093587431426,1.8679539602001602,-0.17434264112254388,0.5645719006072276,4.3753962528715995,4.282379361041974,-2.489886894128457,2025-10-28,11.0,0,True,False
2025-04-25,2025Q1,17,diag4,student_t_ar1,4.606616427064436,4.503661820309123,0.44913491797450333,0.4419743759817705,-0.6484826392524012,-0.6505944225690983,5.255099066316838,2025-04-28,0.0,0,True,False
2025-04-25,2025Q2,4,diag4,student_t_ar1,2.2977374564293607,2.2717369974464345,-0.07882763117880473,0.5217842027092453,3.8380332333819878,3.7662126431826737,-1.540295776952627,2025-07-28,0.0,0,True,False
2025-04-25,2025Q3,-9,diag4,student_t_ar1,1.6981795500829566,1.683921671037138,-0.2178755395059253,0.5644081802587668,4.3753962528715995,4.282379361041974,-2.677216702788643,2025-10-28,0.0,0,True,False
2025-05-02,2025Q2,5,diag4,student_t_ar1,2.4525621929548436,2.4229697588141716,-0.038319406834080895,0.5205489110341147,3.8380332333819878,3.7662126431826737,-1.3854710404271442,2025-07-28,13.0,11,False,True
2025-05-02,2025Q3,-8,diag4,student_t_ar1,1.5226294215723746,1.5111537610330636,-0.2542870854981084,0.5667295452817135,4.3753962528715995,4.282379361041974,-2.852766831299225,2025-10-28,13.0,0,True,False
2025-05-09,2025Q2,6,diag4,student_t_ar1,2.5642272773914065,2.5319023938116727,-0.012518227244760092,0.512322566111742,3.8380332333819878,3.7662126431826737,-1.2738059559905812,2025-07-28,10.0,0,True,False
2025-05-09,2025Q3,-7,diag4,student_t_ar1,1.5700867903497784,1.5578884450988926,-0.2432177675048341,0.5660747211102972,4.3753962528715995,4.282379361041974,-2.805309462521821,2025-10-28,10.0,0,True,False
2025-05-16,2025Q2,7,diag4,student_t_ar1,2.452887122306424,2.423286909336685,-0.03824428832080529,0.5082316131559768,3.8380332333819878,3.7662126431826737,-1.3851461110755636,2025-07-28,8.0,0,True,False
2025-05-16,2025Q3,-6,diag4,student_t_ar1,1.5631979908742988,1.5511059037881163,-0.24482424261153968,0.5660571543086305,4.3753962528715995,4.282379361041974,-2.8121982619973007,2025-10-28,8.0,0,True,False
2025-05-23,2025Q2,8,diag4,student_t_ar1,2.897885206242967,2.8566904709163508,0.06440927483980986,0.48175226243078006,3.8380332333819878,3.7662126431826737,-0.9401480271390206,2025-07-28,4.0,0,True,False
2025-05-23,2025Q3,-5,diag4,student_t_ar1,1.64071497113778,1.6274006787200523,-0.22675348548911392,0.5637332852875635,4.3753962528715995,4.282379361041974,-2.7346812817338195,2025-10-28,4.0,0,True,False
2025-05-30,2025Q2,9,diag4,student_t_ar1,2.899742385721149,2.858495330865386,0.06483676395434108,0.4817317357185224,3.8380332333819878,3.7662126431826737,-0.9382908476608387,2025-07-28,8.0,0,True,False
2025-05-30,2025Q3,-4,diag4,student_t_ar1,1.6448768946482062,1.6314953353780082,-0.225783647829436,0.5637328219397979,4.3753962528715995,4.282379361041974,-2.7305193582233933,2025-10-28,8.0,0,True,False
2025-06-06,2025Q2,10,diag4,student_t_ar1,2.713113515840182,2.6769610388434875,0.02183955866150428,0.4760674214608632,3.8380332333819878,3.7662126431826737,-1.1249197175418058,2025-07-28,10.0,24,True,True
2025-06-06,2025Q3,-3,diag4,student_t_ar1,1.3521029848754917,1.3430436422079586,-0.2941047156021456,0.557159497626726,4.3753962528715995,4.282379361041974,-3.0232932679961078,2025-10-28,10.0,0,True,False
2025-06-13,2025Q2,11,diag4,student_t_ar1,2.711375160829488,2.6752685872551254,0.02143869396766333,0.4765428627814514,3.8380332333819878,3.7662126431826737,-1.1266580725525,2025-07-28,6.0,0,True,False
2025-06-13,2025Q3,-2,diag4,student_t_ar1,1.3325644085625532,1.3237638647835301,-0.298671216722597,0.5572528680688867,4.3753962528715995,4.282379361041974,-3.0428318443090463,2025-10-28,6.0,0,True,False
2025-06-20,2025Q2,12,diag4,student_t_ar1,2.6178817907985152,2.584201802248173,-0.00013087950901189977,0.46220782206651767,3.8380332333819878,3.7662126431826737,-1.2201514425834725,2025-07-28,8.0,0,True,False
2025-06-20,2025Q3,-1,diag4,student_t_ar1,1.1549173889816355,1.148299126339448,-0.3402308212276457,0.5513902266768456,4.3753962528715995,4.282379361041974,-3.220478863889964,2025-10-28,8.0,0,True,False
2025-06-27,2025Q2,13,diag4,student_t_ar1,2.6275561876983655,2.5936289515210564,0.0021019827678492244,0.46221681226354105,3.8380332333819878,3.7662126431826737,-1.2104770456836222,2025-07-28,4.0,0,True,False
2025-06-27,2025Q3,0,diag4,student_t_ar1,1.155690479264182,1.1490633870875022,-0.34004980266682533,0.5513911494664986,4.3753962528715995,4.282379361041974,-3.2197057736074175,2025-10-28,4.0,0,True,False
2025-07-04,2025Q2,14,diag4,student_t_ar1,2.645391525581764,2.6110061443045876,0.006217848245411757,0.4612568047047322,3.8380332333819878,3.7662126431826737,-1.1926417078002238,2025-07-28,9.0,11,True,True
2025-07-04,2025Q3,1,diag4,student_t_ar1,1.268333765791163,1.2603577836633635,-0.3136892293326288,0.5443522087398245,4.3753962528715995,4.282379361041974,-3.1070624870804364,2025-10-28,9.0,0,True,False
2025-07-04,2025Q4,-12,diag4,student_t_ar1,1.8156205245350554,1.7993349623669816,-0.18603008492107106,0.5707145118245072,0.48224811236061704,0.4810890211212576,1.3333724121744384,2026-01-28,9.0,0,True,False
2025-07-11,2025Q2,15,diag4,student_t_ar1,2.576216837551115,2.5435915175484447,-0.009749606245358401,0.46072601593173007,3.8380332333819878,3.7662126431826737,-1.2618163958308726,2025-07-28,7.0,0,True,False
2025-07-11,2025Q3,2,diag4,student_t_ar1,1.0783603634002548,1.0725875223054566,-0.35816345172649816,0.5406283853603396,4.3753962528715995,4.282379361041974,-3.2970358894713447,2025-10-28,7.0,0,True,False
2025-07-11,2025Q4,-11,diag4,student_t_ar1,1.7558391527567219,1.7406023938708037,-0.19994115525868597,0.5704398895200606,0.48224811236061704,0.4810890211212576,1.2735910403961048,2026-01-28,7.0,0,True,False
2025-07-18,2025Q2,16,diag4,student_t_ar1,3.0156922869885694,2.9711142937971227,0.0915110667271645,0.457247172879074,3.8380332333819878,3.7662126431826737,-0.8223409463934184,2025-07-28,12.0,0,True,False
2025-07-18,2025Q3,3,diag4,student_t_ar1,2.1588729845330334,2.135899380898469,-0.10631330393890306,0.5277614475550773,4.3753962528715995,4.282379361041974,-2.216523268338566,2025-10-28,12.0,0,True,False
2025-07-18,2025Q4,-10,diag4,student_t_ar1,1.9517333044512197,1.9329312402818926,-0.15438721169922615,0.5699128541886378,0.48224811236061704,0.4810890211212576,1.4694851920906027,2026-01-28,12.0,0,True,False
2025-07-25,2025Q2,17,diag4,student_t_ar1,3.017109740774915,2.972490243424948,0.09183696652252135,0.4572494257747808,3.8380332333819878,3.7662126431826737,-0.820923492607073,2025-07-28,0.0,0,True,False
2025-07-25,2025Q3,4,diag4,student_t_ar1,2.3738452596394177,2.346107660640624,-0.05652453699212042,0.5337988268936155,4.3753962528715995,4.282379361041974,-2.0015509932321818,2025-10-28,0.0,0,True,False
2025-07-25,2025Q4,-9,diag4,student_t_ar1,2.137756325623452,2.11522683328366,-0.1112096888798412,0.569735686364128,0.48224811236061704,0.4810890211212576,1.6555082132628351,2026-01-28,0.0,0,True,False
2025-08-01,2025Q3,5,diag4,student_t_ar1,1.8284159930640698,1.8119014669056308,-0.1853124996042454,0.5175683269216454,4.3753962528715995,4.282379361041974,-2.5469802598075297,2025-10-28,13.0,11,False,True
2025-08-01,2025Q4,-8,diag4,student_t_ar1,1.6669862543063685,1.653244543125049,-0.22299918434934263,0.565844073314224,0.48224811236061704,0.4810890211212576,1.1847381419457514,2026-01-28,13.0,0,True,False
2025-08-08,2025Q3,6,diag4,student_t_ar1,2.0268285914739392,2.006561811766918,-0.13907371673647173,0.5130634712383956,4.3753962528715995,4.282379361041974,-2.3485676613976603,2025-10-28,10.0,0,True,False
2025-08-08,2025Q4,-7,diag4,student_t_ar1,1.750101650636382,1.7349637357567476,-0.20358795805710797,0.5651629859826071,0.48224811236061704,0.4810890211212576,1.267853538275765,2026-01-28,10.0,0,True,False
2025-08-15,2025Q3,7,diag4,student_t_ar1,2.2055578589748714,2.181587248460578,-0.09749892568500018,0.5113546855920522,4.3753962528715995,4.282379361041974,-2.169838393896728,2025-10-28,6.0,0,True,False
2025-08-15,2025Q4,-6,diag4,student_t_ar1,1.7635810479208702,1.7482104100102456,-0.200441399907506,0.5651629246494297,0.48224811236061704,0.4810890211212576,1.2813329355602532,2026-01-28,6.0,0,True,False
2025-08-22,2025Q3,8,diag4,student_t_ar1,3.1158202064982987,3.0682638525168136,0.113118429370579,0.4754488427864676,4.3753962528715995,4.282379361041974,-1.2595760463733008,2025-10-28,6.0,0,True,False
2025-08-22,2025Q4,-5,diag4,student_t_ar1,1.8109308894872278,1.7947288488556639,-0.18939160959374768,0.5629298872858755,0.48224811236061704,0.4810890211212576,1.3286827771266108,2026-01-28,6.0,0,True,False
2025-08-29,2025Q3,9,diag4,student_t_ar1,3.11606298669469,3.068499296418721,0.11317435570455124,0.47544463682890703,4.3753962528715995,4.282379361041974,-1.2593332661769097,2025-10-28,4.0,0,True,False
2025-08-29,2025Q4,-4,diag4,student_t_ar1,1.8109231028897277,1.7947212007595845,-0.18939342628966596,0.5629298807998401,0.48224811236061704,0.4810890211212576,1.3286749905291106,2026-01-28,4.0,0,True,False
2025-09-05,2025Q3,10,diag4,student_t_ar1,2.9935182836092533,2.949587097606674,0.08492846235057688,0.4702170322650808,4.3753962528715995,4.282379361041974,-1.3818779692623462,2025-10-28,13.0,3,True,True
2025-09-05,2025Q4,-3,diag4,student_t_ar1,1.659491907943389,1.6458728063654147,-0.22475023506092956,0.5571236736988253,0.48224811236061704,0.4810890211212576,1.177243795582772,2026-01-28,13.0,0,True,False
2025-09-12,2025Q3,11,diag4,student_t_ar1,2.9931781548888203,2.949256854220767,0.08485001775403953,0.4702207531166912,4.3753962528715995,4.282379361041974,-1.3822180979827792,2025-10-28,4.0,0,True,False
2025-09-12,2025Q4,-2,diag4,student_t_ar1,1.6593177648992041,1.6457015058896096,-0.22479092504075854,0.5571245951738028,0.48224811236061704,0.4810890211212576,1.177069652538587,2026-01-28,4.0,0,True,False
2025-09-19,2025Q3,12,diag4,student_t_ar1,2.825482751143249,2.786302299841846,0.04614249228134511,0.4553173889698678,4.3753962528715995,4.282379361041974,-1.5499135017283505,2025-10-28,11.0,0,True,False
2025-09-19,2025Q4,-1,diag4,student_t_ar1,1.6295780099580437,1.6164428933717443,-0.23174089028504055,0.5514621023950366,0.48224811236061704,0.4810890211212576,1.1473298975974267,2026-01-28,11.0,0,True,False
2025-09-26,2025Q3,13,diag4,student_t_ar1,2.834717808972642,2.7952831894942425,0.048275774264856006,0.45530587916388854,4.3753962528715995,4.282379361041974,-1.5406784438989574,2025-10-28,4.0,0,True,False
2025-09-26,2025Q4,0,diag4,student_t_ar1,1.6306091469457051,1.6174574914611082,-0.2314998870093832,0.551461683771703,0.48224811236061704,0.4810890211212576,1.148361034585088,2026-01-28,4.0,0,True,False
2025-10-03,2025Q3,14,diag4,student_t_ar1,2.833465035341942,2.7940649421081916,0.04798639700929327,0.4539259394458415,4.3753962528715995,4.282379361041974,-1.5419312175296573,2025-10-28,9.0,17,True,True
2025-10-03,2025Q4,1,diag4,student_t_ar1,1.6345105932009218,1.62129626740129,-0.23058804064795516,0.5438137067606985,0.48224811236061704,0.4810890211212576,1.1522624808403048,2026-01-28,9.0,0,True,False
2025-10-03,2026Q1,-12,diag4,student_t_ar1,1.7493648816725882,1.7342396365968265,-0.20375995746383974,0.5703235699910302,2.0891889857350465,2.067664705054285,-0.33982410406245833,2026-04-28,9.0,0,True,False
2025-10-10,2025Q3,15,diag4,student_t_ar1,2.872037040489217,2.8315671043839847,0.056894499683097136,0.4533117069123374,4.3753962528715995,4.282379361041974,-1.5033592123823825,2025-10-28,7.0,0,True,False
2025-10-10,2025Q4,2,diag4,student_t_ar1,1.7980799278522364,1.7821056730929856,-0.1923900645877946,0.539801622236768,0.48224811236061704,0.4810890211212576,1.3158318154916193,2026-01-28,7.0,0,True,False
2025-10-10,2026Q1,-11,diag4,student_t_ar1,1.8003289827971614,1.7843149781234493,-0.19186527575283652,0.5700515783849256,2.0891889857350465,2.067664705054285,-0.28886000293788516,2026-04-28,7.0,0,True,False
2025-10-17,2025Q3,16,diag4,student_t_ar1,2.888896664535756,2.847954689510739,0.06078713632125326,0.44989105962815795,4.3753962528715995,4.282379361041974,-1.4864995883358434,2025-10-28,10.0,0,True,False
2025-10-17,2025Q4,3,diag4,student_t_ar1,1.9961599500179172,1.976497903864895,-0.1462149683901096,0.5274530574693831,0.48224811236061704,0.4810890211212576,1.5139118376573002,2026-01-28,10.0,0,True,False
2025-10-17,2026Q1,-10,diag4,student_t_ar1,1.9389311601386572,1.920373387902527,-0.15954654503450572,0.569543893949597,2.0891889857350465,2.067664705054285,-0.15025782559638934,2026-04-28,10.0,0,True,False
2025-10-24,2025Q3,17,diag4,student_t_ar1,2.887232879962265,2.8463376073183473,0.06040302155752663,0.44988996032017387,4.3753962528715995,4.282379361041974,-1.4881633729093346,2025-10-28,2.0,0,True,False
2025-10-24,2025Q4,4,diag4,student_t_ar1,1.7791127828143072,1.7634718125506939,-0.19681627184750827,0.5244885499480878,0.48224811236061704,0.4810890211212576,1.2968646704536901,2026-01-28,2.0,0,True,False
2025-10-24,2026Q1,-9,diag4,student_t_ar1,1.7529690489403116,1.7377817751054843,-0.20291857308477615,0.5690154238162686,2.0891889857350465,2.067664705054285,-0.33621993679473494,2026-04-28,2.0,0,True,False
2025-10-31,2025Q4,5,diag4,student_t_ar1,1.872003460736904,1.8546971258001488,-0.1780724253551834,0.5236630158463426,0.48224811236061704,0.4810890211212576,1.389755348376287,2026-01-28,10.0,0,True,False
2025-10-31,2026Q1,-8,diag4,student_t_ar1,1.8302701952460199,1.8137223587288118,-0.18783072105116408,0.5686135046145698,2.0891889857350465,2.067664705054285,-0.25891879048902666,2026-04-28,10.0,0,True,False
2025-11-07,2025Q4,6,diag4,student_t_ar1,1.7374450112083162,1.7225240168137308,-0.20954995098213913,0.5074532745120341,0.48224811236061704,0.4810890211212576,1.2551968988476991,2026-01-28,12.0,7,True,True
2025-11-07,2026Q1,-7,diag4,student_t_ar1,1.7569626906218216,1.7417065385289612,-0.20498156091012493,0.5656110557276015,2.0891889857350465,2.067664705054285,-0.3322262951132249,2026-04-28,12.0,0,True,False
2025-11-14,2025Q4,7,diag4,student_t_ar1,1.6442418699025296,1.6308705850229241,-0.23137756228762804,0.5049821204630053,0.48224811236061704,0.4810890211212576,1.1619937575419126,2026-01-28,4.0,0,True,False
2025-11-14,2026Q1,-6,diag4,student_t_ar1,1.750746348800214,1.735597343105471,-0.2064364888979561,0.5656002454567147,2.0891889857350465,2.067664705054285,-0.33844263693483256,2026-04-28,4.0,0,True,False
2025-11-21,2025Q4,8,diag4,student_t_ar1,1.1301691224635535,1.1238304251926072,-0.3521310933753671,0.4781357864406542,0.48224811236061704,0.4810890211212576,0.6479210101029365,2026-01-28,4.0,0,True,False
2025-11-21,2026Q1,-5,diag4,student_t_ar1,1.9737274275209993,1.9545019878247727,-0.1543035201204755,0.5643327661557707,2.0891889857350465,2.067664705054285,-0.11546155821404724,2026-04-28,4.0,0,True,False
2025-11-28,2025Q4,9,diag4,student_t_ar1,1.1347837577710074,1.1283933860442372,-0.3510444069968486,0.4781252119712324,0.48224811236061704,0.4810890211212576,0.6525356454103903,2026-01-28,4.0,0,True,False
2025-11-28,2026Q1,-4,diag4,student_t_ar1,1.9736247677824226,1.9544013150408541,-0.1543274957245907,0.5643318524725013,2.0891889857350465,2.067664705054285,-0.11556421795262395,2026-04-28,4.0,0,True,False
2025-12-05,2025Q4,10,diag4,student_t_ar1,1.0389562762190607,1.0335962192983383,-0.3736207106677675,0.469781516237258,0.48224811236061704,0.4810890211212576,0.5567081638584437,2026-01-28,13.0,3,True,True
2025-12-05,2026Q1,-3,diag4,student_t_ar1,1.7382725743325,1.7233374437267766,-0.20935623028738204,0.5572486680339133,2.0891889857350465,2.067664705054285,-0.3509164114025465,2026-04-28,13.0,0,True,False
2025-12-12,2025Q4,11,diag4,student_t_ar1,1.0386968097763516,1.033339420549192,-0.3736818682607848,0.4697788133021147,0.48224811236061704,0.4810890211212576,0.5564486974157346,2026-01-28,3.0,0,True,False
2025-12-12,2026Q1,-2,diag4,student_t_ar1,1.7381608519592806,1.7232276301514853,-0.20938238280552224,0.5572482774400014,2.0891889857350465,2.067664705054285,-0.3510281337757659,2026-04-28,3.0,0,True,False
2025-12-19,2025Q4,12,diag4,student_t_ar1,0.8083461680848503,0.8050965508061152,-0.42803877063376217,0.4560782177089349,0.48224811236061704,0.4810890211212576,0.3260980557242332,2026-01-28,7.0,0,True,False
2025-12-19,2026Q1,-1,diag4,student_t_ar1,1.491916475354449,1.4808968685364738,-0.267094369891489,0.553308971870979,2.0891889857350465,2.067664705054285,-0.5972725103805976,2026-04-28,7.0,0,True,False
2025-12-26,2025Q4,13,diag4,student_t_ar1,0.7846421641369172,0.7815798558523164,-0.433639360449241,0.45641059686127,0.48224811236061704,0.4810890211212576,0.3023940517763002,2026-01-28,4.0,0,True,False
2025-12-26,2026Q1,0,diag4,student_t_ar1,1.3412688378450888,1.3323534583669265,-0.30247054463825845,0.5539285706712381,2.0891889857350465,2.067664705054285,-0.7479201478899578,2026-04-28,4.0,0,True,False
