window,metodo,horizon_week,n_trimestri,RMSE,sett_al_rilascio,pieno
2007-2019,ar2,-13,2,1.848898255731422,30.142857142857142,False
2007-2019,ar2,-12,46,2.753283125987368,29.496894409937887,True
2007-2019,ar2,-11,46,2.753283125987368,28.496894409937887,True
2007-2019,ar2,-10,46,2.753283125987368,27.496894409937887,True
2007-2019,ar2,-9,46,2.75304519414216,26.496894409937887,True
2007-2019,ar2,-8,46,2.5815534514737015,25.496894409937887,True
2007-2019,ar2,-7,46,2.5815534514737015,24.496894409937887,True
2007-2019,ar2,-6,46,2.5815534514737015,23.496894409937887,True
2007-2019,ar2,-5,46,2.5815534514737015,22.496894409937887,True
2007-2019,ar2,-4,46,2.5815534514737015,21.496894409937887,True
2007-2019,ar2,-3,46,2.5815534514737015,20.496894409937887,True
2007-2019,ar2,-2,46,2.5815534514737015,19.496894409937887,True
2007-2019,ar2,-1,46,2.5815534514737015,18.496894409937887,True
2007-2019,ar2,0,46,2.5815534514737015,17.496894409937887,True
2007-2019,ar2,1,46,2.5815534514737015,16.496894409937887,True
2007-2019,ar2,2,46,2.5815534514737015,15.49689440993789,True
2007-2019,ar2,3,46,2.5815534514737015,14.49689440993789,True
2007-2019,ar2,4,46,2.5944931909295903,13.49689440993789,True
2007-2019,ar2,5,46,2.41148233167279,12.49689440993789,True
2007-2019,ar2,6,46,2.41148233167279,11.49689440993789,True
2007-2019,ar2,7,46,2.41148233167279,10.49689440993789,True
2007-2019,ar2,8,46,2.41148233167279,9.49689440993789,True
2007-2019,ar2,9,46,2.41148233167279,8.49689440993789,True
2007-2019,ar2,10,46,2.41148233167279,7.496894409937888,True
2007-2019,ar2,11,46,2.41148233167279,6.496894409937888,True
2007-2019,ar2,12,46,2.41148233167279,5.496894409937888,True
2007-2019,ar2,13,46,2.41148233167279,4.496894409937888,True
2007-2019,ar2,14,46,2.41148233167279,3.4968944099378882,True
2007-2019,ar2,15,46,2.41148233167279,2.4968944099378882,True
2007-2019,ar2,16,46,2.41148233167279,1.496894409937888,True
2007-2019,ar2,17,46,2.41148233167279,0.4968944099378882,True
2007-2019,diag4/gaussian,-13,2,0.8740671684677069,30.142857142857142,False
2007-2019,diag4/gaussian,-12,46,2.712542639909596,29.496894409937887,True
2007-2019,diag4/gaussian,-11,46,2.707752542596179,28.496894409937887,True
2007-2019,diag4/gaussian,-10,46,2.6428156442554154,27.496894409937887,True
2007-2019,diag4/gaussian,-9,46,2.6049504516215185,26.496894409937887,True
2007-2019,diag4/gaussian,-8,46,2.6560979562472884,25.496894409937887,True
2007-2019,diag4/gaussian,-7,46,2.6213134382998247,24.496894409937887,True
2007-2019,diag4/gaussian,-6,46,2.630268623945064,23.496894409937887,True
2007-2019,diag4/gaussian,-5,46,2.537331814984484,22.496894409937887,True
2007-2019,diag4/gaussian,-4,46,2.5407530506668614,21.496894409937887,True
2007-2019,diag4/gaussian,-3,46,2.536467829451143,20.496894409937887,True
2007-2019,diag4/gaussian,-2,46,2.523555665527925,19.496894409937887,True
2007-2019,diag4/gaussian,-1,46,2.340686277905514,18.496894409937887,True
2007-2019,diag4/gaussian,0,46,2.3320483368995015,17.496894409937887,True
2007-2019,diag4/gaussian,1,46,2.273624117122573,16.496894409937887,True
2007-2019,diag4/gaussian,2,46,2.18059595424362,15.49689440993789,True
2007-2019,diag4/gaussian,3,46,1.9314651504111875,14.49689440993789,True
2007-2019,diag4/gaussian,4,46,1.8309817763351492,13.49689440993789,True
2007-2019,diag4/gaussian,5,46,1.811130110318372,12.49689440993789,True
2007-2019,diag4/gaussian,6,46,1.6986002381828227,11.49689440993789,True
2007-2019,diag4/gaussian,7,46,1.6855159347270712,10.49689440993789,True
2007-2019,diag4/gaussian,8,46,1.9203280206807687,9.49689440993789,True
2007-2019,diag4/gaussian,9,46,1.9084617569865974,8.49689440993789,True
2007-2019,diag4/gaussian,10,46,1.8569326219591749,7.496894409937888,True
2007-2019,diag4/gaussian,11,46,1.8561279376485074,6.496894409937888,True
2007-2019,diag4/gaussian,12,46,1.894203948105532,5.496894409937888,True
2007-2019,diag4/gaussian,13,46,1.9155598712305029,4.496894409937888,True
2007-2019,diag4/gaussian,14,46,1.9072088226264925,3.4968944099378882,True
2007-2019,diag4/gaussian,15,46,1.9182655138486067,2.4968944099378882,True
2007-2019,diag4/gaussian,16,46,1.9198132093277975,1.496894409937888,True
2007-2019,diag4/gaussian,17,46,1.9233963019391618,0.4968944099378882,True
2007-2019,diag4/gaussian_ar1,-13,2,1.015745084524632,30.142857142857142,False
2007-2019,diag4/gaussian_ar1,-12,46,2.697622667772729,29.496894409937887,True
2007-2019,diag4/gaussian_ar1,-11,46,2.6967944751338746,28.496894409937887,True
2007-2019,diag4/gaussian_ar1,-10,46,2.6375368250879543,27.496894409937887,True
2007-2019,diag4/gaussian_ar1,-9,46,2.6020288329005403,26.496894409937887,True
2007-2019,diag4/gaussian_ar1,-8,46,2.616758210939535,25.496894409937887,True
2007-2019,diag4/gaussian_ar1,-7,46,2.572287263492451,24.496894409937887,True
2007-2019,diag4/gaussian_ar1,-6,46,2.582505621125302,23.496894409937887,True
2007-2019,diag4/gaussian_ar1,-5,46,2.5282804206358045,22.496894409937887,True
2007-2019,diag4/gaussian_ar1,-4,46,2.527388245781667,21.496894409937887,True
2007-2019,diag4/gaussian_ar1,-3,46,2.5246221684675425,20.496894409937887,True
2007-2019,diag4/gaussian_ar1,-2,46,2.5150753608760623,19.496894409937887,True
2007-2019,diag4/gaussian_ar1,-1,46,2.3451267692965434,18.496894409937887,True
2007-2019,diag4/gaussian_ar1,0,46,2.3399373650755217,17.496894409937887,True
2007-2019,diag4/gaussian_ar1,1,46,2.2270253532315545,16.496894409937887,True
2007-2019,diag4/gaussian_ar1,2,46,2.1742979569183802,15.49689440993789,True
2007-2019,diag4/gaussian_ar1,3,46,1.9363307482132432,14.49689440993789,True
2007-2019,diag4/gaussian_ar1,4,46,1.845321427107019,13.49689440993789,True
2007-2019,diag4/gaussian_ar1,5,46,1.8081093770783856,12.49689440993789,True
2007-2019,diag4/gaussian_ar1,6,46,1.6986245964473061,11.49689440993789,True
2007-2019,diag4/gaussian_ar1,7,46,1.6914804034807072,10.49689440993789,True
2007-2019,diag4/gaussian_ar1,8,46,1.9537071328329143,9.49689440993789,True
2007-2019,diag4/gaussian_ar1,9,46,1.944734513161872,8.49689440993789,True
2007-2019,diag4/gaussian_ar1,10,46,1.883034718038199,7.496894409937888,True
2007-2019,diag4/gaussian_ar1,11,46,1.8854359388854225,6.496894409937888,True
2007-2019,diag4/gaussian_ar1,12,46,1.9201377761983291,5.496894409937888,True
2007-2019,diag4/gaussian_ar1,13,46,1.9408519772985497,4.496894409937888,True
2007-2019,diag4/gaussian_ar1,14,46,1.9098395486455935,3.4968944099378882,True
2007-2019,diag4/gaussian_ar1,15,46,1.9236029677983364,2.4968944099378882,True
2007-2019,diag4/gaussian_ar1,16,46,1.915657050492364,1.496894409937888,True
2007-2019,diag4/gaussian_ar1,17,46,1.9145326506791112,0.4968944099378882,True
2007-2019,diag4/student_t,-13,2,0.9949129619502957,30.142857142857142,False
2007-2019,diag4/student_t,-12,46,2.6616971428569753,29.496894409937887,True
2007-2019,diag4/student_t,-11,46,2.648671559189934,28.496894409937887,True
2007-2019,diag4/student_t,-10,46,2.59977733831956,27.496894409937887,True
2007-2019,diag4/student_t,-9,46,2.5615085556367507,26.496894409937887,True
2007-2019,diag4/student_t,-8,46,2.607167919581367,25.496894409937887,True
2007-2019,diag4/student_t,-7,46,2.578990012898375,24.496894409937887,True
2007-2019,diag4/student_t,-6,46,2.5898316128873784,23.496894409937887,True
2007-2019,diag4/student_t,-5,46,2.50836651218935,22.496894409937887,True
2007-2019,diag4/student_t,-4,46,2.5138754454027623,21.496894409937887,True
2007-2019,diag4/student_t,-3,46,2.5015179005757417,20.496894409937887,True
2007-2019,diag4/student_t,-2,46,2.496645902698402,19.496894409937887,True
2007-2019,diag4/student_t,-1,46,2.3571225947365964,18.496894409937887,True
2007-2019,diag4/student_t,0,46,2.3484530300794835,17.496894409937887,True
2007-2019,diag4/student_t,1,46,2.283163980678722,16.496894409937887,True
2007-2019,diag4/student_t,2,46,2.188694497525482,15.49689440993789,True
2007-2019,diag4/student_t,3,46,1.954339193934299,14.49689440993789,True
2007-2019,diag4/student_t,4,46,1.8613352798328264,13.49689440993789,True
2007-2019,diag4/student_t,5,46,1.8433426568696434,12.49689440993789,True
2007-2019,diag4/student_t,6,46,1.741768038187959,11.49689440993789,True
2007-2019,diag4/student_t,7,46,1.7388975947769447,10.49689440993789,True
2007-2019,diag4/student_t,8,46,1.9084787393489653,9.49689440993789,True
2007-2019,diag4/student_t,9,46,1.8996860464835743,8.49689440993789,True
2007-2019,diag4/student_t,10,46,1.8441185608286004,7.496894409937888,True
2007-2019,diag4/student_t,11,46,1.8455063818497817,6.496894409937888,True
2007-2019,diag4/student_t,12,46,1.877218887354426,5.496894409937888,True
2007-2019,diag4/student_t,13,46,1.8941117229406743,4.496894409937888,True
2007-2019,diag4/student_t,14,46,1.8835036604283797,3.4968944099378882,True
2007-2019,diag4/student_t,15,46,1.8845268157415278,2.4968944099378882,True
2007-2019,diag4/student_t,16,46,1.8824351531179098,1.496894409937888,True
2007-2019,diag4/student_t,17,46,1.878810943169391,0.4968944099378882,True
2007-2019,diag4/student_t_ar1,-13,2,0.9843944785493355,30.142857142857142,False
2007-2019,diag4/student_t_ar1,-12,46,2.6431629369930936,29.496894409937887,True
2007-2019,diag4/student_t_ar1,-11,46,2.63242175662547,28.496894409937887,True
2007-2019,diag4/student_t_ar1,-10,46,2.5916631232508243,27.496894409937887,True
2007-2019,diag4/student_t_ar1,-9,46,2.5605281394194446,26.496894409937887,True
2007-2019,diag4/student_t_ar1,-8,46,2.5661641629404737,25.496894409937887,True
2007-2019,diag4/student_t_ar1,-7,46,2.5128922325167076,24.496894409937887,True
2007-2019,diag4/student_t_ar1,-6,46,2.5236414103368268,23.496894409937887,True
2007-2019,diag4/student_t_ar1,-5,46,2.4771355603505376,22.496894409937887,True
2007-2019,diag4/student_t_ar1,-4,46,2.4764844572971567,21.496894409937887,True
2007-2019,diag4/student_t_ar1,-3,46,2.4672992344197726,20.496894409937887,True
2007-2019,diag4/student_t_ar1,-2,46,2.466116941331992,19.496894409937887,True
2007-2019,diag4/student_t_ar1,-1,46,2.3270503518998646,18.496894409937887,True
2007-2019,diag4/student_t_ar1,0,46,2.3201203424824284,17.496894409937887,True
2007-2019,diag4/student_t_ar1,1,46,2.2113642276041774,16.496894409937887,True
2007-2019,diag4/student_t_ar1,2,46,2.1487133273330357,15.49689440993789,True
2007-2019,diag4/student_t_ar1,3,46,1.90745069729132,14.49689440993789,True
2007-2019,diag4/student_t_ar1,4,46,1.8287286650390588,13.49689440993789,True
2007-2019,diag4/student_t_ar1,5,46,1.8024845046124276,12.49689440993789,True
2007-2019,diag4/student_t_ar1,6,46,1.6996020548811395,11.49689440993789,True
2007-2019,diag4/student_t_ar1,7,46,1.6639199339391704,10.49689440993789,True
2007-2019,diag4/student_t_ar1,8,46,1.948900593898206,9.49689440993789,True
2007-2019,diag4/student_t_ar1,9,46,1.9439153226238552,8.49689440993789,True
2007-2019,diag4/student_t_ar1,10,46,1.8794488874899962,7.496894409937888,True
2007-2019,diag4/student_t_ar1,11,46,1.8810591198209008,6.496894409937888,True
2007-2019,diag4/student_t_ar1,12,46,1.9432647781445425,5.496894409937888,True
2007-2019,diag4/student_t_ar1,13,46,1.9607727661699328,4.496894409937888,True
2007-2019,diag4/student_t_ar1,14,46,1.9372625895436804,3.4968944099378882,True
2007-2019,diag4/student_t_ar1,15,46,1.9429778241609343,2.4968944099378882,True
2007-2019,diag4/student_t_ar1,16,46,1.9395288164740094,1.496894409937888,True
2007-2019,diag4/student_t_ar1,17,46,1.9417214891170522,0.4968944099378882,True
2007-2019,diag4/student_t_ar1_shared,-13,2,0.8173614229458468,30.142857142857142,False
2007-2019,diag4/student_t_ar1_shared,-12,46,2.683847358550201,29.496894409937887,True
2007-2019,diag4/student_t_ar1_shared,-11,46,2.6734982688966604,28.496894409937887,True
2007-2019,diag4/student_t_ar1_shared,-10,46,2.6289959693732152,27.496894409937887,True
2007-2019,diag4/student_t_ar1_shared,-9,46,2.5988020927586404,26.496894409937887,True
2007-2019,diag4/student_t_ar1_shared,-8,46,2.619197993617493,25.496894409937887,True
2007-2019,diag4/student_t_ar1_shared,-7,46,2.582240010605831,24.496894409937887,True
2007-2019,diag4/student_t_ar1_shared,-6,46,2.5935333837825265,23.496894409937887,True
2007-2019,diag4/student_t_ar1_shared,-5,46,2.5315676928319277,22.496894409937887,True
2007-2019,diag4/student_t_ar1_shared,-4,46,2.5304216598880362,21.496894409937887,True
2007-2019,diag4/student_t_ar1_shared,-3,46,2.5246137253834395,20.496894409937887,True
2007-2019,diag4/student_t_ar1_shared,-2,46,2.519770658738959,19.496894409937887,True
2007-2019,diag4/student_t_ar1_shared,-1,46,2.388682145834029,18.496894409937887,True
2007-2019,diag4/student_t_ar1_shared,0,46,2.3811002095036233,17.496894409937887,True
2007-2019,diag4/student_t_ar1_shared,1,46,2.27312688789765,16.496894409937887,True
2007-2019,diag4/student_t_ar1_shared,2,46,2.1911448025848728,15.49689440993789,True
2007-2019,diag4/student_t_ar1_shared,3,46,1.9531683858360442,14.49689440993789,True
2007-2019,diag4/student_t_ar1_shared,4,46,1.8755529644410869,13.49689440993789,True
2007-2019,diag4/student_t_ar1_shared,5,46,1.851899631881676,12.49689440993789,True
2007-2019,diag4/student_t_ar1_shared,6,46,1.749507731238803,11.49689440993789,True
2007-2019,diag4/student_t_ar1_shared,7,46,1.7560848717783077,10.49689440993789,True
2007-2019,diag4/student_t_ar1_shared,8,46,1.9245448509981387,9.49689440993789,True
2007-2019,diag4/student_t_ar1_shared,9,46,1.9198430855221207,8.49689440993789,True
2007-2019,diag4/student_t_ar1_shared,10,46,1.8609331545822343,7.496894409937888,True
2007-2019,diag4/student_t_ar1_shared,11,46,1.8569644784836872,6.496894409937888,True
2007-2019,diag4/student_t_ar1_shared,12,46,1.8831623439741807,5.496894409937888,True
2007-2019,diag4/student_t_ar1_shared,13,46,1.9003505662477445,4.496894409937888,True
2007-2019,diag4/student_t_ar1_shared,14,46,1.8746763109952966,3.4968944099378882,True
2007-2019,diag4/student_t_ar1_shared,15,46,1.8796846860342131,2.4968944099378882,True
2007-2019,diag4/student_t_ar1_shared,16,46,1.8709700427679776,1.496894409937888,True
2007-2019,diag4/student_t_ar1_shared,17,46,1.8610855309657421,0.4968944099378882,True
2007-2019,mean,-13,2,1.329439004441577,30.142857142857142,False
2007-2019,mean,-12,46,2.732721738994244,29.496894409937887,True
2007-2019,mean,-11,46,2.732721738994244,28.496894409937887,True
2007-2019,mean,-10,46,2.732721738994244,27.496894409937887,True
2007-2019,mean,-9,46,2.7328974094191536,26.496894409937887,True
2007-2019,mean,-8,46,2.7216569790378973,25.496894409937887,True
2007-2019,mean,-7,46,2.7216569790378973,24.496894409937887,True
2007-2019,mean,-6,46,2.7216569790378973,23.496894409937887,True
2007-2019,mean,-5,46,2.7216569790378973,22.496894409937887,True
2007-2019,mean,-4,46,2.7216569790378973,21.496894409937887,True
2007-2019,mean,-3,46,2.7216569790378973,20.496894409937887,True
2007-2019,mean,-2,46,2.7216569790378973,19.496894409937887,True
2007-2019,mean,-1,46,2.7216569790378973,18.496894409937887,True
2007-2019,mean,0,46,2.7216569790378973,17.496894409937887,True
2007-2019,mean,1,46,2.7216569790378973,16.496894409937887,True
2007-2019,mean,2,46,2.7216569790378973,15.49689440993789,True
2007-2019,mean,3,46,2.7216569790378973,14.49689440993789,True
2007-2019,mean,4,46,2.7220699107140587,13.49689440993789,True
2007-2019,mean,5,46,2.706156436834527,12.49689440993789,True
2007-2019,mean,6,46,2.706156436834527,11.49689440993789,True
2007-2019,mean,7,46,2.706156436834527,10.49689440993789,True
2007-2019,mean,8,46,2.706156436834527,9.49689440993789,True
2007-2019,mean,9,46,2.706156436834527,8.49689440993789,True
2007-2019,mean,10,46,2.706156436834527,7.496894409937888,True
2007-2019,mean,11,46,2.706156436834527,6.496894409937888,True
2007-2019,mean,12,46,2.706156436834527,5.496894409937888,True
2007-2019,mean,13,46,2.706156436834527,4.496894409937888,True
2007-2019,mean,14,46,2.706156436834527,3.4968944099378882,True
2007-2019,mean,15,46,2.706156436834527,2.4968944099378882,True
2007-2019,mean,16,46,2.706156436834527,1.496894409937888,True
2007-2019,mean,17,46,2.706156436834527,0.4968944099378882,True
2007-2019,nyfed,-5,6,1.8605628516211414,22.190476190476193,False
2007-2019,nyfed,-4,42,2.915095769972087,21.48639455782313,False
2007-2019,nyfed,-3,46,2.7937659541857847,20.496894409937887,True
2007-2019,nyfed,-2,46,2.7270022890087025,19.496894409937887,True
2007-2019,nyfed,-1,46,2.642910550777165,18.496894409937887,True
2007-2019,nyfed,0,46,2.6436366322287097,17.496894409937887,True
2007-2019,nyfed,1,46,2.4906482962209426,16.496894409937887,True
2007-2019,nyfed,2,46,2.4253827262093526,15.49689440993789,True
2007-2019,nyfed,3,46,2.2159426523624925,14.49689440993789,True
2007-2019,nyfed,4,46,2.233870484343654,13.49689440993789,True
2007-2019,nyfed,5,46,2.1891442646330277,12.49689440993789,True
2007-2019,nyfed,6,46,2.123793614090907,11.49689440993789,True
2007-2019,nyfed,7,46,1.9871058314471943,10.49689440993789,True
2007-2019,nyfed,8,46,1.9886351216123144,9.49689440993789,True
2007-2019,nyfed,9,46,1.9106500464613208,8.49689440993789,True
2007-2019,nyfed,10,46,1.9071832397862847,7.496894409937888,True
2007-2019,nyfed,11,46,1.8003308617918945,6.496894409937888,True
2007-2019,nyfed,12,46,1.7908892939687429,5.496894409937888,True
2007-2019,nyfed,13,46,1.7479655216850933,4.496894409937888,True
2007-2019,nyfed,14,46,1.7461469364565827,3.4968944099378882,True
2007-2019,nyfed,15,46,1.749756813952568,2.4968944099378882,True
2007-2019,nyfed,16,46,1.7357173948038334,1.496894409937888,True
2007-2019,nyfed,17,46,1.7293985961775036,0.4968944099378882,True
2007-2021,ar2,-13,2,1.848898255731422,30.142857142857142,False
2007-2021,ar2,-12,54,7.106777925007624,29.52645502645503,True
2007-2021,ar2,-11,54,7.106777925007624,28.52645502645503,True
2007-2021,ar2,-10,54,7.106777925007624,27.52645502645503,True
2007-2021,ar2,-9,54,7.106699405348345,26.52645502645503,True
2007-2021,ar2,-8,54,7.345390454019801,25.52645502645503,True
2007-2021,ar2,-7,54,7.345390454019801,24.52645502645503,True
2007-2021,ar2,-6,54,7.345390454019801,23.52645502645503,True
2007-2021,ar2,-5,54,7.345390454019801,22.52645502645503,True
2007-2021,ar2,-4,54,7.345390454019801,21.52645502645503,True
2007-2021,ar2,-3,54,7.345390454019801,20.52645502645503,True
2007-2021,ar2,-2,54,7.345390454019801,19.52645502645503,True
2007-2021,ar2,-1,54,7.345390454019801,18.52645502645503,True
2007-2021,ar2,0,54,7.345390454019801,17.52645502645503,True
2007-2021,ar2,1,54,7.345390454019801,16.52645502645503,True
2007-2021,ar2,2,54,7.345390454019801,15.526455026455027,True
2007-2021,ar2,3,54,7.345390454019801,14.526455026455027,True
2007-2021,ar2,4,54,7.349273103079067,13.526455026455027,True
2007-2021,ar2,5,54,8.959234292457165,12.526455026455027,True
2007-2021,ar2,6,54,8.959234292457165,11.526455026455027,True
2007-2021,ar2,7,54,8.959234292457165,10.526455026455027,True
2007-2021,ar2,8,54,8.959234292457165,9.526455026455027,True
2007-2021,ar2,9,54,8.959234292457165,8.526455026455027,True
2007-2021,ar2,10,54,8.959234292457165,7.526455026455026,True
2007-2021,ar2,11,54,8.959234292457165,6.526455026455026,True
2007-2021,ar2,12,54,8.959234292457165,5.526455026455026,True
2007-2021,ar2,13,54,8.959234292457165,4.526455026455027,True
2007-2021,ar2,14,54,8.959234292457165,3.5264550264550265,True
2007-2021,ar2,15,54,8.959234292457165,2.5264550264550265,True
2007-2021,ar2,16,54,8.959234292457165,1.5264550264550265,True
2007-2021,ar2,17,54,8.959234292457165,0.5264550264550264,True
2007-2021,diag4/gaussian,-13,2,0.8740671684677069,30.142857142857142,False
2007-2021,diag4/gaussian,-12,54,6.653032994215281,29.52645502645503,True
2007-2021,diag4/gaussian,-11,54,6.755452422642254,28.52645502645503,True
2007-2021,diag4/gaussian,-10,54,6.833751449302791,27.52645502645503,True
2007-2021,diag4/gaussian,-9,54,6.869234001423991,26.52645502645503,True
2007-2021,diag4/gaussian,-8,54,6.915231878588669,25.52645502645503,True
2007-2021,diag4/gaussian,-7,54,7.323931802799876,24.52645502645503,True
2007-2021,diag4/gaussian,-6,54,7.340083722501057,23.52645502645503,True
2007-2021,diag4/gaussian,-5,54,7.339161290519192,22.52645502645503,True
2007-2021,diag4/gaussian,-4,54,7.340370417031477,21.52645502645503,True
2007-2021,diag4/gaussian,-3,54,6.531492399283139,20.52645502645503,True
2007-2021,diag4/gaussian,-2,54,6.51617706906126,19.52645502645503,True
2007-2021,diag4/gaussian,-1,54,6.666535464066457,18.52645502645503,True
2007-2021,diag4/gaussian,0,54,6.65120894988715,17.52645502645503,True
2007-2021,diag4/gaussian,1,54,6.363862718972996,16.52645502645503,True
2007-2021,diag4/gaussian,2,54,5.871662699404115,15.526455026455027,True
2007-2021,diag4/gaussian,3,54,5.211011734312608,14.526455026455027,True
2007-2021,diag4/gaussian,4,54,5.128401392559893,13.526455026455027,True
2007-2021,diag4/gaussian,5,54,4.696019015158787,12.526455026455027,True
2007-2021,diag4/gaussian,6,54,3.9456082982489424,11.526455026455027,True
2007-2021,diag4/gaussian,7,54,3.8252857061374756,10.526455026455027,True
2007-2021,diag4/gaussian,8,54,3.296706582207076,9.526455026455027,True
2007-2021,diag4/gaussian,9,54,3.288881563889255,8.526455026455027,True
2007-2021,diag4/gaussian,10,54,3.294555944946405,7.526455026455026,True
2007-2021,diag4/gaussian,11,54,3.2889332364931807,6.526455026455026,True
2007-2021,diag4/gaussian,12,54,3.201694329129392,5.526455026455026,True
2007-2021,diag4/gaussian,13,54,3.2053834559514547,4.526455026455027,True
2007-2021,diag4/gaussian,14,54,3.2121852039360514,3.5264550264550265,True
2007-2021,diag4/gaussian,15,54,3.204954303235335,2.5264550264550265,True
2007-2021,diag4/gaussian,16,54,3.278991321707109,1.5264550264550265,True
2007-2021,diag4/gaussian,17,54,3.3403380220738033,0.5264550264550264,True
2007-2021,diag4/gaussian_ar1,-13,2,1.015745084524632,30.142857142857142,False
2007-2021,diag4/gaussian_ar1,-12,54,6.665757864013471,29.52645502645503,True
2007-2021,diag4/gaussian_ar1,-11,54,6.809907787237554,28.52645502645503,True
2007-2021,diag4/gaussian_ar1,-10,54,6.8948830453477505,27.52645502645503,True
2007-2021,diag4/gaussian_ar1,-9,54,6.9263088345968,26.52645502645503,True
2007-2021,diag4/gaussian_ar1,-8,54,7.058954922767345,25.52645502645503,True
2007-2021,diag4/gaussian_ar1,-7,54,7.560335085569451,24.52645502645503,True
2007-2021,diag4/gaussian_ar1,-6,54,7.572668295361642,23.52645502645503,True
2007-2021,diag4/gaussian_ar1,-5,54,7.451015713400372,22.52645502645503,True
2007-2021,diag4/gaussian_ar1,-4,54,7.450869362799458,21.52645502645503,True
2007-2021,diag4/gaussian_ar1,-3,54,6.704108238826071,20.52645502645503,True
2007-2021,diag4/gaussian_ar1,-2,54,6.689614627547138,19.52645502645503,True
2007-2021,diag4/gaussian_ar1,-1,54,6.6508279404879564,18.52645502645503,True
2007-2021,diag4/gaussian_ar1,0,54,6.641103126266398,17.52645502645503,True
2007-2021,diag4/gaussian_ar1,1,54,6.357623530477238,16.52645502645503,True
2007-2021,diag4/gaussian_ar1,2,54,5.973730698511226,15.526455026455027,True
2007-2021,diag4/gaussian_ar1,3,54,5.376191168443368,14.526455026455027,True
2007-2021,diag4/gaussian_ar1,4,54,5.341605258405684,13.526455026455027,True
2007-2021,diag4/gaussian_ar1,5,54,5.005944364312152,12.526455026455027,True
2007-2021,diag4/gaussian_ar1,6,54,4.13636607242052,11.526455026455027,True
2007-2021,diag4/gaussian_ar1,7,54,4.0138655452750225,10.526455026455027,True
2007-2021,diag4/gaussian_ar1,8,54,3.543213386602564,9.526455026455027,True
2007-2021,diag4/gaussian_ar1,9,54,3.5364280011042,8.526455026455027,True
2007-2021,diag4/gaussian_ar1,10,54,3.443654924422506,7.526455026455026,True
2007-2021,diag4/gaussian_ar1,11,54,3.4341022567809882,6.526455026455026,True
2007-2021,diag4/gaussian_ar1,12,54,3.342378334959583,5.526455026455026,True
2007-2021,diag4/gaussian_ar1,13,54,3.348753241039784,4.526455026455027,True
2007-2021,diag4/gaussian_ar1,14,54,3.583468521569185,3.5264550264550265,True
2007-2021,diag4/gaussian_ar1,15,54,3.5886718315926673,2.5264550264550265,True
2007-2021,diag4/gaussian_ar1,16,54,3.65103381568967,1.5264550264550265,True
2007-2021,diag4/gaussian_ar1,17,54,3.687667339193665,0.5264550264550264,True
2007-2021,diag4/student_t,-13,2,0.9949129619502957,30.142857142857142,False
2007-2021,diag4/student_t,-12,54,6.620239578050131,29.52645502645503,True
2007-2021,diag4/student_t,-11,54,6.6683915327815875,28.52645502645503,True
2007-2021,diag4/student_t,-10,54,6.689266338025446,27.52645502645503,True
2007-2021,diag4/student_t,-9,54,6.692401941169712,26.52645502645503,True
2007-2021,diag4/student_t,-8,54,6.777903981338293,25.52645502645503,True
2007-2021,diag4/student_t,-7,54,6.976250058776512,24.52645502645503,True
2007-2021,diag4/student_t,-6,54,7.0268610354052266,23.52645502645503,True
2007-2021,diag4/student_t,-5,54,7.044690456762145,22.52645502645503,True
2007-2021,diag4/student_t,-4,54,7.044914575222746,21.52645502645503,True
2007-2021,diag4/student_t,-3,54,6.017363538829689,20.52645502645503,True
2007-2021,diag4/student_t,-2,54,6.034920744036515,19.52645502645503,True
2007-2021,diag4/student_t,-1,54,6.329313026194924,18.52645502645503,True
2007-2021,diag4/student_t,0,54,6.329479767083289,17.52645502645503,True
2007-2021,diag4/student_t,1,54,6.220523114409394,16.52645502645503,True
2007-2021,diag4/student_t,2,54,5.661078581271036,15.526455026455027,True
2007-2021,diag4/student_t,3,54,5.230503534525561,14.526455026455027,True
2007-2021,diag4/student_t,4,54,5.17953841725667,13.526455026455027,True
2007-2021,diag4/student_t,5,54,4.682948402256035,12.526455026455027,True
2007-2021,diag4/student_t,6,54,4.898047726644602,11.526455026455027,True
2007-2021,diag4/student_t,7,54,4.230743106379219,10.526455026455027,True
2007-2021,diag4/student_t,8,54,4.053732561073782,9.526455026455027,True
2007-2021,diag4/student_t,9,54,4.048273276734022,8.526455026455027,True
2007-2021,diag4/student_t,10,54,4.326582623392536,7.526455026455026,True
2007-2021,diag4/student_t,11,54,4.294185546370983,6.526455026455026,True
2007-2021,diag4/student_t,12,54,3.8826095370413034,5.526455026455026,True
2007-2021,diag4/student_t,13,54,3.8887565248140015,4.526455026455027,True
2007-2021,diag4/student_t,14,54,3.8835243886323267,3.5264550264550265,True
2007-2021,diag4/student_t,15,54,3.9072653569706453,2.5264550264550265,True
2007-2021,diag4/student_t,16,54,3.9737928911937,1.5264550264550265,True
2007-2021,diag4/student_t,17,54,4.005431761654301,0.5264550264550264,True
2007-2021,diag4/student_t_ar1,-13,2,0.9843944785493355,30.142857142857142,False
2007-2021,diag4/student_t_ar1,-12,54,6.6461942461992525,29.52645502645503,True
2007-2021,diag4/student_t_ar1,-11,54,6.742792459997967,28.52645502645503,True
2007-2021,diag4/student_t_ar1,-10,54,6.760447071369344,27.52645502645503,True
2007-2021,diag4/student_t_ar1,-9,54,6.770216122005539,26.52645502645503,True
2007-2021,diag4/student_t_ar1,-8,54,6.88340232661406,25.52645502645503,True
2007-2021,diag4/student_t_ar1,-7,54,7.24176626959754,24.52645502645503,True
2007-2021,diag4/student_t_ar1,-6,54,7.608975682724676,23.52645502645503,True
2007-2021,diag4/student_t_ar1,-5,54,7.270693336098309,22.52645502645503,True
2007-2021,diag4/student_t_ar1,-4,54,7.270551627518217,21.52645502645503,True
2007-2021,diag4/student_t_ar1,-3,54,6.176062572909698,20.52645502645503,True
2007-2021,diag4/student_t_ar1,-2,54,6.170000776390904,19.52645502645503,True
2007-2021,diag4/student_t_ar1,-1,54,6.785771799356773,18.52645502645503,True
2007-2021,diag4/student_t_ar1,0,54,6.781304066337598,17.52645502645503,True
2007-2021,diag4/student_t_ar1,1,54,6.583375898135576,16.52645502645503,True
2007-2021,diag4/student_t_ar1,2,54,6.1518475101606285,15.526455026455027,True
2007-2021,diag4/student_t_ar1,3,54,5.503756798818105,14.526455026455027,True
2007-2021,diag4/student_t_ar1,4,54,5.4712734018793086,13.526455026455027,True
2007-2021,diag4/student_t_ar1,5,54,5.024205969320389,12.526455026455027,True
2007-2021,diag4/student_t_ar1,6,54,4.711917093961304,11.526455026455027,True
2007-2021,diag4/student_t_ar1,7,54,4.334027986097668,10.526455026455027,True
2007-2021,diag4/student_t_ar1,8,54,3.50967794825665,9.526455026455027,True
2007-2021,diag4/student_t_ar1,9,54,3.506266005232646,8.526455026455027,True
2007-2021,diag4/student_t_ar1,10,54,3.8825878349896685,7.526455026455026,True
2007-2021,diag4/student_t_ar1,11,54,3.830841610710449,6.526455026455026,True
2007-2021,diag4/student_t_ar1,12,54,3.069100887768202,5.526455026455026,True
2007-2021,diag4/student_t_ar1,13,54,3.0784515169717137,4.526455026455027,True
2007-2021,diag4/student_t_ar1,14,54,3.066990086449741,3.5264550264550265,True
2007-2021,diag4/student_t_ar1,15,54,3.1158574646167794,2.5264550264550265,True
2007-2021,diag4/student_t_ar1,16,54,3.2305284066738666,1.5264550264550265,True
2007-2021,diag4/student_t_ar1,17,54,3.2802171645933154,0.5264550264550264,True
2007-2021,diag4/student_t_ar1_shared,-13,2,0.8173614229458468,30.142857142857142,False
2007-2021,diag4/student_t_ar1_shared,-12,54,6.631361348278406,29.52645502645503,True
2007-2021,diag4/student_t_ar1_shared,-11,54,6.720411545914099,28.52645502645503,True
2007-2021,diag4/student_t_ar1_shared,-10,54,6.742256252368558,27.52645502645503,True
2007-2021,diag4/student_t_ar1_shared,-9,54,6.746712755665682,26.52645502645503,True
2007-2021,diag4/student_t_ar1_shared,-8,54,6.985713731237943,25.52645502645503,True
2007-2021,diag4/student_t_ar1_shared,-7,54,7.240596415379238,24.52645502645503,True
2007-2021,diag4/student_t_ar1_shared,-6,54,7.277800715194262,23.52645502645503,True
2007-2021,diag4/student_t_ar1_shared,-5,54,7.2385145992912445,22.52645502645503,True
2007-2021,diag4/student_t_ar1_shared,-4,54,7.240532197538475,21.52645502645503,True
2007-2021,diag4/student_t_ar1_shared,-3,54,6.23321021364402,20.52645502645503,True
2007-2021,diag4/student_t_ar1_shared,-2,54,6.256874134404358,19.52645502645503,True
2007-2021,diag4/student_t_ar1_shared,-1,54,6.3966235890613286,18.52645502645503,True
2007-2021,diag4/student_t_ar1_shared,0,54,6.4015634978427025,17.52645502645503,True
2007-2021,diag4/student_t_ar1_shared,1,54,6.267750811023646,16.52645502645503,True
2007-2021,diag4/student_t_ar1_shared,2,54,5.612250277902608,15.526455026455027,True
2007-2021,diag4/student_t_ar1_shared,3,54,5.2457794389892065,14.526455026455027,True
2007-2021,diag4/student_t_ar1_shared,4,54,5.214056136997107,13.526455026455027,True
2007-2021,diag4/student_t_ar1_shared,5,54,4.390711669869517,12.526455026455027,True
2007-2021,diag4/student_t_ar1_shared,6,54,4.71194947444254,11.526455026455027,True
2007-2021,diag4/student_t_ar1_shared,7,54,3.9180466923213677,10.526455026455027,True
2007-2021,diag4/student_t_ar1_shared,8,54,4.003652275976844,9.526455026455027,True
2007-2021,diag4/student_t_ar1_shared,9,54,3.9909574344227448,8.526455026455027,True
2007-2021,diag4/student_t_ar1_shared,10,54,4.135264850096511,7.526455026455026,True
2007-2021,diag4/student_t_ar1_shared,11,54,4.102327852242375,6.526455026455026,True
2007-2021,diag4/student_t_ar1_shared,12,54,3.8439520923084958,5.526455026455026,True
2007-2021,diag4/student_t_ar1_shared,13,54,3.850355617917817,4.526455026455027,True
2007-2021,diag4/student_t_ar1_shared,14,54,3.843599948609478,3.5264550264550265,True
2007-2021,diag4/student_t_ar1_shared,15,54,3.854980454706058,2.5264550264550265,True
2007-2021,diag4/student_t_ar1_shared,16,54,3.907664389232915,1.5264550264550265,True
2007-2021,diag4/student_t_ar1_shared,17,54,3.860315508537399,0.5264550264550264,True
2007-2021,mean,-13,2,1.329439004441577,30.142857142857142,False
2007-2021,mean,-12,54,6.687443967288863,29.52645502645503,True
2007-2021,mean,-11,54,6.687443967288863,28.52645502645503,True
2007-2021,mean,-10,54,6.687443967288863,27.52645502645503,True
2007-2021,mean,-9,54,6.687505119188461,26.52645502645503,True
2007-2021,mean,-8,54,6.688639561098855,25.52645502645503,True
2007-2021,mean,-7,54,6.688639561098855,24.52645502645503,True
2007-2021,mean,-6,54,6.688639561098855,23.52645502645503,True
2007-2021,mean,-5,54,6.688639561098855,22.52645502645503,True
2007-2021,mean,-4,54,6.688639561098855,21.52645502645503,True
2007-2021,mean,-3,54,6.688639561098855,20.52645502645503,True
2007-2021,mean,-2,54,6.688639561098855,19.52645502645503,True
2007-2021,mean,-1,54,6.688639561098855,18.52645502645503,True
2007-2021,mean,0,54,6.688639561098855,17.52645502645503,True
2007-2021,mean,1,54,6.688639561098855,16.52645502645503,True
2007-2021,mean,2,54,6.688639561098855,15.526455026455027,True
2007-2021,mean,3,54,6.688639561098855,14.526455026455027,True
2007-2021,mean,4,54,6.688782702796501,13.526455026455027,True
2007-2021,mean,5,54,6.699659788747665,12.526455026455027,True
2007-2021,mean,6,54,6.699659788747665,11.526455026455027,True
2007-2021,mean,7,54,6.699659788747665,10.526455026455027,True
2007-2021,mean,8,54,6.699659788747665,9.526455026455027,True
2007-2021,mean,9,54,6.699659788747665,8.526455026455027,True
2007-2021,mean,10,54,6.699659788747665,7.526455026455026,True
2007-2021,mean,11,54,6.699659788747665,6.526455026455026,True
2007-2021,mean,12,54,6.699659788747665,5.526455026455026,True
2007-2021,mean,13,54,6.699659788747665,4.526455026455027,True
2007-2021,mean,14,54,6.699659788747665,3.5264550264550265,True
2007-2021,mean,15,54,6.699659788747665,2.5264550264550265,True
2007-2021,mean,16,54,6.699659788747665,1.5264550264550265,True
2007-2021,mean,17,54,6.699659788747665,0.5264550264550264,True
2007-2021,nyfed,-5,6,1.8605628516211414,22.190476190476193,False
2007-2021,nyfed,-4,42,2.915095769972087,21.48639455782313,False
2007-2021,nyfed,-3,54,8.014686043004936,20.52645502645503,True
2007-2021,nyfed,-2,54,8.0404391291293,19.52645502645503,True
2007-2021,nyfed,-1,54,6.864107478286364,18.51058201058201,True
2007-2021,nyfed,0,54,6.552577320903665,17.51058201058201,True
2007-2021,nyfed,1,53,5.692529603255898,16.525606469002696,False
2007-2021,nyfed,2,54,5.636195698791258,15.526455026455027,True
2007-2021,nyfed,3,54,4.630369557225422,14.526455026455027,True
2007-2021,nyfed,4,54,4.634686902431295,13.526455026455027,True
2007-2021,nyfed,5,54,4.188377244633784,12.526455026455027,True
2007-2021,nyfed,6,54,3.569255017003607,11.526455026455027,True
2007-2021,nyfed,7,54,3.4727640110045783,10.526455026455027,True
2007-2021,nyfed,8,54,3.519091565322248,9.526455026455027,True
2007-2021,nyfed,9,54,3.563564498640914,8.526455026455027,True
2007-2021,nyfed,10,53,3.410977673599335,7.52021563342318,False
2007-2021,nyfed,11,53,3.346887854288205,6.52021563342318,False
2007-2021,nyfed,12,53,3.670002351535314,5.52021563342318,False
2007-2021,nyfed,13,53,3.8281437091954627,4.5229110512129385,False
2007-2021,nyfed,14,53,3.901744859802628,3.5256064690026956,False
2007-2021,nyfed,15,53,3.8853298054426277,2.5202156334231804,False
2007-2021,nyfed,16,53,3.9195385999874564,1.5202156334231807,False
2007-2021,nyfed,17,53,3.9237608837412394,0.5202156334231806,False
2007-2025,ar2,-13,3,1.5120418716531763,30.142857142857142,False
2007-2025,ar2,-12,66,6.481341535942374,29.515151515151512,True
2007-2025,ar2,-11,66,6.481341535942374,28.515151515151512,True
2007-2025,ar2,-10,66,6.481341535942374,27.515151515151512,True
2007-2025,ar2,-9,66,6.481265346797026,26.515151515151512,True
2007-2025,ar2,-8,66,6.695386732472975,25.515151515151512,True
2007-2025,ar2,-7,66,6.695386732472975,24.515151515151512,True
2007-2025,ar2,-6,66,6.695386732472975,23.515151515151512,True
2007-2025,ar2,-5,66,6.695386732472975,22.515151515151512,True
2007-2025,ar2,-4,66,6.695386732472975,21.515151515151512,True
2007-2025,ar2,-3,66,6.695386732472975,20.515151515151512,True
2007-2025,ar2,-2,66,6.695386732472975,19.515151515151512,True
2007-2025,ar2,-1,66,6.695386732472975,18.515151515151512,True
2007-2025,ar2,0,66,6.695386732472975,17.515151515151516,True
2007-2025,ar2,1,66,6.695386732472975,16.515151515151516,True
2007-2025,ar2,2,66,6.695386732472975,15.515151515151516,True
2007-2025,ar2,3,66,6.695386732472975,14.515151515151516,True
2007-2025,ar2,4,66,6.698842996292839,13.515151515151516,True
2007-2025,ar2,5,66,8.146890678612836,12.515151515151516,True
2007-2025,ar2,6,66,8.146890678612836,11.515151515151516,True
2007-2025,ar2,7,66,8.146890678612836,10.515151515151516,True
2007-2025,ar2,8,66,8.146890678612836,9.515151515151516,True
2007-2025,ar2,9,66,8.146890678612836,8.515151515151516,True
2007-2025,ar2,10,66,8.146890678612836,7.515151515151516,True
2007-2025,ar2,11,66,8.146890678612836,6.515151515151516,True
2007-2025,ar2,12,66,8.146890678612836,5.515151515151516,True
2007-2025,ar2,13,66,8.146890678612836,4.515151515151515,True
2007-2025,ar2,14,66,8.146890678612836,3.515151515151515,True
2007-2025,ar2,15,66,8.146890678612836,2.515151515151515,True
2007-2025,ar2,16,66,8.146890678612836,1.5151515151515151,True
2007-2025,ar2,17,66,8.146890678612836,0.5151515151515151,True
2007-2025,diag4/gaussian,-13,3,0.7242048422404902,30.142857142857142,False
2007-2025,diag4/gaussian,-12,66,6.071528906630206,29.515151515151512,True
2007-2025,diag4/gaussian,-11,66,6.165817830471494,28.515151515151512,True
2007-2025,diag4/gaussian,-10,66,6.240725650256961,27.515151515151512,True
2007-2025,diag4/gaussian,-9,66,6.270991641908486,26.515151515151512,True
2007-2025,diag4/gaussian,-8,66,6.304543133759816,25.515151515151512,True
2007-2025,diag4/gaussian,-7,66,6.6711358305160635,24.515151515151512,True
2007-2025,diag4/gaussian,-6,66,6.690487575338688,23.515151515151512,True
2007-2025,diag4/gaussian,-5,66,6.6917257594648065,22.515151515151512,True
2007-2025,diag4/gaussian,-4,66,6.685660618919464,21.515151515151512,True
2007-2025,diag4/gaussian,-3,66,5.957643077672779,20.515151515151512,True
2007-2025,diag4/gaussian,-2,66,5.943411255749502,19.515151515151512,True
2007-2025,diag4/gaussian,-1,66,6.089669681063257,18.515151515151512,True
2007-2025,diag4/gaussian,0,66,6.07223318524525,17.515151515151516,True
2007-2025,diag4/gaussian,1,66,5.8044262242548035,16.515151515151516,True
2007-2025,diag4/gaussian,2,66,5.365943687837768,15.515151515151516,True
2007-2025,diag4/gaussian,3,66,4.825918109648729,14.515151515151516,True
2007-2025,diag4/gaussian,4,66,4.825746318143602,13.515151515151516,True
2007-2025,diag4/gaussian,5,66,4.452597648097843,12.515151515151516,True
2007-2025,diag4/gaussian,6,66,3.7052862076538373,11.515151515151516,True
2007-2025,diag4/gaussian,7,66,3.5816822612691306,10.515151515151516,True
2007-2025,diag4/gaussian,8,66,3.1250671079633614,9.515151515151516,True
2007-2025,diag4/gaussian,9,66,3.115097881583047,8.515151515151516,True
2007-2025,diag4/gaussian,10,66,3.0961567927037947,7.515151515151516,True
2007-2025,diag4/gaussian,11,66,3.0920186092997963,6.515151515151516,True
2007-2025,diag4/gaussian,12,66,3.038557261486448,5.515151515151516,True
2007-2025,diag4/gaussian,13,66,3.0464495474998423,4.515151515151515,True
2007-2025,diag4/gaussian,14,66,3.0432176800526802,3.515151515151515,True
2007-2025,diag4/gaussian,15,66,3.032172761999619,2.515151515151515,True
2007-2025,diag4/gaussian,16,66,3.1075821231243164,1.5151515151515151,True
2007-2025,diag4/gaussian,17,66,3.1654889959076664,0.5151515151515151,True
2007-2025,diag4/gaussian_ar1,-13,3,0.8454916972027313,30.142857142857142,False
2007-2025,diag4/gaussian_ar1,-12,66,6.086462541331854,29.515151515151512,True
2007-2025,diag4/gaussian_ar1,-11,66,6.217958018702637,28.515151515151512,True
2007-2025,diag4/gaussian_ar1,-10,66,6.298688580664471,27.515151515151512,True
2007-2025,diag4/gaussian_ar1,-9,66,6.325426473464118,26.515151515151512,True
2007-2025,diag4/gaussian_ar1,-8,66,6.436926216108612,25.515151515151512,True
2007-2025,diag4/gaussian_ar1,-7,66,6.884843569426671,24.515151515151512,True
2007-2025,diag4/gaussian_ar1,-6,66,6.900934607911926,23.515151515151512,True
2007-2025,diag4/gaussian_ar1,-5,66,6.790289497541285,22.515151515151512,True
2007-2025,diag4/gaussian_ar1,-4,66,6.786899987069401,21.515151515151512,True
2007-2025,diag4/gaussian_ar1,-3,66,6.116442819821633,20.515151515151512,True
2007-2025,diag4/gaussian_ar1,-2,66,6.096799371967361,19.515151515151512,True
2007-2025,diag4/gaussian_ar1,-1,66,6.068830573353613,18.515151515151512,True
2007-2025,diag4/gaussian_ar1,0,66,6.056333534514353,17.515151515151516,True
2007-2025,diag4/gaussian_ar1,1,66,5.801975786554608,16.515151515151516,True
2007-2025,diag4/gaussian_ar1,2,66,5.459749502997023,15.515151515151516,True
2007-2025,diag4/gaussian_ar1,3,66,4.965848490408007,14.515151515151516,True
2007-2025,diag4/gaussian_ar1,4,66,5.0045317363076025,13.515151515151516,True
2007-2025,diag4/gaussian_ar1,5,66,4.724783116488057,12.515151515151516,True
2007-2025,diag4/gaussian_ar1,6,66,3.8783254708654096,11.515151515151516,True
2007-2025,diag4/gaussian_ar1,7,66,3.745880256813838,10.515151515151516,True
2007-2025,diag4/gaussian_ar1,8,66,3.312372139174371,9.515151515151516,True
2007-2025,diag4/gaussian_ar1,9,66,3.3063713843603524,8.515151515151516,True
2007-2025,diag4/gaussian_ar1,10,66,3.213413391119986,7.515151515151516,True
2007-2025,diag4/gaussian_ar1,11,66,3.2054122240711846,6.515151515151516,True
2007-2025,diag4/gaussian_ar1,12,66,3.1447350444031383,5.515151515151516,True
2007-2025,diag4/gaussian_ar1,13,66,3.1546635576216406,4.515151515151515,True
2007-2025,diag4/gaussian_ar1,14,66,3.3532401083585484,3.515151515151515,True
2007-2025,diag4/gaussian_ar1,15,66,3.3556195926190764,2.515151515151515,True
2007-2025,diag4/gaussian_ar1,16,66,3.416306699216542,1.5151515151515151,True
2007-2025,diag4/gaussian_ar1,17,66,3.450278843731885,0.5151515151515151,True
2007-2025,diag4/student_t,-13,3,0.8124651135086074,30.142857142857142,False
2007-2025,diag4/student_t,-12,66,6.040602147420661,29.515151515151512,True
2007-2025,diag4/student_t,-11,66,6.081920856866399,28.515151515151512,True
2007-2025,diag4/student_t,-10,66,6.101521448694315,27.515151515151512,True
2007-2025,diag4/student_t,-9,66,6.104639205609856,26.515151515151512,True
2007-2025,diag4/student_t,-8,66,6.176217642118642,25.515151515151512,True
2007-2025,diag4/student_t,-7,66,6.351867795008436,24.515151515151512,True
2007-2025,diag4/student_t,-6,66,6.398783073552029,23.515151515151512,True
2007-2025,diag4/student_t,-5,66,6.415967846380732,22.515151515151512,True
2007-2025,diag4/student_t,-4,66,6.4154458967023285,21.515151515151512,True
2007-2025,diag4/student_t,-3,66,5.494128107418788,20.515151515151512,True
2007-2025,diag4/student_t,-2,66,5.511250512347735,19.515151515151512,True
2007-2025,diag4/student_t,-1,66,5.776153574883705,18.515151515151512,True
2007-2025,diag4/student_t,0,66,5.775650629789466,17.515151515151516,True
2007-2025,diag4/student_t,1,66,5.677168388874002,16.515151515151516,True
2007-2025,diag4/student_t,2,66,5.177174408044749,15.515151515151516,True
2007-2025,diag4/student_t,3,66,4.80628248782776,14.515151515151516,True
2007-2025,diag4/student_t,4,66,4.785064804539132,13.515151515151516,True
2007-2025,diag4/student_t,5,66,4.34970712246079,12.515151515151516,True
2007-2025,diag4/student_t,6,66,4.518723543154109,11.515151515151516,True
2007-2025,diag4/student_t,7,66,3.915726651587076,10.515151515151516,True
2007-2025,diag4/student_t,8,66,3.7531520981699464,9.515151515151516,True
2007-2025,diag4/student_t,9,66,3.748123665527831,8.515151515151516,True
2007-2025,diag4/student_t,10,66,3.9948269112421952,7.515151515151516,True
2007-2025,diag4/student_t,11,66,3.965955625866617,6.515151515151516,True
2007-2025,diag4/student_t,12,66,3.609377676199434,5.515151515151516,True
2007-2025,diag4/student_t,13,66,3.6156215766515407,4.515151515151515,True
2007-2025,diag4/student_t,14,66,3.609135580651265,3.515151515151515,True
2007-2025,diag4/student_t,15,66,3.6296980152872194,2.515151515151515,True
2007-2025,diag4/student_t,16,66,3.691118875605379,1.5151515151515151,True
2007-2025,diag4/student_t,17,66,3.72388983960107,0.5151515151515151,True
2007-2025,diag4/student_t_ar1,-13,3,0.8066521002596552,30.142857142857142,False
2007-2025,diag4/student_t_ar1,-12,66,6.0721282909332706,29.515151515151512,True
2007-2025,diag4/student_t_ar1,-11,66,6.156352549408573,28.515151515151512,True
2007-2025,diag4/student_t_ar1,-10,66,6.1734965994340625,27.515151515151512,True
2007-2025,diag4/student_t_ar1,-9,66,6.184183447186228,26.515151515151512,True
2007-2025,diag4/student_t_ar1,-8,66,6.279410129441647,25.515151515151512,True
2007-2025,diag4/student_t_ar1,-7,66,6.596119029916224,24.515151515151512,True
2007-2025,diag4/student_t_ar1,-6,66,6.926552771234177,23.515151515151512,True
2007-2025,diag4/student_t_ar1,-5,66,6.621278589500782,22.515151515151512,True
2007-2025,diag4/student_t_ar1,-4,66,6.622310590456469,21.515151515151512,True
2007-2025,diag4/student_t_ar1,-3,66,5.64167864446949,20.515151515151512,True
2007-2025,diag4/student_t_ar1,-2,66,5.635544083356702,19.515151515151512,True
2007-2025,diag4/student_t_ar1,-1,66,6.187282443231447,18.515151515151512,True
2007-2025,diag4/student_t_ar1,0,66,6.181851784983781,17.515151515151516,True
2007-2025,diag4/student_t_ar1,1,66,6.005946200740025,16.515151515151516,True
2007-2025,diag4/student_t_ar1,2,66,5.621065792961061,15.515151515151516,True
2007-2025,diag4/student_t_ar1,3,66,5.060229786667278,14.515151515151516,True
2007-2025,diag4/student_t_ar1,4,66,5.058881531707487,13.515151515151516,True
2007-2025,diag4/student_t_ar1,5,66,4.67038026550154,12.515151515151516,True
2007-2025,diag4/student_t_ar1,6,66,4.365988117427773,11.515151515151516,True
2007-2025,diag4/student_t_ar1,7,66,4.006719570342562,10.515151515151516,True
2007-2025,diag4/student_t_ar1,8,66,3.279984794426959,9.515151515151516,True
2007-2025,diag4/student_t_ar1,9,66,3.2768158331102706,8.515151515151516,True
2007-2025,diag4/student_t_ar1,10,66,3.60755656845387,7.515151515151516,True
2007-2025,diag4/student_t_ar1,11,66,3.5612953264411447,6.515151515151516,True
2007-2025,diag4/student_t_ar1,12,66,2.910825694885517,5.515151515151516,True
2007-2025,diag4/student_t_ar1,13,66,2.9205449438218345,4.515151515151515,True
2007-2025,diag4/student_t_ar1,14,66,2.9078969215946975,3.515151515151515,True
2007-2025,diag4/student_t_ar1,15,66,2.9500215781524632,2.515151515151515,True
2007-2025,diag4/student_t_ar1,16,66,3.055307268234252,1.5151515151515151,True
2007-2025,diag4/student_t_ar1,17,66,3.1033336700863527,0.5151515151515151,True
2007-2025,diag4/student_t_ar1_shared,-13,3,0.6856836800498051,30.142857142857142,False
2007-2025,diag4/student_t_ar1_shared,-12,66,6.053211833573859,29.515151515151512,True
2007-2025,diag4/student_t_ar1_shared,-11,66,6.130839556969334,28.515151515151512,True
2007-2025,diag4/student_t_ar1_shared,-10,66,6.150772270798292,27.515151515151512,True
2007-2025,diag4/student_t_ar1_shared,-9,66,6.155153372826983,26.515151515151512,True
2007-2025,diag4/student_t_ar1_shared,-8,66,6.366552710796862,25.515151515151512,True
2007-2025,diag4/student_t_ar1_shared,-7,66,6.591785628582899,24.515151515151512,True
2007-2025,diag4/student_t_ar1_shared,-6,66,6.625210268156685,23.515151515151512,True
2007-2025,diag4/student_t_ar1_shared,-5,66,6.590557890182633,22.515151515151512,True
2007-2025,diag4/student_t_ar1_shared,-4,66,6.592726028175672,21.515151515151512,True
2007-2025,diag4/student_t_ar1_shared,-3,66,5.68979575156756,20.515151515151512,True
2007-2025,diag4/student_t_ar1_shared,-2,66,5.712532292215659,19.515151515151512,True
2007-2025,diag4/student_t_ar1_shared,-1,66,5.836359291039075,18.515151515151512,True
2007-2025,diag4/student_t_ar1_shared,0,66,5.839850705668171,17.515151515151516,True
2007-2025,diag4/student_t_ar1_shared,1,66,5.720939544667188,16.515151515151516,True
2007-2025,diag4/student_t_ar1_shared,2,66,5.136274635845142,15.515151515151516,True
2007-2025,diag4/student_t_ar1_shared,3,66,4.821145546960162,14.515151515151516,True
2007-2025,diag4/student_t_ar1_shared,4,66,4.81249001329878,13.515151515151516,True
2007-2025,diag4/student_t_ar1_shared,5,66,4.086645908580395,12.515151515151516,True
2007-2025,diag4/student_t_ar1_shared,6,66,4.348754237266949,11.515151515151516,True
2007-2025,diag4/student_t_ar1_shared,7,66,3.631912263594222,10.515151515151516,True
2007-2025,diag4/student_t_ar1_shared,8,66,3.695954814644603,9.515151515151516,True
2007-2025,diag4/student_t_ar1_shared,9,66,3.6847253462347838,8.515151515151516,True
2007-2025,diag4/student_t_ar1_shared,10,66,3.813456548788566,7.515151515151516,True
2007-2025,diag4/student_t_ar1_shared,11,66,3.7835365680577833,6.515151515151516,True
2007-2025,diag4/student_t_ar1_shared,12,66,3.5644455627984524,5.515151515151516,True
2007-2025,diag4/student_t_ar1_shared,13,66,3.569961779117293,4.515151515151515,True
2007-2025,diag4/student_t_ar1_shared,14,66,3.5632558847239273,3.515151515151515,True
2007-2025,diag4/student_t_ar1_shared,15,66,3.5726445944836365,2.515151515151515,True
2007-2025,diag4/student_t_ar1_shared,16,66,3.6204278678233104,1.5151515151515151,True
2007-2025,diag4/student_t_ar1_shared,17,66,3.578995491606624,0.5151515151515151,True
2007-2025,mean,-13,3,1.0890894595750695,30.142857142857142,False
2007-2025,mean,-12,66,6.105337565590141,29.515151515151512,True
2007-2025,mean,-11,66,6.105337565590141,28.515151515151512,True
2007-2025,mean,-10,66,6.105337565590141,27.515151515151512,True
2007-2025,mean,-9,66,6.105388836471842,26.515151515151512,True
2007-2025,mean,-8,66,6.1063185102842406,25.515151515151512,True
2007-2025,mean,-7,66,6.1063185102842406,24.515151515151512,True
2007-2025,mean,-6,66,6.1063185102842406,23.515151515151512,True
2007-2025,mean,-5,66,6.1063185102842406,22.515151515151512,True
2007-2025,mean,-4,66,6.1063185102842406,21.515151515151512,True
2007-2025,mean,-3,66,6.1063185102842406,20.515151515151512,True
2007-2025,mean,-2,66,6.1063185102842406,19.515151515151512,True
2007-2025,mean,-1,66,6.1063185102842406,18.515151515151512,True
2007-2025,mean,0,66,6.1063185102842406,17.515151515151516,True
2007-2025,mean,1,66,6.1063185102842406,16.515151515151516,True
2007-2025,mean,2,66,6.1063185102842406,15.515151515151516,True
2007-2025,mean,3,66,6.1063185102842406,14.515151515151516,True
2007-2025,mean,4,66,6.106449071603286,13.515151515151516,True
2007-2025,mean,5,66,6.116165146669719,12.515151515151516,True
2007-2025,mean,6,66,6.116165146669719,11.515151515151516,True
2007-2025,mean,7,66,6.116165146669719,10.515151515151516,True
2007-2025,mean,8,66,6.116165146669719,9.515151515151516,True
2007-2025,mean,9,66,6.116165146669719,8.515151515151516,True
2007-2025,mean,10,66,6.116165146669719,7.515151515151516,True
2007-2025,mean,11,66,6.116165146669719,6.515151515151516,True
2007-2025,mean,12,66,6.116165146669719,5.515151515151516,True
2007-2025,mean,13,66,6.116165146669719,4.515151515151515,True
2007-2025,mean,14,66,6.116165146669719,3.515151515151515,True
2007-2025,mean,15,66,6.116165146669719,2.515151515151515,True
2007-2025,mean,16,66,6.116165146669719,1.5151515151515151,True
2007-2025,mean,17,66,6.116165146669719,0.5151515151515151,True
2007-2025,nyfed,-5,7,2.0011635328587807,22.183673469387752,False
2007-2025,nyfed,-4,50,2.737808265231431,21.46857142857143,False
2007-2025,nyfed,-3,63,7.45041505519982,20.50566893424036,False
2007-2025,nyfed,-2,63,7.473902008115114,19.50566893424036,False
2007-2025,nyfed,-1,63,6.392052818256854,18.492063492063494,False
2007-2025,nyfed,0,63,6.105442948452025,17.49206349206349,False
2007-2025,nyfed,1,62,5.315872508893214,16.504608294930875,False
2007-2025,nyfed,2,63,5.273766500692202,15.505668934240363,False
2007-2025,nyfed,3,63,4.353108751416991,14.505668934240363,False
2007-2025,nyfed,4,63,4.349622517781655,13.505668934240363,False
2007-2025,nyfed,5,63,3.956412116798286,12.505668934240363,False
2007-2025,nyfed,6,63,3.4011534802337438,11.505668934240363,False
2007-2025,nyfed,7,63,3.3041300991841065,10.505668934240363,False
2007-2025,nyfed,8,63,3.346692641854067,9.505668934240363,False
2007-2025,nyfed,9,63,3.3784762839669806,8.505668934240363,False
2007-2025,nyfed,10,62,3.2312932904078666,7.5,False
2007-2025,nyfed,11,62,3.17250213995647,6.5,False
2007-2025,nyfed,12,62,3.4684988265019476,5.5,False
2007-2025,nyfed,13,62,3.6115772278102414,4.502304147465438,False
2007-2025,nyfed,14,62,3.6756113760893814,3.5046082949308754,False
2007-2025,nyfed,15,62,3.6614517558513127,2.5,False
2007-2025,nyfed,16,62,3.6894838510983776,1.5,False
2007-2025,nyfed,17,62,3.694241689450443,0.5,False
2007-2010,ar2,-12,14,4.330519547782231,29.571428571428573,True
2007-2010,ar2,-11,14,4.330519547782231,28.571428571428573,True
2007-2010,ar2,-10,14,4.330519547782231,27.571428571428573,True
2007-2010,ar2,-9,14,4.330519547782231,26.571428571428573,True
2007-2010,ar2,-8,14,3.9245029144599193,25.571428571428573,True
2007-2010,ar2,-7,14,3.9245029144599193,24.571428571428573,True
2007-2010,ar2,-6,14,3.9245029144599193,23.571428571428573,True
2007-2010,ar2,-5,14,3.9245029144599193,22.571428571428573,True
2007-2010,ar2,-4,14,3.9245029144599193,21.571428571428573,True
2007-2010,ar2,-3,14,3.9245029144599193,20.571428571428573,True
2007-2010,ar2,-2,14,3.9245029144599193,19.571428571428573,True
2007-2010,ar2,-1,14,3.9245029144599193,18.571428571428573,True
2007-2010,ar2,0,14,3.9245029144599193,17.571428571428573,True
2007-2010,ar2,1,14,3.9245029144599193,16.571428571428573,True
2007-2010,ar2,2,14,3.9245029144599193,15.571428571428571,True
2007-2010,ar2,3,14,3.9245029144599193,14.571428571428571,True
2007-2010,ar2,4,14,3.9245029144599193,13.571428571428571,True
2007-2010,ar2,5,14,3.4883132133831696,12.571428571428571,True
2007-2010,ar2,6,14,3.4883132133831696,11.571428571428571,True
2007-2010,ar2,7,14,3.4883132133831696,10.571428571428571,True
2007-2010,ar2,8,14,3.4883132133831696,9.571428571428571,True
2007-2010,ar2,9,14,3.4883132133831696,8.571428571428571,True
2007-2010,ar2,10,14,3.4883132133831696,7.571428571428571,True
2007-2010,ar2,11,14,3.4883132133831696,6.571428571428571,True
2007-2010,ar2,12,14,3.4883132133831696,5.571428571428571,True
2007-2010,ar2,13,14,3.4883132133831696,4.571428571428571,True
2007-2010,ar2,14,14,3.4883132133831696,3.5714285714285716,True
2007-2010,ar2,15,14,3.4883132133831696,2.5714285714285716,True
2007-2010,ar2,16,14,3.4883132133831696,1.5714285714285714,True
2007-2010,ar2,17,14,3.4883132133831696,0.5714285714285714,True
2007-2010,diag4/gaussian,-12,14,4.070762313544424,29.571428571428573,True
2007-2010,diag4/gaussian,-11,14,4.0759634230119195,28.571428571428573,True
2007-2010,diag4/gaussian,-10,14,3.96224317919515,27.571428571428573,True
2007-2010,diag4/gaussian,-9,14,3.9172182809431653,26.571428571428573,True
2007-2010,diag4/gaussian,-8,14,3.9747654573463453,25.571428571428573,True
2007-2010,diag4/gaussian,-7,14,3.8596055522871757,24.571428571428573,True
2007-2010,diag4/gaussian,-6,14,3.859968787043604,23.571428571428573,True
2007-2010,diag4/gaussian,-5,14,3.7662942289025128,22.571428571428573,True
2007-2010,diag4/gaussian,-4,14,3.7710939809649417,21.571428571428573,True
2007-2010,diag4/gaussian,-3,14,3.5936193376420777,20.571428571428573,True
2007-2010,diag4/gaussian,-2,14,3.5903758005554414,19.571428571428573,True
2007-2010,diag4/gaussian,-1,14,3.3827449027486587,18.571428571428573,True
2007-2010,diag4/gaussian,0,14,3.3778590086468605,17.571428571428573,True
2007-2010,diag4/gaussian,1,14,3.231895113079923,16.571428571428573,True
2007-2010,diag4/gaussian,2,14,3.113621303652548,15.571428571428571,True
2007-2010,diag4/gaussian,3,14,2.5729747824293723,14.571428571428571,True
2007-2010,diag4/gaussian,4,14,2.41929383651384,13.571428571428571,True
2007-2010,diag4/gaussian,5,14,2.394558072381689,12.571428571428571,True
2007-2010,diag4/gaussian,6,14,2.06213515638839,11.571428571428571,True
2007-2010,diag4/gaussian,7,14,1.9793871666267944,10.571428571428571,True
2007-2010,diag4/gaussian,8,14,2.5298797367146926,9.571428571428571,True
2007-2010,diag4/gaussian,9,14,2.531658235903999,8.571428571428571,True
2007-2010,diag4/gaussian,10,14,2.346110683899098,7.571428571428571,True
2007-2010,diag4/gaussian,11,14,2.3369856790384076,6.571428571428571,True
2007-2010,diag4/gaussian,12,14,2.4286805528437294,5.571428571428571,True
2007-2010,diag4/gaussian,13,14,2.422851576107013,4.571428571428571,True
2007-2010,diag4/gaussian,14,14,2.4053612560488022,3.5714285714285716,True
2007-2010,diag4/gaussian,15,14,2.3882571533612835,2.5714285714285716,True
2007-2010,diag4/gaussian,16,14,2.314490567268499,1.5714285714285714,True
2007-2010,diag4/gaussian,17,14,2.337274317489364,0.5714285714285714,True
2007-2010,diag4/gaussian_ar1,-12,14,4.0584406667321495,29.571428571428573,True
2007-2010,diag4/gaussian_ar1,-11,14,4.070089780973316,28.571428571428573,True
2007-2010,diag4/gaussian_ar1,-10,14,3.968977180104735,27.571428571428573,True
2007-2010,diag4/gaussian_ar1,-9,14,3.9157066116632646,26.571428571428573,True
2007-2010,diag4/gaussian_ar1,-8,14,3.9042337678627463,25.571428571428573,True
2007-2010,diag4/gaussian_ar1,-7,14,3.777708910957945,24.571428571428573,True
2007-2010,diag4/gaussian_ar1,-6,14,3.7774740086723173,23.571428571428573,True
2007-2010,diag4/gaussian_ar1,-5,14,3.7170767435346277,22.571428571428573,True
2007-2010,diag4/gaussian_ar1,-4,14,3.71999968467914,21.571428571428573,True
2007-2010,diag4/gaussian_ar1,-3,14,3.581773277536922,20.571428571428573,True
2007-2010,diag4/gaussian_ar1,-2,14,3.579110309551726,19.571428571428573,True
2007-2010,diag4/gaussian_ar1,-1,14,3.3675741126163845,18.571428571428573,True
2007-2010,diag4/gaussian_ar1,0,14,3.3635240662077264,17.571428571428573,True
2007-2010,diag4/gaussian_ar1,1,14,3.137005406467258,16.571428571428573,True
2007-2010,diag4/gaussian_ar1,2,14,3.097555025640271,15.571428571428571,True
2007-2010,diag4/gaussian_ar1,3,14,2.5819202546419695,14.571428571428571,True
2007-2010,diag4/gaussian_ar1,4,14,2.413363193390962,13.571428571428571,True
2007-2010,diag4/gaussian_ar1,5,14,2.3756402109892267,12.571428571428571,True
2007-2010,diag4/gaussian_ar1,6,14,2.1191249052402212,11.571428571428571,True
2007-2010,diag4/gaussian_ar1,7,14,2.0248673417538425,10.571428571428571,True
2007-2010,diag4/gaussian_ar1,8,14,2.6196524309422142,9.571428571428571,True
2007-2010,diag4/gaussian_ar1,9,14,2.6202285427973657,8.571428571428571,True
2007-2010,diag4/gaussian_ar1,10,14,2.449273188811826,7.571428571428571,True
2007-2010,diag4/gaussian_ar1,11,14,2.440046237103098,6.571428571428571,True
2007-2010,diag4/gaussian_ar1,12,14,2.5088406021183016,5.571428571428571,True
2007-2010,diag4/gaussian_ar1,13,14,2.5077402633501444,4.571428571428571,True
2007-2010,diag4/gaussian_ar1,14,14,2.436720987270611,3.5714285714285716,True
2007-2010,diag4/gaussian_ar1,15,14,2.4260605589528415,2.5714285714285716,True
2007-2010,diag4/gaussian_ar1,16,14,2.3286562240836814,1.5714285714285714,True
2007-2010,diag4/gaussian_ar1,17,14,2.3424092570696002,0.5714285714285714,True
2007-2010,diag4/student_t,-12,14,3.996607916432524,29.571428571428573,True
2007-2010,diag4/student_t,-11,14,3.971383791860248,28.571428571428573,True
2007-2010,diag4/student_t,-10,14,3.8861582147285065,27.571428571428573,True
2007-2010,diag4/student_t,-9,14,3.8351140041056446,26.571428571428573,True
2007-2010,diag4/student_t,-8,14,3.8974537321867087,25.571428571428573,True
2007-2010,diag4/student_t,-7,14,3.7886831309170703,24.571428571428573,True
2007-2010,diag4/student_t,-6,14,3.8052165753452214,23.571428571428573,True
2007-2010,diag4/student_t,-5,14,3.7103000306331615,22.571428571428573,True
2007-2010,diag4/student_t,-4,14,3.7167363443549815,21.571428571428573,True
2007-2010,diag4/student_t,-3,14,3.5734236486405386,20.571428571428573,True
2007-2010,diag4/student_t,-2,14,3.5736656435508807,19.571428571428573,True
2007-2010,diag4/student_t,-1,14,3.4229118420117506,18.571428571428573,True
2007-2010,diag4/student_t,0,14,3.414076543262999,17.571428571428573,True
2007-2010,diag4/student_t,1,14,3.27121407233926,16.571428571428573,True
2007-2010,diag4/student_t,2,14,3.1142299743812223,15.571428571428571,True
2007-2010,diag4/student_t,3,14,2.6136011060240727,14.571428571428571,True
2007-2010,diag4/student_t,4,14,2.453589901398823,13.571428571428571,True
2007-2010,diag4/student_t,5,14,2.432214144889385,12.571428571428571,True
2007-2010,diag4/student_t,6,14,2.17685782388734,11.571428571428571,True
2007-2010,diag4/student_t,7,14,2.1496628055565643,10.571428571428571,True
2007-2010,diag4/student_t,8,14,2.527180549216209,9.571428571428571,True
2007-2010,diag4/student_t,9,14,2.5245950168501254,8.571428571428571,True
2007-2010,diag4/student_t,10,14,2.3503594525650806,7.571428571428571,True
2007-2010,diag4/student_t,11,14,2.3425665502482325,6.571428571428571,True
2007-2010,diag4/student_t,12,14,2.397589470021124,5.571428571428571,True
2007-2010,diag4/student_t,13,14,2.3910369286933646,4.571428571428571,True
2007-2010,diag4/student_t,14,14,2.3650579860437797,3.5714285714285716,True
2007-2010,diag4/student_t,15,14,2.3345158222068516,2.5714285714285716,True
2007-2010,diag4/student_t,16,14,2.251517821944933,1.5714285714285714,True
2007-2010,diag4/student_t,17,14,2.2509480009488443,0.5714285714285714,True
2007-2010,diag4/student_t_ar1,-12,14,3.9600327959092034,29.571428571428573,True
2007-2010,diag4/student_t_ar1,-11,14,3.945769049900175,28.571428571428573,True
2007-2010,diag4/student_t_ar1,-10,14,3.868162639974866,27.571428571428573,True
2007-2010,diag4/student_t_ar1,-9,14,3.817752339813201,26.571428571428573,True
2007-2010,diag4/student_t_ar1,-8,14,3.7894120486886553,25.571428571428573,True
2007-2010,diag4/student_t_ar1,-7,14,3.6692080245347674,24.571428571428573,True
2007-2010,diag4/student_t_ar1,-6,14,3.680124507196157,23.571428571428573,True
2007-2010,diag4/student_t_ar1,-5,14,3.624879805666144,22.571428571428573,True
2007-2010,diag4/student_t_ar1,-4,14,3.6283498609096694,21.571428571428573,True
2007-2010,diag4/student_t_ar1,-3,14,3.519381579750555,20.571428571428573,True
2007-2010,diag4/student_t_ar1,-2,14,3.5232104624108183,19.571428571428573,True
2007-2010,diag4/student_t_ar1,-1,14,3.3583830326626876,18.571428571428573,True
2007-2010,diag4/student_t_ar1,0,14,3.352128479411879,17.571428571428573,True
2007-2010,diag4/student_t_ar1,1,14,3.147245935769643,16.571428571428573,True
2007-2010,diag4/student_t_ar1,2,14,3.0661422306525155,15.571428571428571,True
2007-2010,diag4/student_t_ar1,3,14,2.5298151637368,14.571428571428571,True
2007-2010,diag4/student_t_ar1,4,14,2.3807931056785003,13.571428571428571,True
2007-2010,diag4/student_t_ar1,5,14,2.3569723092567005,12.571428571428571,True
2007-2010,diag4/student_t_ar1,6,14,2.1273152306341774,11.571428571428571,True
2007-2010,diag4/student_t_ar1,7,14,1.9647629457630071,10.571428571428571,True
2007-2010,diag4/student_t_ar1,8,14,2.596805388274393,9.571428571428571,True
2007-2010,diag4/student_t_ar1,9,14,2.596459330226321,8.571428571428571,True
2007-2010,diag4/student_t_ar1,10,14,2.438640332620255,7.571428571428571,True
2007-2010,diag4/student_t_ar1,11,14,2.4229917453364354,6.571428571428571,True
2007-2010,diag4/student_t_ar1,12,14,2.5055578368915348,5.571428571428571,True
2007-2010,diag4/student_t_ar1,13,14,2.500808829271421,4.571428571428571,True
2007-2010,diag4/student_t_ar1,14,14,2.441823258809921,3.5714285714285716,True
2007-2010,diag4/student_t_ar1,15,14,2.426793235799423,2.5714285714285716,True
2007-2010,diag4/student_t_ar1,16,14,2.3318232457594186,1.5714285714285714,True
2007-2010,diag4/student_t_ar1,17,14,2.345008490195911,0.5714285714285714,True
2007-2010,diag4/student_t_ar1_shared,-12,14,3.993778385736088,29.571428571428573,True
2007-2010,diag4/student_t_ar1_shared,-11,14,3.9777154082544675,28.571428571428573,True
2007-2010,diag4/student_t_ar1_shared,-10,14,3.9006924580532907,27.571428571428573,True
2007-2010,diag4/student_t_ar1_shared,-9,14,3.863310089228329,26.571428571428573,True
2007-2010,diag4/student_t_ar1_shared,-8,14,3.8847237542677537,25.571428571428573,True
2007-2010,diag4/student_t_ar1_shared,-7,14,3.7696780750961856,24.571428571428573,True
2007-2010,diag4/student_t_ar1_shared,-6,14,3.785746562922059,23.571428571428573,True
2007-2010,diag4/student_t_ar1_shared,-5,14,3.7107721667502545,22.571428571428573,True
2007-2010,diag4/student_t_ar1_shared,-4,14,3.7160845548576673,21.571428571428573,True
2007-2010,diag4/student_t_ar1_shared,-3,14,3.574348800826817,20.571428571428573,True
2007-2010,diag4/student_t_ar1_shared,-2,14,3.5770593395311274,19.571428571428573,True
2007-2010,diag4/student_t_ar1_shared,-1,14,3.425038611244753,18.571428571428573,True
2007-2010,diag4/student_t_ar1_shared,0,14,3.4186062297917705,17.571428571428573,True
2007-2010,diag4/student_t_ar1_shared,1,14,3.2063295892897514,16.571428571428573,True
2007-2010,diag4/student_t_ar1_shared,2,14,3.0857624587441888,15.571428571428571,True
2007-2010,diag4/student_t_ar1_shared,3,14,2.579638240224619,14.571428571428571,True
2007-2010,diag4/student_t_ar1_shared,4,14,2.436088516171634,13.571428571428571,True
2007-2010,diag4/student_t_ar1_shared,5,14,2.429486052528598,12.571428571428571,True
2007-2010,diag4/student_t_ar1_shared,6,14,2.211052507476126,11.571428571428571,True
2007-2010,diag4/student_t_ar1_shared,7,14,2.1756457456962113,10.571428571428571,True
2007-2010,diag4/student_t_ar1_shared,8,14,2.586711855670478,9.571428571428571,True
2007-2010,diag4/student_t_ar1_shared,9,14,2.5907554940361655,8.571428571428571,True
2007-2010,diag4/student_t_ar1_shared,10,14,2.426490859317488,7.571428571428571,True
2007-2010,diag4/student_t_ar1_shared,11,14,2.41093765366614,6.571428571428571,True
2007-2010,diag4/student_t_ar1_shared,12,14,2.456380572677421,5.571428571428571,True
2007-2010,diag4/student_t_ar1_shared,13,14,2.4528659708584484,4.571428571428571,True
2007-2010,diag4/student_t_ar1_shared,14,14,2.3905065602427316,3.5714285714285716,True
2007-2010,diag4/student_t_ar1_shared,15,14,2.3727533169829496,2.5714285714285716,True
2007-2010,diag4/student_t_ar1_shared,16,14,2.2758503020037706,1.5714285714285714,True
2007-2010,diag4/student_t_ar1_shared,17,14,2.259597693664344,0.5714285714285714,True
2007-2010,mean,-12,14,4.341213171967462,29.571428571428573,True
2007-2010,mean,-11,14,4.341213171967462,28.571428571428573,True
2007-2010,mean,-10,14,4.341213171967462,27.571428571428573,True
2007-2010,mean,-9,14,4.341213171967462,26.571428571428573,True
2007-2010,mean,-8,14,4.318215472060888,25.571428571428573,True
2007-2010,mean,-7,14,4.318215472060888,24.571428571428573,True
2007-2010,mean,-6,14,4.318215472060888,23.571428571428573,True
2007-2010,mean,-5,14,4.318215472060888,22.571428571428573,True
2007-2010,mean,-4,14,4.318215472060888,21.571428571428573,True
2007-2010,mean,-3,14,4.318215472060888,20.571428571428573,True
2007-2010,mean,-2,14,4.318215472060888,19.571428571428573,True
2007-2010,mean,-1,14,4.318215472060888,18.571428571428573,True
2007-2010,mean,0,14,4.318215472060888,17.571428571428573,True
2007-2010,mean,1,14,4.318215472060888,16.571428571428573,True
2007-2010,mean,2,14,4.318215472060888,15.571428571428571,True
2007-2010,mean,3,14,4.318215472060888,14.571428571428571,True
2007-2010,mean,4,14,4.318215472060888,13.571428571428571,True
2007-2010,mean,5,14,4.2849216597946675,12.571428571428571,True
2007-2010,mean,6,14,4.2849216597946675,11.571428571428571,True
2007-2010,mean,7,14,4.2849216597946675,10.571428571428571,True
2007-2010,mean,8,14,4.2849216597946675,9.571428571428571,True
2007-2010,mean,9,14,4.2849216597946675,8.571428571428571,True
2007-2010,mean,10,14,4.2849216597946675,7.571428571428571,True
2007-2010,mean,11,14,4.2849216597946675,6.571428571428571,True
2007-2010,mean,12,14,4.2849216597946675,5.571428571428571,True
2007-2010,mean,13,14,4.2849216597946675,4.571428571428571,True
2007-2010,mean,14,14,4.2849216597946675,3.5714285714285716,True
2007-2010,mean,15,14,4.2849216597946675,2.5714285714285716,True
2007-2010,mean,16,14,4.2849216597946675,1.5714285714285714,True
2007-2010,mean,17,14,4.2849216597946675,0.5714285714285714,True
2007-2010,nyfed,-5,1,1.060405284937238,22.142857142857142,False
2007-2010,nyfed,-4,14,4.294501357681715,21.571428571428573,True
2007-2010,nyfed,-3,14,4.176110983678268,20.571428571428573,True
2007-2010,nyfed,-2,14,4.051703737864629,19.571428571428573,True
2007-2010,nyfed,-1,14,3.8743648527177283,18.571428571428573,True
2007-2010,nyfed,0,14,3.8362695898442296,17.571428571428573,True
2007-2010,nyfed,1,14,3.5392597654886733,16.571428571428573,True
2007-2010,nyfed,2,14,3.4988562904602194,15.571428571428571,True
2007-2010,nyfed,3,14,3.0216907771446198,14.571428571428571,True
2007-2010,nyfed,4,14,3.0386260953228312,13.571428571428571,True
2007-2010,nyfed,5,14,3.0760015262136697,12.571428571428571,True
2007-2010,nyfed,6,14,2.9828881184476215,11.571428571428571,True
2007-2010,nyfed,7,14,2.7528678299414753,10.571428571428571,True
2007-2010,nyfed,8,14,2.8557176699170816,9.571428571428571,True
2007-2010,nyfed,9,14,2.7037126853416287,8.571428571428571,True
2007-2010,nyfed,10,14,2.6383561936973736,7.571428571428571,True
2007-2010,nyfed,11,14,2.40937062877032,6.571428571428571,True
2007-2010,nyfed,12,14,2.3507211662793566,5.571428571428571,True
2007-2010,nyfed,13,14,2.275210345072646,4.571428571428571,True
2007-2010,nyfed,14,14,2.250476716181463,3.5714285714285716,True
2007-2010,nyfed,15,14,2.2748122234404975,2.5714285714285716,True
2007-2010,nyfed,16,14,2.1254853022543783,1.5714285714285714,True
2007-2010,nyfed,17,14,2.084883687132903,0.5714285714285714,True
2019-2021,ar2,-12,10,15.443946205542714,29.62857142857143,True
2019-2021,ar2,-11,10,15.443946205542714,28.62857142857143,True
2019-2021,ar2,-10,10,15.443946205542714,27.62857142857143,True
2019-2021,ar2,-9,10,15.443946205542714,26.62857142857143,True
2019-2021,ar2,-8,10,16.16824064513141,25.62857142857143,True
2019-2021,ar2,-7,10,16.16824064513141,24.62857142857143,True
2019-2021,ar2,-6,10,16.16824064513141,23.62857142857143,True
2019-2021,ar2,-5,10,16.16824064513141,22.62857142857143,True
2019-2021,ar2,-4,10,16.16824064513141,21.62857142857143,True
2019-2021,ar2,-3,10,16.16824064513141,20.62857142857143,True
2019-2021,ar2,-2,10,16.16824064513141,19.62857142857143,True
2019-2021,ar2,-1,10,16.16824064513141,18.62857142857143,True
2019-2021,ar2,0,10,16.16824064513141,17.62857142857143,True
2019-2021,ar2,1,10,16.16824064513141,16.62857142857143,True
2019-2021,ar2,2,10,16.16824064513141,15.62857142857143,True
2019-2021,ar2,3,10,16.16824064513141,14.62857142857143,True
2019-2021,ar2,4,10,16.16824064513141,13.62857142857143,True
2019-2021,ar2,5,10,20.179727590414814,12.62857142857143,True
2019-2021,ar2,6,10,20.179727590414814,11.62857142857143,True
2019-2021,ar2,7,10,20.179727590414814,10.62857142857143,True
2019-2021,ar2,8,10,20.179727590414814,9.62857142857143,True
2019-2021,ar2,9,10,20.179727590414814,8.628571428571428,True
2019-2021,ar2,10,10,20.179727590414814,7.628571428571428,True
2019-2021,ar2,11,10,20.179727590414814,6.628571428571428,True
2019-2021,ar2,12,10,20.179727590414814,5.628571428571428,True
2019-2021,ar2,13,10,20.179727590414814,4.628571428571428,True
2019-2021,ar2,14,10,20.179727590414814,3.6285714285714286,True
2019-2021,ar2,15,10,20.179727590414814,2.6285714285714286,True
2019-2021,ar2,16,10,20.179727590414814,1.6285714285714286,True
2019-2021,ar2,17,10,20.179727590414814,0.6285714285714287,True
2019-2021,diag4/gaussian,-12,10,14.33362172845776,29.62857142857143,True
2019-2021,diag4/gaussian,-11,10,14.593886936015407,28.62857142857143,True
2019-2021,diag4/gaussian,-10,10,14.844926527251202,27.62857142857143,True
2019-2021,diag4/gaussian,-9,10,14.96372081792079,26.62857142857143,True
2019-2021,diag4/gaussian,-8,10,15.0384223920862,25.62857142857143,True
2019-2021,diag4/gaussian,-7,10,16.07428706361168,24.62857142857143,True
2019-2021,diag4/gaussian,-6,10,16.10642302113638,23.62857142857143,True
2019-2021,diag4/gaussian,-5,10,16.172309841939004,22.62857142857143,True
2019-2021,diag4/gaussian,-4,10,16.172817830151708,21.62857142857143,True
2019-2021,diag4/gaussian,-3,10,14.187801229689876,20.62857142857143,True
2019-2021,diag4/gaussian,-2,10,14.159522292983366,19.62857142857143,True
2019-2021,diag4/gaussian,-1,10,14.67888292396259,18.62857142857143,True
2019-2021,diag4/gaussian,0,10,14.647629709133266,17.62857142857143,True
2019-2021,diag4/gaussian,1,10,13.978050435152218,16.62857142857143,True
2019-2021,diag4/gaussian,2,10,12.836048976032384,15.62857142857143,True
2019-2021,diag4/gaussian,3,10,11.407692462645436,14.62857142857143,True
2019-2021,diag4/gaussian,4,10,11.277617377713218,13.62857142857143,True
2019-2021,diag4/gaussian,5,10,10.22955442961721,12.62857142857143,True
2019-2021,diag4/gaussian,6,10,8.452699180260923,11.62857142857143,True
2019-2021,diag4/gaussian,7,10,8.172976710013632,10.62857142857143,True
2019-2021,diag4/gaussian,8,10,6.552100268241986,9.62857142857143,True
2019-2021,diag4/gaussian,9,10,6.547908252382252,8.628571428571428,True
2019-2021,diag4/gaussian,10,10,6.641407471037683,7.628571428571428,True
2019-2021,diag4/gaussian,11,10,6.62538424904343,6.628571428571428,True
2019-2021,diag4/gaussian,12,10,6.319015971680895,5.628571428571428,True
2019-2021,diag4/gaussian,13,10,6.299626331740002,4.628571428571428,True
2019-2021,diag4/gaussian,14,10,6.3307976299998385,3.6285714285714286,True
2019-2021,diag4/gaussian,15,10,6.294854795228962,2.6285714285714286,True
2019-2021,diag4/gaussian,16,10,6.501285808578071,1.6285714285714286,True
2019-2021,diag4/gaussian,17,10,6.662987700215263,0.6285714285714287,True
2019-2021,diag4/gaussian_ar1,-12,10,14.377835062926026,29.62857142857143,True
2019-2021,diag4/gaussian_ar1,-11,10,14.738632553374355,28.62857142857143,True
2019-2021,diag4/gaussian_ar1,-10,10,15.000258848401852,27.62857142857143,True
2019-2021,diag4/gaussian_ar1,-9,10,15.10655568321714,26.62857142857143,True
2019-2021,diag4/gaussian_ar1,-8,10,15.42482769817746,25.62857142857143,True
2019-2021,diag4/gaussian_ar1,-7,10,16.688861638440176,24.62857142857143,True
2019-2021,diag4/gaussian_ar1,-6,10,16.710765417483213,23.62857142857143,True
2019-2021,diag4/gaussian_ar1,-5,10,16.451576941121463,22.62857142857143,True
2019-2021,diag4/gaussian_ar1,-4,10,16.452762211231217,21.62857142857143,True
2019-2021,diag4/gaussian_ar1,-3,10,14.621334897884376,20.62857142857143,True
2019-2021,diag4/gaussian_ar1,-2,10,14.59202600826533,19.62857142857143,True
2019-2021,diag4/gaussian_ar1,-1,10,14.63485164911541,18.62857142857143,True
2019-2021,diag4/gaussian_ar1,0,10,14.614836655677548,17.62857142857143,True
2019-2021,diag4/gaussian_ar1,1,10,13.994142414391595,16.62857142857143,True
2019-2021,diag4/gaussian_ar1,2,10,13.089524518853587,15.62857142857143,True
2019-2021,diag4/gaussian_ar1,3,10,11.804402113798139,14.62857142857143,True
2019-2021,diag4/gaussian_ar1,4,10,11.782870267862336,13.62857142857143,True
2019-2021,diag4/gaussian_ar1,5,10,10.995488685930773,12.62857142857143,True
2019-2021,diag4/gaussian_ar1,6,10,8.92880839234964,11.62857142857143,True
2019-2021,diag4/gaussian_ar1,7,10,8.641198143230778,10.62857142857143,True
2019-2021,diag4/gaussian_ar1,8,10,7.165174533057062,9.62857142857143,True
2019-2021,diag4/gaussian_ar1,9,10,7.15889185645506,8.628571428571428,True
2019-2021,diag4/gaussian_ar1,10,10,6.992766028520485,7.628571428571428,True
2019-2021,diag4/gaussian_ar1,11,10,6.962194077104117,6.628571428571428,True
2019-2021,diag4/gaussian_ar1,12,10,6.657701215295115,5.628571428571428,True
2019-2021,diag4/gaussian_ar1,13,10,6.64824562318551,4.628571428571428,True
2019-2021,diag4/gaussian_ar1,14,10,7.315530351578698,3.6285714285714286,True
2019-2021,diag4/gaussian_ar1,15,10,7.312204190598077,2.6285714285714286,True
2019-2021,diag4/gaussian_ar1,16,10,7.490287958974197,1.6285714285714286,True
2019-2021,diag4/gaussian_ar1,17,10,7.5879226929604915,0.6285714285714287,True
2019-2021,diag4/student_t,-12,10,14.296251932514656,29.62857142857143,True
2019-2021,diag4/student_t,-11,10,14.427498603600919,28.62857142857143,True
2019-2021,diag4/student_t,-10,10,14.521798788925267,27.62857142857143,True
2019-2021,diag4/student_t,-9,10,14.560872472636675,26.62857142857143,True
2019-2021,diag4/student_t,-8,10,14.737870688962806,25.62857142857143,True
2019-2021,diag4/student_t,-7,10,15.250752696468352,24.62857142857143,True
2019-2021,diag4/student_t,-6,10,15.366876838164092,23.62857142857143,True
2019-2021,diag4/student_t,-5,10,15.472164829009524,22.62857142857143,True
2019-2021,diag4/student_t,-4,10,15.468778073723705,21.62857142857143,True
2019-2021,diag4/student_t,-3,10,12.932067222140827,20.62857142857143,True
2019-2021,diag4/student_t,-2,10,12.980083144979428,19.62857142857143,True
2019-2021,diag4/student_t,-1,10,13.834167266883023,18.62857142857143,True
2019-2021,diag4/student_t,0,10,13.841372853303694,17.62857142857143,True
2019-2021,diag4/student_t,1,10,13.618019135088941,16.62857142857143,True
2019-2021,diag4/student_t,2,10,12.308381964279842,15.62857142857143,True
2019-2021,diag4/student_t,3,10,11.43614848372055,14.62857142857143,True
2019-2021,diag4/student_t,4,10,11.379819640700308,13.62857142857143,True
2019-2021,diag4/student_t,5,10,10.169680259821048,12.62857142857143,True
2019-2021,diag4/student_t,6,10,10.780958235981732,11.62857142857143,True
2019-2021,diag4/student_t,7,10,9.142280051263384,10.62857142857143,True
2019-2021,diag4/student_t,8,10,8.55402082443754,9.62857142857143,True
2019-2021,diag4/student_t,9,10,8.549453566753753,8.628571428571428,True
2019-2021,diag4/student_t,10,10,9.313902132626316,7.628571428571428,True
2019-2021,diag4/student_t,11,10,9.23095134266869,6.628571428571428,True
2019-2021,diag4/student_t,12,10,8.138176592318748,5.628571428571428,True
2019-2021,diag4/student_t,13,10,8.136139548883722,4.628571428571428,True
2019-2021,diag4/student_t,14,10,8.134680622360232,3.6285714285714286,True
2019-2021,diag4/student_t,15,10,8.194494668860175,2.6285714285714286,True
2019-2021,diag4/student_t,16,10,8.372035211723087,1.6285714285714286,True
2019-2021,diag4/student_t,17,10,8.456743551112053,0.6285714285714287,True
2019-2021,diag4/student_t_ar1,-12,10,14.381030466976657,29.62857142857143,True
2019-2021,diag4/student_t_ar1,-11,10,14.63060930693991,28.62857142857143,True
2019-2021,diag4/student_t_ar1,-10,10,14.708836682416434,27.62857142857143,True
2019-2021,diag4/student_t_ar1,-9,10,14.758040625027597,26.62857142857143,True
2019-2021,diag4/student_t_ar1,-8,10,15.035667373800687,25.62857142857143,True
2019-2021,diag4/student_t_ar1,-7,10,15.954839101156155,24.62857142857143,True
2019-2021,diag4/student_t_ar1,-6,10,16.845226329215397,23.62857142857143,True
2019-2021,diag4/student_t_ar1,-5,10,16.05145419279777,22.62857142857143,True
2019-2021,diag4/student_t_ar1,-4,10,16.05300105971564,21.62857142857143,True
2019-2021,diag4/student_t_ar1,-3,10,13.360160574468608,20.62857142857143,True
2019-2021,diag4/student_t_ar1,-2,10,13.34502779734621,19.62857142857143,True
2019-2021,diag4/student_t_ar1,-1,10,14.979840926425487,18.62857142857143,True
2019-2021,diag4/student_t_ar1,0,10,14.973868504217059,17.62857142857143,True
2019-2021,diag4/student_t_ar1,1,10,14.561243893429182,16.62857142857143,True
2019-2021,diag4/student_t_ar1,2,10,13.550278761403439,15.62857142857143,True
2019-2021,diag4/student_t_ar1,3,10,12.142718934335088,14.62857142857143,True
2019-2021,diag4/student_t_ar1,4,10,12.116672419889895,13.62857142857143,True
2019-2021,diag4/student_t_ar1,5,10,11.051587541885334,12.62857142857143,True
2019-2021,diag4/student_t_ar1,6,10,10.359073324742845,11.62857142857143,True
2019-2021,diag4/student_t_ar1,7,10,9.468433578640994,10.62857142857143,True
2019-2021,diag4/student_t_ar1,8,10,7.096045074354844,9.62857142857143,True
2019-2021,diag4/student_t_ar1,9,10,7.093738173596756,8.628571428571428,True
2019-2021,diag4/student_t_ar1,10,10,8.154011545989546,7.628571428571428,True
2019-2021,diag4/student_t_ar1,11,10,8.018357420045673,6.628571428571428,True
2019-2021,diag4/student_t_ar1,12,10,5.878825987179292,5.628571428571428,True
2019-2021,diag4/student_t_ar1,13,10,5.8788804990794885,4.628571428571428,True
2019-2021,diag4/student_t_ar1,14,10,5.882991348223138,3.6285714285714286,True
2019-2021,diag4/student_t_ar1,15,10,6.010071847405209,2.6285714285714286,True
2019-2021,diag4/student_t_ar1,16,10,6.33930404170667,1.6285714285714286,True
2019-2021,diag4/student_t_ar1,17,10,6.472655475798294,0.6285714285714287,True
2019-2021,diag4/student_t_ar1_shared,-12,10,14.303061837172883,29.62857142857143,True
2019-2021,diag4/student_t_ar1_shared,-11,10,14.534466285292623,28.62857142857143,True
2019-2021,diag4/student_t_ar1_shared,-10,10,14.627329541719442,27.62857142857143,True
2019-2021,diag4/student_t_ar1_shared,-9,10,14.663217598233155,26.62857142857143,True
2019-2021,diag4/student_t_ar1_shared,-8,10,15.241164335353398,25.62857142857143,True
2019-2021,diag4/student_t_ar1_shared,-7,10,15.897530551960761,24.62857142857143,True
2019-2021,diag4/student_t_ar1_shared,-6,10,15.979611288861738,23.62857142857143,True
2019-2021,diag4/student_t_ar1_shared,-5,10,15.928409085361697,22.62857142857143,True
2019-2021,diag4/student_t_ar1_shared,-4,10,15.934408383241962,21.62857142857143,True
2019-2021,diag4/student_t_ar1_shared,-3,10,13.449715231005678,20.62857142857143,True
2019-2021,diag4/student_t_ar1_shared,-2,10,13.512662422233554,19.62857142857143,True
2019-2021,diag4/student_t_ar1_shared,-1,10,13.97365351917871,18.62857142857143,True
2019-2021,diag4/student_t_ar1_shared,0,10,13.99184100813713,17.62857142857143,True
2019-2021,diag4/student_t_ar1_shared,1,10,13.739364363124636,16.62857142857143,True
2019-2021,diag4/student_t_ar1_shared,2,10,12.181932735328902,15.62857142857143,True
2019-2021,diag4/student_t_ar1_shared,3,10,11.468872639843152,14.62857142857143,True
2019-2021,diag4/student_t_ar1_shared,4,10,11.447709410713763,13.62857142857143,True
2019-2021,diag4/student_t_ar1_shared,5,10,9.426701271452227,12.62857142857143,True
2019-2021,diag4/student_t_ar1_shared,6,10,10.312349145970614,11.62857142857143,True
2019-2021,diag4/student_t_ar1_shared,7,10,8.332468973048664,10.62857142857143,True
2019-2021,diag4/student_t_ar1_shared,8,10,8.396106993648319,9.62857142857143,True
2019-2021,diag4/student_t_ar1_shared,9,10,8.368731032882046,8.628571428571428,True
2019-2021,diag4/student_t_ar1_shared,10,10,8.802943992709213,7.628571428571428,True
2019-2021,diag4/student_t_ar1_shared,11,10,8.72261568210854,6.628571428571428,True
2019-2021,diag4/student_t_ar1_shared,12,10,8.020726169670047,5.628571428571428,True
2019-2021,diag4/student_t_ar1_shared,13,10,8.019225146384619,4.628571428571428,True
2019-2021,diag4/student_t_ar1_shared,14,10,8.029323443564707,3.6285714285714286,True
2019-2021,diag4/student_t_ar1_shared,15,10,8.05343283227943,2.6285714285714286,True
2019-2021,diag4/student_t_ar1_shared,16,10,8.200845648515854,1.6285714285714286,True
2019-2021,diag4/student_t_ar1_shared,17,10,8.089444468787669,0.6285714285714287,True
2019-2021,mean,-12,10,14.409698456648947,29.62857142857143,True
2019-2021,mean,-11,10,14.409698456648947,28.62857142857143,True
2019-2021,mean,-10,10,14.409698456648947,27.62857142857143,True
2019-2021,mean,-9,10,14.409698456648947,26.62857142857143,True
2019-2021,mean,-8,10,14.422414858861947,25.62857142857143,True
2019-2021,mean,-7,10,14.422414858861947,24.62857142857143,True
2019-2021,mean,-6,10,14.422414858861947,23.62857142857143,True
2019-2021,mean,-5,10,14.422414858861947,22.62857142857143,True
2019-2021,mean,-4,10,14.422414858861947,21.62857142857143,True
2019-2021,mean,-3,10,14.422414858861947,20.62857142857143,True
2019-2021,mean,-2,10,14.422414858861947,19.62857142857143,True
2019-2021,mean,-1,10,14.422414858861947,18.62857142857143,True
2019-2021,mean,0,10,14.422414858861947,17.62857142857143,True
2019-2021,mean,1,10,14.422414858861947,16.62857142857143,True
2019-2021,mean,2,10,14.422414858861947,15.62857142857143,True
2019-2021,mean,3,10,14.422414858861947,14.62857142857143,True
2019-2021,mean,4,10,14.422414858861947,13.62857142857143,True
2019-2021,mean,5,10,14.46332394008705,12.62857142857143,True
2019-2021,mean,6,10,14.46332394008705,11.62857142857143,True
2019-2021,mean,7,10,14.46332394008705,10.62857142857143,True
2019-2021,mean,8,10,14.46332394008705,9.62857142857143,True
2019-2021,mean,9,10,14.46332394008705,8.628571428571428,True
2019-2021,mean,10,10,14.46332394008705,7.628571428571428,True
2019-2021,mean,11,10,14.46332394008705,6.628571428571428,True
2019-2021,mean,12,10,14.46332394008705,5.628571428571428,True
2019-2021,mean,13,10,14.46332394008705,4.628571428571428,True
2019-2021,mean,14,10,14.46332394008705,3.6285714285714286,True
2019-2021,mean,15,10,14.46332394008705,2.6285714285714286,True
2019-2021,mean,16,10,14.46332394008705,1.6285714285714286,True
2019-2021,mean,17,10,14.46332394008705,0.6285714285714287,True
2019-2021,nyfed,-4,2,2.505161429658445,21.357142857142858,False
2019-2021,nyfed,-3,10,17.677932806754253,20.62857142857143,True
2019-2021,nyfed,-2,10,17.781653132379358,19.62857142857143,True
2019-2021,nyfed,-1,10,14.959769405775281,18.542857142857144,True
2019-2021,nyfed,0,10,14.187577316073304,17.54285714285714,True
2019-2021,nyfed,1,9,12.663578422992574,16.634920634920636,False
2019-2021,nyfed,2,10,12.065187029225044,15.62857142857143,True
2019-2021,nyfed,3,10,9.707464909929762,14.62857142857143,True
2019-2021,nyfed,4,10,9.688152096498744,13.62857142857143,True
2019-2021,nyfed,5,10,8.594325351126797,12.62857142857143,True
2019-2021,nyfed,6,10,7.0141516775137704,11.62857142857143,True
2019-2021,nyfed,7,10,6.934019706903694,10.62857142857143,True
2019-2021,nyfed,8,10,7.069155609590943,9.62857142857143,True
2019-2021,nyfed,9,10,7.281599708559968,8.628571428571428,True
2019-2021,nyfed,10,9,7.190087760829481,7.603174603174603,False
2019-2021,nyfed,11,9,7.139489771784191,6.603174603174603,False
2019-2021,nyfed,12,9,8.004531239588248,5.603174603174603,False
2019-2021,nyfed,13,9,8.48392703954073,4.6190476190476195,False
2019-2021,nyfed,14,9,8.677457322107081,3.634920634920635,False
2019-2021,nyfed,15,9,8.62999413131269,2.6031746031746033,False
2019-2021,nyfed,16,9,8.74008723481315,1.603174603174603,False
2019-2021,nyfed,17,9,8.756507294223038,0.6031746031746031,False
2024-2025,ar2,-12,6,1.6956075101990762,29.452380952380953,True
2024-2025,ar2,-11,6,1.6956075101990762,28.452380952380953,True
2024-2025,ar2,-10,6,1.6956075101990762,27.452380952380953,True
2024-2025,ar2,-9,6,1.6956075101990762,26.452380952380953,True
2024-2025,ar2,-8,6,1.7082021538369894,25.452380952380953,True
2024-2025,ar2,-7,6,1.7082021538369894,24.452380952380953,True
2024-2025,ar2,-6,6,1.7082021538369894,23.452380952380953,True
2024-2025,ar2,-5,6,1.7082021538369894,22.452380952380953,True
2024-2025,ar2,-4,6,1.7082021538369894,21.452380952380953,True
2024-2025,ar2,-3,6,1.7082021538369894,20.452380952380953,True
2024-2025,ar2,-2,6,1.7082021538369894,19.452380952380953,True
2024-2025,ar2,-1,6,1.7082021538369894,18.452380952380953,True
2024-2025,ar2,0,6,1.7082021538369894,17.452380952380953,True
2024-2025,ar2,1,6,1.7082021538369894,16.452380952380953,True
2024-2025,ar2,2,6,1.7082021538369894,15.452380952380953,True
2024-2025,ar2,3,6,1.7082021538369894,14.452380952380953,True
2024-2025,ar2,4,6,1.7082021538369894,13.452380952380953,True
2024-2025,ar2,5,6,1.6945399874609879,12.452380952380953,True
2024-2025,ar2,6,6,1.6945399874609879,11.452380952380953,True
2024-2025,ar2,7,6,1.6945399874609879,10.452380952380953,True
2024-2025,ar2,8,6,1.6945399874609879,9.452380952380953,True
2024-2025,ar2,9,6,1.6945399874609879,8.452380952380953,True
2024-2025,ar2,10,6,1.6945399874609879,7.452380952380952,True
2024-2025,ar2,11,6,1.6945399874609879,6.452380952380952,True
2024-2025,ar2,12,6,1.6945399874609879,5.452380952380952,True
2024-2025,ar2,13,6,1.6945399874609879,4.4523809523809526,True
2024-2025,ar2,14,6,1.6945399874609879,3.4523809523809526,True
2024-2025,ar2,15,6,1.6945399874609879,2.4523809523809526,True
2024-2025,ar2,16,6,1.6945399874609879,1.4523809523809523,True
2024-2025,ar2,17,6,1.6945399874609879,0.4523809523809524,True
2024-2025,diag4/gaussian,-12,6,1.792369137224019,29.452380952380953,True
2024-2025,diag4/gaussian,-11,6,1.7893158482785478,28.452380952380953,True
2024-2025,diag4/gaussian,-10,6,1.880523349377104,27.452380952380953,True
2024-2025,diag4/gaussian,-9,6,1.9150588806544713,26.452380952380953,True
2024-2025,diag4/gaussian,-8,6,1.7362442005563101,25.452380952380953,True
2024-2025,diag4/gaussian,-7,6,1.764734653433036,24.452380952380953,True
2024-2025,diag4/gaussian,-6,6,1.8184966413496455,23.452380952380953,True
2024-2025,diag4/gaussian,-5,6,1.9238815317491822,22.452380952380953,True
2024-2025,diag4/gaussian,-4,6,1.8553674772901267,21.452380952380953,True
2024-2025,diag4/gaussian,-3,6,1.8579926646782579,20.452380952380953,True
2024-2025,diag4/gaussian,-2,6,1.9130868573805446,19.452380952380953,True
2024-2025,diag4/gaussian,-1,6,1.6928384372824246,18.452380952380953,True
2024-2025,diag4/gaussian,0,6,1.689573618304995,17.452380952380953,True
2024-2025,diag4/gaussian,1,6,1.6925327643417705,16.452380952380953,True
2024-2025,diag4/gaussian,2,6,1.7874898871339855,15.452380952380953,True
2024-2025,diag4/gaussian,3,6,2.2423644564941845,14.452380952380953,True
2024-2025,diag4/gaussian,4,6,2.606989112889162,13.452380952380953,True
2024-2025,diag4/gaussian,5,6,2.7766452493723297,12.452380952380953,True
2024-2025,diag4/gaussian,6,6,2.2217369487267593,11.452380952380953,True
2024-2025,diag4/gaussian,7,6,2.0691906135467915,10.452380952380953,True
2024-2025,diag4/gaussian,8,6,2.2140061776637463,9.452380952380953,True
2024-2025,diag4/gaussian,9,6,2.1920915287863787,8.452380952380953,True
2024-2025,diag4/gaussian,10,6,2.097780704404248,7.452380952380952,True
2024-2025,diag4/gaussian,11,6,2.084465707789317,6.452380952380952,True
2024-2025,diag4/gaussian,12,6,2.4432819052913635,5.452380952380952,True
2024-2025,diag4/gaussian,13,6,2.4409900371226754,4.4523809523809526,True
2024-2025,diag4/gaussian,14,6,2.391246077880063,3.4523809523809526,True
2024-2025,diag4/gaussian,15,6,2.3557590725355255,2.4523809523809526,True
2024-2025,diag4/gaussian,16,6,2.3640419750944157,1.4523809523809523,True
2024-2025,diag4/gaussian,17,6,2.363242051970265,0.4523809523809524,True
2024-2025,diag4/gaussian_ar1,-12,6,1.8544369551768154,29.452380952380953,True
2024-2025,diag4/gaussian_ar1,-11,6,1.8488555344866209,28.452380952380953,True
2024-2025,diag4/gaussian_ar1,-10,6,1.9139154859306837,27.452380952380953,True
2024-2025,diag4/gaussian_ar1,-9,6,1.955979887739054,26.452380952380953,True
2024-2025,diag4/gaussian_ar1,-8,6,1.8016316594447306,25.452380952380953,True
2024-2025,diag4/gaussian_ar1,-7,6,1.8155610213812714,24.452380952380953,True
2024-2025,diag4/gaussian_ar1,-6,6,1.7609710234365796,23.452380952380953,True
2024-2025,diag4/gaussian_ar1,-5,6,1.8607014304328044,22.452380952380953,True
2024-2025,diag4/gaussian_ar1,-4,6,1.879986486689554,21.452380952380953,True
2024-2025,diag4/gaussian_ar1,-3,6,1.915167965640071,20.452380952380953,True
2024-2025,diag4/gaussian_ar1,-2,6,1.9855239828757643,19.452380952380953,True
2024-2025,diag4/gaussian_ar1,-1,6,1.7125649587527296,18.452380952380953,True
2024-2025,diag4/gaussian_ar1,0,6,1.7117220917660394,17.452380952380953,True
2024-2025,diag4/gaussian_ar1,1,6,1.7937387532348812,16.452380952380953,True
2024-2025,diag4/gaussian_ar1,2,6,1.863186537407103,15.452380952380953,True
2024-2025,diag4/gaussian_ar1,3,6,2.1459353939793764,14.452380952380953,True
2024-2025,diag4/gaussian_ar1,4,6,2.7198108193513852,13.452380952380953,True
2024-2025,diag4/gaussian_ar1,5,6,2.933824850744143,12.452380952380953,True
2024-2025,diag4/gaussian_ar1,6,6,2.363349864017683,11.452380952380953,True
2024-2025,diag4/gaussian_ar1,7,6,2.25206010231832,10.452380952380953,True
2024-2025,diag4/gaussian_ar1,8,6,2.169495489527761,9.452380952380953,True
2024-2025,diag4/gaussian_ar1,9,6,2.1562993578216143,8.452380952380953,True
2024-2025,diag4/gaussian_ar1,10,6,2.107865788838929,7.452380952380952,True
2024-2025,diag4/gaussian_ar1,11,6,2.0933437774280033,6.452380952380952,True
2024-2025,diag4/gaussian_ar1,12,6,2.4508317389752823,5.452380952380952,True
2024-2025,diag4/gaussian_ar1,13,6,2.4482684293480466,4.4523809523809526,True
2024-2025,diag4/gaussian_ar1,14,6,2.4243744514691925,3.4523809523809526,True
2024-2025,diag4/gaussian_ar1,15,6,2.3988907231926753,2.4523809523809526,True
2024-2025,diag4/gaussian_ar1,16,6,2.392657548857955,1.4523809523809523,True
2024-2025,diag4/gaussian_ar1,17,6,2.392015560728977,0.4523809523809524,True
2024-2025,diag4/student_t,-12,6,1.7452055656192333,29.452380952380953,True
2024-2025,diag4/student_t,-11,6,1.748285528367305,28.452380952380953,True
2024-2025,diag4/student_t,-10,6,1.7600889880824164,27.452380952380953,True
2024-2025,diag4/student_t,-9,6,1.7950587218412029,26.452380952380953,True
2024-2025,diag4/student_t,-8,6,1.7004452084970567,25.452380952380953,True
2024-2025,diag4/student_t,-7,6,1.6965253258587458,24.452380952380953,True
2024-2025,diag4/student_t,-6,6,1.7199032773910137,23.452380952380953,True
2024-2025,diag4/student_t,-5,6,1.7544433730199722,22.452380952380953,True
2024-2025,diag4/student_t,-4,6,1.7606339052150846,21.452380952380953,True
2024-2025,diag4/student_t,-3,6,1.8488105338797927,20.452380952380953,True
2024-2025,diag4/student_t,-2,6,1.8512582402048243,19.452380952380953,True
2024-2025,diag4/student_t,-1,6,1.68118172703851,18.452380952380953,True
2024-2025,diag4/student_t,0,6,1.679171338019039,17.452380952380953,True
2024-2025,diag4/student_t,1,6,1.6855577857879387,16.452380952380953,True
2024-2025,diag4/student_t,2,6,1.7615424127840935,15.452380952380953,True
2024-2025,diag4/student_t,3,6,1.90629413651919,14.452380952380953,True
2024-2025,diag4/student_t,4,6,1.949348305172418,13.452380952380953,True
2024-2025,diag4/student_t,5,6,2.026738292436766,12.452380952380953,True
2024-2025,diag4/student_t,6,6,1.9127000856431675,11.452380952380953,True
2024-2025,diag4/student_t,7,6,1.8701408960238566,10.452380952380953,True
2024-2025,diag4/student_t,8,6,1.9352601734968171,9.452380952380953,True
2024-2025,diag4/student_t,9,6,1.9274897920293141,8.452380952380953,True
2024-2025,diag4/student_t,10,6,1.9573207153053738,7.452380952380952,True
2024-2025,diag4/student_t,11,6,1.9495139243050605,6.452380952380952,True
2024-2025,diag4/student_t,12,6,2.143436000797894,5.452380952380952,True
2024-2025,diag4/student_t,13,6,2.142934625864568,4.4523809523809526,True
2024-2025,diag4/student_t,14,6,2.122391380436287,3.4523809523809526,True
2024-2025,diag4/student_t,15,6,2.115580977177048,2.4523809523809526,True
2024-2025,diag4/student_t,16,6,2.111301294562277,1.4523809523809523,True
2024-2025,diag4/student_t,17,6,2.1110264741851483,0.4523809523809524,True
2024-2025,diag4/student_t_ar1,-12,6,1.9165718338204745,29.452380952380953,True
2024-2025,diag4/student_t_ar1,-11,6,1.9020903427743914,28.452380952380953,True
2024-2025,diag4/student_t_ar1,-10,6,1.9029611149463475,27.452380952380953,True
2024-2025,diag4/student_t_ar1,-9,6,1.9865065777417432,26.452380952380953,True
2024-2025,diag4/student_t_ar1,-8,6,1.944761882729767,25.452380952380953,True
2024-2025,diag4/student_t_ar1,-7,6,1.8989162586279618,24.452380952380953,True
2024-2025,diag4/student_t_ar1,-6,6,1.8553628612914075,23.452380952380953,True
2024-2025,diag4/student_t_ar1,-5,6,1.8610193690957428,22.452380952380953,True
2024-2025,diag4/student_t_ar1,-4,6,1.914159942512377,21.452380952380953,True
2024-2025,diag4/student_t_ar1,-3,6,2.038635407816008,20.452380952380953,True
2024-2025,diag4/student_t_ar1,-2,6,2.041753606514932,19.452380952380953,True
2024-2025,diag4/student_t_ar1,-1,6,1.7586175984930852,18.452380952380953,True
2024-2025,diag4/student_t_ar1,0,6,1.7588272480949214,17.452380952380953,True
2024-2025,diag4/student_t_ar1,1,6,1.8219257692046986,16.452380952380953,True
2024-2025,diag4/student_t_ar1,2,6,1.9416568160232235,15.452380952380953,True
2024-2025,diag4/student_t_ar1,3,6,2.0732713745750795,14.452380952380953,True
2024-2025,diag4/student_t_ar1,4,6,2.0896023420716694,13.452380952380953,True
2024-2025,diag4/student_t_ar1,5,6,2.219356320564806,12.452380952380953,True
2024-2025,diag4/student_t_ar1,6,6,2.1191917404080076,11.452380952380953,True
2024-2025,diag4/student_t_ar1,7,6,1.9925136280988172,10.452380952380953,True
2024-2025,diag4/student_t_ar1,8,6,2.1375041888970183,9.452380952380953,True
2024-2025,diag4/student_t_ar1,9,6,2.1314882315516925,8.452380952380953,True
2024-2025,diag4/student_t_ar1,10,6,2.1670864084493,7.452380952380952,True
2024-2025,diag4/student_t_ar1,11,6,2.1497834947123593,6.452380952380952,True
2024-2025,diag4/student_t_ar1,12,6,2.4949042759742355,5.452380952380952,True
2024-2025,diag4/student_t_ar1,13,6,2.491972805218577,4.4523809523809526,True
2024-2025,diag4/student_t_ar1,14,6,2.4714450565848294,3.4523809523809526,True
2024-2025,diag4/student_t_ar1,15,6,2.460325283802871,2.4523809523809526,True
2024-2025,diag4/student_t_ar1,16,6,2.4759642632668606,1.4523809523809523,True
2024-2025,diag4/student_t_ar1,17,6,2.4751639299623123,0.4523809523809524,True
2024-2025,diag4/student_t_ar1_shared,-12,6,1.7916817559002813,29.452380952380953,True
2024-2025,diag4/student_t_ar1_shared,-11,6,1.7904301134998004,28.452380952380953,True
2024-2025,diag4/student_t_ar1_shared,-10,6,1.787553184232849,27.452380952380953,True
2024-2025,diag4/student_t_ar1_shared,-9,6,1.8309748135791144,26.452380952380953,True
2024-2025,diag4/student_t_ar1_shared,-8,6,1.8598950504719682,25.452380952380953,True
2024-2025,diag4/student_t_ar1_shared,-7,6,1.8440812177389303,24.452380952380953,True
2024-2025,diag4/student_t_ar1_shared,-6,6,1.81479249818694,23.452380952380953,True
2024-2025,diag4/student_t_ar1_shared,-5,6,1.836242841128917,22.452380952380953,True
2024-2025,diag4/student_t_ar1_shared,-4,6,1.8653296406632998,21.452380952380953,True
2024-2025,diag4/student_t_ar1_shared,-3,6,1.9740582073978157,20.452380952380953,True
2024-2025,diag4/student_t_ar1_shared,-2,6,1.9883329140416108,19.452380952380953,True
2024-2025,diag4/student_t_ar1_shared,-1,6,1.8004786630524734,18.452380952380953,True
2024-2025,diag4/student_t_ar1_shared,0,6,1.7985551933362824,17.452380952380953,True
2024-2025,diag4/student_t_ar1_shared,1,6,1.8345818143012116,16.452380952380953,True
2024-2025,diag4/student_t_ar1_shared,2,6,1.9455220653655758,15.452380952380953,True
2024-2025,diag4/student_t_ar1_shared,3,6,2.0393663264782247,14.452380952380953,True
2024-2025,diag4/student_t_ar1_shared,4,6,2.0949292552966696,13.452380952380953,True
2024-2025,diag4/student_t_ar1_shared,5,6,2.1627081993409,12.452380952380953,True
2024-2025,diag4/student_t_ar1_shared,6,6,2.04134660486916,11.452380952380953,True
2024-2025,diag4/student_t_ar1_shared,7,6,2.0217716519712963,10.452380952380953,True
2024-2025,diag4/student_t_ar1_shared,8,6,2.032104504626987,9.452380952380953,True
2024-2025,diag4/student_t_ar1_shared,9,6,2.026427119214245,8.452380952380953,True
2024-2025,diag4/student_t_ar1_shared,10,6,2.0591404921737175,7.452380952380952,True
2024-2025,diag4/student_t_ar1_shared,11,6,2.0496766442572,6.452380952380952,True
2024-2025,diag4/student_t_ar1_shared,12,6,2.3052990371188473,5.452380952380952,True
2024-2025,diag4/student_t_ar1_shared,13,6,2.299739416989757,4.4523809523809526,True
2024-2025,diag4/student_t_ar1_shared,14,6,2.2925787943207334,3.4523809523809526,True
2024-2025,diag4/student_t_ar1_shared,15,6,2.2847574184685504,2.4523809523809526,True
2024-2025,diag4/student_t_ar1_shared,16,6,2.298859701724574,1.4523809523809523,True
2024-2025,diag4/student_t_ar1_shared,17,6,2.298285472211596,0.4523809523809524,True
2024-2025,mean,-12,6,1.6954008474417777,29.452380952380953,True
2024-2025,mean,-11,6,1.6954008474417777,28.452380952380953,True
2024-2025,mean,-10,6,1.6954008474417777,27.452380952380953,True
2024-2025,mean,-9,6,1.6954008474417777,26.452380952380953,True
2024-2025,mean,-8,6,1.7017560138425991,25.452380952380953,True
2024-2025,mean,-7,6,1.7017560138425991,24.452380952380953,True
2024-2025,mean,-6,6,1.7017560138425991,23.452380952380953,True
2024-2025,mean,-5,6,1.7017560138425991,22.452380952380953,True
2024-2025,mean,-4,6,1.7017560138425991,21.452380952380953,True
2024-2025,mean,-3,6,1.7017560138425991,20.452380952380953,True
2024-2025,mean,-2,6,1.7017560138425991,19.452380952380953,True
2024-2025,mean,-1,6,1.7017560138425991,18.452380952380953,True
2024-2025,mean,0,6,1.7017560138425991,17.452380952380953,True
2024-2025,mean,1,6,1.7017560138425991,16.452380952380953,True
2024-2025,mean,2,6,1.7017560138425991,15.452380952380953,True
2024-2025,mean,3,6,1.7017560138425991,14.452380952380953,True
2024-2025,mean,4,6,1.7017560138425991,13.452380952380953,True
2024-2025,mean,5,6,1.7023300454824393,12.452380952380953,True
2024-2025,mean,6,6,1.7023300454824393,11.452380952380953,True
2024-2025,mean,7,6,1.7023300454824393,10.452380952380953,True
2024-2025,mean,8,6,1.7023300454824393,9.452380952380953,True
2024-2025,mean,9,6,1.7023300454824393,8.452380952380953,True
2024-2025,mean,10,6,1.7023300454824393,7.452380952380952,True
2024-2025,mean,11,6,1.7023300454824393,6.452380952380952,True
2024-2025,mean,12,6,1.7023300454824393,5.452380952380952,True
2024-2025,mean,13,6,1.7023300454824393,4.4523809523809526,True
2024-2025,mean,14,6,1.7023300454824393,3.4523809523809526,True
2024-2025,mean,15,6,1.7023300454824393,2.4523809523809526,True
2024-2025,mean,16,6,1.7023300454824393,1.4523809523809523,True
2024-2025,mean,17,6,1.7023300454824393,0.4523809523809524,True
2024-2025,nyfed,-4,5,1.2224519990716605,21.457142857142856,False
2024-2025,nyfed,-3,6,1.7127705647863238,20.452380952380953,True
2024-2025,nyfed,-2,6,1.7000957571188164,19.452380952380953,True
2024-2025,nyfed,-1,6,1.761059029710631,18.452380952380953,True
2024-2025,nyfed,0,6,1.78064627306307,17.452380952380953,True
2024-2025,nyfed,1,6,1.8322390698345736,16.452380952380953,True
2024-2025,nyfed,2,6,1.9535919867372296,15.452380952380953,True
2024-2025,nyfed,3,6,1.8424108758758948,14.452380952380953,True
2024-2025,nyfed,4,6,1.8302668475748987,13.452380952380953,True
2024-2025,nyfed,5,6,1.9758761152461515,12.452380952380953,True
2024-2025,nyfed,6,6,2.0351544757201268,11.452380952380953,True
2024-2025,nyfed,7,6,2.090663085668017,10.452380952380953,True
2024-2025,nyfed,8,6,2.0355942560791176,9.452380952380953,True
2024-2025,nyfed,9,6,1.9824474403843477,8.452380952380953,True
2024-2025,nyfed,10,6,1.9090449418358262,7.452380952380952,True
2024-2025,nyfed,11,6,1.9194565436638165,6.452380952380952,True
2024-2025,nyfed,12,6,1.9684756770264933,5.452380952380952,True
2024-2025,nyfed,13,6,1.9597872707025945,4.4523809523809526,True
2024-2025,nyfed,14,6,1.9665167802598593,3.4523809523809526,True
2024-2025,nyfed,15,6,1.9726085317117998,2.4523809523809526,True
2024-2025,nyfed,16,6,1.9233110541775642,1.4523809523809523,True
2024-2025,nyfed,17,6,1.9442727336278778,0.4523809523809524,True
