{
  "T": 497,
  "M": 20,
  "r": 3,
  "n_iter": 110,
  "converged": true,
  "nu_u": 4.079921,
  "nu_eps": 4.399684,
  "rho_A": 0.978152,
  "sign_flips": {
    "real": 1,
    "financial": -1,
    "other": -1
  },
  "scale_factors": {
    "real": 2.051873,
    "financial": 1.737521,
    "other": 1.445288
  },
  "A": [
    [
      0.10813768,
      -0.07893936,
      0.00038432
    ],
    [
      0.02479357,
      0.98039583,
      0.03151619
    ],
    [
      0.09690893,
      0.00899027,
      -0.19958909
    ]
  ],
  "Q": [
    [
      0.24758314,
      0.00427602,
      -0.00808152
    ],
    [
      0.00427602,
      0.02596487,
      0.00434615
    ],
    [
      -0.00808152,
      0.00434615,
      0.48325591
    ]
  ],
  "Lambda": {
    "INDPRO": [
      0.93845293,
      -0.0,
      -0.0
    ],
    "IPFINAL": [
      0.95821193,
      -0.0,
      -0.0
    ],
    "IPMANSICS": [
      0.84928192,
      -0.0,
      -0.0
    ],
    "PAYEMS": [
      0.13325707,
      -0.0,
      -0.0
    ],
    "MANEMP": [
      0.26066694,
      -0.0,
      -0.0
    ],
    "RPI": [
      0.07820538,
      -0.0,
      -0.0
    ],
    "CMRMTSPLx": [
      0.50845172,
      -0.0,
      -0.0
    ],
    "RETAILx": [
      0.20249012,
      -0.0,
      -0.0
    ],
    "S&P 500": [
      0.0,
      0.08946991,
      -0.0
    ],
    "S&P PE ratio": [
      0.0,
      0.10288579,
      -0.0
    ],
    "T10YFFM": [
      0.0,
      -0.99754433,
      -0.0
    ],
    "T1YFFM": [
      0.0,
      -0.55012126,
      -0.0
    ],
    "BAAFFM": [
      0.0,
      -0.90658062,
      -0.0
    ],
    "TB3SMFFM": [
      0.0,
      -0.31104238,
      -0.0
    ],
    "NFCI": [
      0.0,
      0.17187871,
      -0.0
    ],
    "CPIAUCSL": [
      0.0,
      -0.0,
      -0.98003358
    ],
    "PCEPI": [
      0.0,
      -0.0,
      -0.89288977
    ],
    "UMCSENTx": [
      0.0,
      -0.0,
      0.06235256
    ],
    "TWEXAFEGSMTHx": [
      0.0,
      -0.0,
      0.13060798
    ],
    "GDPC1": [
      0.30663386,
      -0.0,
      -0.0
    ]
  },
  "R": {
    "INDPRO": 0.0150676,
    "IPFINAL": 0.06546578,
    "IPMANSICS": 0.03887269,
    "PAYEMS": 0.02924536,
    "MANEMP": 0.11947398,
    "RPI": 0.08214292,
    "CMRMTSPLx": 0.29400216,
    "RETAILx": 0.22070536,
    "S&P 500": 0.53716363,
    "S&P PE ratio": 0.47926649,
    "T10YFFM": 0.00020843,
    "T1YFFM": 0.46793852,
    "BAAFFM": 0.09146837,
    "TB3SMFFM": 0.63174637,
    "NFCI": 0.43871015,
    "CPIAUCSL": 0.0224301,
    "PCEPI": 0.14220387,
    "UMCSENTx": 0.74308529,
    "TWEXAFEGSMTHx": 0.77987964,
    "GDPC1": 0.15435127
  },
  "loglik": {
    "first": -9298.4474,
    "last": -7398.0786
  }
}