window,metodo,target_quarter,as_of,horizon_week,nowcast_bea,realizzato_bea,gdp_release_date,errore
2007-2019,ar2,2006Q4,2007-01-26,17,2.127497985150306,3.4823729200428755,2007-01-28,-1.3548749348925693
2007-2019,ar2,2007Q1,2007-04-27,17,2.516511589836967,1.2087836914185912,2007-04-28,1.307727898418376
2007-2019,ar2,2007Q2,2007-07-27,17,2.937161396232701,2.4695947150627617,2007-07-28,0.46756668116993927
2007-2019,ar2,2007Q3,2007-10-26,17,2.487227248044221,2.3240880884577653,2007-10-28,0.16313915958645575
2007-2019,ar2,2007Q4,2008-01-25,17,2.8191159407213284,2.5367271478347497,2008-01-28,0.2823887928865787
2007-2019,ar2,2008Q1,2008-04-25,17,2.8083036045044363,-1.6961606735480972,2008-04-28,4.5044642780525335
2007-2019,ar2,2008Q2,2008-07-25,17,2.1005471682024046,2.403069701864058,2008-07-28,-0.30252253366165327
2007-2019,ar2,2008Q3,2008-10-24,17,1.5415421479588076,-2.0845363314131338,2008-10-28,3.6260784793719414
2007-2019,ar2,2008Q4,2009-01-23,17,1.973709429524506,-8.472768957225274,2009-01-28,10.44647838674978
2007-2019,ar2,2009Q1,2009-04-24,17,-2.184797334212085,-4.462803810727223,2009-04-28,2.278006476515138
2007-2019,ar2,2009Q2,2009-07-24,17,-3.524028842602578,-0.7126911125331037,2009-07-28,-2.811337730069474
2007-2019,ar2,2009Q3,2009-10-23,17,-0.4139740374448641,1.412187087697636,2009-10-28,-1.8261611251425
2007-2019,ar2,2009Q4,2010-01-22,17,1.429736113434199,4.394263592305325,2010-01-28,-2.964527478871126
2007-2019,ar2,2010Q1,2010-04-23,17,2.9885811432554865,1.952133820572155,2010-04-28,1.0364473226833315
2007-2019,ar2,2010Q2,2010-07-23,17,2.900231154384425,3.926881074055233,2010-07-28,-1.0266499196708079
2007-2019,ar2,2010Q3,2010-10-22,17,2.9525600639850103,3.1201978026194954,2010-10-28,-0.16763773863448517
2007-2019,ar2,2010Q4,2011-01-21,17,3.1804515320452253,2.117043484228409,2011-01-28,1.0634080478168162
2007-2019,ar2,2011Q1,2011-04-22,16,2.6537649105570216,-0.9454489541211974,2011-04-28,3.599213864678219
2007-2019,ar2,2011Q2,2011-07-22,17,1.3710416060630948,2.7339190839842376,2011-07-28,-1.3628774779211428
2007-2019,ar2,2011Q3,2011-10-21,17,1.8429687722399724,-0.0892210766206935,2011-10-28,1.932189848860666
2007-2019,ar2,2011Q4,2012-01-27,17,1.8349970377733005,4.568438742179692,2012-01-28,-2.733441704406392
2007-2019,ar2,2012Q1,2012-04-27,17,2.541779843205161,3.396793738645587,2012-04-28,-0.8550138954404263
2007-2019,ar2,2012Q2,2012-07-27,17,3.412174145602842,1.7973274732638431,2012-07-28,1.614846672338999
2007-2019,ar2,2012Q3,2012-10-26,17,2.617308606186985,0.5773578286532466,2012-10-28,2.0399507775337384
2007-2019,ar2,2012Q4,2013-01-25,17,1.82561790132556,0.4633651980530562,2013-01-28,1.3622527032725038
2007-2019,ar2,2013Q1,2013-04-26,17,1.4683925188219815,4.005025807945661,2013-04-28,-2.53663328912368
2007-2019,ar2,2013Q2,2013-07-26,17,2.5606185330447007,1.0748507650766292,2013-07-28,1.4857677679680714
2007-2019,ar2,2013Q3,2013-10-25,17,2.528618154142026,3.4493139225505898,2013-10-28,-0.9206957684085637
2007-2019,ar2,2013Q4,2014-01-24,17,2.5146367795315427,3.532828598657445,2014-01-28,-1.018191819125902
2007-2019,ar2,2014Q1,2014-04-25,17,3.1445006068661074,-1.3732548917761769,2014-04-28,4.517755498642284
2007-2019,ar2,2014Q2,2014-07-25,17,1.66356986942775,5.268365026582655,2014-07-28,-3.6047951571549053
2007-2019,ar2,2014Q3,2014-10-24,17,2.30832500393634,4.950916534930627,2014-10-28,-2.642591530994287
2007-2019,ar2,2014Q4,2015-01-23,17,3.964219661690316,2.0383303103057804,2015-01-28,1.9258893513845354
2007-2019,ar2,2015Q1,2015-04-24,17,3.037860095512812,3.650885031119766,2015-04-28,-0.6130249356069539
2007-2019,ar2,2015Q2,2015-07-24,17,2.82140022122388,2.500735310964308,2015-07-28,0.320664910259572
2007-2019,ar2,2015Q3,2015-10-23,17,2.8768029402775896,1.61061768429811,2015-10-28,1.2661852559794797
2007-2019,ar2,2015Q4,2016-01-22,17,2.348588574603005,0.7399609712167354,2016-01-28,1.6086276033862696
2007-2019,ar2,2016Q1,2016-04-22,17,1.879010767415168,2.3383061524439253,2016-04-28,-0.45929538502875733
2007-2019,ar2,2016Q2,2016-07-22,17,2.1323881431003944,1.290696770237454,2016-07-28,0.8416913728629403
2007-2019,ar2,2016Q3,2016-10-21,17,2.2028247351614016,2.8678981414693494,2016-10-28,-0.6650734063079478
2007-2019,ar2,2016Q4,2017-01-27,17,2.4042503412813554,2.235699518586598,2017-01-28,0.1685508226947574
2007-2019,ar2,2017Q1,2017-04-21,16,2.597922605253289,1.9618307902452337,2017-04-28,0.6360918150080552
2007-2019,ar2,2017Q2,2017-07-21,16,2.3679826302139384,2.258367983115228,2017-07-28,0.10961464709871027
2007-2019,ar2,2017Q3,2017-10-27,17,2.3857473354722103,3.1915992394406345,2017-10-28,-0.8058519039684242
2007-2019,ar2,2017Q4,2018-01-26,17,2.7219950445339203,4.584974811729059,2018-01-28,-1.8629797671951387
2007-2019,ar2,2018Q1,2018-04-27,17,3.3431957850877936,3.293553047698339,2018-04-28,0.049642737389454794
2007-2019,ar2,2018Q2,2018-07-27,17,3.3034759007953607,2.140266992640893,2018-07-28,1.1632089081544676
2007-2019,ar2,2018Q3,2018-10-26,17,2.6709623088313483,2.5182268082057035,2018-10-28,0.15273550062564478
2007-2019,ar2,2018Q4,2019-01-25,17,2.512598416759926,0.5677817986818878,2019-01-28,1.944816618078038
2007-2019,ar2,2019Q1,2019-04-26,17,2.032211278785878,2.520756202743435,2019-04-28,-0.4885449239575568
2007-2019,ar2,2019Q2,2019-07-26,17,2.135412033584516,3.382664959003589,2019-07-28,-1.247252925419073
2007-2019,ar2,2019Q3,2019-10-25,17,2.840725874329819,4.762784209178728,2019-10-28,-1.9220583348489084
2007-2019,diag3/gaussian,2006Q4,2007-01-26,17,3.290534140563284,3.4823729200428755,2007-01-28,-0.19183877947959127
2007-2019,diag3/gaussian,2007Q1,2007-04-27,17,3.178417713977621,1.2087836914185912,2007-04-28,1.9696340225590299
2007-2019,diag3/gaussian,2007Q2,2007-07-27,17,3.3266837970720164,2.4695947150627617,2007-07-28,0.8570890820092547
2007-2019,diag3/gaussian,2007Q3,2007-10-26,17,3.2337422024450118,2.3240880884577653,2007-10-28,0.9096541139872465
2007-2019,diag3/gaussian,2007Q4,2008-01-25,17,3.1043065767372813,2.5367271478347497,2008-01-28,0.5675794289025315
2007-2019,diag3/gaussian,2008Q1,2008-04-25,17,2.7077346856139384,-1.6961606735480972,2008-04-28,4.403895359162036
2007-2019,diag3/gaussian,2008Q2,2008-07-25,17,2.418581900280703,2.403069701864058,2008-07-28,0.015512198416645084
2007-2019,diag3/gaussian,2008Q3,2008-10-24,17,2.2986046886239064,-2.0845363314131338,2008-10-28,4.383141020037041
2007-2019,diag3/gaussian,2008Q4,2009-01-23,17,0.2370374500733296,-8.472768957225274,2009-01-28,8.709806407298602
2007-2019,diag3/gaussian,2009Q1,2009-04-24,17,-2.342990633096376,-4.462803810727223,2009-04-28,2.119813177630847
2007-2019,diag3/gaussian,2009Q2,2009-07-24,17,-1.4229479793884892,-0.7126911125331037,2009-07-28,-0.7102568668553855
2007-2019,diag3/gaussian,2009Q3,2009-10-23,17,1.301219154701183,1.412187087697636,2009-10-28,-0.1109679329964528
2007-2019,diag3/gaussian,2009Q4,2010-01-22,17,3.20691404375344,4.394263592305325,2010-01-28,-1.1873495485518855
2007-2019,diag3/gaussian,2010Q1,2010-04-23,17,3.97673473561595,1.952133820572155,2010-04-28,2.024600915043795
2007-2019,diag3/gaussian,2010Q2,2010-07-23,17,4.618013454991399,3.926881074055233,2010-07-28,0.6911323809361658
2007-2019,diag3/gaussian,2010Q3,2010-10-22,17,4.256298020731508,3.1201978026194954,2010-10-28,1.1361002181120128
2007-2019,diag3/gaussian,2010Q4,2011-01-21,17,4.3805828359870125,2.117043484228409,2011-01-28,2.2635393517586033
2007-2019,diag3/gaussian,2011Q1,2011-04-22,16,5.0319703820646655,-0.9454489541211974,2011-04-28,5.9774193361858625
2007-2019,diag3/gaussian,2011Q2,2011-07-22,17,4.631471593139902,2.7339190839842376,2011-07-28,1.8975525091556644
2007-2019,diag3/gaussian,2011Q3,2011-10-21,17,3.2596455058317986,-0.0892210766206935,2011-10-28,3.348866582452492
2007-2019,diag3/gaussian,2011Q4,2012-01-27,17,2.851421973082036,4.568438742179692,2012-01-28,-1.7170167690976563
2007-2019,diag3/gaussian,2012Q1,2012-04-27,17,3.374478413004556,3.396793738645587,2012-04-28,-0.022315325641030892
2007-2019,diag3/gaussian,2012Q2,2012-07-27,17,3.2230124039158925,1.7973274732638431,2012-07-28,1.4256849306520494
2007-2019,diag3/gaussian,2012Q3,2012-10-26,17,2.5782180734206683,0.5773578286532466,2012-10-28,2.0008602447674217
2007-2019,diag3/gaussian,2012Q4,2013-01-25,17,2.6091846930567764,0.4633651980530562,2013-01-28,2.14581949500372
2007-2019,diag3/gaussian,2013Q1,2013-04-26,17,2.832452967142008,4.005025807945661,2013-04-28,-1.1725728408036535
2007-2019,diag3/gaussian,2013Q2,2013-07-26,17,2.520039679941166,1.0748507650766292,2013-07-28,1.445188914864537
2007-2019,diag3/gaussian,2013Q3,2013-10-25,17,3.089149747521125,3.4493139225505898,2013-10-28,-0.36016417502946485
2007-2019,diag3/gaussian,2013Q4,2014-01-24,17,3.671429146005623,3.532828598657445,2014-01-28,0.13860054734817817
2007-2019,diag3/gaussian,2014Q1,2014-04-25,17,3.2323697188330502,-1.3732548917761769,2014-04-28,4.605624610609227
2007-2019,diag3/gaussian,2014Q2,2014-07-25,17,3.396543521771034,5.268365026582655,2014-07-28,-1.8718215048116216
2007-2019,diag3/gaussian,2014Q3,2014-10-24,17,3.911779691432349,4.950916534930627,2014-10-28,-1.0391368434982784
2007-2019,diag3/gaussian,2014Q4,2015-01-23,17,3.943116472545349,2.0383303103057804,2015-01-28,1.9047861622395685
2007-2019,diag3/gaussian,2015Q1,2015-04-24,17,3.0490610165300858,3.650885031119766,2015-04-28,-0.6018240145896803
2007-2019,diag3/gaussian,2015Q2,2015-07-24,17,2.732707051525129,2.500735310964308,2015-07-28,0.23197174056082126
2007-2019,diag3/gaussian,2015Q3,2015-10-23,17,2.727533606978194,1.61061768429811,2015-10-28,1.1169159226800842
2007-2019,diag3/gaussian,2015Q4,2016-01-22,17,2.0199633698479103,0.7399609712167354,2016-01-28,1.2800023986311748
2007-2019,diag3/gaussian,2016Q1,2016-04-22,17,1.7938519659796537,2.3383061524439253,2016-04-28,-0.5444541864642716
2007-2019,diag3/gaussian,2016Q2,2016-07-22,17,2.3960905941516897,1.290696770237454,2016-07-28,1.1053938239142356
2007-2019,diag3/gaussian,2016Q3,2016-10-21,17,2.479008727151544,2.8678981414693494,2016-10-28,-0.3888894143178052
2007-2019,diag3/gaussian,2016Q4,2017-01-27,17,2.7560936751178438,2.235699518586598,2017-01-28,0.5203941565312458
2007-2019,diag3/gaussian,2017Q1,2017-04-21,16,3.611707805501752,1.9618307902452337,2017-04-28,1.6498770152565183
2007-2019,diag3/gaussian,2017Q2,2017-07-21,16,3.649642783336393,2.258367983115228,2017-07-28,1.391274800221165
2007-2019,diag3/gaussian,2017Q3,2017-10-27,17,3.9015278198377024,3.1915992394406345,2017-10-28,0.7099285803970679
2007-2019,diag3/gaussian,2017Q4,2018-01-26,17,4.343217966144386,4.584974811729059,2018-01-28,-0.24175684558467303
2007-2019,diag3/gaussian,2018Q1,2018-04-27,17,4.400069953588415,3.293553047698339,2018-04-28,1.106516905890076
2007-2019,diag3/gaussian,2018Q2,2018-07-27,17,4.218349512963382,2.140266992640893,2018-07-28,2.078082520322489
2007-2019,diag3/gaussian,2018Q3,2018-10-26,17,4.251190284705175,2.5182268082057035,2018-10-28,1.7329634764994717
2007-2019,diag3/gaussian,2018Q4,2019-01-25,17,4.026099280461315,0.5677817986818878,2019-01-28,3.458317481779427
2007-2019,diag3/gaussian,2019Q1,2019-04-26,17,3.347201875139993,2.520756202743435,2019-04-28,0.8264456723965581
2007-2019,diag3/gaussian,2019Q2,2019-07-26,17,2.941860967464449,3.382664959003589,2019-07-28,-0.44080399153913996
2007-2019,diag3/gaussian,2019Q3,2019-10-25,17,2.401230535374532,4.762784209178728,2019-10-28,-2.361553673804196
2007-2019,diag3/gaussian_ar1,2006Q4,2007-01-26,17,3.0945283403984725,3.4823729200428755,2007-01-28,-0.387844579644403
2007-2019,diag3/gaussian_ar1,2007Q1,2007-04-27,17,3.050966171806735,1.2087836914185912,2007-04-28,1.8421824803881437
2007-2019,diag3/gaussian_ar1,2007Q2,2007-07-27,17,3.616491991674176,2.4695947150627617,2007-07-28,1.1468972766114143
2007-2019,diag3/gaussian_ar1,2007Q3,2007-10-26,17,2.854652962210058,2.3240880884577653,2007-10-28,0.5305648737522928
2007-2019,diag3/gaussian_ar1,2007Q4,2008-01-25,17,3.116052813407588,2.5367271478347497,2008-01-28,0.5793256655728385
2007-2019,diag3/gaussian_ar1,2008Q1,2008-04-25,17,2.7759201948579726,-1.6961606735480972,2008-04-28,4.47208086840607
2007-2019,diag3/gaussian_ar1,2008Q2,2008-07-25,17,2.469746655965688,2.403069701864058,2008-07-28,0.06667695410163033
2007-2019,diag3/gaussian_ar1,2008Q3,2008-10-24,17,1.0797206742989784,-2.0845363314131338,2008-10-28,3.164257005712112
2007-2019,diag3/gaussian_ar1,2008Q4,2009-01-23,17,-2.16616304515983,-8.472768957225274,2009-01-28,6.306605912065443
2007-2019,diag3/gaussian_ar1,2009Q1,2009-04-24,17,-7.148466906540973,-4.462803810727223,2009-04-28,-2.6856630958137497
2007-2019,diag3/gaussian_ar1,2009Q2,2009-07-24,17,-3.9441620318114263,-0.7126911125331037,2009-07-28,-3.2314709192783226
2007-2019,diag3/gaussian_ar1,2009Q3,2009-10-23,17,1.141665178896134,1.412187087697636,2009-10-28,-0.27052190880150184
2007-2019,diag3/gaussian_ar1,2009Q4,2010-01-22,17,3.373881440333037,4.394263592305325,2010-01-28,-1.0203821519722882
2007-2019,diag3/gaussian_ar1,2010Q1,2010-04-23,17,4.115519162069958,1.952133820572155,2010-04-28,2.1633853414978033
2007-2019,diag3/gaussian_ar1,2010Q2,2010-07-23,17,4.953236542297823,3.926881074055233,2010-07-28,1.0263554682425902
2007-2019,diag3/gaussian_ar1,2010Q3,2010-10-22,17,3.7705652028303223,3.1201978026194954,2010-10-28,0.6503674002108268
2007-2019,diag3/gaussian_ar1,2010Q4,2011-01-21,17,4.228622640470281,2.117043484228409,2011-01-28,2.1115791562418718
2007-2019,diag3/gaussian_ar1,2011Q1,2011-04-22,16,4.558574563182671,-0.9454489541211974,2011-04-28,5.504023517303869
2007-2019,diag3/gaussian_ar1,2011Q2,2011-07-22,17,4.148613771133092,2.7339190839842376,2011-07-28,1.4146946871488542
2007-2019,diag3/gaussian_ar1,2011Q3,2011-10-21,17,2.5496533519487885,-0.0892210766206935,2011-10-28,2.638874428569482
2007-2019,diag3/gaussian_ar1,2011Q4,2012-01-27,17,2.9360577632656426,4.568438742179692,2012-01-28,-1.6323809789140498
2007-2019,diag3/gaussian_ar1,2012Q1,2012-04-27,17,3.147542045905305,3.396793738645587,2012-04-28,-0.24925169274028214
2007-2019,diag3/gaussian_ar1,2012Q2,2012-07-27,17,3.3476301339918413,1.7973274732638431,2012-07-28,1.5503026607279982
2007-2019,diag3/gaussian_ar1,2012Q3,2012-10-26,17,1.988151240696001,0.5773578286532466,2012-10-28,1.4107934120427543
2007-2019,diag3/gaussian_ar1,2012Q4,2013-01-25,17,2.5293714587409037,0.4633651980530562,2013-01-28,2.0660062606878475
2007-2019,diag3/gaussian_ar1,2013Q1,2013-04-26,17,2.874650927873712,4.005025807945661,2013-04-28,-1.1303748800719493
2007-2019,diag3/gaussian_ar1,2013Q2,2013-07-26,17,2.294975100097973,1.0748507650766292,2013-07-28,1.2201243350213438
2007-2019,diag3/gaussian_ar1,2013Q3,2013-10-25,17,3.1465472681176943,3.4493139225505898,2013-10-28,-0.3027666544328955
2007-2019,diag3/gaussian_ar1,2013Q4,2014-01-24,17,3.2783308465126115,3.532828598657445,2014-01-28,-0.2544977521448333
2007-2019,diag3/gaussian_ar1,2014Q1,2014-04-25,17,3.237984438443542,-1.3732548917761769,2014-04-28,4.6112393302197185
2007-2019,diag3/gaussian_ar1,2014Q2,2014-07-25,17,3.698166805419123,5.268365026582655,2014-07-28,-1.5701982211635324
2007-2019,diag3/gaussian_ar1,2014Q3,2014-10-24,17,3.386252129863432,4.950916534930627,2014-10-28,-1.5646644050671954
2007-2019,diag3/gaussian_ar1,2014Q4,2015-01-23,17,3.8262848141360273,2.0383303103057804,2015-01-28,1.787954503830247
2007-2019,diag3/gaussian_ar1,2015Q1,2015-04-24,17,2.100865276040853,3.650885031119766,2015-04-28,-1.550019755078913
2007-2019,diag3/gaussian_ar1,2015Q2,2015-07-24,17,1.9029569896117813,2.500735310964308,2015-07-28,-0.5977783213525265
2007-2019,diag3/gaussian_ar1,2015Q3,2015-10-23,17,2.525693127784323,1.61061768429811,2015-10-28,0.9150754434862132
2007-2019,diag3/gaussian_ar1,2015Q4,2016-01-22,17,1.329068968071767,0.7399609712167354,2016-01-28,0.5891079968550317
2007-2019,diag3/gaussian_ar1,2016Q1,2016-04-22,17,1.1826877612556077,2.3383061524439253,2016-04-28,-1.1556183911883176
2007-2019,diag3/gaussian_ar1,2016Q2,2016-07-22,17,2.185586812360185,1.290696770237454,2016-07-28,0.894890042122731
2007-2019,diag3/gaussian_ar1,2016Q3,2016-10-21,17,2.521107462388006,2.8678981414693494,2016-10-28,-0.34679067908134353
2007-2019,diag3/gaussian_ar1,2016Q4,2017-01-27,17,2.500079529733412,2.235699518586598,2017-01-28,0.2643800111468142
2007-2019,diag3/gaussian_ar1,2017Q1,2017-04-21,16,3.483458776668225,1.9618307902452337,2017-04-28,1.5216279864229914
2007-2019,diag3/gaussian_ar1,2017Q2,2017-07-21,16,3.382296965067977,2.258367983115228,2017-07-28,1.1239289819527487
2007-2019,diag3/gaussian_ar1,2017Q3,2017-10-27,17,3.2314489906183352,3.1915992394406345,2017-10-28,0.03984975117770073
2007-2019,diag3/gaussian_ar1,2017Q4,2018-01-26,17,4.088153400894612,4.584974811729059,2018-01-28,-0.4968214108344471
2007-2019,diag3/gaussian_ar1,2018Q1,2018-04-27,17,4.100702265353995,3.293553047698339,2018-04-28,0.8071492176556561
2007-2019,diag3/gaussian_ar1,2018Q2,2018-07-27,17,3.865267614273749,2.140266992640893,2018-07-28,1.725000621632856
2007-2019,diag3/gaussian_ar1,2018Q3,2018-10-26,17,3.581067530194914,2.5182268082057035,2018-10-28,1.0628407219892106
2007-2019,diag3/gaussian_ar1,2018Q4,2019-01-25,17,3.1008223632255527,0.5677817986818878,2019-01-28,2.533040564543665
2007-2019,diag3/gaussian_ar1,2019Q1,2019-04-26,17,2.2771759173344286,2.520756202743435,2019-04-28,-0.24358028540900634
2007-2019,diag3/gaussian_ar1,2019Q2,2019-07-26,17,2.1014793895503647,3.382664959003589,2019-07-28,-1.2811855694532244
2007-2019,diag3/gaussian_ar1,2019Q3,2019-10-25,17,2.1725109332791703,4.762784209178728,2019-10-28,-2.5902732758995572
2007-2019,diag3/student_t,2006Q4,2007-01-26,17,3.2750051572354,3.4823729200428755,2007-01-28,-0.2073677628074755
2007-2019,diag3/student_t,2007Q1,2007-04-27,17,3.2041079090442848,1.2087836914185912,2007-04-28,1.9953242176256936
2007-2019,diag3/student_t,2007Q2,2007-07-27,17,3.33236049984742,2.4695947150627617,2007-07-28,0.8627657847846582
2007-2019,diag3/student_t,2007Q3,2007-10-26,17,3.2538863811070184,2.3240880884577653,2007-10-28,0.9297982926492532
2007-2019,diag3/student_t,2007Q4,2008-01-25,17,3.119451313055865,2.5367271478347497,2008-01-28,0.5827241652211153
2007-2019,diag3/student_t,2008Q1,2008-04-25,17,2.7301769625368344,-1.6961606735480972,2008-04-28,4.426337636084932
2007-2019,diag3/student_t,2008Q2,2008-07-25,17,2.4532825239662825,2.403069701864058,2008-07-28,0.05021282210222466
2007-2019,diag3/student_t,2008Q3,2008-10-24,17,2.315155157590376,-2.0845363314131338,2008-10-28,4.39969148900351
2007-2019,diag3/student_t,2008Q4,2009-01-23,17,0.5656332197842673,-8.472768957225274,2009-01-28,9.03840217700954
2007-2019,diag3/student_t,2009Q1,2009-04-24,17,-1.1214183071626138,-4.462803810727223,2009-04-28,3.3413855035646094
2007-2019,diag3/student_t,2009Q2,2009-07-24,17,-0.6399480068328689,-0.7126911125331037,2009-07-28,0.07274310570023479
2007-2019,diag3/student_t,2009Q3,2009-10-23,17,1.5488742305733938,1.412187087697636,2009-10-28,0.1366871428757579
2007-2019,diag3/student_t,2009Q4,2010-01-22,17,3.099300783652059,4.394263592305325,2010-01-28,-1.294962808653266
2007-2019,diag3/student_t,2010Q1,2010-04-23,17,3.73618846302608,1.952133820572155,2010-04-28,1.784054642453925
2007-2019,diag3/student_t,2010Q2,2010-07-23,17,4.162079020575127,3.926881074055233,2010-07-28,0.2351979465198939
2007-2019,diag3/student_t,2010Q3,2010-10-22,17,3.9877716067031166,3.1201978026194954,2010-10-28,0.8675738040836212
2007-2019,diag3/student_t,2010Q4,2011-01-21,17,4.116627344621948,2.117043484228409,2011-01-28,1.999583860393539
2007-2019,diag3/student_t,2011Q1,2011-04-22,16,4.60835736695695,-0.9454489541211974,2011-04-28,5.553806321078147
2007-2019,diag3/student_t,2011Q2,2011-07-22,17,4.293078125974592,2.7339190839842376,2011-07-28,1.5591590419903545
2007-2019,diag3/student_t,2011Q3,2011-10-21,17,3.221635747201224,-0.0892210766206935,2011-10-28,3.3108568238219176
2007-2019,diag3/student_t,2011Q4,2012-01-27,17,2.859004741071214,4.568438742179692,2012-01-28,-1.7094340011084785
2007-2019,diag3/student_t,2012Q1,2012-04-27,17,3.296045698324268,3.396793738645587,2012-04-28,-0.10074804032131901
2007-2019,diag3/student_t,2012Q2,2012-07-27,17,3.183917939474812,1.7973274732638431,2012-07-28,1.3865904662109687
2007-2019,diag3/student_t,2012Q3,2012-10-26,17,2.6319859595883788,0.5773578286532466,2012-10-28,2.054628130935132
2007-2019,diag3/student_t,2012Q4,2013-01-25,17,2.613240630392344,0.4633651980530562,2013-01-28,2.1498754323392877
2007-2019,diag3/student_t,2013Q1,2013-04-26,17,2.796815954363852,4.005025807945661,2013-04-28,-1.2082098535818093
2007-2019,diag3/student_t,2013Q2,2013-07-26,17,2.540347738259907,1.0748507650766292,2013-07-28,1.4654969731832779
2007-2019,diag3/student_t,2013Q3,2013-10-25,17,3.024825203125548,3.4493139225505898,2013-10-28,-0.42448871942504196
2007-2019,diag3/student_t,2013Q4,2014-01-24,17,3.522114043854274,3.532828598657445,2014-01-28,-0.010714554803170628
2007-2019,diag3/student_t,2014Q1,2014-04-25,17,3.1472844293854108,-1.3732548917761769,2014-04-28,4.520539321161587
2007-2019,diag3/student_t,2014Q2,2014-07-25,17,3.297542190237301,5.268365026582655,2014-07-28,-1.9708228363453544
2007-2019,diag3/student_t,2014Q3,2014-10-24,17,3.667393146817499,4.950916534930627,2014-10-28,-1.283523388113128
2007-2019,diag3/student_t,2014Q4,2015-01-23,17,3.748023847062476,2.0383303103057804,2015-01-28,1.7096935367566957
2007-2019,diag3/student_t,2015Q1,2015-04-24,17,3.000047874219236,3.650885031119766,2015-04-28,-0.65083715690053
2007-2019,diag3/student_t,2015Q2,2015-07-24,17,2.723623300758038,2.500735310964308,2015-07-28,0.22288798979373015
2007-2019,diag3/student_t,2015Q3,2015-10-23,17,2.7144904231353184,1.61061768429811,2015-10-28,1.1038727388372085
2007-2019,diag3/student_t,2015Q4,2016-01-22,17,2.09618877872102,0.7399609712167354,2016-01-28,1.3562278075042844
2007-2019,diag3/student_t,2016Q1,2016-04-22,17,1.905303468503128,2.3383061524439253,2016-04-28,-0.4330026839407972
2007-2019,diag3/student_t,2016Q2,2016-07-22,17,2.4376372306254668,1.290696770237454,2016-07-28,1.1469404603880127
2007-2019,diag3/student_t,2016Q3,2016-10-21,17,2.484528100660488,2.8678981414693494,2016-10-28,-0.3833700408088614
2007-2019,diag3/student_t,2016Q4,2017-01-27,17,2.7340186928831667,2.235699518586598,2017-01-28,0.4983191742965687
2007-2019,diag3/student_t,2017Q1,2017-04-21,16,3.4832025877572947,1.9618307902452337,2017-04-28,1.521371797512061
2007-2019,diag3/student_t,2017Q2,2017-07-21,16,3.516668366368481,2.258367983115228,2017-07-28,1.2583003832532529
2007-2019,diag3/student_t,2017Q3,2017-10-27,17,3.7260632289030537,3.1915992394406345,2017-10-28,0.5344639894624192
2007-2019,diag3/student_t,2017Q4,2018-01-26,17,4.111487706347461,4.584974811729059,2018-01-28,-0.4734871053815981
2007-2019,diag3/student_t,2018Q1,2018-04-27,17,4.177216589446808,3.293553047698339,2018-04-28,0.8836635417484695
2007-2019,diag3/student_t,2018Q2,2018-07-27,17,4.0072143055085885,2.140266992640893,2018-07-28,1.8669473128676954
2007-2019,diag3/student_t,2018Q3,2018-10-26,17,4.025350009299555,2.5182268082057035,2018-10-28,1.5071232010938518
2007-2019,diag3/student_t,2018Q4,2019-01-25,17,3.803395237190088,0.5677817986818878,2019-01-28,3.2356134385082003
2007-2019,diag3/student_t,2019Q1,2019-04-26,17,3.2475743280562464,2.520756202743435,2019-04-28,0.7268181253128114
2007-2019,diag3/student_t,2019Q2,2019-07-26,17,2.8758566958596354,3.382664959003589,2019-07-28,-0.5068082631439537
2007-2019,diag3/student_t,2019Q3,2019-10-25,17,2.4320040050219927,4.762784209178728,2019-10-28,-2.330780204156735
2007-2019,diag3/student_t_ar1,2006Q4,2007-01-26,17,2.84282613920106,3.4823729200428755,2007-01-28,-0.6395467808418154
2007-2019,diag3/student_t_ar1,2007Q1,2007-04-27,17,3.349428802571897,1.2087836914185912,2007-04-28,2.140645111153306
2007-2019,diag3/student_t_ar1,2007Q2,2007-07-27,17,3.140326284893691,2.4695947150627617,2007-07-28,0.6707315698309291
2007-2019,diag3/student_t_ar1,2007Q3,2007-10-26,17,2.836899379550739,2.3240880884577653,2007-10-28,0.5128112910929739
2007-2019,diag3/student_t_ar1,2007Q4,2008-01-25,17,3.115285065661721,2.5367271478347497,2008-01-28,0.5785579178269713
2007-2019,diag3/student_t_ar1,2008Q1,2008-04-25,17,2.7420765825783238,-1.6961606735480972,2008-04-28,4.4382372561264205
2007-2019,diag3/student_t_ar1,2008Q2,2008-07-25,17,2.4281513016250145,2.403069701864058,2008-07-28,0.025081599760956585
2007-2019,diag3/student_t_ar1,2008Q3,2008-10-24,17,1.0129097640599882,-2.0845363314131338,2008-10-28,3.097446095473122
2007-2019,diag3/student_t_ar1,2008Q4,2009-01-23,17,-1.3119238101627628,-8.472768957225274,2009-01-28,7.160845147062511
2007-2019,diag3/student_t_ar1,2009Q1,2009-04-24,17,-7.042436740372482,-4.462803810727223,2009-04-28,-2.5796329296452587
2007-2019,diag3/student_t_ar1,2009Q2,2009-07-24,17,-3.850347596597825,-0.7126911125331037,2009-07-28,-3.1376564840647214
2007-2019,diag3/student_t_ar1,2009Q3,2009-10-23,17,1.3027363507599254,1.412187087697636,2009-10-28,-0.10945073693771046
2007-2019,diag3/student_t_ar1,2009Q4,2010-01-22,17,3.698600804613572,4.394263592305325,2010-01-28,-0.6956627876917532
2007-2019,diag3/student_t_ar1,2010Q1,2010-04-23,17,4.332532006761025,1.952133820572155,2010-04-28,2.38039818618887
2007-2019,diag3/student_t_ar1,2010Q2,2010-07-23,17,5.018167756622738,3.926881074055233,2010-07-28,1.091286682567505
2007-2019,diag3/student_t_ar1,2010Q3,2010-10-22,17,3.861846620898435,3.1201978026194954,2010-10-28,0.7416488182789394
2007-2019,diag3/student_t_ar1,2010Q4,2011-01-21,17,4.233629725240018,2.117043484228409,2011-01-28,2.1165862410116087
2007-2019,diag3/student_t_ar1,2011Q1,2011-04-22,16,4.626870531510563,-0.9454489541211974,2011-04-28,5.572319485631761
2007-2019,diag3/student_t_ar1,2011Q2,2011-07-22,17,4.346998452236828,2.7339190839842376,2011-07-28,1.6130793682525901
2007-2019,diag3/student_t_ar1,2011Q3,2011-10-21,17,2.789923220845636,-0.0892210766206935,2011-10-28,2.8791442974663295
2007-2019,diag3/student_t_ar1,2011Q4,2012-01-27,17,3.069853071567929,4.568438742179692,2012-01-28,-1.4985856706117633
2007-2019,diag3/student_t_ar1,2012Q1,2012-04-27,17,3.189643098219075,3.396793738645587,2012-04-28,-0.2071506404265122
2007-2019,diag3/student_t_ar1,2012Q2,2012-07-27,17,3.374370719755526,1.7973274732638431,2012-07-28,1.577043246491683
2007-2019,diag3/student_t_ar1,2012Q3,2012-10-26,17,2.0501695912656936,0.5773578286532466,2012-10-28,1.472811762612447
2007-2019,diag3/student_t_ar1,2012Q4,2013-01-25,17,2.580269716362582,0.4633651980530562,2013-01-28,2.116904518309526
2007-2019,diag3/student_t_ar1,2013Q1,2013-04-26,17,2.951843467678672,4.005025807945661,2013-04-28,-1.0531823402669893
2007-2019,diag3/student_t_ar1,2013Q2,2013-07-26,17,2.399829850270363,1.0748507650766292,2013-07-28,1.3249790851937338
2007-2019,diag3/student_t_ar1,2013Q3,2013-10-25,17,3.175119950388749,3.4493139225505898,2013-10-28,-0.2741939721618407
2007-2019,diag3/student_t_ar1,2013Q4,2014-01-24,17,3.282477122773497,3.532828598657445,2014-01-28,-0.250351475883948
2007-2019,diag3/student_t_ar1,2014Q1,2014-04-25,17,3.392333796963065,-1.3732548917761769,2014-04-28,4.765588688739242
2007-2019,diag3/student_t_ar1,2014Q2,2014-07-25,17,3.9067419414629656,5.268365026582655,2014-07-28,-1.3616230851196898
2007-2019,diag3/student_t_ar1,2014Q3,2014-10-24,17,3.2671511728986413,4.950916534930627,2014-10-28,-1.683765362031986
2007-2019,diag3/student_t_ar1,2014Q4,2015-01-23,17,3.756971480404192,2.0383303103057804,2015-01-28,1.7186411700984117
2007-2019,diag3/student_t_ar1,2015Q1,2015-04-24,17,2.041749669347692,3.650885031119766,2015-04-28,-1.6091353617720738
2007-2019,diag3/student_t_ar1,2015Q2,2015-07-24,17,1.7814065529079048,2.500735310964308,2015-07-28,-0.719328758056403
2007-2019,diag3/student_t_ar1,2015Q3,2015-10-23,17,2.414033982647989,1.61061768429811,2015-10-28,0.8034162983498792
2007-2019,diag3/student_t_ar1,2015Q4,2016-01-22,17,1.2322577784073865,0.7399609712167354,2016-01-28,0.49229680719065105
2007-2019,diag3/student_t_ar1,2016Q1,2016-04-22,17,1.0812351385060648,2.3383061524439253,2016-04-28,-1.2570710139378605
2007-2019,diag3/student_t_ar1,2016Q2,2016-07-22,17,2.1731876567268493,1.290696770237454,2016-07-28,0.8824908864893952
2007-2019,diag3/student_t_ar1,2016Q3,2016-10-21,17,2.5003518870228447,2.8678981414693494,2016-10-28,-0.3675462544465047
2007-2019,diag3/student_t_ar1,2016Q4,2017-01-27,17,2.467415540517215,2.235699518586598,2017-01-28,0.2317160219306169
2007-2019,diag3/student_t_ar1,2017Q1,2017-04-21,16,3.372045937567214,1.9618307902452337,2017-04-28,1.4102151473219804
2007-2019,diag3/student_t_ar1,2017Q2,2017-07-21,16,3.2747482778147985,2.258367983115228,2017-07-28,1.0163802946995704
2007-2019,diag3/student_t_ar1,2017Q3,2017-10-27,17,3.1461310994975733,3.1915992394406345,2017-10-28,-0.0454681399430612
2007-2019,diag3/student_t_ar1,2017Q4,2018-01-26,17,4.033554299707198,4.584974811729059,2018-01-28,-0.5514205120218607
2007-2019,diag3/student_t_ar1,2018Q1,2018-04-27,17,4.014240692211057,3.293553047698339,2018-04-28,0.7206876445127186
2007-2019,diag3/student_t_ar1,2018Q2,2018-07-27,17,3.848435792856808,2.140266992640893,2018-07-28,1.708168800215915
2007-2019,diag3/student_t_ar1,2018Q3,2018-10-26,17,3.5352128051174603,2.5182268082057035,2018-10-28,1.0169859969117567
2007-2019,diag3/student_t_ar1,2018Q4,2019-01-25,17,3.0384707929396626,0.5677817986818878,2019-01-28,2.4706889942577748
2007-2019,diag3/student_t_ar1,2019Q1,2019-04-26,17,2.2527092761270184,2.520756202743435,2019-04-28,-0.2680469266164165
2007-2019,diag3/student_t_ar1,2019Q2,2019-07-26,17,2.036598492906916,3.382664959003589,2019-07-28,-1.3460664660966732
2007-2019,diag3/student_t_ar1,2019Q3,2019-10-25,17,2.127928957650793,4.762784209178728,2019-10-28,-2.6348552515279344
2007-2019,diag3/student_t_ar1_shared,2006Q4,2007-01-26,17,2.7741513986677235,3.4823729200428755,2007-01-28,-0.7082215213751519
2007-2019,diag3/student_t_ar1_shared,2007Q1,2007-04-27,17,3.300484985257812,1.2087836914185912,2007-04-28,2.091701293839221
2007-2019,diag3/student_t_ar1_shared,2007Q2,2007-07-27,17,3.739523295177105,2.4695947150627617,2007-07-28,1.2699285801143434
2007-2019,diag3/student_t_ar1_shared,2007Q3,2007-10-26,17,2.868345133712036,2.3240880884577653,2007-10-28,0.5442570452542705
2007-2019,diag3/student_t_ar1_shared,2007Q4,2008-01-25,17,3.1290240337515263,2.5367271478347497,2008-01-28,0.5922968859167765
2007-2019,diag3/student_t_ar1_shared,2008Q1,2008-04-25,17,2.716486469243096,-1.6961606735480972,2008-04-28,4.412647142791194
2007-2019,diag3/student_t_ar1_shared,2008Q2,2008-07-25,17,2.6102684463535475,2.403069701864058,2008-07-28,0.2071987444894896
2007-2019,diag3/student_t_ar1_shared,2008Q3,2008-10-24,17,1.457822469601333,-2.0845363314131338,2008-10-28,3.542358801014467
2007-2019,diag3/student_t_ar1_shared,2008Q4,2009-01-23,17,-0.4948896998419272,-8.472768957225274,2009-01-28,7.977879257383346
2007-2019,diag3/student_t_ar1_shared,2009Q1,2009-04-24,17,-4.472909057485008,-4.462803810727223,2009-04-28,-0.010105246757785125
2007-2019,diag3/student_t_ar1_shared,2009Q2,2009-07-24,17,-2.521177096488869,-0.7126911125331037,2009-07-28,-1.8084859839557654
2007-2019,diag3/student_t_ar1_shared,2009Q3,2009-10-23,17,0.8522835455642142,1.412187087697636,2009-10-28,-0.5599035421334217
2007-2019,diag3/student_t_ar1_shared,2009Q4,2010-01-22,17,2.9084509978868134,4.394263592305325,2010-01-28,-1.4858125944185119
2007-2019,diag3/student_t_ar1_shared,2010Q1,2010-04-23,17,3.6966556782303206,1.952133820572155,2010-04-28,1.7445218576581656
2007-2019,diag3/student_t_ar1_shared,2010Q2,2010-07-23,17,4.624432493890174,3.926881074055233,2010-07-28,0.6975514198349408
2007-2019,diag3/student_t_ar1_shared,2010Q3,2010-10-22,17,3.3460920932148808,3.1201978026194954,2010-10-28,0.22589429059538535
2007-2019,diag3/student_t_ar1_shared,2010Q4,2011-01-21,17,4.227485198869618,2.117043484228409,2011-01-28,2.110441714641209
2007-2019,diag3/student_t_ar1_shared,2011Q1,2011-04-22,16,4.387989041617257,-0.9454489541211974,2011-04-28,5.333437995738455
2007-2019,diag3/student_t_ar1_shared,2011Q2,2011-07-22,17,4.216425453472739,2.7339190839842376,2011-07-28,1.482506369488501
2007-2019,diag3/student_t_ar1_shared,2011Q3,2011-10-21,17,2.6213445903705117,-0.0892210766206935,2011-10-28,2.7105656669912053
2007-2019,diag3/student_t_ar1_shared,2011Q4,2012-01-27,17,2.847395833767341,4.568438742179692,2012-01-28,-1.7210429084123513
2007-2019,diag3/student_t_ar1_shared,2012Q1,2012-04-27,17,2.9136717460383377,3.396793738645587,2012-04-28,-0.4831219926072494
2007-2019,diag3/student_t_ar1_shared,2012Q2,2012-07-27,17,3.387592248710525,1.7973274732638431,2012-07-28,1.5902647754466817
2007-2019,diag3/student_t_ar1_shared,2012Q3,2012-10-26,17,2.3013299913895224,0.5773578286532466,2012-10-28,1.7239721627362758
2007-2019,diag3/student_t_ar1_shared,2012Q4,2013-01-25,17,2.470946165805832,0.4633651980530562,2013-01-28,2.0075809677527756
2007-2019,diag3/student_t_ar1_shared,2013Q1,2013-04-26,17,2.8485363996799684,4.005025807945661,2013-04-28,-1.156489408265693
2007-2019,diag3/student_t_ar1_shared,2013Q2,2013-07-26,17,2.1548497086864016,1.0748507650766292,2013-07-28,1.0799989436097723
2007-2019,diag3/student_t_ar1_shared,2013Q3,2013-10-25,17,3.1464643051421604,3.4493139225505898,2013-10-28,-0.3028496174084294
2007-2019,diag3/student_t_ar1_shared,2013Q4,2014-01-24,17,3.187148085432878,3.532828598657445,2014-01-28,-0.3456805132245666
2007-2019,diag3/student_t_ar1_shared,2014Q1,2014-04-25,17,3.327953849297516,-1.3732548917761769,2014-04-28,4.7012087410736925
2007-2019,diag3/student_t_ar1_shared,2014Q2,2014-07-25,17,3.8665068597284025,5.268365026582655,2014-07-28,-1.401858166854253
2007-2019,diag3/student_t_ar1_shared,2014Q3,2014-10-24,17,3.06461123125783,4.950916534930627,2014-10-28,-1.8863053036727973
2007-2019,diag3/student_t_ar1_shared,2014Q4,2015-01-23,17,3.48737153572698,2.0383303103057804,2015-01-28,1.4490412254211997
2007-2019,diag3/student_t_ar1_shared,2015Q1,2015-04-24,17,2.4087059810896205,3.650885031119766,2015-04-28,-1.2421790500301455
2007-2019,diag3/student_t_ar1_shared,2015Q2,2015-07-24,17,2.1988635330878026,2.500735310964308,2015-07-28,-0.3018717778765052
2007-2019,diag3/student_t_ar1_shared,2015Q3,2015-10-23,17,2.531185930353752,1.61061768429811,2015-10-28,0.9205682460556421
2007-2019,diag3/student_t_ar1_shared,2015Q4,2016-01-22,17,1.6508395114402274,0.7399609712167354,2016-01-28,0.910878540223492
2007-2019,diag3/student_t_ar1_shared,2016Q1,2016-04-22,17,1.3839668602715127,2.3383061524439253,2016-04-28,-0.9543392921724125
2007-2019,diag3/student_t_ar1_shared,2016Q2,2016-07-22,17,2.2320708248250165,1.290696770237454,2016-07-28,0.9413740545875624
2007-2019,diag3/student_t_ar1_shared,2016Q3,2016-10-21,17,2.385350060345748,2.8678981414693494,2016-10-28,-0.4825480811236016
2007-2019,diag3/student_t_ar1_shared,2016Q4,2017-01-27,17,2.462308497630828,2.235699518586598,2017-01-28,0.22660897904422983
2007-2019,diag3/student_t_ar1_shared,2017Q1,2017-04-21,16,3.259177412002301,1.9618307902452337,2017-04-28,1.2973466217570673
2007-2019,diag3/student_t_ar1_shared,2017Q2,2017-07-21,16,3.089200128798564,2.258367983115228,2017-07-28,0.8308321456833361
2007-2019,diag3/student_t_ar1_shared,2017Q3,2017-10-27,17,3.164093403755741,3.1915992394406345,2017-10-28,-0.027505835684893398
2007-2019,diag3/student_t_ar1_shared,2017Q4,2018-01-26,17,3.715126864603469,4.584974811729059,2018-01-28,-0.86984794712559
2007-2019,diag3/student_t_ar1_shared,2018Q1,2018-04-27,17,3.750296250676,3.293553047698339,2018-04-28,0.45674320297766124
2007-2019,diag3/student_t_ar1_shared,2018Q2,2018-07-27,17,3.691471780328781,2.140266992640893,2018-07-28,1.551204787687888
2007-2019,diag3/student_t_ar1_shared,2018Q3,2018-10-26,17,3.372696060547309,2.5182268082057035,2018-10-28,0.8544692523416053
2007-2019,diag3/student_t_ar1_shared,2018Q4,2019-01-25,17,3.13460922159301,0.5677817986818878,2019-01-28,2.566827422911122
2007-2019,diag3/student_t_ar1_shared,2019Q1,2019-04-26,17,2.327957214854659,2.520756202743435,2019-04-28,-0.19279898788877592
2007-2019,diag3/student_t_ar1_shared,2019Q2,2019-07-26,17,2.2742775814584397,3.382664959003589,2019-07-28,-1.1083873775451494
2007-2019,diag3/student_t_ar1_shared,2019Q3,2019-10-25,17,2.2699152265122318,4.762784209178728,2019-10-28,-2.492868982666496
2007-2019,mean,2006Q4,2007-01-26,17,3.1751536975980432,3.4823729200428755,2007-01-28,-0.30721922244483224
2007-2019,mean,2007Q1,2007-04-27,17,3.1786396966371644,1.2087836914185912,2007-04-28,1.9698560052185732
2007-2019,mean,2007Q2,2007-07-27,17,3.1562948943734126,2.4695947150627617,2007-07-28,0.6867001793106509
2007-2019,mean,2007Q3,2007-10-26,17,3.148639667126152,2.3240880884577653,2007-10-28,0.8245515786683866
2007-2019,mean,2007Q4,2008-01-25,17,3.1395426517476066,2.5367271478347497,2008-01-28,0.6028155039128569
2007-2019,mean,2008Q1,2008-04-25,17,3.132971295620801,-1.6961606735480972,2008-04-28,4.829131969168898
2007-2019,mean,2008Q2,2008-07-25,17,3.079803816808924,2.403069701864058,2008-07-28,0.6767341149448662
2007-2019,mean,2008Q3,2008-10-24,17,3.072581034600197,-2.0845363314131338,2008-10-28,5.157117366013331
2007-2019,mean,2008Q4,2009-01-23,17,3.016905506111378,-8.472768957225274,2009-01-28,11.489674463336652
2007-2019,mean,2009Q1,2009-04-24,17,2.8900833637129475,-4.462803810727223,2009-04-28,7.352887174440171
2007-2019,mean,2009Q2,2009-07-24,17,2.811465501519139,-0.7126911125331037,2009-07-28,3.524156614052243
2007-2019,mean,2009Q3,2009-10-23,17,2.7748804447588427,1.412187087697636,2009-10-28,1.3626933570612068
2007-2019,mean,2009Q4,2010-01-22,17,2.7610247323869963,4.394263592305325,2010-01-28,-1.633238859918329
2007-2019,mean,2010Q1,2010-04-23,17,2.777229967723094,1.952133820572155,2010-04-28,0.8250961471509388
2007-2019,mean,2010Q2,2010-07-23,17,2.769028058194345,3.926881074055233,2010-07-28,-1.157853015860888
2007-2019,mean,2010Q3,2010-10-22,17,2.7803167084278435,3.1201978026194954,2010-10-28,-0.3398810941916519
2007-2019,mean,2010Q4,2011-01-21,17,2.78361113364074,2.117043484228409,2011-01-28,0.6665676494123307
2007-2019,mean,2011Q1,2011-04-22,16,2.77718115749448,-0.9454489541211974,2011-04-28,3.7226301116156773
2007-2019,mean,2011Q2,2011-07-22,17,2.741075870813225,2.7339190839842376,2011-07-28,0.00715678682898746
2007-2019,mean,2011Q3,2011-10-21,17,2.7410083516268724,-0.0892210766206935,2011-10-28,2.830229428247566
2007-2019,mean,2011Q4,2012-01-27,17,2.714189955802349,4.568438742179692,2012-01-28,-1.8542487863773434
2007-2019,mean,2012Q1,2012-04-27,17,2.731207204262853,3.396793738645587,2012-04-28,-0.6655865343827343
2007-2019,mean,2012Q2,2012-07-27,17,2.7372939869952484,1.7973274732638431,2012-07-28,0.9399665137314053
2007-2019,mean,2012Q3,2012-10-26,17,2.7287098646819885,0.5773578286532466,2012-10-28,2.151352036028742
2007-2019,mean,2012Q4,2013-01-25,17,2.709124358500925,0.4633651980530562,2013-01-28,2.245759160447869
2007-2019,mean,2013Q1,2013-04-26,17,2.688852474931891,4.005025807945661,2013-04-28,-1.3161733330137704
2007-2019,mean,2013Q2,2013-07-26,17,2.700426666597555,1.0748507650766292,2013-07-28,1.625575901520926
2007-2019,mean,2013Q3,2013-10-25,17,2.686054177972008,3.4493139225505898,2013-10-28,-0.7632597445785816
2007-2019,mean,2013Q4,2014-01-24,17,2.6926668873126447,3.532828598657445,2014-01-28,-0.8401617113448001
2007-2019,mean,2014Q1,2014-04-25,17,2.699880446912184,-1.3732548917761769,2014-04-28,4.073135338688361
2007-2019,mean,2014Q2,2014-07-25,17,2.6643642989027327,5.268365026582655,2014-07-28,-2.6040007276799226
2007-2019,mean,2014Q3,2014-10-24,17,2.686159192738402,4.950916534930627,2014-10-28,-2.264757342192225
2007-2019,mean,2014Q4,2015-01-23,17,2.7049856563371444,2.0383303103057804,2015-01-28,0.666655346031364
2007-2019,mean,2015Q1,2015-04-24,17,2.69941223777006,3.650885031119766,2015-04-28,-0.9514727933497062
2007-2019,mean,2015Q2,2015-07-24,17,2.707239745169532,2.500735310964308,2015-07-28,0.20650443420522402
2007-2019,mean,2015Q3,2015-10-23,17,2.7055453959235587,1.61061768429811,2015-10-28,1.0949277116254488
2007-2019,mean,2015Q4,2016-01-22,17,2.6965961439464614,0.7399609712167354,2016-01-28,1.956635172729726
2007-2019,mean,2016Q1,2016-04-22,17,2.680665808374183,2.3383061524439253,2016-04-28,0.34235965593025774
2007-2019,mean,2016Q2,2016-07-22,17,2.6779223915958106,1.290696770237454,2016-07-28,1.3872256213583565
2007-2019,mean,2016Q3,2016-10-21,17,2.6668382127987837,2.8678981414693494,2016-10-28,-0.20105992867056566
2007-2019,mean,2016Q4,2017-01-27,17,2.6684198258489555,2.235699518586598,2017-01-28,0.43272030726235755
2007-2019,mean,2017Q1,2017-04-21,16,2.6650321100336827,1.9618307902452337,2017-04-28,0.703201319788449
2007-2019,mean,2017Q2,2017-07-21,16,2.659562328208498,2.258367983115228,2017-07-28,0.4011943450932698
2007-2019,mean,2017Q3,2017-10-27,17,2.65647021840143,3.1915992394406345,2017-10-28,-0.5351290210392046
2007-2019,mean,2017Q4,2018-01-26,17,2.660544643419449,4.584974811729059,2018-01-28,-1.92443016830961
2007-2019,mean,2018Q1,2018-04-27,17,2.6749897140616152,3.293553047698339,2018-04-28,-0.6185633336367236
2007-2019,mean,2018Q2,2018-07-27,17,2.679626717431849,2.140266992640893,2018-07-28,0.5393597247909558
2007-2019,mean,2018Q3,2018-10-26,17,2.67559111546678,2.5182268082057035,2018-10-28,0.15736430726107642
2007-2019,mean,2018Q4,2019-01-25,17,2.674424566377276,0.5677817986818878,2019-01-28,2.106642767695388
2007-2019,mean,2019Q1,2019-04-26,17,2.6587746214300267,2.520756202743435,2019-04-28,0.13801841868659182
2007-2019,mean,2019Q2,2019-07-26,17,2.657766514842841,3.382664959003589,2019-07-28,-0.7248984441607482
2007-2019,mean,2019Q3,2019-10-25,17,2.663001076281879,4.762784209178728,2019-10-28,-2.0997831328968486
2007-2019,nyfed,2006Q4,2007-01-26,17,1.78,3.4823729200428755,2007-01-28,-1.7023729200428754
2007-2019,nyfed,2007Q1,2007-04-27,17,2.4,1.2087836914185912,2007-04-28,1.1912163085814087
2007-2019,nyfed,2007Q2,2007-07-27,17,3.25,2.4695947150627617,2007-07-28,0.7804052849372383
2007-2019,nyfed,2007Q3,2007-10-26,17,1.99,2.3240880884577653,2007-10-28,-0.3340880884577653
2007-2019,nyfed,2007Q4,2008-01-25,17,1.49,2.5367271478347497,2008-01-28,-1.0467271478347497
2007-2019,nyfed,2008Q1,2008-04-25,17,1.43,-1.6961606735480972,2008-04-28,3.126160673548097
2007-2019,nyfed,2008Q2,2008-07-25,17,1.99,2.403069701864058,2008-07-28,-0.4130697018640579
2007-2019,nyfed,2008Q3,2008-10-24,17,-0.52,-2.0845363314131338,2008-10-28,1.5645363314131338
2007-2019,nyfed,2008Q4,2009-01-23,17,-3.47,-8.472768957225274,2009-01-28,5.002768957225273
2007-2019,nyfed,2009Q1,2009-04-24,17,-3.57,-4.462803810727223,2009-04-28,0.8928038107272234
2007-2019,nyfed,2009Q2,2009-07-24,17,0.04,-0.7126911125331037,2009-07-28,0.7526911125331037
2007-2019,nyfed,2009Q3,2009-10-23,17,5.2,1.412187087697636,2009-10-28,3.787812912302364
2007-2019,nyfed,2009Q4,2010-01-22,17,4.32,4.394263592305325,2010-01-28,-0.07426359230532498
2007-2019,nyfed,2010Q1,2010-04-23,17,3.98,1.952133820572155,2010-04-28,2.027866179427845
2007-2019,nyfed,2010Q2,2010-07-23,17,4.96,3.926881074055233,2010-07-28,1.033118925944767
2007-2019,nyfed,2010Q3,2010-10-22,17,2.27,3.1201978026194954,2010-10-28,-0.8501978026194954
2007-2019,nyfed,2010Q4,2011-01-21,17,2.9,2.117043484228409,2011-01-28,0.7829565157715908
2007-2019,nyfed,2011Q1,2011-04-22,16,4.37,-0.9454489541211974,2011-04-28,5.315448954121198
2007-2019,nyfed,2011Q2,2011-07-22,17,3.17,2.7339190839842376,2011-07-28,0.4360809160157624
2007-2019,nyfed,2011Q3,2011-10-21,17,2.09,-0.0892210766206935,2011-10-28,2.1792210766206934
2007-2019,nyfed,2011Q4,2012-01-27,17,3.22,4.568438742179692,2012-01-28,-1.3484387421796922
2007-2019,nyfed,2012Q1,2012-04-27,17,3.28,3.396793738645587,2012-04-28,-0.11679373864558729
2007-2019,nyfed,2012Q2,2012-07-27,17,2.88,1.7973274732638431,2012-07-28,1.0826725267361568
2007-2019,nyfed,2012Q3,2012-10-26,17,1.64,0.5773578286532466,2012-10-28,1.0626421713467533
2007-2019,nyfed,2012Q4,2013-01-25,17,2.66,0.4633651980530562,2013-01-28,2.196634801946944
2007-2019,nyfed,2013Q1,2013-04-26,17,3.83,4.005025807945661,2013-04-28,-0.17502580794566125
2007-2019,nyfed,2013Q2,2013-07-26,17,1.95,1.0748507650766292,2013-07-28,0.8751492349233707
2007-2019,nyfed,2013Q3,2013-10-25,17,2.15,3.4493139225505898,2013-10-28,-1.2993139225505899
2007-2019,nyfed,2013Q4,2014-01-24,17,3.42,3.532828598657445,2014-01-28,-0.11282859865744488
2007-2019,nyfed,2014Q1,2014-04-25,17,2.23,-1.3732548917761769,2014-04-28,3.603254891776177
2007-2019,nyfed,2014Q2,2014-07-25,17,3.07,5.268365026582655,2014-07-28,-2.1983650265826555
2007-2019,nyfed,2014Q3,2014-10-24,17,2.2,4.950916534930627,2014-10-28,-2.750916534930627
2007-2019,nyfed,2014Q4,2015-01-23,17,2.56,2.0383303103057804,2015-01-28,0.5216696896942197
2007-2019,nyfed,2015Q1,2015-04-24,17,0.64,3.650885031119766,2015-04-28,-3.010885031119766
2007-2019,nyfed,2015Q2,2015-07-24,17,2.2,2.500735310964308,2015-07-28,-0.3007353109643076
2007-2019,nyfed,2015Q3,2015-10-23,17,2.02,1.61061768429811,2015-10-28,0.4093823157018901
2007-2019,nyfed,2015Q4,2016-01-22,17,1.42,0.7399609712167354,2016-01-28,0.6800390287832645
2007-2019,nyfed,2016Q1,2016-04-22,17,0.7,2.3383061524439253,2016-04-28,-1.6383061524439253
2007-2019,nyfed,2016Q2,2016-07-22,17,2.17,1.290696770237454,2016-07-28,0.8793032297625458
2007-2019,nyfed,2016Q3,2016-10-21,17,2.22,2.8678981414693494,2016-10-28,-0.6478981414693492
2007-2019,nyfed,2016Q4,2017-01-27,17,2.02,2.235699518586598,2017-01-28,-0.21569951858659797
2007-2019,nyfed,2017Q1,2017-04-21,16,2.65,1.9618307902452337,2017-04-28,0.6881692097547663
2007-2019,nyfed,2017Q2,2017-07-21,16,2.04,2.258367983115228,2017-07-28,-0.2183679831152281
2007-2019,nyfed,2017Q3,2017-10-27,17,1.6,3.1915992394406345,2017-10-28,-1.5915992394406344
2007-2019,nyfed,2017Q4,2018-01-26,17,3.88,4.584974811729059,2018-01-28,-0.7049748117290591
2007-2019,nyfed,2018Q1,2018-04-27,17,2.97,3.293553047698339,2018-04-28,-0.3235530476983386
2007-2019,nyfed,2018Q2,2018-07-27,17,2.78,2.140266992640893,2018-07-28,0.6397330073591068
2007-2019,nyfed,2018Q3,2018-10-26,17,2.18,2.5182268082057035,2018-10-28,-0.3382268082057034
2007-2019,nyfed,2018Q4,2019-01-25,17,2.57,0.5677817986818878,2019-01-28,2.002218201318112
2007-2019,nyfed,2019Q1,2019-04-26,17,1.43,2.520756202743435,2019-04-28,-1.090756202743435
2007-2019,nyfed,2019Q2,2019-07-26,17,1.5,3.382664959003589,2019-07-28,-1.882664959003589
2007-2019,nyfed,2019Q3,2019-10-25,17,1.91,4.762784209178728,2019-10-28,-2.8527842091787274
2007-2021,ar2,2006Q4,2007-01-26,17,2.127497985150306,3.4823729200428755,2007-01-28,-1.3548749348925693
2007-2021,ar2,2007Q1,2007-04-27,17,2.516511589836967,1.2087836914185912,2007-04-28,1.307727898418376
2007-2021,ar2,2007Q2,2007-07-27,17,2.937161396232701,2.4695947150627617,2007-07-28,0.46756668116993927
2007-2021,ar2,2007Q3,2007-10-26,17,2.487227248044221,2.3240880884577653,2007-10-28,0.16313915958645575
2007-2021,ar2,2007Q4,2008-01-25,17,2.8191159407213284,2.5367271478347497,2008-01-28,0.2823887928865787
2007-2021,ar2,2008Q1,2008-04-25,17,2.8083036045044363,-1.6961606735480972,2008-04-28,4.5044642780525335
2007-2021,ar2,2008Q2,2008-07-25,17,2.1005471682024046,2.403069701864058,2008-07-28,-0.30252253366165327
2007-2021,ar2,2008Q3,2008-10-24,17,1.5415421479588076,-2.0845363314131338,2008-10-28,3.6260784793719414
2007-2021,ar2,2008Q4,2009-01-23,17,1.973709429524506,-8.472768957225274,2009-01-28,10.44647838674978
2007-2021,ar2,2009Q1,2009-04-24,17,-2.184797334212085,-4.462803810727223,2009-04-28,2.278006476515138
2007-2021,ar2,2009Q2,2009-07-24,17,-3.524028842602578,-0.7126911125331037,2009-07-28,-2.811337730069474
2007-2021,ar2,2009Q3,2009-10-23,17,-0.4139740374448641,1.412187087697636,2009-10-28,-1.8261611251425
2007-2021,ar2,2009Q4,2010-01-22,17,1.429736113434199,4.394263592305325,2010-01-28,-2.964527478871126
2007-2021,ar2,2010Q1,2010-04-23,17,2.9885811432554865,1.952133820572155,2010-04-28,1.0364473226833315
2007-2021,ar2,2010Q2,2010-07-23,17,2.900231154384425,3.926881074055233,2010-07-28,-1.0266499196708079
2007-2021,ar2,2010Q3,2010-10-22,17,2.9525600639850103,3.1201978026194954,2010-10-28,-0.16763773863448517
2007-2021,ar2,2010Q4,2011-01-21,17,3.1804515320452253,2.117043484228409,2011-01-28,1.0634080478168162
2007-2021,ar2,2011Q1,2011-04-22,16,2.6537649105570216,-0.9454489541211974,2011-04-28,3.599213864678219
2007-2021,ar2,2011Q2,2011-07-22,17,1.3710416060630948,2.7339190839842376,2011-07-28,-1.3628774779211428
2007-2021,ar2,2011Q3,2011-10-21,17,1.8429687722399724,-0.0892210766206935,2011-10-28,1.932189848860666
2007-2021,ar2,2011Q4,2012-01-27,17,1.8349970377733005,4.568438742179692,2012-01-28,-2.733441704406392
2007-2021,ar2,2012Q1,2012-04-27,17,2.541779843205161,3.396793738645587,2012-04-28,-0.8550138954404263
2007-2021,ar2,2012Q2,2012-07-27,17,3.412174145602842,1.7973274732638431,2012-07-28,1.614846672338999
2007-2021,ar2,2012Q3,2012-10-26,17,2.617308606186985,0.5773578286532466,2012-10-28,2.0399507775337384
2007-2021,ar2,2012Q4,2013-01-25,17,1.82561790132556,0.4633651980530562,2013-01-28,1.3622527032725038
2007-2021,ar2,2013Q1,2013-04-26,17,1.4683925188219815,4.005025807945661,2013-04-28,-2.53663328912368
2007-2021,ar2,2013Q2,2013-07-26,17,2.5606185330447007,1.0748507650766292,2013-07-28,1.4857677679680714
2007-2021,ar2,2013Q3,2013-10-25,17,2.528618154142026,3.4493139225505898,2013-10-28,-0.9206957684085637
2007-2021,ar2,2013Q4,2014-01-24,17,2.5146367795315427,3.532828598657445,2014-01-28,-1.018191819125902
2007-2021,ar2,2014Q1,2014-04-25,17,3.1445006068661074,-1.3732548917761769,2014-04-28,4.517755498642284
2007-2021,ar2,2014Q2,2014-07-25,17,1.66356986942775,5.268365026582655,2014-07-28,-3.6047951571549053
2007-2021,ar2,2014Q3,2014-10-24,17,2.30832500393634,4.950916534930627,2014-10-28,-2.642591530994287
2007-2021,ar2,2014Q4,2015-01-23,17,3.964219661690316,2.0383303103057804,2015-01-28,1.9258893513845354
2007-2021,ar2,2015Q1,2015-04-24,17,3.037860095512812,3.650885031119766,2015-04-28,-0.6130249356069539
2007-2021,ar2,2015Q2,2015-07-24,17,2.82140022122388,2.500735310964308,2015-07-28,0.320664910259572
2007-2021,ar2,2015Q3,2015-10-23,17,2.8768029402775896,1.61061768429811,2015-10-28,1.2661852559794797
2007-2021,ar2,2015Q4,2016-01-22,17,2.348588574603005,0.7399609712167354,2016-01-28,1.6086276033862696
2007-2021,ar2,2016Q1,2016-04-22,17,1.879010767415168,2.3383061524439253,2016-04-28,-0.45929538502875733
2007-2021,ar2,2016Q2,2016-07-22,17,2.1323881431003944,1.290696770237454,2016-07-28,0.8416913728629403
2007-2021,ar2,2016Q3,2016-10-21,17,2.2028247351614016,2.8678981414693494,2016-10-28,-0.6650734063079478
2007-2021,ar2,2016Q4,2017-01-27,17,2.4042503412813554,2.235699518586598,2017-01-28,0.1685508226947574
2007-2021,ar2,2017Q1,2017-04-21,16,2.597922605253289,1.9618307902452337,2017-04-28,0.6360918150080552
2007-2021,ar2,2017Q2,2017-07-21,16,2.3679826302139384,2.258367983115228,2017-07-28,0.10961464709871027
2007-2021,ar2,2017Q3,2017-10-27,17,2.3857473354722103,3.1915992394406345,2017-10-28,-0.8058519039684242
2007-2021,ar2,2017Q4,2018-01-26,17,2.7219950445339203,4.584974811729059,2018-01-28,-1.8629797671951387
2007-2021,ar2,2018Q1,2018-04-27,17,3.3431957850877936,3.293553047698339,2018-04-28,0.049642737389454794
2007-2021,ar2,2018Q2,2018-07-27,17,3.3034759007953607,2.140266992640893,2018-07-28,1.1632089081544676
2007-2021,ar2,2018Q3,2018-10-26,17,2.6709623088313483,2.5182268082057035,2018-10-28,0.15273550062564478
2007-2021,ar2,2018Q4,2019-01-25,17,2.512598416759926,0.5677817986818878,2019-01-28,1.944816618078038
2007-2021,ar2,2019Q1,2019-04-26,17,2.032211278785878,2.520756202743435,2019-04-28,-0.4885449239575568
2007-2021,ar2,2019Q2,2019-07-26,17,2.135412033584516,3.382664959003589,2019-07-28,-1.247252925419073
2007-2021,ar2,2019Q3,2019-10-25,17,2.840725874329819,4.762784209178728,2019-10-28,-1.9220583348489084
2007-2021,ar2,2019Q4,2020-01-24,17,3.438357578058948,2.755535957854649,2020-01-28,0.6828216202042992
2007-2021,ar2,2020Q1,2020-04-24,17,3.176729956837687,-5.16223383893778,2020-04-28,8.338963795775467
2007-2021,ar2,2020Q2,2020-07-24,17,0.3034144098293501,-27.97614656719044,2020-07-28,28.27956097701979
2007-2021,ar2,2020Q3,2020-10-23,17,-19.350866856141312,34.85500597467652,2020-10-28,-54.20587283081784
2007-2021,ar2,2020Q4,2021-01-22,17,-9.735638262251468,4.611736044615711,2021-01-28,-14.347374306867179
2007-2021,ar2,2021Q1,2021-04-23,17,0.4068421842126302,5.701255644273506,2021-04-28,-5.294413460060876
2007-2021,ar2,2021Q2,2021-07-23,17,2.1496247269456648,6.983331307653917,2021-07-28,-4.833706580708252
2007-2021,diag3/gaussian,2006Q4,2007-01-26,17,3.290534140563284,3.4823729200428755,2007-01-28,-0.19183877947959127
2007-2021,diag3/gaussian,2007Q1,2007-04-27,17,3.178417713977621,1.2087836914185912,2007-04-28,1.9696340225590299
2007-2021,diag3/gaussian,2007Q2,2007-07-27,17,3.3266837970720164,2.4695947150627617,2007-07-28,0.8570890820092547
2007-2021,diag3/gaussian,2007Q3,2007-10-26,17,3.2337422024450118,2.3240880884577653,2007-10-28,0.9096541139872465
2007-2021,diag3/gaussian,2007Q4,2008-01-25,17,3.1043065767372813,2.5367271478347497,2008-01-28,0.5675794289025315
2007-2021,diag3/gaussian,2008Q1,2008-04-25,17,2.7077346856139384,-1.6961606735480972,2008-04-28,4.403895359162036
2007-2021,diag3/gaussian,2008Q2,2008-07-25,17,2.418581900280703,2.403069701864058,2008-07-28,0.015512198416645084
2007-2021,diag3/gaussian,2008Q3,2008-10-24,17,2.2986046886239064,-2.0845363314131338,2008-10-28,4.383141020037041
2007-2021,diag3/gaussian,2008Q4,2009-01-23,17,0.2370374500733296,-8.472768957225274,2009-01-28,8.709806407298602
2007-2021,diag3/gaussian,2009Q1,2009-04-24,17,-2.342990633096376,-4.462803810727223,2009-04-28,2.119813177630847
2007-2021,diag3/gaussian,2009Q2,2009-07-24,17,-1.4229479793884892,-0.7126911125331037,2009-07-28,-0.7102568668553855
2007-2021,diag3/gaussian,2009Q3,2009-10-23,17,1.301219154701183,1.412187087697636,2009-10-28,-0.1109679329964528
2007-2021,diag3/gaussian,2009Q4,2010-01-22,17,3.20691404375344,4.394263592305325,2010-01-28,-1.1873495485518855
2007-2021,diag3/gaussian,2010Q1,2010-04-23,17,3.97673473561595,1.952133820572155,2010-04-28,2.024600915043795
2007-2021,diag3/gaussian,2010Q2,2010-07-23,17,4.618013454991399,3.926881074055233,2010-07-28,0.6911323809361658
2007-2021,diag3/gaussian,2010Q3,2010-10-22,17,4.256298020731508,3.1201978026194954,2010-10-28,1.1361002181120128
2007-2021,diag3/gaussian,2010Q4,2011-01-21,17,4.3805828359870125,2.117043484228409,2011-01-28,2.2635393517586033
2007-2021,diag3/gaussian,2011Q1,2011-04-22,16,5.0319703820646655,-0.9454489541211974,2011-04-28,5.9774193361858625
2007-2021,diag3/gaussian,2011Q2,2011-07-22,17,4.631471593139902,2.7339190839842376,2011-07-28,1.8975525091556644
2007-2021,diag3/gaussian,2011Q3,2011-10-21,17,3.2596455058317986,-0.0892210766206935,2011-10-28,3.348866582452492
2007-2021,diag3/gaussian,2011Q4,2012-01-27,17,2.851421973082036,4.568438742179692,2012-01-28,-1.7170167690976563
2007-2021,diag3/gaussian,2012Q1,2012-04-27,17,3.374478413004556,3.396793738645587,2012-04-28,-0.022315325641030892
2007-2021,diag3/gaussian,2012Q2,2012-07-27,17,3.2230124039158925,1.7973274732638431,2012-07-28,1.4256849306520494
2007-2021,diag3/gaussian,2012Q3,2012-10-26,17,2.5782180734206683,0.5773578286532466,2012-10-28,2.0008602447674217
2007-2021,diag3/gaussian,2012Q4,2013-01-25,17,2.6091846930567764,0.4633651980530562,2013-01-28,2.14581949500372
2007-2021,diag3/gaussian,2013Q1,2013-04-26,17,2.832452967142008,4.005025807945661,2013-04-28,-1.1725728408036535
2007-2021,diag3/gaussian,2013Q2,2013-07-26,17,2.520039679941166,1.0748507650766292,2013-07-28,1.445188914864537
2007-2021,diag3/gaussian,2013Q3,2013-10-25,17,3.089149747521125,3.4493139225505898,2013-10-28,-0.36016417502946485
2007-2021,diag3/gaussian,2013Q4,2014-01-24,17,3.671429146005623,3.532828598657445,2014-01-28,0.13860054734817817
2007-2021,diag3/gaussian,2014Q1,2014-04-25,17,3.2323697188330502,-1.3732548917761769,2014-04-28,4.605624610609227
2007-2021,diag3/gaussian,2014Q2,2014-07-25,17,3.396543521771034,5.268365026582655,2014-07-28,-1.8718215048116216
2007-2021,diag3/gaussian,2014Q3,2014-10-24,17,3.911779691432349,4.950916534930627,2014-10-28,-1.0391368434982784
2007-2021,diag3/gaussian,2014Q4,2015-01-23,17,3.943116472545349,2.0383303103057804,2015-01-28,1.9047861622395685
2007-2021,diag3/gaussian,2015Q1,2015-04-24,17,3.0490610165300858,3.650885031119766,2015-04-28,-0.6018240145896803
2007-2021,diag3/gaussian,2015Q2,2015-07-24,17,2.732707051525129,2.500735310964308,2015-07-28,0.23197174056082126
2007-2021,diag3/gaussian,2015Q3,2015-10-23,17,2.727533606978194,1.61061768429811,2015-10-28,1.1169159226800842
2007-2021,diag3/gaussian,2015Q4,2016-01-22,17,2.0199633698479103,0.7399609712167354,2016-01-28,1.2800023986311748
2007-2021,diag3/gaussian,2016Q1,2016-04-22,17,1.7938519659796537,2.3383061524439253,2016-04-28,-0.5444541864642716
2007-2021,diag3/gaussian,2016Q2,2016-07-22,17,2.3960905941516897,1.290696770237454,2016-07-28,1.1053938239142356
2007-2021,diag3/gaussian,2016Q3,2016-10-21,17,2.479008727151544,2.8678981414693494,2016-10-28,-0.3888894143178052
2007-2021,diag3/gaussian,2016Q4,2017-01-27,17,2.7560936751178438,2.235699518586598,2017-01-28,0.5203941565312458
2007-2021,diag3/gaussian,2017Q1,2017-04-21,16,3.611707805501752,1.9618307902452337,2017-04-28,1.6498770152565183
2007-2021,diag3/gaussian,2017Q2,2017-07-21,16,3.649642783336393,2.258367983115228,2017-07-28,1.391274800221165
2007-2021,diag3/gaussian,2017Q3,2017-10-27,17,3.9015278198377024,3.1915992394406345,2017-10-28,0.7099285803970679
2007-2021,diag3/gaussian,2017Q4,2018-01-26,17,4.343217966144386,4.584974811729059,2018-01-28,-0.24175684558467303
2007-2021,diag3/gaussian,2018Q1,2018-04-27,17,4.400069953588415,3.293553047698339,2018-04-28,1.106516905890076
2007-2021,diag3/gaussian,2018Q2,2018-07-27,17,4.218349512963382,2.140266992640893,2018-07-28,2.078082520322489
2007-2021,diag3/gaussian,2018Q3,2018-10-26,17,4.251190284705175,2.5182268082057035,2018-10-28,1.7329634764994717
2007-2021,diag3/gaussian,2018Q4,2019-01-25,17,4.026099280461315,0.5677817986818878,2019-01-28,3.458317481779427
2007-2021,diag3/gaussian,2019Q1,2019-04-26,17,3.347201875139993,2.520756202743435,2019-04-28,0.8264456723965581
2007-2021,diag3/gaussian,2019Q2,2019-07-26,17,2.941860967464449,3.382664959003589,2019-07-28,-0.44080399153913996
2007-2021,diag3/gaussian,2019Q3,2019-10-25,17,2.401230535374532,4.762784209178728,2019-10-28,-2.361553673804196
2007-2021,diag3/gaussian,2019Q4,2020-01-24,17,1.912092124707243,2.755535957854649,2020-01-28,-0.8434438331474059
2007-2021,diag3/gaussian,2020Q1,2020-04-24,17,1.8612629379594736,-5.16223383893778,2020-04-28,7.023496776897254
2007-2021,diag3/gaussian,2020Q2,2020-07-24,17,-0.7932761689494194,-27.97614656719044,2020-07-28,27.182870398241022
2007-2021,diag3/gaussian,2020Q3,2020-10-23,17,2.549494663419538,34.85500597467652,2020-10-28,-32.305511311256986
2007-2021,diag3/gaussian,2020Q4,2021-01-22,17,4.341544774343964,4.611736044615711,2021-01-28,-0.27019127027174683
2007-2021,diag3/gaussian,2021Q1,2021-04-23,17,5.17456892216448,5.701255644273506,2021-04-28,-0.5266867221090266
2007-2021,diag3/gaussian,2021Q2,2021-07-23,17,6.105759475971273,6.983331307653917,2021-07-28,-0.8775718316826442
2007-2021,diag3/gaussian_ar1,2006Q4,2007-01-26,17,3.0945283403984725,3.4823729200428755,2007-01-28,-0.387844579644403
2007-2021,diag3/gaussian_ar1,2007Q1,2007-04-27,17,3.050966171806735,1.2087836914185912,2007-04-28,1.8421824803881437
2007-2021,diag3/gaussian_ar1,2007Q2,2007-07-27,17,3.616491991674176,2.4695947150627617,2007-07-28,1.1468972766114143
2007-2021,diag3/gaussian_ar1,2007Q3,2007-10-26,17,2.854652962210058,2.3240880884577653,2007-10-28,0.5305648737522928
2007-2021,diag3/gaussian_ar1,2007Q4,2008-01-25,17,3.116052813407588,2.5367271478347497,2008-01-28,0.5793256655728385
2007-2021,diag3/gaussian_ar1,2008Q1,2008-04-25,17,2.7759201948579726,-1.6961606735480972,2008-04-28,4.47208086840607
2007-2021,diag3/gaussian_ar1,2008Q2,2008-07-25,17,2.469746655965688,2.403069701864058,2008-07-28,0.06667695410163033
2007-2021,diag3/gaussian_ar1,2008Q3,2008-10-24,17,1.0797206742989784,-2.0845363314131338,2008-10-28,3.164257005712112
2007-2021,diag3/gaussian_ar1,2008Q4,2009-01-23,17,-2.16616304515983,-8.472768957225274,2009-01-28,6.306605912065443
2007-2021,diag3/gaussian_ar1,2009Q1,2009-04-24,17,-7.148466906540973,-4.462803810727223,2009-04-28,-2.6856630958137497
2007-2021,diag3/gaussian_ar1,2009Q2,2009-07-24,17,-3.9441620318114263,-0.7126911125331037,2009-07-28,-3.2314709192783226
2007-2021,diag3/gaussian_ar1,2009Q3,2009-10-23,17,1.141665178896134,1.412187087697636,2009-10-28,-0.27052190880150184
2007-2021,diag3/gaussian_ar1,2009Q4,2010-01-22,17,3.373881440333037,4.394263592305325,2010-01-28,-1.0203821519722882
2007-2021,diag3/gaussian_ar1,2010Q1,2010-04-23,17,4.115519162069958,1.952133820572155,2010-04-28,2.1633853414978033
2007-2021,diag3/gaussian_ar1,2010Q2,2010-07-23,17,4.953236542297823,3.926881074055233,2010-07-28,1.0263554682425902
2007-2021,diag3/gaussian_ar1,2010Q3,2010-10-22,17,3.7705652028303223,3.1201978026194954,2010-10-28,0.6503674002108268
2007-2021,diag3/gaussian_ar1,2010Q4,2011-01-21,17,4.228622640470281,2.117043484228409,2011-01-28,2.1115791562418718
2007-2021,diag3/gaussian_ar1,2011Q1,2011-04-22,16,4.558574563182671,-0.9454489541211974,2011-04-28,5.504023517303869
2007-2021,diag3/gaussian_ar1,2011Q2,2011-07-22,17,4.148613771133092,2.7339190839842376,2011-07-28,1.4146946871488542
2007-2021,diag3/gaussian_ar1,2011Q3,2011-10-21,17,2.5496533519487885,-0.0892210766206935,2011-10-28,2.638874428569482
2007-2021,diag3/gaussian_ar1,2011Q4,2012-01-27,17,2.9360577632656426,4.568438742179692,2012-01-28,-1.6323809789140498
2007-2021,diag3/gaussian_ar1,2012Q1,2012-04-27,17,3.147542045905305,3.396793738645587,2012-04-28,-0.24925169274028214
2007-2021,diag3/gaussian_ar1,2012Q2,2012-07-27,17,3.3476301339918413,1.7973274732638431,2012-07-28,1.5503026607279982
2007-2021,diag3/gaussian_ar1,2012Q3,2012-10-26,17,1.988151240696001,0.5773578286532466,2012-10-28,1.4107934120427543
2007-2021,diag3/gaussian_ar1,2012Q4,2013-01-25,17,2.5293714587409037,0.4633651980530562,2013-01-28,2.0660062606878475
2007-2021,diag3/gaussian_ar1,2013Q1,2013-04-26,17,2.874650927873712,4.005025807945661,2013-04-28,-1.1303748800719493
2007-2021,diag3/gaussian_ar1,2013Q2,2013-07-26,17,2.294975100097973,1.0748507650766292,2013-07-28,1.2201243350213438
2007-2021,diag3/gaussian_ar1,2013Q3,2013-10-25,17,3.1465472681176943,3.4493139225505898,2013-10-28,-0.3027666544328955
2007-2021,diag3/gaussian_ar1,2013Q4,2014-01-24,17,3.2783308465126115,3.532828598657445,2014-01-28,-0.2544977521448333
2007-2021,diag3/gaussian_ar1,2014Q1,2014-04-25,17,3.237984438443542,-1.3732548917761769,2014-04-28,4.6112393302197185
2007-2021,diag3/gaussian_ar1,2014Q2,2014-07-25,17,3.698166805419123,5.268365026582655,2014-07-28,-1.5701982211635324
2007-2021,diag3/gaussian_ar1,2014Q3,2014-10-24,17,3.386252129863432,4.950916534930627,2014-10-28,-1.5646644050671954
2007-2021,diag3/gaussian_ar1,2014Q4,2015-01-23,17,3.8262848141360273,2.0383303103057804,2015-01-28,1.787954503830247
2007-2021,diag3/gaussian_ar1,2015Q1,2015-04-24,17,2.100865276040853,3.650885031119766,2015-04-28,-1.550019755078913
2007-2021,diag3/gaussian_ar1,2015Q2,2015-07-24,17,1.9029569896117813,2.500735310964308,2015-07-28,-0.5977783213525265
2007-2021,diag3/gaussian_ar1,2015Q3,2015-10-23,17,2.525693127784323,1.61061768429811,2015-10-28,0.9150754434862132
2007-2021,diag3/gaussian_ar1,2015Q4,2016-01-22,17,1.329068968071767,0.7399609712167354,2016-01-28,0.5891079968550317
2007-2021,diag3/gaussian_ar1,2016Q1,2016-04-22,17,1.1826877612556077,2.3383061524439253,2016-04-28,-1.1556183911883176
2007-2021,diag3/gaussian_ar1,2016Q2,2016-07-22,17,2.185586812360185,1.290696770237454,2016-07-28,0.894890042122731
2007-2021,diag3/gaussian_ar1,2016Q3,2016-10-21,17,2.521107462388006,2.8678981414693494,2016-10-28,-0.34679067908134353
2007-2021,diag3/gaussian_ar1,2016Q4,2017-01-27,17,2.500079529733412,2.235699518586598,2017-01-28,0.2643800111468142
2007-2021,diag3/gaussian_ar1,2017Q1,2017-04-21,16,3.483458776668225,1.9618307902452337,2017-04-28,1.5216279864229914
2007-2021,diag3/gaussian_ar1,2017Q2,2017-07-21,16,3.382296965067977,2.258367983115228,2017-07-28,1.1239289819527487
2007-2021,diag3/gaussian_ar1,2017Q3,2017-10-27,17,3.2314489906183352,3.1915992394406345,2017-10-28,0.03984975117770073
2007-2021,diag3/gaussian_ar1,2017Q4,2018-01-26,17,4.088153400894612,4.584974811729059,2018-01-28,-0.4968214108344471
2007-2021,diag3/gaussian_ar1,2018Q1,2018-04-27,17,4.100702265353995,3.293553047698339,2018-04-28,0.8071492176556561
2007-2021,diag3/gaussian_ar1,2018Q2,2018-07-27,17,3.865267614273749,2.140266992640893,2018-07-28,1.725000621632856
2007-2021,diag3/gaussian_ar1,2018Q3,2018-10-26,17,3.581067530194914,2.5182268082057035,2018-10-28,1.0628407219892106
2007-2021,diag3/gaussian_ar1,2018Q4,2019-01-25,17,3.1008223632255527,0.5677817986818878,2019-01-28,2.533040564543665
2007-2021,diag3/gaussian_ar1,2019Q1,2019-04-26,17,2.2771759173344286,2.520756202743435,2019-04-28,-0.24358028540900634
2007-2021,diag3/gaussian_ar1,2019Q2,2019-07-26,17,2.1014793895503647,3.382664959003589,2019-07-28,-1.2811855694532244
2007-2021,diag3/gaussian_ar1,2019Q3,2019-10-25,17,2.1725109332791703,4.762784209178728,2019-10-28,-2.5902732758995572
2007-2021,diag3/gaussian_ar1,2019Q4,2020-01-24,17,1.7085069233877537,2.755535957854649,2020-01-28,-1.0470290344668953
2007-2021,diag3/gaussian_ar1,2020Q1,2020-04-24,17,0.6560051209010487,-5.16223383893778,2020-04-28,5.818238959838829
2007-2021,diag3/gaussian_ar1,2020Q2,2020-07-24,17,-10.01626042689544,-27.97614656719044,2020-07-28,17.959886140294998
2007-2021,diag3/gaussian_ar1,2020Q3,2020-10-23,17,23.5972551711658,34.85500597467652,2020-10-28,-11.257750803510724
2007-2021,diag3/gaussian_ar1,2020Q4,2021-01-22,17,8.02504134110511,4.611736044615711,2021-01-28,3.4133052964893995
2007-2021,diag3/gaussian_ar1,2021Q1,2021-04-23,17,3.757475213352146,5.701255644273506,2021-04-28,-1.9437804309213602
2007-2021,diag3/gaussian_ar1,2021Q2,2021-07-23,17,7.14988568788606,6.983331307653917,2021-07-28,0.1665543802321432
2007-2021,diag3/student_t,2006Q4,2007-01-26,17,3.2750051572354,3.4823729200428755,2007-01-28,-0.2073677628074755
2007-2021,diag3/student_t,2007Q1,2007-04-27,17,3.2041079090442848,1.2087836914185912,2007-04-28,1.9953242176256936
2007-2021,diag3/student_t,2007Q2,2007-07-27,17,3.33236049984742,2.4695947150627617,2007-07-28,0.8627657847846582
2007-2021,diag3/student_t,2007Q3,2007-10-26,17,3.2538863811070184,2.3240880884577653,2007-10-28,0.9297982926492532
2007-2021,diag3/student_t,2007Q4,2008-01-25,17,3.119451313055865,2.5367271478347497,2008-01-28,0.5827241652211153
2007-2021,diag3/student_t,2008Q1,2008-04-25,17,2.7301769625368344,-1.6961606735480972,2008-04-28,4.426337636084932
2007-2021,diag3/student_t,2008Q2,2008-07-25,17,2.4532825239662825,2.403069701864058,2008-07-28,0.05021282210222466
2007-2021,diag3/student_t,2008Q3,2008-10-24,17,2.315155157590376,-2.0845363314131338,2008-10-28,4.39969148900351
2007-2021,diag3/student_t,2008Q4,2009-01-23,17,0.5656332197842673,-8.472768957225274,2009-01-28,9.03840217700954
2007-2021,diag3/student_t,2009Q1,2009-04-24,17,-1.1214183071626138,-4.462803810727223,2009-04-28,3.3413855035646094
2007-2021,diag3/student_t,2009Q2,2009-07-24,17,-0.6399480068328689,-0.7126911125331037,2009-07-28,0.07274310570023479
2007-2021,diag3/student_t,2009Q3,2009-10-23,17,1.5488742305733938,1.412187087697636,2009-10-28,0.1366871428757579
2007-2021,diag3/student_t,2009Q4,2010-01-22,17,3.099300783652059,4.394263592305325,2010-01-28,-1.294962808653266
2007-2021,diag3/student_t,2010Q1,2010-04-23,17,3.73618846302608,1.952133820572155,2010-04-28,1.784054642453925
2007-2021,diag3/student_t,2010Q2,2010-07-23,17,4.162079020575127,3.926881074055233,2010-07-28,0.2351979465198939
2007-2021,diag3/student_t,2010Q3,2010-10-22,17,3.9877716067031166,3.1201978026194954,2010-10-28,0.8675738040836212
2007-2021,diag3/student_t,2010Q4,2011-01-21,17,4.116627344621948,2.117043484228409,2011-01-28,1.999583860393539
2007-2021,diag3/student_t,2011Q1,2011-04-22,16,4.60835736695695,-0.9454489541211974,2011-04-28,5.553806321078147
2007-2021,diag3/student_t,2011Q2,2011-07-22,17,4.293078125974592,2.7339190839842376,2011-07-28,1.5591590419903545
2007-2021,diag3/student_t,2011Q3,2011-10-21,17,3.221635747201224,-0.0892210766206935,2011-10-28,3.3108568238219176
2007-2021,diag3/student_t,2011Q4,2012-01-27,17,2.859004741071214,4.568438742179692,2012-01-28,-1.7094340011084785
2007-2021,diag3/student_t,2012Q1,2012-04-27,17,3.296045698324268,3.396793738645587,2012-04-28,-0.10074804032131901
2007-2021,diag3/student_t,2012Q2,2012-07-27,17,3.183917939474812,1.7973274732638431,2012-07-28,1.3865904662109687
2007-2021,diag3/student_t,2012Q3,2012-10-26,17,2.6319859595883788,0.5773578286532466,2012-10-28,2.054628130935132
2007-2021,diag3/student_t,2012Q4,2013-01-25,17,2.613240630392344,0.4633651980530562,2013-01-28,2.1498754323392877
2007-2021,diag3/student_t,2013Q1,2013-04-26,17,2.796815954363852,4.005025807945661,2013-04-28,-1.2082098535818093
2007-2021,diag3/student_t,2013Q2,2013-07-26,17,2.540347738259907,1.0748507650766292,2013-07-28,1.4654969731832779
2007-2021,diag3/student_t,2013Q3,2013-10-25,17,3.024825203125548,3.4493139225505898,2013-10-28,-0.42448871942504196
2007-2021,diag3/student_t,2013Q4,2014-01-24,17,3.522114043854274,3.532828598657445,2014-01-28,-0.010714554803170628
2007-2021,diag3/student_t,2014Q1,2014-04-25,17,3.1472844293854108,-1.3732548917761769,2014-04-28,4.520539321161587
2007-2021,diag3/student_t,2014Q2,2014-07-25,17,3.297542190237301,5.268365026582655,2014-07-28,-1.9708228363453544
2007-2021,diag3/student_t,2014Q3,2014-10-24,17,3.667393146817499,4.950916534930627,2014-10-28,-1.283523388113128
2007-2021,diag3/student_t,2014Q4,2015-01-23,17,3.748023847062476,2.0383303103057804,2015-01-28,1.7096935367566957
2007-2021,diag3/student_t,2015Q1,2015-04-24,17,3.000047874219236,3.650885031119766,2015-04-28,-0.65083715690053
2007-2021,diag3/student_t,2015Q2,2015-07-24,17,2.723623300758038,2.500735310964308,2015-07-28,0.22288798979373015
2007-2021,diag3/student_t,2015Q3,2015-10-23,17,2.7144904231353184,1.61061768429811,2015-10-28,1.1038727388372085
2007-2021,diag3/student_t,2015Q4,2016-01-22,17,2.09618877872102,0.7399609712167354,2016-01-28,1.3562278075042844
2007-2021,diag3/student_t,2016Q1,2016-04-22,17,1.905303468503128,2.3383061524439253,2016-04-28,-0.4330026839407972
2007-2021,diag3/student_t,2016Q2,2016-07-22,17,2.4376372306254668,1.290696770237454,2016-07-28,1.1469404603880127
2007-2021,diag3/student_t,2016Q3,2016-10-21,17,2.484528100660488,2.8678981414693494,2016-10-28,-0.3833700408088614
2007-2021,diag3/student_t,2016Q4,2017-01-27,17,2.7340186928831667,2.235699518586598,2017-01-28,0.4983191742965687
2007-2021,diag3/student_t,2017Q1,2017-04-21,16,3.4832025877572947,1.9618307902452337,2017-04-28,1.521371797512061
2007-2021,diag3/student_t,2017Q2,2017-07-21,16,3.516668366368481,2.258367983115228,2017-07-28,1.2583003832532529
2007-2021,diag3/student_t,2017Q3,2017-10-27,17,3.7260632289030537,3.1915992394406345,2017-10-28,0.5344639894624192
2007-2021,diag3/student_t,2017Q4,2018-01-26,17,4.111487706347461,4.584974811729059,2018-01-28,-0.4734871053815981
2007-2021,diag3/student_t,2018Q1,2018-04-27,17,4.177216589446808,3.293553047698339,2018-04-28,0.8836635417484695
2007-2021,diag3/student_t,2018Q2,2018-07-27,17,4.0072143055085885,2.140266992640893,2018-07-28,1.8669473128676954
2007-2021,diag3/student_t,2018Q3,2018-10-26,17,4.025350009299555,2.5182268082057035,2018-10-28,1.5071232010938518
2007-2021,diag3/student_t,2018Q4,2019-01-25,17,3.803395237190088,0.5677817986818878,2019-01-28,3.2356134385082003
2007-2021,diag3/student_t,2019Q1,2019-04-26,17,3.2475743280562464,2.520756202743435,2019-04-28,0.7268181253128114
2007-2021,diag3/student_t,2019Q2,2019-07-26,17,2.8758566958596354,3.382664959003589,2019-07-28,-0.5068082631439537
2007-2021,diag3/student_t,2019Q3,2019-10-25,17,2.4320040050219927,4.762784209178728,2019-10-28,-2.330780204156735
2007-2021,diag3/student_t,2019Q4,2020-01-24,17,2.026339712399161,2.755535957854649,2020-01-28,-0.7291962454554879
2007-2021,diag3/student_t,2020Q1,2020-04-24,17,2.042195631283117,-5.16223383893778,2020-04-28,7.204429470220897
2007-2021,diag3/student_t,2020Q2,2020-07-24,17,0.3178568830693118,-27.97614656719044,2020-07-28,28.29400345025975
2007-2021,diag3/student_t,2020Q3,2020-10-23,17,2.7258252777497383,34.85500597467652,2020-10-28,-32.12918069692678
2007-2021,diag3/student_t,2020Q4,2021-01-22,17,3.673399187523119,4.611736044615711,2021-01-28,-0.9383368570925916
2007-2021,diag3/student_t,2021Q1,2021-04-23,17,4.170294138784825,5.701255644273506,2021-04-28,-1.5309615054886816
2007-2021,diag3/student_t,2021Q2,2021-07-23,17,4.365611961056048,6.983331307653917,2021-07-28,-2.6177193465978688
2007-2021,diag3/student_t_ar1,2006Q4,2007-01-26,17,2.84282613920106,3.4823729200428755,2007-01-28,-0.6395467808418154
2007-2021,diag3/student_t_ar1,2007Q1,2007-04-27,17,3.349428802571897,1.2087836914185912,2007-04-28,2.140645111153306
2007-2021,diag3/student_t_ar1,2007Q2,2007-07-27,17,3.140326284893691,2.4695947150627617,2007-07-28,0.6707315698309291
2007-2021,diag3/student_t_ar1,2007Q3,2007-10-26,17,2.836899379550739,2.3240880884577653,2007-10-28,0.5128112910929739
2007-2021,diag3/student_t_ar1,2007Q4,2008-01-25,17,3.115285065661721,2.5367271478347497,2008-01-28,0.5785579178269713
2007-2021,diag3/student_t_ar1,2008Q1,2008-04-25,17,2.7420765825783238,-1.6961606735480972,2008-04-28,4.4382372561264205
2007-2021,diag3/student_t_ar1,2008Q2,2008-07-25,17,2.4281513016250145,2.403069701864058,2008-07-28,0.025081599760956585
2007-2021,diag3/student_t_ar1,2008Q3,2008-10-24,17,1.0129097640599882,-2.0845363314131338,2008-10-28,3.097446095473122
2007-2021,diag3/student_t_ar1,2008Q4,2009-01-23,17,-1.3119238101627628,-8.472768957225274,2009-01-28,7.160845147062511
2007-2021,diag3/student_t_ar1,2009Q1,2009-04-24,17,-7.042436740372482,-4.462803810727223,2009-04-28,-2.5796329296452587
2007-2021,diag3/student_t_ar1,2009Q2,2009-07-24,17,-3.850347596597825,-0.7126911125331037,2009-07-28,-3.1376564840647214
2007-2021,diag3/student_t_ar1,2009Q3,2009-10-23,17,1.3027363507599254,1.412187087697636,2009-10-28,-0.10945073693771046
2007-2021,diag3/student_t_ar1,2009Q4,2010-01-22,17,3.698600804613572,4.394263592305325,2010-01-28,-0.6956627876917532
2007-2021,diag3/student_t_ar1,2010Q1,2010-04-23,17,4.332532006761025,1.952133820572155,2010-04-28,2.38039818618887
2007-2021,diag3/student_t_ar1,2010Q2,2010-07-23,17,5.018167756622738,3.926881074055233,2010-07-28,1.091286682567505
2007-2021,diag3/student_t_ar1,2010Q3,2010-10-22,17,3.861846620898435,3.1201978026194954,2010-10-28,0.7416488182789394
2007-2021,diag3/student_t_ar1,2010Q4,2011-01-21,17,4.233629725240018,2.117043484228409,2011-01-28,2.1165862410116087
2007-2021,diag3/student_t_ar1,2011Q1,2011-04-22,16,4.626870531510563,-0.9454489541211974,2011-04-28,5.572319485631761
2007-2021,diag3/student_t_ar1,2011Q2,2011-07-22,17,4.346998452236828,2.7339190839842376,2011-07-28,1.6130793682525901
2007-2021,diag3/student_t_ar1,2011Q3,2011-10-21,17,2.789923220845636,-0.0892210766206935,2011-10-28,2.8791442974663295
2007-2021,diag3/student_t_ar1,2011Q4,2012-01-27,17,3.069853071567929,4.568438742179692,2012-01-28,-1.4985856706117633
2007-2021,diag3/student_t_ar1,2012Q1,2012-04-27,17,3.189643098219075,3.396793738645587,2012-04-28,-0.2071506404265122
2007-2021,diag3/student_t_ar1,2012Q2,2012-07-27,17,3.374370719755526,1.7973274732638431,2012-07-28,1.577043246491683
2007-2021,diag3/student_t_ar1,2012Q3,2012-10-26,17,2.0501695912656936,0.5773578286532466,2012-10-28,1.472811762612447
2007-2021,diag3/student_t_ar1,2012Q4,2013-01-25,17,2.580269716362582,0.4633651980530562,2013-01-28,2.116904518309526
2007-2021,diag3/student_t_ar1,2013Q1,2013-04-26,17,2.951843467678672,4.005025807945661,2013-04-28,-1.0531823402669893
2007-2021,diag3/student_t_ar1,2013Q2,2013-07-26,17,2.399829850270363,1.0748507650766292,2013-07-28,1.3249790851937338
2007-2021,diag3/student_t_ar1,2013Q3,2013-10-25,17,3.175119950388749,3.4493139225505898,2013-10-28,-0.2741939721618407
2007-2021,diag3/student_t_ar1,2013Q4,2014-01-24,17,3.282477122773497,3.532828598657445,2014-01-28,-0.250351475883948
2007-2021,diag3/student_t_ar1,2014Q1,2014-04-25,17,3.392333796963065,-1.3732548917761769,2014-04-28,4.765588688739242
2007-2021,diag3/student_t_ar1,2014Q2,2014-07-25,17,3.9067419414629656,5.268365026582655,2014-07-28,-1.3616230851196898
2007-2021,diag3/student_t_ar1,2014Q3,2014-10-24,17,3.2671511728986413,4.950916534930627,2014-10-28,-1.683765362031986
2007-2021,diag3/student_t_ar1,2014Q4,2015-01-23,17,3.756971480404192,2.0383303103057804,2015-01-28,1.7186411700984117
2007-2021,diag3/student_t_ar1,2015Q1,2015-04-24,17,2.041749669347692,3.650885031119766,2015-04-28,-1.6091353617720738
2007-2021,diag3/student_t_ar1,2015Q2,2015-07-24,17,1.7814065529079048,2.500735310964308,2015-07-28,-0.719328758056403
2007-2021,diag3/student_t_ar1,2015Q3,2015-10-23,17,2.414033982647989,1.61061768429811,2015-10-28,0.8034162983498792
2007-2021,diag3/student_t_ar1,2015Q4,2016-01-22,17,1.2322577784073865,0.7399609712167354,2016-01-28,0.49229680719065105
2007-2021,diag3/student_t_ar1,2016Q1,2016-04-22,17,1.0812351385060648,2.3383061524439253,2016-04-28,-1.2570710139378605
2007-2021,diag3/student_t_ar1,2016Q2,2016-07-22,17,2.1731876567268493,1.290696770237454,2016-07-28,0.8824908864893952
2007-2021,diag3/student_t_ar1,2016Q3,2016-10-21,17,2.5003518870228447,2.8678981414693494,2016-10-28,-0.3675462544465047
2007-2021,diag3/student_t_ar1,2016Q4,2017-01-27,17,2.467415540517215,2.235699518586598,2017-01-28,0.2317160219306169
2007-2021,diag3/student_t_ar1,2017Q1,2017-04-21,16,3.372045937567214,1.9618307902452337,2017-04-28,1.4102151473219804
2007-2021,diag3/student_t_ar1,2017Q2,2017-07-21,16,3.2747482778147985,2.258367983115228,2017-07-28,1.0163802946995704
2007-2021,diag3/student_t_ar1,2017Q3,2017-10-27,17,3.1461310994975733,3.1915992394406345,2017-10-28,-0.0454681399430612
2007-2021,diag3/student_t_ar1,2017Q4,2018-01-26,17,4.033554299707198,4.584974811729059,2018-01-28,-0.5514205120218607
2007-2021,diag3/student_t_ar1,2018Q1,2018-04-27,17,4.014240692211057,3.293553047698339,2018-04-28,0.7206876445127186
2007-2021,diag3/student_t_ar1,2018Q2,2018-07-27,17,3.848435792856808,2.140266992640893,2018-07-28,1.708168800215915
2007-2021,diag3/student_t_ar1,2018Q3,2018-10-26,17,3.5352128051174603,2.5182268082057035,2018-10-28,1.0169859969117567
2007-2021,diag3/student_t_ar1,2018Q4,2019-01-25,17,3.0384707929396626,0.5677817986818878,2019-01-28,2.4706889942577748
2007-2021,diag3/student_t_ar1,2019Q1,2019-04-26,17,2.2527092761270184,2.520756202743435,2019-04-28,-0.2680469266164165
2007-2021,diag3/student_t_ar1,2019Q2,2019-07-26,17,2.036598492906916,3.382664959003589,2019-07-28,-1.3460664660966732
2007-2021,diag3/student_t_ar1,2019Q3,2019-10-25,17,2.127928957650793,4.762784209178728,2019-10-28,-2.6348552515279344
2007-2021,diag3/student_t_ar1,2019Q4,2020-01-24,17,1.7016203165342023,2.755535957854649,2020-01-28,-1.0539156413204467
2007-2021,diag3/student_t_ar1,2020Q1,2020-04-24,17,1.6877277848898808,-5.16223383893778,2020-04-28,6.849961623827661
2007-2021,diag3/student_t_ar1,2020Q2,2020-07-24,17,-0.7168532499573721,-27.97614656719044,2020-07-28,27.25929331723307
2007-2021,diag3/student_t_ar1,2020Q3,2020-10-23,17,10.122791948892315,34.85500597467652,2020-10-28,-24.73221402578421
2007-2021,diag3/student_t_ar1,2020Q4,2021-01-22,17,1.5032880176091945,4.611736044615711,2021-01-28,-3.1084480270065162
2007-2021,diag3/student_t_ar1,2021Q1,2021-04-23,17,10.109922488492874,5.701255644273506,2021-04-28,4.4086668442193675
2007-2021,diag3/student_t_ar1,2021Q2,2021-07-23,17,7.6303202652711954,6.983331307653917,2021-07-28,0.6469889576172783
2007-2021,diag3/student_t_ar1_shared,2006Q4,2007-01-26,17,2.7741513986677235,3.4823729200428755,2007-01-28,-0.7082215213751519
2007-2021,diag3/student_t_ar1_shared,2007Q1,2007-04-27,17,3.300484985257812,1.2087836914185912,2007-04-28,2.091701293839221
2007-2021,diag3/student_t_ar1_shared,2007Q2,2007-07-27,17,3.739523295177105,2.4695947150627617,2007-07-28,1.2699285801143434
2007-2021,diag3/student_t_ar1_shared,2007Q3,2007-10-26,17,2.868345133712036,2.3240880884577653,2007-10-28,0.5442570452542705
2007-2021,diag3/student_t_ar1_shared,2007Q4,2008-01-25,17,3.1290240337515263,2.5367271478347497,2008-01-28,0.5922968859167765
2007-2021,diag3/student_t_ar1_shared,2008Q1,2008-04-25,17,2.716486469243096,-1.6961606735480972,2008-04-28,4.412647142791194
2007-2021,diag3/student_t_ar1_shared,2008Q2,2008-07-25,17,2.6102684463535475,2.403069701864058,2008-07-28,0.2071987444894896
2007-2021,diag3/student_t_ar1_shared,2008Q3,2008-10-24,17,1.457822469601333,-2.0845363314131338,2008-10-28,3.542358801014467
2007-2021,diag3/student_t_ar1_shared,2008Q4,2009-01-23,17,-0.4948896998419272,-8.472768957225274,2009-01-28,7.977879257383346
2007-2021,diag3/student_t_ar1_shared,2009Q1,2009-04-24,17,-4.472909057485008,-4.462803810727223,2009-04-28,-0.010105246757785125
2007-2021,diag3/student_t_ar1_shared,2009Q2,2009-07-24,17,-2.521177096488869,-0.7126911125331037,2009-07-28,-1.8084859839557654
2007-2021,diag3/student_t_ar1_shared,2009Q3,2009-10-23,17,0.8522835455642142,1.412187087697636,2009-10-28,-0.5599035421334217
2007-2021,diag3/student_t_ar1_shared,2009Q4,2010-01-22,17,2.9084509978868134,4.394263592305325,2010-01-28,-1.4858125944185119
2007-2021,diag3/student_t_ar1_shared,2010Q1,2010-04-23,17,3.6966556782303206,1.952133820572155,2010-04-28,1.7445218576581656
2007-2021,diag3/student_t_ar1_shared,2010Q2,2010-07-23,17,4.624432493890174,3.926881074055233,2010-07-28,0.6975514198349408
2007-2021,diag3/student_t_ar1_shared,2010Q3,2010-10-22,17,3.3460920932148808,3.1201978026194954,2010-10-28,0.22589429059538535
2007-2021,diag3/student_t_ar1_shared,2010Q4,2011-01-21,17,4.227485198869618,2.117043484228409,2011-01-28,2.110441714641209
2007-2021,diag3/student_t_ar1_shared,2011Q1,2011-04-22,16,4.387989041617257,-0.9454489541211974,2011-04-28,5.333437995738455
2007-2021,diag3/student_t_ar1_shared,2011Q2,2011-07-22,17,4.216425453472739,2.7339190839842376,2011-07-28,1.482506369488501
2007-2021,diag3/student_t_ar1_shared,2011Q3,2011-10-21,17,2.6213445903705117,-0.0892210766206935,2011-10-28,2.7105656669912053
2007-2021,diag3/student_t_ar1_shared,2011Q4,2012-01-27,17,2.847395833767341,4.568438742179692,2012-01-28,-1.7210429084123513
2007-2021,diag3/student_t_ar1_shared,2012Q1,2012-04-27,17,2.9136717460383377,3.396793738645587,2012-04-28,-0.4831219926072494
2007-2021,diag3/student_t_ar1_shared,2012Q2,2012-07-27,17,3.387592248710525,1.7973274732638431,2012-07-28,1.5902647754466817
2007-2021,diag3/student_t_ar1_shared,2012Q3,2012-10-26,17,2.3013299913895224,0.5773578286532466,2012-10-28,1.7239721627362758
2007-2021,diag3/student_t_ar1_shared,2012Q4,2013-01-25,17,2.470946165805832,0.4633651980530562,2013-01-28,2.0075809677527756
2007-2021,diag3/student_t_ar1_shared,2013Q1,2013-04-26,17,2.8485363996799684,4.005025807945661,2013-04-28,-1.156489408265693
2007-2021,diag3/student_t_ar1_shared,2013Q2,2013-07-26,17,2.1548497086864016,1.0748507650766292,2013-07-28,1.0799989436097723
2007-2021,diag3/student_t_ar1_shared,2013Q3,2013-10-25,17,3.1464643051421604,3.4493139225505898,2013-10-28,-0.3028496174084294
2007-2021,diag3/student_t_ar1_shared,2013Q4,2014-01-24,17,3.187148085432878,3.532828598657445,2014-01-28,-0.3456805132245666
2007-2021,diag3/student_t_ar1_shared,2014Q1,2014-04-25,17,3.327953849297516,-1.3732548917761769,2014-04-28,4.7012087410736925
2007-2021,diag3/student_t_ar1_shared,2014Q2,2014-07-25,17,3.8665068597284025,5.268365026582655,2014-07-28,-1.401858166854253
2007-2021,diag3/student_t_ar1_shared,2014Q3,2014-10-24,17,3.06461123125783,4.950916534930627,2014-10-28,-1.8863053036727973
2007-2021,diag3/student_t_ar1_shared,2014Q4,2015-01-23,17,3.48737153572698,2.0383303103057804,2015-01-28,1.4490412254211997
2007-2021,diag3/student_t_ar1_shared,2015Q1,2015-04-24,17,2.4087059810896205,3.650885031119766,2015-04-28,-1.2421790500301455
2007-2021,diag3/student_t_ar1_shared,2015Q2,2015-07-24,17,2.1988635330878026,2.500735310964308,2015-07-28,-0.3018717778765052
2007-2021,diag3/student_t_ar1_shared,2015Q3,2015-10-23,17,2.531185930353752,1.61061768429811,2015-10-28,0.9205682460556421
2007-2021,diag3/student_t_ar1_shared,2015Q4,2016-01-22,17,1.6508395114402274,0.7399609712167354,2016-01-28,0.910878540223492
2007-2021,diag3/student_t_ar1_shared,2016Q1,2016-04-22,17,1.3839668602715127,2.3383061524439253,2016-04-28,-0.9543392921724125
2007-2021,diag3/student_t_ar1_shared,2016Q2,2016-07-22,17,2.2320708248250165,1.290696770237454,2016-07-28,0.9413740545875624
2007-2021,diag3/student_t_ar1_shared,2016Q3,2016-10-21,17,2.385350060345748,2.8678981414693494,2016-10-28,-0.4825480811236016
2007-2021,diag3/student_t_ar1_shared,2016Q4,2017-01-27,17,2.462308497630828,2.235699518586598,2017-01-28,0.22660897904422983
2007-2021,diag3/student_t_ar1_shared,2017Q1,2017-04-21,16,3.259177412002301,1.9618307902452337,2017-04-28,1.2973466217570673
2007-2021,diag3/student_t_ar1_shared,2017Q2,2017-07-21,16,3.089200128798564,2.258367983115228,2017-07-28,0.8308321456833361
2007-2021,diag3/student_t_ar1_shared,2017Q3,2017-10-27,17,3.164093403755741,3.1915992394406345,2017-10-28,-0.027505835684893398
2007-2021,diag3/student_t_ar1_shared,2017Q4,2018-01-26,17,3.715126864603469,4.584974811729059,2018-01-28,-0.86984794712559
2007-2021,diag3/student_t_ar1_shared,2018Q1,2018-04-27,17,3.750296250676,3.293553047698339,2018-04-28,0.45674320297766124
2007-2021,diag3/student_t_ar1_shared,2018Q2,2018-07-27,17,3.691471780328781,2.140266992640893,2018-07-28,1.551204787687888
2007-2021,diag3/student_t_ar1_shared,2018Q3,2018-10-26,17,3.372696060547309,2.5182268082057035,2018-10-28,0.8544692523416053
2007-2021,diag3/student_t_ar1_shared,2018Q4,2019-01-25,17,3.13460922159301,0.5677817986818878,2019-01-28,2.566827422911122
2007-2021,diag3/student_t_ar1_shared,2019Q1,2019-04-26,17,2.327957214854659,2.520756202743435,2019-04-28,-0.19279898788877592
2007-2021,diag3/student_t_ar1_shared,2019Q2,2019-07-26,17,2.2742775814584397,3.382664959003589,2019-07-28,-1.1083873775451494
2007-2021,diag3/student_t_ar1_shared,2019Q3,2019-10-25,17,2.2699152265122318,4.762784209178728,2019-10-28,-2.492868982666496
2007-2021,diag3/student_t_ar1_shared,2019Q4,2020-01-24,17,1.7413945867430058,2.755535957854649,2020-01-28,-1.0141413711116432
2007-2021,diag3/student_t_ar1_shared,2020Q1,2020-04-24,17,1.909546675279583,-5.16223383893778,2020-04-28,7.071780514217363
2007-2021,diag3/student_t_ar1_shared,2020Q2,2020-07-24,17,-2.3782754728784106,-27.97614656719044,2020-07-28,25.59787109431203
2007-2021,diag3/student_t_ar1_shared,2020Q3,2020-10-23,17,18.50721941868394,34.85500597467652,2020-10-28,-16.347786555992585
2007-2021,diag3/student_t_ar1_shared,2020Q4,2021-01-22,17,3.726742775639447,4.611736044615711,2021-01-28,-0.8849932689762636
2007-2021,diag3/student_t_ar1_shared,2021Q1,2021-04-23,17,8.987056635889745,5.701255644273506,2021-04-28,3.285800991616239
2007-2021,diag3/student_t_ar1_shared,2021Q2,2021-07-23,17,4.954210182704788,6.983331307653917,2021-07-28,-2.029121124949129
2007-2021,mean,2006Q4,2007-01-26,17,3.1751536975980432,3.4823729200428755,2007-01-28,-0.30721922244483224
2007-2021,mean,2007Q1,2007-04-27,17,3.1786396966371644,1.2087836914185912,2007-04-28,1.9698560052185732
2007-2021,mean,2007Q2,2007-07-27,17,3.1562948943734126,2.4695947150627617,2007-07-28,0.6867001793106509
2007-2021,mean,2007Q3,2007-10-26,17,3.148639667126152,2.3240880884577653,2007-10-28,0.8245515786683866
2007-2021,mean,2007Q4,2008-01-25,17,3.1395426517476066,2.5367271478347497,2008-01-28,0.6028155039128569
2007-2021,mean,2008Q1,2008-04-25,17,3.132971295620801,-1.6961606735480972,2008-04-28,4.829131969168898
2007-2021,mean,2008Q2,2008-07-25,17,3.079803816808924,2.403069701864058,2008-07-28,0.6767341149448662
2007-2021,mean,2008Q3,2008-10-24,17,3.072581034600197,-2.0845363314131338,2008-10-28,5.157117366013331
2007-2021,mean,2008Q4,2009-01-23,17,3.016905506111378,-8.472768957225274,2009-01-28,11.489674463336652
2007-2021,mean,2009Q1,2009-04-24,17,2.8900833637129475,-4.462803810727223,2009-04-28,7.352887174440171
2007-2021,mean,2009Q2,2009-07-24,17,2.811465501519139,-0.7126911125331037,2009-07-28,3.524156614052243
2007-2021,mean,2009Q3,2009-10-23,17,2.7748804447588427,1.412187087697636,2009-10-28,1.3626933570612068
2007-2021,mean,2009Q4,2010-01-22,17,2.7610247323869963,4.394263592305325,2010-01-28,-1.633238859918329
2007-2021,mean,2010Q1,2010-04-23,17,2.777229967723094,1.952133820572155,2010-04-28,0.8250961471509388
2007-2021,mean,2010Q2,2010-07-23,17,2.769028058194345,3.926881074055233,2010-07-28,-1.157853015860888
2007-2021,mean,2010Q3,2010-10-22,17,2.7803167084278435,3.1201978026194954,2010-10-28,-0.3398810941916519
2007-2021,mean,2010Q4,2011-01-21,17,2.78361113364074,2.117043484228409,2011-01-28,0.6665676494123307
2007-2021,mean,2011Q1,2011-04-22,16,2.77718115749448,-0.9454489541211974,2011-04-28,3.7226301116156773
2007-2021,mean,2011Q2,2011-07-22,17,2.741075870813225,2.7339190839842376,2011-07-28,0.00715678682898746
2007-2021,mean,2011Q3,2011-10-21,17,2.7410083516268724,-0.0892210766206935,2011-10-28,2.830229428247566
2007-2021,mean,2011Q4,2012-01-27,17,2.714189955802349,4.568438742179692,2012-01-28,-1.8542487863773434
2007-2021,mean,2012Q1,2012-04-27,17,2.731207204262853,3.396793738645587,2012-04-28,-0.6655865343827343
2007-2021,mean,2012Q2,2012-07-27,17,2.7372939869952484,1.7973274732638431,2012-07-28,0.9399665137314053
2007-2021,mean,2012Q3,2012-10-26,17,2.7287098646819885,0.5773578286532466,2012-10-28,2.151352036028742
2007-2021,mean,2012Q4,2013-01-25,17,2.709124358500925,0.4633651980530562,2013-01-28,2.245759160447869
2007-2021,mean,2013Q1,2013-04-26,17,2.688852474931891,4.005025807945661,2013-04-28,-1.3161733330137704
2007-2021,mean,2013Q2,2013-07-26,17,2.700426666597555,1.0748507650766292,2013-07-28,1.625575901520926
2007-2021,mean,2013Q3,2013-10-25,17,2.686054177972008,3.4493139225505898,2013-10-28,-0.7632597445785816
2007-2021,mean,2013Q4,2014-01-24,17,2.6926668873126447,3.532828598657445,2014-01-28,-0.8401617113448001
2007-2021,mean,2014Q1,2014-04-25,17,2.699880446912184,-1.3732548917761769,2014-04-28,4.073135338688361
2007-2021,mean,2014Q2,2014-07-25,17,2.6643642989027327,5.268365026582655,2014-07-28,-2.6040007276799226
2007-2021,mean,2014Q3,2014-10-24,17,2.686159192738402,4.950916534930627,2014-10-28,-2.264757342192225
2007-2021,mean,2014Q4,2015-01-23,17,2.7049856563371444,2.0383303103057804,2015-01-28,0.666655346031364
2007-2021,mean,2015Q1,2015-04-24,17,2.69941223777006,3.650885031119766,2015-04-28,-0.9514727933497062
2007-2021,mean,2015Q2,2015-07-24,17,2.707239745169532,2.500735310964308,2015-07-28,0.20650443420522402
2007-2021,mean,2015Q3,2015-10-23,17,2.7055453959235587,1.61061768429811,2015-10-28,1.0949277116254488
2007-2021,mean,2015Q4,2016-01-22,17,2.6965961439464614,0.7399609712167354,2016-01-28,1.956635172729726
2007-2021,mean,2016Q1,2016-04-22,17,2.680665808374183,2.3383061524439253,2016-04-28,0.34235965593025774
2007-2021,mean,2016Q2,2016-07-22,17,2.6779223915958106,1.290696770237454,2016-07-28,1.3872256213583565
2007-2021,mean,2016Q3,2016-10-21,17,2.6668382127987837,2.8678981414693494,2016-10-28,-0.20105992867056566
2007-2021,mean,2016Q4,2017-01-27,17,2.6684198258489555,2.235699518586598,2017-01-28,0.43272030726235755
2007-2021,mean,2017Q1,2017-04-21,16,2.6650321100336827,1.9618307902452337,2017-04-28,0.703201319788449
2007-2021,mean,2017Q2,2017-07-21,16,2.659562328208498,2.258367983115228,2017-07-28,0.4011943450932698
2007-2021,mean,2017Q3,2017-10-27,17,2.65647021840143,3.1915992394406345,2017-10-28,-0.5351290210392046
2007-2021,mean,2017Q4,2018-01-26,17,2.660544643419449,4.584974811729059,2018-01-28,-1.92443016830961
2007-2021,mean,2018Q1,2018-04-27,17,2.6749897140616152,3.293553047698339,2018-04-28,-0.6185633336367236
2007-2021,mean,2018Q2,2018-07-27,17,2.679626717431849,2.140266992640893,2018-07-28,0.5393597247909558
2007-2021,mean,2018Q3,2018-10-26,17,2.67559111546678,2.5182268082057035,2018-10-28,0.15736430726107642
2007-2021,mean,2018Q4,2019-01-25,17,2.674424566377276,0.5677817986818878,2019-01-28,2.106642767695388
2007-2021,mean,2019Q1,2019-04-26,17,2.6587746214300267,2.520756202743435,2019-04-28,0.13801841868659182
2007-2021,mean,2019Q2,2019-07-26,17,2.657766514842841,3.382664959003589,2019-07-28,-0.7248984441607482
2007-2021,mean,2019Q3,2019-10-25,17,2.663001076281879,4.762784209178728,2019-10-28,-2.0997831328968486
2007-2021,mean,2019Q4,2020-01-24,17,2.6779561072466374,2.755535957854649,2020-01-28,-0.07757985060801165
2007-2021,mean,2020Q1,2020-04-24,17,2.678510041291249,-5.16223383893778,2020-04-28,7.840743880229029
2007-2021,mean,2020Q2,2020-07-24,17,2.620680363638006,-27.97614656719044,2020-07-28,30.596826930828446
2007-2021,mean,2020Q3,2020-10-23,17,2.365139605313371,34.85500597467652,2020-10-28,-32.48986636936315
2007-2021,mean,2020Q4,2021-01-22,17,2.562654075136539,4.611736044615711,2021-01-28,-2.0490819694791718
2007-2021,mean,2021Q1,2021-04-23,17,2.576744497457062,5.701255644273506,2021-04-28,-3.1245111468164444
2007-2021,mean,2021Q2,2021-07-23,17,2.5979733784725845,6.983331307653917,2021-07-28,-4.385357929181333
2007-2021,nyfed,2006Q4,2007-01-26,17,1.78,3.4823729200428755,2007-01-28,-1.7023729200428754
2007-2021,nyfed,2007Q1,2007-04-27,17,2.4,1.2087836914185912,2007-04-28,1.1912163085814087
2007-2021,nyfed,2007Q2,2007-07-27,17,3.25,2.4695947150627617,2007-07-28,0.7804052849372383
2007-2021,nyfed,2007Q3,2007-10-26,17,1.99,2.3240880884577653,2007-10-28,-0.3340880884577653
2007-2021,nyfed,2007Q4,2008-01-25,17,1.49,2.5367271478347497,2008-01-28,-1.0467271478347497
2007-2021,nyfed,2008Q1,2008-04-25,17,1.43,-1.6961606735480972,2008-04-28,3.126160673548097
2007-2021,nyfed,2008Q2,2008-07-25,17,1.99,2.403069701864058,2008-07-28,-0.4130697018640579
2007-2021,nyfed,2008Q3,2008-10-24,17,-0.52,-2.0845363314131338,2008-10-28,1.5645363314131338
2007-2021,nyfed,2008Q4,2009-01-23,17,-3.47,-8.472768957225274,2009-01-28,5.002768957225273
2007-2021,nyfed,2009Q1,2009-04-24,17,-3.57,-4.462803810727223,2009-04-28,0.8928038107272234
2007-2021,nyfed,2009Q2,2009-07-24,17,0.04,-0.7126911125331037,2009-07-28,0.7526911125331037
2007-2021,nyfed,2009Q3,2009-10-23,17,5.2,1.412187087697636,2009-10-28,3.787812912302364
2007-2021,nyfed,2009Q4,2010-01-22,17,4.32,4.394263592305325,2010-01-28,-0.07426359230532498
2007-2021,nyfed,2010Q1,2010-04-23,17,3.98,1.952133820572155,2010-04-28,2.027866179427845
2007-2021,nyfed,2010Q2,2010-07-23,17,4.96,3.926881074055233,2010-07-28,1.033118925944767
2007-2021,nyfed,2010Q3,2010-10-22,17,2.27,3.1201978026194954,2010-10-28,-0.8501978026194954
2007-2021,nyfed,2010Q4,2011-01-21,17,2.9,2.117043484228409,2011-01-28,0.7829565157715908
2007-2021,nyfed,2011Q1,2011-04-22,16,4.37,-0.9454489541211974,2011-04-28,5.315448954121198
2007-2021,nyfed,2011Q2,2011-07-22,17,3.17,2.7339190839842376,2011-07-28,0.4360809160157624
2007-2021,nyfed,2011Q3,2011-10-21,17,2.09,-0.0892210766206935,2011-10-28,2.1792210766206934
2007-2021,nyfed,2011Q4,2012-01-27,17,3.22,4.568438742179692,2012-01-28,-1.3484387421796922
2007-2021,nyfed,2012Q1,2012-04-27,17,3.28,3.396793738645587,2012-04-28,-0.11679373864558729
2007-2021,nyfed,2012Q2,2012-07-27,17,2.88,1.7973274732638431,2012-07-28,1.0826725267361568
2007-2021,nyfed,2012Q3,2012-10-26,17,1.64,0.5773578286532466,2012-10-28,1.0626421713467533
2007-2021,nyfed,2012Q4,2013-01-25,17,2.66,0.4633651980530562,2013-01-28,2.196634801946944
2007-2021,nyfed,2013Q1,2013-04-26,17,3.83,4.005025807945661,2013-04-28,-0.17502580794566125
2007-2021,nyfed,2013Q2,2013-07-26,17,1.95,1.0748507650766292,2013-07-28,0.8751492349233707
2007-2021,nyfed,2013Q3,2013-10-25,17,2.15,3.4493139225505898,2013-10-28,-1.2993139225505899
2007-2021,nyfed,2013Q4,2014-01-24,17,3.42,3.532828598657445,2014-01-28,-0.11282859865744488
2007-2021,nyfed,2014Q1,2014-04-25,17,2.23,-1.3732548917761769,2014-04-28,3.603254891776177
2007-2021,nyfed,2014Q2,2014-07-25,17,3.07,5.268365026582655,2014-07-28,-2.1983650265826555
2007-2021,nyfed,2014Q3,2014-10-24,17,2.2,4.950916534930627,2014-10-28,-2.750916534930627
2007-2021,nyfed,2014Q4,2015-01-23,17,2.56,2.0383303103057804,2015-01-28,0.5216696896942197
2007-2021,nyfed,2015Q1,2015-04-24,17,0.64,3.650885031119766,2015-04-28,-3.010885031119766
2007-2021,nyfed,2015Q2,2015-07-24,17,2.2,2.500735310964308,2015-07-28,-0.3007353109643076
2007-2021,nyfed,2015Q3,2015-10-23,17,2.02,1.61061768429811,2015-10-28,0.4093823157018901
2007-2021,nyfed,2015Q4,2016-01-22,17,1.42,0.7399609712167354,2016-01-28,0.6800390287832645
2007-2021,nyfed,2016Q1,2016-04-22,17,0.7,2.3383061524439253,2016-04-28,-1.6383061524439253
2007-2021,nyfed,2016Q2,2016-07-22,17,2.17,1.290696770237454,2016-07-28,0.8793032297625458
2007-2021,nyfed,2016Q3,2016-10-21,17,2.22,2.8678981414693494,2016-10-28,-0.6478981414693492
2007-2021,nyfed,2016Q4,2017-01-27,17,2.02,2.235699518586598,2017-01-28,-0.21569951858659797
2007-2021,nyfed,2017Q1,2017-04-21,16,2.65,1.9618307902452337,2017-04-28,0.6881692097547663
2007-2021,nyfed,2017Q2,2017-07-21,16,2.04,2.258367983115228,2017-07-28,-0.2183679831152281
2007-2021,nyfed,2017Q3,2017-10-27,17,1.6,3.1915992394406345,2017-10-28,-1.5915992394406344
2007-2021,nyfed,2017Q4,2018-01-26,17,3.88,4.584974811729059,2018-01-28,-0.7049748117290591
2007-2021,nyfed,2018Q1,2018-04-27,17,2.97,3.293553047698339,2018-04-28,-0.3235530476983386
2007-2021,nyfed,2018Q2,2018-07-27,17,2.78,2.140266992640893,2018-07-28,0.6397330073591068
2007-2021,nyfed,2018Q3,2018-10-26,17,2.18,2.5182268082057035,2018-10-28,-0.3382268082057034
2007-2021,nyfed,2018Q4,2019-01-25,17,2.57,0.5677817986818878,2019-01-28,2.002218201318112
2007-2021,nyfed,2019Q1,2019-04-26,17,1.43,2.520756202743435,2019-04-28,-1.090756202743435
2007-2021,nyfed,2019Q2,2019-07-26,17,1.5,3.382664959003589,2019-07-28,-1.882664959003589
2007-2021,nyfed,2019Q3,2019-10-25,17,1.91,4.762784209178728,2019-10-28,-2.8527842091787274
2007-2021,nyfed,2019Q4,2020-01-24,17,1.22,2.755535957854649,2020-01-28,-1.535535957854649
2007-2021,nyfed,2020Q1,2020-04-24,17,-0.4,-5.16223383893778,2020-04-28,4.76223383893778
2007-2021,nyfed,2020Q2,2020-07-24,17,-14.27,-27.97614656719044,2020-07-28,13.70614656719044
2007-2021,nyfed,2020Q3,2020-10-23,17,13.75,34.85500597467652,2020-10-28,-21.105005974676523
2007-2021,nyfed,2020Q4,2021-01-22,17,2.58,4.611736044615711,2021-01-28,-2.0317360446157107
2007-2021,nyfed,2021Q1,2021-04-23,17,6.86,5.701255644273506,2021-04-28,1.158744355726494
2007-2021,nyfed,2021Q2,2021-07-23,17,3.16,6.983331307653917,2021-07-28,-3.823331307653917
2007-2025,ar2,2006Q4,2007-01-26,17,2.127497985150306,3.4823729200428755,2007-01-28,-1.3548749348925693
2007-2025,ar2,2007Q1,2007-04-27,17,2.516511589836967,1.2087836914185912,2007-04-28,1.307727898418376
2007-2025,ar2,2007Q2,2007-07-27,17,2.937161396232701,2.4695947150627617,2007-07-28,0.46756668116993927
2007-2025,ar2,2007Q3,2007-10-26,17,2.487227248044221,2.3240880884577653,2007-10-28,0.16313915958645575
2007-2025,ar2,2007Q4,2008-01-25,17,2.8191159407213284,2.5367271478347497,2008-01-28,0.2823887928865787
2007-2025,ar2,2008Q1,2008-04-25,17,2.8083036045044363,-1.6961606735480972,2008-04-28,4.5044642780525335
2007-2025,ar2,2008Q2,2008-07-25,17,2.1005471682024046,2.403069701864058,2008-07-28,-0.30252253366165327
2007-2025,ar2,2008Q3,2008-10-24,17,1.5415421479588076,-2.0845363314131338,2008-10-28,3.6260784793719414
2007-2025,ar2,2008Q4,2009-01-23,17,1.973709429524506,-8.472768957225274,2009-01-28,10.44647838674978
2007-2025,ar2,2009Q1,2009-04-24,17,-2.184797334212085,-4.462803810727223,2009-04-28,2.278006476515138
2007-2025,ar2,2009Q2,2009-07-24,17,-3.524028842602578,-0.7126911125331037,2009-07-28,-2.811337730069474
2007-2025,ar2,2009Q3,2009-10-23,17,-0.4139740374448641,1.412187087697636,2009-10-28,-1.8261611251425
2007-2025,ar2,2009Q4,2010-01-22,17,1.429736113434199,4.394263592305325,2010-01-28,-2.964527478871126
2007-2025,ar2,2010Q1,2010-04-23,17,2.9885811432554865,1.952133820572155,2010-04-28,1.0364473226833315
2007-2025,ar2,2010Q2,2010-07-23,17,2.900231154384425,3.926881074055233,2010-07-28,-1.0266499196708079
2007-2025,ar2,2010Q3,2010-10-22,17,2.9525600639850103,3.1201978026194954,2010-10-28,-0.16763773863448517
2007-2025,ar2,2010Q4,2011-01-21,17,3.1804515320452253,2.117043484228409,2011-01-28,1.0634080478168162
2007-2025,ar2,2011Q1,2011-04-22,16,2.6537649105570216,-0.9454489541211974,2011-04-28,3.599213864678219
2007-2025,ar2,2011Q2,2011-07-22,17,1.3710416060630948,2.7339190839842376,2011-07-28,-1.3628774779211428
2007-2025,ar2,2011Q3,2011-10-21,17,1.8429687722399724,-0.0892210766206935,2011-10-28,1.932189848860666
2007-2025,ar2,2011Q4,2012-01-27,17,1.8349970377733005,4.568438742179692,2012-01-28,-2.733441704406392
2007-2025,ar2,2012Q1,2012-04-27,17,2.541779843205161,3.396793738645587,2012-04-28,-0.8550138954404263
2007-2025,ar2,2012Q2,2012-07-27,17,3.412174145602842,1.7973274732638431,2012-07-28,1.614846672338999
2007-2025,ar2,2012Q3,2012-10-26,17,2.617308606186985,0.5773578286532466,2012-10-28,2.0399507775337384
2007-2025,ar2,2012Q4,2013-01-25,17,1.82561790132556,0.4633651980530562,2013-01-28,1.3622527032725038
2007-2025,ar2,2013Q1,2013-04-26,17,1.4683925188219815,4.005025807945661,2013-04-28,-2.53663328912368
2007-2025,ar2,2013Q2,2013-07-26,17,2.5606185330447007,1.0748507650766292,2013-07-28,1.4857677679680714
2007-2025,ar2,2013Q3,2013-10-25,17,2.528618154142026,3.4493139225505898,2013-10-28,-0.9206957684085637
2007-2025,ar2,2013Q4,2014-01-24,17,2.5146367795315427,3.532828598657445,2014-01-28,-1.018191819125902
2007-2025,ar2,2014Q1,2014-04-25,17,3.1445006068661074,-1.3732548917761769,2014-04-28,4.517755498642284
2007-2025,ar2,2014Q2,2014-07-25,17,1.66356986942775,5.268365026582655,2014-07-28,-3.6047951571549053
2007-2025,ar2,2014Q3,2014-10-24,17,2.30832500393634,4.950916534930627,2014-10-28,-2.642591530994287
2007-2025,ar2,2014Q4,2015-01-23,17,3.964219661690316,2.0383303103057804,2015-01-28,1.9258893513845354
2007-2025,ar2,2015Q1,2015-04-24,17,3.037860095512812,3.650885031119766,2015-04-28,-0.6130249356069539
2007-2025,ar2,2015Q2,2015-07-24,17,2.82140022122388,2.500735310964308,2015-07-28,0.320664910259572
2007-2025,ar2,2015Q3,2015-10-23,17,2.8768029402775896,1.61061768429811,2015-10-28,1.2661852559794797
2007-2025,ar2,2015Q4,2016-01-22,17,2.348588574603005,0.7399609712167354,2016-01-28,1.6086276033862696
2007-2025,ar2,2016Q1,2016-04-22,17,1.879010767415168,2.3383061524439253,2016-04-28,-0.45929538502875733
2007-2025,ar2,2016Q2,2016-07-22,17,2.1323881431003944,1.290696770237454,2016-07-28,0.8416913728629403
2007-2025,ar2,2016Q3,2016-10-21,17,2.2028247351614016,2.8678981414693494,2016-10-28,-0.6650734063079478
2007-2025,ar2,2016Q4,2017-01-27,17,2.4042503412813554,2.235699518586598,2017-01-28,0.1685508226947574
2007-2025,ar2,2017Q1,2017-04-21,16,2.597922605253289,1.9618307902452337,2017-04-28,0.6360918150080552
2007-2025,ar2,2017Q2,2017-07-21,16,2.3679826302139384,2.258367983115228,2017-07-28,0.10961464709871027
2007-2025,ar2,2017Q3,2017-10-27,17,2.3857473354722103,3.1915992394406345,2017-10-28,-0.8058519039684242
2007-2025,ar2,2017Q4,2018-01-26,17,2.7219950445339203,4.584974811729059,2018-01-28,-1.8629797671951387
2007-2025,ar2,2018Q1,2018-04-27,17,3.3431957850877936,3.293553047698339,2018-04-28,0.049642737389454794
2007-2025,ar2,2018Q2,2018-07-27,17,3.3034759007953607,2.140266992640893,2018-07-28,1.1632089081544676
2007-2025,ar2,2018Q3,2018-10-26,17,2.6709623088313483,2.5182268082057035,2018-10-28,0.15273550062564478
2007-2025,ar2,2018Q4,2019-01-25,17,2.512598416759926,0.5677817986818878,2019-01-28,1.944816618078038
2007-2025,ar2,2019Q1,2019-04-26,17,2.032211278785878,2.520756202743435,2019-04-28,-0.4885449239575568
2007-2025,ar2,2019Q2,2019-07-26,17,2.135412033584516,3.382664959003589,2019-07-28,-1.247252925419073
2007-2025,ar2,2019Q3,2019-10-25,17,2.840725874329819,4.762784209178728,2019-10-28,-1.9220583348489084
2007-2025,ar2,2019Q4,2020-01-24,17,3.438357578058948,2.755535957854649,2020-01-28,0.6828216202042992
2007-2025,ar2,2020Q1,2020-04-24,17,3.176729956837687,-5.16223383893778,2020-04-28,8.338963795775467
2007-2025,ar2,2020Q2,2020-07-24,17,0.3034144098293501,-27.97614656719044,2020-07-28,28.27956097701979
2007-2025,ar2,2020Q3,2020-10-23,17,-19.350866856141312,34.85500597467652,2020-10-28,-54.20587283081784
2007-2025,ar2,2020Q4,2021-01-22,17,-9.735638262251468,4.611736044615711,2021-01-28,-14.347374306867179
2007-2025,ar2,2021Q1,2021-04-23,17,0.4068421842126302,5.701255644273506,2021-04-28,-5.294413460060876
2007-2025,ar2,2021Q2,2021-07-23,17,2.1496247269456648,6.983331307653917,2021-07-28,-4.833706580708252
2007-2025,ar2,2023Q1,2023-04-21,16,2.6014397632917685,2.926993175212877,2023-04-28,-0.32555341192110854
2007-2025,ar2,2023Q2,2023-07-21,16,2.5870266817647813,2.5352403907615395,2023-07-28,0.051786291003241836
2007-2025,ar2,2023Q3,2023-10-27,17,2.635772385322155,4.694888429547928,2023-10-28,-2.0591160442257728
2007-2025,ar2,2023Q4,2024-01-26,17,2.3780131199721666,3.419215575294809,2024-01-28,-1.0412024553226424
2007-2025,ar2,2024Q1,2024-04-26,17,2.530372662885028,0.8420915771010673,2024-04-28,1.6882810857839607
2007-2025,ar2,2024Q2,2024-07-26,17,2.8593264980075084,3.5892686664036777,2024-07-28,-0.7299421683961693
2007-2025,ar2,2024Q3,2024-10-25,17,2.532096104258863,3.340152501559479,2024-10-28,-0.8080563973006161
2007-2025,ar2,2024Q4,2025-01-24,17,2.5452027116106946,1.8522267738050768,2025-01-28,0.6929759378056177
2007-2025,ar2,2025Q1,2025-04-25,17,2.734041216303762,-0.6484826392524012,2025-04-28,3.382523855556163
2007-2025,ar2,2025Q2,2025-07-25,17,3.052982488639966,3.838033233381988,2025-07-28,-0.7850507447420223
2007-2025,ar2,2025Q3,2025-10-24,17,2.503222129399041,4.3753962528716,2025-10-28,-1.8721741234725595
2007-2025,diag3/gaussian,2006Q4,2007-01-26,17,3.290534140563284,3.4823729200428755,2007-01-28,-0.19183877947959127
2007-2025,diag3/gaussian,2007Q1,2007-04-27,17,3.178417713977621,1.2087836914185912,2007-04-28,1.9696340225590299
2007-2025,diag3/gaussian,2007Q2,2007-07-27,17,3.3266837970720164,2.4695947150627617,2007-07-28,0.8570890820092547
2007-2025,diag3/gaussian,2007Q3,2007-10-26,17,3.2337422024450118,2.3240880884577653,2007-10-28,0.9096541139872465
2007-2025,diag3/gaussian,2007Q4,2008-01-25,17,3.1043065767372813,2.5367271478347497,2008-01-28,0.5675794289025315
2007-2025,diag3/gaussian,2008Q1,2008-04-25,17,2.7077346856139384,-1.6961606735480972,2008-04-28,4.403895359162036
2007-2025,diag3/gaussian,2008Q2,2008-07-25,17,2.418581900280703,2.403069701864058,2008-07-28,0.015512198416645084
2007-2025,diag3/gaussian,2008Q3,2008-10-24,17,2.2986046886239064,-2.0845363314131338,2008-10-28,4.383141020037041
2007-2025,diag3/gaussian,2008Q4,2009-01-23,17,0.2370374500733296,-8.472768957225274,2009-01-28,8.709806407298602
2007-2025,diag3/gaussian,2009Q1,2009-04-24,17,-2.342990633096376,-4.462803810727223,2009-04-28,2.119813177630847
2007-2025,diag3/gaussian,2009Q2,2009-07-24,17,-1.4229479793884892,-0.7126911125331037,2009-07-28,-0.7102568668553855
2007-2025,diag3/gaussian,2009Q3,2009-10-23,17,1.301219154701183,1.412187087697636,2009-10-28,-0.1109679329964528
2007-2025,diag3/gaussian,2009Q4,2010-01-22,17,3.20691404375344,4.394263592305325,2010-01-28,-1.1873495485518855
2007-2025,diag3/gaussian,2010Q1,2010-04-23,17,3.97673473561595,1.952133820572155,2010-04-28,2.024600915043795
2007-2025,diag3/gaussian,2010Q2,2010-07-23,17,4.618013454991399,3.926881074055233,2010-07-28,0.6911323809361658
2007-2025,diag3/gaussian,2010Q3,2010-10-22,17,4.256298020731508,3.1201978026194954,2010-10-28,1.1361002181120128
2007-2025,diag3/gaussian,2010Q4,2011-01-21,17,4.3805828359870125,2.117043484228409,2011-01-28,2.2635393517586033
2007-2025,diag3/gaussian,2011Q1,2011-04-22,16,5.0319703820646655,-0.9454489541211974,2011-04-28,5.9774193361858625
2007-2025,diag3/gaussian,2011Q2,2011-07-22,17,4.631471593139902,2.7339190839842376,2011-07-28,1.8975525091556644
2007-2025,diag3/gaussian,2011Q3,2011-10-21,17,3.2596455058317986,-0.0892210766206935,2011-10-28,3.348866582452492
2007-2025,diag3/gaussian,2011Q4,2012-01-27,17,2.851421973082036,4.568438742179692,2012-01-28,-1.7170167690976563
2007-2025,diag3/gaussian,2012Q1,2012-04-27,17,3.374478413004556,3.396793738645587,2012-04-28,-0.022315325641030892
2007-2025,diag3/gaussian,2012Q2,2012-07-27,17,3.2230124039158925,1.7973274732638431,2012-07-28,1.4256849306520494
2007-2025,diag3/gaussian,2012Q3,2012-10-26,17,2.5782180734206683,0.5773578286532466,2012-10-28,2.0008602447674217
2007-2025,diag3/gaussian,2012Q4,2013-01-25,17,2.6091846930567764,0.4633651980530562,2013-01-28,2.14581949500372
2007-2025,diag3/gaussian,2013Q1,2013-04-26,17,2.832452967142008,4.005025807945661,2013-04-28,-1.1725728408036535
2007-2025,diag3/gaussian,2013Q2,2013-07-26,17,2.520039679941166,1.0748507650766292,2013-07-28,1.445188914864537
2007-2025,diag3/gaussian,2013Q3,2013-10-25,17,3.089149747521125,3.4493139225505898,2013-10-28,-0.36016417502946485
2007-2025,diag3/gaussian,2013Q4,2014-01-24,17,3.671429146005623,3.532828598657445,2014-01-28,0.13860054734817817
2007-2025,diag3/gaussian,2014Q1,2014-04-25,17,3.2323697188330502,-1.3732548917761769,2014-04-28,4.605624610609227
2007-2025,diag3/gaussian,2014Q2,2014-07-25,17,3.396543521771034,5.268365026582655,2014-07-28,-1.8718215048116216
2007-2025,diag3/gaussian,2014Q3,2014-10-24,17,3.911779691432349,4.950916534930627,2014-10-28,-1.0391368434982784
2007-2025,diag3/gaussian,2014Q4,2015-01-23,17,3.943116472545349,2.0383303103057804,2015-01-28,1.9047861622395685
2007-2025,diag3/gaussian,2015Q1,2015-04-24,17,3.0490610165300858,3.650885031119766,2015-04-28,-0.6018240145896803
2007-2025,diag3/gaussian,2015Q2,2015-07-24,17,2.732707051525129,2.500735310964308,2015-07-28,0.23197174056082126
2007-2025,diag3/gaussian,2015Q3,2015-10-23,17,2.727533606978194,1.61061768429811,2015-10-28,1.1169159226800842
2007-2025,diag3/gaussian,2015Q4,2016-01-22,17,2.0199633698479103,0.7399609712167354,2016-01-28,1.2800023986311748
2007-2025,diag3/gaussian,2016Q1,2016-04-22,17,1.7938519659796537,2.3383061524439253,2016-04-28,-0.5444541864642716
2007-2025,diag3/gaussian,2016Q2,2016-07-22,17,2.3960905941516897,1.290696770237454,2016-07-28,1.1053938239142356
2007-2025,diag3/gaussian,2016Q3,2016-10-21,17,2.479008727151544,2.8678981414693494,2016-10-28,-0.3888894143178052
2007-2025,diag3/gaussian,2016Q4,2017-01-27,17,2.7560936751178438,2.235699518586598,2017-01-28,0.5203941565312458
2007-2025,diag3/gaussian,2017Q1,2017-04-21,16,3.611707805501752,1.9618307902452337,2017-04-28,1.6498770152565183
2007-2025,diag3/gaussian,2017Q2,2017-07-21,16,3.649642783336393,2.258367983115228,2017-07-28,1.391274800221165
2007-2025,diag3/gaussian,2017Q3,2017-10-27,17,3.9015278198377024,3.1915992394406345,2017-10-28,0.7099285803970679
2007-2025,diag3/gaussian,2017Q4,2018-01-26,17,4.343217966144386,4.584974811729059,2018-01-28,-0.24175684558467303
2007-2025,diag3/gaussian,2018Q1,2018-04-27,17,4.400069953588415,3.293553047698339,2018-04-28,1.106516905890076
2007-2025,diag3/gaussian,2018Q2,2018-07-27,17,4.218349512963382,2.140266992640893,2018-07-28,2.078082520322489
2007-2025,diag3/gaussian,2018Q3,2018-10-26,17,4.251190284705175,2.5182268082057035,2018-10-28,1.7329634764994717
2007-2025,diag3/gaussian,2018Q4,2019-01-25,17,4.026099280461315,0.5677817986818878,2019-01-28,3.458317481779427
2007-2025,diag3/gaussian,2019Q1,2019-04-26,17,3.347201875139993,2.520756202743435,2019-04-28,0.8264456723965581
2007-2025,diag3/gaussian,2019Q2,2019-07-26,17,2.941860967464449,3.382664959003589,2019-07-28,-0.44080399153913996
2007-2025,diag3/gaussian,2019Q3,2019-10-25,17,2.401230535374532,4.762784209178728,2019-10-28,-2.361553673804196
2007-2025,diag3/gaussian,2019Q4,2020-01-24,17,1.912092124707243,2.755535957854649,2020-01-28,-0.8434438331474059
2007-2025,diag3/gaussian,2020Q1,2020-04-24,17,1.8612629379594736,-5.16223383893778,2020-04-28,7.023496776897254
2007-2025,diag3/gaussian,2020Q2,2020-07-24,17,-0.7932761689494194,-27.97614656719044,2020-07-28,27.182870398241022
2007-2025,diag3/gaussian,2020Q3,2020-10-23,17,2.549494663419538,34.85500597467652,2020-10-28,-32.305511311256986
2007-2025,diag3/gaussian,2020Q4,2021-01-22,17,4.341544774343964,4.611736044615711,2021-01-28,-0.27019127027174683
2007-2025,diag3/gaussian,2021Q1,2021-04-23,17,5.17456892216448,5.701255644273506,2021-04-28,-0.5266867221090266
2007-2025,diag3/gaussian,2021Q2,2021-07-23,17,6.105759475971273,6.983331307653917,2021-07-28,-0.8775718316826442
2007-2025,diag3/gaussian,2023Q1,2023-04-21,16,1.0636009994935858,2.926993175212877,2023-04-28,-1.8633921757192913
2007-2025,diag3/gaussian,2023Q2,2023-07-21,16,0.7888562400706123,2.5352403907615395,2023-07-28,-1.7463841506909272
2007-2025,diag3/gaussian,2023Q3,2023-10-27,17,0.9830338082649216,4.694888429547928,2023-10-28,-3.711854621283006
2007-2025,diag3/gaussian,2023Q4,2024-01-26,17,1.009828563617643,3.419215575294809,2024-01-28,-2.409387011677166
2007-2025,diag3/gaussian,2024Q1,2024-04-26,17,1.2229634634169484,0.8420915771010673,2024-04-28,0.3808718863158811
2007-2025,diag3/gaussian,2024Q2,2024-07-26,17,1.6225654509993248,3.5892686664036777,2024-07-28,-1.966703215404353
2007-2025,diag3/gaussian,2024Q3,2024-10-25,17,1.3304975287157903,3.340152501559479,2024-10-28,-2.0096549728436885
2007-2025,diag3/gaussian,2024Q4,2025-01-24,17,1.4358161638691411,1.8522267738050768,2025-01-28,-0.4164106099359357
2007-2025,diag3/gaussian,2025Q1,2025-04-25,17,2.01056252376306,-0.6484826392524012,2025-04-28,2.6590451630154615
2007-2025,diag3/gaussian,2025Q2,2025-07-25,17,1.5457469666078305,3.838033233381988,2025-07-28,-2.2922862667741577
2007-2025,diag3/gaussian,2025Q3,2025-10-24,17,1.5201444437295877,4.3753962528716,2025-10-28,-2.855251809142013
2007-2025,diag3/gaussian_ar1,2006Q4,2007-01-26,17,3.0945283403984725,3.4823729200428755,2007-01-28,-0.387844579644403
2007-2025,diag3/gaussian_ar1,2007Q1,2007-04-27,17,3.050966171806735,1.2087836914185912,2007-04-28,1.8421824803881437
2007-2025,diag3/gaussian_ar1,2007Q2,2007-07-27,17,3.616491991674176,2.4695947150627617,2007-07-28,1.1468972766114143
2007-2025,diag3/gaussian_ar1,2007Q3,2007-10-26,17,2.854652962210058,2.3240880884577653,2007-10-28,0.5305648737522928
2007-2025,diag3/gaussian_ar1,2007Q4,2008-01-25,17,3.116052813407588,2.5367271478347497,2008-01-28,0.5793256655728385
2007-2025,diag3/gaussian_ar1,2008Q1,2008-04-25,17,2.7759201948579726,-1.6961606735480972,2008-04-28,4.47208086840607
2007-2025,diag3/gaussian_ar1,2008Q2,2008-07-25,17,2.469746655965688,2.403069701864058,2008-07-28,0.06667695410163033
2007-2025,diag3/gaussian_ar1,2008Q3,2008-10-24,17,1.0797206742989784,-2.0845363314131338,2008-10-28,3.164257005712112
2007-2025,diag3/gaussian_ar1,2008Q4,2009-01-23,17,-2.16616304515983,-8.472768957225274,2009-01-28,6.306605912065443
2007-2025,diag3/gaussian_ar1,2009Q1,2009-04-24,17,-7.148466906540973,-4.462803810727223,2009-04-28,-2.6856630958137497
2007-2025,diag3/gaussian_ar1,2009Q2,2009-07-24,17,-3.9441620318114263,-0.7126911125331037,2009-07-28,-3.2314709192783226
2007-2025,diag3/gaussian_ar1,2009Q3,2009-10-23,17,1.141665178896134,1.412187087697636,2009-10-28,-0.27052190880150184
2007-2025,diag3/gaussian_ar1,2009Q4,2010-01-22,17,3.373881440333037,4.394263592305325,2010-01-28,-1.0203821519722882
2007-2025,diag3/gaussian_ar1,2010Q1,2010-04-23,17,4.115519162069958,1.952133820572155,2010-04-28,2.1633853414978033
2007-2025,diag3/gaussian_ar1,2010Q2,2010-07-23,17,4.953236542297823,3.926881074055233,2010-07-28,1.0263554682425902
2007-2025,diag3/gaussian_ar1,2010Q3,2010-10-22,17,3.7705652028303223,3.1201978026194954,2010-10-28,0.6503674002108268
2007-2025,diag3/gaussian_ar1,2010Q4,2011-01-21,17,4.228622640470281,2.117043484228409,2011-01-28,2.1115791562418718
2007-2025,diag3/gaussian_ar1,2011Q1,2011-04-22,16,4.558574563182671,-0.9454489541211974,2011-04-28,5.504023517303869
2007-2025,diag3/gaussian_ar1,2011Q2,2011-07-22,17,4.148613771133092,2.7339190839842376,2011-07-28,1.4146946871488542
2007-2025,diag3/gaussian_ar1,2011Q3,2011-10-21,17,2.5496533519487885,-0.0892210766206935,2011-10-28,2.638874428569482
2007-2025,diag3/gaussian_ar1,2011Q4,2012-01-27,17,2.9360577632656426,4.568438742179692,2012-01-28,-1.6323809789140498
2007-2025,diag3/gaussian_ar1,2012Q1,2012-04-27,17,3.147542045905305,3.396793738645587,2012-04-28,-0.24925169274028214
2007-2025,diag3/gaussian_ar1,2012Q2,2012-07-27,17,3.3476301339918413,1.7973274732638431,2012-07-28,1.5503026607279982
2007-2025,diag3/gaussian_ar1,2012Q3,2012-10-26,17,1.988151240696001,0.5773578286532466,2012-10-28,1.4107934120427543
2007-2025,diag3/gaussian_ar1,2012Q4,2013-01-25,17,2.5293714587409037,0.4633651980530562,2013-01-28,2.0660062606878475
2007-2025,diag3/gaussian_ar1,2013Q1,2013-04-26,17,2.874650927873712,4.005025807945661,2013-04-28,-1.1303748800719493
2007-2025,diag3/gaussian_ar1,2013Q2,2013-07-26,17,2.294975100097973,1.0748507650766292,2013-07-28,1.2201243350213438
2007-2025,diag3/gaussian_ar1,2013Q3,2013-10-25,17,3.1465472681176943,3.4493139225505898,2013-10-28,-0.3027666544328955
2007-2025,diag3/gaussian_ar1,2013Q4,2014-01-24,17,3.2783308465126115,3.532828598657445,2014-01-28,-0.2544977521448333
2007-2025,diag3/gaussian_ar1,2014Q1,2014-04-25,17,3.237984438443542,-1.3732548917761769,2014-04-28,4.6112393302197185
2007-2025,diag3/gaussian_ar1,2014Q2,2014-07-25,17,3.698166805419123,5.268365026582655,2014-07-28,-1.5701982211635324
2007-2025,diag3/gaussian_ar1,2014Q3,2014-10-24,17,3.386252129863432,4.950916534930627,2014-10-28,-1.5646644050671954
2007-2025,diag3/gaussian_ar1,2014Q4,2015-01-23,17,3.8262848141360273,2.0383303103057804,2015-01-28,1.787954503830247
2007-2025,diag3/gaussian_ar1,2015Q1,2015-04-24,17,2.100865276040853,3.650885031119766,2015-04-28,-1.550019755078913
2007-2025,diag3/gaussian_ar1,2015Q2,2015-07-24,17,1.9029569896117813,2.500735310964308,2015-07-28,-0.5977783213525265
2007-2025,diag3/gaussian_ar1,2015Q3,2015-10-23,17,2.525693127784323,1.61061768429811,2015-10-28,0.9150754434862132
2007-2025,diag3/gaussian_ar1,2015Q4,2016-01-22,17,1.329068968071767,0.7399609712167354,2016-01-28,0.5891079968550317
2007-2025,diag3/gaussian_ar1,2016Q1,2016-04-22,17,1.1826877612556077,2.3383061524439253,2016-04-28,-1.1556183911883176
2007-2025,diag3/gaussian_ar1,2016Q2,2016-07-22,17,2.185586812360185,1.290696770237454,2016-07-28,0.894890042122731
2007-2025,diag3/gaussian_ar1,2016Q3,2016-10-21,17,2.521107462388006,2.8678981414693494,2016-10-28,-0.34679067908134353
2007-2025,diag3/gaussian_ar1,2016Q4,2017-01-27,17,2.500079529733412,2.235699518586598,2017-01-28,0.2643800111468142
2007-2025,diag3/gaussian_ar1,2017Q1,2017-04-21,16,3.483458776668225,1.9618307902452337,2017-04-28,1.5216279864229914
2007-2025,diag3/gaussian_ar1,2017Q2,2017-07-21,16,3.382296965067977,2.258367983115228,2017-07-28,1.1239289819527487
2007-2025,diag3/gaussian_ar1,2017Q3,2017-10-27,17,3.2314489906183352,3.1915992394406345,2017-10-28,0.03984975117770073
2007-2025,diag3/gaussian_ar1,2017Q4,2018-01-26,17,4.088153400894612,4.584974811729059,2018-01-28,-0.4968214108344471
2007-2025,diag3/gaussian_ar1,2018Q1,2018-04-27,17,4.100702265353995,3.293553047698339,2018-04-28,0.8071492176556561
2007-2025,diag3/gaussian_ar1,2018Q2,2018-07-27,17,3.865267614273749,2.140266992640893,2018-07-28,1.725000621632856
2007-2025,diag3/gaussian_ar1,2018Q3,2018-10-26,17,3.581067530194914,2.5182268082057035,2018-10-28,1.0628407219892106
2007-2025,diag3/gaussian_ar1,2018Q4,2019-01-25,17,3.1008223632255527,0.5677817986818878,2019-01-28,2.533040564543665
2007-2025,diag3/gaussian_ar1,2019Q1,2019-04-26,17,2.2771759173344286,2.520756202743435,2019-04-28,-0.24358028540900634
2007-2025,diag3/gaussian_ar1,2019Q2,2019-07-26,17,2.1014793895503647,3.382664959003589,2019-07-28,-1.2811855694532244
2007-2025,diag3/gaussian_ar1,2019Q3,2019-10-25,17,2.1725109332791703,4.762784209178728,2019-10-28,-2.5902732758995572
2007-2025,diag3/gaussian_ar1,2019Q4,2020-01-24,17,1.7085069233877537,2.755535957854649,2020-01-28,-1.0470290344668953
2007-2025,diag3/gaussian_ar1,2020Q1,2020-04-24,17,0.6560051209010487,-5.16223383893778,2020-04-28,5.818238959838829
2007-2025,diag3/gaussian_ar1,2020Q2,2020-07-24,17,-10.01626042689544,-27.97614656719044,2020-07-28,17.959886140294998
2007-2025,diag3/gaussian_ar1,2020Q3,2020-10-23,17,23.5972551711658,34.85500597467652,2020-10-28,-11.257750803510724
2007-2025,diag3/gaussian_ar1,2020Q4,2021-01-22,17,8.02504134110511,4.611736044615711,2021-01-28,3.4133052964893995
2007-2025,diag3/gaussian_ar1,2021Q1,2021-04-23,17,3.757475213352146,5.701255644273506,2021-04-28,-1.9437804309213602
2007-2025,diag3/gaussian_ar1,2021Q2,2021-07-23,17,7.14988568788606,6.983331307653917,2021-07-28,0.1665543802321432
2007-2025,diag3/gaussian_ar1,2023Q1,2023-04-21,16,2.1802022880198946,2.926993175212877,2023-04-28,-0.7467908871929825
2007-2025,diag3/gaussian_ar1,2023Q2,2023-07-21,16,2.0632073691379427,2.5352403907615395,2023-07-28,-0.47203302162359684
2007-2025,diag3/gaussian_ar1,2023Q3,2023-10-27,17,2.4018144070155234,4.694888429547928,2023-10-28,-2.293074022532404
2007-2025,diag3/gaussian_ar1,2023Q4,2024-01-26,17,1.789441110087986,3.419215575294809,2024-01-28,-1.6297744652068231
2007-2025,diag3/gaussian_ar1,2024Q1,2024-04-26,17,1.063221407189352,0.8420915771010673,2024-04-28,0.22112983008828468
2007-2025,diag3/gaussian_ar1,2024Q2,2024-07-26,17,3.664204790828096,3.5892686664036777,2024-07-28,0.07493612442441844
2007-2025,diag3/gaussian_ar1,2024Q3,2024-10-25,17,0.913211367876765,3.340152501559479,2024-10-28,-2.426941133682714
2007-2025,diag3/gaussian_ar1,2024Q4,2025-01-24,17,1.5408074296559435,1.8522267738050768,2025-01-28,-0.3114193441491333
2007-2025,diag3/gaussian_ar1,2025Q1,2025-04-25,17,4.298078156922935,-0.6484826392524012,2025-04-28,4.946560796175337
2007-2025,diag3/gaussian_ar1,2025Q2,2025-07-25,17,2.3729933880979104,3.838033233381988,2025-07-28,-1.4650398452840778
2007-2025,diag3/gaussian_ar1,2025Q3,2025-10-24,17,3.056588152772588,4.3753962528716,2025-10-28,-1.3188081000990124
2007-2025,diag3/student_t,2006Q4,2007-01-26,17,3.2750051572354,3.4823729200428755,2007-01-28,-0.2073677628074755
2007-2025,diag3/student_t,2007Q1,2007-04-27,17,3.2041079090442848,1.2087836914185912,2007-04-28,1.9953242176256936
2007-2025,diag3/student_t,2007Q2,2007-07-27,17,3.33236049984742,2.4695947150627617,2007-07-28,0.8627657847846582
2007-2025,diag3/student_t,2007Q3,2007-10-26,17,3.2538863811070184,2.3240880884577653,2007-10-28,0.9297982926492532
2007-2025,diag3/student_t,2007Q4,2008-01-25,17,3.119451313055865,2.5367271478347497,2008-01-28,0.5827241652211153
2007-2025,diag3/student_t,2008Q1,2008-04-25,17,2.7301769625368344,-1.6961606735480972,2008-04-28,4.426337636084932
2007-2025,diag3/student_t,2008Q2,2008-07-25,17,2.4532825239662825,2.403069701864058,2008-07-28,0.05021282210222466
2007-2025,diag3/student_t,2008Q3,2008-10-24,17,2.315155157590376,-2.0845363314131338,2008-10-28,4.39969148900351
2007-2025,diag3/student_t,2008Q4,2009-01-23,17,0.5656332197842673,-8.472768957225274,2009-01-28,9.03840217700954
2007-2025,diag3/student_t,2009Q1,2009-04-24,17,-1.1214183071626138,-4.462803810727223,2009-04-28,3.3413855035646094
2007-2025,diag3/student_t,2009Q2,2009-07-24,17,-0.6399480068328689,-0.7126911125331037,2009-07-28,0.07274310570023479
2007-2025,diag3/student_t,2009Q3,2009-10-23,17,1.5488742305733938,1.412187087697636,2009-10-28,0.1366871428757579
2007-2025,diag3/student_t,2009Q4,2010-01-22,17,3.099300783652059,4.394263592305325,2010-01-28,-1.294962808653266
2007-2025,diag3/student_t,2010Q1,2010-04-23,17,3.73618846302608,1.952133820572155,2010-04-28,1.784054642453925
2007-2025,diag3/student_t,2010Q2,2010-07-23,17,4.162079020575127,3.926881074055233,2010-07-28,0.2351979465198939
2007-2025,diag3/student_t,2010Q3,2010-10-22,17,3.9877716067031166,3.1201978026194954,2010-10-28,0.8675738040836212
2007-2025,diag3/student_t,2010Q4,2011-01-21,17,4.116627344621948,2.117043484228409,2011-01-28,1.999583860393539
2007-2025,diag3/student_t,2011Q1,2011-04-22,16,4.60835736695695,-0.9454489541211974,2011-04-28,5.553806321078147
2007-2025,diag3/student_t,2011Q2,2011-07-22,17,4.293078125974592,2.7339190839842376,2011-07-28,1.5591590419903545
2007-2025,diag3/student_t,2011Q3,2011-10-21,17,3.221635747201224,-0.0892210766206935,2011-10-28,3.3108568238219176
2007-2025,diag3/student_t,2011Q4,2012-01-27,17,2.859004741071214,4.568438742179692,2012-01-28,-1.7094340011084785
2007-2025,diag3/student_t,2012Q1,2012-04-27,17,3.296045698324268,3.396793738645587,2012-04-28,-0.10074804032131901
2007-2025,diag3/student_t,2012Q2,2012-07-27,17,3.183917939474812,1.7973274732638431,2012-07-28,1.3865904662109687
2007-2025,diag3/student_t,2012Q3,2012-10-26,17,2.6319859595883788,0.5773578286532466,2012-10-28,2.054628130935132
2007-2025,diag3/student_t,2012Q4,2013-01-25,17,2.613240630392344,0.4633651980530562,2013-01-28,2.1498754323392877
2007-2025,diag3/student_t,2013Q1,2013-04-26,17,2.796815954363852,4.005025807945661,2013-04-28,-1.2082098535818093
2007-2025,diag3/student_t,2013Q2,2013-07-26,17,2.540347738259907,1.0748507650766292,2013-07-28,1.4654969731832779
2007-2025,diag3/student_t,2013Q3,2013-10-25,17,3.024825203125548,3.4493139225505898,2013-10-28,-0.42448871942504196
2007-2025,diag3/student_t,2013Q4,2014-01-24,17,3.522114043854274,3.532828598657445,2014-01-28,-0.010714554803170628
2007-2025,diag3/student_t,2014Q1,2014-04-25,17,3.1472844293854108,-1.3732548917761769,2014-04-28,4.520539321161587
2007-2025,diag3/student_t,2014Q2,2014-07-25,17,3.297542190237301,5.268365026582655,2014-07-28,-1.9708228363453544
2007-2025,diag3/student_t,2014Q3,2014-10-24,17,3.667393146817499,4.950916534930627,2014-10-28,-1.283523388113128
2007-2025,diag3/student_t,2014Q4,2015-01-23,17,3.748023847062476,2.0383303103057804,2015-01-28,1.7096935367566957
2007-2025,diag3/student_t,2015Q1,2015-04-24,17,3.000047874219236,3.650885031119766,2015-04-28,-0.65083715690053
2007-2025,diag3/student_t,2015Q2,2015-07-24,17,2.723623300758038,2.500735310964308,2015-07-28,0.22288798979373015
2007-2025,diag3/student_t,2015Q3,2015-10-23,17,2.7144904231353184,1.61061768429811,2015-10-28,1.1038727388372085
2007-2025,diag3/student_t,2015Q4,2016-01-22,17,2.09618877872102,0.7399609712167354,2016-01-28,1.3562278075042844
2007-2025,diag3/student_t,2016Q1,2016-04-22,17,1.905303468503128,2.3383061524439253,2016-04-28,-0.4330026839407972
2007-2025,diag3/student_t,2016Q2,2016-07-22,17,2.4376372306254668,1.290696770237454,2016-07-28,1.1469404603880127
2007-2025,diag3/student_t,2016Q3,2016-10-21,17,2.484528100660488,2.8678981414693494,2016-10-28,-0.3833700408088614
2007-2025,diag3/student_t,2016Q4,2017-01-27,17,2.7340186928831667,2.235699518586598,2017-01-28,0.4983191742965687
2007-2025,diag3/student_t,2017Q1,2017-04-21,16,3.4832025877572947,1.9618307902452337,2017-04-28,1.521371797512061
2007-2025,diag3/student_t,2017Q2,2017-07-21,16,3.516668366368481,2.258367983115228,2017-07-28,1.2583003832532529
2007-2025,diag3/student_t,2017Q3,2017-10-27,17,3.7260632289030537,3.1915992394406345,2017-10-28,0.5344639894624192
2007-2025,diag3/student_t,2017Q4,2018-01-26,17,4.111487706347461,4.584974811729059,2018-01-28,-0.4734871053815981
2007-2025,diag3/student_t,2018Q1,2018-04-27,17,4.177216589446808,3.293553047698339,2018-04-28,0.8836635417484695
2007-2025,diag3/student_t,2018Q2,2018-07-27,17,4.0072143055085885,2.140266992640893,2018-07-28,1.8669473128676954
2007-2025,diag3/student_t,2018Q3,2018-10-26,17,4.025350009299555,2.5182268082057035,2018-10-28,1.5071232010938518
2007-2025,diag3/student_t,2018Q4,2019-01-25,17,3.803395237190088,0.5677817986818878,2019-01-28,3.2356134385082003
2007-2025,diag3/student_t,2019Q1,2019-04-26,17,3.2475743280562464,2.520756202743435,2019-04-28,0.7268181253128114
2007-2025,diag3/student_t,2019Q2,2019-07-26,17,2.8758566958596354,3.382664959003589,2019-07-28,-0.5068082631439537
2007-2025,diag3/student_t,2019Q3,2019-10-25,17,2.4320040050219927,4.762784209178728,2019-10-28,-2.330780204156735
2007-2025,diag3/student_t,2019Q4,2020-01-24,17,2.026339712399161,2.755535957854649,2020-01-28,-0.7291962454554879
2007-2025,diag3/student_t,2020Q1,2020-04-24,17,2.042195631283117,-5.16223383893778,2020-04-28,7.204429470220897
2007-2025,diag3/student_t,2020Q2,2020-07-24,17,0.3178568830693118,-27.97614656719044,2020-07-28,28.29400345025975
2007-2025,diag3/student_t,2020Q3,2020-10-23,17,2.7258252777497383,34.85500597467652,2020-10-28,-32.12918069692678
2007-2025,diag3/student_t,2020Q4,2021-01-22,17,3.673399187523119,4.611736044615711,2021-01-28,-0.9383368570925916
2007-2025,diag3/student_t,2021Q1,2021-04-23,17,4.170294138784825,5.701255644273506,2021-04-28,-1.5309615054886816
2007-2025,diag3/student_t,2021Q2,2021-07-23,17,4.365611961056048,6.983331307653917,2021-07-28,-2.6177193465978688
2007-2025,diag3/student_t,2023Q1,2023-04-21,16,1.7352873702633165,2.926993175212877,2023-04-28,-1.1917058049495606
2007-2025,diag3/student_t,2023Q2,2023-07-21,16,1.581533738527785,2.5352403907615395,2023-07-28,-0.9537066522337545
2007-2025,diag3/student_t,2023Q3,2023-10-27,17,1.6805632625407574,4.694888429547928,2023-10-28,-3.0143251670071702
2007-2025,diag3/student_t,2023Q4,2024-01-26,17,1.7556288676517484,3.419215575294809,2024-01-28,-1.6635867076430606
2007-2025,diag3/student_t,2024Q1,2024-04-26,17,1.9144216961750395,0.8420915771010673,2024-04-28,1.0723301190739722
2007-2025,diag3/student_t,2024Q2,2024-07-26,17,2.0845144328842435,3.5892686664036777,2024-07-28,-1.5047542335194342
2007-2025,diag3/student_t,2024Q3,2024-10-25,17,1.894994897367908,3.340152501559479,2024-10-28,-1.445157604191571
2007-2025,diag3/student_t,2024Q4,2025-01-24,17,1.9358531620871533,1.8522267738050768,2025-01-28,0.08362638828207647
2007-2025,diag3/student_t,2025Q1,2025-04-25,17,2.256435987807892,-0.6484826392524012,2025-04-28,2.9049186270602934
2007-2025,diag3/student_t,2025Q2,2025-07-25,17,2.0824497060615066,3.838033233381988,2025-07-28,-1.7555835273204816
2007-2025,diag3/student_t,2025Q3,2025-10-24,17,2.035478806352553,4.3753962528716,2025-10-28,-2.3399174465190473
2007-2025,diag3/student_t_ar1,2006Q4,2007-01-26,17,2.84282613920106,3.4823729200428755,2007-01-28,-0.6395467808418154
2007-2025,diag3/student_t_ar1,2007Q1,2007-04-27,17,3.349428802571897,1.2087836914185912,2007-04-28,2.140645111153306
2007-2025,diag3/student_t_ar1,2007Q2,2007-07-27,17,3.140326284893691,2.4695947150627617,2007-07-28,0.6707315698309291
2007-2025,diag3/student_t_ar1,2007Q3,2007-10-26,17,2.836899379550739,2.3240880884577653,2007-10-28,0.5128112910929739
2007-2025,diag3/student_t_ar1,2007Q4,2008-01-25,17,3.115285065661721,2.5367271478347497,2008-01-28,0.5785579178269713
2007-2025,diag3/student_t_ar1,2008Q1,2008-04-25,17,2.7420765825783238,-1.6961606735480972,2008-04-28,4.4382372561264205
2007-2025,diag3/student_t_ar1,2008Q2,2008-07-25,17,2.4281513016250145,2.403069701864058,2008-07-28,0.025081599760956585
2007-2025,diag3/student_t_ar1,2008Q3,2008-10-24,17,1.0129097640599882,-2.0845363314131338,2008-10-28,3.097446095473122
2007-2025,diag3/student_t_ar1,2008Q4,2009-01-23,17,-1.3119238101627628,-8.472768957225274,2009-01-28,7.160845147062511
2007-2025,diag3/student_t_ar1,2009Q1,2009-04-24,17,-7.042436740372482,-4.462803810727223,2009-04-28,-2.5796329296452587
2007-2025,diag3/student_t_ar1,2009Q2,2009-07-24,17,-3.850347596597825,-0.7126911125331037,2009-07-28,-3.1376564840647214
2007-2025,diag3/student_t_ar1,2009Q3,2009-10-23,17,1.3027363507599254,1.412187087697636,2009-10-28,-0.10945073693771046
2007-2025,diag3/student_t_ar1,2009Q4,2010-01-22,17,3.698600804613572,4.394263592305325,2010-01-28,-0.6956627876917532
2007-2025,diag3/student_t_ar1,2010Q1,2010-04-23,17,4.332532006761025,1.952133820572155,2010-04-28,2.38039818618887
2007-2025,diag3/student_t_ar1,2010Q2,2010-07-23,17,5.018167756622738,3.926881074055233,2010-07-28,1.091286682567505
2007-2025,diag3/student_t_ar1,2010Q3,2010-10-22,17,3.861846620898435,3.1201978026194954,2010-10-28,0.7416488182789394
2007-2025,diag3/student_t_ar1,2010Q4,2011-01-21,17,4.233629725240018,2.117043484228409,2011-01-28,2.1165862410116087
2007-2025,diag3/student_t_ar1,2011Q1,2011-04-22,16,4.626870531510563,-0.9454489541211974,2011-04-28,5.572319485631761
2007-2025,diag3/student_t_ar1,2011Q2,2011-07-22,17,4.346998452236828,2.7339190839842376,2011-07-28,1.6130793682525901
2007-2025,diag3/student_t_ar1,2011Q3,2011-10-21,17,2.789923220845636,-0.0892210766206935,2011-10-28,2.8791442974663295
2007-2025,diag3/student_t_ar1,2011Q4,2012-01-27,17,3.069853071567929,4.568438742179692,2012-01-28,-1.4985856706117633
2007-2025,diag3/student_t_ar1,2012Q1,2012-04-27,17,3.189643098219075,3.396793738645587,2012-04-28,-0.2071506404265122
2007-2025,diag3/student_t_ar1,2012Q2,2012-07-27,17,3.374370719755526,1.7973274732638431,2012-07-28,1.577043246491683
2007-2025,diag3/student_t_ar1,2012Q3,2012-10-26,17,2.0501695912656936,0.5773578286532466,2012-10-28,1.472811762612447
2007-2025,diag3/student_t_ar1,2012Q4,2013-01-25,17,2.580269716362582,0.4633651980530562,2013-01-28,2.116904518309526
2007-2025,diag3/student_t_ar1,2013Q1,2013-04-26,17,2.951843467678672,4.005025807945661,2013-04-28,-1.0531823402669893
2007-2025,diag3/student_t_ar1,2013Q2,2013-07-26,17,2.399829850270363,1.0748507650766292,2013-07-28,1.3249790851937338
2007-2025,diag3/student_t_ar1,2013Q3,2013-10-25,17,3.175119950388749,3.4493139225505898,2013-10-28,-0.2741939721618407
2007-2025,diag3/student_t_ar1,2013Q4,2014-01-24,17,3.282477122773497,3.532828598657445,2014-01-28,-0.250351475883948
2007-2025,diag3/student_t_ar1,2014Q1,2014-04-25,17,3.392333796963065,-1.3732548917761769,2014-04-28,4.765588688739242
2007-2025,diag3/student_t_ar1,2014Q2,2014-07-25,17,3.9067419414629656,5.268365026582655,2014-07-28,-1.3616230851196898
2007-2025,diag3/student_t_ar1,2014Q3,2014-10-24,17,3.2671511728986413,4.950916534930627,2014-10-28,-1.683765362031986
2007-2025,diag3/student_t_ar1,2014Q4,2015-01-23,17,3.756971480404192,2.0383303103057804,2015-01-28,1.7186411700984117
2007-2025,diag3/student_t_ar1,2015Q1,2015-04-24,17,2.041749669347692,3.650885031119766,2015-04-28,-1.6091353617720738
2007-2025,diag3/student_t_ar1,2015Q2,2015-07-24,17,1.7814065529079048,2.500735310964308,2015-07-28,-0.719328758056403
2007-2025,diag3/student_t_ar1,2015Q3,2015-10-23,17,2.414033982647989,1.61061768429811,2015-10-28,0.8034162983498792
2007-2025,diag3/student_t_ar1,2015Q4,2016-01-22,17,1.2322577784073865,0.7399609712167354,2016-01-28,0.49229680719065105
2007-2025,diag3/student_t_ar1,2016Q1,2016-04-22,17,1.0812351385060648,2.3383061524439253,2016-04-28,-1.2570710139378605
2007-2025,diag3/student_t_ar1,2016Q2,2016-07-22,17,2.1731876567268493,1.290696770237454,2016-07-28,0.8824908864893952
2007-2025,diag3/student_t_ar1,2016Q3,2016-10-21,17,2.5003518870228447,2.8678981414693494,2016-10-28,-0.3675462544465047
2007-2025,diag3/student_t_ar1,2016Q4,2017-01-27,17,2.467415540517215,2.235699518586598,2017-01-28,0.2317160219306169
2007-2025,diag3/student_t_ar1,2017Q1,2017-04-21,16,3.372045937567214,1.9618307902452337,2017-04-28,1.4102151473219804
2007-2025,diag3/student_t_ar1,2017Q2,2017-07-21,16,3.2747482778147985,2.258367983115228,2017-07-28,1.0163802946995704
2007-2025,diag3/student_t_ar1,2017Q3,2017-10-27,17,3.1461310994975733,3.1915992394406345,2017-10-28,-0.0454681399430612
2007-2025,diag3/student_t_ar1,2017Q4,2018-01-26,17,4.033554299707198,4.584974811729059,2018-01-28,-0.5514205120218607
2007-2025,diag3/student_t_ar1,2018Q1,2018-04-27,17,4.014240692211057,3.293553047698339,2018-04-28,0.7206876445127186
2007-2025,diag3/student_t_ar1,2018Q2,2018-07-27,17,3.848435792856808,2.140266992640893,2018-07-28,1.708168800215915
2007-2025,diag3/student_t_ar1,2018Q3,2018-10-26,17,3.5352128051174603,2.5182268082057035,2018-10-28,1.0169859969117567
2007-2025,diag3/student_t_ar1,2018Q4,2019-01-25,17,3.0384707929396626,0.5677817986818878,2019-01-28,2.4706889942577748
2007-2025,diag3/student_t_ar1,2019Q1,2019-04-26,17,2.2527092761270184,2.520756202743435,2019-04-28,-0.2680469266164165
2007-2025,diag3/student_t_ar1,2019Q2,2019-07-26,17,2.036598492906916,3.382664959003589,2019-07-28,-1.3460664660966732
2007-2025,diag3/student_t_ar1,2019Q3,2019-10-25,17,2.127928957650793,4.762784209178728,2019-10-28,-2.6348552515279344
2007-2025,diag3/student_t_ar1,2019Q4,2020-01-24,17,1.7016203165342023,2.755535957854649,2020-01-28,-1.0539156413204467
2007-2025,diag3/student_t_ar1,2020Q1,2020-04-24,17,1.6877277848898808,-5.16223383893778,2020-04-28,6.849961623827661
2007-2025,diag3/student_t_ar1,2020Q2,2020-07-24,17,-0.7168532499573721,-27.97614656719044,2020-07-28,27.25929331723307
2007-2025,diag3/student_t_ar1,2020Q3,2020-10-23,17,10.122791948892315,34.85500597467652,2020-10-28,-24.73221402578421
2007-2025,diag3/student_t_ar1,2020Q4,2021-01-22,17,1.5032880176091945,4.611736044615711,2021-01-28,-3.1084480270065162
2007-2025,diag3/student_t_ar1,2021Q1,2021-04-23,17,10.109922488492874,5.701255644273506,2021-04-28,4.4086668442193675
2007-2025,diag3/student_t_ar1,2021Q2,2021-07-23,17,7.6303202652711954,6.983331307653917,2021-07-28,0.6469889576172783
2007-2025,diag3/student_t_ar1,2023Q1,2023-04-21,16,0.8589638159402613,2.926993175212877,2023-04-28,-2.0680293592726158
2007-2025,diag3/student_t_ar1,2023Q2,2023-07-21,16,1.0398284557623594,2.5352403907615395,2023-07-28,-1.4954119349991801
2007-2025,diag3/student_t_ar1,2023Q3,2023-10-27,17,1.574747818063016,4.694888429547928,2023-10-28,-3.1201406114849117
2007-2025,diag3/student_t_ar1,2023Q4,2024-01-26,17,1.6599466543447905,3.419215575294809,2024-01-28,-1.7592689209500185
2007-2025,diag3/student_t_ar1,2024Q1,2024-04-26,17,2.1271179347214897,0.8420915771010673,2024-04-28,1.2850263576204224
2007-2025,diag3/student_t_ar1,2024Q2,2024-07-26,17,2.054116729347255,3.5892686664036777,2024-07-28,-1.5351519370564226
2007-2025,diag3/student_t_ar1,2024Q3,2024-10-25,17,2.007304357455641,3.340152501559479,2024-10-28,-1.332848144103838
2007-2025,diag3/student_t_ar1,2024Q4,2025-01-24,17,1.9724342569764408,1.8522267738050768,2025-01-28,0.12020748317136398
2007-2025,diag3/student_t_ar1,2025Q1,2025-04-25,17,2.439699141509988,-0.6484826392524012,2025-04-28,3.088181780762389
2007-2025,diag3/student_t_ar1,2025Q2,2025-07-25,17,1.4663646615417747,3.838033233381988,2025-07-28,-2.3716685718402135
2007-2025,diag3/student_t_ar1,2025Q3,2025-10-24,17,2.2597131335393428,4.3753962528716,2025-10-28,-2.1156831193322576
2007-2025,diag3/student_t_ar1_shared,2006Q4,2007-01-26,17,2.7741513986677235,3.4823729200428755,2007-01-28,-0.7082215213751519
2007-2025,diag3/student_t_ar1_shared,2007Q1,2007-04-27,17,3.300484985257812,1.2087836914185912,2007-04-28,2.091701293839221
2007-2025,diag3/student_t_ar1_shared,2007Q2,2007-07-27,17,3.739523295177105,2.4695947150627617,2007-07-28,1.2699285801143434
2007-2025,diag3/student_t_ar1_shared,2007Q3,2007-10-26,17,2.868345133712036,2.3240880884577653,2007-10-28,0.5442570452542705
2007-2025,diag3/student_t_ar1_shared,2007Q4,2008-01-25,17,3.1290240337515263,2.5367271478347497,2008-01-28,0.5922968859167765
2007-2025,diag3/student_t_ar1_shared,2008Q1,2008-04-25,17,2.716486469243096,-1.6961606735480972,2008-04-28,4.412647142791194
2007-2025,diag3/student_t_ar1_shared,2008Q2,2008-07-25,17,2.6102684463535475,2.403069701864058,2008-07-28,0.2071987444894896
2007-2025,diag3/student_t_ar1_shared,2008Q3,2008-10-24,17,1.457822469601333,-2.0845363314131338,2008-10-28,3.542358801014467
2007-2025,diag3/student_t_ar1_shared,2008Q4,2009-01-23,17,-0.4948896998419272,-8.472768957225274,2009-01-28,7.977879257383346
2007-2025,diag3/student_t_ar1_shared,2009Q1,2009-04-24,17,-4.472909057485008,-4.462803810727223,2009-04-28,-0.010105246757785125
2007-2025,diag3/student_t_ar1_shared,2009Q2,2009-07-24,17,-2.521177096488869,-0.7126911125331037,2009-07-28,-1.8084859839557654
2007-2025,diag3/student_t_ar1_shared,2009Q3,2009-10-23,17,0.8522835455642142,1.412187087697636,2009-10-28,-0.5599035421334217
2007-2025,diag3/student_t_ar1_shared,2009Q4,2010-01-22,17,2.9084509978868134,4.394263592305325,2010-01-28,-1.4858125944185119
2007-2025,diag3/student_t_ar1_shared,2010Q1,2010-04-23,17,3.6966556782303206,1.952133820572155,2010-04-28,1.7445218576581656
2007-2025,diag3/student_t_ar1_shared,2010Q2,2010-07-23,17,4.624432493890174,3.926881074055233,2010-07-28,0.6975514198349408
2007-2025,diag3/student_t_ar1_shared,2010Q3,2010-10-22,17,3.3460920932148808,3.1201978026194954,2010-10-28,0.22589429059538535
2007-2025,diag3/student_t_ar1_shared,2010Q4,2011-01-21,17,4.227485198869618,2.117043484228409,2011-01-28,2.110441714641209
2007-2025,diag3/student_t_ar1_shared,2011Q1,2011-04-22,16,4.387989041617257,-0.9454489541211974,2011-04-28,5.333437995738455
2007-2025,diag3/student_t_ar1_shared,2011Q2,2011-07-22,17,4.216425453472739,2.7339190839842376,2011-07-28,1.482506369488501
2007-2025,diag3/student_t_ar1_shared,2011Q3,2011-10-21,17,2.6213445903705117,-0.0892210766206935,2011-10-28,2.7105656669912053
2007-2025,diag3/student_t_ar1_shared,2011Q4,2012-01-27,17,2.847395833767341,4.568438742179692,2012-01-28,-1.7210429084123513
2007-2025,diag3/student_t_ar1_shared,2012Q1,2012-04-27,17,2.9136717460383377,3.396793738645587,2012-04-28,-0.4831219926072494
2007-2025,diag3/student_t_ar1_shared,2012Q2,2012-07-27,17,3.387592248710525,1.7973274732638431,2012-07-28,1.5902647754466817
2007-2025,diag3/student_t_ar1_shared,2012Q3,2012-10-26,17,2.3013299913895224,0.5773578286532466,2012-10-28,1.7239721627362758
2007-2025,diag3/student_t_ar1_shared,2012Q4,2013-01-25,17,2.470946165805832,0.4633651980530562,2013-01-28,2.0075809677527756
2007-2025,diag3/student_t_ar1_shared,2013Q1,2013-04-26,17,2.8485363996799684,4.005025807945661,2013-04-28,-1.156489408265693
2007-2025,diag3/student_t_ar1_shared,2013Q2,2013-07-26,17,2.1548497086864016,1.0748507650766292,2013-07-28,1.0799989436097723
2007-2025,diag3/student_t_ar1_shared,2013Q3,2013-10-25,17,3.1464643051421604,3.4493139225505898,2013-10-28,-0.3028496174084294
2007-2025,diag3/student_t_ar1_shared,2013Q4,2014-01-24,17,3.187148085432878,3.532828598657445,2014-01-28,-0.3456805132245666
2007-2025,diag3/student_t_ar1_shared,2014Q1,2014-04-25,17,3.327953849297516,-1.3732548917761769,2014-04-28,4.7012087410736925
2007-2025,diag3/student_t_ar1_shared,2014Q2,2014-07-25,17,3.8665068597284025,5.268365026582655,2014-07-28,-1.401858166854253
2007-2025,diag3/student_t_ar1_shared,2014Q3,2014-10-24,17,3.06461123125783,4.950916534930627,2014-10-28,-1.8863053036727973
2007-2025,diag3/student_t_ar1_shared,2014Q4,2015-01-23,17,3.48737153572698,2.0383303103057804,2015-01-28,1.4490412254211997
2007-2025,diag3/student_t_ar1_shared,2015Q1,2015-04-24,17,2.4087059810896205,3.650885031119766,2015-04-28,-1.2421790500301455
2007-2025,diag3/student_t_ar1_shared,2015Q2,2015-07-24,17,2.1988635330878026,2.500735310964308,2015-07-28,-0.3018717778765052
2007-2025,diag3/student_t_ar1_shared,2015Q3,2015-10-23,17,2.531185930353752,1.61061768429811,2015-10-28,0.9205682460556421
2007-2025,diag3/student_t_ar1_shared,2015Q4,2016-01-22,17,1.6508395114402274,0.7399609712167354,2016-01-28,0.910878540223492
2007-2025,diag3/student_t_ar1_shared,2016Q1,2016-04-22,17,1.3839668602715127,2.3383061524439253,2016-04-28,-0.9543392921724125
2007-2025,diag3/student_t_ar1_shared,2016Q2,2016-07-22,17,2.2320708248250165,1.290696770237454,2016-07-28,0.9413740545875624
2007-2025,diag3/student_t_ar1_shared,2016Q3,2016-10-21,17,2.385350060345748,2.8678981414693494,2016-10-28,-0.4825480811236016
2007-2025,diag3/student_t_ar1_shared,2016Q4,2017-01-27,17,2.462308497630828,2.235699518586598,2017-01-28,0.22660897904422983
2007-2025,diag3/student_t_ar1_shared,2017Q1,2017-04-21,16,3.259177412002301,1.9618307902452337,2017-04-28,1.2973466217570673
2007-2025,diag3/student_t_ar1_shared,2017Q2,2017-07-21,16,3.089200128798564,2.258367983115228,2017-07-28,0.8308321456833361
2007-2025,diag3/student_t_ar1_shared,2017Q3,2017-10-27,17,3.164093403755741,3.1915992394406345,2017-10-28,-0.027505835684893398
2007-2025,diag3/student_t_ar1_shared,2017Q4,2018-01-26,17,3.715126864603469,4.584974811729059,2018-01-28,-0.86984794712559
2007-2025,diag3/student_t_ar1_shared,2018Q1,2018-04-27,17,3.750296250676,3.293553047698339,2018-04-28,0.45674320297766124
2007-2025,diag3/student_t_ar1_shared,2018Q2,2018-07-27,17,3.691471780328781,2.140266992640893,2018-07-28,1.551204787687888
2007-2025,diag3/student_t_ar1_shared,2018Q3,2018-10-26,17,3.372696060547309,2.5182268082057035,2018-10-28,0.8544692523416053
2007-2025,diag3/student_t_ar1_shared,2018Q4,2019-01-25,17,3.13460922159301,0.5677817986818878,2019-01-28,2.566827422911122
2007-2025,diag3/student_t_ar1_shared,2019Q1,2019-04-26,17,2.327957214854659,2.520756202743435,2019-04-28,-0.19279898788877592
2007-2025,diag3/student_t_ar1_shared,2019Q2,2019-07-26,17,2.2742775814584397,3.382664959003589,2019-07-28,-1.1083873775451494
2007-2025,diag3/student_t_ar1_shared,2019Q3,2019-10-25,17,2.2699152265122318,4.762784209178728,2019-10-28,-2.492868982666496
2007-2025,diag3/student_t_ar1_shared,2019Q4,2020-01-24,17,1.7413945867430058,2.755535957854649,2020-01-28,-1.0141413711116432
2007-2025,diag3/student_t_ar1_shared,2020Q1,2020-04-24,17,1.909546675279583,-5.16223383893778,2020-04-28,7.071780514217363
2007-2025,diag3/student_t_ar1_shared,2020Q2,2020-07-24,17,-2.3782754728784106,-27.97614656719044,2020-07-28,25.59787109431203
2007-2025,diag3/student_t_ar1_shared,2020Q3,2020-10-23,17,18.50721941868394,34.85500597467652,2020-10-28,-16.347786555992585
2007-2025,diag3/student_t_ar1_shared,2020Q4,2021-01-22,17,3.726742775639447,4.611736044615711,2021-01-28,-0.8849932689762636
2007-2025,diag3/student_t_ar1_shared,2021Q1,2021-04-23,17,8.987056635889745,5.701255644273506,2021-04-28,3.285800991616239
2007-2025,diag3/student_t_ar1_shared,2021Q2,2021-07-23,17,4.954210182704788,6.983331307653917,2021-07-28,-2.029121124949129
2007-2025,diag3/student_t_ar1_shared,2023Q1,2023-04-21,16,2.173813481398046,2.926993175212877,2023-04-28,-0.7531796938148312
2007-2025,diag3/student_t_ar1_shared,2023Q2,2023-07-21,16,2.2047593370774665,2.5352403907615395,2023-07-28,-0.330481053684073
2007-2025,diag3/student_t_ar1_shared,2023Q3,2023-10-27,17,2.3776946519706854,4.694888429547928,2023-10-28,-2.317193777577242
2007-2025,diag3/student_t_ar1_shared,2023Q4,2024-01-26,17,1.9478792003272627,3.419215575294809,2024-01-28,-1.4713363749675463
2007-2025,diag3/student_t_ar1_shared,2024Q1,2024-04-26,17,2.564019146069718,0.8420915771010673,2024-04-28,1.7219275689686508
2007-2025,diag3/student_t_ar1_shared,2024Q2,2024-07-26,17,2.6664759770551827,3.5892686664036777,2024-07-28,-0.922792689348495
2007-2025,diag3/student_t_ar1_shared,2024Q3,2024-10-25,17,1.7809322403891104,3.340152501559479,2024-10-28,-1.5592202611703687
2007-2025,diag3/student_t_ar1_shared,2024Q4,2025-01-24,17,2.25089160773162,1.8522267738050768,2025-01-28,0.39866483392654306
2007-2025,diag3/student_t_ar1_shared,2025Q1,2025-04-25,17,2.4711959891545288,-0.6484826392524012,2025-04-28,3.11967862840693
2007-2025,diag3/student_t_ar1_shared,2025Q2,2025-07-25,17,2.161040409321635,3.838033233381988,2025-07-28,-1.676992824060353
2007-2025,diag3/student_t_ar1_shared,2025Q3,2025-10-24,17,1.5545532330377476,4.3753962528716,2025-10-28,-2.8208430198338528
2007-2025,mean,2006Q4,2007-01-26,17,3.1751536975980432,3.4823729200428755,2007-01-28,-0.30721922244483224
2007-2025,mean,2007Q1,2007-04-27,17,3.1786396966371644,1.2087836914185912,2007-04-28,1.9698560052185732
2007-2025,mean,2007Q2,2007-07-27,17,3.1562948943734126,2.4695947150627617,2007-07-28,0.6867001793106509
2007-2025,mean,2007Q3,2007-10-26,17,3.148639667126152,2.3240880884577653,2007-10-28,0.8245515786683866
2007-2025,mean,2007Q4,2008-01-25,17,3.1395426517476066,2.5367271478347497,2008-01-28,0.6028155039128569
2007-2025,mean,2008Q1,2008-04-25,17,3.132971295620801,-1.6961606735480972,2008-04-28,4.829131969168898
2007-2025,mean,2008Q2,2008-07-25,17,3.079803816808924,2.403069701864058,2008-07-28,0.6767341149448662
2007-2025,mean,2008Q3,2008-10-24,17,3.072581034600197,-2.0845363314131338,2008-10-28,5.157117366013331
2007-2025,mean,2008Q4,2009-01-23,17,3.016905506111378,-8.472768957225274,2009-01-28,11.489674463336652
2007-2025,mean,2009Q1,2009-04-24,17,2.8900833637129475,-4.462803810727223,2009-04-28,7.352887174440171
2007-2025,mean,2009Q2,2009-07-24,17,2.811465501519139,-0.7126911125331037,2009-07-28,3.524156614052243
2007-2025,mean,2009Q3,2009-10-23,17,2.7748804447588427,1.412187087697636,2009-10-28,1.3626933570612068
2007-2025,mean,2009Q4,2010-01-22,17,2.7610247323869963,4.394263592305325,2010-01-28,-1.633238859918329
2007-2025,mean,2010Q1,2010-04-23,17,2.777229967723094,1.952133820572155,2010-04-28,0.8250961471509388
2007-2025,mean,2010Q2,2010-07-23,17,2.769028058194345,3.926881074055233,2010-07-28,-1.157853015860888
2007-2025,mean,2010Q3,2010-10-22,17,2.7803167084278435,3.1201978026194954,2010-10-28,-0.3398810941916519
2007-2025,mean,2010Q4,2011-01-21,17,2.78361113364074,2.117043484228409,2011-01-28,0.6665676494123307
2007-2025,mean,2011Q1,2011-04-22,16,2.77718115749448,-0.9454489541211974,2011-04-28,3.7226301116156773
2007-2025,mean,2011Q2,2011-07-22,17,2.741075870813225,2.7339190839842376,2011-07-28,0.00715678682898746
2007-2025,mean,2011Q3,2011-10-21,17,2.7410083516268724,-0.0892210766206935,2011-10-28,2.830229428247566
2007-2025,mean,2011Q4,2012-01-27,17,2.714189955802349,4.568438742179692,2012-01-28,-1.8542487863773434
2007-2025,mean,2012Q1,2012-04-27,17,2.731207204262853,3.396793738645587,2012-04-28,-0.6655865343827343
2007-2025,mean,2012Q2,2012-07-27,17,2.7372939869952484,1.7973274732638431,2012-07-28,0.9399665137314053
2007-2025,mean,2012Q3,2012-10-26,17,2.7287098646819885,0.5773578286532466,2012-10-28,2.151352036028742
2007-2025,mean,2012Q4,2013-01-25,17,2.709124358500925,0.4633651980530562,2013-01-28,2.245759160447869
2007-2025,mean,2013Q1,2013-04-26,17,2.688852474931891,4.005025807945661,2013-04-28,-1.3161733330137704
2007-2025,mean,2013Q2,2013-07-26,17,2.700426666597555,1.0748507650766292,2013-07-28,1.625575901520926
2007-2025,mean,2013Q3,2013-10-25,17,2.686054177972008,3.4493139225505898,2013-10-28,-0.7632597445785816
2007-2025,mean,2013Q4,2014-01-24,17,2.6926668873126447,3.532828598657445,2014-01-28,-0.8401617113448001
2007-2025,mean,2014Q1,2014-04-25,17,2.699880446912184,-1.3732548917761769,2014-04-28,4.073135338688361
2007-2025,mean,2014Q2,2014-07-25,17,2.6643642989027327,5.268365026582655,2014-07-28,-2.6040007276799226
2007-2025,mean,2014Q3,2014-10-24,17,2.686159192738402,4.950916534930627,2014-10-28,-2.264757342192225
2007-2025,mean,2014Q4,2015-01-23,17,2.7049856563371444,2.0383303103057804,2015-01-28,0.666655346031364
2007-2025,mean,2015Q1,2015-04-24,17,2.69941223777006,3.650885031119766,2015-04-28,-0.9514727933497062
2007-2025,mean,2015Q2,2015-07-24,17,2.707239745169532,2.500735310964308,2015-07-28,0.20650443420522402
2007-2025,mean,2015Q3,2015-10-23,17,2.7055453959235587,1.61061768429811,2015-10-28,1.0949277116254488
2007-2025,mean,2015Q4,2016-01-22,17,2.6965961439464614,0.7399609712167354,2016-01-28,1.956635172729726
2007-2025,mean,2016Q1,2016-04-22,17,2.680665808374183,2.3383061524439253,2016-04-28,0.34235965593025774
2007-2025,mean,2016Q2,2016-07-22,17,2.6779223915958106,1.290696770237454,2016-07-28,1.3872256213583565
2007-2025,mean,2016Q3,2016-10-21,17,2.6668382127987837,2.8678981414693494,2016-10-28,-0.20105992867056566
2007-2025,mean,2016Q4,2017-01-27,17,2.6684198258489555,2.235699518586598,2017-01-28,0.43272030726235755
2007-2025,mean,2017Q1,2017-04-21,16,2.6650321100336827,1.9618307902452337,2017-04-28,0.703201319788449
2007-2025,mean,2017Q2,2017-07-21,16,2.659562328208498,2.258367983115228,2017-07-28,0.4011943450932698
2007-2025,mean,2017Q3,2017-10-27,17,2.65647021840143,3.1915992394406345,2017-10-28,-0.5351290210392046
2007-2025,mean,2017Q4,2018-01-26,17,2.660544643419449,4.584974811729059,2018-01-28,-1.92443016830961
2007-2025,mean,2018Q1,2018-04-27,17,2.6749897140616152,3.293553047698339,2018-04-28,-0.6185633336367236
2007-2025,mean,2018Q2,2018-07-27,17,2.679626717431849,2.140266992640893,2018-07-28,0.5393597247909558
2007-2025,mean,2018Q3,2018-10-26,17,2.67559111546678,2.5182268082057035,2018-10-28,0.15736430726107642
2007-2025,mean,2018Q4,2019-01-25,17,2.674424566377276,0.5677817986818878,2019-01-28,2.106642767695388
2007-2025,mean,2019Q1,2019-04-26,17,2.6587746214300267,2.520756202743435,2019-04-28,0.13801841868659182
2007-2025,mean,2019Q2,2019-07-26,17,2.657766514842841,3.382664959003589,2019-07-28,-0.7248984441607482
2007-2025,mean,2019Q3,2019-10-25,17,2.663001076281879,4.762784209178728,2019-10-28,-2.0997831328968486
2007-2025,mean,2019Q4,2020-01-24,17,2.6779561072466374,2.755535957854649,2020-01-28,-0.07757985060801165
2007-2025,mean,2020Q1,2020-04-24,17,2.678510041291249,-5.16223383893778,2020-04-28,7.840743880229029
2007-2025,mean,2020Q2,2020-07-24,17,2.620680363638006,-27.97614656719044,2020-07-28,30.596826930828446
2007-2025,mean,2020Q3,2020-10-23,17,2.365139605313371,34.85500597467652,2020-10-28,-32.48986636936315
2007-2025,mean,2020Q4,2021-01-22,17,2.562654075136539,4.611736044615711,2021-01-28,-2.0490819694791718
2007-2025,mean,2021Q1,2021-04-23,17,2.576744497457062,5.701255644273506,2021-04-28,-3.1245111468164444
2007-2025,mean,2021Q2,2021-07-23,17,2.5979733784725845,6.983331307653917,2021-07-28,-4.385357929181333
2007-2025,mean,2023Q1,2023-04-21,16,2.625800612630691,2.926993175212877,2023-04-28,-0.3011925625821861
2007-2025,mean,2023Q2,2023-07-21,16,2.6277663271827123,2.5352403907615395,2023-07-28,0.0925259364211728
2007-2025,mean,2023Q3,2023-10-27,17,2.6271652401720136,4.694888429547928,2023-10-28,-2.067723189375914
2007-2025,mean,2023Q4,2024-01-26,17,2.640373629847792,3.419215575294809,2024-01-28,-0.778841945447017
2007-2025,mean,2024Q1,2024-04-26,17,2.6453474802105914,0.8420915771010673,2024-04-28,1.803255903109524
2007-2025,mean,2024Q2,2024-07-26,17,2.633760341019764,3.5892686664036777,2024-07-28,-0.9555083253839136
2007-2025,mean,2024Q3,2024-10-25,17,2.639780061247632,3.340152501559479,2024-10-28,-0.7003724403118472
2007-2025,mean,2024Q4,2025-01-24,17,2.644170052772443,1.8522267738050768,2025-01-28,0.7919432789673664
2007-2025,mean,2025Q1,2025-04-25,17,2.639201334451569,-0.6484826392524012,2025-04-28,3.2876839737039703
2007-2025,mean,2025Q2,2025-07-25,17,2.6184488316527865,3.838033233381988,2025-07-28,-1.2195844017292017
2007-2025,mean,2025Q3,2025-10-24,17,2.625933019049742,4.3753962528716,2025-10-28,-1.7494632338218583
2007-2025,nyfed,2006Q4,2007-01-26,17,1.78,3.4823729200428755,2007-01-28,-1.7023729200428754
2007-2025,nyfed,2007Q1,2007-04-27,17,2.4,1.2087836914185912,2007-04-28,1.1912163085814087
2007-2025,nyfed,2007Q2,2007-07-27,17,3.25,2.4695947150627617,2007-07-28,0.7804052849372383
2007-2025,nyfed,2007Q3,2007-10-26,17,1.99,2.3240880884577653,2007-10-28,-0.3340880884577653
2007-2025,nyfed,2007Q4,2008-01-25,17,1.49,2.5367271478347497,2008-01-28,-1.0467271478347497
2007-2025,nyfed,2008Q1,2008-04-25,17,1.43,-1.6961606735480972,2008-04-28,3.126160673548097
2007-2025,nyfed,2008Q2,2008-07-25,17,1.99,2.403069701864058,2008-07-28,-0.4130697018640579
2007-2025,nyfed,2008Q3,2008-10-24,17,-0.52,-2.0845363314131338,2008-10-28,1.5645363314131338
2007-2025,nyfed,2008Q4,2009-01-23,17,-3.47,-8.472768957225274,2009-01-28,5.002768957225273
2007-2025,nyfed,2009Q1,2009-04-24,17,-3.57,-4.462803810727223,2009-04-28,0.8928038107272234
2007-2025,nyfed,2009Q2,2009-07-24,17,0.04,-0.7126911125331037,2009-07-28,0.7526911125331037
2007-2025,nyfed,2009Q3,2009-10-23,17,5.2,1.412187087697636,2009-10-28,3.787812912302364
2007-2025,nyfed,2009Q4,2010-01-22,17,4.32,4.394263592305325,2010-01-28,-0.07426359230532498
2007-2025,nyfed,2010Q1,2010-04-23,17,3.98,1.952133820572155,2010-04-28,2.027866179427845
2007-2025,nyfed,2010Q2,2010-07-23,17,4.96,3.926881074055233,2010-07-28,1.033118925944767
2007-2025,nyfed,2010Q3,2010-10-22,17,2.27,3.1201978026194954,2010-10-28,-0.8501978026194954
2007-2025,nyfed,2010Q4,2011-01-21,17,2.9,2.117043484228409,2011-01-28,0.7829565157715908
2007-2025,nyfed,2011Q1,2011-04-22,16,4.37,-0.9454489541211974,2011-04-28,5.315448954121198
2007-2025,nyfed,2011Q2,2011-07-22,17,3.17,2.7339190839842376,2011-07-28,0.4360809160157624
2007-2025,nyfed,2011Q3,2011-10-21,17,2.09,-0.0892210766206935,2011-10-28,2.1792210766206934
2007-2025,nyfed,2011Q4,2012-01-27,17,3.22,4.568438742179692,2012-01-28,-1.3484387421796922
2007-2025,nyfed,2012Q1,2012-04-27,17,3.28,3.396793738645587,2012-04-28,-0.11679373864558729
2007-2025,nyfed,2012Q2,2012-07-27,17,2.88,1.7973274732638431,2012-07-28,1.0826725267361568
2007-2025,nyfed,2012Q3,2012-10-26,17,1.64,0.5773578286532466,2012-10-28,1.0626421713467533
2007-2025,nyfed,2012Q4,2013-01-25,17,2.66,0.4633651980530562,2013-01-28,2.196634801946944
2007-2025,nyfed,2013Q1,2013-04-26,17,3.83,4.005025807945661,2013-04-28,-0.17502580794566125
2007-2025,nyfed,2013Q2,2013-07-26,17,1.95,1.0748507650766292,2013-07-28,0.8751492349233707
2007-2025,nyfed,2013Q3,2013-10-25,17,2.15,3.4493139225505898,2013-10-28,-1.2993139225505899
2007-2025,nyfed,2013Q4,2014-01-24,17,3.42,3.532828598657445,2014-01-28,-0.11282859865744488
2007-2025,nyfed,2014Q1,2014-04-25,17,2.23,-1.3732548917761769,2014-04-28,3.603254891776177
2007-2025,nyfed,2014Q2,2014-07-25,17,3.07,5.268365026582655,2014-07-28,-2.1983650265826555
2007-2025,nyfed,2014Q3,2014-10-24,17,2.2,4.950916534930627,2014-10-28,-2.750916534930627
2007-2025,nyfed,2014Q4,2015-01-23,17,2.56,2.0383303103057804,2015-01-28,0.5216696896942197
2007-2025,nyfed,2015Q1,2015-04-24,17,0.64,3.650885031119766,2015-04-28,-3.010885031119766
2007-2025,nyfed,2015Q2,2015-07-24,17,2.2,2.500735310964308,2015-07-28,-0.3007353109643076
2007-2025,nyfed,2015Q3,2015-10-23,17,2.02,1.61061768429811,2015-10-28,0.4093823157018901
2007-2025,nyfed,2015Q4,2016-01-22,17,1.42,0.7399609712167354,2016-01-28,0.6800390287832645
2007-2025,nyfed,2016Q1,2016-04-22,17,0.7,2.3383061524439253,2016-04-28,-1.6383061524439253
2007-2025,nyfed,2016Q2,2016-07-22,17,2.17,1.290696770237454,2016-07-28,0.8793032297625458
2007-2025,nyfed,2016Q3,2016-10-21,17,2.22,2.8678981414693494,2016-10-28,-0.6478981414693492
2007-2025,nyfed,2016Q4,2017-01-27,17,2.02,2.235699518586598,2017-01-28,-0.21569951858659797
2007-2025,nyfed,2017Q1,2017-04-21,16,2.65,1.9618307902452337,2017-04-28,0.6881692097547663
2007-2025,nyfed,2017Q2,2017-07-21,16,2.04,2.258367983115228,2017-07-28,-0.2183679831152281
2007-2025,nyfed,2017Q3,2017-10-27,17,1.6,3.1915992394406345,2017-10-28,-1.5915992394406344
2007-2025,nyfed,2017Q4,2018-01-26,17,3.88,4.584974811729059,2018-01-28,-0.7049748117290591
2007-2025,nyfed,2018Q1,2018-04-27,17,2.97,3.293553047698339,2018-04-28,-0.3235530476983386
2007-2025,nyfed,2018Q2,2018-07-27,17,2.78,2.140266992640893,2018-07-28,0.6397330073591068
2007-2025,nyfed,2018Q3,2018-10-26,17,2.18,2.5182268082057035,2018-10-28,-0.3382268082057034
2007-2025,nyfed,2018Q4,2019-01-25,17,2.57,0.5677817986818878,2019-01-28,2.002218201318112
2007-2025,nyfed,2019Q1,2019-04-26,17,1.43,2.520756202743435,2019-04-28,-1.090756202743435
2007-2025,nyfed,2019Q2,2019-07-26,17,1.5,3.382664959003589,2019-07-28,-1.882664959003589
2007-2025,nyfed,2019Q3,2019-10-25,17,1.91,4.762784209178728,2019-10-28,-2.8527842091787274
2007-2025,nyfed,2019Q4,2020-01-24,17,1.22,2.755535957854649,2020-01-28,-1.535535957854649
2007-2025,nyfed,2020Q1,2020-04-24,17,-0.4,-5.16223383893778,2020-04-28,4.76223383893778
2007-2025,nyfed,2020Q2,2020-07-24,17,-14.27,-27.97614656719044,2020-07-28,13.70614656719044
2007-2025,nyfed,2020Q3,2020-10-23,17,13.75,34.85500597467652,2020-10-28,-21.105005974676523
2007-2025,nyfed,2020Q4,2021-01-22,17,2.58,4.611736044615711,2021-01-28,-2.0317360446157107
2007-2025,nyfed,2021Q1,2021-04-23,17,6.86,5.701255644273506,2021-04-28,1.158744355726494
2007-2025,nyfed,2021Q2,2021-07-23,17,3.16,6.983331307653917,2021-07-28,-3.823331307653917
2007-2025,nyfed,2023Q1,2023-04-21,16,1.72,2.926993175212877,2023-04-28,-1.206993175212877
2007-2025,nyfed,2023Q2,2023-07-21,16,1.08,2.5352403907615395,2023-07-28,-1.4552403907615394
2007-2025,nyfed,2023Q3,2023-10-27,17,2.58,4.694888429547928,2023-10-28,-2.1148884295479276
2007-2025,nyfed,2023Q4,2024-01-26,17,2.41,3.419215575294809,2024-01-28,-1.0092155752948089
2007-2025,nyfed,2024Q1,2024-04-26,17,2.251,0.8420915771010673,2024-04-28,1.4089084228989326
2007-2025,nyfed,2024Q2,2024-07-26,17,2.015,3.5892686664036777,2024-07-28,-1.5742686664036776
2007-2025,nyfed,2024Q3,2024-10-25,17,2.912,3.340152501559479,2024-10-28,-0.42815250155947915
2007-2025,nyfed,2024Q4,2025-01-24,17,2.563,1.8522267738050768,2025-01-28,0.7107732261949233
2007-2025,nyfed,2025Q1,2025-04-25,17,2.631,-0.6484826392524012,2025-04-28,3.279482639252401
2007-2025,nyfed,2025Q2,2025-07-25,17,1.68,3.838033233381988,2025-07-28,-2.158033233381988
2007-2025,nyfed,2025Q3,2025-10-24,17,2.35,4.3753962528716,2025-10-28,-2.0253962528716003
2007-2010,ar2,2006Q4,2007-01-26,17,2.127497985150306,3.4823729200428755,2007-01-28,-1.3548749348925693
2007-2010,ar2,2007Q1,2007-04-27,17,2.516511589836967,1.2087836914185912,2007-04-28,1.307727898418376
2007-2010,ar2,2007Q2,2007-07-27,17,2.937161396232701,2.4695947150627617,2007-07-28,0.46756668116993927
2007-2010,ar2,2007Q3,2007-10-26,17,2.487227248044221,2.3240880884577653,2007-10-28,0.16313915958645575
2007-2010,ar2,2007Q4,2008-01-25,17,2.8191159407213284,2.5367271478347497,2008-01-28,0.2823887928865787
2007-2010,ar2,2008Q1,2008-04-25,17,2.8083036045044363,-1.6961606735480972,2008-04-28,4.5044642780525335
2007-2010,ar2,2008Q2,2008-07-25,17,2.1005471682024046,2.403069701864058,2008-07-28,-0.30252253366165327
2007-2010,ar2,2008Q3,2008-10-24,17,1.5415421479588076,-2.0845363314131338,2008-10-28,3.6260784793719414
2007-2010,ar2,2008Q4,2009-01-23,17,1.973709429524506,-8.472768957225274,2009-01-28,10.44647838674978
2007-2010,ar2,2009Q1,2009-04-24,17,-2.184797334212085,-4.462803810727223,2009-04-28,2.278006476515138
2007-2010,ar2,2009Q2,2009-07-24,17,-3.524028842602578,-0.7126911125331037,2009-07-28,-2.811337730069474
2007-2010,ar2,2009Q3,2009-10-23,17,-0.4139740374448641,1.412187087697636,2009-10-28,-1.8261611251425
2007-2010,ar2,2009Q4,2010-01-22,17,1.429736113434199,4.394263592305325,2010-01-28,-2.964527478871126
2007-2010,ar2,2010Q1,2010-04-23,17,2.9885811432554865,1.952133820572155,2010-04-28,1.0364473226833315
2007-2010,ar2,2010Q2,2010-07-23,17,2.900231154384425,3.926881074055233,2010-07-28,-1.0266499196708079
2007-2010,ar2,2010Q3,2010-10-22,17,2.9525600639850103,3.1201978026194954,2010-10-28,-0.16763773863448517
2007-2010,diag3/gaussian,2006Q4,2007-01-26,17,3.290534140563284,3.4823729200428755,2007-01-28,-0.19183877947959127
2007-2010,diag3/gaussian,2007Q1,2007-04-27,17,3.178417713977621,1.2087836914185912,2007-04-28,1.9696340225590299
2007-2010,diag3/gaussian,2007Q2,2007-07-27,17,3.3266837970720164,2.4695947150627617,2007-07-28,0.8570890820092547
2007-2010,diag3/gaussian,2007Q3,2007-10-26,17,3.2337422024450118,2.3240880884577653,2007-10-28,0.9096541139872465
2007-2010,diag3/gaussian,2007Q4,2008-01-25,17,3.1043065767372813,2.5367271478347497,2008-01-28,0.5675794289025315
2007-2010,diag3/gaussian,2008Q1,2008-04-25,17,2.7077346856139384,-1.6961606735480972,2008-04-28,4.403895359162036
2007-2010,diag3/gaussian,2008Q2,2008-07-25,17,2.418581900280703,2.403069701864058,2008-07-28,0.015512198416645084
2007-2010,diag3/gaussian,2008Q3,2008-10-24,17,2.2986046886239064,-2.0845363314131338,2008-10-28,4.383141020037041
2007-2010,diag3/gaussian,2008Q4,2009-01-23,17,0.2370374500733296,-8.472768957225274,2009-01-28,8.709806407298602
2007-2010,diag3/gaussian,2009Q1,2009-04-24,17,-2.342990633096376,-4.462803810727223,2009-04-28,2.119813177630847
2007-2010,diag3/gaussian,2009Q2,2009-07-24,17,-1.4229479793884892,-0.7126911125331037,2009-07-28,-0.7102568668553855
2007-2010,diag3/gaussian,2009Q3,2009-10-23,17,1.301219154701183,1.412187087697636,2009-10-28,-0.1109679329964528
2007-2010,diag3/gaussian,2009Q4,2010-01-22,17,3.20691404375344,4.394263592305325,2010-01-28,-1.1873495485518855
2007-2010,diag3/gaussian,2010Q1,2010-04-23,17,3.97673473561595,1.952133820572155,2010-04-28,2.024600915043795
2007-2010,diag3/gaussian,2010Q2,2010-07-23,17,4.618013454991399,3.926881074055233,2010-07-28,0.6911323809361658
2007-2010,diag3/gaussian,2010Q3,2010-10-22,17,4.256298020731508,3.1201978026194954,2010-10-28,1.1361002181120128
2007-2010,diag3/gaussian_ar1,2006Q4,2007-01-26,17,3.0945283403984725,3.4823729200428755,2007-01-28,-0.387844579644403
2007-2010,diag3/gaussian_ar1,2007Q1,2007-04-27,17,3.050966171806735,1.2087836914185912,2007-04-28,1.8421824803881437
2007-2010,diag3/gaussian_ar1,2007Q2,2007-07-27,17,3.616491991674176,2.4695947150627617,2007-07-28,1.1468972766114143
2007-2010,diag3/gaussian_ar1,2007Q3,2007-10-26,17,2.854652962210058,2.3240880884577653,2007-10-28,0.5305648737522928
2007-2010,diag3/gaussian_ar1,2007Q4,2008-01-25,17,3.116052813407588,2.5367271478347497,2008-01-28,0.5793256655728385
2007-2010,diag3/gaussian_ar1,2008Q1,2008-04-25,17,2.7759201948579726,-1.6961606735480972,2008-04-28,4.47208086840607
2007-2010,diag3/gaussian_ar1,2008Q2,2008-07-25,17,2.469746655965688,2.403069701864058,2008-07-28,0.06667695410163033
2007-2010,diag3/gaussian_ar1,2008Q3,2008-10-24,17,1.0797206742989784,-2.0845363314131338,2008-10-28,3.164257005712112
2007-2010,diag3/gaussian_ar1,2008Q4,2009-01-23,17,-2.16616304515983,-8.472768957225274,2009-01-28,6.306605912065443
2007-2010,diag3/gaussian_ar1,2009Q1,2009-04-24,17,-7.148466906540973,-4.462803810727223,2009-04-28,-2.6856630958137497
2007-2010,diag3/gaussian_ar1,2009Q2,2009-07-24,17,-3.9441620318114263,-0.7126911125331037,2009-07-28,-3.2314709192783226
2007-2010,diag3/gaussian_ar1,2009Q3,2009-10-23,17,1.141665178896134,1.412187087697636,2009-10-28,-0.27052190880150184
2007-2010,diag3/gaussian_ar1,2009Q4,2010-01-22,17,3.373881440333037,4.394263592305325,2010-01-28,-1.0203821519722882
2007-2010,diag3/gaussian_ar1,2010Q1,2010-04-23,17,4.115519162069958,1.952133820572155,2010-04-28,2.1633853414978033
2007-2010,diag3/gaussian_ar1,2010Q2,2010-07-23,17,4.953236542297823,3.926881074055233,2010-07-28,1.0263554682425902
2007-2010,diag3/gaussian_ar1,2010Q3,2010-10-22,17,3.7705652028303223,3.1201978026194954,2010-10-28,0.6503674002108268
2007-2010,diag3/student_t,2006Q4,2007-01-26,17,3.2750051572354,3.4823729200428755,2007-01-28,-0.2073677628074755
2007-2010,diag3/student_t,2007Q1,2007-04-27,17,3.2041079090442848,1.2087836914185912,2007-04-28,1.9953242176256936
2007-2010,diag3/student_t,2007Q2,2007-07-27,17,3.33236049984742,2.4695947150627617,2007-07-28,0.8627657847846582
2007-2010,diag3/student_t,2007Q3,2007-10-26,17,3.2538863811070184,2.3240880884577653,2007-10-28,0.9297982926492532
2007-2010,diag3/student_t,2007Q4,2008-01-25,17,3.119451313055865,2.5367271478347497,2008-01-28,0.5827241652211153
2007-2010,diag3/student_t,2008Q1,2008-04-25,17,2.7301769625368344,-1.6961606735480972,2008-04-28,4.426337636084932
2007-2010,diag3/student_t,2008Q2,2008-07-25,17,2.4532825239662825,2.403069701864058,2008-07-28,0.05021282210222466
2007-2010,diag3/student_t,2008Q3,2008-10-24,17,2.315155157590376,-2.0845363314131338,2008-10-28,4.39969148900351
2007-2010,diag3/student_t,2008Q4,2009-01-23,17,0.5656332197842673,-8.472768957225274,2009-01-28,9.03840217700954
2007-2010,diag3/student_t,2009Q1,2009-04-24,17,-1.1214183071626138,-4.462803810727223,2009-04-28,3.3413855035646094
2007-2010,diag3/student_t,2009Q2,2009-07-24,17,-0.6399480068328689,-0.7126911125331037,2009-07-28,0.07274310570023479
2007-2010,diag3/student_t,2009Q3,2009-10-23,17,1.5488742305733938,1.412187087697636,2009-10-28,0.1366871428757579
2007-2010,diag3/student_t,2009Q4,2010-01-22,17,3.099300783652059,4.394263592305325,2010-01-28,-1.294962808653266
2007-2010,diag3/student_t,2010Q1,2010-04-23,17,3.73618846302608,1.952133820572155,2010-04-28,1.784054642453925
2007-2010,diag3/student_t,2010Q2,2010-07-23,17,4.162079020575127,3.926881074055233,2010-07-28,0.2351979465198939
2007-2010,diag3/student_t,2010Q3,2010-10-22,17,3.9877716067031166,3.1201978026194954,2010-10-28,0.8675738040836212
2007-2010,diag3/student_t_ar1,2006Q4,2007-01-26,17,2.84282613920106,3.4823729200428755,2007-01-28,-0.6395467808418154
2007-2010,diag3/student_t_ar1,2007Q1,2007-04-27,17,3.349428802571897,1.2087836914185912,2007-04-28,2.140645111153306
2007-2010,diag3/student_t_ar1,2007Q2,2007-07-27,17,3.140326284893691,2.4695947150627617,2007-07-28,0.6707315698309291
2007-2010,diag3/student_t_ar1,2007Q3,2007-10-26,17,2.836899379550739,2.3240880884577653,2007-10-28,0.5128112910929739
2007-2010,diag3/student_t_ar1,2007Q4,2008-01-25,17,3.115285065661721,2.5367271478347497,2008-01-28,0.5785579178269713
2007-2010,diag3/student_t_ar1,2008Q1,2008-04-25,17,2.7420765825783238,-1.6961606735480972,2008-04-28,4.4382372561264205
2007-2010,diag3/student_t_ar1,2008Q2,2008-07-25,17,2.4281513016250145,2.403069701864058,2008-07-28,0.025081599760956585
2007-2010,diag3/student_t_ar1,2008Q3,2008-10-24,17,1.0129097640599882,-2.0845363314131338,2008-10-28,3.097446095473122
2007-2010,diag3/student_t_ar1,2008Q4,2009-01-23,17,-1.3119238101627628,-8.472768957225274,2009-01-28,7.160845147062511
2007-2010,diag3/student_t_ar1,2009Q1,2009-04-24,17,-7.042436740372482,-4.462803810727223,2009-04-28,-2.5796329296452587
2007-2010,diag3/student_t_ar1,2009Q2,2009-07-24,17,-3.850347596597825,-0.7126911125331037,2009-07-28,-3.1376564840647214
2007-2010,diag3/student_t_ar1,2009Q3,2009-10-23,17,1.3027363507599254,1.412187087697636,2009-10-28,-0.10945073693771046
2007-2010,diag3/student_t_ar1,2009Q4,2010-01-22,17,3.698600804613572,4.394263592305325,2010-01-28,-0.6956627876917532
2007-2010,diag3/student_t_ar1,2010Q1,2010-04-23,17,4.332532006761025,1.952133820572155,2010-04-28,2.38039818618887
2007-2010,diag3/student_t_ar1,2010Q2,2010-07-23,17,5.018167756622738,3.926881074055233,2010-07-28,1.091286682567505
2007-2010,diag3/student_t_ar1,2010Q3,2010-10-22,17,3.861846620898435,3.1201978026194954,2010-10-28,0.7416488182789394
2007-2010,diag3/student_t_ar1_shared,2006Q4,2007-01-26,17,2.7741513986677235,3.4823729200428755,2007-01-28,-0.7082215213751519
2007-2010,diag3/student_t_ar1_shared,2007Q1,2007-04-27,17,3.300484985257812,1.2087836914185912,2007-04-28,2.091701293839221
2007-2010,diag3/student_t_ar1_shared,2007Q2,2007-07-27,17,3.739523295177105,2.4695947150627617,2007-07-28,1.2699285801143434
2007-2010,diag3/student_t_ar1_shared,2007Q3,2007-10-26,17,2.868345133712036,2.3240880884577653,2007-10-28,0.5442570452542705
2007-2010,diag3/student_t_ar1_shared,2007Q4,2008-01-25,17,3.1290240337515263,2.5367271478347497,2008-01-28,0.5922968859167765
2007-2010,diag3/student_t_ar1_shared,2008Q1,2008-04-25,17,2.716486469243096,-1.6961606735480972,2008-04-28,4.412647142791194
2007-2010,diag3/student_t_ar1_shared,2008Q2,2008-07-25,17,2.6102684463535475,2.403069701864058,2008-07-28,0.2071987444894896
2007-2010,diag3/student_t_ar1_shared,2008Q3,2008-10-24,17,1.457822469601333,-2.0845363314131338,2008-10-28,3.542358801014467
2007-2010,diag3/student_t_ar1_shared,2008Q4,2009-01-23,17,-0.4948896998419272,-8.472768957225274,2009-01-28,7.977879257383346
2007-2010,diag3/student_t_ar1_shared,2009Q1,2009-04-24,17,-4.472909057485008,-4.462803810727223,2009-04-28,-0.010105246757785125
2007-2010,diag3/student_t_ar1_shared,2009Q2,2009-07-24,17,-2.521177096488869,-0.7126911125331037,2009-07-28,-1.8084859839557654
2007-2010,diag3/student_t_ar1_shared,2009Q3,2009-10-23,17,0.8522835455642142,1.412187087697636,2009-10-28,-0.5599035421334217
2007-2010,diag3/student_t_ar1_shared,2009Q4,2010-01-22,17,2.9084509978868134,4.394263592305325,2010-01-28,-1.4858125944185119
2007-2010,diag3/student_t_ar1_shared,2010Q1,2010-04-23,17,3.6966556782303206,1.952133820572155,2010-04-28,1.7445218576581656
2007-2010,diag3/student_t_ar1_shared,2010Q2,2010-07-23,17,4.624432493890174,3.926881074055233,2010-07-28,0.6975514198349408
2007-2010,diag3/student_t_ar1_shared,2010Q3,2010-10-22,17,3.3460920932148808,3.1201978026194954,2010-10-28,0.22589429059538535
2007-2010,mean,2006Q4,2007-01-26,17,3.1751536975980432,3.4823729200428755,2007-01-28,-0.30721922244483224
2007-2010,mean,2007Q1,2007-04-27,17,3.1786396966371644,1.2087836914185912,2007-04-28,1.9698560052185732
2007-2010,mean,2007Q2,2007-07-27,17,3.1562948943734126,2.4695947150627617,2007-07-28,0.6867001793106509
2007-2010,mean,2007Q3,2007-10-26,17,3.148639667126152,2.3240880884577653,2007-10-28,0.8245515786683866
2007-2010,mean,2007Q4,2008-01-25,17,3.1395426517476066,2.5367271478347497,2008-01-28,0.6028155039128569
2007-2010,mean,2008Q1,2008-04-25,17,3.132971295620801,-1.6961606735480972,2008-04-28,4.829131969168898
2007-2010,mean,2008Q2,2008-07-25,17,3.079803816808924,2.403069701864058,2008-07-28,0.6767341149448662
2007-2010,mean,2008Q3,2008-10-24,17,3.072581034600197,-2.0845363314131338,2008-10-28,5.157117366013331
2007-2010,mean,2008Q4,2009-01-23,17,3.016905506111378,-8.472768957225274,2009-01-28,11.489674463336652
2007-2010,mean,2009Q1,2009-04-24,17,2.8900833637129475,-4.462803810727223,2009-04-28,7.352887174440171
2007-2010,mean,2009Q2,2009-07-24,17,2.811465501519139,-0.7126911125331037,2009-07-28,3.524156614052243
2007-2010,mean,2009Q3,2009-10-23,17,2.7748804447588427,1.412187087697636,2009-10-28,1.3626933570612068
2007-2010,mean,2009Q4,2010-01-22,17,2.7610247323869963,4.394263592305325,2010-01-28,-1.633238859918329
2007-2010,mean,2010Q1,2010-04-23,17,2.777229967723094,1.952133820572155,2010-04-28,0.8250961471509388
2007-2010,mean,2010Q2,2010-07-23,17,2.769028058194345,3.926881074055233,2010-07-28,-1.157853015860888
2007-2010,mean,2010Q3,2010-10-22,17,2.7803167084278435,3.1201978026194954,2010-10-28,-0.3398810941916519
2007-2010,nyfed,2006Q4,2007-01-26,17,1.78,3.4823729200428755,2007-01-28,-1.7023729200428754
2007-2010,nyfed,2007Q1,2007-04-27,17,2.4,1.2087836914185912,2007-04-28,1.1912163085814087
2007-2010,nyfed,2007Q2,2007-07-27,17,3.25,2.4695947150627617,2007-07-28,0.7804052849372383
2007-2010,nyfed,2007Q3,2007-10-26,17,1.99,2.3240880884577653,2007-10-28,-0.3340880884577653
2007-2010,nyfed,2007Q4,2008-01-25,17,1.49,2.5367271478347497,2008-01-28,-1.0467271478347497
2007-2010,nyfed,2008Q1,2008-04-25,17,1.43,-1.6961606735480972,2008-04-28,3.126160673548097
2007-2010,nyfed,2008Q2,2008-07-25,17,1.99,2.403069701864058,2008-07-28,-0.4130697018640579
2007-2010,nyfed,2008Q3,2008-10-24,17,-0.52,-2.0845363314131338,2008-10-28,1.5645363314131338
2007-2010,nyfed,2008Q4,2009-01-23,17,-3.47,-8.472768957225274,2009-01-28,5.002768957225273
2007-2010,nyfed,2009Q1,2009-04-24,17,-3.57,-4.462803810727223,2009-04-28,0.8928038107272234
2007-2010,nyfed,2009Q2,2009-07-24,17,0.04,-0.7126911125331037,2009-07-28,0.7526911125331037
2007-2010,nyfed,2009Q3,2009-10-23,17,5.2,1.412187087697636,2009-10-28,3.787812912302364
2007-2010,nyfed,2009Q4,2010-01-22,17,4.32,4.394263592305325,2010-01-28,-0.07426359230532498
2007-2010,nyfed,2010Q1,2010-04-23,17,3.98,1.952133820572155,2010-04-28,2.027866179427845
2007-2010,nyfed,2010Q2,2010-07-23,17,4.96,3.926881074055233,2010-07-28,1.033118925944767
2007-2010,nyfed,2010Q3,2010-10-22,17,2.27,3.1201978026194954,2010-10-28,-0.8501978026194954
2019-2021,ar2,2018Q4,2019-01-25,17,2.512598416759926,0.5677817986818878,2019-01-28,1.944816618078038
2019-2021,ar2,2019Q1,2019-04-26,17,2.032211278785878,2.520756202743435,2019-04-28,-0.4885449239575568
2019-2021,ar2,2019Q2,2019-07-26,17,2.135412033584516,3.382664959003589,2019-07-28,-1.247252925419073
2019-2021,ar2,2019Q3,2019-10-25,17,2.840725874329819,4.762784209178728,2019-10-28,-1.9220583348489084
2019-2021,ar2,2019Q4,2020-01-24,17,3.438357578058948,2.755535957854649,2020-01-28,0.6828216202042992
2019-2021,ar2,2020Q1,2020-04-24,17,3.176729956837687,-5.16223383893778,2020-04-28,8.338963795775467
2019-2021,ar2,2020Q2,2020-07-24,17,0.3034144098293501,-27.97614656719044,2020-07-28,28.27956097701979
2019-2021,ar2,2020Q3,2020-10-23,17,-19.350866856141312,34.85500597467652,2020-10-28,-54.20587283081784
2019-2021,ar2,2020Q4,2021-01-22,17,-9.735638262251468,4.611736044615711,2021-01-28,-14.347374306867179
2019-2021,ar2,2021Q1,2021-04-23,17,0.4068421842126302,5.701255644273506,2021-04-28,-5.294413460060876
2019-2021,ar2,2021Q2,2021-07-23,17,2.1496247269456648,6.983331307653917,2021-07-28,-4.833706580708252
2019-2021,diag3/gaussian,2018Q4,2019-01-25,17,4.026099280461315,0.5677817986818878,2019-01-28,3.458317481779427
2019-2021,diag3/gaussian,2019Q1,2019-04-26,17,3.347201875139993,2.520756202743435,2019-04-28,0.8264456723965581
2019-2021,diag3/gaussian,2019Q2,2019-07-26,17,2.941860967464449,3.382664959003589,2019-07-28,-0.44080399153913996
2019-2021,diag3/gaussian,2019Q3,2019-10-25,17,2.401230535374532,4.762784209178728,2019-10-28,-2.361553673804196
2019-2021,diag3/gaussian,2019Q4,2020-01-24,17,1.912092124707243,2.755535957854649,2020-01-28,-0.8434438331474059
2019-2021,diag3/gaussian,2020Q1,2020-04-24,17,1.8612629379594736,-5.16223383893778,2020-04-28,7.023496776897254
2019-2021,diag3/gaussian,2020Q2,2020-07-24,17,-0.7932761689494194,-27.97614656719044,2020-07-28,27.182870398241022
2019-2021,diag3/gaussian,2020Q3,2020-10-23,17,2.549494663419538,34.85500597467652,2020-10-28,-32.305511311256986
2019-2021,diag3/gaussian,2020Q4,2021-01-22,17,4.341544774343964,4.611736044615711,2021-01-28,-0.27019127027174683
2019-2021,diag3/gaussian,2021Q1,2021-04-23,17,5.17456892216448,5.701255644273506,2021-04-28,-0.5266867221090266
2019-2021,diag3/gaussian,2021Q2,2021-07-23,17,6.105759475971273,6.983331307653917,2021-07-28,-0.8775718316826442
2019-2021,diag3/gaussian_ar1,2018Q4,2019-01-25,17,3.1008223632255527,0.5677817986818878,2019-01-28,2.533040564543665
2019-2021,diag3/gaussian_ar1,2019Q1,2019-04-26,17,2.2771759173344286,2.520756202743435,2019-04-28,-0.24358028540900634
2019-2021,diag3/gaussian_ar1,2019Q2,2019-07-26,17,2.1014793895503647,3.382664959003589,2019-07-28,-1.2811855694532244
2019-2021,diag3/gaussian_ar1,2019Q3,2019-10-25,17,2.1725109332791703,4.762784209178728,2019-10-28,-2.5902732758995572
2019-2021,diag3/gaussian_ar1,2019Q4,2020-01-24,17,1.7085069233877537,2.755535957854649,2020-01-28,-1.0470290344668953
2019-2021,diag3/gaussian_ar1,2020Q1,2020-04-24,17,0.6560051209010487,-5.16223383893778,2020-04-28,5.818238959838829
2019-2021,diag3/gaussian_ar1,2020Q2,2020-07-24,17,-10.01626042689544,-27.97614656719044,2020-07-28,17.959886140294998
2019-2021,diag3/gaussian_ar1,2020Q3,2020-10-23,17,23.5972551711658,34.85500597467652,2020-10-28,-11.257750803510724
2019-2021,diag3/gaussian_ar1,2020Q4,2021-01-22,17,8.02504134110511,4.611736044615711,2021-01-28,3.4133052964893995
2019-2021,diag3/gaussian_ar1,2021Q1,2021-04-23,17,3.757475213352146,5.701255644273506,2021-04-28,-1.9437804309213602
2019-2021,diag3/gaussian_ar1,2021Q2,2021-07-23,17,7.14988568788606,6.983331307653917,2021-07-28,0.1665543802321432
2019-2021,diag3/student_t,2018Q4,2019-01-25,17,3.803395237190088,0.5677817986818878,2019-01-28,3.2356134385082003
2019-2021,diag3/student_t,2019Q1,2019-04-26,17,3.2475743280562464,2.520756202743435,2019-04-28,0.7268181253128114
2019-2021,diag3/student_t,2019Q2,2019-07-26,17,2.8758566958596354,3.382664959003589,2019-07-28,-0.5068082631439537
2019-2021,diag3/student_t,2019Q3,2019-10-25,17,2.4320040050219927,4.762784209178728,2019-10-28,-2.330780204156735
2019-2021,diag3/student_t,2019Q4,2020-01-24,17,2.026339712399161,2.755535957854649,2020-01-28,-0.7291962454554879
2019-2021,diag3/student_t,2020Q1,2020-04-24,17,2.042195631283117,-5.16223383893778,2020-04-28,7.204429470220897
2019-2021,diag3/student_t,2020Q2,2020-07-24,17,0.3178568830693118,-27.97614656719044,2020-07-28,28.29400345025975
2019-2021,diag3/student_t,2020Q3,2020-10-23,17,2.7258252777497383,34.85500597467652,2020-10-28,-32.12918069692678
2019-2021,diag3/student_t,2020Q4,2021-01-22,17,3.673399187523119,4.611736044615711,2021-01-28,-0.9383368570925916
2019-2021,diag3/student_t,2021Q1,2021-04-23,17,4.170294138784825,5.701255644273506,2021-04-28,-1.5309615054886816
2019-2021,diag3/student_t,2021Q2,2021-07-23,17,4.365611961056048,6.983331307653917,2021-07-28,-2.6177193465978688
2019-2021,diag3/student_t_ar1,2018Q4,2019-01-25,17,3.0384707929396626,0.5677817986818878,2019-01-28,2.4706889942577748
2019-2021,diag3/student_t_ar1,2019Q1,2019-04-26,17,2.2527092761270184,2.520756202743435,2019-04-28,-0.2680469266164165
2019-2021,diag3/student_t_ar1,2019Q2,2019-07-26,17,2.036598492906916,3.382664959003589,2019-07-28,-1.3460664660966732
2019-2021,diag3/student_t_ar1,2019Q3,2019-10-25,17,2.127928957650793,4.762784209178728,2019-10-28,-2.6348552515279344
2019-2021,diag3/student_t_ar1,2019Q4,2020-01-24,17,1.7016203165342023,2.755535957854649,2020-01-28,-1.0539156413204467
2019-2021,diag3/student_t_ar1,2020Q1,2020-04-24,17,1.6877277848898808,-5.16223383893778,2020-04-28,6.849961623827661
2019-2021,diag3/student_t_ar1,2020Q2,2020-07-24,17,-0.7168532499573721,-27.97614656719044,2020-07-28,27.25929331723307
2019-2021,diag3/student_t_ar1,2020Q3,2020-10-23,17,10.122791948892315,34.85500597467652,2020-10-28,-24.73221402578421
2019-2021,diag3/student_t_ar1,2020Q4,2021-01-22,17,1.5032880176091945,4.611736044615711,2021-01-28,-3.1084480270065162
2019-2021,diag3/student_t_ar1,2021Q1,2021-04-23,17,10.109922488492874,5.701255644273506,2021-04-28,4.4086668442193675
2019-2021,diag3/student_t_ar1,2021Q2,2021-07-23,17,7.6303202652711954,6.983331307653917,2021-07-28,0.6469889576172783
2019-2021,diag3/student_t_ar1_shared,2018Q4,2019-01-25,17,3.13460922159301,0.5677817986818878,2019-01-28,2.566827422911122
2019-2021,diag3/student_t_ar1_shared,2019Q1,2019-04-26,17,2.327957214854659,2.520756202743435,2019-04-28,-0.19279898788877592
2019-2021,diag3/student_t_ar1_shared,2019Q2,2019-07-26,17,2.2742775814584397,3.382664959003589,2019-07-28,-1.1083873775451494
2019-2021,diag3/student_t_ar1_shared,2019Q3,2019-10-25,17,2.2699152265122318,4.762784209178728,2019-10-28,-2.492868982666496
2019-2021,diag3/student_t_ar1_shared,2019Q4,2020-01-24,17,1.7413945867430058,2.755535957854649,2020-01-28,-1.0141413711116432
2019-2021,diag3/student_t_ar1_shared,2020Q1,2020-04-24,17,1.909546675279583,-5.16223383893778,2020-04-28,7.071780514217363
2019-2021,diag3/student_t_ar1_shared,2020Q2,2020-07-24,17,-2.3782754728784106,-27.97614656719044,2020-07-28,25.59787109431203
2019-2021,diag3/student_t_ar1_shared,2020Q3,2020-10-23,17,18.50721941868394,34.85500597467652,2020-10-28,-16.347786555992585
2019-2021,diag3/student_t_ar1_shared,2020Q4,2021-01-22,17,3.726742775639447,4.611736044615711,2021-01-28,-0.8849932689762636
2019-2021,diag3/student_t_ar1_shared,2021Q1,2021-04-23,17,8.987056635889745,5.701255644273506,2021-04-28,3.285800991616239
2019-2021,diag3/student_t_ar1_shared,2021Q2,2021-07-23,17,4.954210182704788,6.983331307653917,2021-07-28,-2.029121124949129
2019-2021,mean,2018Q4,2019-01-25,17,2.674424566377276,0.5677817986818878,2019-01-28,2.106642767695388
2019-2021,mean,2019Q1,2019-04-26,17,2.6587746214300267,2.520756202743435,2019-04-28,0.13801841868659182
2019-2021,mean,2019Q2,2019-07-26,17,2.657766514842841,3.382664959003589,2019-07-28,-0.7248984441607482
2019-2021,mean,2019Q3,2019-10-25,17,2.663001076281879,4.762784209178728,2019-10-28,-2.0997831328968486
2019-2021,mean,2019Q4,2020-01-24,17,2.6779561072466374,2.755535957854649,2020-01-28,-0.07757985060801165
2019-2021,mean,2020Q1,2020-04-24,17,2.678510041291249,-5.16223383893778,2020-04-28,7.840743880229029
2019-2021,mean,2020Q2,2020-07-24,17,2.620680363638006,-27.97614656719044,2020-07-28,30.596826930828446
2019-2021,mean,2020Q3,2020-10-23,17,2.365139605313371,34.85500597467652,2020-10-28,-32.48986636936315
2019-2021,mean,2020Q4,2021-01-22,17,2.562654075136539,4.611736044615711,2021-01-28,-2.0490819694791718
2019-2021,mean,2021Q1,2021-04-23,17,2.576744497457062,5.701255644273506,2021-04-28,-3.1245111468164444
2019-2021,mean,2021Q2,2021-07-23,17,2.5979733784725845,6.983331307653917,2021-07-28,-4.385357929181333
2019-2021,nyfed,2018Q4,2019-01-25,17,2.57,0.5677817986818878,2019-01-28,2.002218201318112
2019-2021,nyfed,2019Q1,2019-04-26,17,1.43,2.520756202743435,2019-04-28,-1.090756202743435
2019-2021,nyfed,2019Q2,2019-07-26,17,1.5,3.382664959003589,2019-07-28,-1.882664959003589
2019-2021,nyfed,2019Q3,2019-10-25,17,1.91,4.762784209178728,2019-10-28,-2.8527842091787274
2019-2021,nyfed,2019Q4,2020-01-24,17,1.22,2.755535957854649,2020-01-28,-1.535535957854649
2019-2021,nyfed,2020Q1,2020-04-24,17,-0.4,-5.16223383893778,2020-04-28,4.76223383893778
2019-2021,nyfed,2020Q2,2020-07-24,17,-14.27,-27.97614656719044,2020-07-28,13.70614656719044
2019-2021,nyfed,2020Q3,2020-10-23,17,13.75,34.85500597467652,2020-10-28,-21.105005974676523
2019-2021,nyfed,2020Q4,2021-01-22,17,2.58,4.611736044615711,2021-01-28,-2.0317360446157107
2019-2021,nyfed,2021Q1,2021-04-23,17,6.86,5.701255644273506,2021-04-28,1.158744355726494
2019-2021,nyfed,2021Q2,2021-07-23,17,3.16,6.983331307653917,2021-07-28,-3.823331307653917
2024-2025,ar2,2023Q4,2024-01-26,17,2.3780131199721666,3.419215575294809,2024-01-28,-1.0412024553226424
2024-2025,ar2,2024Q1,2024-04-26,17,2.530372662885028,0.8420915771010673,2024-04-28,1.6882810857839607
2024-2025,ar2,2024Q2,2024-07-26,17,2.8593264980075084,3.5892686664036777,2024-07-28,-0.7299421683961693
2024-2025,ar2,2024Q3,2024-10-25,17,2.532096104258863,3.340152501559479,2024-10-28,-0.8080563973006161
2024-2025,ar2,2024Q4,2025-01-24,17,2.5452027116106946,1.8522267738050768,2025-01-28,0.6929759378056177
2024-2025,ar2,2025Q1,2025-04-25,17,2.734041216303762,-0.6484826392524012,2025-04-28,3.382523855556163
2024-2025,ar2,2025Q2,2025-07-25,17,3.052982488639966,3.838033233381988,2025-07-28,-0.7850507447420223
2024-2025,ar2,2025Q3,2025-10-24,17,2.503222129399041,4.3753962528716,2025-10-28,-1.8721741234725595
2024-2025,diag3/gaussian,2023Q4,2024-01-26,17,1.009828563617643,3.419215575294809,2024-01-28,-2.409387011677166
2024-2025,diag3/gaussian,2024Q1,2024-04-26,17,1.2229634634169484,0.8420915771010673,2024-04-28,0.3808718863158811
2024-2025,diag3/gaussian,2024Q2,2024-07-26,17,1.6225654509993248,3.5892686664036777,2024-07-28,-1.966703215404353
2024-2025,diag3/gaussian,2024Q3,2024-10-25,17,1.3304975287157903,3.340152501559479,2024-10-28,-2.0096549728436885
2024-2025,diag3/gaussian,2024Q4,2025-01-24,17,1.4358161638691411,1.8522267738050768,2025-01-28,-0.4164106099359357
2024-2025,diag3/gaussian,2025Q1,2025-04-25,17,2.01056252376306,-0.6484826392524012,2025-04-28,2.6590451630154615
2024-2025,diag3/gaussian,2025Q2,2025-07-25,17,1.5457469666078305,3.838033233381988,2025-07-28,-2.2922862667741577
2024-2025,diag3/gaussian,2025Q3,2025-10-24,17,1.5201444437295877,4.3753962528716,2025-10-28,-2.855251809142013
2024-2025,diag3/gaussian_ar1,2023Q4,2024-01-26,17,1.789441110087986,3.419215575294809,2024-01-28,-1.6297744652068231
2024-2025,diag3/gaussian_ar1,2024Q1,2024-04-26,17,1.063221407189352,0.8420915771010673,2024-04-28,0.22112983008828468
2024-2025,diag3/gaussian_ar1,2024Q2,2024-07-26,17,3.664204790828096,3.5892686664036777,2024-07-28,0.07493612442441844
2024-2025,diag3/gaussian_ar1,2024Q3,2024-10-25,17,0.913211367876765,3.340152501559479,2024-10-28,-2.426941133682714
2024-2025,diag3/gaussian_ar1,2024Q4,2025-01-24,17,1.5408074296559435,1.8522267738050768,2025-01-28,-0.3114193441491333
2024-2025,diag3/gaussian_ar1,2025Q1,2025-04-25,17,4.298078156922935,-0.6484826392524012,2025-04-28,4.946560796175337
2024-2025,diag3/gaussian_ar1,2025Q2,2025-07-25,17,2.3729933880979104,3.838033233381988,2025-07-28,-1.4650398452840778
2024-2025,diag3/gaussian_ar1,2025Q3,2025-10-24,17,3.056588152772588,4.3753962528716,2025-10-28,-1.3188081000990124
2024-2025,diag3/student_t,2023Q4,2024-01-26,17,1.7556288676517484,3.419215575294809,2024-01-28,-1.6635867076430606
2024-2025,diag3/student_t,2024Q1,2024-04-26,17,1.9144216961750395,0.8420915771010673,2024-04-28,1.0723301190739722
2024-2025,diag3/student_t,2024Q2,2024-07-26,17,2.0845144328842435,3.5892686664036777,2024-07-28,-1.5047542335194342
2024-2025,diag3/student_t,2024Q3,2024-10-25,17,1.894994897367908,3.340152501559479,2024-10-28,-1.445157604191571
2024-2025,diag3/student_t,2024Q4,2025-01-24,17,1.9358531620871533,1.8522267738050768,2025-01-28,0.08362638828207647
2024-2025,diag3/student_t,2025Q1,2025-04-25,17,2.256435987807892,-0.6484826392524012,2025-04-28,2.9049186270602934
2024-2025,diag3/student_t,2025Q2,2025-07-25,17,2.0824497060615066,3.838033233381988,2025-07-28,-1.7555835273204816
2024-2025,diag3/student_t,2025Q3,2025-10-24,17,2.035478806352553,4.3753962528716,2025-10-28,-2.3399174465190473
2024-2025,diag3/student_t_ar1,2023Q4,2024-01-26,17,1.6599466543447905,3.419215575294809,2024-01-28,-1.7592689209500185
2024-2025,diag3/student_t_ar1,2024Q1,2024-04-26,17,2.1271179347214897,0.8420915771010673,2024-04-28,1.2850263576204224
2024-2025,diag3/student_t_ar1,2024Q2,2024-07-26,17,2.054116729347255,3.5892686664036777,2024-07-28,-1.5351519370564226
2024-2025,diag3/student_t_ar1,2024Q3,2024-10-25,17,2.007304357455641,3.340152501559479,2024-10-28,-1.332848144103838
2024-2025,diag3/student_t_ar1,2024Q4,2025-01-24,17,1.9724342569764408,1.8522267738050768,2025-01-28,0.12020748317136398
2024-2025,diag3/student_t_ar1,2025Q1,2025-04-25,17,2.439699141509988,-0.6484826392524012,2025-04-28,3.088181780762389
2024-2025,diag3/student_t_ar1,2025Q2,2025-07-25,17,1.4663646615417747,3.838033233381988,2025-07-28,-2.3716685718402135
2024-2025,diag3/student_t_ar1,2025Q3,2025-10-24,17,2.2597131335393428,4.3753962528716,2025-10-28,-2.1156831193322576
2024-2025,diag3/student_t_ar1_shared,2023Q4,2024-01-26,17,1.9478792003272627,3.419215575294809,2024-01-28,-1.4713363749675463
2024-2025,diag3/student_t_ar1_shared,2024Q1,2024-04-26,17,2.564019146069718,0.8420915771010673,2024-04-28,1.7219275689686508
2024-2025,diag3/student_t_ar1_shared,2024Q2,2024-07-26,17,2.6664759770551827,3.5892686664036777,2024-07-28,-0.922792689348495
2024-2025,diag3/student_t_ar1_shared,2024Q3,2024-10-25,17,1.7809322403891104,3.340152501559479,2024-10-28,-1.5592202611703687
2024-2025,diag3/student_t_ar1_shared,2024Q4,2025-01-24,17,2.25089160773162,1.8522267738050768,2025-01-28,0.39866483392654306
2024-2025,diag3/student_t_ar1_shared,2025Q1,2025-04-25,17,2.4711959891545288,-0.6484826392524012,2025-04-28,3.11967862840693
2024-2025,diag3/student_t_ar1_shared,2025Q2,2025-07-25,17,2.161040409321635,3.838033233381988,2025-07-28,-1.676992824060353
2024-2025,diag3/student_t_ar1_shared,2025Q3,2025-10-24,17,1.5545532330377476,4.3753962528716,2025-10-28,-2.8208430198338528
2024-2025,mean,2023Q4,2024-01-26,17,2.640373629847792,3.419215575294809,2024-01-28,-0.778841945447017
2024-2025,mean,2024Q1,2024-04-26,17,2.6453474802105914,0.8420915771010673,2024-04-28,1.803255903109524
2024-2025,mean,2024Q2,2024-07-26,17,2.633760341019764,3.5892686664036777,2024-07-28,-0.9555083253839136
2024-2025,mean,2024Q3,2024-10-25,17,2.639780061247632,3.340152501559479,2024-10-28,-0.7003724403118472
2024-2025,mean,2024Q4,2025-01-24,17,2.644170052772443,1.8522267738050768,2025-01-28,0.7919432789673664
2024-2025,mean,2025Q1,2025-04-25,17,2.639201334451569,-0.6484826392524012,2025-04-28,3.2876839737039703
2024-2025,mean,2025Q2,2025-07-25,17,2.6184488316527865,3.838033233381988,2025-07-28,-1.2195844017292017
2024-2025,mean,2025Q3,2025-10-24,17,2.625933019049742,4.3753962528716,2025-10-28,-1.7494632338218583
2024-2025,nyfed,2023Q4,2024-01-26,17,2.41,3.419215575294809,2024-01-28,-1.0092155752948089
2024-2025,nyfed,2024Q1,2024-04-26,17,2.251,0.8420915771010673,2024-04-28,1.4089084228989326
2024-2025,nyfed,2024Q2,2024-07-26,17,2.015,3.5892686664036777,2024-07-28,-1.5742686664036776
2024-2025,nyfed,2024Q3,2024-10-25,17,2.912,3.340152501559479,2024-10-28,-0.42815250155947915
2024-2025,nyfed,2024Q4,2025-01-24,17,2.563,1.8522267738050768,2025-01-28,0.7107732261949233
2024-2025,nyfed,2025Q1,2025-04-25,17,2.631,-0.6484826392524012,2025-04-28,3.279482639252401
2024-2025,nyfed,2025Q2,2025-07-25,17,1.68,3.838033233381988,2025-07-28,-2.158033233381988
2024-2025,nyfed,2025Q3,2025-10-24,17,2.35,4.3753962528716,2025-10-28,-2.0253962528716003
