as_of,target_quarter,horizon_week,spec,variant,nowcast_bea,nowcast_livello,nowcast_z,sd_z,realizzato_bea,realizzato_livello,errore_bea,gdp_release_date,n_releases,n_iter,converged,reestimated
2007-01-05,2006Q4,14,diag3,student_t_ar1_shared,2.70850717791582,2.6724762743775363,-0.22498032209213212,0.9604307171841441,3.4823729200428755,3.423110226166918,-0.7738657421270556,2007-01-28,,42,True,True
2007-01-05,2007Q1,1,diag3,student_t_ar1_shared,3.182474131334745,3.1328828328818443,0.003521226231593925,0.8489613824311305,1.2087836914185912,1.2015362468522506,1.9736904399161537,2007-04-28,,0,True,False
2007-01-05,2007Q2,-12,diag3,student_t_ar1_shared,3.2095036747465056,3.159075269093382,0.016520633208223084,0.8673701875431109,2.4695947150627617,2.439593165871891,0.7399089596837438,2007-07-28,,0,True,False
2007-01-12,2006Q4,15,diag3,student_t_ar1_shared,2.7341775034337212,2.6974665296317437,-0.2125775621550402,0.9577514902234219,3.4823729200428755,3.423110226166918,-0.7481954166091542,2007-01-28,4.0,0,True,False
2007-01-12,2007Q1,2,diag3,student_t_ar1_shared,3.2077066238868523,3.1573340859264403,0.015656477295992382,0.8435678968522942,1.2087836914185912,1.2015362468522506,1.9989229324682611,2007-04-28,4.0,0,True,False
2007-01-12,2007Q2,-11,diag3,student_t_ar1_shared,3.229248828483766,3.178204578448373,0.026014583121054397,0.86721889202585,2.4695947150627617,2.439593165871891,0.7596541134210044,2007-07-28,4.0,0,True,False
2007-01-19,2006Q4,16,diag3,student_t_ar1_shared,2.7573247717969984,2.7199952164191665,-0.201396488129184,0.964326729509685,3.4823729200428755,3.423110226166918,-0.725048148245877,2007-01-28,10.0,0,True,False
2007-01-19,2007Q1,3,diag3,student_t_ar1_shared,3.161160262821361,3.1122242177985373,-0.006731724004594653,0.8681679545005109,1.2087836914185912,1.2015362468522506,1.9523765714027697,2007-04-28,10.0,0,True,False
2007-01-19,2007Q2,-10,diag3,student_t_ar1_shared,3.1370618006046014,3.0888614742078975,-0.018326743634406107,0.8663803430337598,2.4695947150627617,2.439593165871891,0.6674670855418396,2007-07-28,10.0,0,True,False
2007-01-26,2006Q4,17,diag3,student_t_ar1_shared,2.7741513986677235,2.7363689876992003,-0.1932701223764005,0.9646783115624713,3.4823729200428755,3.423110226166918,-0.7082215213751519,2007-01-28,4.0,0,True,False
2007-01-26,2007Q1,4,diag3,student_t_ar1_shared,3.219626981625945,3.168883290718391,0.02138839211806107,0.8628273341284006,1.2087836914185912,1.2015362468522506,2.0108432902073536,2007-04-28,4.0,0,True,False
2007-01-26,2007Q2,-9,diag3,student_t_ar1_shared,3.201471812574974,3.151292870743065,0.012658198931664524,0.8655734336879627,2.4695947150627617,2.439593165871891,0.7318770975122124,2007-07-28,4.0,0,True,False
2007-02-02,2007Q1,5,diag3,student_t_ar1_shared,3.3157995691878828,3.2620126836937,0.0663059450276841,0.8694694575112418,1.2087836914185912,1.2015362468522506,2.1070158777692916,2007-04-28,10.0,10,True,True
2007-02-02,2007Q2,-8,diag3,student_t_ar1_shared,3.237918871856449,3.1866030501999387,0.028667599246570787,0.8615717407294751,2.4695947150627617,2.439593165871891,0.7683241567936872,2007-07-28,10.0,0,True,False
2007-02-09,2007Q1,6,diag3,student_t_ar1_shared,3.3347400814455863,3.280343642173434,0.07545526616603121,0.8816801698644917,1.2087836914185912,1.2015362468522506,2.125956390026995,2007-04-28,8.0,0,True,False
2007-02-09,2007Q2,-7,diag3,student_t_ar1_shared,3.275366834352589,3.222869930346195,0.04676907132785242,0.8609948652786333,2.4695947150627617,2.439593165871891,0.8057721192898271,2007-07-28,8.0,0,True,False
2007-02-16,2007Q1,7,diag3,student_t_ar1_shared,3.3934161086124126,3.3371100061016548,0.10378841055724027,0.9364927220254611,1.2087836914185912,1.2015362468522506,2.1846324171938214,2007-04-28,7.0,0,True,False
2007-02-16,2007Q2,-6,diag3,student_t_ar1_shared,3.420003697525553,3.3628216732502842,0.11662158019237834,0.8615318682296788,2.4695947150627617,2.439593165871891,0.9504089824627915,2007-07-28,7.0,0,True,False
2007-02-23,2007Q1,8,diag3,student_t_ar1_shared,3.3378120485470397,3.2833164289029932,0.0769390391228366,0.9227023299898066,1.2087836914185912,1.2015362468522506,2.1290283571284485,2007-04-28,4.0,0,True,False
2007-02-23,2007Q2,-5,diag3,student_t_ar1_shared,3.3335440229548485,3.2791861752733467,0.07487755298275095,0.8605065661067437,2.4695947150627617,2.439593165871891,0.8639493078920868,2007-07-28,4.0,0,True,False
2007-03-02,2007Q1,9,diag3,student_t_ar1_shared,3.3711669334643313,3.3155887427338198,0.09304674911749866,1.0024052459481123,1.2087836914185912,1.2015362468522506,2.16238324204574,2007-04-28,11.0,4,True,True
2007-03-02,2007Q2,-4,diag3,student_t_ar1_shared,3.43087191851843,3.3733299401072694,0.12186645094958906,0.8562306436588195,2.4695947150627617,2.439593165871891,0.9612772034556682,2007-07-28,11.0,0,True,False
2007-03-09,2007Q1,10,diag3,student_t_ar1_shared,3.3374612142112348,3.2829769259423687,0.0767695869025609,0.9691333696360558,1.2087836914185912,1.2015362468522506,2.1286775227926436,2007-04-28,8.0,0,True,False
2007-03-09,2007Q2,-3,diag3,student_t_ar1_shared,3.3547231123493004,3.29967992633344,0.0851063639849377,0.8540085713011768,2.4695947150627617,2.439593165871891,0.8851283972865387,2007-07-28,8.0,0,True,False
2007-03-16,2007Q1,11,diag3,student_t_ar1_shared,3.3298329822797568,3.275594788420693,0.07308502523886379,0.9515343318028406,1.2087836914185912,1.2015362468522506,2.1210492908611656,2007-04-28,7.0,0,True,False
2007-03-16,2007Q2,-2,diag3,student_t_ar1_shared,3.334829725465882,3.2804303932325114,0.07549856522753241,0.8528847434495478,2.4695947150627617,2.439593165871891,0.8652350104031203,2007-07-28,7.0,0,True,False
2007-03-23,2007Q1,12,diag3,student_t_ar1_shared,3.343631066449615,3.2889473339483697,0.07974952819882489,0.9530215116196742,1.2087836914185912,1.2015362468522506,2.1348473750310237,2007-04-28,4.0,0,True,False
2007-03-23,2007Q2,-1,diag3,student_t_ar1_shared,3.287502800616493,3.2346203153977933,0.05263390629843834,0.8473098593078818,2.4695947150627617,2.439593165871891,0.8179080855537313,2007-07-28,4.0,0,True,False
2007-03-30,2007Q1,13,diag3,student_t_ar1_shared,3.3524088094957882,3.2974407168469653,0.08398873302688166,0.950421496963787,1.2087836914185912,1.2015362468522506,2.143625118077197,2007-04-28,8.0,0,True,False
2007-03-30,2007Q2,0,diag3,student_t_ar1_shared,3.3023308799624562,3.2489754064564935,0.059798798314939394,0.8469027663361429,2.4695947150627617,2.439593165871891,0.8327361648996945,2007-07-28,8.0,0,True,False
2007-04-06,2007Q1,14,diag3,student_t_ar1_shared,3.3051214867588774,3.2516767676751863,0.0611470977684471,0.9511734596395447,1.2087836914185912,1.2015362468522506,2.096337795340286,2007-04-28,10.0,2,True,True
2007-04-06,2007Q2,1,diag3,student_t_ar1_shared,3.286311207152326,3.233466642101982,0.052058086573366094,0.8552022247620036,2.4695947150627617,2.439593165871891,0.8167164920895642,2007-07-28,10.0,0,True,False
2007-04-06,2007Q3,-12,diag3,student_t_ar1_shared,3.2655326731810375,3.213347205111215,0.042016102661025914,0.8645876382510448,2.3240880884577653,2.297492443722903,0.9414445847232722,2007-10-28,10.0,0,True,False
2007-04-13,2007Q1,15,diag3,student_t_ar1_shared,3.3167018878921706,3.262886039722343,0.06674185320908152,0.9456018870390355,1.2087836914185912,1.2015362468522506,2.1079181964735794,2007-04-28,6.0,0,True,False
2007-04-13,2007Q2,2,diag3,student_t_ar1_shared,3.287503247037127,3.2346207476094615,0.05263412202329285,0.8513209879822898,2.4695947150627617,2.439593165871891,0.8179085319743651,2007-07-28,6.0,0,True,False
2007-04-13,2007Q3,-11,diag3,student_t_ar1_shared,3.25137423043651,3.1996355502360894,0.0351723615697241,0.8644040449328745,2.3240880884577653,2.297492443722903,0.9272861419787448,2007-10-28,6.0,0,True,False
2007-04-20,2007Q1,16,diag3,student_t_ar1_shared,3.2964130074597975,3.2432465502273433,0.056939419987621684,0.9418164209098001,1.2087836914185912,1.2015362468522506,2.0876293160412063,2007-04-28,7.0,0,True,False
2007-04-20,2007Q2,3,diag3,student_t_ar1_shared,3.1717492580340068,3.122488208401433,-0.0033333066524506346,0.8396160444598996,2.4695947150627617,2.439593165871891,0.702154542971245,2007-07-28,7.0,0,True,False
2007-04-20,2007Q3,-10,diag3,student_t_ar1_shared,3.11429128855083,3.0667811224378565,-0.031137745777973853,0.8624518498401975,2.3240880884577653,2.297492443722903,0.7902032000930648,2007-10-28,7.0,0,True,False
2007-04-27,2007Q1,17,diag3,student_t_ar1_shared,3.300484985257812,3.247188504669159,0.05890692251296849,0.9400402165966149,1.2087836914185912,1.2015362468522506,2.091701293839221,2007-04-28,4.0,0,True,False
2007-04-27,2007Q2,4,diag3,student_t_ar1_shared,3.1779540722483457,3.128502090773031,-0.0003316664945272989,0.8365094167282398,2.4695947150627617,2.439593165871891,0.708359357185584,2007-07-28,4.0,0,True,False
2007-04-27,2007Q3,-9,diag3,student_t_ar1_shared,3.1194519647495644,3.0717858089827406,-0.028639813962431912,0.8623132656323508,2.3240880884577653,2.297492443722903,0.7953638762917992,2007-10-28,4.0,0,True,False
2007-05-04,2007Q2,5,diag3,student_t_ar1_shared,3.1684904965434413,3.1193295792414464,0.005903298289270942,0.8571166315527597,2.4695947150627617,2.439593165871891,0.6988957814806795,2007-07-28,12.0,3,True,True
2007-05-04,2007Q3,-8,diag3,student_t_ar1_shared,3.3367361553913177,3.2822752816837673,0.08727170201057657,0.8586800393771158,2.3240880884577653,2.297492443722903,1.0126480669335525,2007-10-28,12.0,0,True,False
2007-05-11,2007Q2,6,diag3,student_t_ar1_shared,3.1650963567926516,3.1160396255282867,0.0042604302789805565,0.8450328468615345,2.4695947150627617,2.439593165871891,0.6955016417298898,2007-07-28,7.0,0,True,False
2007-05-11,2007Q3,-7,diag3,student_t_ar1_shared,3.3029727516599827,3.2495967571055298,0.07095338651624895,0.8579084603280159,2.3240880884577653,2.297492443722903,0.9788846632022175,2007-10-28,7.0,0,True,False
2007-05-18,2007Q2,7,diag3,student_t_ar1_shared,3.1668515445610668,3.11774094981307,0.005110001879766318,0.841011267463939,2.4695947150627617,2.439593165871891,0.697256829498305,2007-07-28,11.0,0,True,False
2007-05-18,2007Q3,-6,diag3,student_t_ar1_shared,3.2984137182526796,3.2451833952342146,0.06874953452671566,0.855720535420597,2.3240880884577653,2.297492443722903,0.9743256297949143,2007-10-28,11.0,0,True,False
2007-05-25,2007Q2,8,diag3,student_t_ar1_shared,3.1575781387000568,3.108751800169957,0.0006211890647676577,0.8351583313096228,2.4695947150627617,2.439593165871891,0.687983423637295,2007-07-28,0.0,0,True,False
2007-05-25,2007Q3,-5,diag3,student_t_ar1_shared,3.277670528779253,3.2251005384807163,0.05872097917543703,0.8541315644637801,2.3240880884577653,2.297492443722903,0.9535824403214876,2007-10-28,0.0,0,True,False
2007-06-01,2007Q2,9,diag3,student_t_ar1_shared,3.1925834025491984,3.1426798222499723,0.01756345238741827,0.7886899453880906,2.4695947150627617,2.439593165871891,0.7229886874864366,2007-07-28,12.0,3,True,True
2007-06-01,2007Q3,-4,diag3,student_t_ar1_shared,3.346128879811805,3.291364302609964,0.09181038645005093,0.8475515078484723,2.3240880884577653,2.297492443722903,1.0220407913540397,2007-10-28,12.0,0,True,False
2007-06-08,2007Q2,10,diag3,student_t_ar1_shared,3.1873990068344016,3.137655695728249,0.015054609570215219,0.7703632105528472,2.4695947150627617,2.439593165871891,0.7178042917716398,2007-07-28,8.0,0,True,False
2007-06-08,2007Q3,-3,diag3,student_t_ar1_shared,3.345390783967006,3.290650102195737,0.09145374404235489,0.8459492656163461,2.3240880884577653,2.297492443722903,1.0213026955092408,2007-10-28,8.0,0,True,False
2007-06-15,2007Q2,11,diag3,student_t_ar1_shared,3.2188085468601857,3.1680903814293186,0.030252443917103217,0.7622367925836683,2.4695947150627617,2.439593165871891,0.749213831797424,2007-07-28,5.0,0,True,False
2007-06-15,2007Q3,-2,diag3,student_t_ar1_shared,3.369622156813823,3.3140943335682675,0.10316083207636448,0.8451032891918475,2.3240880884577653,2.297492443722903,1.0455340683560577,2007-10-28,5.0,0,True,False
2007-06-22,2007Q2,12,diag3,student_t_ar1_shared,3.2518152492863495,3.2000626805394603,0.046218099364894225,0.7591106451657096,2.4695947150627617,2.439593165871891,0.7822205342235877,2007-07-28,6.0,0,True,False
2007-06-22,2007Q3,-1,diag3,student_t_ar1_shared,3.5321941381104116,3.4712432824415766,0.18163457470746297,0.8446168039593221,2.3240880884577653,2.297492443722903,1.2081060496526463,2007-10-28,6.0,0,True,False
2007-06-29,2007Q2,13,diag3,student_t_ar1_shared,3.259782392545585,3.207778608704418,0.05007111757034893,0.7539646315147519,2.4695947150627617,2.439593165871891,0.7901876774828231,2007-07-28,4.0,0,True,False
2007-06-29,2007Q3,0,diag3,student_t_ar1_shared,3.542556157653909,3.4812512815214642,0.18663215916270812,0.8437734984096832,2.3240880884577653,2.297492443722903,1.2184680691961436,2007-10-28,4.0,0,True,False
2007-07-06,2007Q2,14,diag3,student_t_ar1_shared,3.7651039371492834,3.6959542644060877,0.2938460269092883,0.7258948978266515,2.4695947150627617,2.439593165871891,1.2955092220865216,2007-07-28,13.0,35,True,True
2007-07-06,2007Q3,1,diag3,student_t_ar1_shared,3.216582357743536,3.1659335912520326,0.029175431321759204,0.8024076265460857,2.3240880884577653,2.297492443722903,0.8924942692857707,2007-10-28,13.0,0,True,False
2007-07-06,2007Q4,-12,diag3,student_t_ar1_shared,3.515397361825201,3.4550182433571974,0.17353245534608194,0.8352241199309526,2.5367271478347497,2.505086204878263,0.9786702139904513,2008-01-28,13.0,0,True,False
2007-07-13,2007Q2,15,diag3,student_t_ar1_shared,3.7496785660728005,3.681087495958268,0.28642217222050603,0.7249922705954626,2.4695947150627617,2.439593165871891,1.2800838510100387,2007-07-28,6.0,0,True,False
2007-07-13,2007Q3,2,diag3,student_t_ar1_shared,3.194191092393317,3.144237761074377,0.01834142316748305,0.8022770218207931,2.3240880884577653,2.297492443722903,0.8701030039355517,2007-10-28,6.0,0,True,False
2007-07-13,2007Q4,-11,diag3,student_t_ar1_shared,3.4859317601206863,3.4265492455700652,0.15931620495859905,0.8349746241312856,2.5367271478347497,2.505086204878263,0.9492046122859366,2008-01-28,6.0,0,True,False
2007-07-20,2007Q2,16,diag3,student_t_ar1_shared,3.743619820047228,3.6752475521389423,0.2835059436899079,0.7262103487865346,2.4695947150627617,2.439593165871891,1.2740251049844664,2007-07-28,8.0,0,True,False
2007-07-20,2007Q3,3,diag3,student_t_ar1_shared,3.1797316950801457,3.1302249467211722,0.011343998145077916,0.7985725616459631,2.3240880884577653,2.297492443722903,0.8556436066223805,2007-10-28,8.0,0,True,False
2007-07-20,2007Q4,-10,diag3,student_t_ar1_shared,3.478220315209102,3.4190972836357774,0.15559500066725185,0.8332601419148985,2.5367271478347497,2.505086204878263,0.9414931673743521,2008-01-28,8.0,0,True,False
2007-07-27,2007Q2,17,diag3,student_t_ar1_shared,3.739523295177105,3.67129877364143,0.28153408559131643,0.7235706905000645,2.4695947150627617,2.439593165871891,1.2699285801143434,2007-07-28,4.0,0,True,False
2007-07-27,2007Q3,4,diag3,student_t_ar1_shared,3.172396192886695,3.123115252945168,0.007793708540443811,0.798025844056303,2.3240880884577653,2.297492443722903,0.8483081044289298,2007-10-28,4.0,0,True,False
2007-07-27,2007Q4,-9,diag3,student_t_ar1_shared,3.4716853672846604,3.412781795928664,0.1524413050143627,0.8327716236812337,2.5367271478347497,2.505086204878263,0.9349582194499106,2008-01-28,4.0,0,True,False
2007-08-03,2007Q3,5,diag3,student_t_ar1_shared,3.1214028641650016,3.073677674119845,-0.013253947410139577,0.7722649286025636,2.3240880884577653,2.297492443722903,0.7973147757072363,2007-10-28,12.0,2,True,True
2007-08-03,2007Q4,-8,diag3,student_t_ar1_shared,3.2251190414462894,3.1742039006418064,0.03719761899225529,0.8248096272568737,2.5367271478347497,2.505086204878263,0.6883918936115396,2008-01-28,12.0,0,True,False
2007-08-10,2007Q3,6,diag3,student_t_ar1_shared,3.0936502614009598,3.0467614984954654,-0.02676249407298715,0.7946936005718266,2.3240880884577653,2.297492443722903,0.7695621729431945,2007-10-28,7.0,0,True,False
2007-08-10,2007Q4,-7,diag3,student_t_ar1_shared,3.1544160258640597,3.1056864303168403,0.00281043642881805,0.8254714513452185,2.5367271478347497,2.505086204878263,0.6176888780293099,2008-01-28,7.0,0,True,False
2007-08-17,2007Q3,7,diag3,student_t_ar1_shared,3.093137455883821,3.046264080088786,-0.02701213576991163,0.7741640233710267,2.3240880884577653,2.297492443722903,0.7690493674260557,2007-10-28,9.0,0,True,False
2007-08-17,2007Q4,-6,diag3,student_t_ar1_shared,3.1674372412899388,3.118308666145935,0.00914521682504761,0.8218904620768028,2.5367271478347497,2.505086204878263,0.630710093455189,2008-01-28,9.0,0,True,False
2007-08-24,2007Q3,8,diag3,student_t_ar1_shared,3.0601652535249046,3.014276037979613,-0.04306612373295313,0.7741832394537995,2.3240880884577653,2.297492443722903,0.7360771650671394,2007-10-28,2.0,0,True,False
2007-08-24,2007Q4,-5,diag3,student_t_ar1_shared,3.1037006347591323,3.0565098035269784,-0.02187006673711451,0.8213021199341953,2.5367271478347497,2.505086204878263,0.5669734869243825,2008-01-28,2.0,0,True,False
2007-08-31,2007Q3,9,diag3,student_t_ar1_shared,3.045555863789806,3.000099439988653,-0.05018099912066817,0.7519925776402452,2.3240880884577653,2.297492443722903,0.7214677753320409,2007-10-28,8.0,0,True,False
2007-08-31,2007Q4,-4,diag3,student_t_ar1_shared,3.0890864925407158,3.042334581933159,-0.02898425134597387,0.8195669142928775,2.5367271478347497,2.505086204878263,0.552359344705966,2008-01-28,8.0,0,True,False
2007-09-07,2007Q3,10,diag3,student_t_ar1_shared,2.9462415868587666,2.9036739649403773,-0.09857450224512672,0.7408275215613424,2.3240880884577653,2.297492443722903,0.6221534984010013,2007-10-28,12.0,12,False,True
2007-09-07,2007Q4,-3,diag3,student_t_ar1_shared,2.9014939263732886,2.8601974981444265,-0.12039423951556165,0.8136287249347867,2.5367271478347497,2.505086204878263,0.3647667785385389,2008-01-28,12.0,0,True,False
2007-09-14,2007Q3,11,diag3,student_t_ar1_shared,2.932156081582038,2.8899906397754163,-0.10544181649783832,0.728465835639178,2.3240880884577653,2.297492443722903,0.6080679931242727,2007-10-28,5.0,0,True,False
2007-09-14,2007Q4,-2,diag3,student_t_ar1_shared,2.8969433474020923,2.855775133201117,-0.1226137124462824,0.811478896920545,2.5367271478347497,2.505086204878263,0.3602161995673425,2008-01-28,5.0,0,True,False
2007-09-21,2007Q3,12,diag3,student_t_ar1_shared,2.94460679843096,2.9020859502805174,-0.09937148657281736,0.712626058389742,2.3240880884577653,2.297492443722903,0.6205187099731946,2007-10-28,6.0,0,True,False
2007-09-21,2007Q4,-1,diag3,student_t_ar1_shared,2.9453637631964513,2.9028212602749224,-0.0990024531146586,0.8056653433804988,2.5367271478347497,2.505086204878263,0.4086366153617016,2008-01-28,6.0,0,True,False
2007-09-28,2007Q3,13,diag3,student_t_ar1_shared,2.9590939986887888,2.9161577714528857,-0.0923091960159819,0.7157461561216569,2.3240880884577653,2.297492443722903,0.6350059102310235,2007-10-28,4.0,0,True,False
2007-09-28,2007Q4,0,diag3,student_t_ar1_shared,2.9632424996215656,2.920186961295908,-0.09028704770756318,0.8064532286303044,2.5367271478347497,2.505086204878263,0.4265153517868159,2008-01-28,4.0,0,True,False
2007-10-05,2007Q3,14,diag3,student_t_ar1_shared,2.8565112562680683,2.8164736383782616,-0.1423381370503981,0.6995038145442691,2.3240880884577653,2.297492443722903,0.5324231678103031,2007-10-28,13.0,6,True,True
2007-10-05,2007Q4,1,diag3,student_t_ar1_shared,2.9142149353249325,2.8725590511456014,-0.11419028922663625,0.7991534810748291,2.5367271478347497,2.505086204878263,0.37748778749018275,2008-01-28,13.0,0,True,False
2007-10-05,2008Q1,-12,diag3,student_t_ar1_shared,2.9176661165910334,2.87591244931577,-0.11250730363860198,0.8364143974103141,-1.6961606735480972,-1.7107102360127044,4.6138267901391306,2008-04-28,13.0,0,True,False
2007-10-12,2007Q3,15,diag3,student_t_ar1_shared,2.8543835585156607,2.8144050092427917,-0.14337632960771327,0.6935195945269212,2.3240880884577653,2.297492443722903,0.5302954700578955,2007-10-28,4.0,0,True,False
2007-10-12,2007Q4,2,diag3,student_t_ar1_shared,2.9146485434771163,2.8729803799571774,-0.11397883496987243,0.797883956374207,2.5367271478347497,2.505086204878263,0.3779213956423666,2008-01-28,4.0,0,True,False
2007-10-12,2008Q1,-11,diag3,student_t_ar1_shared,2.919349149483863,2.8775477556679374,-0.11168658480860973,0.8355890243527145,-1.6961606735480972,-1.7107102360127044,4.61550982303196,2008-04-28,4.0,0,True,False
2007-10-19,2007Q3,16,diag3,student_t_ar1_shared,2.8712006429286285,2.830754054516566,-0.13517115796461587,0.692351383153028,2.3240880884577653,2.297492443722903,0.5471125544708633,2007-10-28,10.0,0,True,False
2007-10-19,2007Q4,3,diag3,student_t_ar1_shared,3.018986603145768,2.9743121206631833,-0.06312300140506183,0.8179037725018337,2.5367271478347497,2.505086204878263,0.4822594553110182,2008-01-28,10.0,0,True,False
2007-10-19,2008Q1,-10,diag3,student_t_ar1_shared,3.0318064660323385,2.9867555213530417,-0.05687797383468103,0.8360924684292294,-1.6961606735480972,-1.7107102360127044,4.727967139580436,2008-04-28,10.0,0,True,False
2007-10-26,2007Q3,17,diag3,student_t_ar1_shared,2.87629114957364,2.8357023594525903,-0.1326877290754932,0.6931896596763217,2.3240880884577653,2.297492443722903,0.5522030611158746,2007-10-28,4.0,0,True,False
2007-10-26,2007Q4,4,diag3,student_t_ar1_shared,3.0392816516937593,2.9940104795647575,-0.05323689410226903,0.8012196732897586,2.5367271478347497,2.505086204878263,0.5025545038590096,2008-01-28,4.0,0,True,False
2007-10-26,2008Q1,-9,diag3,student_t_ar1_shared,3.051178674251842,3.0055559169930444,-0.04744253154424885,0.8342475529044145,-1.6961606735480972,-1.7107102360127044,4.747339347799939,2008-04-28,4.0,0,True,False
2007-11-02,2007Q4,5,diag3,student_t_ar1_shared,3.0632369418608363,3.0172564742652868,-0.03731839013638549,0.770633124551824,2.5367271478347497,2.505086204878263,0.5265097940260866,2008-01-28,11.0,12,False,True
2007-11-02,2008Q1,-8,diag3,student_t_ar1_shared,2.976208172377093,2.932778694186656,-0.079914786173721,0.824707059132976,-1.6961606735480972,-1.7107102360127044,4.67236884592519,2008-04-28,11.0,0,True,False
2007-11-09,2007Q4,6,diag3,student_t_ar1_shared,3.077415628982738,3.0310127974043133,-0.03038201245337674,0.7497954839223334,2.5367271478347497,2.505086204878263,0.5406884811479884,2008-01-28,8.0,0,True,False
2007-11-09,2008Q1,-7,diag3,student_t_ar1_shared,2.9741081211436704,2.930739317630902,-0.08094310499740803,0.8222152461459148,-1.6961606735480972,-1.7107102360127044,4.670268794691768,2008-04-28,8.0,0,True,False
2007-11-16,2007Q4,7,diag3,student_t_ar1_shared,3.13519701722329,3.0870533945446006,-0.002124552707931937,0.7496739792734362,2.5367271478347497,2.505086204878263,0.5984698693885404,2008-01-28,7.0,0,True,False
2007-11-16,2008Q1,-6,diag3,student_t_ar1_shared,3.046603986653218,3.0011165799557245,-0.04545664056591778,0.8210863791910944,-1.6961606735480972,-1.7107102360127044,4.742764660201315,2008-04-28,7.0,0,True,False
2007-11-23,2007Q4,8,diag3,student_t_ar1_shared,3.105509385608629,3.0582640906894034,-0.016641039617433157,0.7694290581843141,2.5367271478347497,2.505086204878263,0.5687822377738794,2008-01-28,4.0,0,True,False
2007-11-23,2008Q1,-5,diag3,student_t_ar1_shared,3.0270338544882147,2.9821232410416805,-0.05503368894125284,0.8204927655730342,-1.6961606735480972,-1.7107102360127044,4.723194528036312,2008-04-28,4.0,0,True,False
2007-11-30,2007Q4,9,diag3,student_t_ar1_shared,3.1430429300127516,3.0946605108310727,0.001711198394180602,0.7353622862896246,2.5367271478347497,2.505086204878263,0.6063157821780019,2008-01-28,8.0,0,True,False
2007-11-30,2008Q1,-4,diag3,student_t_ar1_shared,3.068662676345002,3.022520806952715,-0.034663945383963446,0.817560447017451,-1.6961606735480972,-1.7107102360127044,4.764823349893099,2008-04-28,8.0,0,True,False
2007-12-07,2007Q4,10,diag3,student_t_ar1_shared,3.107929507928775,3.0606112920485815,-0.015457505691922113,0.7217395037186597,2.5367271478347497,2.505086204878263,0.5712023600940253,2008-01-28,12.0,2,True,True
2007-12-07,2008Q1,-3,diag3,student_t_ar1_shared,2.960633811676816,2.9176533182899282,-0.08754148400255714,0.8110510081415017,-1.6961606735480972,-1.7107102360127044,4.656794485224913,2008-04-28,12.0,0,True,False
2007-12-14,2007Q4,11,diag3,student_t_ar1_shared,3.105310529890004,3.0580712242639585,-0.01673828903181071,0.7283088150418925,2.5367271478347497,2.505086204878263,0.5685833820552544,2008-01-28,5.0,0,True,False
2007-12-14,2008Q1,-2,diag3,student_t_ar1_shared,2.9224694571969856,2.8805795086270503,-0.1062352834554171,0.814669691750866,-1.6961606735480972,-1.7107102360127044,4.618630130745083,2008-04-28,5.0,0,True,False
2007-12-21,2007Q4,12,diag3,student_t_ar1_shared,3.082433679355656,3.035880913471265,-0.027927352781323467,0.719304608792882,2.5367271478347497,2.505086204878263,0.5457065315209064,2008-01-28,6.0,0,True,False
2007-12-21,2008Q1,-1,diag3,student_t_ar1_shared,2.753348947065315,2.7161260015893713,-0.18915799649292164,0.8094670394507919,-1.6961606735480972,-1.7107102360127044,4.449509620613412,2008-04-28,6.0,0,True,False
2007-12-28,2007Q4,13,diag3,student_t_ar1_shared,3.0983728069436944,3.0513422242415773,-0.020131265855086566,0.7228442380019512,2.5367271478347497,2.505086204878263,0.5616456591089447,2008-01-28,4.0,0,True,False
2007-12-28,2008Q1,0,diag3,student_t_ar1_shared,2.7807728024612954,2.7428114544234563,-0.17570233849269604,0.8105149097228607,-1.6961606735480972,-1.7107102360127044,4.476933476009393,2008-04-28,4.0,0,True,False
2008-01-04,2007Q4,14,diag3,student_t_ar1_shared,3.102801649122111,3.0556378759911724,-0.01796526098381851,0.7403360267842264,2.5367271478347497,2.505086204878263,0.5660745012873614,2008-01-28,12.0,11,False,True
2008-01-04,2008Q1,1,diag3,student_t_ar1_shared,2.8317030719734015,2.7923515130576826,-0.15072265797395912,0.8129649157504883,-1.6961606735480972,-1.7107102360127044,4.527863745521499,2008-04-28,12.0,0,True,False
2008-01-04,2008Q2,-12,diag3,student_t_ar1_shared,2.9310587193887683,2.8889245316857743,-0.10202745618037232,0.8405962788367971,2.403069701864058,2.37465037252643,0.5279890175247104,2008-07-28,12.0,0,True,False
2008-01-11,2007Q4,15,diag3,student_t_ar1_shared,3.116625456058908,3.0690447670407264,-0.011205078125738566,0.7541852389166767,2.5367271478347497,2.505086204878263,0.5798983082241582,2008-01-28,5.0,0,True,False
2008-01-11,2008Q1,2,diag3,student_t_ar1_shared,2.8497748806070033,2.809924129571331,-0.14186198322929988,0.8148696755329137,-1.6961606735480972,-1.7107102360127044,4.5459355541551005,2008-04-28,5.0,0,True,False
2008-01-11,2008Q2,-11,diag3,student_t_ar1_shared,2.9411948343629923,2.89877152641912,-0.0970622867944257,0.8426236971327261,2.403069701864058,2.37465037252643,0.5381251324989345,2008-07-28,5.0,0,True,False
2008-01-18,2007Q4,16,diag3,student_t_ar1_shared,3.127970667883506,3.080046472830132,-0.0056576665288003425,0.767132977542013,2.5367271478347497,2.505086204878263,0.5912435200487565,2008-01-28,10.0,0,True,False
2008-01-18,2008Q1,3,diag3,student_t_ar1_shared,2.850896397137359,2.8110145650311664,-0.1413121508277257,0.80489353348359,-1.6961606735480972,-1.7107102360127044,4.547057070685456,2008-04-28,10.0,0,True,False
2008-01-18,2008Q2,-10,diag3,student_t_ar1_shared,2.9369436667112003,2.8946417361622783,-0.09914465900126887,0.8429152831606637,2.403069701864058,2.37465037252643,0.5338739648471424,2008-07-28,10.0,0,True,False
2008-01-25,2007Q4,17,diag3,student_t_ar1_shared,3.1217301814676635,3.0739950832842955,-0.008708970498089386,0.7670117475372723,2.5367271478347497,2.505086204878263,0.5850030336329137,2008-01-28,0.0,0,True,False
2008-01-25,2008Q1,4,diag3,student_t_ar1_shared,2.7467240942652404,2.7096784585745954,-0.19240905369955663,0.8506942973987442,-1.6961606735480972,-1.7107102360127044,4.442884767813338,2008-04-28,0.0,0,True,False
2008-01-25,2008Q2,-9,diag3,student_t_ar1_shared,2.8073926170097963,2.7687077064211816,-0.16264462077152725,0.8458777797753505,2.403069701864058,2.37465037252643,0.40432291514573837,2008-07-28,0.0,0,True,False
2008-02-01,2008Q1,5,diag3,student_t_ar1_shared,2.863634318648267,2.823398640655625,-0.13252187540613175,1.201085092901946,-1.6961606735480972,-1.7107102360127044,4.559794992196364,2008-04-28,14.0,5,True,True
2008-02-01,2008Q2,-8,diag3,student_t_ar1_shared,2.906037957405383,2.864613304496344,-0.11163501448448732,0.8736584954837752,2.403069701864058,2.37465037252643,0.5029682555413251,2008-07-28,14.0,0,True,False
2008-02-08,2008Q1,6,diag3,student_t_ar1_shared,2.8403715860550793,2.8007809647479145,-0.14398411255747415,1.154275437107829,-1.6961606735480972,-1.7107102360127044,4.5365322596031765,2008-04-28,9.0,0,True,False
2008-02-08,2008Q2,-7,diag3,student_t_ar1_shared,2.840680999350642,2.801081831834763,-0.14383163845206345,0.8691945697819153,2.403069701864058,2.37465037252643,0.4376112974865842,2008-07-28,9.0,0,True,False
2008-02-15,2008Q1,7,diag3,student_t_ar1_shared,2.7820552187292513,2.744059166648798,-0.1727297141884972,1.17175052742738,-1.6961606735480972,-1.7107102360127044,4.4782158922773485,2008-04-28,5.0,0,True,False
2008-02-15,2008Q2,-6,diag3,student_t_ar1_shared,2.6798549262350146,2.64457571411877,-0.22314616414499966,0.8740927623916067,2.403069701864058,2.37465037252643,0.27678522437095676,2008-07-28,5.0,0,True,False
2008-02-22,2008Q1,8,diag3,student_t_ar1_shared,2.725013339410598,2.688545863691612,-0.2008628719075294,1.0913896276367627,-1.6961606735480972,-1.7107102360127044,4.421174012958695,2008-04-28,6.0,0,True,False
2008-02-22,2008Q2,-5,diag3,student_t_ar1_shared,2.579505675029692,2.546797703989242,-0.27269832612946476,0.8645503136300497,2.403069701864058,2.37465037252643,0.17643597316563397,2008-07-28,6.0,0,True,False
2008-02-29,2008Q1,9,diag3,student_t_ar1_shared,2.710119943661482,2.674046497845865,-0.2082108934525445,1.045824790418613,-1.6961606735480972,-1.7107102360127044,4.406280617209579,2008-04-28,4.0,0,True,False
2008-02-29,2008Q2,-4,diag3,student_t_ar1_shared,2.563871082999869,2.5315551040991724,-0.28042300551102056,0.8599497300594691,2.403069701864058,2.37465037252643,0.1608013811358111,2008-07-28,4.0,0,True,False
2008-03-07,2008Q1,10,diag3,student_t_ar1_shared,2.7444284702387023,2.707444178414116,-0.19128554106266593,1.0080787459623402,-1.6961606735480972,-1.7107102360127044,4.4405891437867995,2008-04-28,15.0,3,True,True
2008-03-07,2008Q2,-3,diag3,student_t_ar1_shared,2.5510401898565016,2.5190441724653017,-0.28676332385127823,0.8491942934280928,2.403069701864058,2.37465037252643,0.14797048799244372,2008-07-28,15.0,0,True,False
2008-03-14,2008Q1,11,diag3,student_t_ar1_shared,2.768019714809733,2.730402636534782,-0.17965060152767479,1.0216154187557656,-1.6961606735480972,-1.7107102360127044,4.46418038835783,2008-04-28,5.0,0,True,False
2008-03-14,2008Q2,-2,diag3,student_t_ar1_shared,2.570423292064694,2.5379433183049156,-0.27718557181099834,0.8527137378354892,2.403069701864058,2.37465037252643,0.16735359020063623,2008-07-28,5.0,0,True,False
2008-03-21,2008Q1,12,diag3,student_t_ar1_shared,2.7192931099305984,2.682977221191519,-0.2036849611976741,1.0294497971202554,-1.6961606735480972,-1.7107102360127044,4.4154537834786955,2008-04-28,7.0,0,True,False
2008-03-21,2008Q2,-1,diag3,student_t_ar1_shared,2.3989395557538984,2.370617066285254,-0.3619835497341324,0.8523342399007863,2.403069701864058,2.37465037252643,-0.004130146110159494,2008-07-28,7.0,0,True,False
2008-03-28,2008Q1,13,diag3,student_t_ar1_shared,2.7204504114622274,2.6841038790735885,-0.20311399095805244,1.0245376816404403,-1.6961606735480972,-1.7107102360127044,4.416611085010325,2008-04-28,4.0,0,True,False
2008-03-28,2008Q2,0,diag3,student_t_ar1_shared,2.402016060923362,2.3736214518462853,-0.3604609803978696,0.8501003989688737,2.403069701864058,2.37465037252643,-0.0010536409406958214,2008-07-28,4.0,0,True,False
2008-04-04,2008Q1,14,diag3,student_t_ar1_shared,2.686317672810423,2.6508695905598176,-0.21995653915156993,1.0270507935664117,-1.6961606735480972,-1.7107102360127044,4.38247834635852,2008-04-28,12.0,5,True,True
2008-04-04,2008Q2,1,diag3,student_t_ar1_shared,2.5808656949428244,2.5481235155034723,-0.27202642835994606,0.8511506924654206,2.403069701864058,2.37465037252643,0.17779599307876648,2008-07-28,12.0,0,True,False
2008-04-04,2008Q3,-12,diag3,student_t_ar1_shared,2.69421004629824,2.6585552008553544,-0.21606160811534375,0.8568523142430412,-2.0845363314131338,-2.10656952111413,4.778746377711373,2008-10-28,12.0,0,True,False
2008-04-11,2008Q1,15,diag3,student_t_ar1_shared,2.7069711870178814,2.670980777630944,-0.20976454610396972,1.0284132335600566,-1.6961606735480972,-1.7107102360127044,4.403131860565979,2008-04-28,5.0,0,True,False
2008-04-11,2008Q2,2,diag3,student_t_ar1_shared,2.5679465183249706,2.535528583565484,-0.278409316565052,0.8523934958727181,2.403069701864058,2.37465037252643,0.16487681646091268,2008-07-28,5.0,0,True,False
2008-04-11,2008Q3,-11,diag3,student_t_ar1_shared,2.656521304321058,2.621848497010208,-0.2346639148348296,0.8556342350735862,-2.0845363314131338,-2.10656952111413,4.741057635734192,2008-10-28,5.0,0,True,False
2008-04-18,2008Q1,16,diag3,student_t_ar1_shared,2.729635977783218,2.693045774877625,-0.19858239669935496,1.0491576147286323,-1.6961606735480972,-1.7107102360127044,4.425796651331315,2008-04-28,10.0,0,True,False
2008-04-18,2008Q2,3,diag3,student_t_ar1_shared,2.5601648783196485,2.527941481089802,-0.2822543255846641,0.8413830261221221,2.403069701864058,2.37465037252643,0.15709517645559057,2008-07-28,10.0,0,True,False
2008-04-18,2008Q3,-10,diag3,student_t_ar1_shared,2.6316547945988145,2.597622542728365,-0.2469411989523106,0.8595911269862585,-2.0845363314131338,-2.10656952111413,4.716191126011948,2008-10-28,10.0,0,True,False
2008-04-25,2008Q1,17,diag3,student_t_ar1_shared,2.7184400986118407,2.6821467882370364,-0.20410580989589588,1.0488138762809396,-1.6961606735480972,-1.7107102360127044,4.414600772159938,2008-04-28,0.0,0,True,False
2008-04-25,2008Q2,4,diag3,student_t_ar1_shared,2.4662796108847473,2.436357905877319,-0.3286672577770211,0.8605725215234054,2.403069701864058,2.37465037252643,0.06320990902068946,2008-07-28,0.0,0,True,False
2008-04-25,2008Q3,-9,diag3,student_t_ar1_shared,2.5172520251856456,2.4860910868257426,-0.303463363413714,0.8603810139910971,-2.0845363314131338,-2.10656952111413,4.60178835659878,2008-10-28,0.0,0,True,False
2008-05-02,2008Q2,5,diag3,student_t_ar1_shared,2.7362876626206623,2.699520507740291,-0.16488436848431043,0.8444803023116579,2.403069701864058,2.37465037252643,0.33321796075660437,2008-07-28,13.0,3,True,True
2008-05-02,2008Q3,-8,diag3,student_t_ar1_shared,2.0023896866526503,1.982605532225749,-0.5190031002695228,0.8436167500709967,-2.0845363314131338,-2.10656952111413,4.086926018065784,2008-10-28,13.0,0,True,False
2008-05-09,2008Q2,6,diag3,student_t_ar1_shared,2.6929964218297853,2.6573734091660395,-0.18570284432215756,0.8335045941564528,2.403069701864058,2.37465037252643,0.2899267199657274,2008-07-28,10.0,0,True,False
2008-05-09,2008Q3,-7,diag3,student_t_ar1_shared,1.876904301882032,1.859507793204351,-0.5798069845747689,0.8411203581998273,-2.0845363314131338,-2.10656952111413,3.9614406332951657,2008-10-28,10.0,0,True,False
2008-05-16,2008Q2,7,diag3,student_t_ar1_shared,2.689595138394174,2.65406126531775,-0.18733887121391657,0.8348809989981106,2.403069701864058,2.37465037252643,0.2865254365301162,2008-07-28,7.0,0,True,False
2008-05-16,2008Q3,-6,diag3,student_t_ar1_shared,1.8518172579982783,1.8348799019394746,-0.5919718826716496,0.8407397463428655,-2.0845363314131338,-2.10656952111413,3.936353589411412,2008-10-28,7.0,0,True,False
2008-05-23,2008Q2,8,diag3,student_t_ar1_shared,2.595111157520602,2.5620096076466314,-0.2328076051454786,0.8885551551486459,2.403069701864058,2.37465037252643,0.19204145565654418,2008-07-28,4.0,0,True,False
2008-05-23,2008Q3,-5,diag3,student_t_ar1_shared,1.748010001697975,1.732908042048819,-0.6423406808353949,0.8407380216520444,-2.0845363314131338,-2.10656952111413,3.8325463331111087,2008-10-28,4.0,0,True,False
2008-05-30,2008Q2,9,diag3,student_t_ar1_shared,2.6088510374659535,2.5754010449453255,-0.2261929312232449,0.8749343692142113,2.403069701864058,2.37465037252643,0.2057813356018956,2008-07-28,8.0,0,True,False
2008-05-30,2008Q3,-4,diag3,student_t_ar1_shared,1.771420449327299,1.7559136564814974,-0.6309771031656821,0.8395679683583324,-2.0845363314131338,-2.10656952111413,3.8559567807404327,2008-10-28,8.0,0,True,False
2008-06-06,2008Q2,10,diag3,student_t_ar1_shared,2.6475681325076827,2.6131266329269227,-0.2075584517826301,0.9107992684229123,2.403069701864058,2.37465037252643,0.24449843064362486,2008-07-28,10.0,7,True,True
2008-06-06,2008Q3,-3,diag3,student_t_ar1_shared,1.8627348176970537,1.8455983897431105,-0.5866775068567844,0.8356802262406972,-2.0845363314131338,-2.10656952111413,3.9472711491101875,2008-10-28,10.0,0,True,False
2008-06-13,2008Q2,11,diag3,student_t_ar1_shared,2.697716983588472,2.6619700744010513,-0.18343233063635367,0.9178754832241982,2.403069701864058,2.37465037252643,0.2946472817244139,2008-07-28,6.0,0,True,False
2008-06-13,2008Q3,-2,diag3,student_t_ar1_shared,1.878604922838245,1.861177069252609,-0.5789824489779439,0.8406687619363172,-2.0845363314131338,-2.10656952111413,3.963141254251379,2008-10-28,6.0,0,True,False
2008-06-20,2008Q2,12,diag3,student_t_ar1_shared,2.6057591258760393,2.572387700439589,-0.22768136677173878,0.9128742679545818,2.403069701864058,2.37465037252643,0.20268942401198142,2008-07-28,7.0,0,True,False
2008-06-20,2008Q3,-1,diag3,student_t_ar1_shared,1.6679592491749773,1.654201579670051,-0.6812175819921408,0.8364004204529615,-2.0845363314131338,-2.10656952111413,3.752495580588111,2008-10-28,7.0,0,True,False
2008-06-27,2008Q2,13,diag3,student_t_ar1_shared,2.6099447998764624,2.5764669925414623,-0.22566640852001574,0.909447822459209,2.403069701864058,2.37465037252643,0.20687509801240456,2008-07-28,4.0,0,True,False
2008-06-27,2008Q3,0,diag3,student_t_ar1_shared,1.6767228576638926,1.6628210413678481,-0.6769600159636109,0.8349776534199419,-2.0845363314131338,-2.10656952111413,3.7612591890770264,2008-10-28,4.0,0,True,False
2008-07-04,2008Q2,14,diag3,student_t_ar1_shared,2.605947820183596,2.5725716025281864,-0.22759052869942753,1.0298265377791713,2.403069701864058,2.37465037252643,0.20287811831953828,2008-07-28,9.0,4,True,True
2008-07-04,2008Q3,1,diag3,student_t_ar1_shared,1.7654474947912835,1.7500444942033675,-0.6338761642448307,0.8768262326909817,-2.0845363314131338,-2.10656952111413,3.8499838262044173,2008-10-28,9.0,0,True,False
2008-07-04,2008Q4,-12,diag3,student_t_ar1_shared,2.540024565189225,2.508301993432763,-0.25933637477952687,0.8617318521473806,-8.472768957225274,-8.853365095794153,11.012793522414498,2009-01-28,9.0,0,True,False
2008-07-11,2008Q2,15,diag3,student_t_ar1_shared,2.60978073356839,2.5763070992293953,-0.2257453875047266,1.0208625224879309,2.403069701864058,2.37465037252643,0.20671103170433192,2008-07-28,7.0,0,True,False
2008-07-11,2008Q3,2,diag3,student_t_ar1_shared,1.7327507762684435,1.717909842317505,-0.6497490118778624,0.8720229361170229,-2.0845363314131338,-2.10656952111413,3.8172871076815773,2008-10-28,7.0,0,True,False
2008-07-11,2008Q4,-11,diag3,student_t_ar1_shared,2.481581731920146,2.451290602382243,-0.2874970384365123,0.860020132611858,-8.472768957225274,-8.853365095794153,10.95435068914542,2009-01-28,7.0,0,True,False
2008-07-18,2008Q2,16,diag3,student_t_ar1_shared,2.617306814961484,2.5836414930332174,-0.22212257821641623,1.022906735350991,2.403069701864058,2.37465037252643,0.21423711309742632,2008-07-28,11.0,0,True,False
2008-07-18,2008Q3,3,diag3,student_t_ar1_shared,1.6769708229123825,1.6630649171922798,-0.6768395539833059,0.8583071392230394,-2.0845363314131338,-2.10656952111413,3.7615071543255163,2008-10-28,11.0,0,True,False
2008-07-18,2008Q4,-10,diag3,student_t_ar1_shared,2.3739668345396536,2.3462264163909294,-0.3393932849510824,0.8587645370011586,-8.472768957225274,-8.853365095794153,10.846735791764928,2009-01-28,11.0,0,True,False
2008-07-25,2008Q2,17,diag3,student_t_ar1_shared,2.6120639907115217,2.5785322591740285,-0.22464627415861838,1.0227679755850194,2.403069701864058,2.37465037252643,0.20899428884746385,2008-07-28,0.0,0,True,False
2008-07-25,2008Q3,4,diag3,student_t_ar1_shared,1.6408120165027018,1.6274961575039435,-0.6944086723616276,0.8476436677133162,-2.0845363314131338,-2.10656952111413,3.7253483479158356,2008-10-28,0.0,0,True,False
2008-07-25,2008Q4,-9,diag3,student_t_ar1_shared,2.3301854132688593,2.3034511023998734,-0.36052206654942376,0.8569175382621057,-8.472768957225274,-8.853365095794153,10.802954370494133,2009-01-28,0.0,0,True,False
2008-08-01,2008Q3,5,diag3,student_t_ar1_shared,1.8415599100744195,1.8248085406854735,-0.5963628128262392,1.014745183836043,-2.0845363314131338,-2.10656952111413,3.9260962414875533,2008-10-28,13.0,12,False,True
2008-08-01,2008Q4,-8,diag3,student_t_ar1_shared,2.6138489510706187,2.5802717669521327,-0.2213940521845279,0.8668902973246463,-8.472768957225274,-8.853365095794153,11.086617908295892,2009-01-28,13.0,0,True,False
2008-08-08,2008Q3,6,diag3,student_t_ar1_shared,1.8287121489587443,1.8121923046458979,-0.6026247912088284,0.9949984349505342,-2.0845363314131338,-2.10656952111413,3.913248480371878,2008-10-28,10.0,0,True,False
2008-08-08,2008Q4,-7,diag3,student_t_ar1_shared,2.5291270377233,2.497673844448869,-0.26239093933373325,0.8648241835578093,-8.472768957225274,-8.853365095794153,11.001895994948573,2009-01-28,10.0,0,True,False
2008-08-15,2008Q3,7,diag3,student_t_ar1_shared,1.8664908050661566,1.849285624461679,-0.5842137876340486,1.029155648163492,-2.0845363314131338,-2.10656952111413,3.9510271364792904,2008-10-28,5.0,0,True,False
2008-08-15,2008Q4,-6,diag3,student_t_ar1_shared,2.5440200969737203,2.5121984757666986,-0.2551817426254584,0.8679514242486985,-8.472768957225274,-8.853365095794153,11.016789054198995,2009-01-28,5.0,0,True,False
2008-08-22,2008Q3,8,diag3,student_t_ar1_shared,1.8113093218064646,1.7951005492345913,-0.6111081615714604,1.070757543311504,-2.0845363314131338,-2.10656952111413,3.8958456532195984,2008-10-28,6.0,0,True,False
2008-08-22,2008Q4,-5,diag3,student_t_ar1_shared,2.4397906890011756,2.4105032086569063,-0.3056574599674257,0.8672203589227047,-8.472768957225274,-8.853365095794153,10.912559646226448,2009-01-28,6.0,0,True,False
2008-08-29,2008Q3,9,diag3,student_t_ar1_shared,1.8287686517733936,1.8122477927275642,-0.602597250096979,1.042659398613662,-2.0845363314131338,-2.10656952111413,3.9133049831865274,2008-10-28,4.0,0,True,False
2008-08-29,2008Q4,-4,diag3,student_t_ar1_shared,2.4589875344356527,2.4292410905096915,-0.2963570465374945,0.8644367565722343,-8.472768957225274,-8.853365095794153,10.931756491660927,2009-01-28,4.0,0,True,False
2008-09-05,2008Q3,10,diag3,student_t_ar1_shared,1.7760773343641567,1.7604893796796555,-0.6282871676450048,1.1157310077438114,-2.0845363314131338,-2.10656952111413,3.8606136657772905,2008-10-28,12.0,4,True,True
2008-09-05,2008Q4,-3,diag3,student_t_ar1_shared,2.3932006003335893,2.365012402534548,-0.3282364957155829,0.8660074884459872,-8.472768957225274,-8.853365095794153,10.865969557558863,2009-01-28,12.0,0,True,False
2008-09-12,2008Q3,11,diag3,student_t_ar1_shared,1.8042091099210733,1.7881264129379464,-0.6145697241634909,1.1228055345211594,-2.0845363314131338,-2.10656952111413,3.888745441334207,2008-10-28,4.0,0,True,False
2008-09-12,2008Q4,-2,diag3,student_t_ar1_shared,2.4154119583540856,2.3867022698014346,-0.3174708854717338,0.8689427741385513,-8.472768957225274,-8.853365095794153,10.888180915579358,2009-01-28,4.0,0,True,False
2008-09-19,2008Q3,12,diag3,student_t_ar1_shared,1.77235279281871,1.7568297675239293,-0.6301035899230862,1.254659197023545,-2.0845363314131338,-2.10656952111413,3.8568891242318437,2008-10-28,10.0,0,True,False
2008-09-19,2008Q4,-1,diag3,student_t_ar1_shared,2.425277456293573,2.396334631394539,-0.31268993179584387,0.9281037084886911,-8.472768957225274,-8.853365095794153,10.898046413518847,2009-01-28,10.0,0,True,False
2008-09-26,2008Q3,13,diag3,student_t_ar1_shared,1.7682317762414579,1.7527804359505312,-0.6321134466423972,1.247466433396883,-2.0845363314131338,-2.10656952111413,3.8527681076545917,2008-10-28,4.0,0,True,False
2008-09-26,2008Q4,0,diag3,student_t_ar1_shared,2.4235509482722017,2.394648990295331,-0.31352658768044617,0.9245397869292713,-8.472768957225274,-8.853365095794153,10.896319905497474,2009-01-28,4.0,0,True,False
2008-10-03,2008Q3,14,diag3,student_t_ar1_shared,1.6047491157881622,1.5920091329489197,-0.7119111312116109,1.3934934514036759,-2.0845363314131338,-2.10656952111413,3.689285447201296,2008-10-28,10.0,9,True,True
2008-10-03,2008Q4,1,diag3,student_t_ar1_shared,1.8531143027761932,1.8361533564091177,-0.5907318948097191,0.9777334763103299,-8.472768957225274,-8.853365095794153,10.325883260001467,2009-01-28,10.0,0,True,False
2008-10-03,2009Q1,-12,diag3,student_t_ar1_shared,1.6093450642278295,1.596532390510358,-0.7096660447230769,0.9042176718135203,-4.462803810727223,-4.565452543960741,6.072148874955053,2009-04-28,10.0,0,True,False
2008-10-10,2008Q3,15,diag3,student_t_ar1_shared,1.5343010475638685,1.522649675974136,-0.7463372008287132,1.3700812125264645,-2.0845363314131338,-2.10656952111413,3.6188373789770023,2008-10-28,7.0,0,True,False
2008-10-10,2008Q4,2,diag3,student_t_ar1_shared,1.614614134559833,1.6017178719407652,-0.707092268160981,0.9665797093965126,-8.472768957225274,-8.853365095794153,10.087383091785107,2009-01-28,7.0,0,True,False
2008-10-10,2009Q1,-11,diag3,student_t_ar1_shared,1.3126262672153999,1.3040859821306017,-0.854819724599972,0.8976828759258885,-4.462803810727223,-4.565452543960741,5.775430077942623,2009-04-28,7.0,0,True,False
2008-10-17,2008Q3,16,diag3,student_t_ar1_shared,1.4764744226133164,1.4656806541273235,-0.7746133667281898,1.5402226331114723,-2.0845363314131338,-2.10656952111413,3.56101075402645,2008-10-28,9.0,0,True,False
2008-10-17,2008Q4,3,diag3,student_t_ar1_shared,1.4552304041111963,1.4447435427007345,-0.7850053520030291,1.0344979516564163,-8.472768957225274,-8.853365095794153,9.92799936133647,2009-01-28,9.0,0,True,False
2008-10-17,2009Q1,-10,diag3,student_t_ar1_shared,1.148730732297798,1.1421829176173321,-0.9351791508881911,0.9573163730002824,-4.462803810727223,-4.565452543960741,5.611534543025021,2009-04-28,9.0,0,True,False
2008-10-24,2008Q3,17,diag3,student_t_ar1_shared,1.458118201929559,1.4475898786745744,-0.7835925935319713,1.5247104550424566,-2.0845363314131338,-2.10656952111413,3.542654533342693,2008-10-28,2.0,0,True,False
2008-10-24,2008Q4,4,diag3,student_t_ar1_shared,1.3460818611881642,1.337102667755072,-0.8384321292033237,1.176215325004239,-8.472768957225274,-8.853365095794153,9.818850818413438,2009-01-28,2.0,0,True,False
2008-10-24,2009Q1,-9,diag3,student_t_ar1_shared,1.0218596283070092,1.0166739398585296,-0.9974746329226994,0.9647786977753129,-4.462803810727223,-4.565452543960741,5.484663439034232,2009-04-28,2.0,0,True,False
2008-10-31,2008Q4,5,diag3,student_t_ar1_shared,0.8123667963805703,0.809084859583658,-1.0440032296487203,1.148764818112868,-8.472768957225274,-8.853365095794153,9.285135753605843,2009-01-28,10.0,0,True,False
2008-10-31,2009Q1,-8,diag3,student_t_ar1_shared,0.44323145262858965,0.44225207489929774,-1.2210434245299384,0.932405476569673,-4.462803810727223,-4.565452543960741,4.906035263355813,2009-04-28,10.0,0,True,False
2008-11-07,2008Q4,6,diag3,student_t_ar1_shared,-0.059899226058413024,-0.05991717281182085,-1.463399465729005,1.0147396869320848,-8.472768957225274,-8.853365095794153,8.412869731166861,2009-01-28,13.0,18,True,True
2008-11-07,2009Q1,-7,diag3,student_t_ar1_shared,-0.8398105449014426,-0.8433568222901062,-1.8415017346978293,0.9044314377954016,-4.462803810727223,-4.565452543960741,3.6229932658257806,2009-04-28,13.0,0,True,False
2008-11-14,2008Q4,7,diag3,student_t_ar1_shared,0.21429678839894883,0.21406750034422117,-1.3311694635176443,1.5202655640460572,-8.472768957225274,-8.853365095794153,8.687065745624222,2009-01-28,5.0,0,True,False
2008-11-14,2009Q1,-6,diag3,student_t_ar1_shared,-0.4592319679878165,-0.46028967745889426,-1.6566265414081578,0.9601396435281658,-4.462803810727223,-4.565452543960741,4.003571842739406,2009-04-28,5.0,0,True,False
2008-11-21,2008Q4,8,diag3,student_t_ar1_shared,0.14781533318830586,0.1477061938612212,-1.363196640811603,1.3104280643860347,-8.472768957225274,-8.853365095794153,8.620584290413579,2009-01-28,6.0,0,True,False
2008-11-21,2009Q1,-5,diag3,student_t_ar1_shared,-0.5452957243646583,-0.5467878884431374,-1.6983721562192868,0.9281292378847341,-4.462803810727223,-4.565452543960741,3.917508086362565,2009-04-28,6.0,0,True,False
2008-11-28,2008Q4,9,diag3,student_t_ar1_shared,0.1759053455358206,0.17575081327667608,-1.3496617957978079,1.3736564724725506,-8.472768957225274,-8.853365095794153,8.648674302761094,2009-01-28,4.0,0,True,False
2008-11-28,2009Q1,-4,diag3,student_t_ar1_shared,-0.5113014891788059,-0.5126131080376841,-1.6818787836647857,0.9354594318309319,-4.462803810727223,-4.565452543960741,3.9515023215484173,2009-04-28,4.0,0,True,False
2008-12-05,2008Q4,10,diag3,student_t_ar1_shared,-0.28052127810200833,-0.2809154764187163,-1.57005727924109,1.267907182478411,-8.472768957225274,-8.853365095794153,8.192247679123266,2009-01-28,13.0,57,True,True
2008-12-05,2009Q1,-3,diag3,student_t_ar1_shared,-1.461093091776322,-1.4718721807520292,-2.144834714174245,0.9426699392807907,-4.462803810727223,-4.565452543960741,3.001710718950901,2009-04-28,13.0,0,True,False
2008-12-12,2008Q4,11,diag3,student_t_ar1_shared,-0.30610219544977557,-0.3065716464647492,-1.5824394150111076,1.2657283827383643,-8.472768957225274,-8.853365095794153,8.166666761775499,2009-01-28,4.0,0,True,False
2008-12-12,2009Q1,-2,diag3,student_t_ar1_shared,-1.4897721114103368,-1.5009806768295024,-2.1588830054759325,0.9391518251663,-4.462803810727223,-4.565452543960741,2.9730316993168864,2009-04-28,4.0,0,True,False
2008-12-19,2008Q4,12,diag3,student_t_ar1_shared,-0.23855455016174032,-0.23883954486419734,-1.5497506669827816,1.3074835812825096,-8.472768957225274,-8.853365095794153,8.234214407063533,2009-01-28,10.0,0,True,False
2008-12-19,2009Q1,-1,diag3,student_t_ar1_shared,-1.3020548417431055,-1.3106058830654939,-2.06700465655068,0.9709738360802255,-4.462803810727223,-4.565452543960741,3.1607489689841177,2009-04-28,10.0,0,True,False
2008-12-26,2008Q4,13,diag3,student_t_ar1_shared,-0.24487193632134474,-0.24517223798382792,-1.5528069402245177,1.303676106450772,-8.472768957225274,-8.853365095794153,8.227897020903928,2009-01-28,4.0,0,True,False
2008-12-26,2009Q1,0,diag3,student_t_ar1_shared,-1.2960930421167527,-1.3045656159005632,-2.064089513410096,0.9686245925222963,-4.462803810727223,-4.565452543960741,3.1667107686104705,2009-04-28,4.0,0,True,False
2009-01-02,2008Q4,14,diag3,student_t_ar1_shared,-0.35852826334945576,-0.35917251627440194,-1.6078255545025257,1.330218265938504,-8.472768957225274,-8.853365095794153,8.114240693875818,2009-01-28,8.0,30,True,True
2009-01-02,2009Q1,1,diag3,student_t_ar1_shared,-1.8988598173893756,-1.9171196827735213,-2.3597192823463256,0.97885155238864,-4.462803810727223,-4.565452543960741,2.5639439933378476,2009-04-28,8.0,0,True,False
2009-01-02,2009Q2,-12,diag3,student_t_ar1_shared,-0.8150812306982447,-0.8184211790038005,-1.829467338288319,0.8829578701747521,-0.7126911125331037,-0.7152428870508096,-0.10239011816514099,2009-07-28,8.0,0,True,False
2009-01-09,2008Q4,15,diag3,student_t_ar1_shared,-0.4127892740807715,-0.4136436008614819,-1.6341142937682533,1.3571060593939193,-8.472768957225274,-8.853365095794153,8.059979683144501,2009-01-28,8.0,0,True,False
2009-01-09,2009Q1,2,diag3,student_t_ar1_shared,-1.9905468006471194,-2.0106250751717005,-2.4048466907562975,0.9895868884373269,-4.462803810727223,-4.565452543960741,2.472257010080104,2009-04-28,8.0,0,True,False
2009-01-09,2009Q2,-11,diag3,student_t_ar1_shared,-0.9486006803149594,-0.9531285536103353,-1.8944795750566295,0.8865296895329937,-0.7126911125331037,-0.7152428870508096,-0.23590956778185568,2009-07-28,8.0,0,True,False
2009-01-16,2008Q4,16,diag3,student_t_ar1_shared,-0.4884484105347142,-0.48964521856715404,-1.6707940611491259,1.374817037070388,-8.472768957225274,-8.853365095794153,7.98432054669056,2009-01-28,7.0,0,True,False
2009-01-16,2009Q1,3,diag3,student_t_ar1_shared,-2.047706008567729,-2.0689621846954336,-2.433001244193432,0.9902988263228767,-4.462803810727223,-4.565452543960741,2.415097802159494,2009-04-28,7.0,0,True,False
2009-01-16,2009Q2,-10,diag3,student_t_ar1_shared,-0.9787360788259147,-0.9835571834377883,-1.9091649869923593,0.89807412208703,-0.7126911125331037,-0.7152428870508096,-0.26604496629281105,2009-07-28,7.0,0,True,False
2009-01-23,2008Q4,17,diag3,student_t_ar1_shared,-0.5051800661523109,-0.5064604145118343,-1.6789093815111638,1.3894068499565146,-8.472768957225274,-8.853365095794153,7.967588891072962,2009-01-28,4.0,0,True,False
2009-01-23,2009Q1,4,diag3,student_t_ar1_shared,-1.947324853517296,-1.966535022498443,-2.3835680268977413,0.9809783509867609,-4.462803810727223,-4.565452543960741,2.515478957209927,2009-04-28,4.0,0,True,False
2009-01-23,2009Q2,-9,diag3,student_t_ar1_shared,-0.8466294182285505,-0.8502336826808139,-1.8448206329931096,0.899499706751798,-0.7126911125331037,-0.7152428870508096,-0.13393830569544685,2009-07-28,4.0,0,True,False
2009-01-30,2009Q1,5,diag3,student_t_ar1_shared,-3.0167464992551074,-3.063186671167264,-2.4753346847548148,0.9885458831360134,-4.462803810727223,-4.565452543960741,1.4460573114721158,2009-04-28,10.0,0,True,False
2009-01-30,2009Q2,-8,diag3,student_t_ar1_shared,-2.1821500332335764,-2.2063110603543814,-2.1165816090615297,0.8924070224272869,-0.7126911125331037,-0.7152428870508096,-1.4694589207004727,2009-07-28,10.0,0,True,False
2009-02-06,2009Q1,6,diag3,student_t_ar1_shared,-3.852268870428277,-3.9284311428062804,-2.837591599889365,0.8945081676236175,-4.462803810727223,-4.565452543960741,0.6105349402989462,2009-04-28,11.0,14,True,True
2009-02-06,2009Q2,-7,diag3,student_t_ar1_shared,-2.9217839858857286,-2.96531817497731,-2.434359514521746,0.7885248273260949,-0.7126911125331037,-0.7152428870508096,-2.209092873352625,2009-07-28,11.0,0,True,False
2009-02-13,2009Q1,7,diag3,student_t_ar1_shared,-3.969040434886195,-4.0499551040806185,-2.888470740720835,1.0221289497666972,-4.462803810727223,-4.565452543960741,0.49376337584102803,2009-04-28,6.0,0,True,False
2009-02-13,2009Q2,-6,diag3,student_t_ar1_shared,-3.075110678598403,-3.1233844331140785,-2.5005380304630496,0.802660606839477,-0.7126911125331037,-0.7152428870508096,-2.362419566065299,2009-07-28,6.0,0,True,False
2009-02-20,2009Q1,8,diag3,student_t_ar1_shared,-4.080634886205159,-4.166229420446949,-2.937151982308494,1.1082280778998599,-4.462803810727223,-4.565452543960741,0.3821689245220643,2009-04-28,7.0,0,True,False
2009-02-20,2009Q2,-5,diag3,student_t_ar1_shared,-3.2041936754027223,-3.2566515737035635,-2.5563337562043524,0.8026214994626729,-0.7126911125331037,-0.7152428870508096,-2.4915025628696186,2009-07-28,7.0,0,True,False
2009-02-27,2009Q1,9,diag3,student_t_ar1_shared,-4.12115640121865,-4.208483741682162,-2.9548428437511305,1.1963656718174356,-4.462803810727223,-4.565452543960741,0.34164740950857286,2009-04-28,4.0,0,True,False
2009-02-27,2009Q2,-4,diag3,student_t_ar1_shared,-3.2335551873154844,-3.286989629771269,-2.5690355658806947,0.8121887387252819,-0.7126911125331037,-0.7152428870508096,-2.5208640747823807,2009-07-28,4.0,0,True,False
2009-03-06,2009Q1,10,diag3,student_t_ar1_shared,-4.8502293009458075,-4.971800213791508,-3.2744249728734576,1.1773063943726716,-4.462803810727223,-4.565452543960741,-0.3874254902185843,2009-04-28,10.0,12,True,True
2009-03-06,2009Q2,-3,diag3,student_t_ar1_shared,-4.133920664123014,-4.221797536621662,-2.9604170074026834,0.8015993550857355,-0.7126911125331037,-0.7152428870508096,-3.4212295515899105,2009-07-28,10.0,0,True,False
2009-03-13,2009Q1,11,diag3,student_t_ar1_shared,-4.899310961185099,-5.023397104958875,-3.296027342189284,1.175493912491661,-4.462803810727223,-4.565452543960741,-0.43650715045787614,2009-04-28,8.0,0,True,False
2009-03-13,2009Q2,-2,diag3,student_t_ar1_shared,-4.197530924392989,-4.288172811159454,-2.988206728092515,0.8045835069915371,-0.7126911125331037,-0.7152428870508096,-3.4848398118598856,2009-07-28,8.0,0,True,False
2009-03-20,2009Q1,12,diag3,student_t_ar1_shared,-4.5297112782301525,-4.635509976810167,-3.133628391292347,1.1714231080829973,-4.462803810727223,-4.565452543960741,-0.06690746750292931,2009-04-28,9.0,0,True,False
2009-03-20,2009Q2,-1,diag3,student_t_ar1_shared,-3.659427550331329,-3.728064283077539,-2.753702846040368,0.8038991002289377,-0.7126911125331037,-0.7152428870508096,-2.9467364377982252,2009-07-28,9.0,0,True,False
2009-03-27,2009Q1,13,diag3,student_t_ar1_shared,-4.527864715482865,-4.633575820210914,-3.1328186067447437,1.167276387898482,-4.462803810727223,-4.565452543960741,-0.06506090475564186,2009-04-28,4.0,0,True,False
2009-03-27,2009Q2,0,diag3,student_t_ar1_shared,-3.663072206003337,-3.7318474499422036,-2.755286766426749,0.8012068735176666,-0.7126911125331037,-0.7152428870508096,-2.9503810934702335,2009-07-28,4.0,0,True,False
2009-04-03,2009Q1,14,diag3,student_t_ar1_shared,-4.451423524200826,-4.5535413625251655,-3.0993101167213575,1.1879076953376795,-4.462803810727223,-4.565452543960741,0.01138028652639722,2009-04-28,9.0,5,True,True
2009-04-03,2009Q2,1,diag3,student_t_ar1_shared,-3.351727023737172,-3.4091849337034583,-2.620195781631685,0.7982411842148024,-0.7126911125331037,-0.7152428870508096,-2.6390359112040684,2009-07-28,9.0,0,True,False
2009-04-03,2009Q3,-12,diag3,student_t_ar1_shared,-2.711978444265273,-2.7494312743194227,-2.3439728952323557,0.7656291902134672,1.4121870876976361,1.4023086188557472,-4.124165531962909,2009-10-28,9.0,0,True,False
2009-04-10,2009Q1,15,diag3,student_t_ar1_shared,-4.505351110688993,-4.609997264394968,-3.12294683619528,1.194880592892914,-4.462803810727223,-4.565452543960741,-0.04254729996176998,2009-04-28,7.0,0,True,False
2009-04-10,2009Q2,2,diag3,student_t_ar1_shared,-3.477850096384283,-3.5397671301790776,-2.6748673862674752,0.8004568547250869,-0.7126911125331037,-0.7152428870508096,-2.765158983851179,2009-07-28,7.0,0,True,False
2009-04-10,2009Q3,-11,diag3,student_t_ar1_shared,-2.8734776809403284,-2.9155703610400625,-2.413531309081199,0.7644316695125477,1.4121870876976361,1.4023086188557472,-4.2856647686379645,2009-10-28,7.0,0,True,False
2009-04-17,2009Q1,16,diag3,student_t_ar1_shared,-4.503248390758452,-4.6077953642830884,-3.122024953920259,1.1978873464624942,-4.462803810727223,-4.565452543960741,-0.040444580031229194,2009-04-28,9.0,0,True,False
2009-04-17,2009Q2,3,diag3,student_t_ar1_shared,-3.3604722957157995,-3.418233897946215,-2.623984363910095,0.8423074342082044,-0.7126911125331037,-0.7152428870508096,-2.647781183182696,2009-07-28,9.0,0,True,False
2009-04-17,2009Q3,-10,diag3,student_t_ar1_shared,-2.7146704641752395,-2.7521983746392102,-2.345131413152517,0.7669888414941384,1.4121870876976361,1.4023086188557472,-4.126857551872876,2009-10-28,9.0,0,True,False
2009-04-24,2009Q1,17,diag3,student_t_ar1_shared,-4.478123393375966,-4.5814890320033035,-3.1110111293971996,1.1990285321925458,-4.462803810727223,-4.565452543960741,-0.015319582648742447,2009-04-28,2.0,0,True,False
2009-04-24,2009Q2,4,diag3,student_t_ar1_shared,-3.2098055664571357,-3.262449401060925,-2.5587611661697487,0.8458868737447404,-0.7126911125331037,-0.7152428870508096,-2.497114453924032,2009-07-28,2.0,0,True,False
2009-04-24,2009Q3,-9,diag3,student_t_ar1_shared,-2.508867506208712,-2.5408760902008893,-2.256655888177709,0.7666194392869092,1.4121870876976361,1.4023086188557472,-3.921054593906348,2009-10-28,2.0,0,True,False
2009-05-01,2009Q2,5,diag3,student_t_ar1_shared,-3.2981973905843454,-3.353814244699777,-2.4580407140247758,0.7200516820579507,-0.7126911125331037,-0.7152428870508096,-2.5855062780512417,2009-07-28,13.0,11,True,True
2009-05-01,2009Q3,-8,diag3,student_t_ar1_shared,-2.1856660479108947,-2.2099055759471287,-1.9990867213089911,0.7064896564267146,1.4121870876976361,1.4023086188557472,-3.597853135608531,2009-10-28,13.0,0,True,False
2009-05-08,2009Q2,6,diag3,student_t_ar1_shared,-3.2878158876009755,-3.3430792371966427,-2.453733661643776,0.7787101506344966,-0.7126911125331037,-0.7152428870508096,-2.575124775067872,2009-07-28,10.0,0,True,False
2009-05-08,2009Q3,-7,diag3,student_t_ar1_shared,-2.2713989228795417,-2.297592590002823,-2.0342681184865032,0.7098778375097232,1.4121870876976361,1.4023086188557472,-3.683586010577178,2009-10-28,10.0,0,True,False
2009-05-15,2009Q2,7,diag3,student_t_ar1_shared,-3.254121937069898,-3.3082458986498913,-2.4397579831282132,0.7747902809105087,-0.7126911125331037,-0.7152428870508096,-2.5414308245367945,2009-07-28,5.0,0,True,False
2009-05-15,2009Q3,-6,diag3,student_t_ar1_shared,-2.271222442054688,-2.2974120075903453,-2.034195666007136,0.7092687200345057,1.4121870876976361,1.4023086188557472,-3.683409529752324,2009-10-28,5.0,0,True,False
2009-05-22,2009Q2,8,diag3,student_t_ar1_shared,-3.0195892872523,-3.0661179294613574,-2.3426124668446304,0.7688854939450783,-0.7126911125331037,-0.7152428870508096,-2.3068981747191963,2009-07-28,6.0,0,True,False
2009-05-22,2009Q3,-5,diag3,student_t_ar1_shared,-1.8544868626111377,-1.8718980651981387,-1.8634728380823429,0.7079749702935559,1.4121870876976361,1.4023086188557472,-3.266673950308774,2009-10-28,6.0,0,True,False
2009-05-29,2009Q2,9,diag3,student_t_ar1_shared,-2.974638563957699,-3.019778355539294,-2.3240203073014474,0.7551330676514465,-0.7126911125331037,-0.7152428870508096,-2.261947451424595,2009-07-28,4.0,0,True,False
2009-05-29,2009Q3,-4,diag3,student_t_ar1_shared,-1.811219020963395,-1.827822380363847,-1.8457889861377303,0.7063684171212533,1.4121870876976361,1.4023086188557472,-3.223406108661031,2009-10-28,4.0,0,True,False
2009-06-05,2009Q2,10,diag3,student_t_ar1_shared,-2.7230807543802693,-2.7608437210647847,-2.220131694870471,0.7448950182744901,-0.7126911125331037,-0.7152428870508096,-2.0103896418471656,2009-07-28,13.0,11,True,True
2009-06-05,2009Q3,-3,diag3,student_t_ar1_shared,-1.031345080250723,-1.0367002959466864,-1.5283784713937412,0.6942967971431344,1.4121870876976361,1.4023086188557472,-2.443532167948359,2009-10-28,13.0,0,True,False
2009-06-12,2009Q2,11,diag3,student_t_ar1_shared,-2.7737189994467504,-2.812913040383424,-2.2410227175998827,0.770677099482105,-0.7126911125331037,-0.7152428870508096,-2.0610278869136467,2009-07-28,4.0,0,True,False
2009-06-12,2009Q3,-2,diag3,student_t_ar1_shared,-1.1160635212023928,-1.1223382403682822,-1.5627377498867714,0.7043507728254501,1.4121870876976361,1.4023086188557472,-2.528250608900029,2009-10-28,4.0,0,True,False
2009-06-19,2009Q2,12,diag3,student_t_ar1_shared,-2.687011427698449,-2.7237715753411025,-2.205257772010022,0.7937226660196262,-0.7126911125331037,-0.7152428870508096,-1.9743203151653455,2009-07-28,10.0,0,True,False
2009-06-19,2009Q3,-1,diag3,student_t_ar1_shared,-0.8185041507745239,-0.8218722874822166,-1.4421861249894947,0.7061780010636214,1.4121870876976361,1.4023086188557472,-2.23069123847216,2009-10-28,10.0,0,True,False
2009-06-26,2009Q2,13,diag3,student_t_ar1_shared,-2.6864258712043454,-2.723169852240227,-2.2050163513204164,0.7930313064331983,-0.7126911125331037,-0.7152428870508096,-1.9737347586712417,2009-07-28,4.0,0,True,False
2009-06-26,2009Q3,0,diag3,student_t_ar1_shared,-0.8262745325531728,-0.8297071019439146,-1.4453295747050254,0.7057137354283637,1.4121870876976361,1.4023086188557472,-2.238461620250809,2009-10-28,4.0,0,True,False
2009-07-03,2009Q2,14,diag3,student_t_ar1_shared,-2.624312384353622,-2.6593620300710943,-2.179415658231033,0.7866526925557457,-0.7126911125331037,-0.7152428870508096,-1.9116212718205183,2009-07-28,8.0,4,True,True
2009-07-03,2009Q3,1,diag3,student_t_ar1_shared,-0.3898560788407557,-0.3906179985567082,-1.2691601805371349,0.7008652830190418,1.4121870876976361,1.4023086188557472,-1.8020431665383918,2009-10-28,8.0,0,True,False
2009-07-03,2009Q4,-12,diag3,student_t_ar1_shared,-0.09321211530155527,-0.093255584808412,-1.1498537439295684,0.7193995168310416,4.394263592305325,4.300454151697932,-4.4874757076068805,2010-01-28,8.0,0,True,False
2009-07-10,2009Q2,15,diag3,student_t_ar1_shared,-2.6161836102605918,-2.6510145307906217,-2.1760665113728814,0.7810088028867433,-0.7126911125331037,-0.7152428870508096,-1.903492497727488,2009-07-28,8.0,0,True,False
2009-07-10,2009Q3,2,diag3,student_t_ar1_shared,-0.43492220834249196,-0.4358707462461493,-1.2873162884509564,0.6969027900375298,1.4121870876976361,1.4023086188557472,-1.847109296040128,2009-10-28,8.0,0,True,False
2009-07-10,2009Q4,-11,diag3,student_t_ar1_shared,-0.17118797926719553,-0.1713346733273946,-1.1811802915834746,0.7151373848197634,4.394263592305325,4.300454151697932,-4.56545157157252,2010-01-28,8.0,0,True,False
2009-07-17,2009Q2,16,diag3,student_t_ar1_shared,-2.533726240868117,-2.566377798776023,-2.1421089349075566,0.7947124661143115,-0.7126911125331037,-0.7152428870508096,-1.8210351283350135,2009-07-28,9.0,0,True,False
2009-07-17,2009Q3,3,diag3,student_t_ar1_shared,-0.22051422875781768,-0.22075771940344824,-1.201009588229609,0.7111927206331521,1.4121870876976361,1.4023086188557472,-1.6327013164554538,2009-10-28,9.0,0,True,False
2009-07-17,2009Q4,-10,diag3,student_t_ar1_shared,0.03395083130608434,0.03394506931547925,-1.098818858294968,0.7176823149087574,4.394263592305325,4.300454151697932,-4.360312760999241,2010-01-28,9.0,0,True,False
2009-07-24,2009Q2,17,diag3,student_t_ar1_shared,-2.524213043057588,-2.5566177728656165,-2.13819306034261,0.795044105272208,-0.7126911125331037,-0.7152428870508096,-1.8115219305244845,2009-07-28,2.0,0,True,False
2009-07-24,2009Q3,4,diag3,student_t_ar1_shared,-0.17349637403650808,-0.17364705330279673,-1.1821080544821894,0.6967759503949863,1.4121870876976361,1.4023086188557472,-1.5856834617341442,2009-10-28,2.0,0,True,False
2009-07-24,2009Q4,-9,diag3,student_t_ar1_shared,0.06097637591193639,0.06095779287363845,-1.0879809324449405,0.7147748040910266,4.394263592305325,4.300454151697932,-4.333287216393389,2010-01-28,2.0,0,True,False
2009-07-31,2009Q3,5,diag3,student_t_ar1_shared,-0.3057170779592555,-0.30618534724770097,-1.2151415218303354,0.7019711359965003,1.4121870876976361,1.4023086188557472,-1.7179041656568916,2009-10-28,10.0,0,True,False
2009-07-31,2009Q4,-8,diag3,student_t_ar1_shared,0.20094252712339333,0.20074090767498998,-1.0127314773301077,0.711733338249117,4.394263592305325,4.300454151697932,-4.193321065181932,2010-01-28,10.0,0,True,False
2009-08-07,2009Q3,6,diag3,student_t_ar1_shared,0.14366366480720316,0.1435605672948963,-1.0355629545488956,0.8023678391393096,1.4121870876976361,1.4023086188557472,-1.268523422890433,2009-10-28,13.0,13,False,True
2009-08-07,2009Q4,-7,diag3,student_t_ar1_shared,0.8133959553429992,0.8101057201605983,-0.7694188502678239,0.7111532056323235,4.394263592305325,4.300454151697932,-3.580867636962326,2010-01-28,13.0,0,True,False
2009-08-14,2009Q3,7,diag3,student_t_ar1_shared,0.09491899271645288,0.09487397312640367,-1.0550029728878787,0.7987960420951775,1.4121870876976361,1.4023086188557472,-1.3172680949811832,2009-10-28,5.0,0,True,False
2009-08-14,2009Q4,-6,diag3,student_t_ar1_shared,0.8121887147295226,0.808908212795181,-0.7698970017085308,0.7114979948991895,4.394263592305325,4.300454151697932,-3.5820748775758027,2010-01-28,5.0,0,True,False
2009-08-21,2009Q3,8,diag3,student_t_ar1_shared,0.5903067304771303,0.5885712467326014,-0.857875114249917,0.8707456861565968,1.4121870876976361,1.4023086188557472,-0.8218803572205058,2009-10-28,6.0,0,True,False
2009-08-21,2009Q4,-5,diag3,student_t_ar1_shared,1.5347201929582388,1.5230624867434166,-0.484743102169563,0.7195060028406491,4.394263592305325,4.300454151697932,-2.8595433993470865,2010-01-28,6.0,0,True,False
2009-08-28,2009Q3,9,diag3,student_t_ar1_shared,0.6684001028458342,0.6661762135107212,-0.8268883097069297,0.858594981889968,1.4121870876976361,1.4023086188557472,-0.743786984851802,2009-10-28,4.0,0,True,False
2009-08-28,2009Q4,-4,diag3,student_t_ar1_shared,1.6110291043836211,1.59818974417161,-0.4547456195543851,0.7177435058957069,4.394263592305325,4.300454151697932,-2.783234487921704,2010-01-28,4.0,0,True,False
2009-09-04,2009Q3,10,diag3,student_t_ar1_shared,0.7800046095677526,0.7769783003273547,-0.782646262455514,0.8979928849892793,1.4121870876976361,1.4023086188557472,-0.6321824781298835,2009-10-28,12.0,4,True,True
2009-09-04,2009Q4,-3,diag3,student_t_ar1_shared,1.8892718287540022,1.8716467331619109,-0.34555726962592,0.7179971591193892,4.394263592305325,4.300454151697932,-2.504991763551323,2010-01-28,12.0,0,True,False
2009-09-11,2009Q3,11,diag3,student_t_ar1_shared,0.6636482668051169,0.6614558164551418,-0.8287731120204818,0.9078897439354066,1.4121870876976361,1.4023086188557472,-0.7485388208925192,2009-10-28,5.0,0,True,False
2009-09-11,2009Q4,-2,diag3,student_t_ar1_shared,1.7558469743001126,1.740610080449919,-0.39787875514582083,0.7143836694317974,4.394263592305325,4.300454151697932,-2.6384166180052127,2010-01-28,5.0,0,True,False
2009-09-18,2009Q3,12,diag3,student_t_ar1_shared,0.8681597397448781,0.8644129031442727,-0.747734593006215,0.9482665155792431,1.4121870876976361,1.4023086188557472,-0.544027347952758,2009-10-28,10.0,0,True,False
2009-09-18,2009Q4,-1,diag3,student_t_ar1_shared,2.1024370546470994,2.080640818901405,-0.26210824368965857,0.7282520828250054,4.394263592305325,4.300454151697932,-2.291826537658226,2010-01-28,10.0,0,True,False
2009-09-25,2009Q3,13,diag3,student_t_ar1_shared,0.9263913192943285,0.9221266331336977,-0.7246901392183259,0.944930425402528,1.4121870876976361,1.4023086188557472,-0.4857957684033076,2009-10-28,0.0,0,True,False
2009-09-25,2009Q4,0,diag3,student_t_ar1_shared,2.2854005380241516,2.2596764546850987,-0.19062129533337246,0.7255218320251825,4.394263592305325,4.300454151697932,-2.1088630542811737,2010-01-28,0.0,0,True,False
2009-10-02,2009Q3,14,diag3,student_t_ar1_shared,0.9150406709056202,0.9108795385320168,-0.7291809796447538,0.9508079323030539,1.4121870876976361,1.4023086188557472,-0.4971464167920159,2009-10-28,11.0,4,True,True
2009-10-02,2009Q4,1,diag3,student_t_ar1_shared,2.2294783288296927,2.2049887851149776,-0.21245747667890183,0.7249161195974955,4.394263592305325,4.300454151697932,-2.1647852634756326,2010-01-28,11.0,0,True,False
2009-10-02,2010Q1,-12,diag3,student_t_ar1_shared,2.0912193308314952,2.069653480679972,-0.26649536626763315,0.7196717870783947,1.952133820572155,1.9333240882710745,0.13908551025934024,2010-04-28,11.0,0,True,False
2009-10-09,2009Q3,15,diag3,student_t_ar1_shared,0.7981566827924391,0.7949882604910803,-0.7754550846406207,0.9621119363349498,1.4121870876976361,1.4023086188557472,-0.614030404905197,2009-10-28,9.0,0,True,False
2009-10-09,2009Q4,2,diag3,student_t_ar1_shared,2.033975316826009,2.0135663175005996,-0.288890349926074,0.7249530728718699,4.394263592305325,4.300454151697932,-2.3602882754793164,2010-01-28,9.0,0,True,False
2009-10-09,2010Q1,-11,diag3,student_t_ar1_shared,1.9032532769565957,1.8853679903250777,-0.34007852346506223,0.7205413773341013,1.952133820572155,1.9333240882710745,-0.04888054361555927,2010-04-28,9.0,0,True,False
2009-10-16,2009Q3,16,diag3,student_t_ar1_shared,0.6741553709050496,0.6718931053493509,-0.8246056180526249,0.9761944401406387,1.4121870876976361,1.4023086188557472,-0.7380317167925865,2009-10-28,7.0,0,True,False
2009-10-16,2009Q4,3,diag3,student_t_ar1_shared,1.8410629257724187,1.824320541959719,-0.3644540941131875,0.7295554678262776,4.394263592305325,4.300454151697932,-2.5532006665329066,2010-01-28,7.0,0,True,False
2009-10-16,2010Q1,-10,diag3,student_t_ar1_shared,1.7496247791053854,1.7344950653173539,-0.40032041302619803,0.7225064937980028,1.952133820572155,1.9333240882710745,-0.20250904146676962,2010-04-28,7.0,0,True,False
2009-10-23,2009Q3,17,diag3,student_t_ar1_shared,0.8532925303819328,0.8496725676741812,-0.753620245859024,0.9764786312845652,1.4121870876976361,1.4023086188557472,-0.5588945573157034,2009-10-28,4.0,0,True,False
2009-10-23,2009Q4,4,diag3,student_t_ar1_shared,2.3104146486075283,2.2841286759440607,-0.1808577939461526,0.7740222998805504,4.394263592305325,4.300454151697932,-2.083848943697797,2010-01-28,4.0,0,True,False
2009-10-23,2010Q1,-9,diag3,student_t_ar1_shared,2.2331110082232097,2.2085421778463252,-0.21103864627922467,0.7247500721241968,1.952133820572155,1.9333240882710745,0.2809771876510547,2010-04-28,4.0,0,True,False
2009-10-30,2009Q4,5,diag3,student_t_ar1_shared,2.266017794914088,2.2407249916974035,-0.19351600304636374,0.7744624238658974,4.394263592305325,4.300454151697932,-2.128245797391237,2010-01-28,10.0,0,True,False
2009-10-30,2010Q1,-8,diag3,student_t_ar1_shared,2.254407220315402,2.2293710405110714,-0.19806622865332227,0.7210315211837668,1.952133820572155,1.9333240882710745,0.30227339974324696,2010-04-28,10.0,0,True,False
2009-11-06,2009Q4,6,diag3,student_t_ar1_shared,2.307582680653586,2.2813606223113525,-0.17723080999417923,0.7758297589644157,4.394263592305325,4.300454151697932,-2.0866809116517393,2010-01-28,11.0,5,True,True
2009-11-06,2010Q1,-7,diag3,student_t_ar1_shared,2.3397731529740673,2.3128200784619897,-0.16462307365566647,0.7153547481978261,1.952133820572155,1.9333240882710745,0.3876393324019123,2010-04-28,11.0,0,True,False
2009-11-13,2009Q4,7,diag3,student_t_ar1_shared,2.307820799182325,2.281593369724002,-0.17713753381044262,0.7713013849388722,4.394263592305325,4.300454151697932,-2.086442793123,2010-01-28,6.0,0,True,False
2009-11-13,2010Q1,-6,diag3,student_t_ar1_shared,2.3350907260976106,2.3082446002732917,-0.16645674879453404,0.7146809751612201,1.952133820572155,1.9333240882710745,0.3829569055254556,2010-04-28,6.0,0,True,False
2009-11-20,2009Q4,8,diag3,student_t_ar1_shared,2.53780786097606,2.5061401759539725,-0.08714783675252892,0.7333382408778533,4.394263592305325,4.300454151697932,-1.8564557313292651,2010-01-28,7.0,0,True,False
2009-11-20,2010Q1,-5,diag3,student_t_ar1_shared,2.6548534381060307,2.6202237782461646,-0.04142753022972942,0.7044055272067944,1.952133820572155,1.9333240882710745,0.7027196175338757,2010-04-28,7.0,0,True,False
2009-11-27,2009Q4,9,diag3,student_t_ar1_shared,2.6130995329227025,2.579541435820221,-0.05773144357404819,0.7124716126666977,4.394263592305325,4.300454151697932,-1.7811640593826228,2010-01-28,4.0,0,True,False
2009-11-27,2010Q1,-4,diag3,student_t_ar1_shared,2.7227399646637895,2.68633277086353,-0.014933596433370926,0.7022052066535825,1.952133820572155,1.9333240882710745,0.7706061440916345,2010-04-28,4.0,0,True,False
2009-12-04,2009Q4,10,diag3,student_t_ar1_shared,2.431694110413707,2.40259915251205,-0.12864308439841288,0.7489595391493361,4.394263592305325,4.300454151697932,-1.9625694818916184,2010-01-28,9.0,8,True,True
2009-12-04,2010Q1,-3,diag3,student_t_ar1_shared,2.3279365221933634,2.3012533972178697,-0.16925855326279032,0.7042774210627185,1.952133820572155,1.9333240882710745,0.37580270162120843,2010-04-28,9.0,0,True,False
2009-12-11,2009Q4,11,diag3,student_t_ar1_shared,2.555939535941887,2.523821529230908,-0.08006183249497635,0.7525923610952667,4.394263592305325,4.300454151697932,-1.8383240563634384,2010-01-28,7.0,0,True,False
2009-12-11,2010Q1,-2,diag3,student_t_ar1_shared,2.4530351977495535,2.4234314395107837,-0.12029430746626817,0.7017010720804814,1.952133820572155,1.9333240882710745,0.5009013771773985,2010-04-28,7.0,0,True,False
2009-12-18,2009Q4,12,diag3,student_t_ar1_shared,2.6824126282199545,2.6470666312823945,-0.030669950313734075,0.7730080031166743,4.394263592305325,4.300454151697932,-1.7118509640853707,2010-01-28,11.0,0,True,False
2009-12-18,2010Q1,-1,diag3,student_t_ar1_shared,2.434318079983,2.4051607971122104,-0.1276164760693574,0.7047613724311704,1.952133820572155,1.9333240882710745,0.482184259410845,2010-04-28,11.0,0,True,False
2009-12-25,2009Q4,13,diag3,student_t_ar1_shared,2.716307098079973,2.6800702159326306,-0.0174433868441195,0.7725157946345773,4.394263592305325,4.300454151697932,-1.6779564942253522,2010-01-28,0.0,0,True,False
2009-12-25,2010Q1,0,diag3,student_t_ar1_shared,2.5473803888767854,2.515475348317582,-0.0834066598144599,0.7027068439503923,1.952133820572155,1.9333240882710745,0.5952465683046304,2010-04-28,0.0,0,True,False
2010-01-01,2009Q4,14,diag3,student_t_ar1_shared,2.8179243583895452,2.7789513296713633,0.022184348769205067,0.7620132764614147,4.394263592305325,4.300454151697932,-1.57633923391578,2010-01-28,9.0,7,True,True
2010-01-01,2010Q1,1,diag3,student_t_ar1_shared,2.7172038119152475,2.6809432125837716,-0.01709352346602149,0.6972265537599035,1.952133820572155,1.9333240882710745,0.7650699913430925,2010-04-28,9.0,0,True,False
2010-01-01,2010Q2,-12,diag3,student_t_ar1_shared,2.74144599295707,2.704541324590576,-0.007636310574486327,0.7129452857903796,3.926881074055233,3.851739929043594,-1.1854350810981629,2010-07-28,9.0,0,True,False
2010-01-08,2009Q4,15,diag3,student_t_ar1_shared,2.807988499254499,2.769287315049178,0.01831138454043288,0.7819770485274945,4.394263592305325,4.300454151697932,-1.5862750930508263,2010-01-28,11.0,0,True,False
2010-01-08,2010Q1,2,diag3,student_t_ar1_shared,2.835091088611841,2.7956461787352977,0.028875000196918504,0.6998668776008906,1.952133820572155,1.9333240882710745,0.8829572680396858,2010-04-28,11.0,0,True,False
2010-01-08,2010Q2,-11,diag3,student_t_ar1_shared,2.7793106749539165,2.741388875211911,0.0071307661584780815,0.7135815154518768,3.926881074055233,3.851739929043594,-1.1475703991013164,2010-07-28,11.0,0,True,False
2010-01-15,2009Q4,16,diag3,student_t_ar1_shared,2.8463004869092368,2.806545947764113,0.0332432071172153,0.7777311163130809,4.394263592305325,4.300454151697932,-1.5479631053960885,2010-01-28,6.0,0,True,False
2010-01-15,2010Q1,3,diag3,student_t_ar1_shared,2.8857031478426443,2.844850791657199,0.04859431077201068,0.6987975046376296,1.952133820572155,1.9333240882710745,0.9335693272704892,2010-04-28,6.0,0,True,False
2010-01-15,2010Q2,-10,diag3,student_t_ar1_shared,2.8212419966485047,2.7821779895708847,0.023477469574359228,0.7124388537743576,3.926881074055233,3.851739929043594,-1.1056390774067282,2010-07-28,6.0,0,True,False
2010-01-22,2009Q4,17,diag3,student_t_ar1_shared,2.9094635357204135,2.8679420900256227,0.05784841230984395,0.7718829647540237,4.394263592305325,4.300454151697932,-1.4848000565849118,2010-01-28,6.0,0,True,False
2010-01-22,2010Q1,4,diag3,student_t_ar1_shared,3.0779709088592178,3.031551497736916,0.12341675096920217,0.6798639645618609,1.952133820572155,1.9333240882710745,1.1258370882870627,2010-04-28,6.0,0,True,False
2010-01-22,2010Q2,-9,diag3,student_t_ar1_shared,3.0352991871262613,2.9901454084320003,0.1068227877975056,0.7056303200130493,3.926881074055233,3.851739929043594,-0.8915818869289716,2010-07-28,6.0,0,True,False
2010-01-29,2010Q1,5,diag3,student_t_ar1_shared,3.0529293817913805,3.0072547744841414,0.10768948106536902,0.6782828460356115,1.952133820572155,1.9333240882710745,1.1007955612192255,2010-04-28,6.0,0,True,False
2010-01-29,2010Q2,-8,diag3,student_t_ar1_shared,3.2080490733397804,3.15766589146304,0.16815337773188527,0.7009112597789248,3.926881074055233,3.851739929043594,-0.7188320007154525,2010-07-28,6.0,0,True,False
2010-02-05,2010Q1,6,diag3,student_t_ar1_shared,3.4678802918933993,3.40910432093296,0.26922933224123985,0.7049245627108227,1.952133820572155,1.9333240882710745,1.5157464713212443,2010-04-28,14.0,7,True,True
2010-02-05,2010Q2,-7,diag3,student_t_ar1_shared,3.7062032365736908,3.6391746518800128,0.36171550610806513,0.6993080274012864,3.926881074055233,3.851739929043594,-0.22067783748154213,2010-07-28,14.0,0,True,False
2010-02-12,2010Q1,7,diag3,student_t_ar1_shared,3.409377479594533,3.35254632660475,0.24649353455943662,0.7066221592411682,1.952133820572155,1.9333240882710745,1.457243659022378,2010-04-28,4.0,0,True,False
2010-02-12,2010Q2,-6,diag3,student_t_ar1_shared,3.6610465151547977,3.5956222373239655,0.34420783283107215,0.6998585227939046,3.926881074055233,3.851739929043594,-0.26583455890043517,2010-07-28,4.0,0,True,False
2010-02-19,2010Q1,8,diag3,student_t_ar1_shared,3.477422728721047,3.4183265035049883,0.2729365654915129,0.793011265959168,1.952133820572155,1.9333240882710745,1.5252889081488918,2010-04-28,11.0,0,True,False
2010-02-19,2010Q2,-5,diag3,student_t_ar1_shared,3.7913397180442177,3.721234887423755,0.39470297207471217,0.7003308481180173,3.926881074055233,3.851739929043594,-0.13554135601101525,2010-07-28,11.0,0,True,False
2010-02-26,2010Q1,9,diag3,student_t_ar1_shared,3.5155027318858334,3.4551200349840374,0.2877272294399598,0.8308657755356903,1.952133820572155,1.9333240882710745,1.5633689113136784,2010-04-28,4.0,0,True,False
2010-02-26,2010Q2,-4,diag3,student_t_ar1_shared,3.818301832541149,3.7472087434037875,0.4051442251918471,0.7036870383467152,3.926881074055233,3.851739929043594,-0.10857924151408405,2010-07-28,4.0,0,True,False
2010-03-05,2010Q1,10,diag3,student_t_ar1_shared,3.393767614299259,3.337449974643742,0.24042493881102645,0.8360799229445953,1.952133820572155,1.9333240882710745,1.441633793727104,2010-04-28,10.0,4,True,True
2010-03-05,2010Q2,-3,diag3,student_t_ar1_shared,3.594245372528393,3.5311595697305607,0.31829442861931817,0.6970509470792445,3.926881074055233,3.851739929043594,-0.33263570152683997,2010-07-28,10.0,0,True,False
2010-03-12,2010Q1,11,diag3,student_t_ar1_shared,3.3761289721655263,3.320388842953182,0.23356651953809093,0.8180697914505151,1.952133820572155,1.9333240882710745,1.4239951515933713,2010-04-28,6.0,0,True,False
2010-03-12,2010Q2,-2,diag3,student_t_ar1_shared,3.581813538776313,3.5191583434959073,0.3134700451728116,0.6953791821449258,3.926881074055233,3.851739929043594,-0.3450675352789201,2010-07-28,6.0,0,True,False
2010-03-19,2010Q1,12,diag3,student_t_ar1_shared,3.4538701553077367,3.395562838148464,0.26378577971507894,0.8147223312976265,1.952133820572155,1.9333240882710745,1.5017363347355817,2010-04-28,12.0,0,True,False
2010-03-19,2010Q2,-1,diag3,student_t_ar1_shared,3.7131745363978563,3.645896588761347,0.36441766340305315,0.6883523752450927,3.926881074055233,3.851739929043594,-0.21370653765737657,2010-07-28,12.0,0,True,False
2010-03-26,2010Q1,13,diag3,student_t_ar1_shared,3.46538079230565,3.4066885666218476,0.2682582210496431,0.8134803852311883,1.952133820572155,1.9333240882710745,1.513246971733495,2010-04-28,4.0,0,True,False
2010-03-26,2010Q2,0,diag3,student_t_ar1_shared,3.737672473985798,3.669514653526933,0.3739119099463444,0.6858691638637229,3.926881074055233,3.851739929043594,-0.18920860006943485,2010-07-28,4.0,0,True,False
2010-04-02,2010Q1,14,diag3,student_t_ar1_shared,3.5388097125746976,3.477632950085531,0.29677721590173,0.8192015156180595,1.952133820572155,1.9333240882710745,1.5866758920025426,2010-04-28,8.0,4,True,True
2010-04-02,2010Q2,1,diag3,student_t_ar1_shared,4.198739045952715,4.112984197151179,0.5521826202436775,0.6826335129578499,3.926881074055233,3.851739929043594,0.2718579718974823,2010-07-28,8.0,0,True,False
2010-04-02,2010Q3,-12,diag3,student_t_ar1_shared,3.804251648675594,3.7336743911367263,0.39970353906863565,0.7103374686525028,3.1201978026194954,3.0725090820010665,0.6840538460560985,2010-10-28,8.0,0,True,False
2010-04-09,2010Q1,15,diag3,student_t_ar1_shared,3.5799133472284916,3.517323842908903,0.31273259267491627,0.8101045357958697,1.952133820572155,1.9333240882710745,1.6277795266563366,2010-04-28,8.0,0,True,False
2010-04-09,2010Q2,2,diag3,student_t_ar1_shared,4.267232823752143,4.178696389553428,0.5785983220278565,0.6788409413706712,3.926881074055233,3.851739929043594,0.34035174969690996,2010-07-28,8.0,0,True,False
2010-04-09,2010Q3,-11,diag3,student_t_ar1_shared,3.873802811220317,3.8006541838026675,0.4266288045931668,0.7072211240695679,3.1201978026194954,3.0725090820010665,0.7536050086008217,2010-10-28,8.0,0,True,False
2010-04-16,2010Q1,16,diag3,student_t_ar1_shared,3.668921163580263,3.603218484521032,0.34726145489573096,0.8139128994315074,1.952133820572155,1.9333240882710745,1.7167873430081082,2010-04-28,8.0,0,True,False
2010-04-16,2010Q2,3,diag3,student_t_ar1_shared,4.450161303591549,4.3539846327236,0.6490625964430469,0.6744079932412878,3.926881074055233,3.851739929043594,0.5232802295363159,2010-07-28,8.0,0,True,False
2010-04-16,2010Q3,-10,diag3,student_t_ar1_shared,4.059468448472114,3.979236173563142,0.4984171350853405,0.7051742245230675,3.1201978026194954,3.0725090820010665,0.939270645852619,2010-10-28,8.0,0,True,False
2010-04-23,2010Q1,17,diag3,student_t_ar1_shared,3.697049905549532,3.6303480487371687,0.3581672921790364,0.8167207366314307,1.952133820572155,1.9333240882710745,1.744916084977377,2010-04-28,4.0,0,True,False
2010-04-23,2010Q2,4,diag3,student_t_ar1_shared,4.476790505847816,4.379476032631396,0.6593099066210973,0.6609144046276724,3.926881074055233,3.851739929043594,0.5499094317925834,2010-07-28,4.0,0,True,False
2010-04-23,2010Q3,-9,diag3,student_t_ar1_shared,4.091965597032687,4.010460699085752,0.5109691094512046,0.7028498940849962,3.1201978026194954,3.0725090820010665,0.9717677944131919,2010-10-28,4.0,0,True,False
2010-04-30,2010Q2,5,diag3,student_t_ar1_shared,4.693817030692093,4.5869875996517475,0.7493003976564904,0.6499560750098538,3.926881074055233,3.851739929043594,0.7669359566368605,2010-07-28,10.0,0,True,False
2010-04-30,2010Q3,-8,diag3,student_t_ar1_shared,3.8159900892459353,3.7449819982222348,0.4092950918634126,0.6928618218555231,3.1201978026194954,3.0725090820010665,0.6957922866264399,2010-10-28,10.0,0,True,False
2010-05-07,2010Q2,6,diag3,student_t_ar1_shared,4.922835353443933,4.805499260125432,0.837536299902953,0.6134185128143981,3.926881074055233,3.851739929043594,0.9959542793887,2010-07-28,13.0,4,True,True
2010-05-07,2010Q3,-7,diag3,student_t_ar1_shared,4.080567361317278,3.9995099405348284,0.5120745160287054,0.6847859139625957,3.1201978026194954,3.0725090820010665,0.9603695586977823,2010-10-28,13.0,0,True,False
2010-05-14,2010Q2,7,diag3,student_t_ar1_shared,4.913670940949122,4.796764447806569,0.8340091469618347,0.6187898971159269,3.926881074055233,3.851739929043594,0.986789866893889,2010-07-28,6.0,0,True,False
2010-05-14,2010Q3,-6,diag3,student_t_ar1_shared,4.050863933089532,3.970966987416542,0.5005487548143568,0.6849607573336456,3.1201978026194954,3.0725090820010665,0.930666130470037,2010-10-28,6.0,0,True,False
2010-05-21,2010Q2,8,diag3,student_t_ar1_shared,4.860635863407237,4.746200506511977,0.8135912206525762,0.6790082086797046,3.926881074055233,3.851739929043594,0.9337547893520037,2010-07-28,6.0,0,True,False
2010-05-21,2010Q3,-5,diag3,student_t_ar1_shared,4.001206749169239,3.9232316443359485,0.48127302803332384,0.6836278794526994,3.1201978026194954,3.0725090820010665,0.8810089465497439,2010-10-28,6.0,0,True,False
2010-05-28,2010Q2,9,diag3,student_t_ar1_shared,4.880806258095038,4.7654340871968,0.8213578192014891,0.6860049873010546,3.926881074055233,3.851739929043594,0.9539251840398055,2010-07-28,4.0,0,True,False
2010-05-28,2010Q3,-4,diag3,student_t_ar1_shared,4.017042900798784,3.9384573773538767,0.487421241301615,0.6841143561581671,3.1201978026194954,3.0725090820010665,0.8968450981792886,2010-10-28,4.0,0,True,False
2010-06-04,2010Q2,10,diag3,student_t_ar1_shared,4.893061984893432,4.777118790267783,0.8260761500938321,0.6593263898966698,3.926881074055233,3.851739929043594,0.9661809108381991,2010-07-28,12.0,3,True,True
2010-06-04,2010Q3,-3,diag3,student_t_ar1_shared,4.131611690456305,4.048541011045787,0.5318734628458492,0.6735726680573509,3.1201978026194954,3.0725090820010665,1.0114138878368095,2010-10-28,12.0,0,True,False
2010-06-11,2010Q2,11,diag3,student_t_ar1_shared,4.806293100055181,4.694363276065029,0.7926591349756418,1.0359149001893393,3.926881074055233,3.851739929043594,0.8794120259999483,2010-07-28,5.0,0,True,False
2010-06-11,2010Q3,-2,diag3,student_t_ar1_shared,3.9708063709072317,3.893996577537812,0.4694677884841975,0.8169488998671935,3.1201978026194954,3.0725090820010665,0.8506085682877362,2010-10-28,5.0,0,True,False
2010-06-18,2010Q2,12,diag3,student_t_ar1_shared,4.789647440329592,4.67847970530723,0.7862452841373306,0.9514698381657561,3.926881074055233,3.851739929043594,0.862766366274359,2010-07-28,11.0,0,True,False
2010-06-18,2010Q3,-1,diag3,student_t_ar1_shared,3.975428881299714,3.8984424482578435,0.4712630492652595,0.7781191331943617,3.1201978026194954,3.0725090820010665,0.8552310786802186,2010-10-28,11.0,0,True,False
2010-06-25,2010Q2,13,diag3,student_t_ar1_shared,4.752431607004293,4.642958597675008,0.7719017155885016,0.9509788757780145,3.926881074055233,3.851739929043594,0.8255505329490598,2010-07-28,0.0,0,True,False
2010-06-25,2010Q3,0,diag3,student_t_ar1_shared,3.8501076208754093,3.777840064428168,0.4225633133920468,0.7755033013944492,3.1201978026194954,3.0725090820010665,0.7299098182559138,2010-10-28,0.0,0,True,False
2010-07-02,2010Q2,14,diag3,student_t_ar1_shared,4.747557573953931,4.638305582588669,0.7700228090650714,0.9581452799893111,3.926881074055233,3.851739929043594,0.8206764998986982,2010-07-28,11.0,5,True,True
2010-07-02,2010Q3,1,diag3,student_t_ar1_shared,3.5673453043879366,3.505189438680948,0.3124658755312155,0.7699887603595406,3.1201978026194954,3.0725090820010665,0.4471475017684412,2010-10-28,11.0,0,True,False
2010-07-02,2010Q4,-12,diag3,student_t_ar1_shared,3.8246205661515376,3.753294897017264,0.41265187439791384,0.741253243287336,2.117043484228409,2.094945457780796,1.7075770819231284,2011-01-28,11.0,0,True,False
2010-07-09,2010Q2,15,diag3,student_t_ar1_shared,4.708550686605029,4.601059700266331,0.7549827694417727,1.0358488689854723,3.926881074055233,3.851739929043594,0.7816696125497957,2010-07-28,9.0,0,True,False
2010-07-09,2010Q3,2,diag3,student_t_ar1_shared,3.6105993004215353,3.546944845362426,0.3293268795354017,0.7794816847433217,3.1201978026194954,3.0725090820010665,0.4904014978020399,2010-10-28,9.0,0,True,False
2010-07-09,2010Q4,-11,diag3,student_t_ar1_shared,3.8552596974845255,3.7828010114433557,0.424566564087836,0.7668079142443767,2.117043484228409,2.094945457780796,1.7382162132561163,2011-01-28,9.0,0,True,False
2010-07-16,2010Q2,16,diag3,student_t_ar1_shared,4.691140091572099,4.584430645076851,0.7482678889407994,1.005538653096155,3.926881074055233,3.851739929043594,0.7642590175168662,2010-07-28,8.0,0,True,False
2010-07-16,2010Q3,3,diag3,student_t_ar1_shared,3.5582859609881723,3.496441758975453,0.3089335266867457,0.7707409056911093,3.1201978026194954,3.0725090820010665,0.43808815836867687,2010-10-28,8.0,0,True,False
2010-07-16,2010Q4,-10,diag3,student_t_ar1_shared,3.815086333466433,3.744111458228832,0.40894356425343054,0.759147324474888,2.117043484228409,2.094945457780796,1.698042849238024,2011-01-28,8.0,0,True,False
2010-07-23,2010Q2,17,diag3,student_t_ar1_shared,4.625528791420064,4.5217396968107435,0.7229530276150695,0.9862196015127512,3.926881074055233,3.851739929043594,0.6986477173648309,2010-07-28,4.0,0,True,False
2010-07-23,2010Q3,4,diag3,student_t_ar1_shared,3.1809983982416634,3.1314526058411607,0.1615494137878597,0.7717704326758787,3.1201978026194954,3.0725090820010665,0.060800595622168,2010-10-28,4.0,0,True,False
2010-07-23,2010Q4,-9,diag3,student_t_ar1_shared,3.393310415895212,3.33700778221236,0.24455343475967312,0.7483417475855747,2.117043484228409,2.094945457780796,1.276266931666803,2011-01-28,4.0,0,True,False
2010-07-30,2010Q3,5,diag3,student_t_ar1_shared,3.03326050488677,2.988166763807496,0.0996487818884565,0.7346515284686154,3.1201978026194954,3.0725090820010665,-0.0869372977327254,2010-10-28,10.0,0,True,False
2010-07-30,2010Q4,-8,diag3,student_t_ar1_shared,3.3906104208325516,3.334396365375039,0.2400128557118488,0.7407168242033628,2.117043484228409,2.094945457780796,1.2735669366041424,2011-01-28,10.0,0,True,False
2010-08-06,2010Q3,6,diag3,student_t_ar1_shared,3.2558124466024685,3.203933915090169,0.1871224011693774,0.7903247193359476,3.1201978026194954,3.0725090820010665,0.13561464398297307,2010-10-28,11.0,13,False,True
2010-08-06,2010Q4,-7,diag3,student_t_ar1_shared,3.6798991120182922,3.6138073544588583,0.3532881635459112,0.7316382617187591,2.117043484228409,2.094945457780796,1.562855627789883,2011-01-28,11.0,0,True,False
2010-08-13,2010Q3,7,diag3,student_t_ar1_shared,3.297011671922312,3.2438261083264903,0.203294995110071,0.9568599701718241,3.1201978026194954,3.0725090820010665,0.1768138693028165,2010-10-28,6.0,0,True,False
2010-08-13,2010Q4,-6,diag3,student_t_ar1_shared,3.7058227090320583,3.6388077227784787,0.36342350012181235,0.7478917314843418,2.117043484228409,2.094945457780796,1.5887792248036492,2011-01-28,6.0,0,True,False
2010-08-20,2010Q3,8,diag3,student_t_ar1_shared,3.216587496982126,3.1659385703342093,0.17171880381050048,0.863465873647764,3.1201978026194954,3.0725090820010665,0.09638969436263078,2010-10-28,8.0,0,True,False
2010-08-20,2010Q4,-5,diag3,student_t_ar1_shared,3.5445611339619765,3.483187641768652,0.30033395364638105,0.7299632294739405,2.117043484228409,2.094945457780796,1.4275176497335673,2011-01-28,8.0,0,True,False
2010-08-27,2010Q3,9,diag3,student_t_ar1_shared,3.2163396893303275,3.16569848494165,0.17162147139405615,0.834281888236457,3.1201978026194954,3.0725090820010665,0.09614188671083213,2010-10-28,4.0,0,True,False
2010-08-27,2010Q4,-4,diag3,student_t_ar1_shared,3.544255715101241,3.482892677641296,0.3002143729797945,0.7270201942904129,2.117043484228409,2.094945457780796,1.4272122308728319,2011-01-28,4.0,0,True,False
2010-09-03,2010Q3,10,diag3,student_t_ar1_shared,3.273752982707201,3.2213072496174155,0.19416568111742416,0.8557065926749209,3.1201978026194954,3.0725090820010665,0.15355518008770552,2010-10-28,9.0,3,True,True
2010-09-03,2010Q4,-3,diag3,student_t_ar1_shared,3.798739794131567,3.728364395835582,0.399730446181456,0.7324801298011449,2.117043484228409,2.094945457780796,1.6816963099031579,2011-01-28,9.0,0,True,False
2010-09-10,2010Q3,11,diag3,student_t_ar1_shared,3.3073761979761196,3.2538593183365587,0.20736253359945145,0.8890360375208982,3.1201978026194954,3.0725090820010665,0.18717839535662417,2010-10-28,7.0,0,True,False
2010-09-10,2010Q4,-2,diag3,student_t_ar1_shared,3.8080032595599,3.7372884464692273,0.4033483231517482,0.7495833321893796,2.117043484228409,2.094945457780796,1.6909597753314909,2011-01-28,7.0,0,True,False
2010-09-17,2010Q3,12,diag3,student_t_ar1_shared,3.329234073546705,3.275015178010584,0.2159392775740791,0.8646861680754153,3.1201978026194954,3.0725090820010665,0.20903627092720978,2010-10-28,10.0,0,True,False
2010-09-17,2010Q4,-1,diag3,student_t_ar1_shared,3.7754583716758106,3.7059324917173475,0.3906363842312477,0.7362757086028865,2.117043484228409,2.094945457780796,1.6584148874474014,2011-01-28,10.0,0,True,False
2010-09-24,2010Q3,13,diag3,student_t_ar1_shared,3.3014440910603904,3.2481169624109287,0.20503453949549238,0.8626289963238959,3.1201978026194954,3.0725090820010665,0.18124628844089496,2010-10-28,2.0,0,True,False
2010-09-24,2010Q4,0,diag3,student_t_ar1_shared,3.6984539003448003,3.6317019785664337,0.3605427781944152,0.7331950673088025,2.117043484228409,2.094945457780796,1.581410416116391,2011-01-28,2.0,0,True,False
2010-10-01,2010Q3,14,diag3,student_t_ar1_shared,3.3001104077224674,3.246825894353696,0.2045111308346616,0.8340636256279333,3.1201978026194954,3.0725090820010665,0.17991260510297202,2010-10-28,11.0,4,True,True
2010-10-01,2010Q4,1,diag3,student_t_ar1_shared,3.6581055676960794,3.5927851164604414,0.3447655907994355,0.7198997412272266,2.117043484228409,2.094945457780796,1.5410620834676703,2011-01-28,11.0,0,True,False
2010-10-01,2011Q1,-13,diag3,student_t_ar1_shared,3.3061030315598927,3.2526269046324687,0.2068629038527207,0.72153474919618,-0.9454489541211974,-0.9499466944201232,4.25155198568109,2011-04-28,11.0,0,True,False
2010-10-08,2010Q3,15,diag3,student_t_ar1_shared,3.3379713474079864,3.283470582290802,0.21936716180241156,0.859586626074443,3.1201978026194954,3.0725090820010665,0.21777354478849098,2010-10-28,9.0,0,True,False
2010-10-08,2010Q4,2,diag3,student_t_ar1_shared,3.7295177472820074,3.661653432965447,0.3726853221517981,0.7228915307892703,2.117043484228409,2.094945457780796,1.6124742630535982,2011-01-28,9.0,0,True,False
2010-10-08,2011Q1,-12,diag3,student_t_ar1_shared,3.354804012876933,3.2997582009333097,0.2259702843984967,0.7286307996674143,-0.9454489541211974,-0.9499466944201232,4.30025296699813,2011-04-28,9.0,0,True,False
2010-10-15,2010Q3,16,diag3,student_t_ar1_shared,3.3574243887323885,3.302293489605759,0.22699810941626575,0.8459717629721573,3.1201978026194954,3.0725090820010665,0.23722658611289305,2010-10-28,6.0,0,True,False
2010-10-15,2010Q4,3,diag3,student_t_ar1_shared,3.752591557064311,3.6838951674020124,0.38170228788863825,0.7192060353602392,2.117043484228409,2.094945457780796,1.6355480728359018,2011-01-28,6.0,0,True,False
2010-10-15,2011Q1,-11,diag3,student_t_ar1_shared,3.371249023388656,3.3156681554890017,0.23242029914498652,0.7251254556038083,-0.9454489541211974,-0.9499466944201232,4.316697977509854,2011-04-28,6.0,0,True,False
2010-10-22,2010Q3,17,diag3,student_t_ar1_shared,3.3451444244264827,3.29041171726895,0.22218114991342186,0.8346140570132375,3.1201978026194954,3.0725090820010665,0.22494662180698732,2010-10-28,6.0,0,True,False
2010-10-22,2010Q4,4,diag3,student_t_ar1_shared,3.6586578997553243,3.5933179552429904,0.3449816076329791,0.7039665708259178,2.117043484228409,2.094945457780796,1.5416144155269151,2011-01-28,6.0,0,True,False
2010-10-22,2011Q1,-10,diag3,student_t_ar1_shared,3.263226641671313,3.2111140715588067,0.1900332903829639,0.7158453252299598,-0.9454489541211974,-0.9499466944201232,4.20867559579251,2011-04-28,6.0,0,True,False
2010-10-29,2010Q4,5,diag3,student_t_ar1_shared,3.7663159951788927,3.697122336238313,0.3876362306632952,0.7009618377425285,2.117043484228409,2.094945457780796,1.6492725109504836,2011-01-28,6.0,0,True,False
2010-10-29,2011Q1,-9,diag3,student_t_ar1_shared,3.296257613702802,3.243096115309655,0.20267787071135668,0.7075170165268394,-0.9454489541211974,-0.9499466944201232,4.241706567824,2011-04-28,6.0,0,True,False
2010-11-05,2010Q4,6,diag3,student_t_ar1_shared,4.171251226794581,4.086600532899333,0.5462994205207381,0.6974931665015618,2.117043484228409,2.094945457780796,2.054207742566172,2011-01-28,14.0,3,True,True
2010-11-05,2011Q1,-8,diag3,student_t_ar1_shared,3.819802011671003,3.7486537374603754,0.40862877033768463,0.7001832261794942,-0.9454489541211974,-0.9499466944201232,4.7652509657922,2011-04-28,14.0,0,True,False
2010-11-12,2010Q4,7,diag3,student_t_ar1_shared,4.2154434872548,4.129014239958075,0.5635776510181337,0.6943812538158225,2.117043484228409,2.094945457780796,2.0984000030263905,2011-01-28,4.0,0,True,False
2010-11-12,2011Q1,-7,diag3,student_t_ar1_shared,3.8535632519120844,3.781167527079615,0.42187403443608107,0.6998728766163144,-0.9454489541211974,-0.9499466944201232,4.799012206033282,2011-04-28,4.0,0,True,False
2010-11-19,2010Q4,8,diag3,student_t_ar1_shared,4.090399221498697,4.00895588811353,0.5146690311364877,0.7687460887452507,2.117043484228409,2.094945457780796,1.9733557372702881,2011-01-28,11.0,0,True,False
2010-11-19,2011Q1,-6,diag3,student_t_ar1_shared,3.6501243650544968,3.585085274878531,0.3419952738908975,0.7174114760516135,-0.9454489541211974,-0.9499466944201232,4.595573319175694,2011-04-28,11.0,0,True,False
2010-11-26,2010Q4,9,diag3,student_t_ar1_shared,4.062658922554152,3.9823021369208993,0.5038109928120215,0.7578135840339418,2.117043484228409,2.094945457780796,1.945615438325743,2011-01-28,4.0,0,True,False
2010-11-26,2011Q1,-5,diag3,student_t_ar1_shared,3.6321471584343623,3.567739646105684,0.3349291202145771,0.7162260466771397,-0.9454489541211974,-0.9499466944201232,4.577596112555559,2011-04-28,4.0,0,True,False
2010-12-03,2010Q4,10,diag3,student_t_ar1_shared,4.105436149920161,4.023400872971925,0.5205535386512181,0.7259211789428037,2.117043484228409,2.094945457780796,1.9883926656917517,2011-01-28,9.0,3,True,True
2010-12-03,2011Q1,-4,diag3,student_t_ar1_shared,3.7793372589851826,3.7096701912468104,0.39274789729466164,0.701932678072594,-0.9454489541211974,-0.9499466944201232,4.7247862131063805,2011-04-28,9.0,0,True,False
2010-12-10,2010Q4,11,diag3,student_t_ar1_shared,4.157025701365802,4.072943697004885,0.5407359841976037,0.7711790711716987,2.117043484228409,2.094945457780796,2.0399822171373927,2011-01-28,7.0,0,True,False
2010-12-10,2011Q1,-3,diag3,student_t_ar1_shared,3.777815362047088,3.7082037065519504,0.3921504899389782,0.7129669331300214,-0.9454489541211974,-0.9499466944201232,4.723264316168285,2011-04-28,7.0,0,True,False
2010-12-17,2010Q4,12,diag3,student_t_ar1_shared,4.223828507470939,4.137059768173956,0.566855187942571,0.7649499087355465,2.117043484228409,2.094945457780796,2.10678502324253,2011-01-28,10.0,0,True,False
2010-12-17,2011Q1,-2,diag3,student_t_ar1_shared,3.9104372892081685,3.8359162213371247,0.44417721480893946,0.7055434468659728,-0.9454489541211974,-0.9499466944201232,4.8558862433293655,2011-04-28,10.0,0,True,False
2010-12-24,2010Q4,13,diag3,student_t_ar1_shared,4.198896269560426,4.113135085243035,0.5571089003642402,0.7652353867127475,2.117043484228409,2.094945457780796,2.081852785332017,2011-01-28,2.0,0,True,False
2010-12-24,2011Q1,-1,diag3,student_t_ar1_shared,3.8511956315608,3.778887733044953,0.42094530621237436,0.7033962997213379,-0.9454489541211974,-0.9499466944201232,4.796644585681998,2011-04-28,2.0,0,True,False
2010-12-31,2010Q4,14,diag3,student_t_ar1_shared,4.200381435865963,4.1145603937392226,0.5576895336178468,0.748933994371522,2.117043484228409,2.094945457780796,2.083337951637554,2011-01-28,8.0,0,True,False
2010-12-31,2011Q1,0,diag3,student_t_ar1_shared,3.870621297551069,3.7975912725518457,0.4285646370638293,0.6967859633792624,-0.9454489541211974,-0.9499466944201232,4.816070251672267,2011-04-28,8.0,0,True,False
2011-01-07,2010Q4,15,diag3,student_t_ar1_shared,4.174819201812863,4.090025579516516,0.5476946945729224,0.754160171505387,2.117043484228409,2.094945457780796,2.0577757175844535,2011-01-28,12.0,3,True,True
2011-01-07,2011Q1,1,diag3,student_t_ar1_shared,3.889694652053799,3.8159521943372527,0.43604439445248533,0.6904105636024658,-0.9454489541211974,-0.9499466944201232,4.835143606174997,2011-04-28,12.0,0,True,False
2011-01-07,2011Q2,-11,diag3,student_t_ar1_shared,3.873354418125974,3.8002225118603694,0.4296365348633665,0.7148650696216182,2.7339190839842376,2.6972149874665394,1.1394353341417363,2011-07-28,12.0,0,True,False
2011-01-14,2010Q4,16,diag3,student_t_ar1_shared,4.175328871348993,4.090514822784018,0.5478939994328699,0.7434120673807058,2.117043484228409,2.094945457780796,2.058285387120584,2011-01-28,6.0,0,True,False
2011-01-14,2011Q1,2,diag3,student_t_ar1_shared,3.893933663964555,3.8200324117689197,0.43770656789010043,0.6873581477185426,-0.9454489541211974,-0.9499466944201232,4.839382618085752,2011-04-28,6.0,0,True,False
2011-01-14,2011Q2,-10,diag3,student_t_ar1_shared,3.8705009028452864,3.797475364151527,0.4285174190252242,0.7123461152747401,2.7339190839842376,2.6972149874665394,1.1365818188610488,2011-07-28,6.0,0,True,False
2011-01-21,2010Q4,17,diag3,student_t_ar1_shared,4.227077696421988,4.140177230228195,0.5681251601207968,0.7444102946051421,2.117043484228409,2.094945457780796,2.110034212193579,2011-01-28,6.0,0,True,False
2011-01-21,2011Q1,3,diag3,student_t_ar1_shared,3.9163766127348953,3.8416318683384296,0.4465056193078323,0.6653916113466746,-0.9454489541211974,-0.9499466944201232,4.861825566856092,2011-04-28,6.0,0,True,False
2011-01-21,2011Q2,-9,diag3,student_t_ar1_shared,3.8653370003355336,3.792503759287449,0.4264921177549402,0.7060254972965807,2.7339190839842376,2.6972149874665394,1.131417916351296,2011-07-28,6.0,0,True,False
2011-01-28,2011Q1,4,diag3,student_t_ar1_shared,3.927025649735527,3.8518790418296653,0.4552896300764012,0.6647238936094637,-0.9454489541211974,-0.9499466944201232,4.872474603856725,2011-04-28,6.0,0,True,False
2011-01-28,2011Q2,-8,diag3,student_t_ar1_shared,3.5966698894725146,3.5334999396653863,0.3250005423681187,0.7017313406472093,2.7339190839842376,2.6972149874665394,0.8627508054882771,2011-07-28,6.0,0,True,False
2011-02-04,2011Q1,5,diag3,student_t_ar1_shared,4.517048623193531,4.418001682967705,0.6869618784855313,0.7009883665771061,-0.9454489541211974,-0.9499466944201232,5.462497577314728,2011-04-28,13.0,3,True,True
2011-02-04,2011Q2,-7,diag3,student_t_ar1_shared,4.394066563772547,4.300265416501267,0.6387811070598478,0.7021572402545453,2.7339190839842376,2.6972149874665394,1.6601474797883098,2011-07-28,13.0,0,True,False
2011-02-11,2011Q1,6,diag3,student_t_ar1_shared,4.45203418225828,4.355777700204217,0.6614981910364486,0.79238376538317,-0.9454489541211974,-0.9499466944201232,5.397483136379478,2011-04-28,5.0,0,True,False
2011-02-11,2011Q2,-6,diag3,student_t_ar1_shared,4.277615903331067,4.188654036218765,0.5931067998706593,0.7105184563511302,2.7339190839842376,2.6972149874665394,1.5436968193468292,2011-07-28,5.0,0,True,False
2011-02-18,2011Q1,7,diag3,student_t_ar1_shared,4.4628518499743475,4.366133752787343,0.6657361596535545,0.811404922306869,-0.9454489541211974,-0.9499466944201232,5.4083008040955445,2011-04-28,11.0,0,True,False
2011-02-18,2011Q2,-5,diag3,student_t_ar1_shared,4.325366072402503,4.234434944481125,0.6118415495178945,0.7067063577401802,2.7339190839842376,2.6972149874665394,1.5914469884182658,2011-07-28,11.0,0,True,False
2011-02-25,2011Q1,8,diag3,student_t_ar1_shared,4.4628518499743475,4.366133752787343,0.6657361596535545,0.811404922306869,-0.9454489541211974,-0.9499466944201232,5.4083008040955445,2011-04-28,0.0,0,True,False
2011-02-25,2011Q2,-4,diag3,student_t_ar1_shared,4.325366072402503,4.234434944481125,0.6118415495178945,0.7067063577401802,2.7339190839842376,2.6972149874665394,1.5914469884182658,2011-07-28,0.0,0,True,False
2011-03-04,2011Q1,9,diag3,student_t_ar1_shared,4.6345699966110265,4.530380814012675,0.7329503694441613,0.7363035331504967,-0.9454489541211974,-0.9499466944201232,5.580018950732224,2011-04-28,12.0,3,True,True
2011-03-04,2011Q2,-3,diag3,student_t_ar1_shared,4.698577620062805,4.59153465054103,0.7579761249569384,0.6899690624369078,2.7339190839842376,2.6972149874665394,1.9646585360785673,2011-07-28,12.0,0,True,False
2011-03-11,2011Q1,10,diag3,student_t_ar1_shared,4.659052752473847,4.553776420293369,0.7425244657902241,0.7735767315994285,-0.9454489541211974,-0.9499466944201232,5.604501706595045,2011-04-28,8.0,0,True,False
2011-03-11,2011Q2,-2,diag3,student_t_ar1_shared,4.721122259724608,4.613065232202482,0.7667870042622384,0.6942614182744647,2.7339190839842376,2.6972149874665394,1.9872031757403708,2011-07-28,8.0,0,True,False
2011-03-18,2011Q1,11,diag3,student_t_ar1_shared,4.441824398169891,4.346002607565386,0.65749796648176,0.7945351760336873,-0.9454489541211974,-0.9499466944201232,5.387273352291089,2011-04-28,12.0,0,True,False
2011-03-18,2011Q2,-1,diag3,student_t_ar1_shared,4.360272112033758,4.26788817131597,0.6255314882594183,0.7035450463145445,2.7339190839842376,2.6972149874665394,1.6263530280495209,2011-07-28,12.0,0,True,False
2011-03-25,2011Q1,12,diag3,student_t_ar1_shared,4.503403917708382,4.404945826147339,0.6816190790906835,0.7969276617758239,-0.9454489541211974,-0.9499466944201232,5.44885287182958,2011-04-28,0.0,0,True,False
2011-03-25,2011Q2,0,diag3,student_t_ar1_shared,4.569818085789068,4.4684777980356,0.7076180300311216,0.7018075578411435,2.7339190839842376,2.6972149874665394,1.8358990018048305,2011-07-28,0.0,0,True,False
2011-04-01,2011Q1,13,diag3,student_t_ar1_shared,4.48431641232907,4.386679197464795,0.6741438950400462,0.7849713987031827,-0.9454489541211974,-0.9499466944201232,5.429765366450267,2011-04-28,11.0,3,True,True
2011-04-01,2011Q2,1,diag3,student_t_ar1_shared,4.642294943084946,4.537763327583539,0.7359714878266282,0.6928405751644695,2.7339190839842376,2.6972149874665394,1.9083758591007083,2011-07-28,11.0,0,True,False
2011-04-01,2011Q3,-12,diag3,student_t_ar1_shared,4.603591796303652,4.500770344996638,0.7208329880944165,0.715765646271283,-0.08922107662069356,-0.0892609023136356,4.692812872924346,2011-10-28,11.0,0,True,False
2011-04-08,2011Q1,14,diag3,student_t_ar1_shared,4.37330803810454,4.280378663816835,0.6306429257309806,0.7878197476902067,-0.9454489541211974,-0.9499466944201232,5.318756992225737,2011-04-28,9.0,0,True,False
2011-04-08,2011Q2,2,diag3,student_t_ar1_shared,4.458738352121561,4.362195913859972,0.6641246925757793,0.6921042248372715,2.7339190839842376,2.6972149874665394,1.7248192681373231,2011-07-28,9.0,0,True,False
2011-04-08,2011Q3,-11,diag3,student_t_ar1_shared,4.434597317456146,4.339082649192624,0.6546661378308295,0.7148317045313712,-0.08922107662069356,-0.0892609023136356,4.523818394076839,2011-10-28,9.0,0,True,False
2011-04-15,2011Q1,15,diag3,student_t_ar1_shared,4.368694116643157,4.275957970890155,0.6288338621192663,0.7867574129839146,-0.9454489541211974,-0.9499466944201232,5.314143070764354,2011-04-28,6.0,0,True,False
2011-04-15,2011Q2,3,diag3,student_t_ar1_shared,4.438664167440898,4.342976733056057,0.6562596991876433,0.6913955161501164,2.7339190839842376,2.6972149874665394,1.7047450834566602,2011-07-28,6.0,0,True,False
2011-04-15,2011Q3,-10,diag3,student_t_ar1_shared,4.391301341068887,4.297616550125635,0.6376971213924589,0.7152815076147749,-0.08922107662069356,-0.0892609023136356,4.480522417689581,2011-10-28,6.0,0,True,False
2011-04-22,2011Q1,16,diag3,student_t_ar1_shared,4.38876089416067,4.295182939481842,0.6367012240221177,0.7899819460026855,-0.9454489541211974,-0.9499466944201232,5.334209848281867,2011-04-28,6.0,0,True,False
2011-04-22,2011Q2,4,diag3,student_t_ar1_shared,4.320420556292515,4.22969435883037,0.6099015774046463,0.7225602635787616,2.7339190839842376,2.6972149874665394,1.586501472308277,2011-07-28,6.0,0,True,False
2011-04-22,2011Q3,-9,diag3,student_t_ar1_shared,4.228012899655997,4.14107450093657,0.5736360048236194,0.7146990039475569,-0.08922107662069356,-0.0892609023136356,4.317233976276691,2011-10-28,6.0,0,True,False
2011-04-29,2011Q2,5,diag3,student_t_ar1_shared,4.687970739186942,4.581403263431341,0.763605537554505,0.7247560391834358,2.7339190839842376,2.6972149874665394,1.9540516552027043,2011-07-28,6.0,0,True,False
2011-04-29,2011Q3,-8,diag3,student_t_ar1_shared,3.613890001422315,3.5501208223062193,0.3441064559680974,0.7112582014341715,-0.08922107662069356,-0.0892609023136356,3.7031110780430088,2011-10-28,6.0,0,True,False
2011-05-06,2011Q2,6,diag3,student_t_ar1_shared,4.753300441939912,4.6437880116744505,0.7889820431065941,0.7744067962085386,2.7339190839842376,2.6972149874665394,2.019381357955674,2011-07-28,14.0,3,True,True
2011-05-06,2011Q3,-7,diag3,student_t_ar1_shared,3.7017543711207024,3.634884685858468,0.378586208065001,0.7123378180084151,-0.08922107662069356,-0.0892609023136356,3.790975447741396,2011-10-28,14.0,0,True,False
2011-05-13,2011Q2,7,diag3,student_t_ar1_shared,4.779367934863021,4.668669566669712,0.799103217532454,0.7641960270284985,2.7339190839842376,2.6972149874665394,2.045448850878784,2011-07-28,6.0,0,True,False
2011-05-13,2011Q3,-6,diag3,student_t_ar1_shared,3.705289785663912,3.638293841567638,0.3799729646235842,0.711071188828993,-0.08922107662069356,-0.0892609023136356,3.7945108622846058,2011-10-28,6.0,0,True,False
2011-05-20,2011Q2,8,diag3,student_t_ar1_shared,4.518194910114337,4.419098423308179,0.6975841173755546,0.7356516404003455,2.7339190839842376,2.6972149874665394,1.7842758261300995,2011-07-28,9.0,0,True,False
2011-05-20,2011Q3,-5,diag3,student_t_ar1_shared,3.2871856309899306,3.2343132403839343,0.2156440820427865,0.704001018130572,-0.08922107662069356,-0.0892609023136356,3.376406707610624,2011-10-28,9.0,0,True,False
2011-05-27,2011Q2,9,diag3,student_t_ar1_shared,4.4689835821850155,4.372003353463325,0.678427058397987,0.7292126812819438,2.7339190839842376,2.6972149874665394,1.735064498200778,2011-07-28,4.0,0,True,False
2011-05-27,2011Q3,-4,diag3,student_t_ar1_shared,3.2450662724319512,3.1935260424972047,0.1990529025834532,0.7032341910694397,-0.08922107662069356,-0.0892609023136356,3.334287349052645,2011-10-28,4.0,0,True,False
2011-06-03,2011Q2,10,diag3,student_t_ar1_shared,4.251291063409202,4.1634058915422,0.593574994397267,0.7438409736675956,2.7339190839842376,2.6972149874665394,1.517371979424964,2011-07-28,9.0,10,True,True
2011-06-03,2011Q3,-3,diag3,student_t_ar1_shared,2.80842845361311,2.769715252044795,0.026657610788094477,0.7119861177293861,-0.08922107662069356,-0.0892609023136356,2.8976495302338034,2011-10-28,9.0,0,True,False
2011-06-10,2011Q2,11,diag3,student_t_ar1_shared,4.161346841309488,4.07709228926929,0.5584648485846446,0.7266374782296969,2.7339190839842376,2.6972149874665394,1.4274277573252503,2011-07-28,7.0,0,True,False
2011-06-10,2011Q3,-2,diag3,student_t_ar1_shared,2.713869622493781,2.677697170623302,-0.010772969920276543,0.7100662915282817,-0.08922107662069356,-0.0892609023136356,2.8030906991144744,2011-10-28,7.0,0,True,False
2011-06-17,2011Q2,12,diag3,student_t_ar1_shared,4.03890832112046,3.9594761660727382,0.5106216451195706,0.7049902058002951,2.7339190839842376,2.6972149874665394,1.3049892371362226,2011-07-28,10.0,0,True,False
2011-06-17,2011Q3,-1,diag3,student_t_ar1_shared,2.401522356558461,2.373139327007314,-0.13465924063720702,0.7005203647785027,-0.08922107662069356,-0.0892609023136356,2.4907434331791545,2011-10-28,10.0,0,True,False
2011-06-24,2011Q2,13,diag3,student_t_ar1_shared,4.005893699142771,3.9277381731652232,0.4977114487027938,0.6979764399527976,2.7339190839842376,2.6972149874665394,1.2719746151585332,2011-07-28,2.0,0,True,False
2011-06-24,2011Q3,0,diag3,student_t_ar1_shared,2.27775774717216,2.2522041503663575,-0.18385254938492757,0.6972373600093704,-0.08922107662069356,-0.0892609023136356,2.3669788237928535,2011-10-28,2.0,0,True,False
2011-07-01,2011Q2,14,diag3,student_t_ar1_shared,4.08253303048145,4.001398526129995,0.5276745792534703,0.7288646916206054,2.7339190839842376,2.6972149874665394,1.3486139464972124,2011-07-28,11.0,5,True,True
2011-07-01,2011Q3,1,diag3,student_t_ar1_shared,2.74362587085486,2.7066630143835186,0.0010095877673435005,0.6974861264521905,-0.08922107662069356,-0.0892609023136356,2.8328469474755535,2011-10-28,11.0,0,True,False
2011-07-01,2011Q4,-13,diag3,student_t_ar1_shared,3.3404565881845816,3.285875517146898,0.23661828550441913,0.7294860519739926,4.568438742179692,4.467158724585995,-1.2279821539951108,2012-01-28,11.0,0,True,False
2011-07-08,2011Q2,15,diag3,student_t_ar1_shared,4.194004081324132,4.108439926982891,0.571216258582872,0.7355128550313367,2.7339190839842376,2.6972149874665394,1.4600849973398944,2011-07-28,9.0,0,True,False
2011-07-08,2011Q3,2,diag3,student_t_ar1_shared,2.877839515709857,2.8372074239013383,0.05411168445311554,0.6995449000647616,-0.08922107662069356,-0.0892609023136356,2.9670605923305504,2011-10-28,9.0,0,True,False
2011-07-08,2011Q4,-12,diag3,student_t_ar1_shared,3.4543506465458007,3.396027286816774,0.28142518259578947,0.7280156737665618,4.568438742179692,4.467158724585995,-1.1140880956338917,2012-01-28,9.0,0,True,False
2011-07-15,2011Q2,16,diag3,student_t_ar1_shared,4.2394222311693985,4.152020413440957,0.588943675743492,0.7323069113864721,2.7339190839842376,2.6972149874665394,1.505503147185161,2011-07-28,6.0,0,True,False
2011-07-15,2011Q3,3,diag3,student_t_ar1_shared,2.973939521043789,2.9305755869213326,0.09209144351268583,0.6996707069522271,-0.08922107662069356,-0.0892609023136356,3.0631605976644827,2011-10-28,6.0,0,True,False
2011-07-15,2011Q4,-11,diag3,student_t_ar1_shared,3.5477772158587495,3.486293581778464,0.31814318178263146,0.726412604790224,4.568438742179692,4.467158724585995,-1.0206615263209429,2012-01-28,6.0,0,True,False
2011-07-22,2011Q2,17,diag3,student_t_ar1_shared,4.2104607437742025,4.124232930744194,0.5776404449251986,0.7221266199581233,2.7339190839842376,2.6972149874665394,1.476541659789965,2011-07-28,6.0,0,True,False
2011-07-22,2011Q3,4,diag3,student_t_ar1_shared,2.863446243782497,2.82321580146377,0.04842025354301471,0.6956316076329564,-0.08922107662069356,-0.0892609023136356,2.9526673204031906,2011-10-28,6.0,0,True,False
2011-07-22,2011Q4,-10,diag3,student_t_ar1_shared,3.42465497859763,3.367319039633963,0.2697474085477741,0.720004281599756,4.568438742179692,4.467158724585995,-1.1437837635820625,2012-01-28,6.0,0,True,False
2011-07-29,2011Q3,5,diag3,student_t_ar1_shared,2.8011487063283713,2.762634115661624,0.023918086796992255,0.6932018342022327,-0.08922107662069356,-0.0892609023136356,2.890369782949065,2011-10-28,6.0,0,True,False
2011-07-29,2011Q4,-9,diag3,student_t_ar1_shared,3.2593909037797353,3.2073994780313764,0.20570487304323734,0.7154815265154892,4.568438742179692,4.467158724585995,-1.309047838399957,2012-01-28,6.0,0,True,False
2011-08-05,2011Q3,6,diag3,student_t_ar1_shared,2.344217720134223,2.317162936095265,-0.1581571846837252,0.6748860477599333,-0.08922107662069356,-0.0892609023136356,2.4334387967549165,2011-10-28,14.0,12,False,True
2011-08-05,2011Q4,-8,diag3,student_t_ar1_shared,2.659004800275744,2.624267696378052,-0.032635747683153526,0.7085883306538998,4.568438742179692,4.467158724585995,-1.9094339419039486,2012-01-28,14.0,0,True,False
2011-08-12,2011Q3,7,diag3,student_t_ar1_shared,2.4085440177111117,2.3799960809547103,-0.1324756985785921,0.771276342857716,-0.08922107662069356,-0.0892609023136356,2.4977650943318053,2011-10-28,4.0,0,True,False
2011-08-12,2011Q4,-7,diag3,student_t_ar1_shared,2.74694974750731,2.709898079196345,0.002363542762113008,0.7165167599616457,4.568438742179692,4.467158724585995,-1.8214889946723822,2012-01-28,4.0,0,True,False
2011-08-19,2011Q3,8,diag3,student_t_ar1_shared,2.361400341044906,2.3339505759400185,-0.15129565419093455,0.7193100551116156,-0.08922107662069356,-0.0892609023136356,2.4506214176655994,2011-10-28,11.0,0,True,False
2011-08-19,2011Q4,-6,diag3,student_t_ar1_shared,2.6354174995410817,2.601288698143016,-0.042027842018126815,0.708456002141397,4.568438742179692,4.467158724585995,-1.9330212426386106,2012-01-28,11.0,0,True,False
2011-08-26,2011Q3,9,diag3,student_t_ar1_shared,2.288245838610181,2.2624581429783808,-0.18051640906216676,0.7521849865603333,-0.08922107662069356,-0.0892609023136356,2.3774669152308747,2011-10-28,4.0,0,True,False
2011-08-26,2011Q4,-5,diag3,student_t_ar1_shared,2.4157991235912224,2.387080303241843,-0.12958019881267005,0.7213669514793578,4.568438742179692,4.467158724585995,-2.15263961858847,2012-01-28,4.0,0,True,False
2011-09-02,2011Q3,10,diag3,student_t_ar1_shared,2.3304179508577993,2.3036783445609137,-0.1636686762841777,0.7199806515421238,-0.08922107662069356,-0.0892609023136356,2.419639027478493,2011-10-28,8.0,11,False,True
2011-09-02,2011Q4,-4,diag3,student_t_ar1_shared,2.5174178280360504,2.4862528183519523,-0.08904589841263942,0.7096856611596241,4.568438742179692,4.467158724585995,-2.051020914143642,2012-01-28,8.0,0,True,False
2011-09-09,2011Q3,11,diag3,student_t_ar1_shared,2.3997938167497512,2.3714513106985757,-0.13596816102170795,0.6985641300654591,-0.08922107662069356,-0.0892609023136356,2.489014893370445,2011-10-28,8.0,0,True,False
2011-09-09,2011Q4,-3,diag3,student_t_ar1_shared,2.595394669360762,2.5622859477618913,-0.057969246737172436,0.7038774222308438,4.568438742179692,4.467158724585995,-1.9730440728189302,2012-01-28,8.0,0,True,False
2011-09-16,2011Q3,12,diag3,student_t_ar1_shared,2.3827527190589004,2.3548081953369775,-0.14277062072448327,0.6970731025512251,-0.08922107662069356,-0.0892609023136356,2.471973795679594,2011-10-28,8.0,0,True,False
2011-09-16,2011Q4,-2,diag3,student_t_ar1_shared,2.5005475613188777,2.4697954637750366,-0.09577243301216896,0.6985849789912085,4.568438742179692,4.467158724585995,-2.0678911808608147,2012-01-28,8.0,0,True,False
2011-09-23,2011Q3,13,diag3,student_t_ar1_shared,2.4592760642343725,2.429522695276055,-0.1122329260677919,0.6967069616697764,-0.08922107662069356,-0.0892609023136356,2.548497140855066,2011-10-28,4.0,0,True,False
2011-09-23,2011Q4,-1,diag3,student_t_ar1_shared,2.5523127050664174,2.520285025130041,-0.07513607983752912,0.6964789125565676,4.568438742179692,4.467158724585995,-2.016126037113275,2012-01-28,4.0,0,True,False
2011-09-30,2011Q3,14,diag3,student_t_ar1_shared,2.494851510772955,2.4642382165654046,-0.0980438196714904,0.6885075072615741,-0.08922107662069356,-0.0892609023136356,2.5840725873936488,2011-10-28,8.0,0,True,False
2011-09-30,2011Q4,0,diag3,student_t_ar1_shared,2.5877597896882376,2.554843933629531,-0.061010985026127104,0.69349513091589,4.568438742179692,4.467158724585995,-1.9806789524914548,2012-01-28,8.0,0,True,False
2011-10-07,2011Q3,15,diag3,student_t_ar1_shared,2.5907542869755273,2.5577628526020817,-0.05981794945225527,0.6814523758384844,-0.08922107662069356,-0.0892609023136356,2.679975363596221,2011-10-28,12.0,2,True,True
2011-10-07,2011Q4,1,diag3,student_t_ar1_shared,2.868675988889202,2.8282998350615167,0.05075731733565622,0.6865570666780583,4.568438742179692,4.467158724585995,-1.6997627532904902,2012-01-28,12.0,0,True,False
2011-10-07,2012Q1,-12,diag3,student_t_ar1_shared,2.7570392670787536,2.7197173723671644,0.006376934765532916,0.7168829097848318,3.396793738645587,3.3403767275155727,-0.6397544715668335,2012-04-28,12.0,0,True,False
2011-10-14,2011Q3,16,diag3,student_t_ar1_shared,2.615963481256345,2.5823324131718266,-0.04977575229989867,0.6798133199182462,-0.08922107662069356,-0.0892609023136356,2.7051845578770384,2011-10-28,6.0,0,True,False
2011-10-14,2011Q4,2,diag3,student_t_ar1_shared,2.9037619228775347,2.862401520092229,0.06469553341949139,0.6859382208397908,4.568438742179692,4.467158724585995,-1.6646768193021577,2012-01-28,6.0,0,True,False
2011-10-14,2012Q1,-11,diag3,student_t_ar1_shared,2.785142588756395,2.7470629241162268,0.01755374930906245,0.7161816058633736,3.396793738645587,3.3403767275155727,-0.6116511498891919,2012-04-28,6.0,0,True,False
2011-10-21,2011Q3,17,diag3,student_t_ar1_shared,2.59837731497663,2.5651930980006536,-0.05678102134069862,0.6810670361286852,-0.08922107662069356,-0.0892609023136356,2.6875983915973234,2011-10-28,6.0,0,True,False
2011-10-21,2011Q4,3,diag3,student_t_ar1_shared,2.8900921131294277,2.8491165657555393,0.059265638561161016,0.6919554904359129,4.568438742179692,4.467158724585995,-1.6783466290502647,2012-01-28,6.0,0,True,False
2011-10-21,2012Q1,-10,diag3,student_t_ar1_shared,2.782686062382589,2.7446729330460786,0.016576899867629953,0.7131663286058202,3.396793738645587,3.3403767275155727,-0.6141076762629982,2012-04-28,6.0,0,True,False
2011-10-28,2011Q4,4,diag3,student_t_ar1_shared,2.865281487105986,2.824999940551952,0.05999648105145339,0.692427723423432,4.568438742179692,4.467158724585995,-1.7031572550737062,2012-01-28,6.0,0,True,False
2011-10-28,2012Q1,-9,diag3,student_t_ar1_shared,2.4427288747494336,2.413371375013632,-0.10801572440764523,0.7109805557132288,3.396793738645587,3.3403767275155727,-0.9540648638961535,2012-04-28,6.0,0,True,False
2011-11-04,2011Q4,5,diag3,student_t_ar1_shared,2.717670243859094,2.6813973048560755,0.0013829698597535023,0.775957239894301,4.568438742179692,4.467158724585995,-1.8507684983205985,2012-01-28,13.0,2,True,True
2011-11-04,2012Q1,-8,diag3,student_t_ar1_shared,2.2614734274499337,2.2362812199210667,-0.18029765528696806,0.713016768330505,3.396793738645587,3.3403767275155727,-1.1353203111956534,2012-04-28,13.0,0,True,False
2011-11-11,2011Q4,6,diag3,student_t_ar1_shared,2.6635649999549704,2.628709682161106,-0.02012225215466623,0.763556662197173,4.568438742179692,4.467158724585995,-1.904873742224722,2012-01-28,5.0,0,True,False
2011-11-11,2012Q1,-7,diag3,student_t_ar1_shared,2.226863904714116,2.2024313451381694,-0.19411397561291843,0.7123829801931656,3.396793738645587,3.3403767275155727,-1.1699298339314712,2012-04-28,5.0,0,True,False
2011-11-18,2011Q4,7,diag3,student_t_ar1_shared,2.6674553279236957,2.632499005335932,-0.018575584607511963,0.8943551688249368,4.568438742179692,4.467158724585995,-1.9009834142559967,2012-01-28,11.0,0,True,False
2011-11-18,2012Q1,-6,diag3,student_t_ar1_shared,2.3118098601278225,2.285492370942155,-0.16021140591450056,0.720861536742413,3.396793738645587,3.3403767275155727,-1.0849838785177646,2012-04-28,11.0,0,True,False
2011-11-25,2011Q4,8,diag3,student_t_ar1_shared,2.6444426163178214,2.6100816861910854,-0.02772554052731202,0.8909258616177067,4.568438742179692,4.467158724585995,-1.923996125861871,2012-01-28,0.0,0,True,False
2011-11-25,2012Q1,-5,diag3,student_t_ar1_shared,2.267405513792542,2.2420819521941535,-0.17793000176611856,0.7170043833434991,3.396793738645587,3.3403767275155727,-1.1293882248530451,2012-04-28,0.0,0,True,False
2011-12-02,2011Q4,9,diag3,student_t_ar1_shared,2.736909291118095,2.7001255778970403,0.009027187782136181,0.8267861651944787,4.568438742179692,4.467158724585995,-1.8315294510615976,2012-01-28,11.0,11,False,True
2011-12-02,2012Q1,-4,diag3,student_t_ar1_shared,2.4181277932199263,2.389354018015432,-0.1178187591248519,0.7062811483141188,3.396793738645587,3.3403767275155727,-0.9786659454256608,2012-04-28,11.0,0,True,False
2011-12-09,2011Q4,10,diag3,student_t_ar1_shared,2.736974363425415,2.700188916659275,0.009053040422173808,0.8126807419134541,4.568438742179692,4.467158724585995,-1.8314643787542773,2012-01-28,9.0,0,True,False
2011-12-09,2012Q1,-3,diag3,student_t_ar1_shared,2.3903773169850595,2.362255068789898,-0.12887959067586874,0.7071441484986883,3.396793738645587,3.3403767275155727,-1.0064164216605276,2012-04-28,9.0,0,True,False
2011-12-16,2011Q4,11,diag3,student_t_ar1_shared,2.8157061968617114,2.7767939378848694,0.040320497646677333,0.8443339772255075,4.568438742179692,4.467158724585995,-1.752732545317981,2012-01-28,8.0,0,True,False
2011-12-16,2012Q1,-2,diag3,student_t_ar1_shared,2.461899180853533,2.432082817836519,-0.1003783759843555,0.7117099366660625,3.396793738645587,3.3403767275155727,-0.9348945577920542,2012-04-28,8.0,0,True,False
2011-12-23,2011Q4,12,diag3,student_t_ar1_shared,2.8013645995715875,2.7628441259769114,0.034626678362462915,0.8337950399014269,4.568438742179692,4.467158724585995,-1.767074142608105,2012-01-28,4.0,0,True,False
2011-12-23,2012Q1,-1,diag3,student_t_ar1_shared,2.459284177292842,2.429530613600723,-0.10142009538465374,0.7032929423160694,3.396793738645587,3.3403767275155727,-0.9375095613527451,2012-04-28,4.0,0,True,False
2011-12-30,2011Q4,13,diag3,student_t_ar1_shared,2.8106863592557874,2.7719114541292513,0.03832764065720473,0.8269322117917266,4.568438742179692,4.467158724585995,-1.757752382923905,2012-01-28,8.0,0,True,False
2011-12-30,2012Q1,0,diag3,student_t_ar1_shared,2.4714970791161806,2.4414496642801145,-0.0965551609285028,0.7003462326304719,3.396793738645587,3.3403767275155727,-0.9252966595294065,2012-04-28,8.0,0,True,False
2012-01-06,2011Q4,14,diag3,student_t_ar1_shared,2.824062521199222,2.784921086047124,0.043637711759472286,0.8160861967076185,4.568438742179692,4.467158724585995,-1.7443762209804703,2012-01-28,10.0,4,True,True
2012-01-06,2012Q1,1,diag3,student_t_ar1_shared,2.692232459689081,2.6566294782174764,-0.008726379991944866,0.6935125362412994,3.396793738645587,3.3403767275155727,-0.7045612789565059,2012-04-28,10.0,0,True,False
2012-01-06,2012Q2,-12,diag3,student_t_ar1_shared,3.0982661226192088,3.0512387460034893,0.1523391507459989,0.7199186808618608,1.7973274732638433,1.7813665065292486,1.3009386493553654,2012-07-28,10.0,0,True,False
2012-01-13,2011Q4,15,diag3,student_t_ar1_shared,2.812432808654952,2.7736101438546656,0.03902098565570922,0.8155283937373825,4.568438742179692,4.467158724585995,-1.7560059335247402,2012-01-28,6.0,0,True,False
2012-01-13,2012Q1,2,diag3,student_t_ar1_shared,2.685192125003266,2.6497734815539578,-0.011524755072040649,0.6930600189956624,3.396793738645587,3.3403767275155727,-0.7116016136423209,2012-04-28,6.0,0,True,False
2012-01-13,2012Q2,-11,diag3,student_t_ar1_shared,3.103389127815981,3.0562076733301065,0.15436729094034898,0.7197856965193927,1.7973274732638433,1.7813665065292486,1.3060616545521375,2012-07-28,6.0,0,True,False
2012-01-20,2011Q4,16,diag3,student_t_ar1_shared,2.8496198325122846,2.8097733774556612,0.05378153713952072,0.8071562574018786,4.568438742179692,4.467158724585995,-1.7188189096674078,2012-01-28,8.0,0,True,False
2012-01-20,2012Q1,3,diag3,student_t_ar1_shared,2.7693570032532255,2.7317038971277374,0.021916339563189946,0.6611892772068653,3.396793738645587,3.3403767275155727,-0.6274367353923616,2012-04-28,8.0,0,True,False
2012-01-20,2012Q2,-10,diag3,student_t_ar1_shared,3.1929770243904088,3.143061265448238,0.18981785192055828,0.7120280560654664,1.7973274732638433,1.7813665065292486,1.3956495511265654,2012-07-28,8.0,0,True,False
2012-01-27,2011Q4,17,diag3,student_t_ar1_shared,2.855499236072623,2.8154897189726493,0.056114745341848904,0.8084513961774749,4.568438742179692,4.467158724585995,-1.7129395061070696,2012-01-28,4.0,0,True,False
2012-01-27,2012Q1,4,diag3,student_t_ar1_shared,2.7619135088491342,2.7244607225112456,0.018959932151933978,0.6614272039203365,3.396793738645587,3.3403767275155727,-0.6348802297964529,2012-04-28,4.0,0,True,False
2012-01-27,2012Q2,-9,diag3,student_t_ar1_shared,3.1854777934234857,3.135793810154169,0.18685153399644838,0.7123014333696521,1.7973274732638433,1.7813665065292486,1.3881503201596423,2012-07-28,4.0,0,True,False
2012-02-03,2012Q1,5,diag3,student_t_ar1_shared,2.718903714322707,2.682598133354975,-0.004899441140861827,0.6836799312934791,3.396793738645587,3.3403767275155727,-0.6778900243228803,2012-04-28,12.0,12,False,True
2012-02-03,2012Q2,-8,diag3,student_t_ar1_shared,3.5867415365283373,3.5239158200841487,0.33925599119777705,0.7050264787351646,1.7973274732638433,1.7813665065292486,1.789414063264494,2012-07-28,12.0,0,True,False
2012-02-10,2012Q1,6,diag3,student_t_ar1_shared,2.888249081287686,2.8473252870125108,0.06248502691344171,0.6765011921796678,3.396793738645587,3.3403767275155727,-0.5085446573579011,2012-04-28,7.0,0,True,False
2012-02-10,2012Q2,-7,diag3,student_t_ar1_shared,3.744745558459317,3.6763326620534635,0.4016047150758776,0.7044689765829332,1.7973274732638433,1.7813665065292486,1.9474180851954737,2012-07-28,7.0,0,True,False
2012-02-17,2012Q1,7,diag3,student_t_ar1_shared,3.008296604275862,2.963934855367947,0.11018617125549102,0.6336522902461942,3.396793738645587,3.3403767275155727,-0.3884971343697252,2012-04-28,10.0,0,True,False
2012-02-17,2012Q2,-6,diag3,student_t_ar1_shared,3.878755661065192,3.805422211577871,0.4544110098058656,0.6977062934325555,1.7973274732638433,1.7813665065292486,2.0814281878013485,2012-07-28,10.0,0,True,False
2012-02-24,2012Q1,8,diag3,student_t_ar1_shared,3.0051003704295143,2.9608319175070763,0.1089168612934246,0.618989245824803,3.396793738645587,3.3403767275155727,-0.3916933682160728,2012-04-28,2.0,0,True,False
2012-02-24,2012Q2,-5,diag3,student_t_ar1_shared,3.8658037985313864,3.7929531846302744,0.4493103404300969,0.6933224273242774,1.7973274732638433,1.7813665065292486,2.068476325267543,2012-07-28,2.0,0,True,False
2012-03-02,2012Q1,9,diag3,student_t_ar1_shared,3.0228936906522064,2.9781046384768732,0.11598256411507313,0.6425127144757202,3.396793738645587,3.3403767275155727,-0.3739000479933807,2012-04-28,11.0,3,True,True
2012-03-02,2012Q2,-4,diag3,student_t_ar1_shared,3.8027695607059986,3.7322466090116637,0.4244772742680791,0.6925199356280254,1.7973274732638433,1.7813665065292486,2.0054420874421552,2012-07-28,11.0,0,True,False
2012-03-09,2012Q1,10,diag3,student_t_ar1_shared,3.0064131304096353,2.962106370529449,0.10943819816513023,0.6201885314558426,3.396793738645587,3.3403767275155727,-0.3903806082359518,2012-04-28,9.0,0,True,False
2012-03-09,2012Q2,-3,diag3,student_t_ar1_shared,3.806687453527746,3.736020900297367,0.4260212128654633,0.6877213931259687,1.7973274732638433,1.7813665065292486,2.009359980263903,2012-07-28,9.0,0,True,False
2012-03-16,2012Q1,11,diag3,student_t_ar1_shared,3.0004821070199528,2.9563482881269367,0.10708275578000415,0.6109844391600487,3.396793738645587,3.3403767275155727,-0.3963116316256343,2012-04-28,8.0,0,True,False
2012-03-16,2012Q2,-2,diag3,student_t_ar1_shared,3.8051663322903106,3.7345555492495155,0.42542178588163054,0.6848600454405454,1.7973274732638433,1.7813665065292486,2.0078388590264673,2012-07-28,8.0,0,True,False
2012-03-23,2012Q1,12,diag3,student_t_ar1_shared,2.978934321102611,2.9354260169897564,0.09852414185532099,0.6027578352306681,3.396793738645587,3.3403767275155727,-0.4178594175429762,2012-04-28,4.0,0,True,False
2012-03-23,2012Q2,-1,diag3,student_t_ar1_shared,3.73334367665894,3.6653417358752916,0.397108688176269,0.6793123188184201,1.7973274732638433,1.7813665065292486,1.9360162033950967,2012-07-28,4.0,0,True,False
2012-03-30,2012Q1,13,diag3,student_t_ar1_shared,2.998950278524859,2.954861071897854,0.1064743844686975,0.6110275713722576,3.396793738645587,3.3403767275155727,-0.39784346012072813,2012-04-28,8.0,0,True,False
2012-03-30,2012Q2,0,diag3,student_t_ar1_shared,3.7496118941379386,3.6810232336326223,0.4035234738458455,0.6820514216947454,1.7973274732638433,1.7813665065292486,1.9522844208740953,2012-07-28,8.0,0,True,False
2012-04-06,2012Q1,14,diag3,student_t_ar1_shared,2.9984007911961097,2.954327582194338,0.10625615135359978,0.6131488557642886,3.396793738645587,3.3403767275155727,-0.3983929474494774,2012-04-28,10.0,2,True,True
2012-04-06,2012Q2,1,diag3,student_t_ar1_shared,3.894790443209817,3.8208570756181635,0.46072490572255154,0.6780283658169167,1.7973274732638433,1.7813665065292486,2.0974629699459735,2012-07-28,10.0,0,True,False
2012-04-06,2012Q3,-12,diag3,student_t_ar1_shared,3.3413794087493676,3.286768503761163,0.24224681325646297,0.7174652945907689,0.5773578286532466,0.575697505945138,2.764021580096121,2012-10-28,10.0,0,True,False
2012-04-13,2012Q1,15,diag3,student_t_ar1_shared,3.0249340944306535,2.9800851531956547,0.11679272763599613,0.6147167134103871,3.396793738645587,3.3403767275155727,-0.37185964421493356,2012-04-28,6.0,0,True,False
2012-04-13,2012Q2,2,diag3,student_t_ar1_shared,3.9190545666343057,3.8442088629195483,0.47027735491190903,0.6788670662590385,1.7973274732638433,1.7813665065292486,2.1217270933704624,2012-07-28,6.0,0,True,False
2012-04-13,2012Q3,-11,diag3,student_t_ar1_shared,3.3407613964395066,3.286170472109797,0.242002178150397,0.7171090082268351,0.5773578286532466,0.575697505945138,2.76340356778626,2012-10-28,6.0,0,True,False
2012-04-20,2012Q1,16,diag3,student_t_ar1_shared,2.928290278841783,2.8862348889169582,0.07840166705637042,0.633267432787696,3.396793738645587,3.3403767275155727,-0.46850345980380403,2012-04-28,8.0,0,True,False
2012-04-20,2012Q2,3,diag3,student_t_ar1_shared,3.62498485845435,3.560828134870182,0.35435560678198696,0.6665009800187464,1.7973274732638433,1.7813665065292486,1.8276573851905065,2012-07-28,8.0,0,True,False
2012-04-20,2012Q3,-10,diag3,student_t_ar1_shared,3.0435239129863456,2.998127524925788,0.12417326930431516,0.715836669209202,0.5773578286532466,0.575697505945138,2.466166084333099,2012-10-28,8.0,0,True,False
2012-04-27,2012Q1,17,diag3,student_t_ar1_shared,2.920500901291745,2.878666831306221,0.07530582326267465,0.6300907493179845,3.396793738645587,3.3403767275155727,-0.4762928373538422,2012-04-28,4.0,0,True,False
2012-04-27,2012Q2,4,diag3,student_t_ar1_shared,3.6262130376277346,3.56201334314484,0.3548404365586698,0.6658018803346716,1.7973274732638433,1.7813665065292486,1.8288855643638913,2012-07-28,4.0,0,True,False
2012-04-27,2012Q3,-9,diag3,student_t_ar1_shared,3.0455869913914135,3.000129647596008,0.12499227192845294,0.7150933967542882,0.5773578286532466,0.575697505945138,2.468229162738167,2012-10-28,4.0,0,True,False
2012-05-04,2012Q2,5,diag3,student_t_ar1_shared,3.8266594158279377,3.755258621658534,0.433338610687912,0.6884211719803901,1.7973274732638433,1.7813665065292486,2.0293319425640943,2012-07-28,12.0,12,False,True
2012-05-04,2012Q3,-8,diag3,student_t_ar1_shared,3.3441809273144996,3.289479402926769,0.24197717487662782,0.7091321020221317,0.5773578286532466,0.575697505945138,2.766823098661253,2012-10-28,12.0,0,True,False
2012-05-11,2012Q2,6,diag3,student_t_ar1_shared,3.8015112602596712,3.73103439851063,0.42338629436169706,0.6705461836603508,1.7973274732638433,1.7813665065292486,2.004183786995828,2012-07-28,7.0,0,True,False
2012-05-11,2012Q3,-7,diag3,student_t_ar1_shared,3.2992476296726414,3.245990675834121,0.22411020073228172,0.707511493724637,0.5773578286532466,0.575697505945138,2.721889801019395,2012-10-28,7.0,0,True,False
2012-05-18,2012Q2,7,diag3,student_t_ar1_shared,3.8245662931020163,3.753242623227652,0.4325103548559382,0.6469467833948748,1.7973274732638433,1.7813665065292486,2.027238819838173,2012-07-28,12.0,0,True,False
2012-05-18,2012Q3,-6,diag3,student_t_ar1_shared,3.3743481579306955,3.3186661729409144,0.25396831143228654,0.7023736962690195,0.5773578286532466,0.575697505945138,2.796990329277449,2012-10-28,12.0,0,True,False
2012-05-25,2012Q2,8,diag3,student_t_ar1_shared,3.7435343723157377,3.6751651877806966,0.4004329036715035,0.6512105573819023,1.7973274732638433,1.7813665065292486,1.9462068990518944,2012-07-28,0.0,0,True,False
2012-05-25,2012Q3,-5,diag3,student_t_ar1_shared,3.2027082445934774,3.152490939520716,0.18569662822978347,0.7019298768130923,0.5773578286532466,0.575697505945138,2.6253504159402308,2012-10-28,0.0,0,True,False
2012-06-01,2012Q2,9,diag3,student_t_ar1_shared,3.6613323054631053,3.595897933859894,0.3678666256730904,0.6507764727621558,1.7973274732638433,1.7813665065292486,1.864004832199262,2012-07-28,11.0,2,True,True
2012-06-01,2012Q3,-4,diag3,student_t_ar1_shared,3.059958500360671,3.0140754237353824,0.1288297892339145,0.7034474386907396,0.5773578286532466,0.575697505945138,2.4826006717074245,2012-10-28,11.0,0,True,False
2012-06-08,2012Q2,10,diag3,student_t_ar1_shared,3.619814697297463,3.5558387106056966,0.35140863405147893,0.6361337262917356,1.7973274732638433,1.7813665065292486,1.8224872240336198,2012-07-28,9.0,0,True,False
2012-06-08,2012Q3,-3,diag3,student_t_ar1_shared,3.0212517426633445,2.976510855760605,0.1133967055449151,0.6978078954356529,0.5773578286532466,0.575697505945138,2.443893914010098,2012-10-28,9.0,0,True,False
2012-06-15,2012Q2,11,diag3,student_t_ar1_shared,3.6142105466774765,3.5504301869670143,0.3491865880530861,0.6295267940197835,1.7973274732638433,1.7813665065292486,1.8168830734136332,2012-07-28,6.0,0,True,False
2012-06-15,2012Q3,-2,diag3,student_t_ar1_shared,3.030619039121629,2.9856030289393205,0.11713214766889248,0.6970508299213448,0.5773578286532466,0.575697505945138,2.4532612104683826,2012-10-28,6.0,0,True,False
2012-06-22,2012Q2,12,diag3,student_t_ar1_shared,3.5229136053546384,3.46227897060872,0.3129704095452408,0.6264660590915152,1.7973274732638433,1.7813665065292486,1.725586132090795,2012-07-28,6.0,0,True,False
2012-06-22,2012Q3,-1,diag3,student_t_ar1_shared,2.6517011918412825,2.6171530080307046,-0.03424241390504146,0.6914186238179771,0.5773578286532466,0.575697505945138,2.074343363188036,2012-10-28,6.0,0,True,False
2012-06-29,2012Q2,13,diag3,student_t_ar1_shared,3.5410203413779318,3.4797679999382862,0.3201556286981346,0.6206270336309074,1.7973274732638433,1.7813665065292486,1.7436928681140884,2012-07-28,4.0,0,True,False
2012-06-29,2012Q3,0,diag3,student_t_ar1_shared,2.6781366045267596,2.6429022251101535,-0.02366356677494358,0.6893538801831512,0.5773578286532466,0.575697505945138,2.100778775873513,2012-10-28,4.0,0,True,False
2012-07-06,2012Q2,14,diag3,student_t_ar1_shared,3.45191966779419,3.3936774510693755,0.28478605792554157,0.6197880529485692,1.7973274732638433,1.7813665065292486,1.6545921945303466,2012-07-28,13.0,3,True,True
2012-07-06,2012Q3,1,diag3,student_t_ar1_shared,2.4250432676849343,2.396105987760674,-0.12505770466845126,0.682231666922532,0.5773578286532466,0.575697505945138,1.8476854390316877,2012-10-28,13.0,0,True,False
2012-07-06,2012Q4,-12,diag3,student_t_ar1_shared,2.5660301255272966,2.533660153158128,-0.06854474416336177,0.723698700695383,0.4633651980530562,0.4622949663000891,2.1026649274742404,2013-01-28,13.0,0,True,False
2012-07-13,2012Q2,15,diag3,student_t_ar1_shared,3.4362205310566774,3.378501001851417,0.27855094266906205,0.6282154311932513,1.7973274732638433,1.7813665065292486,1.638893057792834,2012-07-28,6.0,0,True,False
2012-07-13,2012Q3,2,diag3,student_t_ar1_shared,2.4050286991458725,2.3765633801634847,-0.13308661901005114,0.68376339307183,0.5773578286532466,0.575697505945138,1.8276708704926259,2012-10-28,6.0,0,True,False
2012-07-13,2012Q4,-11,diag3,student_t_ar1_shared,2.5718556525819114,2.539339773998589,-0.06621132018224568,0.7257538755151594,0.4633651980530562,0.4622949663000891,2.108490454528855,2013-01-28,6.0,0,True,False
2012-07-20,2012Q2,16,diag3,student_t_ar1_shared,3.397528181653642,3.3410870400630763,0.26317973425255137,0.6204150750425281,1.7973274732638433,1.7813665065292486,1.6002007083897984,2012-07-28,9.0,0,True,False
2012-07-20,2012Q3,3,diag3,student_t_ar1_shared,2.2371740008876095,2.2125163422729623,-0.20048395115551307,0.6624982713784183,0.5773578286532466,0.575697505945138,1.659816172234363,2012-10-28,9.0,0,True,False
2012-07-20,2012Q4,-10,diag3,student_t_ar1_shared,2.3728401325273207,2.3451258356013733,-0.1460024671712619,0.7187248984090926,0.4633651980530562,0.4622949663000891,1.9094749344742645,2013-01-28,9.0,0,True,False
2012-07-27,2012Q2,17,diag3,student_t_ar1_shared,3.3879564192050626,3.3318293666109042,0.25937629774693977,0.6105904134564928,1.7973274732638433,1.7813665065292486,1.5906289459412193,2012-07-28,4.0,0,True,False
2012-07-27,2012Q3,4,diag3,student_t_ar1_shared,2.2098680659869085,2.185804353890041,-0.21145834469811967,0.6602373453790706,0.5773578286532466,0.575697505945138,1.632510237333662,2012-10-28,4.0,0,True,False
2012-07-27,2012Q4,-9,diag3,student_t_ar1_shared,2.3486263697148235,2.3214705117712815,-0.15572105604483333,0.7168023359800332,0.4633651980530562,0.4622949663000891,1.8852611716617673,2013-01-28,4.0,0,True,False
2012-08-03,2012Q3,5,diag3,student_t_ar1_shared,2.107444984327689,2.085545507775035,-0.2502034460731486,0.6632949176340875,0.5773578286532466,0.575697505945138,1.5300871556744422,2012-10-28,12.0,11,False,True
2012-08-03,2012Q4,-8,diag3,student_t_ar1_shared,2.032030076076663,2.0116598355800623,-0.28067902743960116,0.7070045321980377,0.4633651980530562,0.4622949663000891,1.5686648780236068,2013-01-28,12.0,0,True,False
2012-08-10,2012Q3,6,diag3,student_t_ar1_shared,2.1403400343251056,2.1177564326365483,-0.2369174241375921,0.6486889525960023,0.5773578286532466,0.575697505945138,1.562982205671859,2012-10-28,7.0,0,True,False
2012-08-10,2012Q4,-7,diag3,student_t_ar1_shared,2.076948409226831,2.0556739051311754,-0.262524569098422,0.7051574456552537,0.4633651980530562,0.4622949663000891,1.6135832111737747,2013-01-28,7.0,0,True,False
2012-08-17,2012Q3,7,diag3,student_t_ar1_shared,2.145853459478775,2.123154178867662,-0.23469101880656007,0.6549209793993926,0.5773578286532466,0.575697505945138,1.5684956308255282,2012-10-28,10.0,0,True,False
2012-08-17,2012Q4,-6,diag3,student_t_ar1_shared,2.0184527186692947,1.9983519940680536,-0.28616810529140524,0.7029099570258315,0.4633651980530562,0.4622949663000891,1.5550875206162385,2013-01-28,10.0,0,True,False
2012-08-24,2012Q3,8,diag3,student_t_ar1_shared,2.175593184382585,2.1522649018018654,-0.2226837354042181,0.6427982904693555,0.5773578286532466,0.575697505945138,1.5982353557293383,2012-10-28,2.0,0,True,False
2012-08-24,2012Q4,-5,diag3,student_t_ar1_shared,2.085257464789425,2.0638135659774237,-0.2591672077989189,0.6991195117973539,0.4633651980530562,0.4622949663000891,1.6218922667363689,2013-01-28,2.0,0,True,False
2012-08-31,2012Q3,9,diag3,student_t_ar1_shared,2.2145664275036614,2.1904010270120358,-0.20695374943648065,0.652543093644039,0.5773578286532466,0.575697505945138,1.6372085988504148,2012-10-28,8.0,0,True,False
2012-08-31,2012Q4,-4,diag3,student_t_ar1_shared,2.1274059150015345,2.1050925445804487,-0.2421408908721286,0.6997331755114371,0.4633651980530562,0.4622949663000891,1.6640407169484783,2013-01-28,8.0,0,True,False
2012-09-07,2012Q3,10,diag3,student_t_ar1_shared,2.338216122393799,2.311298634377267,-0.1570871817947065,0.6693402642293821,0.5773578286532466,0.575697505945138,1.7608582937405526,2012-10-28,12.0,11,False,True
2012-09-07,2012Q4,-3,diag3,student_t_ar1_shared,2.3762360567370022,2.348442992653512,-0.141766269372536,0.6985491223882,0.4633651980530562,0.4622949663000891,1.912870858683946,2013-01-28,12.0,0,True,False
2012-09-14,2012Q3,11,diag3,student_t_ar1_shared,2.425548542883904,2.396599298709406,-0.12190326508611038,0.6867862761338124,0.5773578286532466,0.575697505945138,1.8481907142306575,2012-10-28,6.0,0,True,False
2012-09-14,2012Q4,-2,diag3,student_t_ar1_shared,2.4536696978596284,2.4240507458535347,-0.11058038222919975,0.7006002657985702,0.4633651980530562,0.4622949663000891,1.9903044998065722,2013-01-28,6.0,0,True,False
2012-09-21,2012Q3,12,diag3,student_t_ar1_shared,2.3318331544231574,2.3050613094777233,-0.1596598876636257,0.6862142001765554,0.5773578286532466,0.575697505945138,1.7544753257699108,2012-10-28,6.0,0,True,False
2012-09-21,2012Q4,-1,diag3,student_t_ar1_shared,2.235384618591718,2.210766100276658,-0.1985537792004109,0.6967145824738155,0.4633651980530562,0.4622949663000891,1.772019420538662,2013-01-28,6.0,0,True,False
2012-09-28,2012Q3,13,diag3,student_t_ar1_shared,2.312733649966159,2.2863952830000067,-0.16735905303372461,0.7018013445039422,0.5773578286532466,0.575697505945138,1.7353758213129122,2012-10-28,4.0,0,True,False
2012-09-28,2012Q4,0,diag3,student_t_ar1_shared,2.2120029548156506,2.1878930627137563,-0.20798820805025192,0.701944472194021,0.4633651980530562,0.4622949663000891,1.7486377567625944,2013-01-28,4.0,0,True,False
2012-10-05,2012Q3,14,diag3,student_t_ar1_shared,2.3477963276349323,2.3206595136415027,-0.1532261052259511,0.703943497737851,0.5773578286532466,0.575697505945138,1.7704384989816857,2012-10-28,13.0,11,False,True
2012-10-05,2012Q4,1,diag3,student_t_ar1_shared,2.563162138866204,2.530863879619859,-0.0665232294362812,0.6974301769579997,0.4633651980530562,0.4622949663000891,2.099796940813148,2013-01-28,13.0,0,True,False
2012-10-05,2013Q1,-12,diag3,student_t_ar1_shared,2.8079640019845087,2.769263486868827,0.03180932155241564,0.7234014292000606,4.005025807945661,3.9269037062063,-1.1970618059611526,2013-04-28,13.0,0,True,False
2012-10-12,2012Q3,15,diag3,student_t_ar1_shared,2.3474002701993957,2.320272540774422,-0.15338571970528092,0.7103381713585291,0.5773578286532466,0.575697505945138,1.770042441546149,2012-10-28,4.0,0,True,False
2012-10-12,2012Q4,2,diag3,student_t_ar1_shared,2.5496161977337284,2.5176555936593017,-0.07197124366615945,0.69807125086875,0.4633651980530562,0.4622949663000891,2.086250999680672,2013-01-28,4.0,0,True,False
2012-10-12,2013Q1,-11,diag3,student_t_ar1_shared,2.7944387180779406,2.75610674964481,0.026382569600704522,0.7253840570407132,4.005025807945661,3.9269037062063,-1.2105870898677207,2013-04-28,4.0,0,True,False
2012-10-19,2012Q3,16,diag3,student_t_ar1_shared,2.317353634622288,2.290910733018362,-0.16549656792189676,0.7076138683447047,0.5773578286532466,0.575697505945138,1.7399958059690412,2012-10-28,11.0,0,True,False
2012-10-19,2012Q4,3,diag3,student_t_ar1_shared,2.445497716684586,2.416074157873719,-0.11387048095583857,0.6852350818313457,0.4633651980530562,0.4622949663000891,1.9821325186315297,2013-01-28,11.0,0,True,False
2012-10-19,2013Q1,-10,diag3,student_t_ar1_shared,2.671525527284535,2.6364633761966556,-0.022966664887605653,0.7220135772657517,4.005025807945661,3.9269037062063,-1.3335002806611262,2013-04-28,11.0,0,True,False
2012-10-26,2012Q3,17,diag3,student_t_ar1_shared,2.3108912454529396,2.284594509004141,-0.16810181726396378,0.7037637065531233,0.5773578286532466,0.575697505945138,1.733533416799693,2012-10-28,4.0,0,True,False
2012-10-26,2012Q4,4,diag3,student_t_ar1_shared,2.3951192289584977,2.3668861701659853,-0.13415902238892463,0.671007813557425,0.4633651980530562,0.4622949663000891,1.9317540309054415,2013-01-28,4.0,0,True,False
2012-10-26,2013Q1,-9,diag3,student_t_ar1_shared,2.6105266243783065,2.5770340163844607,-0.04747945927260375,0.7182242664854019,4.005025807945661,3.9269037062063,-1.3944991835673548,2013-04-28,4.0,0,True,False
2012-11-02,2012Q4,5,diag3,student_t_ar1_shared,2.3204118110503824,2.2938996011010984,-0.1565734734659069,0.6481495040988774,0.4633651980530562,0.4622949663000891,1.8570466129973262,2013-01-28,10.0,11,False,True
2012-11-02,2013Q1,-8,diag3,student_t_ar1_shared,2.4801687848266196,2.4499118601632857,-0.09215146431101244,0.710507322736106,4.005025807945661,3.9269037062063,-1.5248570231190417,2013-04-28,10.0,0,True,False
2012-11-09,2012Q4,6,diag3,student_t_ar1_shared,2.4109025746487767,2.3822991405293936,-0.12007072699860478,0.6341894125121763,0.4633651980530562,0.4622949663000891,1.9475373765957205,2013-01-28,9.0,0,True,False
2012-11-09,2013Q1,-7,diag3,student_t_ar1_shared,2.5658425557856246,2.5334772759297173,-0.05764486840695768,0.7089168721596829,4.005025807945661,3.9269037062063,-1.4391832521600367,2013-04-28,9.0,0,True,False
2012-11-16,2012Q4,7,diag3,student_t_ar1_shared,2.449773872174532,2.4202481492571106,-0.1044004751711399,0.6432417426184511,0.4633651980530562,0.4622949663000891,1.986408674121476,2013-01-28,8.0,0,True,False
2012-11-16,2013Q1,-6,diag3,student_t_ar1_shared,2.58441890933363,2.551587273417523,-0.05016672258067699,0.7062668084662612,4.005025807945661,3.9269037062063,-1.4206068986120313,2013-04-28,8.0,0,True,False
2012-11-23,2012Q4,8,diag3,student_t_ar1_shared,2.391936362938285,2.3637777060970366,-0.127718767131704,0.6345982833267434,0.4633651980530562,0.4622949663000891,1.9285711648852288,2013-01-28,4.0,0,True,False
2012-11-23,2013Q1,-5,diag3,student_t_ar1_shared,2.4175011357472798,2.388742154272845,-0.11741021882533186,0.7053525528329332,4.005025807945661,3.9269037062063,-1.5875246721983816,2013-04-28,4.0,0,True,False
2012-11-30,2012Q4,9,diag3,student_t_ar1_shared,2.417686684885001,2.3889233234749727,-0.1173354087811197,0.6456287797159977,0.4633651980530562,0.4622949663000891,1.9543214868319447,2013-01-28,8.0,0,True,False
2012-11-30,2013Q1,-4,diag3,student_t_ar1_shared,2.4343463679987964,2.405188412868746,-0.11061907928156944,0.7060588427325659,4.005025807945661,3.9269037062063,-1.5706794399468649,2013-04-28,8.0,0,True,False
2012-12-07,2012Q4,10,diag3,student_t_ar1_shared,2.275155476674273,2.2496598008804236,-0.17484137646249764,0.6458874803904507,0.4633651980530562,0.4622949663000891,1.811790278621217,2013-01-28,12.0,11,False,True
2012-12-07,2013Q1,-3,diag3,student_t_ar1_shared,2.1516942077820733,2.1288720627792332,-0.22471815420117622,0.6971343223681766,4.005025807945661,3.9269037062063,-1.853331600163588,2013-04-28,12.0,0,True,False
2012-12-14,2012Q4,11,diag3,student_t_ar1_shared,2.2178519102720173,2.1936152753150644,-0.19798379463371393,0.6442313739559546,0.4633651980530562,0.4622949663000891,1.7544867122189611,2013-01-28,6.0,0,True,False
2012-12-14,2013Q1,-2,diag3,student_t_ar1_shared,2.1053564116679135,2.083500021257469,-0.243453592633141,0.6958490897065328,4.005025807945661,3.9269037062063,-1.8996693962777478,2013-04-28,6.0,0,True,False
2012-12-21,2012Q4,12,diag3,student_t_ar1_shared,2.2702779267566697,2.244890640467152,-0.17681070180687625,0.6459583637254007,0.4633651980530562,0.4622949663000891,1.8069127287036135,2013-01-28,6.0,0,True,False
2012-12-21,2013Q1,-1,diag3,student_t_ar1_shared,2.1749071909903828,2.1515935128001815,-0.21533580521103346,0.6923007926245699,4.005025807945661,3.9269037062063,-1.8301186169552786,2013-04-28,6.0,0,True,False
2012-12-28,2012Q4,13,diag3,student_t_ar1_shared,2.3045046007861503,2.278351924332094,-0.16299356238180984,0.6462410036128113,0.4633651980530562,0.4622949663000891,1.841139402733094,2013-01-28,4.0,0,True,False
2012-12-28,2013Q1,0,diag3,student_t_ar1_shared,2.217762317275307,2.1935276262065275,-0.19801998750539287,0.6920833137195681,4.005025807945661,3.9269037062063,-1.7872634906703544,2013-04-28,4.0,0,True,False
2013-01-04,2012Q4,14,diag3,student_t_ar1_shared,2.3989951128168485,2.3706713217766744,-0.1248721922849996,0.6537707137974945,0.4633651980530562,0.4622949663000891,1.9356299147637923,2013-01-28,12.0,11,False,True
2013-01-04,2013Q1,1,diag3,student_t_ar1_shared,2.583767730878206,2.5509524981474327,-0.050428839791893956,0.6891745919237007,4.005025807945661,3.9269037062063,-1.4212580770674554,2013-04-28,12.0,0,True,False
2013-01-04,2013Q2,-12,diag3,student_t_ar1_shared,2.7151879509281995,2.6789806584122458,0.002437719299314571,0.7222429416247864,1.0748507650766292,1.0691153060548295,1.6403371858515703,2013-07-28,12.0,0,True,False
2013-01-11,2012Q4,15,diag3,student_t_ar1_shared,2.46115528319244,2.4313567915111287,-0.09981339299382506,0.659356940907572,0.4633651980530562,0.4622949663000891,1.9977900851393837,2013-01-28,5.0,0,True,False
2013-01-11,2013Q1,2,diag3,student_t_ar1_shared,2.678465838533106,2.643222871247087,-0.012327713276047265,0.689792411695795,4.005025807945661,3.9269037062063,-1.3265599694125552,2013-04-28,5.0,0,True,False
2013-01-11,2013Q2,-11,diag3,student_t_ar1_shared,2.8086670874204023,2.7699473667983625,0.04000052465620065,0.7227899190819242,1.0748507650766292,1.0691153060548295,1.733816322343773,2013-07-28,5.0,0,True,False
2013-01-18,2012Q4,16,diag3,student_t_ar1_shared,2.4888533565620596,2.4583858936049223,-0.0886522889049414,0.6513957321453061,0.4633651980530562,0.4622949663000891,2.0254881585090034,2013-01-28,11.0,0,True,False
2013-01-18,2013Q1,3,diag3,student_t_ar1_shared,2.6427013536915567,2.608385269559604,-0.026713174446447926,0.6890146135677019,4.005025807945661,3.9269037062063,-1.3623244542541046,2013-04-28,11.0,0,True,False
2013-01-18,2013Q2,-10,diag3,student_t_ar1_shared,2.7471771647619603,2.7101194161835043,0.015295820004160219,0.7192770348942527,1.0748507650766292,1.0691153060548295,1.672326399685331,2013-07-28,11.0,0,True,False
2013-01-25,2012Q4,17,diag3,student_t_ar1_shared,2.4796090228870193,2.449365643783091,-0.0923770129753097,0.6512520994442894,0.4633651980530562,0.4622949663000891,2.016243824833963,2013-01-28,0.0,0,True,False
2013-01-25,2013Q1,4,diag3,student_t_ar1_shared,2.566662483142479,2.5342766883453143,-0.05731476771957776,0.6762649118824311,4.005025807945661,3.9269037062063,-1.4383633248031824,2013-04-28,0.0,0,True,False
2013-01-25,2013Q2,-9,diag3,student_t_ar1_shared,2.6554132874804237,2.6207691473437067,-0.02159951034866346,0.7167094311225345,1.0748507650766292,1.0691153060548295,1.5805625224037945,2013-07-28,0.0,0,True,False
2013-02-01,2013Q1,5,diag3,student_t_ar1_shared,2.86488476228417,2.824614265637054,0.07078045924489196,0.6973735202109448,4.005025807945661,3.9269037062063,-1.1401410456614913,2013-04-28,13.0,11,False,True
2013-02-01,2013Q2,-8,diag3,student_t_ar1_shared,2.7787498746564943,2.7408432383286687,0.03616180663750668,0.7129046200997683,1.0748507650766292,1.0691153060548295,1.703899109579865,2013-07-28,13.0,0,True,False
2013-02-08,2013Q1,6,diag3,student_t_ar1_shared,2.8663935283505637,2.826081000378557,0.07138659220177146,0.7054091066572998,4.005025807945661,3.9269037062063,-1.1386322795950976,2013-04-28,10.0,0,True,False
2013-02-08,2013Q2,-7,diag3,student_t_ar1_shared,2.7586454790391457,2.7212804763827205,0.028077430909909995,0.7128658174238675,1.0748507650766292,1.0691153060548295,1.6837947139625165,2013-07-28,10.0,0,True,False
2013-02-15,2013Q1,7,diag3,student_t_ar1_shared,2.9662958091009273,2.923152353735152,0.11150164830117693,0.678749728100901,4.005025807945661,3.9269037062063,-1.038729998844734,2013-04-28,6.0,0,True,False
2013-02-15,2013Q2,-6,diag3,student_t_ar1_shared,2.9128564625275244,2.8712390374193113,0.09004829956021554,0.7084962384162014,1.0748507650766292,1.0691153060548295,1.8380056974508951,2013-07-28,6.0,0,True,False
2013-02-22,2013Q1,8,diag3,student_t_ar1_shared,2.835007315727567,2.795564715377303,0.058775637038987805,0.6534254893511702,4.005025807945661,3.9269037062063,-1.1700184922180945,2013-04-28,6.0,0,True,False
2013-02-22,2013Q2,-5,diag3,student_t_ar1_shared,2.7153299525750407,2.6791189062716882,0.010654023367316245,0.7055389818942792,1.0748507650766292,1.0691153060548295,1.6404791874984115,2013-07-28,6.0,0,True,False
2013-03-01,2013Q1,9,diag3,student_t_ar1_shared,2.8648441133190428,2.824574748776396,0.07076412877223082,0.6555408732804372,4.005025807945661,3.9269037062063,-1.1401816946266186,2013-04-28,7.0,11,False,True
2013-03-01,2013Q2,-4,diag3,student_t_ar1_shared,2.8178539553687987,2.7788828561583023,0.05188180384028629,0.699498115918411,1.0748507650766292,1.0691153060548295,1.7430031902921694,2013-07-28,7.0,0,True,False
2013-03-08,2013Q1,10,diag3,student_t_ar1_shared,2.96469291491801,2.9215956242765224,0.11085832473139923,0.9902416719553527,4.005025807945661,3.9269037062063,-1.0403328930276512,2013-04-28,12.0,0,True,False
2013-03-08,2013Q2,-3,diag3,student_t_ar1_shared,2.907876443067381,2.866399855874464,0.08804849186789226,0.7273161698217605,1.0748507650766292,1.0691153060548295,1.8330256779907517,2013-07-28,12.0,0,True,False
2013-03-15,2013Q1,11,diag3,student_t_ar1_shared,2.9961782170253803,2.9521696864074345,0.12349315648307713,0.9718619124563742,4.005025807945661,3.9269037062063,-1.008847590920281,2013-04-28,6.0,0,True,False
2013-03-15,2013Q2,-2,diag3,student_t_ar1_shared,2.9369397840277145,2.894637964257441,0.09971798304890955,0.7249790533341604,1.0748507650766292,1.0691153060548295,1.8620890189510853,2013-07-28,6.0,0,True,False
2013-03-22,2013Q1,12,diag3,student_t_ar1_shared,3.022072249935981,2.9773072972630468,0.13388135686155045,0.9628662471960036,4.005025807945661,3.9269037062063,-0.9829535580096804,2013-04-28,7.0,0,True,False
2013-03-22,2013Q2,-1,diag3,student_t_ar1_shared,2.895734005905104,2.8545998323958917,0.08317209334815251,0.7192992799081365,1.0748507650766292,1.0691153060548295,1.8208832408284747,2013-07-28,7.0,0,True,False
2013-03-29,2013Q1,13,diag3,student_t_ar1_shared,3.036130785935076,2.990952506057253,0.1395202842828761,0.9590465798885263,4.005025807945661,3.9269037062063,-0.9688950220105852,2013-04-28,4.0,0,True,False
2013-03-29,2013Q2,0,diag3,student_t_ar1_shared,2.905225636114861,2.8638239198180235,0.08698397781879885,0.7173034870175548,1.0748507650766292,1.0691153060548295,1.8303748710382317,2013-07-28,4.0,0,True,False
2013-04-05,2013Q1,14,diag3,student_t_ar1_shared,2.9866988975760345,2.942965698591733,0.11968957824090731,0.9713120639085281,4.005025807945661,3.9269037062063,-1.0183269103696269,2013-04-28,13.0,12,False,True
2013-04-05,2013Q2,1,diag3,student_t_ar1_shared,2.6571176597313118,2.6224294183881067,-0.012773093985652406,0.7159628640934841,1.0748507650766292,1.0691153060548295,1.5822668946546825,2013-07-28,13.0,0,True,False
2013-04-05,2013Q3,-12,diag3,student_t_ar1_shared,2.910430288323629,2.868881506119231,0.08907404199514982,0.7293764938011013,3.4493139225505898,3.3911586209990983,-0.538883634226961,2013-10-28,13.0,0,True,False
2013-04-12,2013Q1,15,diag3,student_t_ar1_shared,2.944718626302101,2.9021945793907475,0.10284077911090161,0.9768227941358962,4.005025807945661,3.9269037062063,-1.0603071816435605,2013-04-28,4.0,0,True,False
2013-04-12,2013Q2,2,diag3,student_t_ar1_shared,2.622518306772026,2.588719934128733,-0.02670364924616514,0.717525058574936,1.0748507650766292,1.0691153060548295,1.5476675416953967,2013-07-28,4.0,0,True,False
2013-04-12,2013Q3,-11,diag3,student_t_ar1_shared,2.882120250283493,2.841368325350899,0.07770412953559785,0.7308829072898656,3.4493139225505898,3.3911586209990983,-0.5671936722670967,2013-10-28,4.0,0,True,False
2013-04-19,2013Q1,16,diag3,student_t_ar1_shared,2.9020906079485265,2.8607773535211676,0.08572497427467429,0.9800799293469302,4.005025807945661,3.9269037062063,-1.1029351999971349,2013-04-28,11.0,0,True,False
2013-04-19,2013Q2,3,diag3,student_t_ar1_shared,2.498049033736738,2.4673578592023495,-0.0768569259407601,0.6933120222513923,1.0748507650766292,1.0691153060548295,1.4231982686601086,2013-07-28,11.0,0,True,False
2013-04-19,2013Q3,-10,diag3,student_t_ar1_shared,2.772925284091854,2.735175962144498,0.033819786111392636,0.7258042029895182,3.4493139225505898,3.3911586209990983,-0.6763886384587359,2013-10-28,11.0,0,True,False
2013-04-26,2013Q1,17,diag3,student_t_ar1_shared,2.8694457159559983,2.829048094120573,0.07261275345117668,0.9802043831265207,4.005025807945661,3.9269037062063,-1.135580091989663,2013-04-28,4.0,0,True,False
2013-04-26,2013Q2,4,diag3,student_t_ar1_shared,2.4433161721929775,2.4139446668094746,-0.09893010340453084,0.6926714324719906,1.0748507650766292,1.0691153060548295,1.3684654071163482,2013-07-28,4.0,0,True,False
2013-04-26,2013Q3,-9,diag3,student_t_ar1_shared,2.7248165175635775,2.6883542628057224,0.014470564835527111,0.7256180870006324,3.4493139225505898,3.3911586209990983,-0.7244974049870123,2013-10-28,4.0,0,True,False
2013-05-03,2013Q2,5,diag3,student_t_ar1_shared,2.1408582137638854,2.1182637523930565,-0.22651356852507087,0.6473325282845013,1.0748507650766292,1.0691153060548295,1.0660074486872562,2013-07-28,11.0,11,False,True
2013-05-03,2013Q3,-8,diag3,student_t_ar1_shared,2.6521350092825635,2.6175756181964944,-0.019499766207178637,0.7093452677527923,3.4493139225505898,3.3911586209990983,-0.7971789132680263,2013-10-28,11.0,0,True,False
2013-05-10,2013Q2,6,diag3,student_t_ar1_shared,2.063048392818656,2.04205578359948,-0.2581092554440997,0.6400737470863191,1.0748507650766292,1.0691153060548295,0.9881976277420268,2013-07-28,8.0,0,True,False
2013-05-10,2013Q3,-7,diag3,student_t_ar1_shared,2.6145389744455017,2.5809442113267695,-0.03468708167013773,0.7090476525114278,3.4493139225505898,3.3911586209990983,-0.8347749481050881,2013-10-28,8.0,0,True,False
2013-05-17,2013Q2,7,diag3,student_t_ar1_shared,1.9498417663622591,1.9310758960175285,-0.3041213174089884,0.689164503989756,1.0748507650766292,1.0691153060548295,0.8749910012856299,2013-07-28,10.0,0,True,False
2013-05-17,2013Q3,-6,diag3,student_t_ar1_shared,2.495444306909178,2.464816581637632,-0.08283338826237113,0.7093505382982671,3.4493139225505898,3.3911586209990983,-0.9538696156414117,2013-10-28,10.0,0,True,False
2013-05-24,2013Q2,8,diag3,student_t_ar1_shared,1.9328342969780588,1.914392311367744,-0.31103830162502943,0.6808076801746599,1.0748507650766292,1.0691153060548295,0.8579835319014295,2013-07-28,2.0,0,True,False
2013-05-24,2013Q3,-5,diag3,student_t_ar1_shared,2.4758776864803878,2.4457245249558097,-0.09074892065496343,0.7053190087619546,3.4493139225505898,3.3911586209990983,-0.973436236070202,2013-10-28,2.0,0,True,False
2013-05-31,2013Q2,9,diag3,student_t_ar1_shared,1.974614886781234,1.9553722662983892,-0.2940480859501863,0.6545963315307698,1.0748507650766292,1.0691153060548295,0.8997641217046048,2013-07-28,8.0,0,True,False
2013-05-31,2013Q3,-4,diag3,student_t_ar1_shared,2.511104364436423,2.480094198532512,-0.07649931575104385,0.7031808300137944,3.4493139225505898,3.3911586209990983,-0.938209558114167,2013-10-28,8.0,0,True,False
2013-06-07,2013Q2,10,diag3,student_t_ar1_shared,2.018835491477766,1.9987271929464705,-0.27607321126902695,0.637165984631395,1.0748507650766292,1.0691153060548295,0.943984726401137,2013-07-28,12.0,12,False,True
2013-06-07,2013Q3,-3,diag3,student_t_ar1_shared,2.4592649800433186,2.429511877132414,-0.09747065530903898,0.6932554167542483,3.4493139225505898,3.3911586209990983,-0.9900489425072712,2013-10-28,12.0,0,True,False
2013-06-14,2013Q2,11,diag3,student_t_ar1_shared,2.0466034099542396,2.0259419126925993,-0.2647900373660864,0.6264434865504438,1.0748507650766292,1.0691153060548295,0.9717526448776104,2013-07-28,6.0,0,True,False
2013-06-14,2013Q3,-2,diag3,student_t_ar1_shared,2.4876025431700644,2.4571654476892952,-0.08600553464855826,0.6907514803884071,3.4493139225505898,3.3911586209990983,-0.9617113793805254,2013-10-28,6.0,0,True,False
2013-06-21,2013Q2,12,diag3,student_t_ar1_shared,2.1093295905157294,2.0873911996306713,-0.23931327342356612,0.6199957884184704,1.0748507650766292,1.0691153060548295,1.0344788254391002,2013-07-28,6.0,0,True,False
2013-06-21,2013Q3,-1,diag3,student_t_ar1_shared,2.685954602895757,2.6505160180832217,-0.005842735606772842,0.6851995615585234,3.4493139225505898,3.3911586209990983,-0.7633593196548327,2013-10-28,6.0,0,True,False
2013-06-28,2013Q2,13,diag3,student_t_ar1_shared,2.121987089960209,2.0997864577785452,-0.23417422166925972,0.6304581804811341,1.0748507650766292,1.0691153060548295,1.0471363248835797,2013-07-28,4.0,0,True,False
2013-06-28,2013Q3,0,diag3,student_t_ar1_shared,2.694371431840681,2.6587123522814693,-0.0024445501766766076,0.6884546339746606,3.4493139225505898,3.3911586209990983,-0.7549424907099089,2013-10-28,4.0,0,True,False
2013-07-05,2013Q2,14,diag3,student_t_ar1_shared,2.194619151526367,2.1708840214683747,-0.20469729952304305,0.6275100623438875,1.0748507650766292,1.0691153060548295,1.1197683864497376,2013-07-28,13.0,11,False,True
2013-07-05,2013Q3,1,diag3,student_t_ar1_shared,2.823787412007217,2.7846535323701915,0.04977043677665233,0.6823201335273441,3.4493139225505898,3.3911586209990983,-0.6255265105433727,2013-10-28,13.0,0,True,False
2013-07-05,2013Q4,-12,diag3,student_t_ar1_shared,2.564831005759438,2.5324910265223064,-0.054775685021559106,0.7216213546727399,3.532828598657445,3.4718560953045587,-0.9679975928980067,2014-01-28,13.0,0,True,False
2013-07-12,2013Q2,15,diag3,student_t_ar1_shared,2.138904284450338,2.116350758869174,-0.22730669220249689,0.6277822971469772,1.0748507650766292,1.0691153060548295,1.0640535193737088,2013-07-28,4.0,0,True,False
2013-07-12,2013Q3,2,diag3,student_t_ar1_shared,2.7725391795759613,2.7348002744426263,0.029101365624270237,0.6827288068159458,3.4493139225505898,3.3911586209990983,-0.6767747429746285,2013-10-28,4.0,0,True,False
2013-07-12,2013Q4,-11,diag3,student_t_ar1_shared,2.5204986915585925,2.4892579830308117,-0.07270002716501703,0.7213587231267472,3.532828598657445,3.4718560953045587,-1.0123299070988523,2014-01-28,4.0,0,True,False
2013-07-19,2013Q2,16,diag3,student_t_ar1_shared,2.1090792285166415,2.0871460091989693,-0.23941492893595195,0.6228756818049741,1.0748507650766292,1.0691153060548295,1.0342284634400123,2013-07-28,11.0,0,True,False
2013-07-19,2013Q3,3,diag3,student_t_ar1_shared,2.7230257046112483,2.686610936681688,0.009122152782971349,0.6661571437662445,3.4493139225505898,3.3911586209990983,-0.7262882179393415,2013-10-28,11.0,0,True,False
2013-07-19,2013Q4,-10,diag3,student_t_ar1_shared,2.4668493879118847,2.436913967291029,-0.09440176203054837,0.7171494806742803,3.532828598657445,3.4718560953045587,-1.0659792107455601,2014-01-28,11.0,0,True,False
2013-07-26,2013Q2,17,diag3,student_t_ar1_shared,2.1344074824448667,2.1119480280696212,-0.22913205648045354,0.6273887285665943,1.0748507650766292,1.0691153060548295,1.0595567173682374,2013-07-28,4.0,0,True,False
2013-07-26,2013Q3,4,diag3,student_t_ar1_shared,2.8230304343906276,2.7839173404616377,0.04946521293427447,0.6622915671077994,3.4493139225505898,3.3911586209990983,-0.6262834881599622,2013-10-28,4.0,0,True,False
2013-07-26,2013Q4,-9,diag3,student_t_ar1_shared,2.582545850598361,2.549761386157813,-0.04761542495084983,0.7158560579206658,3.532828598657445,3.4718560953045587,-0.9502827480590836,2014-01-28,4.0,0,True,False
2013-08-02,2013Q3,5,diag3,student_t_ar1_shared,3.1863715668143167,3.1366599877783017,0.20202103706352803,0.7296713146799749,3.4493139225505898,3.3911586209990983,-0.2629423557362731,2013-10-28,10.0,11,False,True
2013-08-02,2013Q4,-8,diag3,student_t_ar1_shared,2.9052103975797605,2.8638091114969364,0.0886130393283428,0.7138275632904555,3.532828598657445,3.4718560953045587,-0.6276182010776843,2014-01-28,10.0,0,True,False
2013-08-09,2013Q3,6,diag3,student_t_ar1_shared,3.202751975607221,3.1525333134130573,0.2086186412280091,0.7315355962488527,3.4493139225505898,3.3911586209990983,-0.24656194694336886,2013-10-28,9.0,0,True,False
2013-08-09,2013Q4,-7,diag3,student_t_ar1_shared,2.9309079864226817,2.8887780908754768,0.09899116966607124,0.7137703257661002,3.532828598657445,3.4718560953045587,-0.6019206122347631,2014-01-28,9.0,0,True,False
2013-08-16,2013Q3,7,diag3,student_t_ar1_shared,3.241843784695142,3.1904047911440894,0.22435957825296493,0.6823144988634511,3.4493139225505898,3.3911586209990983,-0.20747013785544777,2013-10-28,8.0,0,True,False
2013-08-16,2013Q4,-6,diag3,student_t_ar1_shared,2.9771761811527186,2.9337187212502305,0.11767033601957116,0.7095611674109369,3.532828598657445,3.4718560953045587,-0.5556524175047262,2014-01-28,8.0,0,True,False
2013-08-23,2013Q3,8,diag3,student_t_ar1_shared,3.123766375180259,3.075969617270884,0.1767956337411828,0.6753969096739705,3.4493139225505898,3.3911586209990983,-0.32554754737033065,2013-10-28,4.0,0,True,False
2013-08-23,2013Q4,-5,diag3,student_t_ar1_shared,2.8255077654261607,2.7863266267685947,0.05640814567967101,0.7029514371694937,3.532828598657445,3.4718560953045587,-0.7073208332312841,2014-01-28,4.0,0,True,False
2013-08-30,2013Q3,9,diag3,student_t_ar1_shared,3.0324110427975226,2.987342306164582,0.13995849385655812,0.768982552376152,3.4493139225505898,3.3911586209990983,-0.41690287975306717,2013-10-28,8.0,0,True,False
2013-08-30,2013Q4,-4,diag3,student_t_ar1_shared,2.7267435427649866,2.6902301553040915,0.016466516879595328,0.7100255448544314,3.532828598657445,3.4718560953045587,-0.8060850558924582,2014-01-28,8.0,0,True,False
2013-09-06,2013Q3,10,diag3,student_t_ar1_shared,3.1738195792265333,3.1244948627766713,0.19696471293719287,0.75361855099085,3.4493139225505898,3.3911586209990983,-0.2754943433240564,2013-10-28,10.0,11,False,True
2013-09-06,2013Q4,-3,diag3,student_t_ar1_shared,3.0661241482298873,3.0200578280888952,0.15355640450600738,0.7033669761226373,3.532828598657445,3.4718560953045587,-0.4667044504275575,2014-01-28,10.0,0,True,False
2013-09-13,2013Q3,11,diag3,student_t_ar1_shared,3.1650928464925787,3.116036222923859,0.19344895582347466,0.7541115244178893,3.4493139225505898,3.3911586209990983,-0.28422107605801106,2013-10-28,6.0,0,True,False
2013-09-13,2013Q4,-2,diag3,student_t_ar1_shared,3.0607919793894434,3.0148841526254366,0.1514060131155195,0.7030665207863207,3.532828598657445,3.4718560953045587,-0.47203661926800144,2014-01-28,6.0,0,True,False
2013-09-20,2013Q3,12,diag3,student_t_ar1_shared,3.232390974711774,3.18124838477603,0.22055380080118003,0.7448938581045462,3.4493139225505898,3.3911586209990983,-0.21692294783881572,2013-10-28,8.0,0,True,False
2013-09-20,2013Q4,-1,diag3,student_t_ar1_shared,3.2200955674252407,3.1693372593572855,0.21560304930306332,0.6957139863126496,3.532828598657445,3.4718560953045587,-0.3127330312322041,2014-01-28,8.0,0,True,False
2013-09-27,2013Q3,13,diag3,student_t_ar1_shared,3.201720557081189,3.1515338985133936,0.2082032434685358,0.7447461466700811,3.4493139225505898,3.3911586209990983,-0.2475933654694007,2013-10-28,4.0,0,True,False
2013-09-27,2013Q4,0,diag3,student_t_ar1_shared,3.1805300899621303,3.1309987341500882,0.19966798822088958,0.6952863400556524,3.532828598657445,3.4718560953045587,-0.35229850869531454,2014-01-28,4.0,0,True,False
2013-10-04,2013Q3,14,diag3,student_t_ar1_shared,3.180480686778009,3.1309508538029824,0.19964808718787797,0.7418403070248405,3.4493139225505898,3.3911586209990983,-0.2688332357725809,2013-10-28,9.0,12,False,True
2013-10-04,2013Q4,1,diag3,student_t_ar1_shared,3.14413148794479,3.0957158919376595,0.18500299412502383,0.6894805527843799,3.532828598657445,3.4718560953045587,-0.38869711071265467,2014-01-28,9.0,0,True,False
2013-10-04,2014Q1,-12,diag3,student_t_ar1_shared,3.3462325054888,3.2914645730566257,0.2663641621284317,0.7259905877961569,-1.3732548917761767,-1.3827712598634003,4.7194873972649765,2014-04-28,9.0,0,True,False
2013-10-11,2013Q3,15,diag3,student_t_ar1_shared,3.1544196653711998,3.105689958529422,0.18914862464989257,0.734290871586036,3.4493139225505898,3.3911586209990983,-0.29489425717939,2013-10-28,7.0,0,True,False
2013-10-11,2013Q4,2,diag3,student_t_ar1_shared,3.110513542149218,3.0631174056457526,0.17145372827714467,0.6867991873551121,3.532828598657445,3.4718560953045587,-0.42231505650822676,2014-01-28,7.0,0,True,False
2013-10-11,2014Q1,-11,diag3,student_t_ar1_shared,3.311609175582575,3.257956693608624,0.25243691524419876,0.7241057719972971,-1.3732548917761767,-1.3827712598634003,4.684864067358752,2014-04-28,7.0,0,True,False
2013-10-18,2013Q3,16,diag3,student_t_ar1_shared,3.1728633961935593,3.123568089426892,0.19657950798060542,0.7291060838275917,3.4493139225505898,3.3911586209990983,-0.2764505263570305,2013-10-28,12.0,0,True,False
2013-10-18,2013Q4,3,diag3,student_t_ar1_shared,3.0742463744587445,3.0279381149171996,0.1568317744185283,0.6792677655374023,3.532828598657445,3.4718560953045587,-0.4585822241987003,2014-01-28,12.0,0,True,False
2013-10-18,2014Q1,-10,diag3,student_t_ar1_shared,3.2590260267049587,3.2070461177062333,0.2312763950533768,0.7208317757555162,-1.3732548917761767,-1.3827712598634003,4.632280918481135,2014-04-28,12.0,0,True,False
2013-10-25,2013Q3,17,diag3,student_t_ar1_shared,3.1681258870101425,3.118976166900311,0.1946709169341262,0.7291897735271734,3.4493139225505898,3.3911586209990983,-0.28118803554044725,2013-10-28,0.0,0,True,False
2013-10-25,2013Q4,4,diag3,student_t_ar1_shared,3.0344113941677797,2.989283765101691,0.14076544369576466,0.6644755582983681,3.532828598657445,3.4718560953045587,-0.4984172044896651,2014-01-28,0.0,0,True,False
2013-10-25,2014Q1,-9,diag3,student_t_ar1_shared,3.210711916483344,3.1602459313111058,0.21182432106688287,0.7180718996328654,-1.3732548917761767,-1.3827712598634003,4.583966808259521,2014-04-28,0.0,0,True,False
2013-11-01,2013Q4,5,diag3,student_t_ar1_shared,3.134308968932764,3.086192338242277,0.17908118047102972,0.6392005444788587,3.532828598657445,3.4718560953045587,-0.3985196297246807,2014-01-28,13.0,11,False,True
2013-11-01,2014Q1,-8,diag3,student_t_ar1_shared,3.385344880629315,3.329303374561177,0.2805320575266647,0.7062214163539037,-1.3732548917761767,-1.3827712598634003,4.758599772405492,2014-04-28,13.0,0,True,False
2013-11-08,2013Q4,6,diag3,student_t_ar1_shared,3.193559117236622,3.14362534569988,0.20304812605581835,0.617371033529235,3.532828598657445,3.4718560953045587,-0.339269481420823,2014-01-28,10.0,0,True,False
2013-11-08,2014Q1,-7,diag3,student_t_ar1_shared,3.4479062157046325,3.3897978421108683,0.3057765584874492,0.7037730635524955,-1.3732548917761767,-1.3827712598634003,4.821161107480809,2014-04-28,10.0,0,True,False
2013-11-15,2013Q4,7,diag3,student_t_ar1_shared,3.2019420942415167,3.1517485624951043,0.20643796586262797,0.6378697646140904,3.532828598657445,3.4718560953045587,-0.33088650441592815,2014-01-28,6.0,0,True,False
2013-11-15,2014Q1,-6,diag3,student_t_ar1_shared,3.4633833643977763,3.404758020217551,0.31201948029310755,0.7050396044242687,-1.3732548917761767,-1.3827712598634003,4.836638256173953,2014-04-28,6.0,0,True,False
2013-11-22,2013Q4,8,diag3,student_t_ar1_shared,3.0398560237248073,2.9945679081696417,0.14084606399364208,0.6217211506868091,3.532828598657445,3.4718560953045587,-0.49297257493263746,2014-01-28,6.0,0,True,False
2013-11-22,2014Q1,-5,diag3,student_t_ar1_shared,3.1912199864233326,3.141358578912571,0.2021021982931996,0.6988928145751997,-1.3732548917761767,-1.3827712598634003,4.564474878199509,2014-04-28,6.0,0,True,False
2013-11-29,2013Q4,9,diag3,student_t_ar1_shared,3.020204212372146,2.9754940406868164,0.13288648875479014,0.62584694201048,3.532828598657445,3.4718560953045587,-0.5126243862852986,2014-01-28,4.0,0,True,False
2013-11-29,2014Q1,-4,diag3,student_t_ar1_shared,3.1724962170872173,3.123212201504802,0.19452966711042802,0.6990555632443061,-1.3732548917761767,-1.3827712598634003,4.545751108863394,2014-04-28,4.0,0,True,False
2013-12-06,2013Q4,10,diag3,student_t_ar1_shared,3.1904176456549527,3.140581047754665,0.20177773248900555,0.6469635509187096,3.532828598657445,3.4718560953045587,-0.34241095300249214,2014-01-28,13.0,2,True,True
2013-12-06,2014Q1,-3,diag3,student_t_ar1_shared,3.5480208961210957,3.486528912735995,0.3461426895444405,0.7002124053874202,-1.3732548917761767,-1.3827712598634003,4.921275787897272,2014-04-28,13.0,0,True,False
2013-12-13,2013Q4,11,diag3,student_t_ar1_shared,3.2145512508500618,3.1639657612469096,0.2115362351444381,0.6465708204371134,3.532828598657445,3.4718560953045587,-0.31827734780738304,2014-01-28,6.0,0,True,False
2013-12-13,2014Q1,-2,diag3,student_t_ar1_shared,3.5692756796805503,3.5070533054211595,0.35470757277834214,0.7006410832664929,-1.3732548917761767,-1.3827712598634003,4.942530571456727,2014-04-28,6.0,0,True,False
2013-12-20,2013Q4,12,diag3,student_t_ar1_shared,3.183181799987178,3.133568672440994,0.19885144976409458,0.6447290449028836,3.532828598657445,3.4718560953045587,-0.3496467986702667,2014-01-28,9.0,0,True,False
2013-12-20,2014Q1,-1,diag3,student_t_ar1_shared,3.4235629243585697,3.3662631405305943,0.29595546540704504,0.6975123401483174,-1.3732548917761767,-1.3827712598634003,4.796817816134746,2014-04-28,9.0,0,True,False
2013-12-27,2013Q4,13,diag3,student_t_ar1_shared,3.1931511931150736,3.1432300449356614,0.2028831660036629,0.6396874150574693,3.532828598657445,3.4718560953045587,-0.33967740554237125,2014-01-28,4.0,0,True,False
2013-12-27,2014Q1,0,diag3,student_t_ar1_shared,3.433271362250223,3.375649765760799,0.2998725288880614,0.6958244267246936,-1.3732548917761767,-1.3827712598634003,4.8065262540264,2014-04-28,4.0,0,True,False
2014-01-03,2013Q4,14,diag3,student_t_ar1_shared,3.2320085206644533,3.1808779053633476,0.21859371751744433,0.6265286152686369,3.532828598657445,3.4718560953045587,-0.3008200779929915,2014-01-28,8.0,12,False,True
2014-01-03,2014Q1,1,diag3,student_t_ar1_shared,3.6163424034060476,3.5524876603446582,0.3736674489947374,0.6878745783608262,-1.3732548917761767,-1.3827712598634003,4.989597295182224,2014-04-28,8.0,0,True,False
2014-01-03,2014Q2,-12,diag3,student_t_ar1_shared,3.3337248483651605,3.2793611670959897,0.2596910425478481,0.7245226855388077,5.268365026582655,5.134276091659679,-1.934640178217495,2014-07-28,8.0,0,True,False
2014-01-10,2013Q4,15,diag3,student_t_ar1_shared,3.1796151434354325,3.1301119868320306,0.19740896573685812,0.6352607422460456,3.532828598657445,3.4718560953045587,-0.3532134552220123,2014-01-28,8.0,0,True,False
2014-01-10,2014Q1,2,diag3,student_t_ar1_shared,3.488054470849522,3.428600431583901,0.32196898147932507,0.6885819433885477,-1.3732548917761767,-1.3827712598634003,4.861309362625699,2014-04-28,8.0,0,True,False
2014-01-10,2014Q2,-11,diag3,student_t_ar1_shared,3.1949475823834117,3.144970832586725,0.2036096012846029,0.7261009917048235,5.268365026582655,5.134276091659679,-2.0734174441992437,2014-07-28,8.0,0,True,False
2014-01-17,2013Q4,16,diag3,student_t_ar1_shared,3.1726475892130734,3.1233589189153035,0.1945908926730356,0.6205020295408044,3.532828598657445,3.4718560953045587,-0.36018100944437137,2014-01-28,10.0,0,True,False
2014-01-17,2014Q1,3,diag3,student_t_ar1_shared,3.5502054826883844,3.4886386232879083,0.34702307732553817,0.6783554827938821,-1.3732548917761767,-1.3827712598634003,4.923460374464561,2014-04-28,10.0,0,True,False
2014-01-17,2014Q2,-10,diag3,student_t_ar1_shared,3.2750921476083716,3.22260395490797,0.23600610811256292,0.7211493110753482,5.268365026582655,5.134276091659679,-1.9932728789742837,2014-07-28,10.0,0,True,False
2014-01-24,2013Q4,17,diag3,student_t_ar1_shared,3.1807127829240223,3.1311757954619446,0.19785289588564225,0.6184959453557529,3.532828598657445,3.4718560953045587,-0.35211581573342254,2014-01-28,2.0,0,True,False
2014-01-24,2014Q1,4,diag3,student_t_ar1_shared,3.640876943814675,3.576163111169007,0.3835472771061486,0.670063787739752,-1.3732548917761767,-1.3827712598634003,5.0141318355908515,2014-04-28,2.0,0,True,False
2014-01-24,2014Q2,-9,diag3,student_t_ar1_shared,3.384324846906517,3.3283167368941156,0.2801203310243421,0.7186354327948162,5.268365026582655,5.134276091659679,-1.8840401796761386,2014-07-28,2.0,0,True,False
2014-01-31,2014Q1,5,diag3,student_t_ar1_shared,3.6115002276847274,3.5478143735307603,0.3702139594065217,0.6694337256483475,-1.3732548917761767,-1.3827712598634003,4.984755119460904,2014-04-28,10.0,0,True,False
2014-01-31,2014Q2,-8,diag3,student_t_ar1_shared,3.372689091168679,3.317061248600385,0.2735472345493897,0.7172194789375176,5.268365026582655,5.134276091659679,-1.8956759354139763,2014-07-28,10.0,0,True,False
2014-02-07,2014Q1,6,diag3,student_t_ar1_shared,3.1794090389211993,3.1299122334991654,0.19514707266412268,0.8189043359581863,-1.3732548917761767,-1.3827712598634003,4.552663930697376,2014-04-28,13.0,12,False,True
2014-02-07,2014Q2,-7,diag3,student_t_ar1_shared,2.8495666936506847,2.8097217108812833,0.06101337821858453,0.7240995921386295,5.268365026582655,5.134276091659679,-2.4187983329319707,2014-07-28,13.0,0,True,False
2014-02-14,2014Q1,7,diag3,student_t_ar1_shared,3.1204357306301223,3.0727398105501065,0.17119649396535197,0.7824598202289926,-1.3732548917761767,-1.3827712598634003,4.493690622406299,2014-04-28,6.0,0,True,False
2014-02-14,2014Q2,-6,diag3,student_t_ar1_shared,2.736124140615037,2.699361340868013,0.014781390996643738,0.7179288551504949,5.268365026582655,5.134276091659679,-2.532240885967618,2014-07-28,6.0,0,True,False
2014-02-21,2014Q1,8,diag3,student_t_ar1_shared,2.9922245843599704,2.9483309919837533,0.11907935345952735,0.7933260321237198,-1.3732548917761767,-1.3827712598634003,4.365479476136147,2014-04-28,6.0,0,True,False
2014-02-21,2014Q2,-5,diag3,student_t_ar1_shared,2.5285571050515987,2.497117968989635,-0.06994207434946838,0.7168267988639131,5.268365026582655,5.134276091659679,-2.7398079215310567,2014-07-28,6.0,0,True,False
2014-02-28,2014Q1,9,diag3,student_t_ar1_shared,2.971723603473797,2.9284236430187867,0.11073979911714538,0.7938012611450163,-1.3732548917761767,-1.3827712598634003,4.344978495249974,2014-04-28,4.0,0,True,False
2014-02-28,2014Q2,-4,diag3,student_t_ar1_shared,2.5095514896401383,2.4785793513676255,-0.07770824197748658,0.7167321062607799,5.268365026582655,5.134276091659679,-2.758813536942517,2014-07-28,4.0,0,True,False
2014-03-07,2014Q1,10,diag3,student_t_ar1_shared,2.9819403128659383,2.9383450099964317,0.11489604208080632,0.7626300569602276,-1.3732548917761767,-1.3827712598634003,4.355195204642115,2014-04-28,15.0,11,False,True
2014-03-07,2014Q2,-3,diag3,student_t_ar1_shared,2.654414316038922,2.6197960118117467,-0.018549987611424595,0.7085366109286036,5.268365026582655,5.134276091659679,-2.613950710543733,2014-07-28,15.0,0,True,False
2014-03-14,2014Q1,11,diag3,student_t_ar1_shared,2.9982838260823153,2.9542140220037636,0.12154386285432825,0.7509503427844454,-1.3732548917761767,-1.3827712598634003,4.371538717858492,2014-04-28,6.0,0,True,False
2014-03-14,2014Q2,-2,diag3,student_t_ar1_shared,2.6677552274015914,2.6327911125464687,-0.01310610108727412,0.7073145823290122,5.268365026582655,5.134276091659679,-2.600609799181064,2014-07-28,6.0,0,True,False
2014-03-21,2014Q1,12,diag3,student_t_ar1_shared,3.0816348064455656,3.0351059259422026,0.15543096806057838,0.7546250984404748,-1.3732548917761767,-1.3827712598634003,4.454889698221742,2014-04-28,7.0,0,True,False
2014-03-21,2014Q2,-1,diag3,student_t_ar1_shared,2.816649530587667,2.777711433307833,0.04760368465223845,0.7053506390272645,5.268365026582655,5.134276091659679,-2.4517154959949883,2014-07-28,7.0,0,True,False
2014-03-28,2014Q1,13,diag3,student_t_ar1_shared,3.1294029831690384,3.0814353349689116,0.1748392089523525,0.7547901689936056,-1.3732548917761767,-1.3827712598634003,4.502657874945215,2014-04-28,4.0,0,True,False
2014-03-28,2014Q2,0,diag3,student_t_ar1_shared,2.8818103348129176,2.841067091339967,0.07414453416395231,0.7046760249528914,5.268365026582655,5.134276091659679,-2.386554691769738,2014-07-28,4.0,0,True,False
2014-04-04,2014Q1,14,diag3,student_t_ar1_shared,3.1583947922065647,3.109543453375401,0.1866142163290528,0.747697120212769,-1.3732548917761767,-1.3827712598634003,4.531649683982741,2014-04-28,12.0,12,False,True
2014-04-04,2014Q2,1,diag3,student_t_ar1_shared,2.916936176251106,2.8752031999166934,0.08844477740648785,0.6972809028815017,5.268365026582655,5.134276091659679,-2.3514288503315495,2014-07-28,12.0,0,True,False
2014-04-04,2014Q3,-12,diag3,student_t_ar1_shared,2.939511608360079,2.8971363795109473,0.09763298943056997,0.7264887848915467,4.950916534930627,4.832259330312024,-2.011404926570548,2014-10-28,12.0,0,True,False
2014-04-11,2014Q1,15,diag3,student_t_ar1_shared,3.201901697777343,3.1517094193634354,0.20427831441539648,0.7474476220336862,-1.3732548917761767,-1.3827712598634003,4.57515658955352,2014-04-28,5.0,0,True,False
2014-04-11,2014Q2,2,diag3,student_t_ar1_shared,2.9959668158764163,2.951964434747073,0.12060146940916763,0.6965078865660644,5.268365026582655,5.134276091659679,-2.272398210706239,2014-07-28,5.0,0,True,False
2014-04-11,2014Q3,-11,diag3,student_t_ar1_shared,3.026092968669225,2.9812099951875703,0.1328529721580348,0.7255464332761219,4.950916534930627,4.832259330312024,-1.9248235662614022,2014-10-28,5.0,0,True,False
2014-04-18,2014Q1,16,diag3,student_t_ar1_shared,3.319788933148393,3.2658739391433818,0.2521039298879686,0.7623888872523198,-1.3732548917761767,-1.3827712598634003,4.69304382492457,2014-04-28,11.0,0,True,False
2014-04-18,2014Q2,3,diag3,student_t_ar1_shared,3.1532677882301074,3.104573299082238,0.1845321273532274,0.6848099135845488,5.268365026582655,5.134276091659679,-2.115097238352548,2014-07-28,11.0,0,True,False
2014-04-18,2014Q3,-10,diag3,student_t_ar1_shared,3.1412995391340237,3.092970231425563,0.17967138906851338,0.7247583638265427,4.950916534930627,4.832259330312024,-1.8096169957966035,2014-10-28,11.0,0,True,False
2014-04-25,2014Q1,17,diag3,student_t_ar1_shared,3.3295409037956913,3.275312121848588,0.2560577580798547,0.7628299887635023,-1.3732548917761767,-1.3827712598634003,4.702795795571868,2014-04-28,0.0,0,True,False
2014-04-25,2014Q2,4,diag3,student_t_ar1_shared,3.224337653679976,3.1734469233372256,0.21338455432590311,0.677428570585431,5.268365026582655,5.134276091659679,-2.044027372902679,2014-07-28,0.0,0,True,False
2014-04-25,2014Q3,-9,diag3,student_t_ar1_shared,3.2255466159724966,3.1746181153645914,0.21387518819055135,0.7224324999098373,4.950916534930627,4.832259330312024,-1.7253699189581306,2014-10-28,0.0,0,True,False
2014-05-02,2014Q2,5,diag3,student_t_ar1_shared,3.738162314769622,3.669986844212965,0.43245018304005867,0.6963080335086008,5.268365026582655,5.134276091659679,-1.5302027118130335,2014-07-28,13.0,11,False,True
2014-05-02,2014Q3,-8,diag3,student_t_ar1_shared,2.968528961700967,2.925321149229168,0.12295354846759365,0.7157887505560022,4.950916534930627,4.832259330312024,-1.9823875732296603,2014-10-28,13.0,0,True,False
2014-05-09,2014Q2,6,diag3,student_t_ar1_shared,3.962493114114518,3.8860004972392526,0.5222293941460501,0.7799528416706131,5.268365026582655,5.134276091659679,-1.3058719124681373,2014-07-28,10.0,0,True,False
2014-05-09,2014Q3,-7,diag3,student_t_ar1_shared,3.0791388447331425,3.032684551916161,0.16757573535186476,0.7211769226168256,4.950916534930627,4.832259330312024,-1.8717776901974847,2014-10-28,10.0,0,True,False
2014-05-16,2014Q2,7,diag3,student_t_ar1_shared,3.966776815665307,3.8901208421554196,0.5239418845876291,0.8099026589738451,5.268365026582655,5.134276091659679,-1.3015882109173482,2014-07-28,8.0,0,True,False
2014-05-16,2014Q3,-6,diag3,student_t_ar1_shared,3.089026419201324,3.042276308687234,0.17156224427832945,0.7234184584826863,4.950916534930627,4.832259330312024,-1.8618901157293033,2014-10-28,8.0,0,True,False
2014-05-23,2014Q2,8,diag3,student_t_ar1_shared,4.052925137800045,3.97294792656212,0.5583663304134583,0.7820276180983711,5.268365026582655,5.134276091659679,-1.2154398887826101,2014-07-28,4.0,0,True,False
2014-05-23,2014Q3,-5,diag3,student_t_ar1_shared,3.2738693530200313,3.2214199309559994,0.24601759863503847,0.7170119616044268,4.950916534930627,4.832259330312024,-1.6770471819105959,2014-10-28,4.0,0,True,False
2014-05-30,2014Q2,9,diag3,student_t_ar1_shared,4.055553931442435,3.9754742951697626,0.5594163352505577,0.7349853710648644,5.268365026582655,5.134276091659679,-1.2128110951402205,2014-07-28,8.0,0,True,False
2014-05-30,2014Q3,-4,diag3,student_t_ar1_shared,3.274469347033371,3.2220009029619963,0.24625906118910545,0.713140654441146,4.950916534930627,4.832259330312024,-1.6764471878972564,2014-10-28,8.0,0,True,False
2014-06-06,2014Q2,10,diag3,student_t_ar1_shared,4.016454339687292,3.937891544332455,0.5437962590465972,0.7072016280213449,5.268365026582655,5.134276091659679,-1.2519106868953633,2014-07-28,10.0,12,False,True
2014-06-06,2014Q3,-3,diag3,student_t_ar1_shared,3.194658925514915,3.144691112233191,0.21412770317000496,0.7045306492531029,4.950916534930627,4.832259330312024,-1.7562576094157123,2014-10-28,10.0,0,True,False
2014-06-13,2014Q2,11,diag3,student_t_ar1_shared,3.999551078752228,3.9216396593505727,0.537041679453051,0.695316814332242,5.268365026582655,5.134276091659679,-1.2688139478304272,2014-07-28,6.0,0,True,False
2014-06-13,2014Q3,-2,diag3,student_t_ar1_shared,3.175942011521715,3.126551983927579,0.2065887508555878,0.7017705227405503,4.950916534930627,4.832259330312024,-1.774974523408912,2014-10-28,6.0,0,True,False
2014-06-20,2014Q2,12,diag3,student_t_ar1_shared,3.9727630811504433,3.8958785402726326,0.5263348888607753,0.6795355181159478,5.268365026582655,5.134276091659679,-1.295601945432212,2014-07-28,8.0,0,True,False
2014-06-20,2014Q3,-1,diag3,student_t_ar1_shared,3.10421989457359,3.0570134309464674,0.17768726087737496,0.6935722507937955,4.950916534930627,4.832259330312024,-1.8466966403570373,2014-10-28,8.0,0,True,False
2014-06-27,2014Q2,13,diag3,student_t_ar1_shared,3.9839004774812503,3.9065898068902714,0.5307866864828474,0.6842231240565703,5.268365026582655,5.134276091659679,-1.284464549101405,2014-07-28,4.0,0,True,False
2014-06-27,2014Q3,0,diag3,student_t_ar1_shared,3.122902750630052,3.0751321496367496,0.18521773058369007,0.695035801090934,4.950916534930627,4.832259330312024,-1.828013784300575,2014-10-28,4.0,0,True,False
2014-07-04,2014Q2,14,diag3,student_t_ar1_shared,3.9850735490575495,3.9077179286034247,0.5312555544271627,0.6708430765666974,5.268365026582655,5.134276091659679,-1.2832914775251059,2014-07-28,9.0,2,True,True
2014-07-04,2014Q3,1,diag3,student_t_ar1_shared,3.165194049087927,3.116134320587428,0.20225898010664012,0.6882623500920966,4.950916534930627,4.832259330312024,-1.7857224858427,2014-10-28,9.0,0,True,False
2014-07-04,2014Q4,-12,diag3,student_t_ar1_shared,3.650437003491991,3.585386903041455,0.39728890563197217,0.7251936873898212,2.0383303103057804,2.017834406173431,1.6121066931862105,2015-01-28,9.0,0,True,False
2014-07-11,2014Q2,15,diag3,student_t_ar1_shared,3.916954926473659,3.84218838517285,0.5040202818834554,0.6733590710146499,5.268365026582655,5.134276091659679,-1.3514101001089962,2014-07-28,7.0,0,True,False
2014-07-11,2014Q3,2,diag3,student_t_ar1_shared,3.1168852519862122,3.0692967105065803,0.18279241572870797,0.6884945670543303,4.950916534930627,4.832259330312024,-1.834031282944415,2014-10-28,7.0,0,True,False
2014-07-11,2014Q4,-11,diag3,student_t_ar1_shared,3.6184021313148573,3.554475481367141,0.38444155541496133,0.7251650289118341,2.0383303103057804,2.017834406173431,1.580071821009077,2015-01-28,7.0,0,True,False
2014-07-18,2014Q2,16,diag3,student_t_ar1_shared,3.9062941021781983,3.831928874406233,0.4997562422264423,0.6761254873609845,5.268365026582655,5.134276091659679,-1.362070924404457,2014-07-28,12.0,0,True,False
2014-07-18,2014Q3,3,diag3,student_t_ar1_shared,3.1536439408546,3.1049379525214706,0.1976055654815394,0.6763099554715304,4.950916534930627,4.832259330312024,-1.797272594076027,2014-10-28,12.0,0,True,False
2014-07-18,2014Q4,-10,diag3,student_t_ar1_shared,3.6770499146805635,3.611059245604749,0.4079587990867846,0.7230896259339281,2.0383303103057804,2.017834406173431,1.6387196043747831,2015-01-28,12.0,0,True,False
2014-07-25,2014Q2,17,diag3,student_t_ar1_shared,3.916845966704563,3.842083532383128,0.5039767031530757,0.676034413317873,5.268365026582655,5.134276091659679,-1.3515190598780924,2014-07-28,0.0,0,True,False
2014-07-25,2014Q3,4,diag3,student_t_ar1_shared,3.2372023554748885,3.1859090039852505,0.23125861018957983,0.668848598088079,4.950916534930627,4.832259330312024,-1.7137141794557387,2014-10-28,0.0,0,True,False
2014-07-25,2014Q4,-9,diag3,student_t_ar1_shared,3.7789795876053356,3.709325544609394,0.44880006388345395,0.7210831437020303,2.0383303103057804,2.017834406173431,1.7406492772995552,2015-01-28,0.0,0,True,False
2014-08-01,2014Q3,5,diag3,student_t_ar1_shared,3.407664155832979,3.350889476909927,0.29091247450185476,0.6930605921592401,4.950916534930627,4.832259330312024,-1.5432523790976482,2014-10-28,13.0,11,False,True
2014-08-01,2014Q4,-8,diag3,student_t_ar1_shared,4.269312246792056,4.1806906903981655,0.6356831290704927,0.7147387012130796,2.0383303103057804,2.017834406173431,2.230981936486276,2015-01-28,13.0,0,True,False
2014-08-08,2014Q3,6,diag3,student_t_ar1_shared,3.354897815821656,3.299848959077617,0.26970586205476765,0.6727853778203934,4.950916534930627,4.832259330312024,-1.5960187191089714,2014-10-28,10.0,0,True,False
2014-08-08,2014Q4,-7,diag3,student_t_ar1_shared,4.245026555492681,4.157396665106023,0.6260047913951958,0.7125165368827243,2.0383303103057804,2.017834406173431,2.206696245186901,2015-01-28,10.0,0,True,False
2014-08-15,2014Q3,7,diag3,student_t_ar1_shared,3.3072025339717426,3.2536912140280965,0.2505279725609231,0.6661009840648568,4.950916534930627,4.832259330312024,-1.6437140009588846,2014-10-28,6.0,0,True,False
2014-08-15,2014Q4,-6,diag3,student_t_ar1_shared,4.202276655564474,4.116379199426182,0.6089626151952617,0.7121682687842329,2.0383303103057804,2.017834406173431,2.163946345258694,2015-01-28,6.0,0,True,False
2014-08-22,2014Q3,8,diag3,student_t_ar1_shared,3.263656351615407,3.211530201350606,0.23301066877560994,0.6803658211004122,4.950916534930627,4.832259330312024,-1.68726018331522,2014-10-28,6.0,0,True,False
2014-08-22,2014Q4,-5,diag3,student_t_ar1_shared,4.1629684388383215,4.078649090285701,0.593286289089848,0.7073298326045376,2.0383303103057804,2.017834406173431,2.124638128532541,2015-01-28,6.0,0,True,False
2014-08-29,2014Q3,9,diag3,student_t_ar1_shared,3.190186050359989,3.1403566126180125,0.2034390504452599,0.9265596552679992,4.950916534930627,4.832259330312024,-1.7607304845706384,2014-10-28,4.0,0,True,False
2014-08-29,2014Q4,-4,diag3,student_t_ar1_shared,4.053807734836612,3.973796142306404,0.5497213738780365,0.7269443896221516,2.0383303103057804,2.017834406173431,2.0154774245308316,2015-01-28,4.0,0,True,False
2014-09-05,2014Q3,10,diag3,student_t_ar1_shared,3.331973744619332,3.277666542629732,0.26048938211434636,0.994936529561054,4.950916534930627,4.832259330312024,-1.6189427903112952,2014-10-28,13.0,4,True,True
2014-09-05,2014Q4,-3,diag3,student_t_ar1_shared,4.362959947334022,4.270463673116977,0.67298253224253,0.729773088359685,2.0383303103057804,2.017834406173431,2.3246296370282415,2015-01-28,13.0,0,True,False
2014-09-12,2014Q3,11,diag3,student_t_ar1_shared,3.3140855011466908,3.260353612896034,0.25329610495378896,0.9855120395246658,4.950916534930627,4.832259330312024,-1.6368310337839365,2014-10-28,4.0,0,True,False
2014-09-12,2014Q4,-2,diag3,student_t_ar1_shared,4.3421938984893105,4.250563782260816,0.6647144093658693,0.7292844927283003,2.0383303103057804,2.017834406173431,2.30386358818353,2015-01-28,4.0,0,True,False
2014-09-19,2014Q3,12,diag3,student_t_ar1_shared,3.2043089804714597,3.154041987444895,0.20912512990668541,0.9849089654539444,4.950916534930627,4.832259330312024,-1.7466075544591675,2014-10-28,11.0,0,True,False
2014-09-19,2014Q4,-1,diag3,student_t_ar1_shared,4.3608897926974866,4.268480042938452,0.672158361990721,0.7249780157386972,2.0383303103057804,2.017834406173431,2.322559482391706,2015-01-28,11.0,0,True,False
2014-09-26,2014Q3,13,diag3,student_t_ar1_shared,3.1844870535111536,3.13483365113775,0.20114433815301958,1.0038441797986117,4.950916534930627,4.832259330312024,-1.7664294814194736,2014-10-28,4.0,0,True,False
2014-09-26,2014Q4,0,diag3,student_t_ar1_shared,4.2979665568638525,4.208167972948383,0.6470995509033588,0.7396556076390283,2.0383303103057804,2.017834406173431,2.259636246558072,2015-01-28,4.0,0,True,False
2014-10-03,2014Q3,14,diag3,student_t_ar1_shared,3.166562198676548,3.117460485413952,0.19392603379149165,1.0063538120767295,4.950916534930627,4.832259330312024,-1.7843543362540792,2014-10-28,9.0,12,False,True
2014-10-03,2014Q4,1,diag3,student_t_ar1_shared,4.020296457694039,3.9415852359445926,0.5363381983775728,0.7344276658507162,2.0383303103057804,2.017834406173431,1.9819661473882588,2015-01-28,9.0,0,True,False
2014-10-03,2015Q1,-12,diag3,student_t_ar1_shared,3.37672781493934,3.3209681266285047,0.2784805771336428,0.7421306277233665,3.650885031119766,3.585819150769915,-0.2741572161804262,2015-04-28,9.0,0,True,False
2014-10-10,2014Q3,15,diag3,student_t_ar1_shared,3.125648460819108,3.0777946751896175,0.17744545129444877,1.0155893486271728,4.950916534930627,4.832259330312024,-1.825268074111519,2014-10-28,7.0,0,True,False
2014-10-10,2014Q4,2,diag3,student_t_ar1_shared,3.9662304379774582,3.8895953097302653,0.5147371201909803,0.737015839988663,2.0383303103057804,2.017834406173431,1.9279001276716778,2015-01-28,7.0,0,True,False
2014-10-10,2015Q1,-11,diag3,student_t_ar1_shared,3.335537977446834,3.2811157861011826,0.2619224939368992,0.7421840463435677,3.650885031119766,3.585819150769915,-0.3153470536729319,2015-04-28,7.0,0,True,False
2014-10-17,2014Q3,16,diag3,student_t_ar1_shared,3.0592371835420407,3.0133755211219984,0.1506802049274456,1.0142722002604276,4.950916534930627,4.832259330312024,-1.8916793513885866,2014-10-28,10.0,0,True,False
2014-10-17,2014Q4,3,diag3,student_t_ar1_shared,3.7223305204580726,3.6547243774889004,0.41715157351818133,0.7939022209121093,2.0383303103057804,2.017834406173431,1.6840002101522922,2015-01-28,10.0,0,True,False
2014-10-17,2015Q1,-10,diag3,student_t_ar1_shared,3.0817399079784424,3.0352078854032682,0.15975124314922937,0.7429650664896352,3.650885031119766,3.585819150769915,-0.5691451231413236,2015-04-28,10.0,0,True,False
2014-10-24,2014Q3,17,diag3,student_t_ar1_shared,3.0614285341237,3.015501800477933,0.151563643892616,1.0127993534748232,4.950916534930627,4.832259330312024,-1.889488000806927,2014-10-28,2.0,0,True,False
2014-10-24,2014Q4,4,diag3,student_t_ar1_shared,3.7288674543459965,3.661026518863732,0.4197700240237561,0.7759955176948022,2.0383303103057804,2.017834406173431,1.6905371440402162,2015-01-28,2.0,0,True,False
2014-10-24,2015Q1,-9,diag3,student_t_ar1_shared,3.0871628452325606,3.0404685597173264,0.16193697883778763,0.7397911313862584,3.650885031119766,3.585819150769915,-0.5637221858872055,2015-04-28,2.0,0,True,False
2014-10-31,2014Q4,5,diag3,student_t_ar1_shared,3.5377353726108174,3.4765953241550314,0.33578847554950847,0.7713744724870529,2.0383303103057804,2.017834406173431,1.499405062305037,2015-01-28,10.0,0,True,False
2014-10-31,2015Q1,-8,diag3,student_t_ar1_shared,3.2223946553104454,3.171564599167827,0.20895287942529933,0.7364447068286228,3.650885031119766,3.585819150769915,-0.4284903758093206,2015-04-28,10.0,0,True,False
2014-11-07,2014Q4,6,diag3,student_t_ar1_shared,3.663613921156905,3.598098938355892,0.3863112002325993,0.8045789688893109,2.0383303103057804,2.017834406173431,1.6252836108511248,2015-01-28,13.0,3,True,True
2014-11-07,2015Q1,-7,diag3,student_t_ar1_shared,3.42229223396342,3.365034505425297,0.28940008976219395,0.7335990024849113,3.650885031119766,3.585819150769915,-0.22859279715634617,2015-04-28,13.0,0,True,False
2014-11-14,2014Q4,7,diag3,student_t_ar1_shared,3.6072113860968757,3.54367493886767,0.36368101955541715,0.8131951688037451,2.0383303103057804,2.017834406173431,1.5688810757910954,2015-01-28,6.0,0,True,False
2014-11-14,2015Q1,-6,diag3,student_t_ar1_shared,3.3854441246815803,3.329399368828791,0.27458255361604006,0.7343791120063027,3.650885031119766,3.585819150769915,-0.26544090643818574,2015-04-28,6.0,0,True,False
2014-11-21,2014Q4,8,diag3,student_t_ar1_shared,3.710949684596998,3.6437513688557184,0.40529405265576884,0.788654368885301,2.0383303103057804,2.017834406173431,1.6726193742912177,2015-01-28,6.0,0,True,False
2014-11-21,2015Q1,-5,diag3,student_t_ar1_shared,3.6464233737218743,3.5815145532496517,0.3794152051770464,0.7340215016525325,3.650885031119766,3.585819150769915,-0.004461657397891727,2015-04-28,6.0,0,True,False
2014-11-28,2014Q4,9,diag3,student_t_ar1_shared,3.6562152933652836,3.59096153348459,0.38334337788726214,0.7720486676062979,2.0383303103057804,2.017834406173431,1.6178849830595032,2015-01-28,4.0,0,True,False
2014-11-28,2015Q1,-4,diag3,student_t_ar1_shared,3.5993197282267353,3.5360577485875044,0.3605136964275033,0.7327468031547827,3.650885031119766,3.585819150769915,-0.05156530289303074,2015-04-28,4.0,0,True,False
2014-12-05,2014Q4,10,diag3,student_t_ar1_shared,3.690340633068412,3.6238777686820183,0.39703036077597154,0.7838837890134276,2.0383303103057804,2.017834406173431,1.6520103227626315,2015-01-28,13.0,3,True,True
2014-12-05,2015Q1,-3,diag3,student_t_ar1_shared,3.563075991093334,3.5010670956001753,0.3459641446385501,0.7321229285930935,3.650885031119766,3.585819150769915,-0.08780904002643197,2015-04-28,13.0,0,True,False
2014-12-12,2014Q4,11,diag3,student_t_ar1_shared,3.6954956295876418,3.62884917522857,0.39909753388757896,0.7721379157911706,2.0383303103057804,2.017834406173431,1.6571653192818614,2015-01-28,4.0,0,True,False
2014-12-12,2015Q1,-2,diag3,student_t_ar1_shared,3.569422780738951,3.5071953368807565,0.3485123441225467,0.7290868867191425,3.650885031119766,3.585819150769915,-0.0814622503808149,2015-04-28,4.0,0,True,False
2014-12-19,2014Q4,12,diag3,student_t_ar1_shared,3.6594149070406035,3.5940482411028145,0.3846268695775994,0.7583678399021214,2.0383303103057804,2.017834406173431,1.621084596734823,2015-01-28,11.0,0,True,False
2014-12-19,2015Q1,-1,diag3,student_t_ar1_shared,3.427609812495014,3.3701759906086632,0.29153798370131573,0.7217999334183284,3.650885031119766,3.585819150769915,-0.2232752186247522,2015-04-28,11.0,0,True,False
2014-12-26,2014Q4,13,diag3,student_t_ar1_shared,3.609622061549622,3.546001656647066,0.36464849795148646,0.7566117575716337,2.0383303103057804,2.017834406173431,1.5712917512438418,2015-01-28,4.0,0,True,False
2014-12-26,2015Q1,0,diag3,student_t_ar1_shared,3.3335666213587523,3.279208044649491,0.2537123723488513,0.7202878266952553,3.650885031119766,3.585819150769915,-0.3173184097610138,2015-04-28,4.0,0,True,False
2015-01-02,2014Q4,14,diag3,student_t_ar1_shared,3.626063337114349,3.561868881027466,0.37124628859440956,0.7643293213967973,2.0383303103057804,2.017834406173431,1.5877330268085688,2015-01-28,8.0,11,False,True
2015-01-02,2015Q1,1,diag3,student_t_ar1_shared,3.3368366273540007,3.2823725093663727,0.2550281964147598,0.7166570212742253,3.650885031119766,3.585819150769915,-0.31404840376576537,2015-04-28,8.0,0,True,False
2015-01-02,2015Q2,-12,diag3,student_t_ar1_shared,3.2543921337046866,3.202558377352764,0.22184048060840272,0.7411998374130208,2.5007353109643082,2.469978633014557,0.7536568227403784,2015-07-28,8.0,0,True,False
2015-01-09,2014Q4,15,diag3,student_t_ar1_shared,3.555415385918903,3.4936697790911744,0.34288824777872406,0.7564385261477777,2.0383303103057804,2.017834406173431,1.5170850756131227,2015-01-28,8.0,0,True,False
2015-01-09,2015Q1,2,diag3,student_t_ar1_shared,3.240087560653837,3.1887036989178714,0.21607953177784628,0.7140978747050893,3.650885031119766,3.585819150769915,-0.41079747046592896,2015-04-28,8.0,0,True,False
2015-01-09,2015Q2,-11,diag3,student_t_ar1_shared,3.1726491478303975,3.123360429603804,0.18890898193732736,0.7384530631963627,2.5007353109643082,2.469978633014557,0.6719138368660893,2015-07-28,8.0,0,True,False
2015-01-16,2014Q4,16,diag3,student_t_ar1_shared,3.5175973838597496,3.457143529751615,0.32770017579234023,0.7522184377393567,2.0383303103057804,2.017834406173431,1.4792670735539692,2015-01-28,8.0,0,True,False
2015-01-16,2015Q1,3,diag3,student_t_ar1_shared,3.176659067608778,3.127246965317022,0.1905250521678417,0.7129852608365221,3.650885031119766,3.585819150769915,-0.474225963510988,2015-04-28,8.0,0,True,False
2015-01-16,2015Q2,-10,diag3,student_t_ar1_shared,3.136513011735187,3.08832937612417,0.17434263111763587,0.7376213039601586,2.5007353109643082,2.469978633014557,0.6357777007708787,2015-07-28,8.0,0,True,False
2015-01-23,2014Q4,17,diag3,student_t_ar1_shared,3.4937862765433314,3.4341388939674378,0.318134560087795,0.7445467278361186,2.0383303103057804,2.017834406173431,1.455455966237551,2015-01-28,4.0,0,True,False
2015-01-23,2015Q1,4,diag3,student_t_ar1_shared,3.1739264021996894,3.1245983996218567,0.18942374537707657,0.7100089227643478,3.650885031119766,3.585819150769915,-0.4769586289200767,2015-04-28,4.0,0,True,False
2015-01-23,2015Q2,-9,diag3,student_t_ar1_shared,3.1549479901793465,3.1062021260709605,0.1817743444113547,0.7327760855819054,2.5007353109643082,2.469978633014557,0.6542126792150382,2015-07-28,4.0,0,True,False
2015-01-30,2015Q1,5,diag3,student_t_ar1_shared,3.222651735269566,3.1718136532997687,0.21214111454405382,0.7085472907747326,3.650885031119766,3.585819150769915,-0.4282332958502,2015-04-28,10.0,0,True,False
2015-01-30,2015Q2,-8,diag3,student_t_ar1_shared,3.002958527261379,2.9587525394675236,0.12320042920891483,0.7289515129028622,2.5007353109643082,2.469978633014557,0.5022232162970708,2015-07-28,10.0,0,True,False
2015-02-06,2015Q1,6,diag3,student_t_ar1_shared,2.972691192528454,2.929363303417563,0.11093212389151308,0.7020912678131522,3.650885031119766,3.585819150769915,-0.6781938385913122,2015-04-28,11.0,11,False,True
2015-02-06,2015Q2,-7,diag3,student_t_ar1_shared,2.6964181169144563,2.6607053190336174,-0.0012170375489869711,0.7231047318318595,2.5007353109643082,2.469978633014557,0.1956828059501481,2015-07-28,11.0,0,True,False
2015-02-13,2015Q1,7,diag3,student_t_ar1_shared,2.889378241280438,2.8484227435314082,0.07714412410966376,0.7297171864818103,3.650885031119766,3.585819150769915,-0.761506789839328,2015-04-28,6.0,0,True,False
2015-02-13,2015Q2,-6,diag3,student_t_ar1_shared,2.6618938505136747,2.6270818767728383,-0.015252878929008784,0.7254429763894651,2.5007353109643082,2.469978633014557,0.16115853954936643,2015-07-28,6.0,0,True,False
2015-02-20,2015Q1,8,diag3,student_t_ar1_shared,2.7177505016059866,2.6814754391394287,0.007453285643627572,0.7231061333188658,3.650885031119766,3.585819150769915,-0.9331345295137794,2015-04-28,8.0,0,True,False
2015-02-20,2015Q2,-5,diag3,student_t_ar1_shared,2.5015543752358704,2.470777711183715,-0.08050082285546054,0.718572615550658,2.5007353109643082,2.469978633014557,0.0008190642715621976,2015-07-28,8.0,0,True,False
2015-02-27,2015Q1,9,diag3,student_t_ar1_shared,2.7494420002514453,2.7123236719019497,0.020330637657457518,0.7327318271310871,3.650885031119766,3.585819150769915,-0.9014430308683208,2015-04-28,4.0,0,True,False
2015-02-27,2015Q2,-4,diag3,student_t_ar1_shared,2.5354408386389915,2.5038317107083237,-0.06670269086455782,0.7191628850329562,2.5007353109643082,2.469978633014557,0.03470552767468327,2015-07-28,4.0,0,True,False
2015-03-06,2015Q1,10,diag3,student_t_ar1_shared,2.7751246638935134,2.7373159773889206,0.030763478911946196,0.7025358701665941,3.650885031119766,3.585819150769915,-0.8757603672262526,2015-04-28,10.0,11,False,True
2015-03-06,2015Q2,-3,diag3,student_t_ar1_shared,2.4939031174597837,2.4633129040380117,-0.08361694785589699,0.7101356256825845,2.5007353109643082,2.469978633014557,-0.006832193504524575,2015-07-28,10.0,0,True,False
2015-03-13,2015Q1,11,diag3,student_t_ar1_shared,2.7032720399085663,2.6673790613274164,0.0015688636541201229,0.7205542400876642,3.650885031119766,3.585819150769915,-0.9476129912111997,2015-04-28,8.0,0,True,False
2015-03-13,2015Q2,-2,diag3,student_t_ar1_shared,2.421012455009053,2.3921705322673494,-0.11331477111346208,0.7100414244283835,2.5007353109643082,2.469978633014557,-0.07972285595525541,2015-07-28,8.0,0,True,False
2015-03-20,2015Q1,12,diag3,student_t_ar1_shared,2.569548703456781,2.5370906433245826,-0.05281901116721838,0.7811846624062833,3.650885031119766,3.585819150769915,-1.081336327662985,2015-04-28,10.0,0,True,False
2015-03-20,2015Q2,-1,diag3,student_t_ar1_shared,2.2281043372686993,2.203644749307555,-0.19201337565089002,0.7268585588350358,2.5007353109643082,2.469978633014557,-0.27263097369560896,2015-07-28,10.0,0,True,False
2015-03-27,2015Q1,13,diag3,student_t_ar1_shared,2.544968209242149,2.5131230619926725,-0.06282408938700174,0.7724778614869767,3.650885031119766,3.585819150769915,-1.1059168218776172,2015-04-28,4.0,0,True,False
2015-03-27,2015Q2,0,diag3,student_t_ar1_shared,2.197796437509325,2.173993027224826,-0.20439125369709915,0.7237896740036039,2.5007353109643082,2.469978633014557,-0.30293887345498316,2015-07-28,4.0,0,True,False
2015-04-03,2015Q1,14,diag3,student_t_ar1_shared,2.498605248150687,2.4679005162675547,-0.08170188523180566,0.757270795898483,3.650885031119766,3.585819150769915,-1.152279782969079,2015-04-28,8.0,12,False,True
2015-04-03,2015Q2,1,diag3,student_t_ar1_shared,2.069072625984991,2.0479580719194295,-0.25700355398701286,0.7162039623590749,2.5007353109643082,2.469978633014557,-0.43166268497931704,2015-07-28,8.0,0,True,False
2015-04-03,2015Q3,-12,diag3,student_t_ar1_shared,2.3067637059977386,2.280560116706232,-0.15990566079763635,0.7373161653667418,1.6106176842981101,1.59778484627612,0.6961460216996285,2015-10-28,8.0,0,True,False
2015-04-10,2015Q1,15,diag3,student_t_ar1_shared,2.4590791759714126,2.4293305326337777,-0.09780262138234586,0.7626173951553293,3.650885031119766,3.585819150769915,-1.1918058551483535,2015-04-28,8.0,0,True,False
2015-04-10,2015Q2,2,diag3,student_t_ar1_shared,2.04438286968478,2.023765882961918,-0.26710239289260684,0.7173499176806719,2.5007353109643082,2.469978633014557,-0.45635244127952834,2015-07-28,8.0,0,True,False
2015-04-10,2015Q3,-11,diag3,student_t_ar1_shared,2.2826926029347216,2.2570289889459163,-0.16972854490852587,0.7368766362701372,1.6106176842981101,1.59778484627612,0.6720749186366115,2015-10-28,8.0,0,True,False
2015-04-17,2015Q1,16,diag3,student_t_ar1_shared,2.434268616236257,2.4051125088435823,-0.10791224483554257,0.7587370171263457,3.650885031119766,3.585819150769915,-1.216616414883509,2015-04-28,10.0,0,True,False
2015-04-17,2015Q2,3,diag3,student_t_ar1_shared,1.9497493275600464,1.9309852251125843,-0.3058329483963297,0.7067051482228963,2.5007353109643082,2.469978633014557,-0.5509859834042619,2015-07-28,10.0,0,True,False
2015-04-17,2015Q3,-10,diag3,student_t_ar1_shared,2.1761912924900484,2.1528502728657837,-0.21321713012636767,0.7337427179853654,1.6106176842981101,1.59778484627612,0.5655736081919382,2015-10-28,10.0,0,True,False
2015-04-24,2015Q1,17,diag3,student_t_ar1_shared,2.443656372478209,2.414276752623432,-0.10408670338549708,0.7576655513990206,3.650885031119766,3.585819150769915,-1.207228658641557,2015-04-28,2.0,0,True,False
2015-04-24,2015Q2,4,diag3,student_t_ar1_shared,2.0142709413696336,1.9942528699420443,-0.2794223679320651,0.699226278611713,2.5007353109643082,2.469978633014557,-0.48646436959467465,2015-07-28,2.0,0,True,False
2015-04-24,2015Q3,-9,diag3,student_t_ar1_shared,2.250642489974619,2.2256892435612783,-0.182811074998616,0.7313452398154663,1.6106176842981101,1.59778484627612,0.640024805676509,2015-10-28,2.0,0,True,False
2015-05-01,2015Q2,5,diag3,student_t_ar1_shared,2.0791449801901063,2.0578257595548197,-0.2569809008478972,0.6743099405163345,2.5007353109643082,2.469978633014557,-0.42159033077420194,2015-07-28,13.0,11,False,True
2015-05-01,2015Q3,-8,diag3,student_t_ar1_shared,2.348829857031731,2.3216693294025865,-0.14644791303817445,0.7245398966790804,1.6106176842981101,1.59778484627612,0.738212172733621,2015-10-28,13.0,0,True,False
2015-05-08,2015Q2,6,diag3,student_t_ar1_shared,2.349844951667568,2.3226611234499015,-0.14603241699479957,0.6836110437630822,2.5007353109643082,2.469978633014557,-0.15089035929674033,2015-07-28,10.0,0,True,False
2015-05-08,2015Q3,-7,diag3,student_t_ar1_shared,2.631467594203518,2.5974401423116578,-0.030918200037614307,0.7257438060425253,1.6106176842981101,1.59778484627612,1.020849909905408,2015-10-28,10.0,0,True,False
2015-05-15,2015Q2,7,diag3,student_t_ar1_shared,2.3338562927316175,2.3070383270364547,-0.15257733437337234,0.6831792490180407,2.5007353109643082,2.469978633014557,-0.1668790182326907,2015-07-28,6.0,0,True,False
2015-05-15,2015Q3,-6,diag3,student_t_ar1_shared,2.6301581634021076,2.5961642771355993,-0.031452703076795846,0.7255351065989672,1.6106176842981101,1.59778484627612,1.0195404791039975,2015-10-28,6.0,0,True,False
2015-05-22,2015Q2,8,diag3,student_t_ar1_shared,2.263401467286963,2.2381666041199986,-0.1814300265725856,0.7974281920333548,2.5007353109643082,2.469978633014557,-0.23733384367734534,2015-07-28,6.0,0,True,False
2015-05-22,2015Q3,-5,diag3,student_t_ar1_shared,2.5720062029719326,2.539486549426012,-0.05519691859670131,0.7280573139245782,1.6106176842981101,1.59778484627612,0.9613885186738225,2015-10-28,6.0,0,True,False
2015-05-29,2015Q2,9,diag3,student_t_ar1_shared,2.278921942597867,2.2533424123165147,-0.17507236766372514,0.7667662095167519,2.5007353109643082,2.469978633014557,-0.2218133683664414,2015-07-28,4.0,0,True,False
2015-05-29,2015Q3,-4,diag3,student_t_ar1_shared,2.587828216046595,2.554910633921709,-0.04873524835579793,0.7255432748697561,1.6106176842981101,1.59778484627612,0.9772105317484847,2015-10-28,4.0,0,True,False
2015-06-05,2015Q2,10,diag3,student_t_ar1_shared,2.402654715646735,2.3742451238757893,-0.12442213597282437,0.7497320618353803,2.5007353109643082,2.469978633014557,-0.0980805953175734,2015-07-28,13.0,12,False,True
2015-06-05,2015Q3,-3,diag3,student_t_ar1_shared,2.9564724154147237,2.913611501328823,0.10153666703453698,0.719607189997642,1.6106176842981101,1.59778484627612,1.3458547311166136,2015-10-28,13.0,0,True,False
2015-06-12,2015Q2,11,diag3,student_t_ar1_shared,2.3947485276821334,2.366524139289723,-0.1276567173409553,0.7626917393883457,2.5007353109643082,2.469978633014557,-0.10598678328217481,2015-07-28,4.0,0,True,False
2015-06-12,2015Q3,-2,diag3,student_t_ar1_shared,2.9374143373486206,2.895098976823015,0.09378114490182668,0.7248121906275298,1.6106176842981101,1.59778484627612,1.3267966530505104,2015-10-28,4.0,0,True,False
2015-06-19,2015Q2,12,diag3,student_t_ar1_shared,2.3169161028174345,2.2904831098197476,-0.15951287433690986,0.7637910129978704,2.5007353109643082,2.469978633014557,-0.1838192081468737,2015-07-28,11.0,0,True,False
2015-06-19,2015Q3,-1,diag3,student_t_ar1_shared,2.744464611666819,2.7074793544546143,0.015180944623772591,0.722487495605009,1.6106176842981101,1.59778484627612,1.133846927368709,2015-10-28,11.0,0,True,False
2015-06-26,2015Q2,13,diag3,student_t_ar1_shared,2.262422404711706,2.237209206607324,-0.1818311127451937,0.7625401337101412,2.5007353109643082,2.469978633014557,-0.23831290625260237,2015-07-28,4.0,0,True,False
2015-06-26,2015Q3,0,diag3,student_t_ar1_shared,2.6743074394908195,2.63917286600345,-0.013434951756244568,0.7219074286993852,1.6106176842981101,1.59778484627612,1.0636897551927094,2015-10-28,4.0,0,True,False
2015-07-03,2015Q2,14,diag3,student_t_ar1_shared,2.3165833913956435,2.290157931955315,-0.1596491023334688,0.7674678301299738,2.5007353109643082,2.469978633014557,-0.18415191956866472,2015-07-28,8.0,11,False,True
2015-07-03,2015Q3,1,diag3,student_t_ar1_shared,2.9671828141891288,2.924013801901941,0.10589454228275666,0.7184345869920198,1.6106176842981101,1.59778484627612,1.3565651298910186,2015-10-28,8.0,0,True,False
2015-07-03,2015Q4,-12,diag3,student_t_ar1_shared,2.8240269645326554,2.7848865059382915,0.0476094162983611,0.7409197326459093,0.7399609712167354,0.737236690842017,2.08406599331592,2016-01-28,8.0,0,True,False
2015-07-10,2015Q2,15,diag3,student_t_ar1_shared,2.261548281010861,2.2363544180972967,-0.18218921253899684,0.7637567964294477,2.5007353109643082,2.469978633014557,-0.2391870299534471,2015-07-28,8.0,0,True,False
2015-07-10,2015Q3,2,diag3,student_t_ar1_shared,2.897103527457312,2.855930803452651,0.07737227341720598,0.7164167182464798,1.6106176842981101,1.59778484627612,1.286485843159202,2015-10-28,8.0,0,True,False
2015-07-10,2015Q4,-11,diag3,student_t_ar1_shared,2.756367315898589,2.719063447943124,0.020033912862077285,0.7392694408495468,0.7399609712167354,0.737236690842017,2.0164063446818536,2016-01-28,8.0,0,True,False
2015-07-17,2015Q2,16,diag3,student_t_ar1_shared,2.2081407349921367,2.1841143550440996,-0.20407434036670857,0.7638813551003633,2.5007353109643082,2.469978633014557,-0.29259457597217153,2015-07-28,10.0,0,True,False
2015-07-17,2015Q3,3,diag3,student_t_ar1_shared,2.7913238827236286,2.7530765443279113,0.034283148385383044,0.6996342479611339,1.6106176842981101,1.59778484627612,1.1807061984255185,2015-10-28,10.0,0,True,False
2015-07-17,2015Q4,-10,diag3,student_t_ar1_shared,2.65965355630442,2.624899646765666,-0.019414485647958474,0.7367786768725456,0.7399609712167354,0.737236690842017,1.9196925850876845,2016-01-28,10.0,0,True,False
2015-07-24,2015Q2,17,diag3,student_t_ar1_shared,2.199959437537613,2.1761094888455554,-0.20742784933587805,0.7611590803057463,2.5007353109643082,2.469978633014557,-0.3007758734266952,2015-07-28,2.0,0,True,False
2015-07-24,2015Q3,4,diag3,student_t_ar1_shared,2.7484947795281434,2.7114017933292,0.01682418682428971,0.6865238902906498,1.6106176842981101,1.59778484627612,1.1378770952300332,2015-10-28,2.0,0,True,False
2015-07-24,2015Q4,-9,diag3,student_t_ar1_shared,2.6073720037251835,2.5739596055514213,-0.0407549903940458,0.7336530380693786,0.7399609712167354,0.737236690842017,1.867411032508448,2016-01-28,2.0,0,True,False
2015-07-31,2015Q3,5,diag3,student_t_ar1_shared,2.787641386690809,2.7494939832148337,0.033611604029038955,0.6840455344051876,1.6106176842981101,1.59778484627612,1.1770237023926988,2015-10-28,10.0,0,True,False
2015-07-31,2015Q4,-8,diag3,student_t_ar1_shared,2.6769889660726243,2.641784514070842,-0.011697824434917854,0.7288754322460633,0.7399609712167354,0.737236690842017,1.9370279948558888,2016-01-28,10.0,0,True,False
2015-08-07,2015Q3,6,diag3,student_t_ar1_shared,2.9203916784071415,2.8785607077043993,0.08790524753887133,0.7826829553207296,1.6106176842981101,1.59778484627612,1.3097739941090314,2015-10-28,13.0,11,False,True
2015-08-07,2015Q4,-7,diag3,student_t_ar1_shared,2.807542350513015,2.7688533510002062,0.04175538095738044,0.7310011230942361,0.7399609712167354,0.737236690842017,2.0675813792962794,2016-01-28,13.0,0,True,False
2015-08-14,2015Q3,7,diag3,student_t_ar1_shared,2.957713540223672,2.9148169790410146,0.1031569328879101,0.7633800259461881,1.6106176842981101,1.59778484627612,1.347095855925562,2015-10-28,6.0,0,True,False
2015-08-14,2015Q4,-6,diag3,student_t_ar1_shared,2.8397178491495145,2.8001452815300096,0.054918749963904986,0.7298817481325532,0.7399609712167354,0.737236690842017,2.099756877932779,2016-01-28,6.0,0,True,False
2015-08-21,2015Q3,8,diag3,student_t_ar1_shared,2.9065136200750574,2.8650755335159377,0.08223252869556079,0.8357237047457203,1.6106176842981101,1.59778484627612,1.2958959357769473,2015-10-28,6.0,0,True,False
2015-08-21,2015Q4,-5,diag3,student_t_ar1_shared,2.677931751747198,2.6427027152722355,-0.011311570821556746,0.7368110746251784,0.7399609712167354,0.737236690842017,1.9379707805304625,2016-01-28,6.0,0,True,False
2015-08-28,2015Q3,9,diag3,student_t_ar1_shared,2.888421960686882,2.8474933132501947,0.07483633263499684,0.810421131541698,1.6106176842981101,1.59778484627612,1.277804276388772,2015-10-28,4.0,0,True,False
2015-08-28,2015Q4,-4,diag3,student_t_ar1_shared,2.6570963320805996,2.622408642767865,-0.019848543788621477,0.7346265791833458,0.7399609712167354,0.737236690842017,1.9171353608638642,2016-01-28,4.0,0,True,False
2015-09-04,2015Q3,10,diag3,student_t_ar1_shared,2.832735400704256,2.793355409247535,0.05206249939552732,0.7622869013429251,1.6106176842981101,1.59778484627612,1.2221177164061459,2015-10-28,12.0,2,True,True
2015-09-04,2015Q4,-3,diag3,student_t_ar1_shared,2.5306516099474763,2.499160798384217,-0.07169439757304949,0.7220315006138637,0.7399609712167354,0.737236690842017,1.7906906387307409,2016-01-28,12.0,0,True,False
2015-09-11,2015Q3,11,diag3,student_t_ar1_shared,2.7686788711305255,2.731044036659743,0.025850387301806138,0.8044691838782525,1.6106176842981101,1.59778484627612,1.1580611868324153,2015-10-28,5.0,0,True,False
2015-09-11,2015Q4,-2,diag3,student_t_ar1_shared,2.4589504029031595,2.429204850117193,-0.10112230264790964,0.7231725608480123,0.7399609712167354,0.737236690842017,1.718989431686424,2016-01-28,5.0,0,True,False
2015-09-18,2015Q3,12,diag3,student_t_ar1_shared,2.6733736606487035,2.638263404706297,-0.013179026172652875,0.8041305703184385,1.6106176842981101,1.59778484627612,1.0627559763505934,2015-10-28,11.0,0,True,False
2015-09-18,2015Q4,-1,diag3,student_t_ar1_shared,2.276007268020286,2.2504926402880283,-0.1762999834149106,0.7214611402791822,0.7399609712167354,0.737236690842017,1.5360462968035504,2016-01-28,11.0,0,True,False
2015-09-25,2015Q3,13,diag3,student_t_ar1_shared,2.640557794800502,2.606296878231432,-0.026626172984023755,0.8027409832710081,1.6106176842981101,1.59778484627612,1.029940110502392,2015-10-28,0.0,0,True,False
2015-09-25,2015Q4,0,diag3,student_t_ar1_shared,2.152912854456268,2.1300650331108497,-0.22695946670681405,0.7195252702267267,0.7399609712167354,0.737236690842017,1.4129518832395327,2016-01-28,0.0,0,True,False
2015-10-02,2015Q3,14,diag3,student_t_ar1_shared,2.6199377163004245,2.58620525902521,-0.03507798126405903,0.7889296627101007,1.6106176842981101,1.59778484627612,1.0093200320023143,2015-10-28,11.0,11,False,True
2015-10-02,2015Q4,1,diag3,student_t_ar1_shared,2.120212734882587,2.0980489568319367,-0.2404274573058272,0.7101968302296576,0.7399609712167354,0.737236690842017,1.3802517636658518,2016-01-28,11.0,0,True,False
2015-10-02,2016Q1,-12,diag3,student_t_ar1_shared,2.2426496886850833,2.2178720665688627,-0.19002226394537966,0.7364738950277016,2.3383061524439253,2.3113866073886387,-0.09565646375884196,2016-04-28,11.0,0,True,False
2015-10-09,2015Q3,15,diag3,student_t_ar1_shared,2.6118116200204877,2.5782863124582507,-0.03840919202795062,0.7840516886378123,1.6106176842981101,1.59778484627612,1.0011939357223776,2015-10-28,9.0,0,True,False
2015-10-09,2015Q4,2,diag3,student_t_ar1_shared,2.135392506688305,2.1129124626003235,-0.23417492485265914,0.7077364389795568,0.7399609712167354,0.737236690842017,1.3954315354715696,2016-01-28,9.0,0,True,False
2015-10-09,2016Q1,-11,diag3,student_t_ar1_shared,2.270326240624909,2.2449378818141015,-0.17863666684403862,0.7348427063991366,2.3383061524439253,2.3113866073886387,-0.06797991181901608,2016-04-28,9.0,0,True,False
2015-10-16,2015Q3,16,diag3,student_t_ar1_shared,2.6060954332976616,2.5727154665156355,-0.04075264286590072,0.7844605379671253,1.6106176842981101,1.59778484627612,0.9954777489995514,2015-10-28,8.0,0,True,False
2015-10-16,2015Q4,3,diag3,student_t_ar1_shared,2.1217550129839946,2.0995592028587,-0.23979215211997484,0.7077712518009167,0.7399609712167354,0.737236690842017,1.3817940417672592,2016-01-28,8.0,0,True,False
2015-10-16,2016Q1,-10,diag3,student_t_ar1_shared,2.2660679156325525,2.240774001825363,-0.18038825863983543,0.7349608858169261,2.3383061524439253,2.3113866073886387,-0.07223823681137276,2016-04-28,8.0,0,True,False
2015-10-23,2015Q3,17,diag3,student_t_ar1_shared,2.556292352108991,2.5241655517827146,-0.06117581369762867,0.7826016802048888,1.6106176842981101,1.59778484627612,0.9456746678108807,2015-10-28,4.0,0,True,False
2015-10-23,2015Q4,4,diag3,student_t_ar1_shared,1.939240603460357,1.9206769449915724,-0.3150413658679917,0.6901173736418291,0.7399609712167354,0.737236690842017,1.1992796322436217,2016-01-28,4.0,0,True,False
2015-10-23,2016Q1,-9,diag3,student_t_ar1_shared,2.0677057853698777,2.046618929971798,-0.2620621858161277,0.7303610126720141,2.3383061524439253,2.3113866073886387,-0.27060036707404755,2016-04-28,4.0,0,True,False
2015-10-30,2015Q4,5,diag3,student_t_ar1_shared,1.9599918756601609,1.9410313838181814,-0.3038090831256748,0.6850789367133607,0.7399609712167354,0.737236690842017,1.2200309044434254,2016-01-28,10.0,0,True,False
2015-10-30,2016Q1,-8,diag3,student_t_ar1_shared,1.9245141933877274,1.9062296391299607,-0.318497040313739,0.7263246988797345,2.3383061524439253,2.3113866073886387,-0.4137919590561978,2016-04-28,10.0,0,True,False
2015-11-06,2015Q4,6,diag3,student_t_ar1_shared,2.007529185366197,1.9876440114752514,-0.284136383219858,0.7331759589883438,0.7399609712167354,0.737236690842017,1.2675682141494615,2016-01-28,11.0,13,False,True
2015-11-06,2016Q1,-7,diag3,student_t_ar1_shared,2.017327683922221,1.9972492122472638,-0.2800825411212511,0.7259066912754808,2.3383061524439253,2.3113866073886387,-0.3209784685217043,2016-04-28,11.0,0,True,False
2015-11-13,2015Q4,7,diag3,student_t_ar1_shared,2.038717822465097,2.018214176620802,-0.2712343496892841,0.6955208285400575,0.7399609712167354,0.737236690842017,1.2987568512483616,2016-01-28,6.0,0,True,False
2015-11-13,2016Q1,-6,diag3,student_t_ar1_shared,2.0388361729806848,2.018330162444091,-0.2711853982696886,0.723280197277732,2.3383061524439253,2.3113866073886387,-0.2994699794632405,2016-04-28,6.0,0,True,False
2015-11-20,2015Q4,8,diag3,student_t_ar1_shared,1.9397254221255267,1.921152539580493,-0.3121988812730703,0.6895044368916483,0.7399609712167354,0.737236690842017,1.1997644509087912,2016-01-28,8.0,0,True,False
2015-11-20,2016Q1,-5,diag3,student_t_ar1_shared,1.9166491522787377,1.8985128060979939,-0.32175390327323683,0.7167047887700502,2.3383061524439253,2.3113866073886387,-0.4216570001651876,2016-04-28,8.0,0,True,False
2015-11-27,2015Q4,9,diag3,student_t_ar1_shared,1.9489677002897832,1.9302185432210492,-0.3083726054776388,0.6779504088884383,0.7399609712167354,0.737236690842017,1.2090067290730477,2016-01-28,4.0,0,True,False
2015-11-27,2016Q1,-4,diag3,student_t_ar1_shared,1.9261933334678627,1.9078770605203912,-0.31780175175650943,0.7157800915426286,2.3383061524439253,2.3113866073886387,-0.41211281897606256,2016-04-28,4.0,0,True,False
2015-12-04,2015Q4,10,diag3,student_t_ar1_shared,1.9032843777953667,1.88539851028693,-0.32728874691829446,0.6983306095419803,0.7399609712167354,0.737236690842017,1.1633234065786313,2016-01-28,9.0,2,True,True
2015-12-04,2016Q1,-3,diag3,student_t_ar1_shared,1.8708425153789454,1.8535575075206476,-0.3407271331154808,0.7187707965048056,2.3383061524439253,2.3113866073886387,-0.46746363706497984,2016-04-28,9.0,0,True,False
2015-12-11,2015Q4,11,diag3,student_t_ar1_shared,1.8797390278952664,1.8622902556233412,-0.3370415066787716,0.6838127537507224,0.7399609712167354,0.737236690842017,1.139778056678531,2016-01-28,7.0,0,True,False
2015-12-11,2016Q1,-2,diag3,student_t_ar1_shared,1.8652044927108813,1.8480228731225596,-0.3430630066131741,0.7164038438370032,2.3383061524439253,2.3113866073886387,-0.47310165973304397,2016-04-28,7.0,0,True,False
2015-12-18,2015Q4,12,diag3,student_t_ar1_shared,1.8214238766140367,1.8050346641060366,-0.36120603304138527,0.677332895153487,0.7399609712167354,0.737236690842017,1.0814629053973013,2016-01-28,12.0,0,True,False
2015-12-18,2016Q1,-1,diag3,student_t_ar1_shared,1.780540178517409,1.7648742473479109,-0.3781555994290101,0.712857662321128,2.3383061524439253,2.3113866073886387,-0.5577659739265162,2016-04-28,12.0,0,True,False
2015-12-25,2015Q4,13,diag3,student_t_ar1_shared,1.7932488877448804,1.77735985200485,-0.37288609273297696,0.6763618999038867,0.7399609712167354,0.737236690842017,1.053287916528145,2016-01-28,0.0,0,True,False
2015-12-25,2016Q1,0,diag3,student_t_ar1_shared,1.6688187130231125,1.655046939625849,-0.42450783861568486,0.7109644797356098,2.3383061524439253,2.3113866073886387,-0.6694874394208128,2016-04-28,0.0,0,True,False
2016-01-01,2015Q4,14,diag3,student_t_ar1_shared,1.7811228163960857,1.7654466909702706,-0.37791400155818133,0.6607356104035695,0.7399609712167354,0.737236690842017,1.0411618451793503,2016-01-28,8.0,11,False,True
2016-01-01,2016Q1,1,diag3,student_t_ar1_shared,1.6555188258346343,1.64196450456821,-0.43002923553884737,0.7060804525093128,2.3383061524439253,2.3113866073886387,-0.682787326609291,2016-04-28,8.0,0,True,False
2016-01-01,2016Q2,-12,diag3,student_t_ar1_shared,1.9106118268009231,1.8925888433752611,-0.32425409145732637,0.7405354246164578,1.2906967702374539,1.2824382650696664,0.6199150565634692,2016-07-28,8.0,0,True,False
2016-01-08,2015Q4,15,diag3,student_t_ar1_shared,1.7459166245193725,1.7308506074969676,-0.3925151601346524,0.6474886807056692,0.7399609712167354,0.737236690842017,1.005955653302637,2016-01-28,12.0,0,True,False
2016-01-08,2016Q1,2,diag3,student_t_ar1_shared,1.5217954190704708,1.5103322634691103,-0.4855841721994487,0.6977725481078759,2.3383061524439253,2.3113866073886387,-0.8165107333734545,2016-04-28,12.0,0,True,False
2016-01-08,2016Q2,-11,diag3,student_t_ar1_shared,1.806688846208071,1.790562172823131,-0.36731409843501195,0.7340920437214403,1.2906967702374539,1.2824382650696664,0.5159920759706171,2016-07-28,12.0,0,True,False
2016-01-15,2015Q4,16,diag3,student_t_ar1_shared,1.7192045085027363,1.7045934131224567,-0.40359691911847795,0.6448624508145056,0.7399609712167354,0.737236690842017,0.9792435372860009,2016-01-28,6.0,0,True,False
2016-01-15,2016Q1,3,diag3,student_t_ar1_shared,1.4847605167928712,1.4738458529512557,-0.5009831368327871,0.6968383729980825,2.3383061524439253,2.3113866073886387,-0.853545635651054,2016-04-28,6.0,0,True,False
2016-01-15,2016Q2,-10,diag3,student_t_ar1_shared,1.7815336707865947,1.7658503547832576,-0.3777436366280136,0.7338238466191974,1.2906967702374539,1.2824382650696664,0.49083690054914086,2016-07-28,6.0,0,True,False
2016-01-22,2015Q4,17,diag3,student_t_ar1_shared,1.6688995682650365,1.6551264676569517,-0.4244742740824538,0.638593981345055,0.7399609712167354,0.737236690842017,0.9289385970483011,2016-01-28,6.0,0,True,False
2016-01-22,2016Q1,4,diag3,student_t_ar1_shared,1.326666858472203,1.3179437005056522,-0.5667811064794965,0.7008750894947404,2.3383061524439253,2.3113866073886387,-1.0116392939717223,2016-04-28,6.0,0,True,False
2016-01-22,2016Q2,-9,diag3,student_t_ar1_shared,1.6129199844178155,1.6000506272444133,-0.4477188439545448,0.73024565933653,1.2906967702374539,1.2824382650696664,0.3222232141803616,2016-07-28,6.0,0,True,False
2016-01-29,2016Q1,5,diag3,student_t_ar1_shared,1.359327407086397,1.3501714318940092,-0.5474030787032699,0.7019624583686506,2.3383061524439253,2.3113866073886387,-0.9789787453575283,2016-04-28,6.0,0,True,False
2016-01-29,2016Q2,-8,diag3,student_t_ar1_shared,1.546384366535114,1.5345496939013659,-0.46947712442126305,0.7292520413852747,1.2906967702374539,1.2824382650696664,0.25568759629766014,2016-07-28,6.0,0,True,False
2016-02-05,2016Q1,6,diag3,student_t_ar1_shared,1.2464327403410635,1.23872871837265,-0.5945034239629607,0.660184930081235,2.3383061524439253,2.3113866073886387,-1.0918734121028617,2016-04-28,14.0,3,True,True
2016-02-05,2016Q2,-7,diag3,student_t_ar1_shared,1.4030615067111007,1.3933097087087587,-0.5291710412045295,0.7225317424964827,1.2906967702374539,1.2824382650696664,0.11236473647364686,2016-07-28,14.0,0,True,False
2016-02-12,2016Q1,7,diag3,student_t_ar1_shared,1.2184403860046267,1.211077151873673,-0.6061901308630355,0.6713302490009874,2.3383061524439253,2.3113866073886387,-1.1198657664392986,2016-04-28,4.0,0,True,False
2016-02-12,2016Q2,-6,diag3,student_t_ar1_shared,1.381583578981438,1.3721267164748991,-0.5381238584531594,0.7231372784709587,1.2906967702374539,1.2824382650696664,0.09088680874398403,2016-07-28,4.0,0,True,False
2016-02-19,2016Q1,8,diag3,student_t_ar1_shared,1.2782365235123105,1.2701360363534975,-0.5812293796236214,0.7270107007086506,2.3383061524439253,2.3113866073886387,-1.0600696289316147,2016-04-28,11.0,0,True,False
2016-02-19,2016Q2,-5,diag3,student_t_ar1_shared,1.4081605180337187,1.3983380412366955,-0.5270458578644723,0.7205841404530712,1.2906967702374539,1.2824382650696664,0.11746374779626478,2016-07-28,11.0,0,True,False
2016-02-26,2016Q1,9,diag3,student_t_ar1_shared,1.2712760654372657,1.263263190313213,-0.5841341314121002,0.7239654136114043,2.3383061524439253,2.3113866073886387,-1.0670300870066596,2016-04-28,4.0,0,True,False
2016-02-26,2016Q2,-4,diag3,student_t_ar1_shared,1.3983444807007306,1.3886578415402444,-0.5311371145602115,0.720260043442146,1.2906967702374539,1.2824382650696664,0.1076477104632767,2016-07-28,4.0,0,True,False
2016-03-04,2016Q1,10,diag3,student_t_ar1_shared,1.3910052973413523,1.3814196080032033,-0.5341962943656238,0.6960877129719902,2.3383061524439253,2.3113866073886387,-0.947300855102573,2016-04-28,9.0,11,False,True
2016-03-04,2016Q2,-3,diag3,student_t_ar1_shared,1.7034477780944135,1.6891017947970386,-0.40415695154695863,0.7114116348236285,1.2906967702374539,1.2824382650696664,0.4127510078569596,2016-07-28,9.0,0,True,False
2016-03-11,2016Q1,11,diag3,student_t_ar1_shared,1.4026770473704264,1.3929305682136144,-0.5293312818129905,0.6846787596663424,2.3383061524439253,2.3113866073886387,-0.9356291050734988,2016-04-28,7.0,0,True,False
2016-03-11,2016Q2,-2,diag3,student_t_ar1_shared,1.7404516729148112,1.7254792878831764,-0.3887823036233802,0.7091000786115091,1.2906967702374539,1.2824382650696664,0.4497549026773573,2016-07-28,7.0,0,True,False
2016-03-18,2016Q1,12,diag3,student_t_ar1_shared,1.3952136087166167,1.3855700985035526,-0.5324421237304476,0.6821629325825534,2.3383061524439253,2.3113866073886387,-0.9430925437273086,2016-04-28,12.0,0,True,False
2016-03-18,2016Q2,-1,diag3,student_t_ar1_shared,1.7902392375032328,1.7744031777975537,-0.36810502438634307,0.7070189919833154,1.2906967702374539,1.2824382650696664,0.4995424672657789,2016-07-28,12.0,0,True,False
2016-03-25,2016Q1,13,diag3,student_t_ar1_shared,1.4324930243534428,1.4223297864923896,-0.5169059442782047,0.6842335787301792,2.3383061524439253,2.3113866073886387,-0.9058131280904824,2016-04-28,0.0,0,True,False
2016-03-25,2016Q2,0,diag3,student_t_ar1_shared,1.9501811609057507,1.9314087989163387,-0.3017478913918234,0.7060790218188311,1.2906967702374539,1.2824382650696664,0.6594843906682968,2016-07-28,0.0,0,True,False
2016-04-01,2016Q1,14,diag3,student_t_ar1_shared,1.4671761109840142,1.4565172123430012,-0.5024569102388885,0.6976298038811963,2.3383061524439253,2.3113866073886387,-0.871130041459911,2016-04-28,11.0,2,True,True
2016-04-01,2016Q2,1,diag3,student_t_ar1_shared,2.123887273869207,2.101647140560983,-0.2297980580241786,0.7054974224436021,1.2906967702374539,1.2824382650696664,0.8331905036317533,2016-07-28,11.0,0,True,False
2016-04-01,2016Q3,-12,diag3,student_t_ar1_shared,2.3186431273139574,2.2921710124531507,-0.14927471232680117,0.7404628814462403,2.8678981414693494,2.827543676441542,-0.549255014155392,2016-10-28,11.0,0,True,False
2016-04-08,2016Q1,15,diag3,student_t_ar1_shared,1.481163504054983,1.4703014030583827,-0.4966311355309219,0.6973640991531357,2.3383061524439253,2.3113866073886387,-0.8571426483889422,2016-04-28,9.0,0,True,False
2016-04-08,2016Q2,2,diag3,student_t_ar1_shared,2.165475826141816,2.1423624790554046,-0.21259005545625043,0.7049934793729761,1.2906967702374539,1.2824382650696664,0.8747790559043622,2016-07-28,9.0,0,True,False
2016-04-08,2016Q3,-11,diag3,student_t_ar1_shared,2.3683772710708206,2.340766321172584,-0.1287363052262967,0.7394374308846786,2.8678981414693494,2.827543676441542,-0.49952087039852877,2016-10-28,9.0,0,True,False
2016-04-15,2016Q1,16,diag3,student_t_ar1_shared,1.453281676624374,1.4428227484798335,-0.5082447626315704,0.6923372231515277,2.3383061524439253,2.3113866073886387,-0.8850244758195513,2016-04-28,6.0,0,True,False
2016-04-15,2016Q2,3,diag3,student_t_ar1_shared,2.131230485407598,2.108837375618119,-0.22675916438108246,0.7035389577670831,1.2906967702374539,1.2824382650696664,0.8405337151701442,2016-07-28,6.0,0,True,False
2016-04-15,2016Q3,-10,diag3,student_t_ar1_shared,2.339969441070644,2.313011878680324,-0.14046649181786008,0.7381701257350199,2.8678981414693494,2.827543676441542,-0.5279287003987054,2016-10-28,6.0,0,True,False
2016-04-22,2016Q1,17,diag3,student_t_ar1_shared,1.388345696169857,1.378796460075538,-0.535304946238468,0.699648482421363,2.3383061524439253,2.3113866073886387,-0.9499604562740682,2016-04-28,6.0,0,True,False
2016-04-22,2016Q2,4,diag3,student_t_ar1_shared,1.9831588129612943,1.9637503987226386,-0.2880789805317562,0.7046533236708958,1.2906967702374539,1.2824382650696664,0.6924620427238404,2016-07-28,6.0,0,True,False
2016-04-22,2016Q3,-9,diag3,student_t_ar1_shared,2.199023033845493,2.1751932380102605,-0.19871440550974215,0.736186575946046,2.8678981414693494,2.827543676441542,-0.6688751076238564,2016-10-28,6.0,0,True,False
2016-04-29,2016Q2,5,diag3,student_t_ar1_shared,1.9523941300074954,1.9335794130919202,-0.30089292934872786,0.7029258055547559,1.2906967702374539,1.2824382650696664,0.6616973597700415,2016-07-28,6.0,0,True,False
2016-04-29,2016Q3,-8,diag3,student_t_ar1_shared,2.2713690960489252,2.2459575814135544,-0.16834392106946006,0.7323216058749143,2.8678981414693494,2.827543676441542,-0.5965290454204242,2016-10-28,6.0,0,True,False
2016-05-06,2016Q2,6,diag3,student_t_ar1_shared,1.9734704907853784,1.9542500238475755,-0.2921219292147882,0.7056434241735032,1.2906967702374539,1.2824382650696664,0.6827737205479245,2016-07-28,14.0,12,False,True
2016-05-06,2016Q3,-7,diag3,student_t_ar1_shared,2.336419023241798,2.3095425797974998,-0.14136339127599218,0.7278375503244489,2.8678981414693494,2.827543676441542,-0.5314791182275513,2016-10-28,14.0,0,True,False
2016-05-13,2016Q2,7,diag3,student_t_ar1_shared,1.9844184252096442,1.9649855089940074,-0.28756662396665944,0.6962417423506344,1.2906967702374539,1.2824382650696664,0.6937216549721903,2016-07-28,6.0,0,True,False
2016-05-13,2016Q3,-6,diag3,student_t_ar1_shared,2.3459926387032537,2.3188971847102544,-0.13739402424022257,0.7270061737895287,2.8678981414693494,2.827543676441542,-0.5219055027660957,2016-10-28,6.0,0,True,False
2016-05-20,2016Q2,8,diag3,student_t_ar1_shared,1.9849457434252482,1.9655025652860232,-0.287347225475723,0.6531649902712965,1.2906967702374539,1.2824382650696664,0.6942489731877943,2016-07-28,9.0,0,True,False
2016-05-20,2016Q3,-5,diag3,student_t_ar1_shared,2.200528944469715,2.1766667350014837,-0.19774556915548913,0.7209309976979501,2.8678981414693494,2.827543676441542,-0.6673691969996343,2016-10-28,9.0,0,True,False
2016-05-27,2016Q2,9,diag3,student_t_ar1_shared,1.9817701186621406,1.9623886996242266,-0.2886685079699627,0.6668231358619224,1.2906967702374539,1.2824382650696664,0.6910733484246867,2016-07-28,4.0,0,True,False
2016-05-27,2016Q3,-4,diag3,student_t_ar1_shared,2.1943961784791854,2.1706658365068807,-0.2002918839268376,0.7216790160256535,2.8678981414693494,2.827543676441542,-0.673501962990164,2016-10-28,4.0,0,True,False
2016-06-03,2016Q2,10,diag3,student_t_ar1_shared,2.04289381208016,2.0223066468656015,-0.2632439895804562,0.6547385151398855,1.2906967702374539,1.2824382650696664,0.752197041842706,2016-07-28,9.0,11,False,True
2016-06-03,2016Q3,-3,diag3,student_t_ar1_shared,2.3677033274391857,2.340107967618404,-0.12839381704134029,0.7160147195378049,2.8678981414693494,2.827543676441542,-0.5001948140301637,2016-10-28,9.0,0,True,False
2016-06-10,2016Q2,11,diag3,student_t_ar1_shared,2.1021931652961623,2.0804019513001557,-0.23859285909379024,0.6643368994784055,1.2906967702374539,1.2824382650696664,0.8114963950587084,2016-07-28,7.0,0,True,False
2016-06-10,2016Q3,-2,diag3,student_t_ar1_shared,2.4021193066417146,2.373722275707237,-0.11413051808831928,0.7193866348987057,2.8678981414693494,2.827543676441542,-0.4657788348276348,2016-10-28,7.0,0,True,False
2016-06-17,2016Q2,12,diag3,student_t_ar1_shared,2.1129057630455916,2.0908934358333315,-0.234141088735697,0.6484969937484673,1.2906967702374539,1.2824382650696664,0.8222089928081378,2016-07-28,10.0,0,True,False
2016-06-17,2016Q3,-1,diag3,student_t_ar1_shared,2.469378115150511,2.4393817859578957,-0.08626972674496819,0.712980480601792,2.8678981414693494,2.827543676441542,-0.3985200263188382,2016-10-28,10.0,0,True,False
2016-06-24,2016Q2,13,diag3,student_t_ar1_shared,2.129037094963704,2.1066897328386647,-0.22743836839582396,0.6490738886204661,1.2906967702374539,1.2824382650696664,0.83834032472625,2016-07-28,2.0,0,True,False
2016-06-24,2016Q3,0,diag3,student_t_ar1_shared,2.5489133149741328,2.5169701838113796,-0.053347242934039585,0.7116440454567701,2.8678981414693494,2.827543676441542,-0.31898482649521664,2016-10-28,2.0,0,True,False
2016-07-01,2016Q2,14,diag3,student_t_ar1_shared,2.1113159318520536,2.0893364890810164,-0.2348017358899837,0.6366203887658274,1.2906967702374539,1.2824382650696664,0.8206191616145997,2016-07-28,11.0,3,True,True
2016-07-01,2016Q3,1,diag3,student_t_ar1_shared,2.6085697210004533,2.575126880632706,-0.028670062291480003,0.7038695787111208,2.8678981414693494,2.827543676441542,-0.25932842046889615,2016-10-28,11.0,0,True,False
2016-07-01,2016Q4,-13,diag3,student_t_ar1_shared,2.5200322357013416,2.488802994102398,-0.06529920834186333,0.7379955688335166,2.235699518586598,2.211074114484348,0.2843327171147436,2017-01-28,11.0,0,True,False
2016-07-08,2016Q2,15,diag3,student_t_ar1_shared,2.1754767433282973,2.152150940025874,-0.20814816652218193,0.6307962448516995,1.2906967702374539,1.2824382650696664,0.8847799730908434,2016-07-28,9.0,0,True,False
2016-07-08,2016Q3,2,diag3,student_t_ar1_shared,2.785347585873077,2.7472623662798474,0.044370854859638625,0.7017815379446102,2.8678981414693494,2.827543676441542,-0.08255055559627245,2016-10-28,9.0,0,True,False
2016-07-08,2016Q4,-12,diag3,student_t_ar1_shared,2.701476323449814,2.665630594971982,0.009732677713415447,0.7375252308601004,2.235699518586598,2.211074114484348,0.46577680486321604,2017-01-28,9.0,0,True,False
2016-07-15,2016Q2,16,diag3,student_t_ar1_shared,2.2005591838490712,2.1766963232777794,-0.19773301419141856,0.6284923980414497,1.2906967702374539,1.2824382650696664,0.9098624136116173,2016-07-28,6.0,0,True,False
2016-07-15,2016Q3,3,diag3,student_t_ar1_shared,2.8261698419807857,2.786970508269905,0.06121990314516179,0.7010567889186999,2.8678981414693494,2.827543676441542,-0.041728299488563714,2016-10-28,6.0,0,True,False
2016-07-15,2016Q4,-11,diag3,student_t_ar1_shared,2.7334358461702513,2.696744608301783,0.02293504596024721,0.737072318150776,2.235699518586598,2.211074114484348,0.49773632758365327,2017-01-28,6.0,0,True,False
2016-07-22,2016Q2,17,diag3,student_t_ar1_shared,2.224754152837316,2.200367529848336,-0.18768879447991063,0.6256804569532816,1.2906967702374539,1.2824382650696664,0.9340573825998622,2016-07-28,6.0,0,True,False
2016-07-22,2016Q3,4,diag3,student_t_ar1_shared,2.756212281230752,2.718912571857439,0.03234140620834158,0.6818847469039367,2.8678981414693494,2.827543676441542,-0.11168586023859728,2016-10-28,6.0,0,True,False
2016-07-22,2016Q4,-10,diag3,student_t_ar1_shared,2.629816787876771,2.5958316496709326,-0.019884568038109174,0.732227947719012,2.235699518586598,2.211074114484348,0.3941172692901729,2017-01-28,6.0,0,True,False
2016-07-29,2016Q3,5,diag3,student_t_ar1_shared,2.5773829267381476,2.544728313771733,-0.037087458084723746,0.6821617184519245,2.8678981414693494,2.827543676441542,-0.2905152147312018,2016-10-28,6.0,0,True,False
2016-07-29,2016Q4,-9,diag3,student_t_ar1_shared,2.4255780245661773,2.3966280822291988,-0.10009865249275576,0.7316209359014733,2.235699518586598,2.211074114484348,0.18987850597957934,2017-01-28,6.0,0,True,False
2016-08-05,2016Q3,6,diag3,student_t_ar1_shared,2.571953932367066,2.5394355895002616,-0.039339317346145874,0.6483215718771604,2.8678981414693494,2.827543676441542,-0.2959442091022835,2016-10-28,14.0,11,False,True
2016-08-05,2016Q4,-8,diag3,student_t_ar1_shared,2.4168285061964667,2.388085399565762,-0.10373324936316877,0.7252805483248516,2.235699518586598,2.211074114484348,0.18112898760986873,2017-01-28,14.0,0,True,False
2016-08-12,2016Q3,7,diag3,student_t_ar1_shared,2.5672610947078622,2.5348603183514604,-0.041285926725644184,0.6945799696210511,2.8678981414693494,2.827543676441542,-0.30063704676148717,2016-10-28,4.0,0,True,False
2016-08-12,2016Q4,-7,diag3,student_t_ar1_shared,2.4192764314965753,2.3904755302519214,-0.10271633677797182,0.7282793421200984,2.235699518586598,2.211074114484348,0.18357691290997735,2017-01-28,4.0,0,True,False
2016-08-19,2016Q3,8,diag3,student_t_ar1_shared,2.463453037371832,2.4335993276304424,-0.08436874912109393,0.6474234615006506,2.8678981414693494,2.827543676441542,-0.4044451040975172,2016-10-28,11.0,0,True,False
2016-08-19,2016Q4,-6,diag3,student_t_ar1_shared,2.2621051215896415,2.2368989424782355,-0.1680575190836232,0.7227798196655867,2.235699518586598,2.211074114484348,0.02640560300304351,2017-01-28,11.0,0,True,False
2016-08-26,2016Q3,9,diag3,student_t_ar1_shared,2.5070388015046463,2.4761281466801974,-0.06627430283173424,0.6496054408430956,2.8678981414693494,2.827543676441542,-0.3608593399647031,2016-10-28,4.0,0,True,False
2016-08-26,2016Q4,-5,diag3,student_t_ar1_shared,2.327437516285813,2.3007657423884833,-0.14088454775570386,0.7199857800929365,2.235699518586598,2.211074114484348,0.09173799769921498,2017-01-28,4.0,0,True,False
2016-09-02,2016Q3,10,diag3,student_t_ar1_shared,2.387764638210732,2.3597033523327253,-0.11580876523017292,0.6315985499525318,2.8678981414693494,2.827543676441542,-0.48013350325861737,2016-10-28,8.0,2,True,True
2016-09-02,2016Q4,-4,diag3,student_t_ar1_shared,2.0155107810552186,1.995468221617797,-0.27077739959805247,0.7135337066010536,2.235699518586598,2.211074114484348,-0.22018873753137935,2017-01-28,8.0,0,True,False
2016-09-09,2016Q3,11,diag3,student_t_ar1_shared,2.3129791973120817,2.286635279569857,-0.14689653929998614,0.6253867194078185,2.8678981414693494,2.827543676441542,-0.5549189441572677,2016-10-28,8.0,0,True,False
2016-09-09,2016Q4,-3,diag3,student_t_ar1_shared,1.9007773228580938,1.8829382502543466,-0.3186547582521221,0.7136349079788944,2.235699518586598,2.211074114484348,-0.33492219572850424,2017-01-28,8.0,0,True,False
2016-09-16,2016Q3,12,diag3,student_t_ar1_shared,2.2888737107080948,2.2630719673388953,-0.15692186088401,0.609575368655607,2.8678981414693494,2.827543676441542,-0.5790244307612546,2016-10-28,8.0,0,True,False
2016-09-16,2016Q4,-2,diag3,student_t_ar1_shared,1.8547727790047208,1.8377816450849513,-0.3378672307614464,0.7085916034915914,2.235699518586598,2.211074114484348,-0.38092673958187717,2017-01-28,8.0,0,True,False
2016-09-23,2016Q3,13,diag3,student_t_ar1_shared,2.3292613802759377,2.3025481067088216,-0.14012621737684489,0.6171851168401009,2.8678981414693494,2.827543676441542,-0.5386367611934118,2016-10-28,4.0,0,True,False
2016-09-23,2016Q4,-1,diag3,student_t_ar1_shared,2.010976731271974,1.9910236518570095,-0.27266840035031403,0.7087443199714871,2.235699518586598,2.211074114484348,-0.22472278731462403,2017-01-28,4.0,0,True,False
2016-09-30,2016Q3,14,diag3,student_t_ar1_shared,2.330799489870383,2.3040511939139536,-0.13948670912551842,0.6045349569137406,2.8678981414693494,2.827543676441542,-0.5370986515989662,2016-10-28,8.0,0,True,False
2016-09-30,2016Q4,0,diag3,student_t_ar1_shared,2.0016809193526885,1.981910676188944,-0.27654563589191566,0.7050022135914019,2.235699518586598,2.211074114484348,-0.23401859923390944,2017-01-28,8.0,0,True,False
2016-10-07,2016Q3,15,diag3,student_t_ar1_shared,2.405310910205216,2.3768389629879527,-0.10851819395252571,0.6150501094990406,2.8678981414693494,2.827543676441542,-0.46258723126413326,2016-10-28,12.0,11,False,True
2016-10-07,2016Q4,1,diag3,student_t_ar1_shared,2.3108364611108323,2.284540962059033,-0.14778759427304144,0.7019847771473953,2.235699518586598,2.211074114484348,0.07513694252423431,2017-01-28,12.0,0,True,False
2016-10-07,2017Q1,-12,diag3,student_t_ar1_shared,2.572871903430074,2.540330538772604,-0.03895854938921853,0.7400312463052532,1.9618307902452337,1.942834932414497,0.6110411131848403,2017-04-28,12.0,0,True,False
2016-10-14,2016Q3,16,diag3,student_t_ar1_shared,2.412375773817299,2.3837376480861687,-0.10558305750232633,0.608141858751267,2.8678981414693494,2.827543676441542,-0.45552236765205034,2016-10-28,6.0,0,True,False
2016-10-14,2016Q4,2,diag3,student_t_ar1_shared,2.3331846452523397,2.3063819951950295,-0.13849503901724988,0.7003424391232298,2.235699518586598,2.211074114484348,0.09748512666574172,2017-01-28,6.0,0,True,False
2016-10-14,2017Q1,-11,diag3,student_t_ar1_shared,2.5915508700774748,2.5585393163437677,-0.03121138511054744,0.7386789570993437,1.9618307902452337,1.942834932414497,0.6297200798322411,2017-04-28,6.0,0,True,False
2016-10-21,2016Q3,17,diag3,student_t_ar1_shared,2.388483990723711,2.3604059265011728,-0.11550984579532114,0.6109499966746613,2.8678981414693494,2.827543676441542,-0.4794141507456384,2016-10-28,6.0,0,True,False
2016-10-21,2016Q4,3,diag3,student_t_ar1_shared,2.207721896761594,2.1837045647028366,-0.19068976782833447,0.6968544978460127,2.235699518586598,2.211074114484348,-0.02797762182500385,2017-01-28,6.0,0,True,False
2016-10-21,2017Q1,-10,diag3,student_t_ar1_shared,2.45158383698707,2.422014818675828,-0.0892975310565302,0.7356389028950874,1.9618307902452337,1.942834932414497,0.4897530467418365,2017-04-28,6.0,0,True,False
2016-10-28,2016Q4,4,diag3,student_t_ar1_shared,2.221280522904334,2.196969440040604,-0.18643768521223172,0.6946593379063671,2.235699518586598,2.211074114484348,-0.014418995682263791,2017-01-28,6.0,0,True,False
2016-10-28,2017Q1,-9,diag3,student_t_ar1_shared,2.4920194368923676,2.461475040692085,-0.07345414698764574,0.7321662361924816,1.9618307902452337,1.942834932414497,0.5301886466471339,2017-04-28,6.0,0,True,False
2016-11-04,2016Q4,5,diag3,student_t_ar1_shared,2.3408428337986065,2.313865297931746,-0.13650563237172553,0.7024930626460001,2.235699518586598,2.211074114484348,0.10514331521200848,2017-01-28,13.0,2,True,True
2016-11-04,2017Q1,-8,diag3,student_t_ar1_shared,2.6620582434830675,2.627242007110979,-0.0026468055149765912,0.727289450925511,1.9618307902452337,1.942834932414497,0.7002274532378339,2017-04-28,13.0,0,True,False
2016-11-11,2016Q4,6,diag3,student_t_ar1_shared,2.315926592162243,2.2895160014688436,-0.14690643167760858,0.6949264489729765,2.235699518586598,2.211074114484348,0.08022707357564496,2017-01-28,5.0,0,True,False
2016-11-11,2017Q1,-7,diag3,student_t_ar1_shared,2.63106256031167,2.5970454926972937,-0.015545243325385316,0.7262608138079042,1.9618307902452337,1.942834932414497,0.6692317700664363,2017-04-28,5.0,0,True,False
2016-11-18,2016Q4,7,diag3,student_t_ar1_shared,2.340844396223263,2.3138668246190397,-0.1365049802474158,0.6919812013126503,2.235699518586598,2.211074114484348,0.1051448776366648,2017-01-28,11.0,0,True,False
2016-11-18,2017Q1,-6,diag3,student_t_ar1_shared,2.6957584350562946,2.6600629558538333,0.011372659130467588,0.7228902585627972,1.9618307902452337,1.942834932414497,0.733927644811061,2017-04-28,11.0,0,True,False
2016-11-25,2016Q4,8,diag3,student_t_ar1_shared,2.3519996094402806,2.3247662903842103,-0.13184927464468513,0.686652465013882,2.235699518586598,2.211074114484348,0.11630009085368265,2017-01-28,0.0,0,True,False
2016-11-25,2017Q1,-5,diag3,student_t_ar1_shared,2.7196757980051167,2.683349777651042,0.021319622499764046,0.7194798275129889,1.9618307902452337,1.942834932414497,0.7578450077598831,2017-04-28,0.0,0,True,False
2016-12-02,2016Q4,9,diag3,student_t_ar1_shared,2.3679162738845516,2.3403159885243676,-0.12520722279447075,0.6648910242977261,2.235699518586598,2.211074114484348,0.13221675529795363,2017-01-28,11.0,11,False,True
2016-12-02,2017Q1,-4,diag3,student_t_ar1_shared,2.7749005146865624,2.737097880400858,0.0442781186774473,0.7109176169890149,1.9618307902452337,1.942834932414497,0.8130697244413287,2017-04-28,11.0,0,True,False
2016-12-09,2016Q4,10,diag3,student_t_ar1_shared,2.3934998895658532,2.36530469615668,-0.114533299077905,0.6678349245171022,2.235699518586598,2.211074114484348,0.15780037097925526,2017-01-28,9.0,0,True,False
2016-12-09,2017Q1,-3,diag3,student_t_ar1_shared,2.832745962630301,2.793365680223463,0.06831290318262401,0.7133607370313141,1.9618307902452337,1.942834932414497,0.8709151723850672,2017-04-28,9.0,0,True,False
2016-12-16,2016Q4,11,diag3,student_t_ar1_shared,2.373054877824843,2.3453356032233366,-0.12306309492792733,0.657419554206316,2.235699518586598,2.211074114484348,0.13735535923824482,2017-01-28,8.0,0,True,False
2016-12-16,2017Q1,-2,diag3,student_t_ar1_shared,2.8132836051812937,2.7744376634287673,0.060227802890713916,0.7099927084761767,1.9618307902452337,1.942834932414497,0.8514528149360601,2017-04-28,8.0,0,True,False
2016-12-23,2016Q4,12,diag3,student_t_ar1_shared,2.3525926260365315,2.3253456780664914,-0.13160178925992727,0.6608837652919218,2.235699518586598,2.211074114484348,0.11689310744993353,2017-01-28,4.0,0,True,False
2016-12-23,2017Q1,-1,diag3,student_t_ar1_shared,2.969594012660237,2.926355489975699,0.1251194857903789,0.7077363387746002,1.9618307902452337,1.942834932414497,1.0077632224150035,2017-04-28,4.0,0,True,False
2016-12-30,2016Q4,13,diag3,student_t_ar1_shared,2.3366167977598273,2.3097358387846816,-0.1382695303921836,0.6603782403742324,2.235699518586598,2.211074114484348,0.10091727917322935,2017-01-28,8.0,0,True,False
2016-12-30,2017Q1,0,diag3,student_t_ar1_shared,2.954619038947248,2.9118113297553245,0.11890694935199794,0.7073134934464183,1.9618307902452337,1.942834932414497,0.9927882487020145,2017-04-28,8.0,0,True,False
2017-01-06,2016Q4,14,diag3,student_t_ar1_shared,2.37582769325837,2.3480441068292106,-0.12190615791059406,0.6558463483951291,2.235699518586598,2.211074114484348,0.14012817467177197,2017-01-28,10.0,2,True,True
2017-01-06,2017Q1,1,diag3,student_t_ar1_shared,3.1626368249416448,3.1136555234852,0.20512467450231966,0.7012927193377453,1.9618307902452337,1.942834932414497,1.2008060346964111,2017-04-28,10.0,0,True,False
2017-01-06,2017Q2,-12,diag3,student_t_ar1_shared,3.020149477708145,2.9754409106440596,0.1460863178298295,0.7376874037114599,2.258367983115228,2.233244405190973,0.7617814945929169,2017-07-28,10.0,0,True,False
2017-01-13,2016Q4,15,diag3,student_t_ar1_shared,2.428272794050068,2.3992590012705453,-0.10002972138324406,0.6524993075120414,2.235699518586598,2.211074114484348,0.19257327546347014,2017-01-28,6.0,0,True,False
2017-01-13,2017Q1,2,diag3,student_t_ar1_shared,3.2482859151838683,3.196644440952225,0.2405733814701816,0.7005464789358381,1.9618307902452337,1.942834932414497,1.2864551249386347,2017-04-28,6.0,0,True,False
2017-01-13,2017Q2,-11,diag3,student_t_ar1_shared,3.09230049795457,3.0454522303892357,0.17599164535824507,0.7364849442400626,2.258367983115228,2.233244405190973,0.8339325148393417,2017-07-28,6.0,0,True,False
2017-01-20,2016Q4,16,diag3,student_t_ar1_shared,2.4997164194672683,2.468984594720063,-0.07024644181059136,0.6470291625185309,2.235699518586598,2.211074114484348,0.2640169008806703,2017-01-28,8.0,0,True,False
2017-01-20,2017Q1,3,diag3,student_t_ar1_shared,3.430138390697901,3.3726207413854454,0.3157416388441174,0.6763237180528965,1.9618307902452337,1.942834932414497,1.4683076004526674,2017-04-28,8.0,0,True,False
2017-01-20,2017Q2,-10,diag3,student_t_ar1_shared,3.2728479444146696,3.2204308969798414,0.2507337635460406,0.7306601385968774,2.258367983115228,2.233244405190973,1.0144799612994415,2017-07-28,8.0,0,True,False
2017-01-27,2016Q4,17,diag3,student_t_ar1_shared,2.4611519645780344,2.431353552611015,-0.08632053730832995,0.649635800072669,2.235699518586598,2.211074114484348,0.22545244599143643,2017-01-28,4.0,0,True,False
2017-01-27,2017Q1,4,diag3,student_t_ar1_shared,3.3439677043406224,3.289273079559632,0.28013969426285823,0.6773482365049788,1.9618307902452337,1.942834932414497,1.3821369140953887,2017-04-28,4.0,0,True,False
2017-01-27,2017Q2,-9,diag3,student_t_ar1_shared,3.1973770273513447,3.1473250334734444,0.21950660199039684,0.7310609837485478,2.258367983115228,2.233244405190973,0.9390090442361165,2017-07-28,4.0,0,True,False
2017-02-03,2017Q1,5,diag3,student_t_ar1_shared,3.541006161833038,3.4797543053215865,0.36430380654495864,0.6556528450492224,1.9618307902452337,1.942834932414497,1.5791753715878043,2017-04-28,12.0,11,False,True
2017-02-03,2017Q2,-8,diag3,student_t_ar1_shared,3.435758859392779,3.3780546662333664,0.3206963607583682,0.7240245249062862,2.258367983115228,2.233244405190973,1.177390876277551,2017-07-28,12.0,0,True,False
2017-02-10,2017Q1,6,diag3,student_t_ar1_shared,3.5604436382301374,3.49852527623747,0.37235254795559436,0.6380739411235954,1.9618307902452337,1.942834932414497,1.5986128479849038,2017-04-28,7.0,0,True,False
2017-02-10,2017Q2,-7,diag3,student_t_ar1_shared,3.451238198015183,3.3930187179828177,0.32711274611885,0.722267569297075,2.258367983115228,2.233244405190973,1.1928702148999548,2017-07-28,7.0,0,True,False
2017-02-17,2017Q1,7,diag3,student_t_ar1_shared,3.5751208083365515,3.512696835979222,0.37842912333669076,0.6761992274367464,1.9618307902452337,1.942834932414497,1.613290018091318,2017-04-28,10.0,0,True,False
2017-02-17,2017Q2,-6,diag3,student_t_ar1_shared,3.6647586232864127,3.599203179049509,0.41552188688486236,0.7283797016586062,2.258367983115228,2.233244405190973,1.4063906401711845,2017-07-28,10.0,0,True,False
2017-02-24,2017Q1,8,diag3,student_t_ar1_shared,3.574326131579686,3.5119295862775077,0.3781001369206891,0.6658745645624888,1.9618307902452337,1.942834932414497,1.6124953413344523,2017-04-28,2.0,0,True,False
2017-02-24,2017Q2,-5,diag3,student_t_ar1_shared,3.665531437461289,3.5999486699033953,0.41584154339777335,0.7276805837538054,2.258367983115228,2.233244405190973,1.407163454346061,2017-07-28,2.0,0,True,False
2017-03-03,2017Q1,9,diag3,student_t_ar1_shared,3.5400437506640348,3.4788248034000766,0.3639052485459905,0.633016736541761,1.9618307902452337,1.942834932414497,1.578212960418801,2017-04-28,12.0,2,True,True
2017-03-03,2017Q2,-4,diag3,student_t_ar1_shared,3.6136809188782593,3.549919032029832,0.3943895034411551,0.7181306865496803,2.258367983115228,2.233244405190973,1.3553129357630311,2017-07-28,12.0,0,True,False
2017-03-10,2017Q1,10,diag3,student_t_ar1_shared,3.514329065274424,3.453986220981256,0.3532547964307681,0.6412101857126972,1.9618307902452337,1.942834932414497,1.5524982750291905,2017-04-28,8.0,0,True,False
2017-03-10,2017Q2,-3,diag3,student_t_ar1_shared,3.5852372880427197,3.5224636463932972,0.38261700108589536,0.715913054450133,2.258367983115228,2.233244405190973,1.3268693049274916,2017-07-28,8.0,0,True,False
2017-03-17,2017Q1,11,diag3,student_t_ar1_shared,3.395611845053592,3.33923365498476,0.30405043006892185,0.6668276498475648,1.9618307902452337,1.942834932414497,1.4337810548083585,2017-04-28,10.0,0,True,False
2017-03-17,2017Q2,-2,diag3,student_t_ar1_shared,3.432912793418774,3.3753030983410923,0.31951652522732593,0.7159774618016582,2.258367983115228,2.233244405190973,1.174544810303546,2017-07-28,10.0,0,True,False
2017-03-24,2017Q1,12,diag3,student_t_ar1_shared,3.3883499496481395,3.332210000591641,0.30103878095278286,0.6587510488646037,1.9618307902452337,1.942834932414497,1.4265191594029059,2017-04-28,2.0,0,True,False
2017-03-24,2017Q2,-1,diag3,student_t_ar1_shared,3.4174778677114492,3.3603793404630844,0.31311741734029686,0.7120672557828182,2.258367983115228,2.233244405190973,1.159109884596221,2017-07-28,2.0,0,True,False
2017-03-31,2017Q1,13,diag3,student_t_ar1_shared,3.3611855891754416,3.3059324463923403,0.289771316973327,0.6423531724479683,1.9618307902452337,1.942834932414497,1.399354798930208,2017-04-28,8.0,0,True,False
2017-03-31,2017Q2,0,diag3,student_t_ar1_shared,3.395214234837529,3.3388491019331665,0.303885538860853,0.7071284540679476,2.258367983115228,2.233244405190973,1.136846251722301,2017-07-28,8.0,0,True,False
2017-04-07,2017Q1,14,diag3,student_t_ar1_shared,3.3002997320362715,3.2470091701890933,0.26450580378529626,0.659488464287072,1.9618307902452337,1.942834932414497,1.3384689417910378,2017-04-28,12.0,12,False,True
2017-04-07,2017Q2,1,diag3,student_t_ar1_shared,3.458325323549283,3.3998691751741235,0.33005013059003857,0.7058208072489771,2.258367983115228,2.233244405190973,1.1999573404340547,2017-07-28,12.0,0,True,False
2017-04-07,2017Q3,-12,diag3,student_t_ar1_shared,3.4077576917694863,3.3509799304512216,0.309087075972392,0.7405515302552382,3.1915992394406345,3.1417261027391388,0.21615845232885178,2017-10-28,12.0,0,True,False
2017-04-14,2017Q1,15,diag3,student_t_ar1_shared,3.25776322790301,3.2058231674497186,0.2468457963582721,0.6520430466574993,1.9618307902452337,1.942834932414497,1.2959324376577763,2017-04-28,6.0,0,True,False
2017-04-14,2017Q2,2,diag3,student_t_ar1_shared,3.3993772410078504,3.3428753253862724,0.3056119296576159,0.7037945716833531,2.258367983115228,2.233244405190973,1.1410092578926223,2017-07-28,6.0,0,True,False
2017-04-14,2017Q3,-11,diag3,student_t_ar1_shared,3.358676420172646,3.3035048431823535,0.2887303931675007,0.7391443147764699,3.1915992394406345,3.1417261027391388,0.1670771807320115,2017-10-28,6.0,0,True,False
2017-04-21,2017Q1,16,diag3,student_t_ar1_shared,3.2638855719767212,3.2117521769371735,0.24938807637136134,0.6573763028300732,1.9618307902452337,1.942834932414497,1.3020547817314876,2017-04-28,6.0,0,True,False
2017-04-21,2017Q2,3,diag3,student_t_ar1_shared,3.2891928067860565,3.2362565175498674,0.25989521006804284,0.7057604072204411,2.258367983115228,2.233244405190973,1.0308248236708284,2017-07-28,6.0,0,True,False
2017-04-21,2017Q3,-10,diag3,student_t_ar1_shared,3.2191014355085423,3.168374136141217,0.2307881523274097,0.7369804527901374,3.1915992394406345,3.1417261027391388,0.027502196067907825,2017-10-28,6.0,0,True,False
2017-04-28,2017Q2,4,diag3,student_t_ar1_shared,3.203420133778967,3.153180734141735,0.22737105326388507,0.703370601884201,2.258367983115228,2.233244405190973,0.9450521506637388,2017-07-28,6.0,0,True,False
2017-04-28,2017Q3,-9,diag3,student_t_ar1_shared,3.0662922584398844,3.020220937038889,0.17015506474409328,0.733536255742992,3.1915992394406345,3.1417261027391388,-0.1253069810007501,2017-10-28,6.0,0,True,False
2017-05-05,2017Q2,5,diag3,student_t_ar1_shared,3.072605801195172,3.0263464599913217,0.1727910333493477,0.7751723298113337,2.258367983115228,2.233244405190973,0.8142378180799437,2017-07-28,14.0,11,False,True
2017-05-05,2017Q3,-8,diag3,student_t_ar1_shared,2.9007486252347725,2.8594732094979154,0.10098122171804891,0.7338637078240651,3.1915992394406345,3.1417261027391388,-0.290850614205862,2017-10-28,14.0,0,True,False
2017-05-12,2017Q2,6,diag3,student_t_ar1_shared,3.038395848798503,2.9931508009173644,0.1585060954217326,0.7455693968586713,2.258367983115228,2.233244405190973,0.7800278656832749,2017-07-28,4.0,0,True,False
2017-05-12,2017Q3,-7,diag3,student_t_ar1_shared,2.8665399522065593,2.8262233440019333,0.08667295738585237,0.7314572234932484,3.1915992394406345,3.1417261027391388,-0.3250592872340752,2017-10-28,4.0,0,True,False
2017-05-19,2017Q2,7,diag3,student_t_ar1_shared,3.122476783351802,3.0747190812041714,0.1936070047955572,0.7676631337097184,2.258367983115228,2.233244405190973,0.8641088002365738,2017-07-28,11.0,0,True,False
2017-05-19,2017Q3,-6,diag3,student_t_ar1_shared,2.935472618819701,2.8932126492374035,0.11550016232161754,0.7294406167602786,3.1915992394406345,3.1417261027391388,-0.2561266206209334,2017-10-28,11.0,0,True,False
2017-05-26,2017Q2,8,diag3,student_t_ar1_shared,3.225016593080987,3.1741046530777517,0.23637514872520826,0.7551034687903865,2.258367983115228,2.233244405190973,0.966648609965759,2017-07-28,4.0,0,True,False
2017-05-26,2017Q3,-5,diag3,student_t_ar1_shared,3.152234255115194,3.103571354776638,0.20602287327206537,0.7311196123999666,3.1915992394406345,3.1417261027391388,-0.039364984325440666,2017-10-28,4.0,0,True,False
2017-06-02,2017Q2,9,diag3,student_t_ar1_shared,3.193822032449245,3.1438801240793968,0.22336876377376064,0.7383628900396692,2.258367983115228,2.233244405190973,0.9354540493340169,2017-07-28,8.0,11,False,True
2017-06-02,2017Q3,-4,diag3,student_t_ar1_shared,3.0713220681577447,3.0251009874220185,0.1722550747680344,0.7263344382427889,3.1915992394406345,3.1417261027391388,-0.12027717128288984,2017-10-28,8.0,0,True,False
2017-06-09,2017Q2,10,diag3,student_t_ar1_shared,3.136208376718641,3.0880340050111155,0.19933675577502608,0.721101896265941,2.258367983115228,2.233244405190973,0.8778403936034129,2017-07-28,8.0,0,True,False
2017-06-09,2017Q3,-3,diag3,student_t_ar1_shared,3.0188594873836516,2.9741887299711025,0.1503462331384472,0.72083079498852,3.1915992394406345,3.1417261027391388,-0.1727397520569829,2017-10-28,8.0,0,True,False
2017-06-16,2017Q2,11,diag3,student_t_ar1_shared,3.098868502867669,3.0518230220648954,0.18375424715447902,0.725771928869277,2.258367983115228,2.233244405190973,0.8405005197524407,2017-07-28,8.0,0,True,False
2017-06-16,2017Q3,-2,diag3,student_t_ar1_shared,3.101776876862128,3.0546439385458326,0.18496815939340747,0.7191645044540734,3.1915992394406345,3.1417261027391388,-0.08982236257850662,2017-10-28,8.0,0,True,False
2017-06-23,2017Q2,12,diag3,student_t_ar1_shared,3.1181303871286925,3.070504202007113,0.19179323488159855,0.7135534911670781,2.258367983115228,2.233244405190973,0.8597624040134644,2017-07-28,4.0,0,True,False
2017-06-23,2017Q3,-1,diag3,student_t_ar1_shared,3.15927014905506,3.110392005872099,0.20895797322918655,0.7137615526093462,3.1915992394406345,3.1417261027391388,-0.03232909038557441,2017-10-28,4.0,0,True,False
2017-06-30,2017Q2,13,diag3,student_t_ar1_shared,3.1146856649695964,3.0671635870406337,0.19035568314238163,0.7047136519877198,2.258367983115228,2.233244405190973,0.8563176818543683,2017-07-28,8.0,0,True,False
2017-06-30,2017Q3,0,diag3,student_t_ar1_shared,3.152240052571731,3.10357697506825,0.20602529182675153,0.7106877815792011,3.1915992394406345,3.1417261027391388,-0.039359186868903606,2017-10-28,8.0,0,True,False
2017-07-07,2017Q2,14,diag3,student_t_ar1_shared,3.1170198924393544,3.0694272811351544,0.19132980839036334,0.7052745227135162,2.258367983115228,2.233244405190973,0.8586519093241263,2017-07-28,12.0,11,False,True
2017-07-07,2017Q3,1,diag3,student_t_ar1_shared,3.3430499207009134,3.2883849892961363,0.2855528892722349,0.705540990216119,3.1915992394406345,3.1417261027391388,0.15145068126027894,2017-10-28,12.0,0,True,False
2017-07-07,2017Q4,-12,diag3,student_t_ar1_shared,3.3915386034000017,3.3352941049254143,0.3057390769755922,0.7396738597440838,4.584974811729059,4.482971107757605,-1.1934362083290573,2018-01-28,12.0,0,True,False
2017-07-14,2017Q2,15,diag3,student_t_ar1_shared,3.1180579246204987,3.070433930626738,0.1917629953161026,0.6973115127862536,2.258367983115228,2.233244405190973,0.8596899415052706,2017-07-28,6.0,0,True,False
2017-07-14,2017Q3,2,diag3,student_t_ar1_shared,3.3536732683709047,3.298664153392634,0.28997627549689464,0.7032600374906517,3.1915992394406345,3.1417261027391388,0.16207402893027023,2017-10-28,6.0,0,True,False
2017-07-14,2017Q4,-11,diag3,student_t_ar1_shared,3.4022199620524773,3.345624550811279,0.31018453106088073,0.7380245366588472,4.584974811729059,4.482971107757605,-1.1827548496765816,2018-01-28,6.0,0,True,False
2017-07-21,2017Q2,16,diag3,student_t_ar1_shared,3.097816336752879,3.050802475962882,0.18331508016318504,0.7013290213290564,2.258367983115228,2.233244405190973,0.8394483536376507,2017-07-28,6.0,0,True,False
2017-07-21,2017Q3,3,diag3,student_t_ar1_shared,3.224957991310129,3.174047882161718,0.23635071875351155,0.6934702553985456,3.1915992394406345,3.1417261027391388,0.03335875186949444,2017-10-28,6.0,0,True,False
2017-07-21,2017Q4,-10,diag3,student_t_ar1_shared,3.255366648788738,3.2035021730259494,0.24902565061011567,0.7348339831212307,4.584974811729059,4.482971107757605,-1.3296081629403211,2018-01-28,6.0,0,True,False
2017-07-28,2017Q3,4,diag3,student_t_ar1_shared,3.2330389005486015,3.1818760209253023,0.24192853895697528,0.6917779969562655,3.1915992394406345,3.1417261027391388,0.04143966110796704,2017-10-28,6.0,0,True,False
2017-07-28,2017Q4,-9,diag3,student_t_ar1_shared,3.1526528301299983,3.10397713771345,0.2082796776115895,0.7308343571388507,4.584974811729059,4.482971107757605,-1.4323219815990607,2018-01-28,6.0,0,True,False
2017-08-04,2017Q3,5,diag3,student_t_ar1_shared,3.2309958513641712,3.1798969361060445,0.24107366212269676,0.7187154638145538,3.1915992394406345,3.1417261027391388,0.03939661192353672,2017-10-28,13.0,11,False,True
2017-08-04,2017Q4,-8,diag3,student_t_ar1_shared,3.145768473014443,3.097302964373094,0.20539673084694893,0.7276124337807055,4.584974811729059,4.482971107757605,-1.439206338714616,2018-01-28,13.0,0,True,False
2017-08-11,2017Q3,6,diag3,student_t_ar1_shared,3.220969247619654,3.1701836802912293,0.23687796656649596,0.6946093913625158,3.1915992394406345,3.1417261027391388,0.029370008179019358,2017-10-28,5.0,0,True,False
2017-08-11,2017Q4,-7,diag3,student_t_ar1_shared,3.133374265713651,3.085286037066575,0.20020595141517014,0.7256954442660751,4.584974811729059,4.482971107757605,-1.451600546015408,2018-01-28,5.0,0,True,False
2017-08-18,2017Q3,7,diag3,student_t_ar1_shared,3.2132416993182478,3.16269698681192,0.23364404715155956,0.6927295805206789,3.1915992394406345,3.1417261027391388,0.021642459877613263,2017-10-28,11.0,0,True,False
2017-08-18,2017Q4,-6,diag3,student_t_ar1_shared,3.234048741725837,3.1828542312432546,0.2423510824132901,0.7262005112349709,4.584974811729059,4.482971107757605,-1.3509260700032222,2018-01-28,11.0,0,True,False
2017-08-25,2017Q3,8,diag3,student_t_ar1_shared,3.2191269522554578,3.1683988570924724,0.2361070021333131,0.6860650748870432,3.1915992394406345,3.1417261027391388,0.027527712814823246,2017-10-28,0.0,0,True,False
2017-08-25,2017Q4,-5,diag3,student_t_ar1_shared,3.2466064821556673,3.1950178312005404,0.2476052179226574,0.7226246842577926,4.584974811729059,4.482971107757605,-1.3383683295733917,2018-01-28,0.0,0,True,False
2017-09-01,2017Q3,9,diag3,student_t_ar1_shared,3.3438374342546373,3.2891470246277605,0.2882648531779111,0.6927514488669594,3.1915992394406345,3.1417261027391388,0.1522381948140028,2017-10-28,11.0,11,False,True
2017-09-01,2017Q4,-4,diag3,student_t_ar1_shared,3.6206536495441366,3.5566483519400913,0.40381355813122877,0.7192697764778474,4.584974811729059,4.482971107757605,-0.9643211621849224,2018-01-28,11.0,0,True,False
2017-09-08,2017Q3,10,diag3,student_t_ar1_shared,3.259717765943182,3.2077160222635817,0.2530902730710793,0.6950104779432995,3.1915992394406345,3.1417261027391388,0.06811852650254746,2017-10-28,9.0,0,True,False
2017-09-08,2017Q4,-3,diag3,student_t_ar1_shared,3.5163094142299123,3.4558993184532927,0.36029444567798213,0.7210283902807354,4.584974811729059,4.482971107757605,-1.0686653974991467,2018-01-28,9.0,0,True,False
2017-09-15,2017Q3,11,diag3,student_t_ar1_shared,3.264665510555842,3.2125074609645274,0.25515996200428986,0.6767754637429445,3.1915992394406345,3.1417261027391388,0.07306627111520747,2017-10-28,6.0,0,True,False
2017-09-15,2017Q4,-2,diag3,student_t_ar1_shared,3.541775180028228,3.480497021051222,0.37091956185431807,0.7165320653686819,4.584974811729059,4.482971107757605,-1.0431996317008307,2018-01-28,6.0,0,True,False
2017-09-22,2017Q3,12,diag3,student_t_ar1_shared,3.204412418281377,3.154142213645827,0.22994876470027917,0.6734942463375605,3.1915992394406345,3.1417261027391388,0.012813178840742623,2017-10-28,6.0,0,True,False
2017-09-22,2017Q4,-1,diag3,student_t_ar1_shared,3.541155115626493,3.4798981649302974,0.37066088258000784,0.7126569130507945,4.584974811729059,4.482971107757605,-1.0438196961025659,2018-01-28,6.0,0,True,False
2017-09-29,2017Q3,13,diag3,student_t_ar1_shared,3.1896421323847735,3.1398295088017116,0.22376631123085897,0.6652775411079125,3.1915992394406345,3.1417261027391388,-0.0019571070558610515,2017-10-28,4.0,0,True,False
2017-09-29,2017Q4,0,diag3,student_t_ar1_shared,3.5306747025715124,3.4697756745141457,0.3662884158328689,0.7100771463496417,4.584974811729059,4.482971107757605,-1.0543001091575466,2018-01-28,4.0,0,True,False
2017-10-06,2017Q3,14,diag3,student_t_ar1_shared,3.1773362424789786,3.127903288805393,0.21861471333260257,0.66852096315746,3.1915992394406345,3.1417261027391388,-0.014262996961655894,2017-10-28,13.0,11,False,True
2017-10-06,2017Q4,1,diag3,student_t_ar1_shared,3.849587131097576,3.7773388698756722,0.4991420703264572,0.7060567759927944,4.584974811729059,4.482971107757605,-0.735387680631483,2018-01-28,13.0,0,True,False
2017-10-06,2018Q1,-12,diag3,student_t_ar1_shared,3.737518382753424,3.669366114097472,0.4525026303439969,0.7396745846180388,3.293553047698339,3.240477819667709,0.4439653350550854,2018-04-28,13.0,0,True,False
2017-10-13,2017Q3,15,diag3,student_t_ar1_shared,3.179718588502989,3.1302122440539244,0.21961207955670178,0.6583005666631683,3.1915992394406345,3.1417261027391388,-0.011880650937645676,2017-10-28,6.0,0,True,False
2017-10-13,2017Q4,2,diag3,student_t_ar1_shared,3.8778135710337613,3.804515294376719,0.51088107995272,0.7033452226946114,4.584974811729059,4.482971107757605,-0.7071612406952976,2018-01-28,6.0,0,True,False
2017-10-13,2018Q1,-11,diag3,student_t_ar1_shared,3.761113692887874,3.6921087317235646,0.46232643211853997,0.7381556954516041,3.293553047698339,3.240477819667709,0.46756064518953533,2018-04-28,6.0,0,True,False
2017-10-20,2017Q3,16,diag3,student_t_ar1_shared,3.1835515593198638,3.133927024125559,0.22121669973102553,0.6581841232907114,3.1915992394406345,3.1417261027391388,-0.008047680120770728,2017-10-28,9.0,0,True,False
2017-10-20,2017Q4,3,diag3,student_t_ar1_shared,4.002244405336075,3.9242293740957885,0.5625922509409136,0.6847170203293625,4.584974811729059,4.482971107757605,-0.5827304063929839,2018-01-28,9.0,0,True,False
2017-10-20,2018Q1,-10,diag3,student_t_ar1_shared,3.91719716653669,3.84242149417883,0.5272548764525093,0.7337299884389393,3.293553047698339,3.240477819667709,0.6236441188383512,2018-04-28,9.0,0,True,False
2017-10-27,2017Q3,17,diag3,student_t_ar1_shared,3.1856112722852936,3.135923168256048,0.2220789454308717,0.6603244826881804,3.1915992394406345,3.1417261027391388,-0.00598796715534089,2017-10-28,4.0,0,True,False
2017-10-27,2017Q4,4,diag3,student_t_ar1_shared,4.000248476961477,3.9223102351979913,0.5617632680850376,0.6849981649229414,4.584974811729059,4.482971107757605,-0.5847263347675824,2018-01-28,4.0,0,True,False
2017-10-27,2018Q1,-9,diag3,student_t_ar1_shared,3.9150456815115753,3.8403510887444297,0.5263605531641842,0.7339286527875327,3.293553047698339,3.240477819667709,0.6214926338132365,2018-04-28,4.0,0,True,False
2017-11-03,2017Q4,5,diag3,student_t_ar1_shared,3.90182423399259,3.8276269556726525,0.5210571443843769,0.6699813971342529,4.584974811729059,4.482971107757605,-0.6831505777364688,2018-01-28,12.0,11,False,True
2017-11-03,2018Q1,-8,diag3,student_t_ar1_shared,3.7842676745006854,3.7144209427265835,0.47197752144183264,0.7260149281021633,3.293553047698339,3.240477819667709,0.49071462680234657,2018-04-28,12.0,0,True,False
2017-11-10,2017Q4,6,diag3,student_t_ar1_shared,3.8566255934277427,3.7841161946754696,0.502193378334227,0.6619159587972682,4.584974811729059,4.482971107757605,-0.7283492183013163,2018-01-28,7.0,0,True,False
2017-11-10,2018Q1,-7,diag3,student_t_ar1_shared,3.742192847911907,3.67387206326383,0.45439785704960034,0.7246576217564115,3.293553047698339,3.240477819667709,0.4486398002135683,2018-04-28,7.0,0,True,False
2017-11-17,2017Q4,7,diag3,student_t_ar1_shared,3.843933674318478,3.7718948321815073,0.49689489773732115,0.7087748934613126,4.584974811729059,4.482971107757605,-0.7410411374105808,2018-01-28,10.0,0,True,False
2017-11-17,2018Q1,-6,diag3,student_t_ar1_shared,3.6979872658928326,3.631251985838154,0.4359202402216785,0.7250868170672737,3.293553047698339,3.240477819667709,0.40443421819449377,2018-04-28,10.0,0,True,False
2017-11-24,2017Q4,8,diag3,student_t_ar1_shared,3.8353752695098997,3.76365288948924,0.4933216649281836,0.7303189524281084,4.584974811729059,4.482971107757605,-0.7495995422191593,2018-01-28,2.0,0,True,False
2017-11-24,2018Q1,-5,diag3,student_t_ar1_shared,3.7158258520169962,3.648452948397014,0.44337758930294924,0.7237871171171264,3.293553047698339,3.240477819667709,0.42227280431865744,2018-04-28,2.0,0,True,False
2017-12-01,2017Q4,9,diag3,student_t_ar1_shared,3.8369057964468434,3.7651268723714013,0.4939606992179495,0.688189816433574,4.584974811729059,4.482971107757605,-0.7480690152822156,2018-01-28,11.0,11,False,True
2017-12-01,2018Q1,-4,diag3,student_t_ar1_shared,3.745162394699375,3.676734451464985,0.45563882411461654,0.7137520672855918,3.293553047698339,3.240477819667709,0.4516093470010363,2018-04-28,11.0,0,True,False
2017-12-08,2017Q4,10,diag3,student_t_ar1_shared,3.74125416480382,3.6729672362796952,0.4540055760562689,0.6828716696039816,4.584974811729059,4.482971107757605,-0.843720646925239,2018-01-28,9.0,0,True,False
2017-12-08,2018Q1,-3,diag3,student_t_ar1_shared,3.6377309816356007,3.5731276197492083,0.4107208546309249,0.7112153441318332,3.293553047698339,3.240477819667709,0.3441779339372619,2018-04-28,9.0,0,True,False
2017-12-15,2017Q4,11,diag3,student_t_ar1_shared,3.700725234932545,3.6338922809555836,0.4370649204859878,0.6797944057586666,4.584974811729059,4.482971107757605,-0.8842495767965142,2018-01-28,6.0,0,True,False
2017-12-15,2018Q1,-2,diag3,student_t_ar1_shared,3.6041378646814115,3.540708381845776,0.39666573572886543,0.7092764588871866,3.293553047698339,3.240477819667709,0.3105848169830727,2018-04-28,6.0,0,True,False
2017-12-22,2017Q4,12,diag3,student_t_ar1_shared,3.748444933786299,3.6798984420374676,0.4570105486392246,0.6803487555969948,4.584974811729059,4.482971107757605,-0.8365298779427599,2018-01-28,6.0,0,True,False
2017-12-22,2018Q1,-1,diag3,student_t_ar1_shared,3.7719452462601444,3.702547120130176,0.4668297141765424,0.7063563884719679,3.293553047698339,3.240477819667709,0.4783921985618056,2018-04-28,6.0,0,True,False
2017-12-29,2017Q4,13,diag3,student_t_ar1_shared,3.7366762694897915,3.6685543377075964,0.4520923967792506,0.6846347742184977,4.584974811729059,4.482971107757605,-0.8482985422392675,2018-01-28,4.0,0,True,False
2017-12-29,2018Q1,0,diag3,student_t_ar1_shared,3.7546057281222067,3.6858364697609733,0.45958493628973646,0.7075536246262378,3.293553047698339,3.240477819667709,0.46105268042386793,2018-04-28,4.0,0,True,False
2018-01-05,2017Q4,14,diag3,student_t_ar1_shared,3.756575538044804,3.6877349794322547,0.46040802100400546,0.7005432620584978,4.584974811729059,4.482971107757605,-0.8283992736842549,2018-01-28,13.0,12,False,True
2018-01-05,2018Q1,1,diag3,student_t_ar1_shared,3.779684112899373,3.7100044132063146,0.47006276799430446,0.7075866490061122,3.293553047698339,3.240477819667709,0.4861310652010342,2018-04-28,13.0,0,True,False
2018-01-05,2018Q2,-12,diag3,student_t_ar1_shared,3.5860326569143286,3.5232314834315406,0.38908875671464593,0.7391428800304619,2.1402669926408935,2.117684921507524,1.4457656642734351,2018-07-28,13.0,0,True,False
2018-01-12,2017Q4,15,diag3,student_t_ar1_shared,3.751492601323836,3.682835953801523,0.4582840849648771,0.6945147885752514,4.584974811729059,4.482971107757605,-0.8334822104052231,2018-01-28,4.0,0,True,False
2018-01-12,2018Q1,2,diag3,student_t_ar1_shared,3.7774973675314794,3.7078972874953404,0.46914923935129493,0.7058970341177069,3.293553047698339,3.240477819667709,0.48394431983314057,2018-04-28,4.0,0,True,False
2018-01-12,2018Q2,-11,diag3,student_t_ar1_shared,3.5846407772715194,3.5218877800783925,0.3885062041434273,0.7381883265860941,2.1402669926408935,2.117684921507524,1.444373784630626,2018-07-28,4.0,0,True,False
2018-01-19,2017Q4,16,diag3,student_t_ar1_shared,3.7477809201471812,3.679258417250142,0.45673307066417385,0.6830393927941366,4.584974811729059,4.482971107757605,-0.8371938915818777,2018-01-28,11.0,0,True,False
2018-01-19,2018Q1,3,diag3,student_t_ar1_shared,3.8225932518112016,3.751342244435867,0.4879844765432619,0.6913007458028618,3.293553047698339,3.240477819667709,0.5290402041128628,2018-04-28,11.0,0,True,False
2018-01-19,2018Q2,-10,diag3,student_t_ar1_shared,3.644582577023625,3.5797385025330666,0.41358695357660274,0.733421441795915,2.1402669926408935,2.117684921507524,1.5043155843827316,2018-07-28,11.0,0,True,False
2018-01-26,2017Q4,17,diag3,student_t_ar1_shared,3.7347773812304252,3.66672383213586,0.45129879473535695,0.6850688478807595,4.584974811729059,4.482971107757605,-0.8501974304986337,2018-01-28,4.0,0,True,False
2018-01-26,2018Q1,4,diag3,student_t_ar1_shared,3.7552016695252766,3.6864108439657914,0.45983395194417714,0.6819597543291662,3.293553047698339,3.240477819667709,0.4616486218269378,2018-04-28,4.0,0,True,False
2018-01-26,2018Q2,-9,diag3,student_t_ar1_shared,3.5692651760320437,3.5070431637561166,0.38207043140606295,0.731498362344651,2.1402669926408935,2.117684921507524,1.4289981833911503,2018-07-28,4.0,0,True,False
2018-02-02,2018Q1,5,diag3,student_t_ar1_shared,3.7807040656583135,3.710987214180924,0.4650223925287664,0.683930879404833,3.293553047698339,3.240477819667709,0.48715101795997473,2018-04-28,10.0,11,False,True
2018-02-02,2018Q2,-8,diag3,student_t_ar1_shared,3.6680183286265766,3.602347597783818,0.41785825905418716,0.7260616202435706,2.1402669926408935,2.117684921507524,1.5277513359856831,2018-07-28,10.0,0,True,False
2018-02-09,2018Q1,6,diag3,student_t_ar1_shared,3.8225943510254323,3.7513433031786674,0.4825423362760299,0.7206924167249924,3.293553047698339,3.240477819667709,0.5290413033270935,2018-04-28,9.0,0,True,False
2018-02-09,2018Q2,-7,diag3,student_t_ar1_shared,3.7203304618718347,3.6527960773245667,0.4397596510284765,0.7278659421618754,2.1402669926408935,2.117684921507524,1.5800634692309412,2018-07-28,9.0,0,True,False
2018-02-16,2018Q1,7,diag3,student_t_ar1_shared,3.7554055925667296,3.6866073862477844,0.45443828429220134,0.6999315244437421,3.293553047698339,3.240477819667709,0.4618525448683908,2018-04-28,8.0,0,True,False
2018-02-16,2018Q2,-6,diag3,student_t_ar1_shared,3.62798260868864,3.5637209766674545,0.40108913583356537,0.723240344521674,2.1402669926408935,2.117684921507524,1.4877156160477467,2018-07-28,8.0,0,True,False
2018-02-23,2018Q1,8,diag3,student_t_ar1_shared,3.7995973465386745,3.729190560841457,0.47292508125368976,0.694895603747478,3.293553047698339,3.240477819667709,0.5060442988403357,2018-04-28,4.0,0,True,False
2018-02-23,2018Q2,-5,diag3,student_t_ar1_shared,3.778949996974257,3.709297031479461,0.4642886270280044,0.7237925765862516,2.1402669926408935,2.117684921507524,1.6386830043333633,2018-07-28,4.0,0,True,False
2018-03-02,2018Q1,9,diag3,student_t_ar1_shared,3.922986161789166,3.8479921159530086,0.5245008561697919,0.6988966775483598,3.293553047698339,3.240477819667709,0.6294331140908271,2018-04-28,11.0,11,False,True
2018-03-02,2018Q2,-4,diag3,student_t_ar1_shared,4.164407164218531,4.080030306149506,0.6252364859204037,0.7212317062533395,2.1402669926408935,2.117684921507524,2.0241401715776375,2018-07-28,11.0,0,True,False
2018-03-09,2018Q1,10,diag3,student_t_ar1_shared,3.9117383257538885,3.837168288439091,0.5198018664043434,0.7061101324455763,3.293553047698339,3.240477819667709,0.6181852780555497,2018-04-28,9.0,0,True,False
2018-03-09,2018Q2,-3,diag3,student_t_ar1_shared,4.198074020871956,4.112345967543945,0.6392658079842403,0.7197278461840361,2.1402669926408935,2.117684921507524,2.0578070282310623,2018-07-28,9.0,0,True,False
2018-03-16,2018Q1,11,diag3,student_t_ar1_shared,3.908560471898226,3.834110017544199,0.5184741675273438,0.6939952638223963,3.293553047698339,3.240477819667709,0.6150074241998871,2018-04-28,8.0,0,True,False
2018-03-16,2018Q2,-2,diag3,student_t_ar1_shared,4.206548375060115,4.120478564695972,0.6427964435874729,0.7144972197969233,2.1402669926408935,2.117684921507524,2.0662813824192217,2018-07-28,8.0,0,True,False
2018-03-23,2018Q1,12,diag3,student_t_ar1_shared,3.8755472110008737,3.8023335149586246,0.5046789125457434,0.6904044855585241,3.293553047698339,3.240477819667709,0.581994163302535,2018-04-28,4.0,0,True,False
2018-03-23,2018Q2,-1,diag3,student_t_ar1_shared,4.1766528243246,4.091785703881331,0.6303399018386262,0.7095937908847605,2.1402669926408935,2.117684921507524,2.036385831683707,2018-07-28,4.0,0,True,False
2018-03-30,2018Q1,13,diag3,student_t_ar1_shared,3.8594122319582036,3.7867993178081987,0.497934991938135,0.6800372075355252,3.293553047698339,3.240477819667709,0.5658591842598648,2018-04-28,8.0,0,True,False
2018-03-30,2018Q2,0,diag3,student_t_ar1_shared,4.1762080145020475,4.091358726473139,0.6301545364982611,0.7061573274151379,2.1402669926408935,2.117684921507524,2.035941021861154,2018-07-28,8.0,0,True,False
2018-04-06,2018Q1,14,diag3,student_t_ar1_shared,3.7987763483329218,3.728399612250553,0.4725817037073575,0.6695083597833061,3.293553047698339,3.240477819667709,0.505223300634583,2018-04-28,10.0,11,False,True
2018-04-06,2018Q2,1,diag3,student_t_ar1_shared,4.053126818422514,3.9731417514130243,0.5788325475626965,0.6983797704909409,2.1402669926408935,2.117684921507524,1.912859825781621,2018-07-28,10.0,0,True,False
2018-04-06,2018Q3,-12,diag3,student_t_ar1_shared,3.7472781406696187,3.6787737989851594,0.4510374589994398,0.7369015143296219,2.5182268082057035,2.487041930090145,1.2290513324639152,2018-10-28,10.0,0,True,False
2018-04-13,2018Q1,15,diag3,student_t_ar1_shared,3.7667391901736513,3.697530170059668,0.4591802343349428,0.6623634338213286,3.293553047698339,3.240477819667709,0.47318614247531254,2018-04-28,6.0,0,True,False
2018-04-13,2018Q2,2,diag3,student_t_ar1_shared,4.013715377708138,3.9352583089868065,0.5623860633581161,0.6964288261851522,2.1402669926408935,2.117684921507524,1.8734483850672445,2018-07-28,6.0,0,True,False
2018-04-13,2018Q3,-11,diag3,student_t_ar1_shared,3.7142588640867835,3.6469420895142406,0.4372182368408971,0.735597200457787,2.5182268082057035,2.487041930090145,1.19603205588108,2018-10-28,6.0,0,True,False
2018-04-20,2018Q1,16,diag3,student_t_ar1_shared,3.7606907874226936,3.6917011548270047,0.4566496615883141,0.6595731628198565,3.293553047698339,3.240477819667709,0.4671377397243548,2018-04-28,8.0,0,True,False
2018-04-20,2018Q2,3,diag3,student_t_ar1_shared,3.962552183260759,3.8860573149700395,0.5410262470604714,0.6914301938944187,2.1402669926408935,2.117684921507524,1.8222851906198656,2018-07-28,8.0,0,True,False
2018-04-20,2018Q3,-10,diag3,student_t_ar1_shared,3.657088825536392,3.591804250429208,0.4132810352163927,0.7316862456688077,2.5182268082057035,2.487041930090145,1.1388620173306885,2018-10-28,8.0,0,True,False
2018-04-27,2018Q1,17,diag3,student_t_ar1_shared,3.735727620933371,3.6676398560332686,0.44620383762911126,0.6654394479738367,3.293553047698339,3.240477819667709,0.4421745732350324,2018-04-28,4.0,0,True,False
2018-04-27,2018Q2,4,diag3,student_t_ar1_shared,3.9053603841083584,3.8310302548632977,0.5171371383388284,0.692300475139228,2.1402669926408935,2.117684921507524,1.765093391467465,2018-07-28,4.0,0,True,False
2018-04-27,2018Q3,-9,diag3,student_t_ar1_shared,3.606380256238584,3.5428727425911655,0.3920382119874318,0.7325407310836919,2.5182268082057035,2.487041930090145,1.0881534480328803,2018-10-28,4.0,0,True,False
2018-05-04,2018Q2,5,diag3,student_t_ar1_shared,3.785975469485825,3.7160664531420657,0.4669190751658311,0.6706010263183968,2.1402669926408935,2.117684921507524,1.6457084768449315,2018-07-28,12.0,11,False,True
2018-05-04,2018Q3,-8,diag3,student_t_ar1_shared,3.387110594343956,3.331011255536563,0.2991599660646822,0.7228563599246473,2.5182268082057035,2.487041930090145,0.8688837861382526,2018-10-28,12.0,0,True,False
2018-05-11,2018Q2,6,diag3,student_t_ar1_shared,3.689730645116396,3.623289488479147,0.4264984262984813,0.6488185129218943,2.1402669926408935,2.117684921507524,1.5494636524755023,2018-07-28,7.0,0,True,False
2018-05-11,2018Q3,-7,diag3,student_t_ar1_shared,3.293078302430197,3.240018210771397,0.2595165273599684,0.7209955409822509,2.5182268082057035,2.487041930090145,0.7748514942244933,2018-10-28,7.0,0,True,False
2018-05-18,2018Q2,7,diag3,student_t_ar1_shared,3.802978426657977,3.732447823047388,0.47405603640739524,0.6758545303766836,2.1402669926408935,2.117684921507524,1.6627114340170834,2018-07-28,12.0,0,True,False
2018-05-18,2018Q3,-6,diag3,student_t_ar1_shared,3.480495853948007,3.421296310360643,0.33849495091003295,0.7208443357752276,2.5182268082057035,2.487041930090145,0.9622690457423033,2018-10-28,12.0,0,True,False
2018-05-25,2018Q2,8,diag3,student_t_ar1_shared,3.8753035577797856,3.802098952048106,0.5044013256586799,0.6778873139193599,2.1402669926408935,2.117684921507524,1.7350365651388922,2018-07-28,0.0,0,True,False
2018-05-25,2018Q3,-5,diag3,student_t_ar1_shared,3.638971083986098,3.5743241867904354,0.4051654448473829,0.7202031677635055,2.5182268082057035,2.487041930090145,1.1207442757803943,2018-10-28,0.0,0,True,False
2018-06-01,2018Q2,9,diag3,student_t_ar1_shared,3.977736583461189,3.9006618923874057,0.5473427822720014,0.6272849814088869,2.1402669926408935,2.117684921507524,1.8374695908202954,2018-07-28,11.0,11,False,True
2018-06-01,2018Q3,-4,diag3,student_t_ar1_shared,3.8401059788116143,3.768208756435195,0.48963619832462313,0.707902377539906,2.5182268082057035,2.487041930090145,1.3218791706059108,2018-10-28,11.0,0,True,False
2018-06-08,2018Q2,10,diag3,student_t_ar1_shared,3.9404262536243406,3.8647724542274853,0.5317066339761473,0.6201124384825488,2.1402669926408935,2.117684921507524,1.8001592609834471,2018-07-28,9.0,0,True,False
2018-06-08,2018Q3,-3,diag3,student_t_ar1_shared,3.8640844517456197,3.791297816882956,0.49969553588138393,0.7056111963139625,2.5182268082057035,2.487041930090145,1.345857643539916,2018-10-28,9.0,0,True,False
2018-06-15,2018Q2,11,diag3,student_t_ar1_shared,3.9562187823455774,3.8799651272490925,0.5383257091290585,0.6144256415272336,2.1402669926408935,2.117684921507524,1.815951789704684,2018-07-28,6.0,0,True,False
2018-06-15,2018Q3,-2,diag3,student_t_ar1_shared,3.8867571609928264,3.813124644790104,0.5092049496666738,0.7043097799385462,2.5182268082057035,2.487041930090145,1.3685303527871229,2018-10-28,6.0,0,True,False
2018-06-22,2018Q2,12,diag3,student_t_ar1_shared,3.7937260296637243,3.7235340042807445,0.4701725041131153,0.6569463897718811,2.1402669926408935,2.117684921507524,1.6534590370228308,2018-07-28,6.0,0,True,False
2018-06-22,2018Q3,-1,diag3,student_t_ar1_shared,3.650003538280311,3.5849687030506137,0.4098029996076479,0.713510277282411,2.5182268082057035,2.487041930090145,1.1317767300746073,2018-10-28,6.0,0,True,False
2018-06-29,2018Q2,13,diag3,student_t_ar1_shared,3.7831932606197327,3.7133856996532115,0.4657511365954478,0.6448961491309482,2.1402669926408935,2.117684921507524,1.6429262679788392,2018-07-28,4.0,0,True,False
2018-06-29,2018Q3,0,diag3,student_t_ar1_shared,3.6468166140583236,3.5818939581318205,0.40846340863082775,0.7098344135451755,2.5182268082057035,2.487041930090145,1.12858980585262,2018-10-28,4.0,0,True,False
2018-07-06,2018Q2,14,diag3,student_t_ar1_shared,3.767486368978612,3.6982502236344033,0.4591569807743429,0.629643947882977,2.1402669926408935,2.117684921507524,1.6272193763377185,2018-07-28,13.0,11,False,True
2018-07-06,2018Q3,1,diag3,student_t_ar1_shared,3.7635677540912793,3.6944738106013126,0.4575116902030978,0.7007102548116974,2.5182268082057035,2.487041930090145,1.2453409458855758,2018-10-28,13.0,0,True,False
2018-07-06,2018Q4,-12,diag3,student_t_ar1_shared,3.685697492441542,3.6193997772326525,0.42480377447341705,0.7369225097576321,0.5677817986818878,0.5661759932739241,3.117915693759654,2019-01-28,13.0,0,True,False
2018-07-13,2018Q2,15,diag3,student_t_ar1_shared,3.7327943656287443,3.664812193044477,0.44458885065495635,0.6308566928395523,2.1402669926408935,2.117684921507524,1.5925273729878509,2018-07-28,6.0,0,True,False
2018-07-13,2018Q3,2,diag3,student_t_ar1_shared,3.7124207835727896,3.645169819411703,0.43603115004019427,0.7008850495388896,2.5182268082057035,2.487041930090145,1.194193975367086,2018-10-28,6.0,0,True,False
2018-07-13,2018Q4,-11,diag3,student_t_ar1_shared,3.643534740273302,3.5787275070511355,0.4070838635276545,0.7369284162752752,0.5677817986818878,0.5661759932739241,3.075752941591414,2019-01-28,6.0,0,True,False
2018-07-20,2018Q2,16,diag3,student_t_ar1_shared,3.714289805023774,3.646971922376861,0.43681628211949974,0.6358488480356823,2.1402669926408935,2.117684921507524,1.5740228123828803,2018-07-28,9.0,0,True,False
2018-07-20,2018Q3,3,diag3,student_t_ar1_shared,3.6764065030808535,3.610438651561294,0.4208996317205883,0.6872358235417548,2.5182268082057035,2.487041930090145,1.15817969487515,2018-10-28,9.0,0,True,False
2018-07-20,2018Q4,-10,diag3,student_t_ar1_shared,3.611122920477583,3.5474502171453044,0.3934571151489031,0.733222210186037,0.5677817986818878,0.5661759932739241,3.043341121795695,2019-01-28,9.0,0,True,False
2018-07-27,2018Q2,17,diag3,student_t_ar1_shared,3.6776181896992943,3.611607364462094,0.42140881127783747,0.6369331566002889,2.1402669926408935,2.117684921507524,1.5373511970584008,2018-07-28,4.0,0,True,False
2018-07-27,2018Q3,4,diag3,student_t_ar1_shared,3.5967679214878423,3.5335945681597596,0.38742054858834823,0.6871194190298032,2.5182268082057035,2.487041930090145,1.0785411132821388,2018-10-28,4.0,0,True,False
2018-07-27,2018Q4,-9,diag3,student_t_ar1_shared,3.5411070983475845,3.4798517898536367,0.36400613770564494,0.7332135344635605,0.5677817986818878,0.5661759932739241,2.9733252996656967,2019-01-28,4.0,0,True,False
2018-08-03,2018Q3,5,diag3,student_t_ar1_shared,3.350231804309889,3.295334304292661,0.28635083105388764,0.67943004397508,2.5182268082057035,2.487041930090145,0.8320049961041853,2018-10-28,12.0,11,False,True
2018-08-03,2018Q4,-8,diag3,student_t_ar1_shared,3.2666999181799827,3.214477532309372,0.250997330208986,0.7269265469165882,0.5677817986818878,0.5661759932739241,2.698918119498095,2019-01-28,12.0,0,True,False
2018-08-10,2018Q3,6,diag3,student_t_ar1_shared,3.2336046822619924,3.1824240820586405,0.23698240415238486,0.6981377373669837,2.5182268082057035,2.487041930090145,0.7153778740562888,2018-10-28,7.0,0,True,False
2018-08-10,2018Q4,-7,diag3,student_t_ar1_shared,3.1504381948559645,3.101830165253558,0.20174383308438226,0.7278069556971738,0.5677817986818878,0.5661759932739241,2.5826563961740767,2019-01-28,7.0,0,True,False
2018-08-17,2018Q3,7,diag3,student_t_ar1_shared,3.2427314857469414,3.19126461425741,0.24084780410457673,0.658563079731121,2.5182268082057035,2.487041930090145,0.7245046775412378,2018-10-28,10.0,0,True,False
2018-08-17,2018Q4,-6,diag3,student_t_ar1_shared,3.250325999495818,3.1986203228171117,0.2440639855375184,0.7240484890176324,0.5677817986818878,0.5661759932739241,2.68254420081393,2019-01-28,10.0,0,True,False
2018-08-24,2018Q3,8,diag3,student_t_ar1_shared,3.1613988736589382,3.1124555166333185,0.20638962044106002,0.6587722283421685,2.5182268082057035,2.487041930090145,0.6431720654532347,2018-10-28,2.0,0,True,False
2018-08-24,2018Q4,-5,diag3,student_t_ar1_shared,3.07628351981859,3.029914481760355,0.17029969903381575,0.7246921363812883,0.5677817986818878,0.5661759932739241,2.5085017211367022,2019-01-28,2.0,0,True,False
2018-08-31,2018Q3,9,diag3,student_t_ar1_shared,3.2669601385658,3.2147295206639477,0.25110750861813946,0.7198206259559358,2.5182268082057035,2.487041930090145,0.7487333303600963,2018-10-28,8.0,0,True,False
2018-08-31,2018Q4,-4,diag3,student_t_ar1_shared,3.1869352169257903,3.1372062310112816,0.21721152663654947,0.7286799084970974,0.5677817986818878,0.5661759932739241,2.6191534182439025,2019-01-28,8.0,0,True,False
2018-09-07,2018Q3,10,diag3,student_t_ar1_shared,3.4208490018608595,3.3636390208141522,0.3162161199347298,0.7118352778790146,2.5182268082057035,2.487041930090145,0.902622193655156,2018-10-28,12.0,11,False,True
2018-09-07,2018Q4,-3,diag3,student_t_ar1_shared,3.645062045534253,3.5802011098297397,0.41090488636938993,0.7226202253841586,0.5677817986818878,0.5661759932739241,3.0772802468523652,2019-01-28,12.0,0,True,False
2018-09-14,2018Q3,11,diag3,student_t_ar1_shared,3.4492957479467456,3.3911410523901244,0.32824100137271967,0.6973393930426621,2.5182268082057035,2.487041930090145,0.9310689397410421,2018-10-28,6.0,0,True,False
2018-09-14,2018Q4,-2,diag3,student_t_ar1_shared,3.675302550606996,3.609373840010995,0.42366025757471404,0.7187674146263668,0.5677817986818878,0.5661759932739241,3.107520751925108,2019-01-28,6.0,0,True,False
2018-09-21,2018Q3,12,diag3,student_t_ar1_shared,3.494683341713367,3.4350056718818722,0.34742019718062683,0.6960644178578921,2.5182268082057035,2.487041930090145,0.9764565335076636,2018-10-28,6.0,0,True,False
2018-09-21,2018Q4,-1,diag3,student_t_ar1_shared,3.7647971407042125,3.695658599594917,0.4613870706298131,0.7144206619100574,0.5677817986818878,0.5661759932739241,3.1970153420223246,2019-01-28,6.0,0,True,False
2018-09-28,2018Q3,13,diag3,student_t_ar1_shared,3.42261410041913,3.3653457206845054,0.3169623507553343,0.7113979420791221,2.5182268082057035,2.487041930090145,0.9043872922134266,2018-10-28,4.0,0,True,False
2018-09-28,2018Q4,0,diag3,student_t_ar1_shared,3.6397388229375993,3.5750649661515483,0.40865917886199654,0.7189602222700807,0.5677817986818878,0.5661759932739241,3.0719570242557115,2019-01-28,4.0,0,True,False
2018-10-05,2018Q3,14,diag3,student_t_ar1_shared,3.3682064113944588,3.3127247289543584,0.29395455276933746,0.7054984244732939,2.5182268082057035,2.487041930090145,0.8499796031887552,2018-10-28,13.0,12,False,True
2018-10-05,2018Q4,1,diag3,student_t_ar1_shared,3.5556883937340578,3.493933413256764,0.37318553387890546,0.7123057481890075,0.5677817986818878,0.5661759932739241,2.98790659505217,2019-01-28,13.0,0,True,False
2018-10-05,2019Q1,-12,diag3,student_t_ar1_shared,3.4824890473486025,3.4232224455114313,0.3422681450614903,0.7414725621499945,2.520756202743435,2.489509162906772,0.9617328446051676,2019-04-28,13.0,0,True,False
2018-10-12,2018Q3,15,diag3,student_t_ar1_shared,3.3811958436303025,3.3252901169180102,0.2994485941847096,0.6972667393382089,2.5182268082057035,2.487041930090145,0.8629690354245989,2018-10-28,4.0,0,True,False
2018-10-12,2018Q4,2,diag3,student_t_ar1_shared,3.578522389469563,3.515980950205552,0.3828255132773912,0.7100561336353532,0.5677817986818878,0.5661759932739241,3.010740590787675,2019-01-28,4.0,0,True,False
2018-10-12,2019Q1,-11,diag3,student_t_ar1_shared,3.5016446300521142,3.441731673651643,0.35036104806321633,0.7402925776456559,2.520756202743435,2.489509162906772,0.9808884273086793,2019-04-28,4.0,0,True,False
2018-10-19,2018Q3,16,diag3,student_t_ar1_shared,3.3393852989104023,3.284838851679745,0.2817618401293546,0.683550658402312,2.5182268082057035,2.487041930090145,0.8211584907046987,2018-10-28,11.0,0,True,False
2018-10-19,2018Q4,3,diag3,student_t_ar1_shared,3.552009027248837,3.490380318387359,0.37163199248235435,0.6935652431956058,0.5677817986818878,0.5661759932739241,2.984227228566949,2019-01-28,11.0,0,True,False
2018-10-19,2019Q1,-10,diag3,student_t_ar1_shared,3.4949370364892873,3.435250799898877,0.34752737600243366,0.7349082258162766,2.520756202743435,2.489509162906772,0.9741808337458524,2019-04-28,11.0,0,True,False
2018-10-26,2018Q3,17,diag3,student_t_ar1_shared,3.3704481756920535,3.3148934228564864,0.29490278406549975,0.6811415651232184,2.5182268082057035,2.487041930090145,0.8522213674863499,2018-10-28,4.0,0,True,False
2018-10-26,2018Q4,4,diag3,student_t_ar1_shared,3.6242363024232116,3.5601057620410272,0.402118474574795,0.678132521461619,0.5677817986818878,0.5661759932739241,3.0564545037413238,2019-01-28,4.0,0,True,False
2018-10-26,2019Q1,-9,diag3,student_t_ar1_shared,3.5607490756041527,3.4988202121346825,0.3753222188345583,0.7318885324527148,2.520756202743435,2.489509162906772,1.0399928728607177,2019-04-28,4.0,0,True,False
2018-11-02,2018Q4,5,diag3,student_t_ar1_shared,3.483372460891321,3.424076125955427,0.3444199708806215,0.6853884414940328,0.5677817986818878,0.5661759932739241,2.915590662209433,2019-01-28,10.0,11,False,True
2018-11-02,2019Q1,-8,diag3,student_t_ar1_shared,3.343767586046753,3.2890794364355376,0.28517405257717626,0.7267235146742366,2.520756202743435,2.489509162906772,0.8230113833033181,2019-04-28,10.0,0,True,False
2018-11-09,2018Q4,6,diag3,student_t_ar1_shared,3.503448149738464,3.443474161879522,0.35293317557988874,0.6617884635100805,0.5677817986818878,0.5661759932739241,2.935666351056576,2019-01-28,9.0,0,True,False
2018-11-09,2019Q1,-7,diag3,student_t_ar1_shared,3.368758584051057,3.313258907887112,0.2957856830944521,0.7239599680781087,2.520756202743435,2.489509162906772,0.8480023813076221,2019-04-28,9.0,0,True,False
2018-11-16,2018Q4,7,diag3,student_t_ar1_shared,3.535771260867815,3.47469830528963,0.3666364971661399,0.6618188429984172,0.5677817986818878,0.5661759932739241,2.967989462185927,2019-01-28,8.0,0,True,False
2018-11-16,2019Q1,-6,diag3,student_t_ar1_shared,3.4006404785510203,3.344097025033225,0.30931958955962885,0.7205781014988232,2.520756202743435,2.489509162906772,0.8798842758075853,2019-04-28,8.0,0,True,False
2018-11-23,2018Q4,8,diag3,student_t_ar1_shared,3.428046005988694,3.370597727681271,0.320949937456706,0.6835775563789969,0.5677817986818878,0.5661759932739241,2.8602642073068063,2019-01-28,4.0,0,True,False
2018-11-23,2019Q1,-5,diag3,student_t_ar1_shared,3.272953350575869,3.220532962633587,0.2550911016448034,0.7190959560839767,2.520756202743435,2.489509162906772,0.7521971478324341,2019-04-28,4.0,0,True,False
2018-11-30,2018Q4,9,diag3,student_t_ar1_shared,3.383090328065941,3.3271226233636506,0.30187004381045485,0.6750590280970542,0.5677817986818878,0.5661759932739241,2.815308529384053,2019-01-28,8.0,0,True,False
2018-11-30,2019Q1,-4,diag3,student_t_ar1_shared,3.2328690387860792,3.1817114787360183,0.2380535396749966,0.7183724841325756,2.520756202743435,2.489509162906772,0.7121128360426443,2019-04-28,8.0,0,True,False
2018-12-07,2018Q4,10,diag3,student_t_ar1_shared,3.401976531544104,3.345389129564986,0.3098866547210077,0.6807031610003992,0.5677817986818878,0.5661759932739241,2.8341947328622163,2019-01-28,12.0,2,True,True
2018-12-07,2019Q1,-3,diag3,student_t_ar1_shared,3.3533816042720765,3.29838195296265,0.2892566425735818,0.7180897984810459,2.520756202743435,2.489509162906772,0.8326254015286416,2019-04-28,12.0,0,True,False
2018-12-14,2018Q4,11,diag3,student_t_ar1_shared,3.3981287427327977,3.341667865683957,0.30825350581443023,0.6716890409335887,0.5677817986818878,0.5661759932739241,2.83034694405091,2019-01-28,6.0,0,True,False
2018-12-14,2019Q1,-2,diag3,student_t_ar1_shared,3.3447970749915568,3.290075610506904,0.2856112429101991,0.717099869680745,2.520756202743435,2.489509162906772,0.8240408722481218,2019-04-28,6.0,0,True,False
2018-12-21,2018Q4,12,diag3,student_t_ar1_shared,3.3369221498039003,3.282455270187483,0.282266908603821,0.6560135899970032,0.5677817986818878,0.5661759932739241,2.7691403511220125,2019-01-28,6.0,0,True,False
2018-12-21,2019Q1,-1,diag3,student_t_ar1_shared,3.1877868820492594,3.1380315889958226,0.21888377196991635,0.7092689379630722,2.520756202743435,2.489509162906772,0.6670306793058245,2019-04-28,6.0,0,True,False
2018-12-28,2018Q4,13,diag3,student_t_ar1_shared,3.3411142928822857,3.2865119596655985,0.28404726554633297,0.6562672218161221,0.5677817986818878,0.5661759932739241,2.773332494200398,2019-01-28,4.0,0,True,False
2018-12-28,2019Q1,0,diag3,student_t_ar1_shared,3.1974669387665466,3.1474121591142548,0.2230006173003679,0.7091753566135357,2.520756202743435,2.489509162906772,0.6767107360231117,2019-04-28,4.0,0,True,False
2019-01-04,2018Q4,14,diag3,student_t_ar1_shared,3.2343509520325275,3.183146973674679,0.23868353450052426,0.6749455212921858,0.5677817986818878,0.5661759932739241,2.6665691533506397,2019-01-28,11.0,11,False,True
2019-01-04,2019Q1,1,diag3,student_t_ar1_shared,2.7194272868440894,2.683107845947394,0.019231654493555544,0.7104076224383926,2.520756202743435,2.489509162906772,0.19867108410065448,2019-04-28,11.0,0,True,False
2019-01-04,2019Q2,-12,diag3,student_t_ar1_shared,2.682825202118222,2.6474684265449686,0.0035906033106877424,0.7390064006390403,3.3826649590035895,3.326711173158321,-0.6998397568853676,2019-07-28,11.0,0,True,False
2019-01-11,2018Q4,15,diag3,student_t_ar1_shared,3.223536623105394,3.172670910915298,0.23408591095441056,0.6701286658988099,0.5677817986818878,0.5661759932739241,2.6557548244235063,2019-01-28,6.0,0,True,False
2019-01-11,2019Q1,2,diag3,student_t_ar1_shared,2.7047839650214067,2.668851179940743,0.012974839807850996,0.7086173350678269,2.520756202743435,2.489509162906772,0.1840277622779718,2019-04-28,6.0,0,True,False
2019-01-11,2019Q2,-11,diag3,student_t_ar1_shared,2.673417309585502,2.638305917118185,-0.0004305418513483872,0.7376323175237335,3.3826649590035895,3.326711173158321,-0.7092476494180877,2019-07-28,6.0,0,True,False
2019-01-18,2018Q4,16,diag3,student_t_ar1_shared,3.142750283097784,3.0943767812436898,0.1997250119822915,0.6830664362507511,0.5677817986818878,0.5661759932739241,2.574968484415896,2019-01-28,11.0,0,True,False
2019-01-18,2019Q1,3,diag3,student_t_ar1_shared,2.6022242778259486,2.568942563469965,-0.030871996364867656,0.6955483924551666,2.520756202743435,2.489509162906772,0.08146807508251364,2019-04-28,11.0,0,True,False
2019-01-18,2019Q2,-10,diag3,student_t_ar1_shared,2.591392119888747,2.5583845762017194,-0.03550557407235025,0.7362243310829133,3.3826649590035895,3.326711173158321,-0.7912728391148427,2019-07-28,11.0,0,True,False
2019-01-25,2018Q4,17,diag3,student_t_ar1_shared,3.1460279649182965,3.09755454190388,0.20111963394769752,0.6831242666532593,0.5677817986818878,0.5661759932739241,2.5782461662364087,2019-01-28,0.0,0,True,False
2019-01-25,2019Q1,4,diag3,student_t_ar1_shared,2.6290036845728393,2.5950393784281394,-0.019418902422409727,0.6825449948697623,2.520756202743435,2.489509162906772,0.10824748182940436,2019-04-28,0.0,0,True,False
2019-01-25,2019Q2,-9,diag3,student_t_ar1_shared,2.6233633778838694,2.5895434060590032,-0.021830916606889822,0.733801310373499,3.3826649590035895,3.326711173158321,-0.7593015811197201,2019-07-28,0.0,0,True,False
2019-02-01,2019Q1,5,diag3,student_t_ar1_shared,2.5228647318653374,2.491565826861855,-0.058178823302470706,0.7274977068703609,2.520756202743435,2.489509162906772,0.0021085291219025137,2019-04-28,13.0,11,False,True
2019-02-01,2019Q2,-8,diag3,student_t_ar1_shared,2.539989880016691,2.5082681674428238,-0.05084383129358433,0.7339876488617053,3.3826649590035895,3.326711173158321,-0.8426750789868986,2019-07-28,13.0,0,True,False
2019-02-08,2019Q1,6,diag3,student_t_ar1_shared,2.5816356188192113,2.548874065795534,-0.03301136413205619,0.7187156934504448,2.520756202743435,2.489509162906772,0.060879416075776405,2019-04-28,10.0,0,True,False
2019-02-08,2019Q2,-7,diag3,student_t_ar1_shared,2.607264606026627,2.57385493689782,-0.02204077656548048,0.732298645119987,3.3826649590035895,3.326711173158321,-0.7754003529769626,2019-07-28,10.0,0,True,False
2019-02-15,2019Q1,7,diag3,student_t_ar1_shared,2.6141484232106604,2.580563610310612,-0.01909459871486674,0.7497675145731904,2.520756202743435,2.489509162906772,0.0933922204672255,2019-04-28,6.0,0,True,False
2019-02-15,2019Q2,-6,diag3,student_t_ar1_shared,2.619222629554785,2.585508426369644,-0.0169230356274907,0.7312802608285056,3.3826649590035895,3.326711173158321,-0.7634423294488046,2019-07-28,6.0,0,True,False
2019-02-22,2019Q1,8,diag3,student_t_ar1_shared,2.4167093602781353,2.3879690651807124,-0.10367432828238532,0.7804214273784347,2.520756202743435,2.489509162906772,-0.1040468424652996,2019-04-28,6.0,0,True,False
2019-02-22,2019Q2,-5,diag3,student_t_ar1_shared,2.351768783810382,2.324540768761704,-0.13152946901043555,0.7319661291910841,3.3826649590035895,3.326711173158321,-1.0308961751932078,2019-07-28,6.0,0,True,False
2019-03-01,2019Q1,9,diag3,student_t_ar1_shared,2.3656646671124992,2.338116440446527,-0.12556758343872665,0.7588212530412602,2.520756202743435,2.489509162906772,-0.1550915356309357,2019-04-28,7.0,11,False,True
2019-03-01,2019Q2,-4,diag3,student_t_ar1_shared,2.176929383194204,2.1535726407960816,-0.2066117514200651,0.7230933771379069,3.3826649590035895,3.326711173158321,-1.2057355758093857,2019-07-28,7.0,0,True,False
2019-03-08,2019Q1,10,diag3,student_t_ar1_shared,2.3222708464172515,2.295716460949476,-0.1441879384291037,0.7486910060633439,2.520756202743435,2.489509162906772,-0.19848535632618347,2019-04-28,12.0,0,True,False
2019-03-08,2019Q2,-3,diag3,student_t_ar1_shared,2.1755725838867868,2.1522447399440114,-0.20719491173171778,0.7286271508208687,3.3826649590035895,3.326711173158321,-1.2070923751168028,2019-07-28,12.0,0,True,False
2019-03-15,2019Q1,11,diag3,student_t_ar1_shared,2.3629310601046782,2.3354459712839044,-0.12674034541617885,0.7383014802478893,2.520756202743435,2.489509162906772,-0.1578251426387567,2019-04-28,6.0,0,True,False
2019-03-15,2019Q2,-2,diag3,student_t_ar1_shared,2.218810614487343,2.194553173834351,-0.18861475986679033,0.7262118697457126,3.3826649590035895,3.326711173158321,-1.1638543445162464,2019-07-28,6.0,0,True,False
2019-03-22,2019Q1,12,diag3,student_t_ar1_shared,2.3489405659921303,2.3217774976158174,-0.1327429858630711,0.7368438717040696,2.520756202743435,2.489509162906772,-0.17181563675130462,2019-04-28,7.0,0,True,False
2019-03-22,2019Q2,-1,diag3,student_t_ar1_shared,2.283347994916518,2.257669752173166,-0.16089651310376032,0.7217860621073876,3.3826649590035895,3.326711173158321,-1.0993169640870715,2019-07-28,7.0,0,True,False
2019-03-29,2019Q1,13,diag3,student_t_ar1_shared,2.3518082334039514,2.3245793119021307,-0.13151254242307153,0.7357711072352469,2.520756202743435,2.489509162906772,-0.16894796933948353,2019-04-28,4.0,0,True,False
2019-03-29,2019Q2,0,diag3,student_t_ar1_shared,2.2901802795781023,2.264349291526827,-0.15796312975280835,0.7212320114866093,3.3826649590035895,3.326711173158321,-1.0924846794254872,2019-07-28,4.0,0,True,False
2019-04-05,2019Q1,14,diag3,student_t_ar1_shared,2.3562262106785026,2.328895681102999,-0.1296169677614072,0.7407919992348576,2.520756202743435,2.489509162906772,-0.16452999206493235,2019-04-28,13.0,2,True,True
2019-04-05,2019Q2,1,diag3,student_t_ar1_shared,2.5207957030335626,2.489547691965641,-0.05906510647127705,0.7183661704773034,3.3826649590035895,3.326711173158321,-0.861869255970027,2019-07-28,13.0,0,True,False
2019-04-05,2019Q3,-12,diag3,student_t_ar1_shared,2.831684150880065,2.7923331129976665,0.07390599616614746,0.7421875065172941,4.762784209178728,4.652841032363623,-1.9311000582986626,2019-10-28,13.0,0,True,False
2019-04-12,2019Q1,15,diag3,student_t_ar1_shared,2.368793803314806,2.3411732157699765,-0.12422517142995648,0.743376893035838,2.520756202743435,2.489509162906772,-0.151962399428629,2019-04-28,4.0,0,True,False
2019-04-12,2019Q2,2,diag3,student_t_ar1_shared,2.545559978296108,2.513700142815659,-0.04845832755181467,0.7194913675654517,3.3826649590035895,3.326711173158321,-0.8371049807074815,2019-07-28,4.0,0,True,False
2019-04-12,2019Q3,-11,diag3,student_t_ar1_shared,2.853534143326364,2.813579163355278,0.08323640161668949,0.7418467604715859,4.762784209178728,4.652841032363623,-1.9092500658523637,2019-10-28,4.0,0,True,False
2019-04-19,2019Q1,16,diag3,student_t_ar1_shared,2.356515775748891,2.329178580025247,-0.1294927300041927,0.7332267331175009,2.520756202743435,2.489509162906772,-0.1642404269945441,2019-04-28,11.0,0,True,False
2019-04-19,2019Q2,3,diag3,student_t_ar1_shared,2.4968743651605063,2.466211812698593,-0.06931328019964511,0.6914191734017746,3.3826649590035895,3.326711173158321,-0.8857905938430832,2019-07-28,11.0,0,True,False
2019-04-19,2019Q3,-10,diag3,student_t_ar1_shared,2.7929105307807234,2.7546200946508757,0.057343964823073815,0.734614387622728,4.762784209178728,4.652841032363623,-1.9698736783980042,2019-10-28,11.0,0,True,False
2019-04-26,2019Q1,17,diag3,student_t_ar1_shared,2.344706578466793,2.3176405958750976,-0.1345597456796146,0.7352181593187143,2.520756202743435,2.489509162906772,-0.17604962427664184,2019-04-28,4.0,0,True,False
2019-04-26,2019Q2,4,diag3,student_t_ar1_shared,2.46993485638054,2.4399251089757716,-0.08085733660372518,0.6914753016958629,3.3826649590035895,3.326711173158321,-0.9127301026230494,2019-07-28,4.0,0,True,False
2019-04-26,2019Q3,-9,diag3,student_t_ar1_shared,2.76936872794602,2.73171530587102,0.047285108589660146,0.7347955941712926,4.762784209178728,4.652841032363623,-1.9934154812327076,2019-10-28,4.0,0,True,False
2019-05-03,2019Q2,5,diag3,student_t_ar1_shared,2.2687313122897956,2.243378347557688,-0.1673557376571138,0.6808178536718626,3.3826649590035895,3.326711173158321,-1.113933646713794,2019-07-28,11.0,11,False,True
2019-05-03,2019Q3,-8,diag3,student_t_ar1_shared,2.4871344950656793,2.4567087591127974,-0.07332451627690131,0.728612799346393,4.762784209178728,4.652841032363623,-2.2756497141130483,2019-10-28,11.0,0,True,False
2019-05-10,2019Q2,6,diag3,student_t_ar1_shared,2.275709629305256,2.250201624676374,-0.16434819139772858,0.6695069987738227,3.3826649590035895,3.326711173158321,-1.1069553296983337,2019-07-28,8.0,0,True,False
2019-05-10,2019Q3,-7,diag3,student_t_ar1_shared,2.507365221451363,2.476446582790346,-0.06462452993056783,0.7270563157195457,4.762784209178728,4.652841032363623,-2.2554189877273645,2019-10-28,8.0,0,True,False
2019-05-17,2019Q2,7,diag3,student_t_ar1_shared,2.2359180835737957,2.211287899644119,-0.1815004814372169,0.7176107981008117,3.3826649590035895,3.326711173158321,-1.1467468754297938,2019-07-28,10.0,0,True,False
2019-05-17,2019Q3,-6,diag3,student_t_ar1_shared,2.594298263148387,2.5612172720436175,-0.027259527024414393,0.7312744268659437,4.762784209178728,4.652841032363623,-2.1684859460303407,2019-10-28,10.0,0,True,False
2019-05-24,2019Q2,8,diag3,student_t_ar1_shared,2.2877967781240294,2.2620191272652876,-0.15913930348531613,0.7043244087956634,3.3826649590035895,3.326711173158321,-1.0948681808795602,2019-07-28,2.0,0,True,False
2019-05-24,2019Q3,-5,diag3,student_t_ar1_shared,2.712590268770576,2.6764516117757347,0.023533164139330764,0.728302705418792,4.762784209178728,4.652841032363623,-2.0501939404081515,2019-10-28,2.0,0,True,False
2019-05-31,2019Q2,9,diag3,student_t_ar1_shared,2.2759761678517787,2.2504622322049643,-0.16423332149223502,0.6804372848818651,3.3826649590035895,3.326711173158321,-1.1066887911518108,2019-07-28,8.0,0,True,False
2019-05-31,2019Q3,-4,diag3,student_t_ar1_shared,2.7017589075569504,2.6659057455623,0.018884784785759834,0.7264746788352437,4.762784209178728,4.652841032363623,-2.061025301621777,2019-10-28,8.0,0,True,False
2019-06-07,2019Q2,10,diag3,student_t_ar1_shared,2.239476459246359,2.2147683924250465,-0.1799663589236481,0.7076429414983613,3.3826649590035895,3.326711173158321,-1.1431884997572306,2019-07-28,12.0,11,False,True
2019-06-07,2019Q3,-3,diag3,student_t_ar1_shared,2.5938628747634196,2.5607928924083234,-0.027446583971169725,0.7235744506100444,4.762784209178728,4.652841032363623,-2.168921334415308,2019-10-28,12.0,0,True,False
2019-06-14,2019Q2,11,diag3,student_t_ar1_shared,2.3209261342625576,2.294402259280855,-0.14486555117150757,0.7033164728751226,3.3826649590035895,3.326711173158321,-1.061738824741032,2019-07-28,6.0,0,True,False
2019-06-14,2019Q3,-2,diag3,student_t_ar1_shared,2.6753974346593434,2.6402344649662552,0.007569464802810899,0.7209386785478015,4.762784209178728,4.652841032363623,-2.087386774519384,2019-10-28,6.0,0,True,False
2019-06-21,2019Q2,12,diag3,student_t_ar1_shared,2.2334776817780844,2.2089008413885924,-0.1825526427377865,0.7134661898106719,3.3826649590035895,3.326711173158321,-1.1491872772255052,2019-07-28,6.0,0,True,False
2019-06-21,2019Q3,-1,diag3,student_t_ar1_shared,2.3336449383535296,2.3068317926557533,-0.13938689392846437,0.7196493356576552,4.762784209178728,4.652841032363623,-2.429139270825198,2019-10-28,6.0,0,True,False
2019-06-28,2019Q2,13,diag3,student_t_ar1_shared,2.2265090722693337,2.202084241600948,-0.1855572457806432,0.7206160768235113,3.3826649590035895,3.326711173158321,-1.1561558867342558,2019-07-28,4.0,0,True,False
2019-06-28,2019Q3,0,diag3,student_t_ar1_shared,2.326205403352044,2.2995616466135766,-0.1425914099042926,0.7217898471911852,4.762784209178728,4.652841032363623,-2.4365788058266835,2019-10-28,4.0,0,True,False
2019-07-05,2019Q2,14,diag3,student_t_ar1_shared,2.2900712406388024,2.264242693809308,-0.15815920563414587,0.7133665201196889,3.3826649590035895,3.326711173158321,-1.0925937183647871,2019-07-28,13.0,11,False,True
2019-07-05,2019Q3,1,diag3,student_t_ar1_shared,2.502886274057614,2.4720770965214616,-0.06655050067084878,0.7143427707511063,4.762784209178728,4.652841032363623,-2.2598979351211135,2019-10-28,13.0,0,True,False
2019-07-05,2019Q4,-12,diag3,student_t_ar1_shared,2.399612634929671,2.3712743748145995,-0.11098206095074507,0.7421818393197522,2.755535957854649,2.718254387221374,-0.3559233229249781,2020-01-28,13.0,0,True,False
2019-07-12,2019Q2,15,diag3,student_t_ar1_shared,2.2754241767974692,2.249922523306978,-0.16447121297004857,0.7052679438719192,3.3826649590035895,3.326711173158321,-1.1072407822061203,2019-07-28,4.0,0,True,False
2019-07-12,2019Q3,2,diag3,student_t_ar1_shared,2.480370762786732,2.4501089497694695,-0.07623356299417791,0.7122018516212184,4.762784209178728,4.652841032363623,-2.2824134463919954,2019-10-28,4.0,0,True,False
2019-07-12,2019Q4,-11,diag3,student_t_ar1_shared,2.3804492601399163,2.35255831948348,-0.11923167491518535,0.7410085704116051,2.755535957854649,2.718254387221374,-0.3750866977147327,2020-01-28,4.0,0,True,False
2019-07-19,2019Q2,16,diag3,student_t_ar1_shared,2.2347933785946905,2.2101877861158115,-0.18198538660366553,0.6886738817643304,3.3826649590035895,3.326711173158321,-1.147871580408899,2019-07-28,11.0,0,True,False
2019-07-19,2019Q3,3,diag3,student_t_ar1_shared,2.387332442685919,2.3592812350626318,-0.11626836575295449,0.6922936305789913,4.762784209178728,4.652841032363623,-2.3754517664928088,2019-10-28,11.0,0,True,False
2019-07-19,2019Q4,-10,diag3,student_t_ar1_shared,2.2954068287186047,2.2694586926488904,-0.15586011129486083,0.7350462197955375,2.755535957854649,2.718254387221374,-0.4601291291360443,2020-01-28,11.0,0,True,False
2019-07-26,2019Q2,17,diag3,student_t_ar1_shared,2.2685491301007943,2.243200206742843,-0.16743425810000526,0.6910759885607031,3.3826649590035895,3.326711173158321,-1.1141158289027953,2019-07-28,4.0,0,True,False
2019-07-26,2019Q3,4,diag3,student_t_ar1_shared,2.5886550803839725,2.555716636952961,-0.02968408258670302,0.7499819303153757,4.762784209178728,4.652841032363623,-2.174129128794755,2019-10-28,4.0,0,True,False
2019-07-26,2019Q4,-9,diag3,student_t_ar1_shared,2.528524260738374,2.4970859346770427,-0.05552717033586821,0.7380591883126585,2.755535957854649,2.718254387221374,-0.227011697116275,2020-01-28,4.0,0,True,False
2019-08-02,2019Q3,5,diag3,student_t_ar1_shared,2.4294679158140653,2.400425783409082,-0.10071327933127619,0.7458963364063756,4.762784209178728,4.652841032363623,-2.3333162933646623,2019-10-28,10.0,11,False,True
2019-08-02,2019Q4,-8,diag3,student_t_ar1_shared,2.4107094847130695,2.3821105960356883,-0.10881298199726647,0.7312006855891353,2.755535957854649,2.718254387221374,-0.34482647314157955,2020-01-28,10.0,0,True,False
2019-08-09,2019Q3,6,diag3,student_t_ar1_shared,2.3232885338472453,2.2967110463517435,-0.14658005181465053,0.7374497785019478,4.762784209178728,4.652841032363623,-2.4394956753314823,2019-10-28,9.0,0,True,False
2019-08-09,2019Q4,-7,diag3,student_t_ar1_shared,2.3164720201803934,2.2900490822731023,-0.14952623669981802,0.7298360222369583,2.755535957854649,2.718254387221374,-0.43906393767425556,2020-01-28,9.0,0,True,False
2019-08-16,2019Q3,7,diag3,student_t_ar1_shared,2.3307946956190984,2.3040465088617412,-0.14333601919640857,0.7066192596022445,4.762784209178728,4.652841032363623,-2.4319895135596292,2019-10-28,8.0,0,True,False
2019-08-16,2019Q4,-6,diag3,student_t_ar1_shared,2.3265595273353146,2.299907719615223,-0.14516635604257677,0.7273248727749415,2.755535957854649,2.718254387221374,-0.42897643051933443,2020-01-28,8.0,0,True,False
2019-08-23,2019Q3,8,diag3,student_t_ar1_shared,2.2678868267157926,2.2425525926569847,-0.1705310692317371,0.6916203305208835,4.762784209178728,4.652841032363623,-2.494897382462935,2019-10-28,4.0,0,True,False
2019-08-23,2019Q4,-5,diag3,student_t_ar1_shared,2.2810876419704362,2.2554598343649896,-0.16482297474482072,0.7211851064779978,2.755535957854649,2.718254387221374,-0.47444831588421277,2020-01-28,4.0,0,True,False
2019-08-30,2019Q3,9,diag3,student_t_ar1_shared,2.3173519971080747,2.290909132591672,-0.149145888319199,0.710747830370977,4.762784209178728,4.652841032363623,-2.445432212070653,2019-10-28,8.0,0,True,False
2019-08-30,2019Q4,-4,diag3,student_t_ar1_shared,2.3301484812359385,2.303415011348704,-0.14361529245666171,0.7222298203626917,2.755535957854649,2.718254387221374,-0.42538747661871046,2020-01-28,8.0,0,True,False
2019-09-06,2019Q3,10,diag3,student_t_ar1_shared,2.2487876396353856,2.2238752039445178,-0.17879095170325757,0.7231142213294799,4.762784209178728,4.652841032363623,-2.513996569543342,2019-10-28,10.0,11,False,True
2019-09-06,2019Q4,-3,diag3,student_t_ar1_shared,2.1265217777469037,2.104226820954358,-0.2317042147198656,0.7230952535195412,2.755535957854649,2.718254387221374,-0.6290141801077453,2020-01-28,10.0,0,True,False
2019-09-13,2019Q3,11,diag3,student_t_ar1_shared,2.2675945077334836,2.242266755715229,-0.17065747767037198,0.716913203922088,4.762784209178728,4.652841032363623,-2.495189701445244,2019-10-28,6.0,0,True,False
2019-09-13,2019Q4,-2,diag3,student_t_ar1_shared,2.1315529298489233,2.109153090929471,-0.22952562264557563,0.7206217507902424,2.755535957854649,2.718254387221374,-0.6239830280057257,2020-01-28,6.0,0,True,False
2019-09-20,2019Q3,12,diag3,student_t_ar1_shared,2.341275284120514,2.3142878559215645,-0.13880688911476463,0.7287699346665352,4.762784209178728,4.652841032363623,-2.4215089250582134,2019-10-28,8.0,0,True,False
2019-09-20,2019Q4,-1,diag3,student_t_ar1_shared,2.207190912928114,2.1831850489530322,-0.1967857529654535,0.720429943454748,2.755535957854649,2.718254387221374,-0.5483450449265348,2020-01-28,8.0,0,True,False
2019-09-27,2019Q3,13,diag3,student_t_ar1_shared,2.362948655170438,2.3354631601862486,-0.12944232926019403,0.7230220357693414,4.762784209178728,4.652841032363623,-2.3998355540082894,2019-10-28,4.0,0,True,False
2019-09-27,2019Q4,0,diag3,student_t_ar1_shared,2.233328469191309,2.2087548885177193,-0.18547775521098284,0.718375321643374,2.755535957854649,2.718254387221374,-0.5222074886633399,2020-01-28,4.0,0,True,False
2019-10-04,2019Q3,14,diag3,student_t_ar1_shared,2.3359615322059435,2.3090955326340024,-0.14110314052172793,0.7139514687309172,4.762784209178728,4.652841032363623,-2.426822676972784,2019-10-28,9.0,2,True,True
2019-10-04,2019Q4,1,diag3,student_t_ar1_shared,2.0624409265951327,2.041460594605147,-0.2594619307907037,0.7120680142626622,2.755535957854649,2.718254387221374,-0.6930950312595163,2020-01-28,9.0,0,True,False
2019-10-04,2020Q1,-12,diag3,student_t_ar1_shared,2.093782844434955,2.0721644521776694,-0.24588346653771867,0.7405711341901983,-5.16223383893778,-5.300247883185935,7.256016683372735,2020-04-28,9.0,0,True,False
2019-10-11,2019Q3,15,diag3,student_t_ar1_shared,2.3275846383569387,2.300909518064796,-0.1447233210133759,0.7037997925733982,4.762784209178728,4.652841032363623,-2.435199570821789,2019-10-28,7.0,0,True,False
2019-10-11,2019Q4,2,diag3,student_t_ar1_shared,2.052980903484647,2.0321913066381434,-0.26356117776686283,0.7086315607785293,2.755535957854649,2.718254387221374,-0.7025550543700021,2020-01-28,7.0,0,True,False
2019-10-11,2020Q1,-11,diag3,student_t_ar1_shared,2.0905412700797266,2.068989307004746,-0.24728764173384019,0.73898093906358,-5.16223383893778,-5.300247883185935,7.252775109017507,2020-04-28,7.0,0,True,False
2019-10-18,2019Q3,16,diag3,student_t_ar1_shared,2.2799768546388766,2.2543738140763367,-0.16530325601347426,0.6953532942341042,4.762784209178728,4.652841032363623,-2.482807354539851,2019-10-28,12.0,0,True,False
2019-10-18,2019Q4,3,diag3,student_t_ar1_shared,2.0023717273923713,1.982587925518779,-0.2854977613302015,0.6921039746696925,2.755535957854649,2.718254387221374,-0.7531642304622777,2020-01-28,12.0,0,True,False
2019-10-18,2020Q1,-10,diag3,student_t_ar1_shared,2.0599390156728736,2.039009211348609,-0.26054602974604346,0.7347266206079641,-5.16223383893778,-5.300247883185935,7.222172854610654,2020-04-28,12.0,0,True,False
2019-10-25,2019Q3,17,diag3,student_t_ar1_shared,2.2744089429021175,2.248929871413911,-0.1677107834931221,0.6953178814338007,4.762784209178728,4.652841032363623,-2.48837526627661,2019-10-28,0.0,0,True,False
2019-10-25,2019Q4,4,diag3,student_t_ar1_shared,1.955346466657737,1.936475170400415,-0.30589065155588135,0.6825178168564988,2.755535957854649,2.718254387221374,-0.8001894911969121,2020-01-28,0.0,0,True,False
2019-10-25,2020Q1,-9,diag3,student_t_ar1_shared,2.003194650634099,1.983394690997141,-0.28514097762044754,0.7326332659545755,-5.16223383893778,-5.300247883185935,7.165428489571879,2020-04-28,0.0,0,True,False
2019-11-01,2019Q4,5,diag3,student_t_ar1_shared,1.929168012093796,1.9107954813129542,-0.32392847113410417,0.6708155475735911,2.755535957854649,2.718254387221374,-0.826367945760853,2020-01-28,13.0,11,False,True
2019-11-01,2020Q1,-8,diag3,student_t_ar1_shared,2.21159004147522,2.187489084548246,-0.20147301908765405,0.7251447226055776,-5.16223383893778,-5.300247883185935,7.373823880413,2020-04-28,13.0,0,True,False
2019-11-08,2019Q4,6,diag3,student_t_ar1_shared,1.8359855455466256,1.8193348253412331,-0.36440593732965587,0.661526004010818,2.755535957854649,2.718254387221374,-0.9195504123080234,2020-01-28,10.0,0,True,False
2019-11-08,2020Q1,-7,diag3,student_t_ar1_shared,2.1600642443204476,2.1370654595826766,-0.2237888504505089,0.7240843896765888,-5.16223383893778,-5.300247883185935,7.322298083258228,2020-04-28,10.0,0,True,False
2019-11-15,2019Q4,7,diag3,student_t_ar1_shared,1.8161305660360672,1.799835907330888,-0.3730355145640202,0.6728582598901114,2.755535957854649,2.718254387221374,-0.9394053918185818,2020-01-28,6.0,0,True,False
2019-11-15,2020Q1,-6,diag3,student_t_ar1_shared,2.147680006773389,2.1249423385452313,-0.2291541435020863,0.7244658531109363,-5.16223383893778,-5.300247883185935,7.309913845711169,2020-04-28,6.0,0,True,False
2019-11-22,2019Q4,8,diag3,student_t_ar1_shared,1.7266832623700878,1.7119454947522934,-0.4119329089273751,0.6891694692117206,2.755535957854649,2.718254387221374,-1.0288526954845612,2020-01-28,6.0,0,True,False
2019-11-22,2020Q1,-5,diag3,student_t_ar1_shared,2.1008797734942464,2.079115592791404,-0.24943554792013717,0.7224781674521803,-5.16223383893778,-5.300247883185935,7.263113612432027,2020-04-28,6.0,0,True,False
2019-11-29,2019Q4,9,diag3,student_t_ar1_shared,1.7396630020430237,1.7247041056270949,-0.40628636905839954,0.6743465673036154,2.755535957854649,2.718254387221374,-1.0158729558116253,2020-01-28,4.0,0,True,False
2019-11-29,2020Q1,-4,diag3,student_t_ar1_shared,2.1159758979489407,2.0938999987431504,-0.24289245804422194,0.7213451244559181,-5.16223383893778,-5.300247883185935,7.278209736886721,2020-04-28,4.0,0,True,False
2019-12-06,2019Q4,10,diag3,student_t_ar1_shared,1.6802655299083424,1.6663052316805507,-0.43213178226821103,0.6326437960203087,2.755535957854649,2.718254387221374,-1.0752704279463066,2020-01-28,13.0,12,False,True
2019-12-06,2020Q1,-3,diag3,student_t_ar1_shared,2.0037132429073123,1.9839030975786354,-0.29157345427366904,0.7109588709955071,-5.16223383893778,-5.300247883185935,7.1659470818450925,2020-04-28,13.0,0,True,False
2019-12-13,2019Q4,11,diag3,student_t_ar1_shared,1.6553513757694205,1.6417997813883336,-0.4429770853689966,0.6221634814602848,2.755535957854649,2.718254387221374,-1.1001845820852285,2020-01-28,6.0,0,True,False
2019-12-13,2020Q1,-2,diag3,student_t_ar1_shared,1.9835117327846152,1.9640964550880018,-0.3003392202015877,0.7081816798863472,-5.16223383893778,-5.300247883185935,7.145745571722395,2020-04-28,6.0,0,True,False
2019-12-20,2019Q4,12,diag3,student_t_ar1_shared,1.7421437493114977,1.7271424044688501,-0.4052072585065103,0.6242217297987683,2.755535957854649,2.718254387221374,-1.0133922085431513,2020-01-28,9.0,0,True,False
2019-12-20,2020Q1,-1,diag3,student_t_ar1_shared,2.0701467505100934,2.0490104170086214,-0.2627591046135802,0.7058075167987138,-5.16223383893778,-5.300247883185935,7.232380589447874,2020-04-28,9.0,0,True,False
2019-12-27,2019Q4,13,diag3,student_t_ar1_shared,1.7435138340443856,1.7284890199986027,-0.40461129093985715,0.6199824734181144,2.755535957854649,2.718254387221374,-1.0120221238102634,2020-01-28,4.0,0,True,False
2019-12-27,2020Q1,0,diag3,student_t_ar1_shared,2.07411802970896,2.0529010765906053,-0.2610372271567114,0.7044871453164899,-5.16223383893778,-5.300247883185935,7.23635186864674,2020-04-28,4.0,0,True,False
2020-01-03,2019Q4,14,diag3,student_t_ar1_shared,1.7309893455206504,1.716178397936535,-0.41005956575342983,0.6293808157493309,2.755535957854649,2.718254387221374,-1.0245466123339986,2020-01-28,8.0,12,False,True
2020-01-03,2020Q1,1,diag3,student_t_ar1_shared,1.9873499273160622,1.9678599284593017,-0.2986736311617304,0.7041781923723869,-5.16223383893778,-5.300247883185935,7.149583766253842,2020-04-28,8.0,0,True,False
2020-01-03,2020Q2,-12,diag3,student_t_ar1_shared,1.9136227118083715,1.895543236913888,-0.3306786108582318,0.7395157345609946,-27.97614656719044,-32.81728241610834,29.889769278998813,2020-07-28,8.0,0,True,False
2020-01-10,2019Q4,15,diag3,student_t_ar1_shared,1.721933029247591,1.7072757818685573,-0.4139995696503509,0.6204828985319482,2.755535957854649,2.718254387221374,-1.033602928607058,2020-01-28,8.0,0,True,False
2020-01-10,2020Q1,2,diag3,student_t_ar1_shared,1.997405954960052,1.977719515866848,-0.294310103350226,0.7014052860161464,-5.16223383893778,-5.300247883185935,7.159639793897832,2020-04-28,8.0,0,True,False
2020-01-10,2020Q2,-11,diag3,student_t_ar1_shared,1.9262275747957913,1.907910654752703,-0.3252052001093337,0.7378883840903361,-27.97614656719044,-32.81728241610834,29.902374141986233,2020-07-28,8.0,0,True,False
2020-01-17,2019Q4,16,diag3,student_t_ar1_shared,1.7339929086019668,1.7191308107284153,-0.4087529253438573,0.6325988864508822,2.755535957854649,2.718254387221374,-1.0215430492526822,2020-01-28,10.0,0,True,False
2020-01-17,2020Q1,3,diag3,student_t_ar1_shared,2.1257114297594804,2.103433343228598,-0.23867331457711657,0.7120560998596734,-5.16223383893778,-5.300247883185935,7.287945268697261,2020-04-28,10.0,0,True,False
2020-01-17,2020Q2,-10,diag3,student_t_ar1_shared,2.0779678667935952,2.056672614920171,-0.25936806883263996,0.7379928319048646,-27.97614656719044,-32.81728241610834,30.054114433984036,2020-07-28,10.0,0,True,False
2020-01-24,2019Q4,17,diag3,student_t_ar1_shared,1.744572132958755,1.7295291781084425,-0.40415095130767603,0.630408376482073,2.755535957854649,2.718254387221374,-1.010963824895894,2020-01-28,2.0,0,True,False
2020-01-24,2020Q1,4,diag3,student_t_ar1_shared,2.224818354875069,2.2004303346143077,-0.19574564914358583,0.7074472714323066,-5.16223383893778,-5.300247883185935,7.387052193812849,2020-04-28,2.0,0,True,False
2020-01-24,2020Q2,-9,diag3,student_t_ar1_shared,2.197895085888013,2.1740895540918617,-0.20740320879952598,0.7362837118016374,-27.97614656719044,-32.81728241610834,30.174041653078454,2020-07-28,2.0,0,True,False
2020-01-31,2020Q1,5,diag3,student_t_ar1_shared,2.2881432331032237,2.2623578327642773,-0.16918634674233826,0.7046699616825843,-5.16223383893778,-5.300247883185935,7.450377072041004,2020-04-28,10.0,0,True,False
2020-01-31,2020Q2,-8,diag3,student_t_ar1_shared,2.306812086255605,2.2806074060981274,-0.16108051035311677,0.7336544635336036,-27.97614656719044,-32.81728241610834,30.282958653446045,2020-07-28,10.0,0,True,False
2020-02-07,2020Q1,6,diag3,student_t_ar1_shared,2.484618720257803,2.45425400642757,-0.083952628727292,0.6592974614570162,-5.16223383893778,-5.300247883185935,7.646852559195583,2020-04-28,13.0,12,False,True
2020-02-07,2020Q2,-7,diag3,student_t_ar1_shared,2.5479850614907207,2.5160649985153003,-0.05649829980940581,0.7265888755863948,-27.97614656719044,-32.81728241610834,30.52413162868116,2020-07-28,13.0,0,True,False
2020-02-14,2020Q1,7,diag3,student_t_ar1_shared,2.4710940681623494,2.4410563727231187,-0.08981456629570246,0.6564177877354134,-5.16223383893778,-5.300247883185935,7.63332790710013,2020-04-28,6.0,0,True,False
2020-02-14,2020Q2,-6,diag3,student_t_ar1_shared,2.5356745039900153,2.5040595978494626,-0.06183068823318494,0.726742067596074,-27.97614656719044,-32.81728241610834,30.511821071180456,2020-07-28,6.0,0,True,False
2020-02-21,2020Q1,8,diag3,student_t_ar1_shared,2.454117535725908,2.4244878574658717,-0.09717373417490194,0.7306343676121633,-5.16223383893778,-5.300247883185935,7.616351374663688,2020-04-28,6.0,0,True,False
2020-02-21,2020Q2,-5,diag3,student_t_ar1_shared,2.649242270937191,2.6147575773397835,-0.012662431312811397,0.7387420069159315,-27.97614656719044,-32.81728241610834,30.62538883812763,2020-07-28,6.0,0,True,False
2020-02-28,2020Q1,9,diag3,student_t_ar1_shared,2.452393772129957,2.422805369598593,-0.09792103774904726,0.7284750990999389,-5.16223383893778,-5.300247883185935,7.614627611067737,2020-04-28,4.0,0,True,False
2020-02-28,2020Q2,-4,diag3,student_t_ar1_shared,2.6468684088035266,2.612444954732463,-0.013689619189592352,0.7384498619978341,-27.97614656719044,-32.81728241610834,30.623014975993968,2020-07-28,4.0,0,True,False
2020-03-06,2020Q1,10,diag3,student_t_ar1_shared,2.377190413882868,2.3493751940455154,-0.13053621061783047,0.7435398972956893,-5.16223383893778,-5.300247883185935,7.539424252820648,2020-04-28,13.0,2,True,True
2020-03-06,2020Q2,-3,diag3,student_t_ar1_shared,2.4549808239863413,2.425330463545687,-0.09679947736907965,0.7361377502631186,-27.97614656719044,-32.81728241610834,30.43112739117678,2020-07-28,13.0,0,True,False
2020-03-13,2020Q1,11,diag3,student_t_ar1_shared,2.3040276019872685,2.2778856692901077,-0.16228941276725756,0.7811796916732041,-5.16223383893778,-5.300247883185935,7.466261440925049,2020-04-28,6.0,0,True,False
2020-03-13,2020Q2,-2,diag3,student_t_ar1_shared,2.3605631928174775,2.3331327367468235,-0.13775055470213327,0.7421336582626379,-27.97614656719044,-32.81728241610834,30.336709760007917,2020-07-28,6.0,0,True,False
2020-03-20,2020Q1,12,diag3,student_t_ar1_shared,2.2002140330174225,2.176358603585031,-0.20738426340448468,0.875433712189328,-5.16223383893778,-5.300247883185935,7.362447871955203,2020-04-28,9.0,0,True,False
2020-03-20,2020Q2,-1,diag3,student_t_ar1_shared,2.041686518444452,2.021123516191288,-0.2763343806078393,0.7591896185481058,-27.97614656719044,-32.81728241610834,30.01783308563489,2020-07-28,9.0,0,True,False
2020-03-27,2020Q1,13,diag3,student_t_ar1_shared,2.21525044642914,2.1910702238405073,-0.20084986478432296,0.8687252019143665,-5.16223383893778,-5.300247883185935,7.37748428536692,2020-04-28,4.0,0,True,False
2020-03-27,2020Q2,0,diag3,student_t_ar1_shared,2.0582137408617918,2.0373187445402214,-0.2691410140079178,0.7565961584883195,-27.97614656719044,-32.81728241610834,30.034360308052232,2020-07-28,4.0,0,True,False
2020-04-03,2020Q1,14,diag3,student_t_ar1_shared,2.162266252598366,2.139220885543857,-0.223879567749624,0.8361826201716764,-5.16223383893778,-5.300247883185935,7.324500091536146,2020-04-28,9.0,12,False,True
2020-04-03,2020Q2,1,diag3,student_t_ar1_shared,1.8163681149873545,1.800069218764794,-0.374519140070128,0.746409335685247,-27.97614656719044,-32.81728241610834,29.792514682177796,2020-07-28,9.0,0,True,False
2020-04-03,2020Q3,-12,diag3,student_t_ar1_shared,1.902773819911907,1.8848974870219997,-0.33684132420587953,0.7606751846108196,34.85500597467652,29.90299854497912,-32.952232154764616,2020-10-28,9.0,0,True,False
2020-04-10,2020Q1,15,diag3,student_t_ar1_shared,2.0522298422002816,2.031455351606297,-0.2717453326371073,0.8361552732724782,-5.16223383893778,-5.300247883185935,7.214463681138062,2020-04-28,7.0,0,True,False
2020-04-10,2020Q2,2,diag3,student_t_ar1_shared,1.2408616260140226,1.2332260379739868,-0.6262914964853691,0.7508391376943062,-27.97614656719044,-32.81728241610834,29.217008193204464,2020-07-28,7.0,0,True,False
2020-04-10,2020Q3,-11,diag3,student_t_ar1_shared,1.291668855117023,1.2833979585519515,-0.6040068451075936,0.7643992966788526,34.85500597467652,29.90299854497912,-33.5633371195595,2020-10-28,7.0,0,True,False
2020-04-17,2020Q1,16,diag3,student_t_ar1_shared,1.927137126012024,1.9088030130589582,-0.3262233070441063,1.1288891663151983,-5.16223383893778,-5.300247883185935,7.089370964949804,2020-04-28,10.0,0,True,False
2020-04-17,2020Q2,3,diag3,student_t_ar1_shared,0.5663333800177028,0.5647357416657459,-0.9232120255591098,1.496887308477609,-27.97614656719044,-32.81728241610834,28.542479947208143,2020-07-28,10.0,0,True,False
2020-04-17,2020Q3,-10,diag3,student_t_ar1_shared,0.6317603212349532,0.6297730810558804,-0.8943246635017811,0.8866111860165649,34.85500597467652,29.90299854497912,-34.223245653441566,2020-10-28,10.0,0,True,False
2020-04-24,2020Q1,17,diag3,student_t_ar1_shared,1.913690230254006,1.8956094875499323,-0.3320834198925978,1.1090648452275587,-5.16223383893778,-5.300247883185935,7.075924069191786,2020-04-28,2.0,0,True,False
2020-04-24,2020Q2,4,diag3,student_t_ar1_shared,0.47878046341496283,0.47763795504085405,-0.9618978838709411,1.6123273651323655,-27.97614656719044,-32.81728241610834,28.454927030605404,2020-07-28,2.0,0,True,False
2020-04-24,2020Q3,-9,diag3,student_t_ar1_shared,0.537905434788466,0.5364638906235912,-0.9357694149717751,0.8936805994246493,34.85500597467652,29.90299854497912,-34.31710053988806,2020-10-28,2.0,0,True,False
2020-05-01,2020Q2,5,diag3,student_t_ar1_shared,-2.7202072509997954,-2.757889823097217,-2.2831598323600915,1.89292629279042,-27.97614656719044,-32.81728241610834,25.255939316190645,2020-07-28,13.0,21,True,True
2020-05-01,2020Q3,-8,diag3,student_t_ar1_shared,-2.284541711176591,-2.3110417461035513,-2.092278602313913,0.905373915594211,34.85500597467652,29.90299854497912,-37.13954768585312,2020-10-28,13.0,0,True,False
2020-05-08,2020Q2,6,diag3,student_t_ar1_shared,-3.256017482859297,-3.3102052217728413,-2.519093806568831,2.323774053049332,-27.97614656719044,-32.81728241610834,24.720129084331145,2020-07-28,10.0,0,True,False
2020-05-08,2020Q3,-7,diag3,student_t_ar1_shared,-3.8597147061578907,-3.9361756043404212,-2.7864911676604627,0.9717887025737317,34.85500597467652,29.90299854497912,-38.71472068083441,2020-10-28,10.0,0,True,False
2020-05-15,2020Q2,7,diag3,student_t_ar1_shared,-3.355651788619729,-3.4132458904631933,-2.5631099511983937,2.974005079516094,-27.97614656719044,-32.81728241610834,24.620494778570713,2020-07-28,6.0,0,True,False
2020-05-15,2020Q3,-6,diag3,student_t_ar1_shared,-4.017118342554127,-4.100032648872759,-2.8564863983046074,1.0927096601680133,34.85500597467652,29.90299854497912,-38.87212431723065,2020-10-28,6.0,0,True,False
2020-05-22,2020Q2,8,diag3,student_t_ar1_shared,-2.5671214845126467,-2.6006470540104343,-2.215990038587928,4.003346777079506,-27.97614656719044,-32.81728241610834,25.409025082677793,2020-07-28,6.0,0,True,False
2020-05-22,2020Q3,-5,diag3,student_t_ar1_shared,-2.906792514923018,-2.949876694740586,-2.3651713528270877,1.25529277978937,34.85500597467652,29.90299854497912,-37.76179848959954,2020-10-28,6.0,0,True,False
2020-05-29,2020Q2,9,diag3,student_t_ar1_shared,-2.6479701728991722,-2.683660356958127,-2.2514510424339313,3.9743176724930107,-27.97614656719044,-32.81728241610834,25.32817639429127,2020-07-28,4.0,0,True,False
2020-05-29,2020Q3,-4,diag3,student_t_ar1_shared,-3.003054804626959,-3.0490700811823923,-2.4075440441091995,1.2489112818505397,34.85500597467652,29.90299854497912,-37.85806077930348,2020-10-28,4.0,0,True,False
2020-06-05,2020Q2,10,diag3,student_t_ar1_shared,-3.3783990098258387,-3.436785703249804,-2.573165512923075,6.030429698233472,-27.97614656719044,-32.81728241610834,24.597747557364602,2020-07-28,13.0,29,True,True
2020-06-05,2020Q3,-3,diag3,student_t_ar1_shared,-2.6521856092470153,-2.6879905467078244,-2.2533007806073986,1.6712119458527102,34.85500597467652,29.90299854497912,-37.507191583923536,2020-10-28,13.0,0,True,False
2020-06-12,2020Q2,11,diag3,student_t_ar1_shared,-5.066635049350399,-5.199496207086279,-3.3261470440316776,6.586014507704997,-27.97614656719044,-32.81728241610834,22.90951151784004,2020-07-28,4.0,0,True,False
2020-06-12,2020Q3,-2,diag3,student_t_ar1_shared,-4.623963486298588,-4.734282867108073,-3.127420677866316,2.0074097992541255,34.85500597467652,29.90299854497912,-39.47896946097511,2020-10-28,4.0,0,True,False
2020-06-19,2020Q2,12,diag3,student_t_ar1_shared,-1.4729678067090801,-1.483923695084004,-1.7389564798730754,6.773227070604656,-27.97614656719044,-32.81728241610834,26.50317876048136,2020-07-28,11.0,0,True,False
2020-06-19,2020Q3,-1,diag3,student_t_ar1_shared,0.22336598195320523,0.22311689099774412,-1.0097556091828515,2.0193311485719203,34.85500597467652,29.90299854497912,-34.631639992723315,2020-10-28,11.0,0,True,False
2020-06-26,2020Q2,13,diag3,student_t_ar1_shared,-1.5456237733174727,-1.5576930629508259,-1.7704687284495586,6.762815956527176,-27.97614656719044,-32.81728241610834,26.430522793872967,2020-07-28,4.0,0,True,False
2020-06-26,2020Q3,0,diag3,student_t_ar1_shared,0.06469708581364753,0.06467616627149608,-1.0774371367137014,1.9900316690352216,34.85500597467652,29.90299854497912,-34.790308888862874,2020-10-28,4.0,0,True,False
2020-07-03,2020Q2,14,diag3,student_t_ar1_shared,-0.47574930788452097,-0.47688459708915243,-1.3087770259899694,7.172332332616722,-27.97614656719044,-32.81728241610834,27.50039725930592,2020-07-28,8.0,12,True,True
2020-07-03,2020Q3,1,diag3,student_t_ar1_shared,3.0224539144322105,2.9776777652423045,0.16691716839817694,2.130277025745456,34.85500597467652,29.90299854497912,-31.83255206024431,2020-10-28,8.0,0,True,False
2020-07-03,2020Q4,-12,diag3,student_t_ar1_shared,6.426310578931127,6.2282640227995385,1.555478371096435,1.2070234338978774,4.611736044615711,4.508555862817171,1.8145745343154163,2021-01-28,8.0,0,True,False
2020-07-10,2020Q2,15,diag3,student_t_ar1_shared,-1.637851299020865,-1.6514123606447728,-1.810503039312528,6.9353314331283,-27.97614656719044,-32.81728241610834,26.338295268169574,2020-07-28,8.0,0,True,False
2020-07-10,2020Q3,2,diag3,student_t_ar1_shared,2.6891801830340123,2.6536571774469158,0.02850446944513596,2.0702251519462944,34.85500597467652,29.90299854497912,-32.16582579164251,2020-10-28,8.0,0,True,False
2020-07-10,2020Q4,-11,diag3,student_t_ar1_shared,7.125970092419509,6.883524659404944,1.835387724533923,1.182724287094523,4.611736044615711,4.508555862817171,2.5142340478037983,2021-01-28,8.0,0,True,False
2020-07-17,2020Q2,16,diag3,student_t_ar1_shared,-2.2383567138310023,-2.263788131401007,-2.072093155485465,6.895837026561345,-27.97614656719044,-32.81728241610834,25.737789853359438,2020-07-28,10.0,0,True,False
2020-07-17,2020Q3,3,diag3,student_t_ar1_shared,2.1027059954916716,2.080904221517569,-0.21615986809866872,2.121082803766696,34.85500597467652,29.90299854497912,-32.752299979184855,2020-10-28,10.0,0,True,False
2020-07-17,2020Q4,-10,diag3,student_t_ar1_shared,6.622402948244122,6.4123462652502745,1.6341132509980296,1.2463356931869243,4.611736044615711,4.508555862817171,2.010666903628411,2021-01-28,10.0,0,True,False
2020-07-24,2020Q2,17,diag3,student_t_ar1_shared,-2.3825854399636803,-2.4114280616178996,-2.135160880143329,6.867912880865017,-27.97614656719044,-32.81728241610834,25.59356112722676,2020-07-28,2.0,0,True,False
2020-07-24,2020Q3,4,diag3,student_t_ar1_shared,1.812579519536528,1.7963481412900326,-0.33771441293722937,2.0879037824314635,34.85500597467652,29.90299854497912,-33.042426455139996,2020-10-28,2.0,0,True,False
2020-07-24,2020Q4,-9,diag3,student_t_ar1_shared,6.3534913471383625,6.159818395934124,1.5262402785096851,1.2155854977424523,4.611736044615711,4.508555862817171,1.7417553025226518,2021-01-28,2.0,0,True,False
2020-07-31,2020Q3,5,diag3,student_t_ar1_shared,6.875106662797981,6.649073928281892,1.1413971431589935,1.837504578276482,34.85500597467652,29.90299854497912,-27.97989931187854,2020-10-28,10.0,0,True,False
2020-07-31,2020Q4,-8,diag3,student_t_ar1_shared,4.802373051752906,4.690622926608397,0.622926607070938,1.0700154333461604,4.611736044615711,4.508555862817171,0.19063700713719545,2021-01-28,10.0,0,True,False
2020-08-07,2020Q3,6,diag3,student_t_ar1_shared,6.810153677569364,6.5882807906311225,1.125303071547635,1.204947373890233,34.85500597467652,29.90299854497912,-28.04485229710716,2020-10-28,13.0,15,True,True
2020-08-07,2020Q4,-7,diag3,student_t_ar1_shared,2.447416029616134,2.4179466608280937,0.0212696440594331,0.6788928507405216,4.611736044615711,4.508555862817171,-2.1643200149995767,2021-01-28,13.0,0,True,False
2020-08-14,2020Q3,7,diag3,student_t_ar1_shared,8.038646888496537,7.7318818686260204,1.4280543088633713,1.2085022654818098,34.85500597467652,29.90299854497912,-26.816359086179986,2020-10-28,6.0,0,True,False
2020-08-14,2020Q4,-6,diag3,student_t_ar1_shared,3.1641931528751943,3.115164127997503,0.20584751384754107,0.6741670872189576,4.611736044615711,4.508555862817171,-1.4475428917405164,2021-01-28,6.0,0,True,False
2020-08-21,2020Q3,8,diag3,student_t_ar1_shared,8.13831875719584,7.824095093531282,1.452466377437048,1.449164875794304,34.85500597467652,29.90299854497912,-26.716687217480683,2020-10-28,6.0,0,True,False
2020-08-21,2020Q4,-5,diag3,student_t_ar1_shared,3.0592111839030656,3.0133502932598866,0.17889382778009,0.6939095542286592,4.611736044615711,4.508555862817171,-1.5525248607126452,2021-01-28,6.0,0,True,False
2020-08-28,2020Q3,9,diag3,student_t_ar1_shared,8.28346926489585,7.958231800181986,1.4879770591680948,1.4948131296689338,34.85500597467652,29.90299854497912,-26.571536709780673,2020-10-28,4.0,0,True,False
2020-08-28,2020Q4,-4,diag3,student_t_ar1_shared,3.1250117450796866,3.0771772558429022,0.1957910590506251,0.6984412704112636,4.611736044615711,4.508555862817171,-1.4867242995360241,2021-01-28,4.0,0,True,False
2020-09-04,2020Q3,10,diag3,student_t_ar1_shared,10.10155850122798,9.623301296486211,1.9287792409102167,1.4657064893138414,34.85500597467652,29.90299854497912,-24.753447473448542,2020-10-28,12.0,6,True,True
2020-09-04,2020Q4,-3,diag3,student_t_ar1_shared,4.521691398686589,4.422443706961285,0.5519301799664036,0.6859175370259954,4.611736044615711,4.508555862817171,-0.09004464592912154,2021-01-28,12.0,0,True,False
2020-09-11,2020Q3,11,diag3,student_t_ar1_shared,11.956515205867646,11.294035282523687,2.3710810113712566,1.647768796937327,34.85500597467652,29.90299854497912,-22.898490768808877,2020-10-28,5.0,0,True,False
2020-09-11,2020Q4,-2,diag3,student_t_ar1_shared,5.739152707679618,5.580505180885665,0.8585095902735485,0.7977584559650456,4.611736044615711,4.508555862817171,1.127416663063907,2021-01-28,5.0,0,True,False
2020-09-18,2020Q3,12,diag3,student_t_ar1_shared,11.00636613954482,10.441736628815672,2.145447722860323,1.5628281028744877,34.85500597467652,29.90299854497912,-23.848639835131703,2020-10-28,11.0,0,True,False
2020-09-18,2020Q4,-1,diag3,student_t_ar1_shared,5.0267011848384335,4.904442883989198,0.6795322345973962,0.7431753299359377,4.611736044615711,4.508555862817171,0.4149651402227228,2021-01-28,11.0,0,True,False
2020-09-25,2020Q3,13,diag3,student_t_ar1_shared,10.687696397189782,10.154250389276383,2.069340051744472,1.5639317448838075,34.85500597467652,29.90299854497912,-24.16730957748674,2020-10-28,0.0,0,True,False
2020-09-25,2020Q4,0,diag3,student_t_ar1_shared,4.746818401623321,4.637599909868658,0.6088895584592713,0.7405776058126892,4.611736044615711,4.508555862817171,0.13508235700760984,2021-01-28,0.0,0,True,False
2020-10-02,2020Q3,14,diag3,student_t_ar1_shared,10.82042259641689,10.274089080259344,2.101065548223544,1.5496893408986185,34.85500597467652,29.90299854497912,-24.034583378259633,2020-10-28,11.0,6,True,True
2020-10-02,2020Q4,1,diag3,student_t_ar1_shared,4.962476952837225,4.8432737946358,0.6633386354100923,0.7299462314999677,4.611736044615711,4.508555862817171,0.35074090822151405,2021-01-28,11.0,0,True,False
2020-10-02,2021Q1,-12,diag3,student_t_ar1_shared,6.766103851925331,6.547031049879816,1.1143828212158435,0.5272548942922893,5.701255644273506,5.544658613895645,1.064848207651825,2021-04-28,11.0,0,True,False
2020-10-09,2020Q3,15,diag3,student_t_ar1_shared,11.677376862178267,11.04439647681958,2.3049928808481077,1.5425319317355544,34.85500597467652,29.90299854497912,-23.177629112498256,2020-10-28,9.0,0,True,False
2020-10-09,2020Q4,2,diag3,student_t_ar1_shared,5.535885433661969,5.388085538203006,0.8075693751697228,0.727589900779358,4.611736044615711,4.508555862817171,0.9241493890462582,2021-01-28,9.0,0,True,False
2020-10-09,2021Q1,-11,diag3,student_t_ar1_shared,7.298360159671424,7.044318077009597,1.2460321049228642,0.5283165832029628,5.701255644273506,5.544658613895645,1.597104515397918,2021-04-28,9.0,0,True,False
2020-10-16,2020Q3,16,diag3,student_t_ar1_shared,11.59744368043738,10.972795760750003,2.2860376649079788,1.533893821210753,34.85500597467652,29.90299854497912,-23.257562294239143,2020-10-28,8.0,0,True,False
2020-10-16,2020Q4,3,diag3,student_t_ar1_shared,5.483842298696406,5.338760163196607,0.7945112217615145,0.7220277628519257,4.611736044615711,4.508555862817171,0.8721062540806956,2021-01-28,8.0,0,True,False
2020-10-16,2021Q1,-10,diag3,student_t_ar1_shared,7.251034500518849,7.000201746599905,1.2343529679629885,0.5246145141242657,5.701255644273506,5.544658613895645,1.549778856245343,2021-04-28,8.0,0,True,False
2020-10-23,2020Q3,17,diag3,student_t_ar1_shared,10.653954703982649,10.123762052986619,2.0612687218786347,1.5400537844669353,34.85500597467652,29.90299854497912,-24.201051270693874,2020-10-28,4.0,0,True,False
2020-10-23,2020Q4,4,diag3,student_t_ar1_shared,4.821446467310975,4.708820682621479,0.627744190103467,0.7291615438035964,4.611736044615711,4.508555862817171,0.20971042269526396,2021-01-28,4.0,0,True,False
2020-10-23,2021Q1,-9,diag3,student_t_ar1_shared,6.631616726738043,6.420987395216967,1.0810146536447867,0.5208075255005921,5.701255644273506,5.544658613895645,0.930361082464537,2021-04-28,4.0,0,True,False
2020-10-30,2020Q4,5,diag3,student_t_ar1_shared,4.259216728544057,4.1710080649027645,0.3717068567557926,0.7229186409543563,4.611736044615711,4.508555862817171,-0.3525193160716533,2021-01-28,10.0,0,True,False
2020-10-30,2021Q1,-8,diag3,student_t_ar1_shared,8.570975714490547,8.223392717752827,1.2898239158922848,0.5127966673681303,5.701255644273506,5.544658613895645,2.869720070217041,2021-04-28,10.0,0,True,False
2020-11-06,2020Q4,6,diag3,student_t_ar1_shared,3.15597780460366,3.1072004390981025,0.13068829298153872,0.6881590539022183,4.611736044615711,4.508555862817171,-1.4557582400120506,2021-01-28,11.0,6,True,True
2020-11-06,2021Q1,-7,diag3,student_t_ar1_shared,9.50404147332733,9.07912710195777,1.4837009546071704,0.4826334351396645,5.701255644273506,5.544658613895645,3.802785829053824,2021-04-28,11.0,0,True,False
2020-11-13,2020Q4,7,diag3,student_t_ar1_shared,2.9556645456159103,2.9128268270393445,0.08665058571413642,0.810263029293627,4.611736044615711,4.508555862817171,-1.6560714989998004,2021-01-28,6.0,0,True,False
2020-11-13,2021Q1,-6,diag3,student_t_ar1_shared,9.297272298973658,8.890125278943096,1.440880291520406,0.4952029673095188,5.701255644273506,5.544658613895645,3.5960166547001515,2021-04-28,6.0,0,True,False
2020-11-20,2020Q4,8,diag3,student_t_ar1_shared,2.468583070248642,2.4386058975892717,-0.020789936947369192,0.7845908524466979,4.611736044615711,4.508555862817171,-2.1431529743670685,2021-01-28,8.0,0,True,False
2020-11-20,2021Q1,-5,diag3,student_t_ar1_shared,8.798237522880248,8.432494906430883,1.3371985614341588,0.4927885434433716,5.701255644273506,5.544658613895645,3.0969818786067416,2021-04-28,8.0,0,True,False
2020-11-27,2020Q4,9,diag3,student_t_ar1_shared,2.3688036845161964,2.341182868321842,-0.042862309830400847,0.7651284990103241,4.611736044615711,4.508555862817171,-2.2429323600995144,2021-01-28,4.0,0,True,False
2020-11-27,2021Q1,-4,diag3,student_t_ar1_shared,8.73212048502987,8.371706113094755,1.3234261205265638,0.4902982880061189,5.701255644273506,5.544658613895645,3.0308648407563643,2021-04-28,4.0,0,True,False
2020-12-04,2020Q4,10,diag3,student_t_ar1_shared,1.9228864838789494,1.9046326508893296,-0.14176807424559446,0.739815737017851,4.611736044615711,4.508555862817171,-2.6888495607367613,2021-01-28,9.0,12,False,True
2020-12-04,2021Q1,-3,diag3,student_t_ar1_shared,8.263193731320273,7.939505551202404,1.2255058235077048,0.48218917995419736,5.701255644273506,5.544658613895645,2.5619380870467667,2021-04-28,9.0,0,True,False
2020-12-11,2020Q4,11,diag3,student_t_ar1_shared,1.7306133429863424,1.715808792537446,-0.18454841727223936,0.7390118032613443,4.611736044615711,4.508555862817171,-2.8811227016293683,2021-01-28,7.0,0,True,False
2020-12-11,2021Q1,-2,diag3,student_t_ar1_shared,8.048666912260249,7.741155919559102,1.1805673006167257,0.4876309975035447,5.701255644273506,5.544658613895645,2.3474112679867423,2021-04-28,7.0,0,True,False
2020-12-18,2020Q4,12,diag3,student_t_ar1_shared,1.4517491115107584,1.4413121253989707,-0.24673897773611309,0.7261796986986555,4.611736044615711,4.508555862817171,-3.1599869331049524,2021-01-28,12.0,0,True,False
2020-12-18,2021Q1,-1,diag3,student_t_ar1_shared,7.786034626835847,7.497791517844021,1.1254301337527615,0.48129984079486876,5.701255644273506,5.544658613895645,2.084778982562341,2021-04-28,12.0,0,True,False
2020-12-25,2020Q4,13,diag3,student_t_ar1_shared,1.3173764426277712,1.3087745034252778,-0.27676698892844875,0.7303819008991659,4.611736044615711,4.508555862817171,-3.2943596019879395,2021-01-28,0.0,0,True,False
2020-12-25,2021Q1,0,diag3,student_t_ar1_shared,7.495057299724461,7.2274681915363175,1.0641850944421245,0.4820673741236997,5.701255644273506,5.544658613895645,1.793801655450955,2021-04-28,0.0,0,True,False
2021-01-01,2020Q4,14,diag3,student_t_ar1_shared,1.0711165996548422,1.0654207822699893,-0.33190173598161365,0.7313170176127761,4.611736044615711,4.508555862817171,-3.5406194449608686,2021-01-28,8.0,12,False,True
2021-01-01,2021Q1,1,diag3,student_t_ar1_shared,7.51090900832041,7.242213557813247,1.0675258366178564,0.4837005066895532,5.701255644273506,5.544658613895645,1.8096533640469037,2021-04-28,8.0,0,True,False
2021-01-01,2021Q2,-12,diag3,student_t_ar1_shared,3.2750241439807315,3.2225381078110447,0.1568194454455354,0.44094638291214544,6.983331307653917,6.7502854167053385,-3.7083071636731857,2021-07-28,8.0,0,True,False
2021-01-08,2020Q4,15,diag3,student_t_ar1_shared,1.0468995750306576,1.0414575303061995,-0.337330902337988,0.7312818969106132,4.611736044615711,4.508555862817171,-3.564836469585053,2021-01-28,12.0,0,True,False
2021-01-08,2021Q1,2,diag3,student_t_ar1_shared,8.271019011910209,7.946733305647483,1.2271433592363552,0.48106597422889275,5.701255644273506,5.544658613895645,2.5697633676367024,2021-04-28,12.0,0,True,False
2021-01-08,2021Q2,-11,diag3,student_t_ar1_shared,3.957760330790072,3.8814479986280324,0.30610349990156327,0.43974502076014993,6.983331307653917,6.7502854167053385,-3.025570976863845,2021-07-28,12.0,0,True,False
2021-01-15,2020Q4,16,diag3,student_t_ar1_shared,0.9731760890562269,0.9684712303013061,-0.3538668368205693,0.7268146533385649,4.611736044615711,4.508555862817171,-3.638559955559484,2021-01-28,6.0,0,True,False
2021-01-15,2021Q1,3,diag3,student_t_ar1_shared,8.208374374638861,7.888857460709108,1.2140308822377837,0.4784753933466437,5.701255644273506,5.544658613895645,2.507118730365355,2021-04-28,6.0,0,True,False
2021-01-15,2021Q2,-10,diag3,student_t_ar1_shared,3.900533125290462,3.826384324242917,0.29362815436491585,0.4379689150036041,6.983331307653917,6.7502854167053385,-3.0827981823634554,2021-07-28,6.0,0,True,False
2021-01-22,2020Q4,17,diag3,student_t_ar1_shared,1.2281412693723182,1.220660799368043,-0.296730220894041,0.7274969070129699,4.611736044615711,4.508555862817171,-3.3835947752433926,2021-01-28,6.0,0,True,False
2021-01-22,2021Q1,4,diag3,student_t_ar1_shared,8.596753018606185,8.24713225252355,1.295202396396014,0.4665445978562227,5.701255644273506,5.544658613895645,2.8954973743326784,2021-04-28,6.0,0,True,False
2021-01-22,2021Q2,-9,diag3,student_t_ar1_shared,4.263979737840007,4.175576390515914,0.3727418665182971,0.4343308518961836,6.983331307653917,6.7502854167053385,-2.7193515698139104,2021-07-28,6.0,0,True,False
2021-01-29,2021Q1,5,diag3,student_t_ar1_shared,7.784815280398383,7.496660245746704,1.1252154033751265,0.44340886873487917,5.701255644273506,5.544658613895645,2.0835596361248765,2021-04-28,6.0,0,True,False
2021-01-29,2021Q2,-8,diag3,student_t_ar1_shared,4.7512772340861265,4.641856590531971,0.47660685964387406,0.4223530644605571,6.983331307653917,6.7502854167053385,-2.2320540735677907,2021-07-28,6.0,0,True,False
2021-02-05,2021Q1,6,diag3,student_t_ar1_shared,7.865606689911053,7.571588374849679,1.1422389995910043,0.43759020662396386,5.701255644273506,5.544658613895645,2.164351045637547,2021-04-28,14.0,4,True,True
2021-02-05,2021Q2,-7,diag3,student_t_ar1_shared,4.926810080486788,4.809287426681659,0.5146469786595502,0.4150869353303358,6.983331307653917,6.7502854167053385,-2.0565212271671296,2021-07-28,14.0,0,True,False
2021-02-12,2021Q1,7,diag3,student_t_ar1_shared,7.760440628807697,7.474043508865366,1.120076903308489,0.4590442567210609,5.701255644273506,5.544658613895645,2.0591849845341903,2021-04-28,4.0,0,True,False
2021-02-12,2021Q2,-6,diag3,student_t_ar1_shared,4.866603859731677,4.75189170459757,0.5016067278355177,0.4167692157776993,6.983331307653917,6.7502854167053385,-2.1167274479222398,2021-07-28,4.0,0,True,False
2021-02-19,2021Q1,8,diag3,student_t_ar1_shared,7.626004348406923,7.349210864106435,1.0917150508990205,0.6255520882211915,5.701255644273506,5.544658613895645,1.9247487041334166,2021-04-28,11.0,0,True,False
2021-02-19,2021Q2,-5,diag3,student_t_ar1_shared,4.728929876878607,4.620520582132423,0.47175933981119145,0.4278895912859586,6.983331307653917,6.7502854167053385,-2.25440143077531,2021-07-28,11.0,0,True,False
2021-02-26,2021Q1,9,diag3,student_t_ar1_shared,7.662171453765398,7.38280964914323,1.0993486613555743,0.5961571999642346,5.701255644273506,5.544658613895645,1.9609158094918921,2021-04-28,4.0,0,True,False
2021-02-26,2021Q2,-4,diag3,student_t_ar1_shared,4.753951874046436,4.64440988237279,0.4771869650040344,0.4249914823632193,6.983331307653917,6.7502854167053385,-2.2293794336074813,2021-07-28,4.0,0,True,False
2021-03-05,2021Q1,10,diag3,student_t_ar1_shared,7.899140333686683,7.60267189939038,1.1493011453709956,1.0435370771145123,5.701255644273506,5.544658613895645,2.1978846894131765,2021-04-28,10.0,4,True,True
2021-03-05,2021Q2,-3,diag3,student_t_ar1_shared,5.262123526353202,5.128346783962563,0.5871369464763494,0.4737836853033377,6.983331307653917,6.7502854167053385,-1.7212077813007154,2021-07-28,10.0,0,True,False
2021-03-12,2021Q1,11,diag3,student_t_ar1_shared,7.886437081433506,7.590897940796825,1.1466261137192153,0.9919051272364446,5.701255644273506,5.544658613895645,2.18518143716,2021-04-28,6.0,0,True,False
2021-03-12,2021Q2,-2,diag3,student_t_ar1_shared,5.256939671352057,5.123421952050954,0.5860180295769417,0.4658246428146602,6.983331307653917,6.7502854167053385,-1.7263916363018605,2021-07-28,6.0,0,True,False
2021-03-19,2021Q1,12,diag3,student_t_ar1_shared,7.7050726656634705,7.422649702481844,1.1084002817466763,1.0820574761318615,5.701255644273506,5.544658613895645,2.003817021389964,2021-04-28,12.0,0,True,False
2021-03-19,2021Q2,-1,diag3,student_t_ar1_shared,5.046413693657459,4.923210167835382,0.5405301118489781,0.5289057724476994,6.983331307653917,6.7502854167053385,-1.9369176139964583,2021-07-28,12.0,0,True,False
2021-03-26,2021Q1,13,diag3,student_t_ar1_shared,7.751070591836684,7.465347883352069,1.1181012658629121,1.0727008085692038,5.701255644273506,5.544658613895645,2.0498149475631777,2021-04-28,4.0,0,True,False
2021-03-26,2021Q2,0,diag3,student_t_ar1_shared,5.21324658811273,5.0819024526448455,0.5765848407140036,0.5221300336352006,6.983331307653917,6.7502854167053385,-1.7700847195411873,2021-07-28,4.0,0,True,False
2021-04-02,2021Q1,14,diag3,student_t_ar1_shared,7.912956901757551,7.615476156674141,1.1522102598578048,1.1154883647610867,5.701255644273506,5.544658613895645,2.2117012574840444,2021-04-28,8.0,4,True,True
2021-04-02,2021Q2,1,diag3,student_t_ar1_shared,6.057571746213952,5.881189036369824,0.7581819555092035,0.5496279206676704,6.983331307653917,6.7502854167053385,-0.925759561439965,2021-07-28,8.0,0,True,False
2021-04-02,2021Q3,-12,diag3,student_t_ar1_shared,6.277142049739415,6.0880043779250546,0.8051701948798479,0.44953118710557194,3.34127932577879,3.2866716567676137,2.935862723960625,2021-10-28,8.0,0,True,False
2021-04-09,2021Q1,15,diag3,student_t_ar1_shared,7.969432295056644,7.667796676932898,1.1640974298879767,1.1078960112611367,5.701255644273506,5.544658613895645,2.268176650783138,2021-04-28,8.0,0,True,False
2021-04-09,2021Q2,2,diag3,student_t_ar1_shared,6.293120522349516,6.103037969591975,0.8085858119154782,0.5455735515712105,6.983331307653917,6.7502854167053385,-0.6902107853044015,2021-07-28,8.0,0,True,False
2021-04-09,2021Q3,-11,diag3,student_t_ar1_shared,6.486288937165363,6.284604849934358,0.8498376260756508,0.45109479683560944,3.34127932577879,3.2866716567676137,3.1450096113865733,2021-10-28,8.0,0,True,False
2021-04-16,2021Q1,16,diag3,student_t_ar1_shared,7.906109537589523,7.609130689349767,1.1507685760092365,1.1510002046805157,5.701255644273506,5.544658613895645,2.2048538933160167,2021-04-28,8.0,0,True,False
2021-04-16,2021Q2,3,diag3,student_t_ar1_shared,5.858330866030603,5.693151294573216,0.7154599680792003,0.5627929499332077,6.983331307653917,6.7502854167053385,-1.125000441623314,2021-07-28,8.0,0,True,False
2021-04-16,2021Q3,-10,diag3,student_t_ar1_shared,6.0578057538901,5.881409678247753,0.7582320851238509,0.4709290970769209,3.34127932577879,3.2866716567676137,2.71652642811131,2021-10-28,8.0,0,True,False
2021-04-23,2021Q1,17,diag3,student_t_ar1_shared,8.123407046043528,7.810304663328658,1.1964751022919566,1.1486988605149682,5.701255644273506,5.544658613895645,2.422151401770022,2021-04-28,4.0,0,True,False
2021-04-23,2021Q2,4,diag3,student_t_ar1_shared,6.398488155965709,6.202118175803042,0.8310967359665117,0.5724789277926862,6.983331307653917,6.7502854167053385,-0.584843151688208,2021-07-28,4.0,0,True,False
2021-04-23,2021Q3,-9,diag3,student_t_ar1_shared,6.5850498932446655,6.3773071004520485,0.8708994849530755,0.4682968036475068,3.34127932577879,3.2866716567676137,3.2437705674658757,2021-10-28,4.0,0,True,False
2021-04-30,2021Q2,5,diag3,student_t_ar1_shared,5.375495408462894,5.235993170805235,0.6080304325656125,0.5882023896183419,6.983331307653917,6.7502854167053385,-1.6078358991910235,2021-07-28,10.0,0,True,False
2021-04-30,2021Q3,-8,diag3,student_t_ar1_shared,5.701819700066668,5.545192244536772,0.6784118657473892,0.49336756000349796,3.34127932577879,3.2866716567676137,2.3605403742878783,2021-10-28,10.0,0,True,False
2021-05-07,2021Q2,6,diag3,student_t_ar1_shared,4.735430128543827,4.626727128837686,0.46934626153896797,0.6401718842078311,6.983331307653917,6.7502854167053385,-2.24790117911009,2021-07-28,13.0,5,True,True
2021-05-07,2021Q3,-7,diag3,student_t_ar1_shared,4.927645415095494,4.810083535210051,0.5110827599954674,0.4976718931885291,3.34127932577879,3.2866716567676137,1.5863660893167042,2021-10-28,13.0,0,True,False
2021-05-14,2021Q2,7,diag3,student_t_ar1_shared,4.957658025547329,4.838682593995387,0.5175926201987013,0.6639706304805658,6.983331307653917,6.7502854167053385,-2.025673282106588,2021-07-28,6.0,0,True,False
2021-05-14,2021Q3,-6,diag3,student_t_ar1_shared,5.131008761429889,5.003708892534209,0.5551567282138846,0.49935290668907156,3.34127932577879,3.2866716567676137,1.7897294356510995,2021-10-28,6.0,0,True,False
2021-05-21,2021Q2,8,diag3,student_t_ar1_shared,4.898619662039105,4.782417071975944,0.5047851818365557,0.7183889986389254,6.983331307653917,6.7502854167053385,-2.084711645614812,2021-07-28,6.0,0,True,False
2021-05-21,2021Q3,-5,diag3,student_t_ar1_shared,5.100894096426467,4.975059896068844,0.5486355009471989,0.5000959234568766,3.34127932577879,3.2866716567676137,1.7596147706476772,2021-10-28,6.0,0,True,False
2021-05-28,2021Q2,9,diag3,student_t_ar1_shared,4.864606715792896,4.749987225113241,0.4974033385712545,0.6950486562702294,6.983331307653917,6.7502854167053385,-2.118724591861021,2021-07-28,4.0,0,True,False
2021-05-28,2021Q3,-4,diag3,student_t_ar1_shared,5.066135362982105,4.9419826490328385,0.541106293229963,0.49724568417486703,3.34127932577879,3.2866716567676137,1.724856037203315,2021-10-28,4.0,0,True,False
2021-06-04,2021Q2,10,diag3,student_t_ar1_shared,5.015457473146023,4.893736736447211,0.5301243183101824,1.0109994618736287,6.983331307653917,6.7502854167053385,-1.9678738345078939,2021-07-28,12.0,6,True,True
2021-06-04,2021Q3,-3,diag3,student_t_ar1_shared,5.224280359766498,5.09238895837785,0.575342526487488,0.5211839414201491,3.34127932577879,3.2866716567676137,1.883001033987708,2021-10-28,12.0,0,True,False
2021-06-11,2021Q2,11,diag3,student_t_ar1_shared,5.214428885116162,5.08302616130227,0.573211319984128,1.0261968575557692,6.983331307653917,6.7502854167053385,-1.7689024225377548,2021-07-28,5.0,0,True,False
2021-06-11,2021Q3,-2,diag3,student_t_ar1_shared,5.424744311041962,5.282718832541331,0.6186663604151529,0.520498711564786,3.34127932577879,3.2866716567676137,2.0834649852631726,2021-10-28,5.0,0,True,False
2021-06-18,2021Q2,12,diag3,student_t_ar1_shared,5.035040431076188,4.91238268890368,0.5343686028776868,1.020264674100944,6.983331307653917,6.7502854167053385,-1.9482908765777296,2021-07-28,11.0,0,True,False
2021-06-18,2021Q3,-1,diag3,student_t_ar1_shared,5.144240605615047,5.016294153274552,0.5580214479466508,0.5208231909644948,3.34127932577879,3.2866716567676137,1.802961279836257,2021-10-28,11.0,0,True,False
2021-06-25,2021Q2,13,diag3,student_t_ar1_shared,5.050681961515013,4.927273306209415,0.537758079354091,1.0191653066094348,6.983331307653917,6.7502854167053385,-1.9326493461389038,2021-07-28,0.0,0,True,False
2021-06-25,2021Q3,0,diag3,student_t_ar1_shared,5.179523462341318,5.049845147584296,0.5656584923779148,0.5187638867200555,3.34127932577879,3.2866716567676137,1.838244136562528,2021-10-28,0.0,0,True,False
2021-07-02,2021Q2,14,diag3,student_t_ar1_shared,4.960598423695295,4.841484063670209,0.5182303046792845,1.1557836075867898,6.983331307653917,6.7502854167053385,-2.0227328839586223,2021-07-28,11.0,5,True,True
2021-07-02,2021Q3,1,diag3,student_t_ar1_shared,5.225032382982264,5.093103641838651,0.5755052062964388,0.5560166950056062,3.34127932577879,3.2866716567676137,1.8837530572034744,2021-10-28,11.0,0,True,False
2021-07-02,2021Q4,-12,diag3,student_t_ar1_shared,4.739749193327425,4.6308508296008855,0.47028491884548634,0.4517594845358018,7.0416786109130936,6.804809235885943,-2.3019294175856686,2022-01-28,11.0,0,True,False
2021-07-09,2021Q2,15,diag3,student_t_ar1_shared,5.137828750303086,5.010195815614472,0.5566333139546469,1.15266626526063,6.983331307653917,6.7502854167053385,-1.845502557350831,2021-07-28,9.0,0,True,False
2021-07-09,2021Q3,2,diag3,student_t_ar1_shared,5.394465234384516,5.253993673262988,0.6121277965896355,0.5530289172260092,3.34127932577879,3.2866716567676137,2.053185908605726,2021-10-28,9.0,0,True,False
2021-07-09,2021Q4,-11,diag3,student_t_ar1_shared,4.8746829154145965,4.759595534216559,0.49959042974518275,0.4520589595521831,7.0416786109130936,6.804809235885943,-2.166995695498497,2022-01-28,9.0,0,True,False
2021-07-16,2021Q2,16,diag3,student_t_ar1_shared,5.166616087390152,5.037572638095897,0.5628649626428271,1.1548408994545356,6.983331307653917,6.7502854167053385,-1.8167152202637649,2021-07-28,8.0,0,True,False
2021-07-16,2021Q3,3,diag3,student_t_ar1_shared,5.4360052772664424,5.293399783128077,0.6210976115860141,0.5538809854107487,3.34127932577879,3.2866716567676137,2.0947259514876526,2021-10-28,8.0,0,True,False
2021-07-16,2021Q4,-10,diag3,student_t_ar1_shared,4.9066557925175,4.7900776329078845,0.5065289168706214,0.4510032624012086,7.0416786109130936,6.804809235885943,-2.1350228183955933,2022-01-28,8.0,0,True,False
2021-07-23,2021Q2,17,diag3,student_t_ar1_shared,5.181687300995352,5.051902407709637,0.5661267761741813,1.1562142085673737,6.983331307653917,6.7502854167053385,-1.8016440066585648,2021-07-28,4.0,0,True,False
2021-07-23,2021Q3,4,diag3,student_t_ar1_shared,5.568682350163123,5.41915726451315,0.6497231558555836,0.5752376940074518,3.34127932577879,3.2866716567676137,2.2274030243843335,2021-10-28,4.0,0,True,False
2021-07-23,2021Q4,-9,diag3,student_t_ar1_shared,5.056896259736843,4.933188655171358,0.5391045605472184,0.4508224233529406,7.0416786109130936,6.804809235885943,-1.9847823511762508,2022-01-28,4.0,0,True,False
2021-07-30,2021Q3,5,diag3,student_t_ar1_shared,5.543085906121048,5.394908077100329,0.6378947351326232,0.5641723478671823,3.34127932577879,3.2866716567676137,2.201806580342258,2021-10-28,10.0,0,True,False
2021-07-30,2021Q4,-8,diag3,student_t_ar1_shared,5.267219961533232,5.133188327755541,0.5783005292424324,0.4447512529302419,7.0416786109130936,6.804809235885943,-1.774458649379862,2022-01-28,10.0,0,True,False
2021-08-06,2021Q3,6,diag3,student_t_ar1_shared,5.789887516022074,5.628474773393302,0.6910784242612489,0.5852054944147635,3.34127932577879,3.2866716567676137,2.4486081902432844,2021-10-28,11.0,12,False,True
2021-08-06,2021Q4,-7,diag3,student_t_ar1_shared,5.520176375721242,5.373199391048486,0.6329516159778101,0.44303755426174135,7.0416786109130936,6.804809235885943,-1.5215022351918517,2022-01-28,11.0,0,True,False
2021-08-13,2021Q3,7,diag3,student_t_ar1_shared,5.817167676960833,5.654258565020685,0.6969494545931929,0.5724152363788997,3.34127932577879,3.2866716567676137,2.475888351182043,2021-10-28,6.0,0,True,False
2021-08-13,2021Q4,-6,diag3,student_t_ar1_shared,5.540516366222015,5.392473458900234,0.6373403668106157,0.4414768314612166,7.0416786109130936,6.804809235885943,-1.5011622446910788,2022-01-28,6.0,0,True,False
2021-08-20,2021Q3,8,diag3,student_t_ar1_shared,5.346750716058679,5.208711103428726,0.595497243873766,0.6034588740353312,3.34127932577879,3.2866716567676137,2.0054713902798893,2021-10-28,8.0,0,True,False
2021-08-20,2021Q4,-5,diag3,student_t_ar1_shared,4.9578615045647645,4.838876461526381,0.5112850212576656,0.44141698146758623,7.0416786109130936,6.804809235885943,-2.083817106348329,2022-01-28,8.0,0,True,False
2021-08-27,2021Q3,9,diag3,student_t_ar1_shared,5.411858226183552,5.270495068053224,0.6095655987371738,0.588450197917996,3.34127932577879,3.2866716567676137,2.0705789004047626,2021-10-28,4.0,0,True,False
2021-08-27,2021Q4,-4,diag3,student_t_ar1_shared,5.015999035019947,4.894252432412887,0.5238942607920966,0.43962384881758554,7.0416786109130936,6.804809235885943,-2.0256795758931467,2022-01-28,4.0,0,True,False
2021-09-03,2021Q3,10,diag3,student_t_ar1_shared,5.3954749643188915,5.254951717022969,0.6060263409477273,0.5795444906490198,3.34127932577879,3.2866716567676137,2.0541956385401017,2021-10-28,9.0,12,False,True
2021-09-03,2021Q4,-3,diag3,student_t_ar1_shared,4.986000534494117,4.865682703751846,0.5173888660088778,0.4351902877670651,7.0416786109130936,6.804809235885943,-2.0556780764189764,2022-01-28,9.0,0,True,False
2021-09-10,2021Q3,11,diag3,student_t_ar1_shared,5.163748859719197,5.034846234162863,0.5559078019533898,0.576380433163521,3.34127932577879,3.2866716567676137,1.8224695339404073,2021-10-28,7.0,0,True,False
2021-09-10,2021Q4,-2,diag3,student_t_ar1_shared,4.768795200319853,4.658578583867516,0.4702307681122078,0.4363903868311518,7.0416786109130936,6.804809235885943,-2.2728834105932405,2022-01-28,7.0,0,True,False
2021-09-17,2021Q3,12,diag3,student_t_ar1_shared,5.158220564236182,5.02958925078692,0.5547107744059787,0.5952812924564647,3.34127932577879,3.2866716567676137,1.8169412384573924,2021-10-28,10.0,0,True,False
2021-09-17,2021Q4,-1,diag3,student_t_ar1_shared,4.851014486125105,4.73702469079279,0.4880931321832886,0.43877158829841717,7.0416786109130936,6.804809235885943,-2.1906641247879888,2022-01-28,10.0,0,True,False
2021-09-24,2021Q3,13,diag3,student_t_ar1_shared,5.223834899878366,5.091965614231869,0.5689140198818199,0.5985144650323214,3.34127932577879,3.2866716567676137,1.8825555740995759,2021-10-28,2.0,0,True,False
2021-09-24,2021Q4,0,diag3,student_t_ar1_shared,5.059780696946992,4.9359342127845025,0.5333853007596743,0.43919683911926316,7.0416786109130936,6.804809235885943,-1.981897913966102,2022-01-28,2.0,0,True,False
2021-10-01,2021Q3,14,diag3,student_t_ar1_shared,5.316299452986151,5.179801179965459,0.5889143859295233,0.5908232416173188,3.34127932577879,3.2866716567676137,1.9750201272073609,2021-10-28,11.0,11,False,True
2021-10-01,2021Q4,1,diag3,student_t_ar1_shared,5.315256575155014,5.178810941037542,0.5886889061837322,0.4326281669752915,7.0416786109130936,6.804809235885943,-1.7264220357580795,2022-01-28,11.0,0,True,False
2021-10-01,2022Q1,-13,diag3,student_t_ar1_shared,4.7130146946367635,4.605322879203303,0.4581043182109997,0.4214270204447568,-1.0153057807451127,-1.0204951651818233,5.728320475381876,2022-04-28,11.0,0,True,False
2021-10-08,2021Q3,15,diag3,student_t_ar1_shared,5.339608775184246,5.20193141356705,0.5939534924583691,0.5907940732849862,3.34127932577879,3.2866716567676137,1.998329449405456,2021-10-28,9.0,0,True,False
2021-10-08,2021Q4,2,diag3,student_t_ar1_shared,5.317492220914688,5.1809337313182935,0.5891722705510354,0.4316748159020782,7.0416786109130936,6.804809235885943,-1.7241863899984056,2022-01-28,9.0,0,True,False
2021-10-08,2022Q1,-12,diag3,student_t_ar1_shared,4.7088651557008365,4.601360027815063,0.45720196757779646,0.4215769887004045,-1.0153057807451127,-1.0204951651818233,5.724170936445949,2022-04-28,9.0,0,True,False
2021-10-15,2021Q3,16,diag3,student_t_ar1_shared,5.350140247564772,5.21192855148017,0.5962298644043098,0.5857966079378228,3.34127932577879,3.2866716567676137,2.008860921785982,2021-10-28,6.0,0,True,False
2021-10-15,2021Q4,3,diag3,student_t_ar1_shared,5.346722276332061,5.208684107123415,0.5954910967512008,0.4292019836430025,7.0416786109130936,6.804809235885943,-1.6949563345810326,2022-01-28,6.0,0,True,False
2021-10-15,2022Q1,-11,diag3,student_t_ar1_shared,4.734189430877134,4.625542520139466,0.46270837827139644,0.4202000185026691,-1.0153057807451127,-1.0204951651818233,5.749495211622246,2022-04-28,6.0,0,True,False
2021-10-22,2021Q3,17,diag3,student_t_ar1_shared,4.982961321383073,4.862787787203809,0.5167296866644432,0.6056677061621717,3.34127932577879,3.2866716567676137,1.6416819956042827,2021-10-28,6.0,0,True,False
2021-10-22,2021Q4,4,diag3,student_t_ar1_shared,4.619273513499933,4.515760788036813,0.43771081823901076,0.4246612565852138,7.0416786109130936,6.804809235885943,-2.4224050974131606,2022-01-28,6.0,0,True,False
2021-10-22,2022Q1,-10,diag3,student_t_ar1_shared,4.045775051432776,3.9660761043320085,0.3125463157610828,0.4219024100554243,-1.0153057807451127,-1.0204951651818233,5.061080832177889,2022-04-28,6.0,0,True,False
2021-10-29,2021Q4,5,diag3,student_t_ar1_shared,4.784145495946834,4.673229101873552,0.47407899058863784,0.41697705596446427,7.0416786109130936,6.804809235885943,-2.257533114966259,2022-01-28,6.0,0,True,False
2021-10-29,2022Q1,-9,diag3,student_t_ar1_shared,3.8471041094896963,3.774947862495457,0.26885163791161315,0.41464781524502514,-1.0153057807451127,-1.0204951651818233,4.862409890234809,2022-04-28,6.0,0,True,False
2021-11-05,2021Q4,6,diag3,student_t_ar1_shared,5.228802089865359,5.09668609676795,0.5708248138621067,0.4907741799866362,7.0416786109130936,6.804809235885943,-1.812876521047735,2022-01-28,14.0,3,True,True
2021-11-05,2022Q1,-8,diag3,student_t_ar1_shared,4.388069465070266,4.294520577581599,0.387556702835563,0.4182419058426295,-1.0153057807451127,-1.0204951651818233,5.403375245815378,2022-04-28,14.0,0,True,False
2021-11-12,2021Q4,7,diag3,student_t_ar1_shared,5.265812304930839,5.131851096645288,0.578858845427444,0.5030874519227156,7.0416786109130936,6.804809235885943,-1.7758663059822544,2022-01-28,4.0,0,True,False
2021-11-12,2022Q1,-7,diag3,student_t_ar1_shared,4.4122243026608166,4.317657362748366,0.39284268784903165,0.41934720202756576,-1.0153057807451127,-1.0204951651818233,5.427530083405929,2022-04-28,4.0,0,True,False
2021-11-19,2021Q4,8,diag3,student_t_ar1_shared,5.687222805538528,5.531381789294314,0.6701383053239288,0.544680039715922,7.0416786109130936,6.804809235885943,-1.354455805374566,2022-01-28,11.0,0,True,False
2021-11-19,2022Q1,-6,diag3,student_t_ar1_shared,4.93418596458548,4.816316731069544,0.5067697493993815,0.4249856702695835,-1.0153057807451127,-1.0204951651818233,5.949491745330593,2022-04-28,11.0,0,True,False
2021-11-26,2021Q4,9,diag3,student_t_ar1_shared,5.693366862535609,5.537195054370806,0.671466442826705,0.5206787156728246,7.0416786109130936,6.804809235885943,-1.3483117483774842,2022-01-28,4.0,0,True,False
2021-11-26,2022Q1,-5,diag3,student_t_ar1_shared,4.934979898772585,4.8170733302429785,0.5069426071176492,0.42237084253076834,-1.0153057807451127,-1.0204951651818233,5.950285679517697,2022-04-28,4.0,0,True,False
2021-12-03,2021Q4,10,diag3,student_t_ar1_shared,5.798280502974684,5.63640809692042,0.6941333195028637,0.5132484420495778,7.0416786109130936,6.804809235885943,-1.2433981079384093,2022-01-28,9.0,11,False,True
2021-12-03,2022Q1,-4,diag3,student_t_ar1_shared,5.1036976648810795,4.977727362494104,0.5436467041091597,0.4185647757213414,-1.0153057807451127,-1.0204951651818233,6.119003445626192,2022-04-28,9.0,0,True,False
2021-12-10,2021Q4,11,diag3,student_t_ar1_shared,5.971960043214342,5.800434523609669,0.7316078963311765,0.5241466691450617,7.0416786109130936,6.804809235885943,-1.069718567698752,2022-01-28,7.0,0,True,False
2021-12-10,2022Q1,-3,diag3,student_t_ar1_shared,5.254387207228084,5.12099693847858,0.5763790317026983,0.41734257568834127,-1.0153057807451127,-1.0204951651818233,6.269692987973197,2022-04-28,7.0,0,True,False
2021-12-17,2021Q4,12,diag3,student_t_ar1_shared,6.170889283385028,5.987977303494816,0.7744551768289476,0.522229254880367,7.0416786109130936,6.804809235885943,-0.8707893275280654,2022-01-28,10.0,0,True,False
2021-12-17,2022Q1,-2,diag3,student_t_ar1_shared,5.594780581525449,5.443875775123729,0.6501460948175839,0.4153800849740794,-1.0153057807451127,-1.0204951651818233,6.610086362270562,2022-04-28,10.0,0,True,False
2021-12-24,2021Q4,13,diag3,student_t_ar1_shared,6.079823907883908,5.902168045453035,0.7548506186002948,0.5348067686462217,7.0416786109130936,6.804809235885943,-0.9618547030291857,2022-01-28,2.0,0,True,False
2021-12-24,2022Q1,-1,diag3,student_t_ar1_shared,5.351120735722459,5.2128592418359005,0.5973665092346669,0.418882896354768,-1.0153057807451127,-1.0204951651818233,6.3664265164675715,2022-04-28,2.0,0,True,False
2021-12-31,2021Q4,14,diag3,student_t_ar1_shared,6.098941510882638,5.920188324732852,0.7589676523854576,0.5309223354363898,7.0416786109130936,6.804809235885943,-0.9427371000304552,2022-01-28,8.0,0,True,False
2021-12-31,2022Q1,0,diag3,student_t_ar1_shared,5.392650855303294,5.252272145766501,0.6063710454315833,0.41707711821507604,-1.0153057807451127,-1.0204951651818233,6.407956636048406,2022-04-28,8.0,0,True,False
2022-01-07,2021Q4,15,diag3,student_t_ar1_shared,6.197153900797137,6.012712303311368,0.7801063006733375,0.5299721096528712,7.0416786109130936,6.804809235885943,-0.844524710115957,2022-01-28,12.0,11,False,True
2022-01-07,2022Q1,1,diag3,student_t_ar1_shared,5.278977187126355,5.144356637385031,0.5817159450832143,0.41364266454337395,-1.0153057807451127,-1.0204951651818233,6.294282967871467,2022-04-28,12.0,0,True,False
2022-01-07,2022Q2,-11,diag3,student_t_ar1_shared,5.020926136762016,4.898944085310529,0.5256473485589989,0.4200194433868611,0.6276599617172085,0.625698380341202,4.393266175044808,2022-07-28,12.0,0,True,False
2022-01-14,2021Q4,16,diag3,student_t_ar1_shared,6.252522136297922,6.064835928809105,0.7920148135130748,0.5490997632855119,7.0416786109130936,6.804809235885943,-0.7891564746151714,2022-01-28,6.0,0,True,False
2022-01-14,2022Q1,2,diag3,student_t_ar1_shared,5.4056541551674275,5.2646093416277076,0.6091896838880719,0.41950047773234234,-1.0153057807451127,-1.0204951651818233,6.42095993591254,2022-04-28,6.0,0,True,False
2022-01-14,2022Q2,-10,diag3,student_t_ar1_shared,5.133905151156992,5.00646388353427,0.5502120423124865,0.4237457169393847,0.6276599617172085,0.625698380341202,4.506245189439784,2022-07-28,6.0,0,True,False
2022-01-21,2021Q4,17,diag3,student_t_ar1_shared,6.157911783733416,5.9757533380200005,0.7716624077454606,0.5581548268545778,7.0416786109130936,6.804809235885943,-0.8837668271796773,2022-01-28,6.0,0,True,False
2022-01-21,2022Q1,3,diag3,student_t_ar1_shared,5.163763381247488,5.034860042654328,0.5566996191502704,0.4608593313322798,-1.0153057807451127,-1.0204951651818233,6.179069161992601,2022-04-28,6.0,0,True,False
2022-01-21,2022Q2,-9,diag3,student_t_ar1_shared,4.863309222450507,4.748749914060391,0.4913329815189773,0.425996741767111,0.6276599617172085,0.625698380341202,4.2356492607332985,2022-07-28,6.0,0,True,False
2022-01-28,2022Q1,4,diag3,student_t_ar1_shared,5.190030942877022,5.059834692482216,0.5560679594673392,0.4575630538373007,-1.0153057807451127,-1.0204951651818233,6.205336723622135,2022-04-28,6.0,0,True,False
2022-01-28,2022Q2,-8,diag3,student_t_ar1_shared,4.972585705602306,4.8529041561817845,0.5087779376868465,0.41939529320320157,0.6276599617172085,0.625698380341202,4.3449257438850974,2022-07-28,6.0,0,True,False
2022-02-04,2022Q1,5,diag3,student_t_ar1_shared,5.258928385409645,5.125311324169067,0.5710313930617362,0.4561286501534469,-1.0153057807451127,-1.0204951651818233,6.274234166154757,2022-04-28,13.0,12,False,True
2022-02-04,2022Q2,-7,diag3,student_t_ar1_shared,5.082528078579984,4.957583714833265,0.5327004514786913,0.41642719125679867,0.6276599617172085,0.625698380341202,4.454868116862776,2022-07-28,13.0,0,True,False
2022-02-11,2022Q1,6,diag3,student_t_ar1_shared,5.192466825584585,5.062150362971459,0.55659716172927,0.45044816289966877,-1.0153057807451127,-1.0204951651818233,6.207772606329698,2022-04-28,5.0,0,True,False
2022-02-11,2022Q2,-6,diag3,student_t_ar1_shared,5.020501660695587,4.898539902125454,0.5192071157976688,0.41656932796168195,0.6276599617172085,0.625698380341202,4.392841698978378,2022-07-28,5.0,0,True,False
2022-02-18,2022Q1,7,diag3,student_t_ar1_shared,5.150015101525729,5.02178597794919,0.5473726524761359,0.5932563348955404,-1.0153057807451127,-1.0204951651818233,6.165320882270842,2022-04-28,11.0,0,True,False
2022-02-18,2022Q2,-5,diag3,student_t_ar1_shared,4.789708132866566,4.6785376237379985,0.46892979702826376,0.42887166174469615,0.6276599617172085,0.625698380341202,4.162048171149357,2022-07-28,11.0,0,True,False
2022-02-25,2022Q1,8,diag3,student_t_ar1_shared,5.150015101525729,5.02178597794919,0.5473726524761359,0.5932563348955404,-1.0153057807451127,-1.0204951651818233,6.165320882270842,2022-04-28,0.0,0,True,False
2022-02-25,2022Q2,-4,diag3,student_t_ar1_shared,4.789708132866566,4.6785376237379985,0.46892979702826376,0.42887166174469615,0.6276599617172085,0.625698380341202,4.162048171149357,2022-07-28,0.0,0,True,False
2022-03-04,2022Q1,9,diag3,student_t_ar1_shared,5.187362076227808,5.05729747437999,0.5554881267299324,0.5794397230762468,-1.0153057807451127,-1.0204951651818233,6.202667856972921,2022-04-28,12.0,12,False,True
2022-03-04,2022Q2,-3,diag3,student_t_ar1_shared,4.895529926091857,4.779471579021495,0.49199632470989063,0.42379684877278856,0.6276599617172085,0.625698380341202,4.267869964374649,2022-07-28,12.0,0,True,False
2022-03-11,2022Q1,10,diag3,student_t_ar1_shared,5.19789536304418,5.067310806068128,0.5577764824366022,0.5736550176601257,-1.0153057807451127,-1.0204951651818233,6.213201143789293,2022-04-28,8.0,0,True,False
2022-03-11,2022Q2,-2,diag3,student_t_ar1_shared,4.865613663596657,4.750947456597238,0.4854776813292243,0.42536348506292365,0.6276599617172085,0.625698380341202,4.237953701879449,2022-07-28,8.0,0,True,False
2022-03-18,2022Q1,11,diag3,student_t_ar1_shared,5.2272979858840385,5.095256721253719,0.5641629875963998,0.5762565479973834,-1.0153057807451127,-1.0204951651818233,6.242603766629151,2022-04-28,12.0,0,True,False
2022-03-18,2022Q2,-1,diag3,student_t_ar1_shared,4.814858956885959,4.702535978820913,0.474414162723423,0.4271591006896164,0.6276599617172085,0.625698380341202,4.1871989951687505,2022-07-28,12.0,0,True,False
2022-03-25,2022Q1,12,diag3,student_t_ar1_shared,5.250741949136062,5.117533594751986,0.5692539415550019,0.5750350819320457,-1.0153057807451127,-1.0204951651818233,6.2660477298811745,2022-04-28,0.0,0,True,False
2022-03-25,2022Q2,0,diag3,student_t_ar1_shared,4.87812629580997,4.76287880885649,0.4882043640039919,0.42511914110714955,0.6276599617172085,0.625698380341202,4.250466334092762,2022-07-28,0.0,0,True,False
2022-04-01,2022Q1,13,diag3,student_t_ar1_shared,5.278019054920735,5.143446544419492,0.5751758512744743,0.5818408650706982,-1.0153057807451127,-1.0204951651818233,6.293324835665848,2022-04-28,11.0,3,True,True
2022-04-01,2022Q2,1,diag3,student_t_ar1_shared,5.118913826271587,4.992203599193044,0.5406121648230917,0.42372895139458433,0.6276599617172085,0.625698380341202,4.491253864554379,2022-07-28,11.0,0,True,False
2022-04-01,2022Q3,-12,diag3,student_t_ar1_shared,4.438427989355387,4.342750592330837,0.39219208439895314,0.4233815325014656,2.9190173117406015,2.877225330117275,1.5194106776147853,2022-10-28,11.0,0,True,False
2022-04-08,2022Q1,14,diag3,student_t_ar1_shared,5.33229897855525,5.194991905865374,0.5869555591370206,0.5792101733431636,-1.0153057807451127,-1.0204951651818233,6.347604759300363,2022-04-28,9.0,0,True,False
2022-04-08,2022Q2,2,diag3,student_t_ar1_shared,5.213401639712623,5.082049821432213,0.5611448028887306,0.4216400949561264,0.6276599617172085,0.625698380341202,4.585741677995414,2022-07-28,9.0,0,True,False
2022-04-08,2022Q3,-11,diag3,student_t_ar1_shared,4.518728419014395,4.419608867962233,0.4097565753320017,0.421314396828879,2.9190173117406015,2.877225330117275,1.5997111072737935,2022-10-28,9.0,0,True,False
2022-04-15,2022Q1,15,diag3,student_t_ar1_shared,5.5449387144388185,5.396663561165468,0.6330437641074225,0.5851781190384402,-1.0153057807451127,-1.0204951651818233,6.560244495183931,2022-04-28,6.0,0,True,False
2022-04-15,2022Q2,3,diag3,student_t_ar1_shared,5.66349582008383,5.5089290759005225,0.6586999032734229,0.4271522060196172,0.6276599617172085,0.625698380341202,5.035835858366622,2022-07-28,6.0,0,True,False
2022-04-15,2022Q3,-10,diag3,student_t_ar1_shared,4.896597110866829,4.78048895254266,0.492228825996723,0.42572422345710215,2.9190173117406015,2.877225330117275,1.9775797991262278,2022-10-28,6.0,0,True,False
2022-04-22,2022Q1,16,diag3,student_t_ar1_shared,5.549445401403141,5.400933392391801,0.6340195524821222,0.5868744254215044,-1.0153057807451127,-1.0204951651818233,6.564751182148254,2022-04-28,6.0,0,True,False
2022-04-22,2022Q2,4,diag3,student_t_ar1_shared,5.689637787924129,5.533666790953379,0.6643532355682312,0.4338374521316125,0.6276599617172085,0.625698380341202,5.06197782620692,2022-07-28,6.0,0,True,False
2022-04-22,2022Q3,-9,diag3,student_t_ar1_shared,4.933766347997026,4.81591684477548,0.5003251941078781,0.42323216363206506,2.9190173117406015,2.877225330117275,2.0147490362564247,2022-10-28,6.0,0,True,False
2022-04-29,2022Q2,5,diag3,student_t_ar1_shared,5.771865334605053,5.611437495891323,0.6884413757453931,0.43486544648220776,0.6276599617172085,0.625698380341202,5.1442053728878445,2022-07-28,6.0,0,True,False
2022-04-29,2022Q3,-8,diag3,student_t_ar1_shared,4.311151830932736,4.220809102145752,0.37030648054359366,0.4197273663634251,2.9190173117406015,2.877225330117275,1.3921345191921342,2022-10-28,6.0,0,True,False
2022-05-06,2022Q2,6,diag3,student_t_ar1_shared,5.511679889085741,5.365147064930077,0.632097365515585,0.4503890135476128,0.6276599617172085,0.625698380341202,4.8840199273685325,2022-07-28,14.0,4,True,True
2022-05-06,2022Q3,-7,diag3,student_t_ar1_shared,3.9120540772884738,3.8374721531034286,0.2826102558303295,0.4208885440201468,2.9190173117406015,2.877225330117275,0.9930367655478722,2022-10-28,14.0,0,True,False
2022-05-13,2022Q2,7,diag3,student_t_ar1_shared,5.500122880245706,5.354193166901691,0.629591435666184,0.4321045253601639,0.6276599617172085,0.625698380341202,4.872462918528497,2022-07-28,6.0,0,True,False
2022-05-13,2022Q3,-6,diag3,student_t_ar1_shared,3.8974256073464275,3.823393420998989,0.27938945580728647,0.42006429340811713,2.9190173117406015,2.877225330117275,0.978408295605826,2022-10-28,6.0,0,True,False
2022-05-20,2022Q2,8,diag3,student_t_ar1_shared,5.227186988766608,5.0951512380016695,0.5703302575727947,0.504678166289279,0.6276599617172085,0.625698380341202,4.599527027049399,2022-07-28,9.0,0,True,False
2022-05-20,2022Q3,-5,diag3,student_t_ar1_shared,3.5029105106671565,3.442954719795921,0.1923562649978009,0.4330554692791238,2.9190173117406015,2.877225330117275,0.583893198926555,2022-10-28,9.0,0,True,False
2022-05-27,2022Q2,9,diag3,student_t_ar1_shared,5.250556781184468,5.117357664291983,0.5754104350899869,0.5108998454160272,0.6276599617172085,0.625698380341202,4.622896819467259,2022-07-28,4.0,0,True,False
2022-05-27,2022Q3,-4,diag3,student_t_ar1_shared,3.5269935626092153,3.466220008120791,0.19767867902038294,0.4333265423254005,2.9190173117406015,2.877225330117275,0.6079762508686137,2022-10-28,4.0,0,True,False
2022-06-03,2022Q2,10,diag3,student_t_ar1_shared,5.2813339216359,5.146595173695364,0.582099117725722,0.4889635954651946,0.6276599617172085,0.625698380341202,4.653673959918692,2022-07-28,9.0,2,True,True
2022-06-03,2022Q3,-3,diag3,student_t_ar1_shared,3.5848508286130842,3.52209056219651,0.21046021932668368,0.42506983722810837,2.9190173117406015,2.877225330117275,0.6658335168724827,2022-10-28,9.0,0,True,False
2022-06-10,2022Q2,11,diag3,student_t_ar1_shared,5.342688697011022,5.204855173051322,0.5954272928679272,0.49199416158029463,0.6276599617172085,0.625698380341202,4.715028735293814,2022-07-28,7.0,0,True,False
2022-06-10,2022Q3,-2,diag3,student_t_ar1_shared,3.6341956468524117,3.5697163186231613,0.22135559230903,0.4227746127774303,2.9190173117406015,2.877225330117275,0.7151783351118102,2022-10-28,7.0,0,True,False
2022-06-17,2022Q2,12,diag3,student_t_ar1_shared,5.296956505844919,5.161432965574068,0.5854935683104991,0.5264881414671199,0.6276599617172085,0.625698380341202,4.66929654412771,2022-07-28,10.0,0,True,False
2022-06-17,2022Q3,-1,diag3,student_t_ar1_shared,3.54917806820525,3.487646428655993,0.20258041415118688,0.4340474512926976,2.9190173117406015,2.877225330117275,0.6301607564646483,2022-10-28,10.0,0,True,False
2022-06-24,2022Q2,13,diag3,student_t_ar1_shared,5.18167491471333,5.051890631626673,0.5604335025968612,0.5172338638333984,0.6276599617172085,0.625698380341202,4.554014952996122,2022-07-28,2.0,0,True,False
2022-06-24,2022Q3,0,diag3,student_t_ar1_shared,3.227371458551409,3.176385920437022,0.13137316021615875,0.43119165884279104,2.9190173117406015,2.877225330117275,0.30835414681080753,2022-10-28,2.0,0,True,False
2022-07-01,2022Q2,14,diag3,student_t_ar1_shared,5.0609115493851276,4.937010596481949,0.5341523277654544,0.501573913697102,0.6276599617172085,0.625698380341202,4.433251587667919,2022-07-28,11.0,3,True,True
2022-07-01,2022Q3,1,diag3,student_t_ar1_shared,2.79642894159271,2.758042850734789,0.03566856419561393,0.42279953239844764,2.9190173117406015,2.877225330117275,-0.12258837014789137,2022-10-28,11.0,0,True,False
2022-07-01,2022Q4,-13,diag3,student_t_ar1_shared,3.5028360419897764,3.4428827713803583,0.19233980531543865,0.42307798582058426,2.7896792303830242,2.7514765401293477,0.7131568116067522,2023-01-28,11.0,0,True,False
2022-07-08,2022Q2,15,diag3,student_t_ar1_shared,5.1596297343826425,5.030929289347103,0.555638163698711,0.49595832541732277,0.6276599617172085,0.625698380341202,4.531969772665434,2022-07-28,9.0,0,True,False
2022-07-08,2022Q3,2,diag3,student_t_ar1_shared,2.874273951762607,2.8337415407203603,0.052986199096343056,0.42000462635249475,2.9190173117406015,2.877225330117275,-0.0447433599779945,2022-10-28,9.0,0,True,False
2022-07-08,2022Q4,-12,diag3,student_t_ar1_shared,3.560078140702294,3.4981723440174206,0.20498843414809736,0.42161011396980813,2.7896792303830242,2.7514765401293477,0.7703989103192699,2023-01-28,9.0,0,True,False
2022-07-15,2022Q2,16,diag3,student_t_ar1_shared,5.343271161617813,5.2054080951417845,0.595553785187583,0.51077315105504,0.6276599617172085,0.625698380341202,4.7156111999006045,2022-07-28,6.0,0,True,False
2022-07-15,2022Q3,3,diag3,student_t_ar1_shared,3.128623339793779,3.080679346570158,0.10947830966931393,0.42520777885212924,2.9190173117406015,2.877225330117275,0.20960602805317752,2022-10-28,6.0,0,True,False
2022-07-15,2022Q4,-11,diag3,student_t_ar1_shared,3.761666206583558,3.6926412165870968,0.24947719525294587,0.4228945928966082,2.7896792303830242,2.7514765401293477,0.971986976200534,2023-01-28,6.0,0,True,False
2022-07-22,2022Q2,17,diag3,student_t_ar1_shared,5.184222786464887,5.054312955567523,0.5609876591037561,0.5290884614347519,0.6276599617172085,0.625698380341202,4.556562824747679,2022-07-28,6.0,0,True,False
2022-07-22,2022Q3,4,diag3,student_t_ar1_shared,2.7566886953018788,2.7193762060807583,0.026822772609493062,0.43031338974681377,2.9190173117406015,2.877225330117275,-0.16232861643872276,2022-10-28,6.0,0,True,False
2022-07-22,2022Q4,-10,diag3,student_t_ar1_shared,3.369488016219657,3.3139645655780177,0.16284710972760827,0.42605647211411746,2.7896792303830242,2.7514765401293477,0.579808785836633,2023-01-28,6.0,0,True,False
2022-07-29,2022Q3,5,diag3,student_t_ar1_shared,2.3679503511403244,2.3403492775189494,-0.05702582365957454,0.42811611481740725,2.9190173117406015,2.877225330117275,-0.5510669606002772,2022-10-28,6.0,0,True,False
2022-07-29,2022Q4,-9,diag3,student_t_ar1_shared,3.0669130441576042,3.0208232521455898,0.09906460054149223,0.4244925133941698,2.7896792303830242,2.7514765401293477,0.27723381377458,2023-01-28,6.0,0,True,False
2022-08-05,2022Q3,6,diag3,student_t_ar1_shared,2.4528167487066765,2.4232182205706634,-0.03801694314929022,0.5180573452049728,2.9190173117406015,2.877225330117275,-0.466200563033925,2022-10-28,14.0,4,True,True
2022-08-05,2022Q4,-8,diag3,student_t_ar1_shared,3.103648901889522,3.056459627944276,0.10723904544727653,0.4297375659543103,2.7896792303830242,2.7514765401293477,0.3139696715064977,2023-01-28,14.0,0,True,False
2022-08-12,2022Q3,7,diag3,student_t_ar1_shared,2.5652346657509595,2.5328845914443634,-0.012861138535808059,0.5715609743657558,2.9190173117406015,2.877225330117275,-0.35378264598964204,2022-10-28,4.0,0,True,False
2022-08-12,2022Q4,-7,diag3,student_t_ar1_shared,3.214776441157685,3.1641839379082675,0.131949370700013,0.4352709717377166,2.7896792303830242,2.7514765401293477,0.4250972107746609,2023-01-28,4.0,0,True,False
2022-08-19,2022Q3,8,diag3,student_t_ar1_shared,2.3455038928408944,2.3184196408252955,-0.06205615019919847,0.7376833238708075,2.9190173117406015,2.877225330117275,-0.5735134188997071,2022-10-28,11.0,0,True,False
2022-08-19,2022Q4,-6,diag3,student_t_ar1_shared,2.911170647389394,2.869600924355603,0.06437648876416381,0.4682967585936547,2.7896792303830242,2.7514765401293477,0.12149141700636967,2023-01-28,11.0,0,True,False
2022-08-26,2022Q3,9,diag3,student_t_ar1_shared,2.3809080374580294,2.3530064287597425,-0.054122464853770924,0.6969934319483799,2.9190173117406015,2.877225330117275,-0.5381092742825722,2022-10-28,4.0,0,True,False
2022-08-26,2022Q4,-5,diag3,student_t_ar1_shared,2.9637547683315724,2.920684485871896,0.07609428413048105,0.46091190493606504,2.7896792303830242,2.7514765401293477,0.17407553794854813,2023-01-28,4.0,0,True,False
2022-09-02,2022Q3,10,diag3,student_t_ar1_shared,2.416735904905609,2.3879949834358527,-0.0460966203024451,0.6781829536496213,2.9190173117406015,2.877225330117275,-0.5022814068349923,2022-10-28,8.0,4,True,True
2022-09-02,2022Q4,-4,diag3,student_t_ar1_shared,3.026126173570609,2.981242224786002,0.08998531230822522,0.4573120493929845,2.7896792303830242,2.7514765401293477,0.23644694318758486,2023-01-28,8.0,0,True,False
2022-09-09,2022Q3,11,diag3,student_t_ar1_shared,2.2471159404784613,2.2222402575933407,-0.08411824410412677,0.6514597824272065,2.9190173117406015,2.877225330117275,-0.6719013712621402,2022-10-28,8.0,0,True,False
2022-09-09,2022Q4,-3,diag3,student_t_ar1_shared,2.8428909930458657,2.8032307576569897,0.049152177680163556,0.44948298399808095,2.7896792303830242,2.7514765401293477,0.053211762662841444,2023-01-28,8.0,0,True,False
2022-09-16,2022Q3,12,diag3,student_t_ar1_shared,2.2447114708021187,2.21988860402664,-0.0846576778172261,0.6286949472274433,2.9190173117406015,2.877225330117275,-0.6743058409384828,2022-10-28,8.0,0,True,False
2022-09-16,2022Q4,-2,diag3,student_t_ar1_shared,2.882586980829238,2.841821979966445,0.05800441962523663,0.4424380899504723,2.7896792303830242,2.7514765401293477,0.09290775044621391,2023-01-28,8.0,0,True,False
2022-09-23,2022Q3,13,diag3,student_t_ar1_shared,2.1021894177003952,2.08039828086398,-0.11665464541080661,0.6316488015786317,2.9190173117406015,2.877225330117275,-0.8168278940402063,2022-10-28,4.0,0,True,False
2022-09-23,2022Q4,-1,diag3,student_t_ar1_shared,2.5904395659930968,2.557456078890015,-0.007224811443728871,0.44192930420409654,2.7896792303830242,2.7514765401293477,-0.19923966438992746,2023-01-28,4.0,0,True,False
2022-09-30,2022Q3,14,diag3,student_t_ar1_shared,2.220049492217524,2.195765152544791,-0.09019123224458186,0.6561059499967723,2.9190173117406015,2.877225330117275,-0.6989678195230775,2022-10-28,8.0,0,True,False
2022-09-30,2022Q4,0,diag3,student_t_ar1_shared,2.7335423464659447,2.6968482748827873,0.024749647263186472,0.4513087136977392,2.7896792303830242,2.7514765401293477,-0.056136883917079494,2023-01-28,8.0,0,True,False
2022-10-07,2022Q3,15,diag3,student_t_ar1_shared,2.1909686918685667,2.16731189126417,-0.09671797946607963,0.644101854055078,2.9190173117406015,2.877225330117275,-0.7280486198720348,2022-10-28,12.0,3,True,True
2022-10-07,2022Q4,1,diag3,student_t_ar1_shared,2.469315451316789,2.439320632221987,-0.0343232937827668,0.4426443257940771,2.7896792303830242,2.7514765401293477,-0.32036377906623503,2023-01-28,12.0,0,True,False
2022-10-07,2023Q1,-12,diag3,student_t_ar1_shared,2.3438836723352896,2.316836539204908,-0.062419289735306686,0.42907660045082957,2.9269931752128775,2.884974679698935,-0.5831095028775879,2023-04-28,12.0,0,True,False
2022-10-14,2022Q3,16,diag3,student_t_ar1_shared,2.2088925415171268,2.1848499165704043,-0.09269502206906652,0.6771438966864805,2.9190173117406015,2.877225330117275,-0.7101247702234748,2022-10-28,6.0,0,True,False
2022-10-14,2022Q4,2,diag3,student_t_ar1_shared,2.483783550936547,2.453439081481089,-0.031084735342492113,0.45606419262143266,2.7896792303830242,2.7514765401293477,-0.30589567944647733,2023-01-28,6.0,0,True,False
2022-10-14,2023Q1,-11,diag3,student_t_ar1_shared,2.3605271514778092,2.3330975265595253,-0.058689265504030246,0.43145493907272386,2.9269931752128775,2.884974679698935,-0.5664660237350683,2023-04-28,6.0,0,True,False
2022-10-21,2022Q3,17,diag3,student_t_ar1_shared,2.1937671909983747,2.1700503532318947,-0.09608981776388492,0.6797186539278713,2.9190173117406015,2.877225330117275,-0.7252501207422268,2022-10-28,6.0,0,True,False
2022-10-21,2022Q4,3,diag3,student_t_ar1_shared,2.3309786255523823,2.304226249250279,-0.06531189927176473,0.45357242084360067,2.7896792303830242,2.7514765401293477,-0.4587006048306419,2023-01-28,6.0,0,True,False
2022-10-21,2023Q1,-10,diag3,student_t_ar1_shared,2.1583135639870132,2.1353517808110913,-0.10404914477753943,0.42985453114506084,2.9269931752128775,2.884974679698935,-0.7686796112258643,2023-04-28,6.0,0,True,False
2022-10-28,2022Q4,4,diag3,student_t_ar1_shared,2.4500895713982285,2.42055629902197,-0.039195765909189724,0.45229337366637257,2.7896792303830242,2.7514765401293477,-0.33958965898479576,2023-01-28,6.0,0,True,False
2022-10-28,2023Q1,-9,diag3,student_t_ar1_shared,2.2606155583121623,2.2354423187128485,-0.08179974131510782,0.4287666138908912,2.9269931752128775,2.884974679698935,-0.6663776169007152,2023-04-28,6.0,0,True,False
2022-11-04,2022Q4,5,diag3,student_t_ar1_shared,2.2425122068787218,2.2177376002779123,-0.08587448157789693,0.4381037572362969,2.7896792303830242,2.7514765401293477,-0.5471670235043025,2023-01-28,13.0,12,False,True
2022-11-04,2023Q1,-8,diag3,student_t_ar1_shared,2.0643156024098053,2.0432973707795368,-0.12602189364769895,0.4240228927729541,2.9269931752128775,2.884974679698935,-0.8626775728030722,2023-04-28,13.0,0,True,False
2022-11-11,2022Q4,6,diag3,student_t_ar1_shared,2.303407940197255,2.2772799613026296,-0.07217080949180572,0.4433338758237953,2.7896792303830242,2.7514765401293477,-0.4862712901857691,2023-01-28,5.0,0,True,False
2022-11-11,2023Q1,-7,diag3,student_t_ar1_shared,2.0961067597489835,2.0744406817389205,-0.1188542618353594,0.42423089265594416,2.9269931752128775,2.884974679698935,-0.830886415463894,2023-04-28,5.0,0,True,False
2022-11-18,2022Q4,7,diag3,student_t_ar1_shared,2.2244218896322776,2.2000424972789125,-0.08994700884847726,0.42887723529593846,2.7896792303830242,2.7514765401293477,-0.5652573407507466,2023-01-28,11.0,0,True,False
2022-11-18,2023Q1,-6,diag3,student_t_ar1_shared,1.9739406950722183,1.9547111273095998,-0.14641001415482358,0.4206933639929022,2.9269931752128775,2.884974679698935,-0.9530524801406592,2023-04-28,11.0,0,True,False
2022-11-25,2022Q4,8,diag3,student_t_ar1_shared,2.1521069258822134,2.129276086686615,-0.10623389550827857,0.4270864552722286,2.7896792303830242,2.7514765401293477,-0.6375723045008108,2023-01-28,0.0,0,True,False
2022-11-25,2023Q1,-5,diag3,student_t_ar1_shared,1.8408558997913937,1.8241172583474967,-0.1764661880436575,0.419305455841103,2.9269931752128775,2.884974679698935,-1.0861372754214837,2023-04-28,0.0,0,True,False
2022-12-02,2022Q4,9,diag3,student_t_ar1_shared,2.1302269380708783,2.1078547650469552,-0.11116401185483613,0.40380364735640534,2.7896792303830242,2.7514765401293477,-0.659452292312146,2023-01-28,11.0,12,False,True
2022-12-02,2023Q1,-4,diag3,student_t_ar1_shared,1.6740551236318568,1.6601972657829434,-0.21419236799017766,0.4120666206661597,2.9269931752128775,2.884974679698935,-1.2529380515810207,2023-04-28,11.0,0,True,False
2022-12-09,2022Q4,10,diag3,student_t_ar1_shared,2.275742078400622,2.250233351750524,-0.07839558563376517,0.4133880011652303,2.7896792303830242,2.7514765401293477,-0.5139371519824021,2023-01-28,9.0,0,True,False
2022-12-09,2023Q1,-3,diag3,student_t_ar1_shared,1.9020494164427415,1.884186607409171,-0.16264122968125017,0.4151185588827927,2.9269931752128775,2.884974679698935,-1.024943758770136,2023-04-28,9.0,0,True,False
2022-12-16,2022Q4,11,diag3,student_t_ar1_shared,2.3220976714338093,2.295547216142296,-0.06796660149723295,0.42762798663170437,2.7896792303830242,2.7514765401293477,-0.46758155894921494,2023-01-28,8.0,0,True,False
2022-12-16,2023Q1,-2,diag3,student_t_ar1_shared,1.9604625173320844,1.9414929772108955,-0.14945217088861823,0.4187536244054933,2.9269931752128775,2.884974679698935,-0.9665306578807931,2023-04-28,8.0,0,True,False
2022-12-23,2022Q4,12,diag3,student_t_ar1_shared,2.2114000373469667,2.18730319143693,-0.09287895959511443,0.41665552456320304,2.7896792303830242,2.7514765401293477,-0.5782791930360576,2023-01-28,4.0,0,True,False
2022-12-23,2023Q1,-1,diag3,student_t_ar1_shared,1.7272866427773925,1.712538631772494,-0.20214600463281707,0.4134606263934841,2.9269931752128775,2.884974679698935,-1.199706532435485,2023-04-28,4.0,0,True,False
2022-12-30,2022Q4,13,diag3,student_t_ar1_shared,2.198247516381757,2.174434404527158,-0.09584071040449342,0.41039259986580146,2.7896792303830242,2.7514765401293477,-0.591431714001267,2023-01-28,8.0,0,True,False
2022-12-30,2023Q1,0,diag3,student_t_ar1_shared,1.7156520816666632,1.7011009665516315,-0.20477838284086503,0.4114315170449854,2.9269931752128775,2.884974679698935,-1.2113410935462143,2023-04-28,8.0,0,True,False
2023-01-06,2022Q4,14,diag3,student_t_ar1_shared,2.046704917698472,2.026041384591069,-0.12999335820132518,0.4377345537648698,2.7896792303830242,2.7514765401293477,-0.7429743126845523,2023-01-28,10.0,3,True,True
2023-01-06,2023Q1,1,diag3,student_t_ar1_shared,1.5275486748905331,1.5159991183385646,-0.2473795660453456,0.4158013362367179,2.9269931752128775,2.884974679698935,-1.3994445003223444,2023-04-28,10.0,0,True,False
2023-01-06,2023Q2,-12,diag3,student_t_ar1_shared,1.7368239079532444,1.7219135187312151,-0.19998837476199022,0.4245866686620174,2.5352403907615395,2.503636219206331,-0.7984164828082951,2023-07-28,10.0,0,True,False
2023-01-13,2022Q4,15,diag3,student_t_ar1_shared,2.0721835889741413,2.0510059252020874,-0.12424777014559976,0.4784521355213349,2.7896792303830242,2.7514765401293477,-0.7174956414088829,2023-01-28,6.0,0,True,False
2023-01-13,2023Q1,2,diag3,student_t_ar1_shared,1.5843761517963406,1.5719559297735424,-0.2345011080586048,0.426652144789634,2.9269931752128775,2.884974679698935,-1.3426170234165369,2023-04-28,6.0,0,True,False
2023-01-13,2023Q2,-11,diag3,student_t_ar1_shared,1.79280337244494,1.7769221842029594,-0.18732813253200292,0.43096018800348834,2.5352403907615395,2.503636219206331,-0.7424370183165996,2023-07-28,6.0,0,True,False
2023-01-20,2022Q4,16,diag3,student_t_ar1_shared,1.9537595154689225,1.9349186423766014,-0.1509652537963641,0.47209105119853306,2.7896792303830242,2.7514765401293477,-0.8359197149141018,2023-01-28,8.0,0,True,False
2023-01-20,2023Q1,3,diag3,student_t_ar1_shared,1.1874370378119448,1.1804423216703621,-0.32460794981553853,0.4430373465730699,2.9269931752128775,2.884974679698935,-1.7395561374009327,2023-04-28,8.0,0,True,False
2023-01-20,2023Q2,-10,diag3,student_t_ar1_shared,1.3871483627244885,1.3776155151581702,-0.2792285469631275,0.42985521600752247,2.5352403907615395,2.503636219206331,-1.148092028037051,2023-07-28,8.0,0,True,False
2023-01-27,2022Q4,17,diag3,student_t_ar1_shared,1.9632341903669248,1.9442113204733529,-0.1488265442919388,0.4642276409725788,2.7896792303830242,2.7514765401293477,-0.8264450400160994,2023-01-28,4.0,0,True,False
2023-01-27,2023Q1,4,diag3,student_t_ar1_shared,1.2088868062344549,1.2016381300678929,-0.3197297353329317,0.4412685148808767,2.9269931752128775,2.884974679698935,-1.7181063689784226,2023-04-28,4.0,0,True,False
2023-01-27,2023Q2,-9,diag3,student_t_ar1_shared,1.4063371554740023,1.396539981846777,-0.27487308168694924,0.4286141005347819,2.5352403907615395,2.503636219206331,-1.1289032352875372,2023-07-28,4.0,0,True,False
2023-02-03,2023Q1,5,diag3,student_t_ar1_shared,1.3940533609432704,1.3844258093696344,-0.2788278995868904,0.47449418937414684,2.9269931752128775,2.884974679698935,-1.5329398142696071,2023-04-28,12.0,12,False,True
2023-02-03,2023Q2,-8,diag3,student_t_ar1_shared,1.6799205465225953,1.6659659485667702,-0.21381611222412422,0.4226110278824305,2.5352403907615395,2.503636219206331,-0.8553198442389442,2023-07-28,12.0,0,True,False
2023-02-10,2023Q1,6,diag3,student_t_ar1_shared,1.45453745758084,1.4440605331663388,-0.26505735875401126,0.4994996948101748,2.9269931752128775,2.884974679698935,-1.4724557176320374,2023-04-28,7.0,0,True,False
2023-02-10,2023Q2,-7,diag3,student_t_ar1_shared,1.7085138200230832,1.6940828606988911,-0.20732350084002918,0.425189185060611,2.5352403907615395,2.503636219206331,-0.8267265707384563,2023-07-28,7.0,0,True,False
2023-02-17,2023Q1,7,diag3,student_t_ar1_shared,1.5719779131513567,1.5597503172861278,-0.23834287439420326,0.5760288179090386,2.9269931752128775,2.884974679698935,-1.3550152620615208,2023-04-28,10.0,0,True,False
2023-02-17,2023Q2,-6,diag3,student_t_ar1_shared,1.721727577027976,1.7070738073081437,-0.2043236988899051,0.4301855962239394,2.5352403907615395,2.503636219206331,-0.8135128137335634,2023-07-28,10.0,0,True,False
2023-02-24,2023Q1,8,diag3,student_t_ar1_shared,1.5815259047339048,1.5691500976592356,-0.2361723259082366,0.5710501568850539,2.9269931752128775,2.884974679698935,-1.3454672704789727,2023-04-28,2.0,0,True,False
2023-02-24,2023Q2,-5,diag3,student_t_ar1_shared,1.7200356972842945,1.7054105502497106,-0.20470776957524617,0.43001573564296164,2.5352403907615395,2.503636219206331,-0.815204693477245,2023-07-28,2.0,0,True,False
2023-03-03,2023Q1,9,diag3,student_t_ar1_shared,1.6643647294219521,1.6506659689190877,-0.21734910409642455,0.5877599407295205,2.9269931752128775,2.884974679698935,-1.2626284457909254,2023-04-28,12.0,3,True,True
2023-03-03,2023Q2,-4,diag3,student_t_ar1_shared,1.8839741796411458,1.8664471800136768,-0.16752202703179717,0.426903685130185,2.5352403907615395,2.503636219206331,-0.6512662111203937,2023-07-28,12.0,0,True,False
2023-03-10,2023Q1,10,diag3,student_t_ar1_shared,1.7485723208347403,1.73346069913068,-0.1982305748145139,0.5737581518634712,2.9269931752128775,2.884974679698935,-1.1784208543781372,2023-04-28,8.0,0,True,False
2023-03-10,2023Q2,-3,diag3,student_t_ar1_shared,1.9628571163735176,1.9438415061048282,-0.14965053103385206,0.42520480451675957,2.5352403907615395,2.503636219206331,-0.572383274388022,2023-07-28,8.0,0,True,False
2023-03-17,2023Q1,11,diag3,student_t_ar1_shared,1.7188678009681935,1.704262395893752,-0.2049728954186235,0.5922198362513167,2.9269931752128775,2.884974679698935,-1.208125374244684,2023-04-28,10.0,0,True,False
2023-03-17,2023Q2,-2,diag3,student_t_ar1_shared,1.8743895012473644,1.8570392929186852,-0.1696944474798962,0.4280185461319277,2.5352403907615395,2.503636219206331,-0.6608508895141751,2023-07-28,10.0,0,True,False
2023-03-24,2023Q1,12,diag3,student_t_ar1_shared,1.6700966153130326,1.6563038581924345,-0.21604723197382464,0.5965903845404652,2.9269931752128775,2.884974679698935,-1.256896559899845,2023-04-28,2.0,0,True,False
2023-03-24,2023Q2,-1,diag3,student_t_ar1_shared,1.6994128246706097,1.6851343447696718,-0.20938984568329636,0.42883614168670803,2.5352403907615395,2.503636219206331,-0.8358275660909298,2023-07-28,2.0,0,True,False
2023-03-31,2023Q1,13,diag3,student_t_ar1_shared,1.6091437329729619,1.5963342478550813,-0.2298951030681486,0.5889457878185554,2.9269931752128775,2.884974679698935,-1.3178494422399156,2023-04-28,8.0,0,True,False
2023-03-31,2023Q2,0,diag3,student_t_ar1_shared,1.630086765570038,1.6169434900961808,-0.2251361238401532,0.42554378243875035,2.5352403907615395,2.503636219206331,-0.9051536251915016,2023-07-28,8.0,0,True,False
2023-04-07,2023Q1,14,diag3,student_t_ar1_shared,1.3548114689689417,1.3457159576550228,-0.2877665775874451,0.5810830386879264,2.9269931752128775,2.884974679698935,-1.5721817062439358,2023-04-28,12.0,12,False,True
2023-04-07,2023Q2,1,diag3,student_t_ar1_shared,1.1154857845839805,1.109310125201854,-0.3423561851460376,0.4183534351868541,2.5352403907615395,2.503636219206331,-1.419754606177559,2023-07-28,12.0,0,True,False
2023-04-07,2023Q3,-12,diag3,student_t_ar1_shared,1.187287571137574,1.1802946088819748,-0.3259648166817475,0.4232433088824189,4.694888429547928,4.5880109584365245,-3.5076008584103535,2023-10-28,12.0,0,True,False
2023-04-14,2023Q1,15,diag3,student_t_ar1_shared,1.3258216275148005,1.317109532651368,-0.2943722247425895,0.5941659645674738,2.9269931752128775,2.884974679698935,-1.601171547698077,2023-04-28,6.0,0,True,False
2023-04-14,2023Q2,2,diag3,student_t_ar1_shared,1.0486977863797486,1.0432370953957943,-0.3576134261789317,0.42379657954310423,2.5352403907615395,2.503636219206331,-1.4865426043817909,2023-07-28,6.0,0,True,False
2023-04-14,2023Q3,-11,diag3,student_t_ar1_shared,1.1463595723629094,1.139838659107238,-0.33530669458169526,0.42483284277651134,4.694888429547928,4.5880109584365245,-3.548528857185018,2023-10-28,6.0,0,True,False
2023-04-21,2023Q1,16,diag3,student_t_ar1_shared,1.4807399717669423,1.4698840515448248,-0.259094325949637,0.597128314789549,2.9269931752128775,2.884974679698935,-1.4462532034459352,2023-04-28,6.0,0,True,False
2023-04-21,2023Q2,3,diag3,student_t_ar1_shared,1.3382957705849075,1.3294196971205565,-0.2915296254700532,0.44612899797722,2.5352403907615395,2.503636219206331,-1.196944620176632,2023-07-28,6.0,0,True,False
2023-04-21,2023Q3,-10,diag3,student_t_ar1_shared,1.397892976274706,1.3882125626418904,-0.27795348217971994,0.42473763418954025,4.694888429547928,4.5880109584365245,-3.2969954532732215,2023-10-28,6.0,0,True,False
2023-04-28,2023Q2,4,diag3,student_t_ar1_shared,1.243483446482041,1.2358156904898068,-0.314618384054529,0.44494474139454476,2.5352403907615395,2.503636219206331,-1.2917569442794985,2023-07-28,6.0,0,True,False
2023-04-28,2023Q3,-9,diag3,student_t_ar1_shared,1.4679916950673944,1.4573210001656922,-0.26330121332762724,0.4226981839296988,4.694888429547928,4.5880109584365245,-3.2268967344805333,2023-10-28,6.0,0,True,False
2023-05-05,2023Q2,5,diag3,student_t_ar1_shared,1.510841321958245,1.4995417843631977,-0.2535197268519425,0.42668553143275534,2.5352403907615395,2.503636219206331,-1.0243990688032945,2023-07-28,14.0,12,False,True
2023-05-05,2023Q3,-8,diag3,student_t_ar1_shared,1.73706591566114,1.7221513946651796,-0.2019467176359041,0.41852409533567153,4.694888429547928,4.5880109584365245,-2.9578225138867875,2023-10-28,14.0,0,True,False
2023-05-12,2023Q2,6,diag3,student_t_ar1_shared,1.522850931316988,1.51137194835172,-0.2507789774495261,0.42442028042559954,2.5352403907615395,2.503636219206331,-1.0123894594445515,2023-07-28,4.0,0,True,False
2023-05-12,2023Q3,-7,diag3,student_t_ar1_shared,1.7474185834950084,1.7323267826003246,-0.19958933793857608,0.41845904033938613,4.694888429547928,4.5880109584365245,-2.947469846052919,2023-10-28,4.0,0,True,False
2023-05-19,2023Q2,7,diag3,student_t_ar1_shared,1.5638038505996654,1.551702436715656,-0.24143542464756484,0.4627674535873177,2.5352403907615395,2.503636219206331,-0.9714365401618741,2023-07-28,11.0,0,True,False
2023-05-19,2023Q3,-6,diag3,student_t_ar1_shared,1.6750506230559958,1.6611763695960584,-0.21607308677860215,0.43172135471152634,4.694888429547928,4.5880109584365245,-3.019837806491932,2023-10-28,11.0,0,True,False
2023-05-26,2023Q2,8,diag3,student_t_ar1_shared,1.7015711697780267,1.687256601078475,-0.21003095761457172,0.4819608499528144,2.5352403907615395,2.503636219206331,-0.8336692209835128,2023-07-28,4.0,0,True,False
2023-05-26,2023Q3,-5,diag3,student_t_ar1_shared,1.8449729528801528,1.8281598106571146,-0.17738725226730137,0.431705389480414,4.694888429547928,4.5880109584365245,-2.849915476667775,2023-10-28,4.0,0,True,False
2023-06-02,2023Q2,9,diag3,student_t_ar1_shared,1.7105628851692867,1.696097485068894,-0.20798274868550853,0.4663669743586464,2.5352403907615395,2.503636219206331,-0.8246775055922528,2023-07-28,8.0,12,False,True
2023-06-02,2023Q3,-4,diag3,student_t_ar1_shared,1.8049487911568463,1.7888529826496575,-0.18649364888841685,0.42627762557254606,4.694888429547928,4.5880109584365245,-2.8899396383910814,2023-10-28,8.0,0,True,False
2023-06-09,2023Q2,10,diag3,student_t_ar1_shared,1.709033496498269,1.6945938062707333,-0.20833111298303503,0.4698595442101281,2.5352403907615395,2.503636219206331,-0.8262068942632705,2023-07-28,8.0,0,True,False
2023-06-09,2023Q3,-3,diag3,student_t_ar1_shared,1.7831631617933885,1.7674513111692902,-0.19145187418245657,0.42576934391059695,4.694888429547928,4.5880109584365245,-2.911725267754539,2023-10-28,8.0,0,True,False
2023-06-16,2023Q2,11,diag3,student_t_ar1_shared,1.7591318892939523,1.7438382605204712,-0.19692242002761728,0.5050712876100244,2.5352403907615395,2.503636219206331,-0.7761085014675873,2023-07-28,8.0,0,True,False
2023-06-16,2023Q3,-2,diag3,student_t_ar1_shared,1.981880679918957,1.9624971123304977,-0.14626470150293563,0.43682402947796106,4.694888429547928,4.5880109584365245,-2.7130077496289706,2023-10-28,8.0,0,True,False
2023-06-23,2023Q2,12,diag3,student_t_ar1_shared,1.7204957311275804,1.705862804124647,-0.20572037156272074,0.4968749042799847,2.5352403907615395,2.503636219206331,-0.8147446596339591,2023-07-28,4.0,0,True,False
2023-06-23,2023Q3,-1,diag3,student_t_ar1_shared,1.8690027586388158,1.8517515213251554,-0.1719216503552614,0.43238996482216485,4.694888429547928,4.5880109584365245,-2.825885670909112,2023-10-28,4.0,0,True,False
2023-06-30,2023Q2,13,diag3,student_t_ar1_shared,1.7251373079514298,1.7104257694292475,-0.20466324805674366,0.4840024742454175,2.5352403907615395,2.503636219206331,-0.8101030828101097,2023-07-28,8.0,0,True,False
2023-06-30,2023Q3,0,diag3,student_t_ar1_shared,1.8685275968118642,1.8512850762611348,-0.17202971386407795,0.42789027105535976,4.694888429547928,4.5880109584365245,-2.8263608327360634,2023-10-28,8.0,0,True,False
2023-07-07,2023Q2,14,diag3,student_t_ar1_shared,1.6759758313534379,1.6620863313637189,-0.21586227168141878,0.4703101263330712,2.5352403907615395,2.503636219206331,-0.8592645594081016,2023-07-28,12.0,3,True,True
2023-07-07,2023Q3,1,diag3,student_t_ar1_shared,1.6509342990229436,1.6374545377255325,-0.22156883447799536,0.42043812472132003,4.694888429547928,4.5880109584365245,-3.043954130524984,2023-10-28,12.0,0,True,False
2023-07-07,2023Q4,-12,diag3,student_t_ar1_shared,1.7678196384024236,1.7523754582218425,-0.19494456752100395,0.4247967348561245,3.4192155752948095,3.3620596105877665,-1.6513959368923858,2024-01-28,12.0,0,True,False
2023-07-14,2023Q2,15,diag3,student_t_ar1_shared,1.6803873410020653,1.6664250297752141,-0.21485710513511327,0.4673012701385899,2.5352403907615395,2.503636219206331,-0.8548530497594742,2023-07-28,6.0,0,True,False
2023-07-14,2023Q3,2,diag3,student_t_ar1_shared,1.649210283237701,1.6357585076623642,-0.22196176169241258,0.41929417150829473,4.694888429547928,4.5880109584365245,-3.0456781463102267,2023-10-28,6.0,0,True,False
2023-07-14,2023Q4,-11,diag3,student_t_ar1_shared,1.7666945369488873,1.7512698949142116,-0.19520069854147526,0.4236866146192205,3.4192155752948095,3.3620596105877665,-1.6525210383459221,2024-01-28,6.0,0,True,False
2023-07-21,2023Q2,16,diag3,student_t_ar1_shared,1.516063426518821,1.5046860331692455,-0.2523279346794303,0.4690594665208809,2.5352403907615395,2.503636219206331,-1.0191769642427184,2023-07-28,6.0,0,True,False
2023-07-21,2023Q3,3,diag3,student_t_ar1_shared,1.221941311127761,1.2145358739864578,-0.31954837863631735,0.4256251616245738,4.694888429547928,4.5880109584365245,-3.4729471184201666,2023-10-28,6.0,0,True,False
2023-07-21,2023Q4,-10,diag3,student_t_ar1_shared,1.3243845561431877,1.315691254921778,-0.2961132385893439,0.4227194272831053,3.4192155752948095,3.3620596105877665,-2.0948310191516217,2024-01-28,6.0,0,True,False
2023-07-28,2023Q3,4,diag3,student_t_ar1_shared,1.4017036595260324,1.3919706403846281,-0.279219124842062,0.4235325130255135,4.694888429547928,4.5880109584365245,-3.2931847700218952,2023-10-28,6.0,0,True,False
2023-07-28,2023Q4,-9,diag3,student_t_ar1_shared,1.4367401178528194,1.426516812227358,-0.2711893790969029,0.42185595217806854,3.4192155752948095,3.3620596105877665,-1.98247545744199,2024-01-28,6.0,0,True,False
2023-08-04,2023Q3,5,diag3,student_t_ar1_shared,1.3878958126131158,1.3783527359455372,-0.28238440494098527,0.4094965812595336,4.694888429547928,4.5880109584365245,-3.306992616934812,2023-10-28,13.0,11,False,True
2023-08-04,2023Q4,-8,diag3,student_t_ar1_shared,1.3993520479618438,1.3896515089026942,-0.2797581725905159,0.41753380671183143,3.4192155752948095,3.3620596105877665,-2.0198635273329657,2024-01-28,13.0,0,True,False
2023-08-11,2023Q3,6,diag3,student_t_ar1_shared,1.3940889402394907,1.3844608994846863,-0.2809646528361065,0.40177645593853506,4.694888429547928,4.5880109584365245,-3.300799489308437,2023-10-28,5.0,0,True,False
2023-08-11,2023Q4,-7,diag3,student_t_ar1_shared,1.402762018533621,1.3930143639575308,-0.27897652676327084,0.4171244905895683,3.4192155752948095,3.3620596105877665,-2.0164535567611885,2024-01-28,5.0,0,True,False
2023-08-18,2023Q3,7,diag3,student_t_ar1_shared,1.5679769039937508,1.555811152131028,-0.24113682564927255,0.43177994102552136,4.694888429547928,4.5880109584365245,-3.126911525554177,2023-10-28,11.0,0,True,False
2023-08-18,2023Q4,-6,diag3,student_t_ar1_shared,1.502983810236902,1.4918009206854117,-0.25601505545537073,0.4183289982407628,3.4192155752948095,3.3620596105877665,-1.9162317650579075,2024-01-28,11.0,0,True,False
2023-08-25,2023Q3,8,diag3,student_t_ar1_shared,1.7065397877540578,1.6921419696644584,-0.20944874724201157,0.4569692716258529,4.694888429547928,4.5880109584365245,-2.98834864179387,2023-10-28,0.0,0,True,False
2023-08-25,2023Q4,-5,diag3,student_t_ar1_shared,1.770351278555582,1.7548630900423472,-0.19487015220176374,0.4249343744681147,3.4192155752948095,3.3620596105877665,-1.6488642967392275,2024-01-28,0.0,0,True,False
2023-09-01,2023Q3,9,diag3,student_t_ar1_shared,1.8099922792464085,1.7938069296086279,-0.1858182337582065,0.44048058193401635,4.694888429547928,4.5880109584365245,-2.884896150301519,2023-10-28,11.0,11,False,True
2023-09-01,2023Q4,-4,diag3,student_t_ar1_shared,1.9956372425077973,1.975985424914946,-0.1434735420162396,0.41934037271684177,3.4192155752948095,3.3620596105877665,-1.4235783327870122,2024-01-28,11.0,0,True,False
2023-09-08,2023Q3,10,diag3,student_t_ar1_shared,1.9028544993796581,1.8849766599755644,-0.16462718087298556,0.4286792774501486,4.694888429547928,4.5880109584365245,-2.7920339301682695,2023-10-28,9.0,0,True,False
2023-09-08,2023Q4,-3,diag3,student_t_ar1_shared,2.0853898681759464,2.063943264725268,-0.12302904549761998,0.41750558990920716,3.4192155752948095,3.3620596105877665,-1.333825707118863,2024-01-28,9.0,0,True,False
2023-09-15,2023Q3,11,diag3,student_t_ar1_shared,1.904446828015005,1.8865392424983916,-0.16426398171965378,0.4463233439604184,4.694888429547928,4.5880109584365245,-2.7904416015329225,2023-10-28,6.0,0,True,False
2023-09-15,2023Q4,-2,diag3,student_t_ar1_shared,2.1273054971134187,2.1049942184391135,-0.11348735959334384,0.41785370637820646,3.4192155752948095,3.3620596105877665,-1.2919100781813908,2024-01-28,6.0,0,True,False
2023-09-22,2023Q3,12,diag3,student_t_ar1_shared,1.8497190630961224,1.8328198341165947,-0.1767502621923476,0.4566901818122715,4.694888429547928,4.5880109584365245,-2.845169366451805,2023-10-28,6.0,0,True,False
2023-09-22,2023Q4,-1,diag3,student_t_ar1_shared,1.921262666223389,1.903039455634664,-0.16042875167366294,0.41854547344467313,3.4192155752948095,3.3620596105877665,-1.4979529090714205,2024-01-28,6.0,0,True,False
2023-09-29,2023Q3,13,diag3,student_t_ar1_shared,1.8566778896487834,1.8396520462213217,-0.17516221572723684,0.4546378377761843,4.694888429547928,4.5880109584365245,-2.838210539899144,2023-10-28,4.0,0,True,False
2023-09-29,2023Q4,0,diag3,student_t_ar1_shared,1.9350051355745412,1.9165219641885165,-0.15729494234198865,0.41769352463693404,3.4192155752948095,3.3620596105877665,-1.4842104397202682,2024-01-28,4.0,0,True,False
2023-10-06,2023Q3,14,diag3,student_t_ar1_shared,1.9259023332305558,1.9075915591755428,-0.1593706826579323,0.449648991318208,4.694888429547928,4.5880109584365245,-2.768986096317372,2023-10-28,13.0,3,True,True
2023-10-06,2023Q4,1,diag3,student_t_ar1_shared,2.119635416889132,2.097483623476408,-0.11523308610162239,0.4127616599289499,3.4192155752948095,3.3620596105877665,-1.2995801584056776,2024-01-28,13.0,0,True,False
2023-10-06,2024Q1,-12,diag3,student_t_ar1_shared,2.189714388208319,2.1660844722719728,-0.09928783531556691,0.422967694845301,0.8420915771010673,0.8385657658582282,1.347622811107252,2024-04-28,13.0,0,True,False
2023-10-13,2023Q3,15,diag3,student_t_ar1_shared,1.8982968470846018,1.8805040137066853,-0.16566678122322498,0.44343126732830007,4.694888429547928,4.5880109584365245,-2.796591582463326,2023-10-28,6.0,0,True,False
2023-10-13,2023Q4,2,diag3,student_t_ar1_shared,2.079658515709193,2.0583288341323454,-0.12433403669520471,0.4108692598544468,3.4192155752948095,3.3620596105877665,-1.3395570595856165,2024-01-28,6.0,0,True,False
2023-10-13,2024Q1,-11,diag3,student_t_ar1_shared,2.1551202857011065,2.132225918525891,-0.10715775442317592,0.42167293496007024,0.8420915771010673,0.8385657658582282,1.3130287086000392,2024-04-28,6.0,0,True,False
2023-10-20,2023Q3,16,diag3,student_t_ar1_shared,1.9234733189396502,1.9052084130086806,-0.15992460967133837,0.4358201190202339,4.694888429547928,4.5880109584365245,-2.7714151106082774,2023-10-28,9.0,0,True,False
2023-10-20,2023Q4,3,diag3,student_t_ar1_shared,2.0062080444392505,1.9863488624868377,-0.14106471451642408,0.39357053369688416,3.4192155752948095,3.3620596105877665,-1.413007530855559,2024-01-28,9.0,0,True,False
2023-10-20,2024Q1,-10,diag3,student_t_ar1_shared,2.0397039095100267,2.0191805571293866,-0.13343347359159632,0.4174892562859612,0.8420915771010673,0.8385657658582282,1.1976123324089594,2024-04-28,9.0,0,True,False
2023-10-27,2023Q3,17,diag3,student_t_ar1_shared,1.9182997959678927,1.9001323945912472,-0.16110445493683667,0.4333353157700642,4.694888429547928,4.5880109584365245,-2.776588633580035,2023-10-28,4.0,0,True,False
2023-10-27,2023Q4,4,diag3,student_t_ar1_shared,1.9940070076528427,1.974387074311439,-0.14384505492991964,0.3924975638279352,3.4192155752948095,3.3620596105877665,-1.4252085676419668,2024-01-28,4.0,0,True,False
2023-10-27,2024Q1,-9,diag3,student_t_ar1_shared,2.0289335510099926,2.008624933644997,-0.13588697185899168,0.4169195720745281,0.8420915771010673,0.8385657658582282,1.1868419739089253,2024-04-28,4.0,0,True,False
2023-11-03,2023Q4,5,diag3,student_t_ar1_shared,1.6998568173504758,1.6855709173106095,-0.21451582298203778,0.38589727632281406,3.4192155752948095,3.3620596105877665,-1.7193587579443337,2024-01-28,12.0,11,False,True
2023-11-03,2024Q1,-8,diag3,student_t_ar1_shared,1.8342942106932103,1.8176739695153652,-0.18373172470427823,0.4127797668142752,0.8420915771010673,0.8385657658582282,0.992202633592143,2024-04-28,12.0,0,True,False
2023-11-10,2023Q4,6,diag3,student_t_ar1_shared,1.833522841162516,1.8169164914396818,-0.18390824053139893,0.3994914492380795,3.4192155752948095,3.3620596105877665,-1.5856927341322935,2024-01-28,7.0,0,True,False
2023-11-10,2024Q1,-7,diag3,student_t_ar1_shared,1.9587101515028849,1.9397742905309592,-0.15527857226640657,0.41331513460935365,0.8420915771010673,0.8385657658582282,1.1166185744018176,2024-04-28,7.0,0,True,False
2023-11-17,2023Q4,7,diag3,student_t_ar1_shared,1.5993323689649452,1.5866777963095053,-0.23756097981288626,0.37934909674075723,3.4192155752948095,3.3620596105877665,-1.8198832063298642,2024-01-28,10.0,0,True,False
2023-11-17,2024Q1,-6,diag3,student_t_ar1_shared,1.71852008864819,1.7039205587087443,-0.21023978881981203,0.4099316224246376,0.8420915771010673,0.8385657658582282,0.8764285115471226,2024-04-28,10.0,0,True,False
2023-11-24,2023Q4,8,diag3,student_t_ar1_shared,1.7423569457776678,1.7273519501251027,-0.2047795496799335,0.40749715714100765,3.4192155752948095,3.3620596105877665,-1.6768586295171417,2024-01-28,2.0,0,True,False
2023-11-24,2024Q1,-5,diag3,student_t_ar1_shared,1.9046878051265148,1.8867757158163658,-0.16762887988887107,0.41008745711222644,0.8420915771010673,0.8385657658582282,1.0625962280254475,2024-04-28,2.0,0,True,False
2023-12-01,2023Q4,9,diag3,student_t_ar1_shared,1.6570479625030998,1.6434687270495258,-0.22432693590543373,0.3793698480494373,3.4192155752948095,3.3620596105877665,-1.7621676127917096,2024-01-28,11.0,11,False,True
2023-12-01,2024Q1,-4,diag3,student_t_ar1_shared,1.786122472935392,1.7703587351777732,-0.19475763818299208,0.4043690276669095,0.8420915771010673,0.8385657658582282,0.9440308958343246,2024-04-28,11.0,0,True,False
2023-12-08,2023Q4,10,diag3,student_t_ar1_shared,1.6765268908192077,1.6626283059727354,-0.2198621612413451,0.374973810534532,3.4192155752948095,3.3620596105877665,-1.7426886844756018,2024-01-28,9.0,0,True,False
2023-12-08,2024Q1,-3,diag3,student_t_ar1_shared,1.8067806003959852,1.7906522986759477,-0.19002861002877908,0.40328618104985753,0.8420915771010673,0.8385657658582282,0.9646890232949179,2024-04-28,9.0,0,True,False
2023-12-15,2023Q4,11,diag3,student_t_ar1_shared,1.6713829321294282,1.6575690371606182,-0.2210411274024329,0.40243028154705707,3.4192155752948095,3.3620596105877665,-1.7478326431653812,2024-01-28,6.0,0,True,False
2023-12-15,2024Q1,-2,diag3,student_t_ar1_shared,1.7989854741843114,1.7829952206218724,-0.19181294611642508,0.4040506166228823,0.8420915771010673,0.8385657658582282,0.9568938970832441,2024-04-28,6.0,0,True,False
2023-12-22,2023Q4,12,diag3,student_t_ar1_shared,1.7392581599857682,1.7243061852381456,-0.2054893071310006,0.4065777636551728,3.4192155752948095,3.3620596105877665,-1.6799574153090413,2024-01-28,6.0,0,True,False
2023-12-22,2024Q1,-1,diag3,student_t_ar1_shared,1.7275509145053825,1.712798415939998,-0.2081709734144024,0.4030413804084869,0.8420915771010673,0.8385657658582282,0.8854593374043151,2024-04-28,6.0,0,True,False
2023-12-29,2023Q4,13,diag3,student_t_ar1_shared,1.7582340515862604,1.7429559400329424,-0.20114333726219483,0.4095803379662281,3.4192155752948095,3.3620596105877665,-1.660981523708549,2024-01-28,4.0,0,True,False
2023-12-29,2024Q1,0,diag3,student_t_ar1_shared,1.747491544448554,1.7323984904907057,-0.20360354964068678,0.40373754749340485,0.8420915771010673,0.8385657658582282,0.9053999673474866,2024-04-28,4.0,0,True,False
2024-01-05,2023Q4,14,diag3,student_t_ar1_shared,1.7205134208376993,1.7058801946303297,-0.20978313302123736,0.4131768817744518,3.4192155752948095,3.3620596105877665,-1.6987021544571101,2024-01-28,13.0,12,False,True
2024-01-05,2024Q1,1,diag3,student_t_ar1_shared,1.7617405559883226,1.7464017977765562,-0.2003403457971213,0.40207584670298696,0.8420915771010673,0.8385657658582282,0.9196489788872553,2024-04-28,13.0,0,True,False
2024-01-05,2024Q2,-12,diag3,student_t_ar1_shared,1.7459946989108799,1.7309273421356945,-0.20394637272301525,0.41933534476201895,3.5892686664036777,3.526355417094438,-1.8432739674927978,2024-07-28,13.0,0,True,False
2024-01-12,2023Q4,15,diag3,student_t_ar1_shared,1.7004795621686553,1.6861832514190616,-0.21437313018986676,0.4113275241548674,3.4192155752948095,3.3620596105877665,-1.7187360131261542,2024-01-28,4.0,0,True,False
2024-01-12,2024Q1,2,diag3,student_t_ar1_shared,1.7334185466120866,1.7185662367892438,-0.2068268927068917,0.40153942024681905,0.8420915771010673,0.8385657658582282,0.8913269695110193,2024-04-28,4.0,0,True,False
2024-01-12,2024Q2,-11,diag3,student_t_ar1_shared,1.7217986873604874,1.7071437140127825,-0.20948869391331287,0.4189958345985764,3.5892686664036777,3.526355417094438,-1.8674699790431903,2024-07-28,4.0,0,True,False
2024-01-19,2023Q4,16,diag3,student_t_ar1_shared,1.6347324236720695,1.6215145301033675,-0.22944294303108514,0.4043006955821671,3.4192155752948095,3.3620596105877665,-1.78448315162274,2024-01-28,11.0,0,True,False
2024-01-19,2024Q1,3,diag3,student_t_ar1_shared,1.5184203062117652,1.5070076877470422,-0.2561265800079917,0.475773037886334,0.8420915771010673,0.8385657658582282,0.6763287291106979,2024-04-28,11.0,0,True,False
2024-01-19,2024Q2,-10,diag3,student_t_ar1_shared,1.49105619009815,1.4800492257563969,-0.2624087357151208,0.421680013227811,3.5892686664036777,3.526355417094438,-2.0982124763055277,2024-07-28,11.0,0,True,False
2024-01-26,2023Q4,17,diag3,student_t_ar1_shared,1.6549070357648965,1.6413626760420406,-0.22481771094893477,0.403342259203082,3.4192155752948095,3.3620596105877665,-1.764308539529913,2024-01-28,4.0,0,True,False
2024-01-26,2024Q1,4,diag3,student_t_ar1_shared,1.475681404741147,1.464899171546924,-0.26593916707089993,0.4641950063867558,0.8420915771010673,0.8385657658582282,0.6335898276400798,2024-04-28,4.0,0,True,False
2024-01-26,2024Q2,-9,diag3,student_t_ar1_shared,1.424321046555721,1.4142728939107243,-0.2777366560779996,0.4204286010933599,3.5892686664036777,3.526355417094438,-2.1649476198479567,2024-07-28,4.0,0,True,False
2024-02-02,2024Q1,5,diag3,student_t_ar1_shared,1.71464668537471,1.7001125235339836,-0.21292311138889783,0.4731882010421735,0.8420915771010673,0.8385657658582282,0.8725551082736427,2024-04-28,10.0,2,True,True
2024-02-02,2024Q2,-8,diag3,student_t_ar1_shared,1.8753270934231958,1.8579596300769414,-0.17602431265033538,0.4172289506641276,3.5892686664036777,3.526355417094438,-1.7139415729804819,2024-07-28,10.0,0,True,False
2024-02-09,2024Q1,6,diag3,student_t_ar1_shared,1.9100237638631556,1.8920118037285631,-0.16806417749359867,0.45259286237170465,0.8420915771010673,0.8385657658582282,1.0679321867620883,2024-04-28,9.0,0,True,False
2024-02-09,2024Q2,-7,diag3,student_t_ar1_shared,2.038163461295217,2.017670890025661,-0.13868974398957745,0.4154309798798974,3.5892686664036777,3.526355417094438,-1.5511052051084606,2024-07-28,9.0,0,True,False
2024-02-16,2024Q1,7,diag3,student_t_ar1_shared,2.0768694549307964,2.055596557279584,-0.12982412970194823,0.45006355258434394,0.8420915771010673,0.8385657658582282,1.2347778778297291,2024-04-28,8.0,0,True,False
2024-02-16,2024Q2,-6,diag3,student_t_ar1_shared,2.2396289605154607,2.214917553160853,-0.0925807903047171,0.4145882036033003,3.5892686664036777,3.526355417094438,-1.349639705888217,2024-07-28,8.0,0,True,False
2024-02-23,2024Q1,8,diag3,student_t_ar1_shared,2.0144851222185123,1.9944628215714237,-0.14411492957427888,0.4965082344945493,0.8420915771010673,0.8385657658582282,1.172393545117445,2024-04-28,4.0,0,True,False
2024-02-23,2024Q2,-5,diag3,student_t_ar1_shared,2.2379168278133355,2.2132429118738925,-0.09297225932280788,0.4162345183133314,3.5892686664036777,3.526355417094438,-1.3513518385903422,2024-07-28,4.0,0,True,False
2024-03-01,2024Q1,9,diag3,student_t_ar1_shared,1.8885860231562024,1.8709736417818816,-0.1729821194217177,0.529866106500943,0.8420915771010673,0.8385657658582282,1.046494446055135,2024-04-28,11.0,2,True,True
2024-03-01,2024Q2,-4,diag3,student_t_ar1_shared,1.9072650180020023,1.8893047263478204,-0.16869699177590897,0.4162980865931441,3.5892686664036777,3.526355417094438,-1.6820036484016754,2024-07-28,11.0,0,True,False
2024-03-08,2024Q1,10,diag3,student_t_ar1_shared,1.8520524932667204,1.8351108600147603,-0.18136550759785675,0.5178424284763331,0.8420915771010673,0.8385657658582282,1.009960916165653,2024-04-28,9.0,0,True,False
2024-03-08,2024Q2,-3,diag3,student_t_ar1_shared,1.8617676315939136,1.8446488857889638,-0.17913587095063843,0.4157537475122411,3.5892686664036777,3.526355417094438,-1.7275010348097641,2024-07-28,9.0,0,True,False
2024-03-15,2024Q1,11,diag3,student_t_ar1_shared,1.821893930991747,1.805496308890418,-0.18828829120537632,0.5124855976440638,0.8420915771010673,0.8385657658582282,0.9798023538906797,2024-04-28,6.0,0,True,False
2024-03-15,2024Q2,-2,diag3,student_t_ar1_shared,1.8245828619255722,1.8081370920518496,-0.18767097405259506,0.41413647732083403,3.5892686664036777,3.526355417094438,-1.7646858044781055,2024-07-28,6.0,0,True,False
2024-03-22,2024Q1,12,diag3,student_t_ar1_shared,2.0107209499577783,1.990772912531621,-0.14497749344386893,0.5241710732072878,0.8420915771010673,0.8385657658582282,1.168629372856711,2024-04-28,6.0,0,True,False
2024-03-22,2024Q2,-1,diag3,student_t_ar1_shared,2.071297120998161,2.050137449781859,-0.1311002665489413,0.4142838720370097,3.5892686664036777,3.526355417094438,-1.5179715454055165,2024-07-28,6.0,0,True,False
2024-03-29,2024Q1,13,diag3,student_t_ar1_shared,2.035528336347414,2.0150883670902244,-0.1392934420624748,0.5203202602837114,0.8420915771010673,0.8385657658582282,1.1934367592463468,2024-04-28,4.0,0,True,False
2024-03-29,2024Q2,0,diag3,student_t_ar1_shared,2.0948287100641894,2.0731888635013926,-0.1257117010306693,0.4124001981709309,3.5892686664036777,3.526355417094438,-1.4944399563394883,2024-07-28,4.0,0,True,False
2024-04-05,2024Q1,14,diag3,student_t_ar1_shared,2.2001260474188156,2.1762725121444957,-0.10161456749541889,0.5236063970517875,0.8420915771010673,0.8385657658582282,1.3580344703177483,2024-04-28,13.0,2,True,True
2024-04-05,2024Q2,1,diag3,student_t_ar1_shared,2.456660486272444,2.426969865070552,-0.04301082509871304,0.4088065895156248,3.5892686664036777,3.526355417094438,-1.1326081801312338,2024-07-28,13.0,0,True,False
2024-04-05,2024Q3,-12,diag3,student_t_ar1_shared,2.4524545994108804,2.422864740844733,-0.04397045087787846,0.4202794907680061,3.340152501559479,3.2855812596193403,-0.8876979021485987,2024-10-28,13.0,0,True,False
2024-04-12,2024Q1,15,diag3,student_t_ar1_shared,2.239184454172194,2.2144827830877745,-0.09268242342156938,0.525221880200828,0.8420915771010673,0.8385657658582282,1.3970928770711266,2024-04-28,4.0,0,True,False
2024-04-12,2024Q2,2,diag3,student_t_ar1_shared,2.4933911277196685,2.4628133708918094,-0.03463194292374497,0.4088170429899602,3.5892686664036777,3.526355417094438,-1.0958775386840092,2024-07-28,4.0,0,True,False
2024-04-12,2024Q3,-11,diag3,student_t_ar1_shared,2.482033559718011,2.4517314882411543,-0.03722247604485479,0.42044920105930206,3.340152501559479,3.2855812596193403,-0.8581189418414681,2024-10-28,4.0,0,True,False
2024-04-19,2024Q1,16,diag3,student_t_ar1_shared,2.3138894107756824,2.2875249119722914,-0.07560788292365761,0.5303891371404846,0.8420915771010673,0.8385657658582282,1.4717978336746151,2024-04-28,11.0,0,True,False
2024-04-19,2024Q2,3,diag3,student_t_ar1_shared,2.5716058532188057,2.5390962377325317,-0.016799838095200983,0.4902246052093462,3.5892686664036777,3.526355417094438,-1.017662813184872,2024-07-28,11.0,0,True,False
2024-04-19,2024Q3,-10,diag3,student_t_ar1_shared,2.5357012711233917,2.5040857030367683,-0.02498400251709906,0.4241158230354985,3.340152501559479,3.2855812596193403,-0.8044512304360874,2024-10-28,11.0,0,True,False
2024-04-26,2024Q1,17,diag3,student_t_ar1_shared,2.3019441282621456,2.2758490975248007,-0.07833725526910192,0.5278208400674644,0.8420915771010673,0.8385657658582282,1.4598525511610783,2024-04-28,4.0,0,True,False
2024-04-26,2024Q2,4,diag3,student_t_ar1_shared,2.5547055115105133,2.5226182524033063,-0.020651779873523016,0.48932766952503537,3.5892686664036777,3.526355417094438,-1.0345631548931644,2024-07-28,4.0,0,True,False
2024-04-26,2024Q3,-9,diag3,student_t_ar1_shared,2.5211858471025472,2.489928242393457,-0.02829349169537873,0.42352970183675503,3.340152501559479,3.2855812596193403,-0.8189666544569318,2024-10-28,4.0,0,True,False
2024-05-03,2024Q2,5,diag3,student_t_ar1_shared,2.6101841526526393,2.5767002569657618,-0.005384761393602944,0.476527411036206,3.5892686664036777,3.526355417094438,-0.9790845137510384,2024-07-28,11.0,11,False,True
2024-05-03,2024Q3,-8,diag3,student_t_ar1_shared,2.329598304676339,2.3028773613532887,-0.06956524494088138,0.41835918767015745,3.340152501559479,3.2855812596193403,-1.01055419688314,2024-10-28,11.0,0,True,False
2024-05-10,2024Q2,6,diag3,student_t_ar1_shared,2.415911054268083,2.387189593621502,-0.04980356714611228,0.45385748847459456,3.5892686664036777,3.526355417094438,-1.1733576121355949,2024-07-28,8.0,0,True,False
2024-05-10,2024Q3,-7,diag3,student_t_ar1_shared,2.192382049707109,2.1686949372250424,-0.10101583947511204,0.4165473999020512,3.340152501559479,3.2855812596193403,-1.1477704518523701,2024-10-28,8.0,0,True,False
2024-05-17,2024Q2,7,diag3,student_t_ar1_shared,2.303392377449276,2.277264748955866,-0.07556850425525963,0.4070513304557807,3.5892686664036777,3.526355417094438,-1.2858762889544018,2024-07-28,10.0,0,True,False
2024-05-17,2024Q3,-6,diag3,student_t_ar1_shared,2.117898776464644,2.0957830149850314,-0.11810543461381859,0.41147651198388346,3.340152501559479,3.2855812596193403,-1.222253725094835,2024-10-28,10.0,0,True,False
2024-05-24,2024Q2,8,diag3,student_t_ar1_shared,2.24315517222593,2.2183664613178635,-0.08937348784605292,0.41368048544556363,3.5892686664036777,3.526355417094438,-1.3461134941777475,2024-07-28,2.0,0,True,False
2024-05-24,2024Q3,-5,diag3,student_t_ar1_shared,2.0272125483278725,2.0069381403627893,-0.1389295041321788,0.41030409835963794,3.340152501559479,3.2855812596193403,-1.3129399532316066,2024-10-28,2.0,0,True,False
2024-05-31,2024Q2,9,diag3,student_t_ar1_shared,2.2694222699552347,2.2440539747239003,-0.08335267272086389,0.38837852649867227,3.5892686664036777,3.526355417094438,-1.319846396448443,2024-07-28,8.0,0,True,False
2024-05-31,2024Q3,-4,diag3,student_t_ar1_shared,2.049371038943293,2.0286539985107535,-0.13383959273721305,0.40861918210735915,3.340152501559479,3.2855812596193403,-1.2907814626161862,2024-10-28,8.0,0,True,False
2024-06-07,2024Q2,10,diag3,student_t_ar1_shared,2.3674958931527934,2.339905330956832,-0.06088637610993952,0.38689831542866,3.5892686664036777,3.526355417094438,-1.2217727732508843,2024-07-28,12.0,3,True,True
2024-06-07,2024Q3,-3,diag3,student_t_ar1_shared,2.1668578828233587,2.1437152328330114,-0.10687075348134462,0.4062721132748648,3.340152501559479,3.2855812596193403,-1.1732946187361204,2024-10-28,12.0,0,True,False
2024-06-14,2024Q2,11,diag3,student_t_ar1_shared,2.40628874035107,2.3777938211576455,-0.05200581257442721,0.4222992840110428,3.5892686664036777,3.526355417094438,-1.1829799260526075,2024-07-28,6.0,0,True,False
2024-06-14,2024Q3,-2,diag3,student_t_ar1_shared,2.2094243399843894,2.185370220695168,-0.09710737245665191,0.4081286012113315,3.340152501559479,3.2855812596193403,-1.1307281615750897,2024-10-28,6.0,0,True,False
2024-06-21,2024Q2,12,diag3,student_t_ar1_shared,2.4883263191525895,2.457871653521895,-0.033236622397470605,0.41578441805656996,3.5892686664036777,3.526355417094438,-1.1009423472510882,2024-07-28,6.0,0,True,False
2024-06-21,2024Q3,-1,diag3,student_t_ar1_shared,2.208638999803547,2.1846018539784486,-0.09728746750425694,0.40421342529571325,3.340152501559479,3.2855812596193403,-1.131513501755932,2024-10-28,6.0,0,True,False
2024-06-28,2024Q2,13,diag3,student_t_ar1_shared,2.4970362150296133,2.4663697197004653,-0.03124478750967763,0.41154614130585254,3.5892686664036777,3.526355417094438,-1.0922324513740644,2024-07-28,4.0,0,True,False
2024-06-28,2024Q3,0,diag3,student_t_ar1_shared,2.2168379184943188,2.192623279505982,-0.0954073509130418,0.4027746044800935,3.340152501559479,3.2855812596193403,-1.1233145830651603,2024-10-28,4.0,0,True,False
2024-07-05,2024Q2,14,diag3,student_t_ar1_shared,2.479986677739232,2.4497341601737546,-0.03514394375852126,0.41486814577473013,3.5892686664036777,3.526355417094438,-1.1092819886644456,2024-07-28,13.0,2,True,True
2024-07-05,2024Q3,1,diag3,student_t_ar1_shared,2.02565528578067,2.00541180793359,-0.13928725636886005,0.4010165604138627,3.340152501559479,3.2855812596193403,-1.3144972157788093,2024-10-28,13.0,0,True,False
2024-07-05,2024Q4,-12,diag3,student_t_ar1_shared,2.253785146987086,2.2287626802090967,-0.08693675093984839,0.42007678431747286,1.8522267738050768,1.8352819713325936,0.4015583731820094,2025-01-28,13.0,0,True,False
2024-07-12,2024Q2,15,diag3,student_t_ar1_shared,2.5124166054987906,2.481374286842547,-0.027727914413867294,0.4135618709714821,3.5892686664036777,3.526355417094438,-1.076852060904887,2024-07-28,4.0,0,True,False
2024-07-12,2024Q3,2,diag3,student_t_ar1_shared,2.057717840812745,2.0368328441548766,-0.13192257894213114,0.4004983452146701,3.340152501559479,3.2855812596193403,-1.282434660746734,2024-10-28,4.0,0,True,False
2024-07-12,2024Q4,-11,diag3,student_t_ar1_shared,2.281107237405422,2.2554789927779195,-0.08067479882867823,0.41988541231240994,1.8522267738050768,1.8352819713325936,0.42888046360034515,2025-01-28,4.0,0,True,False
2024-07-19,2024Q2,16,diag3,student_t_ar1_shared,2.520358623472929,2.4891213584697427,-0.025912102766719625,0.4109096567365788,3.5892686664036777,3.526355417094438,-1.0689100429307485,2024-07-28,11.0,0,True,False
2024-07-19,2024Q3,3,diag3,student_t_ar1_shared,1.963719370795447,1.9446871579436344,-0.15352031526219043,0.42595427763250254,3.340152501559479,3.2855812596193403,-1.376433130764032,2024-10-28,11.0,0,True,False
2024-07-19,2024Q4,-10,diag3,student_t_ar1_shared,2.1617795649734095,2.1387444975367593,-0.1080358284258097,0.42011544043766996,1.8522267738050768,1.8352819713325936,0.3095527911683327,2025-01-28,11.0,0,True,False
2024-07-26,2024Q2,17,diag3,student_t_ar1_shared,2.5206156588069906,2.489372074537569,-0.025853338219546995,0.4076361787548177,3.5892686664036777,3.526355417094438,-1.0686530075966871,2024-07-28,4.0,0,True,False
2024-07-26,2024Q3,4,diag3,student_t_ar1_shared,2.003566755900854,1.9837594879912945,-0.14436227524450443,0.4223872123052642,3.340152501559479,3.2855812596193403,-1.336585745658625,2024-10-28,4.0,0,True,False
2024-07-26,2024Q4,-9,diag3,student_t_ar1_shared,2.2184416034276344,2.1941921720543838,-0.09503962314446018,0.4184785593242738,1.8522267738050768,1.8352819713325936,0.3662148296225576,2025-01-28,4.0,0,True,False
2024-08-02,2024Q3,5,diag3,student_t_ar1_shared,1.7708194940539324,1.7553231596160495,-0.1998871053124878,0.4549103664558349,3.340152501559479,3.2855812596193403,-1.5693330075055467,2024-10-28,10.0,11,False,True
2024-08-02,2024Q4,-8,diag3,student_t_ar1_shared,2.038866231384895,2.0183596202475336,-0.13804682319253275,0.41706443116517056,1.8522267738050768,1.8352819713325936,0.18663945757981804,2025-01-28,10.0,0,True,False
2024-08-09,2024Q3,6,diag3,student_t_ar1_shared,1.7645153011600634,1.7491284682596464,-0.20134348691147347,0.4424500683253812,3.340152501559479,3.2855812596193403,-1.5756372003994157,2024-10-28,9.0,0,True,False
2024-08-09,2024Q4,-7,diag3,student_t_ar1_shared,2.0516631874760938,2.03090009054216,-0.1350985390684428,0.4155372154682509,1.8522267738050768,1.8352819713325936,0.19943641367101694,2025-01-28,9.0,0,True,False
2024-08-16,2024Q3,7,diag3,student_t_ar1_shared,1.7754231812539434,1.7598466400205917,-0.19882362801466608,0.4180154142596122,3.340152501559479,3.2855812596193403,-1.5647293203055357,2024-10-28,8.0,0,True,False
2024-08-16,2024Q4,-6,diag3,student_t_ar1_shared,2.0563171000333558,2.0354603361058143,-0.13402641822437564,0.41373390311546726,1.8522267738050768,1.8352819713325936,0.20409032622827894,2025-01-28,8.0,0,True,False
2024-08-23,2024Q3,8,diag3,student_t_ar1_shared,1.6385144006483054,1.6252356070633351,-0.23047089179912603,0.42849988026640246,3.340152501559479,3.2855812596193403,-1.7016381009111736,2024-10-28,4.0,0,True,False
2024-08-23,2024Q4,-5,diag3,student_t_ar1_shared,1.9106499608457561,1.8926262624791375,-0.16760693169467772,0.4134967054496404,1.8522267738050768,1.8352819713325936,0.05842318704067928,2025-01-28,4.0,0,True,False
2024-08-30,2024Q3,9,diag3,student_t_ar1_shared,1.6840634750752148,1.6700403460793205,-0.2199372277800481,0.4124616151606232,3.340152501559479,3.2855812596193403,-1.6560890264842643,2024-10-28,8.0,0,True,False
2024-08-30,2024Q4,-4,diag3,student_t_ar1_shared,1.9502047607639739,1.9314319473357071,-0.15848365466446246,0.4123297035178022,1.8522267738050768,1.8352819713325936,0.09797798695889703,2025-01-28,8.0,0,True,False
2024-09-06,2024Q3,10,diag3,student_t_ar1_shared,1.7581080059128062,1.7428320721683934,-0.2028237794522387,0.3976392574337351,3.340152501559479,3.2855812596193403,-1.5820444956466728,2024-10-28,10.0,11,False,True
2024-09-06,2024Q4,-3,diag3,student_t_ar1_shared,2.0535243927712665,2.0327238612334244,-0.13466976773461653,0.4059708927854583,1.8522267738050768,1.8352819713325936,0.2012976189661897,2025-01-28,10.0,0,True,False
2024-09-13,2024Q3,11,diag3,student_t_ar1_shared,1.7800021423399315,1.7643456221326903,-0.1977659103036047,0.3929204730858156,3.340152501559479,3.2855812596193403,-1.5601503592195476,2024-10-28,6.0,0,True,False
2024-09-13,2024Q4,-2,diag3,student_t_ar1_shared,2.078880299034025,2.0575664690804825,-0.12882923188582485,0.4052384743903679,1.8522267738050768,1.8352819713325936,0.2266535252289481,2025-01-28,6.0,0,True,False
2024-09-20,2024Q3,12,diag3,student_t_ar1_shared,1.8627356895307479,1.8455992456338248,-0.17866305669724294,0.3886910961045575,3.340152501559479,3.2855812596193403,-1.4774168120287312,2024-10-28,8.0,0,True,False
2024-09-20,2024Q4,-1,diag3,student_t_ar1_shared,2.1846070526209793,2.161086451432172,-0.10449152258760672,0.4017393195708137,1.8522267738050768,1.8352819713325936,0.3323802788159025,2025-01-28,8.0,0,True,False
2024-09-27,2024Q3,13,diag3,student_t_ar1_shared,1.856079632010621,1.8390646921003189,-0.1801993404241066,0.38444486424725455,3.340152501559479,3.2855812596193403,-1.484072869548858,2024-10-28,4.0,0,True,False
2024-09-27,2024Q4,0,diag3,student_t_ar1_shared,2.176050793608142,2.1527127662933463,-0.10646018902314756,0.4004261994151708,1.8522267738050768,1.8352819713325936,0.3238240198030651,2025-01-28,4.0,0,True,False
2024-10-04,2024Q3,14,diag3,student_t_ar1_shared,1.8589691187564927,1.8419014847317814,-0.1795324060522545,0.3838708460513099,3.340152501559479,3.2855812596193403,-1.4811833828029863,2024-10-28,9.0,12,False,True
2024-10-04,2024Q4,1,diag3,student_t_ar1_shared,2.040857050917122,2.0203106416427596,-0.13758813501974793,0.3976531439704819,1.8522267738050768,1.8352819713325936,0.18863027711204516,2025-01-28,9.0,0,True,False
2024-10-04,2025Q1,-12,diag3,student_t_ar1_shared,1.990333919196141,1.970785730756924,-0.149231518806897,0.41892119613383844,-0.6484826392524012,-0.6505944225690983,2.6388165584485423,2025-04-28,9.0,0,True,False
2024-10-11,2024Q3,15,diag3,student_t_ar1_shared,1.937149412854433,1.9186255150973905,-0.16149446685630198,0.3802766494381771,3.340152501559479,3.2855812596193403,-1.403003088705046,2024-10-28,7.0,0,True,False
2024-10-11,2024Q4,2,diag3,student_t_ar1_shared,2.1153614555207367,2.0932982865513217,-0.12042862587192624,0.3963004558660461,1.8522267738050768,1.8352819713325936,0.2631346817156599,2025-01-28,7.0,0,True,False
2024-10-11,2025Q1,-11,diag3,student_t_ar1_shared,2.0413818434840136,2.0208249368305635,-0.1374672234190125,0.4183107169693868,-0.6484826392524012,-0.6505944225690983,2.689864482736415,2025-04-28,7.0,0,True,False
2024-10-18,2024Q3,16,diag3,student_t_ar1_shared,1.8678227155508154,1.8505931219191816,-0.1774889885942233,0.3764536788733761,3.340152501559479,3.2855812596193403,-1.4723297860086637,2024-10-28,12.0,0,True,False
2024-10-18,2024Q4,3,diag3,student_t_ar1_shared,1.8906492136646413,1.8729985689106075,-0.17222143306352958,0.4359738554790932,1.8522267738050768,1.8352819713325936,0.038422439859564506,2025-01-28,12.0,0,True,False
2024-10-18,2025Q1,-10,diag3,student_t_ar1_shared,1.800984778043846,1.7849591736196113,-0.19291963220061825,0.4193709046723434,-0.6484826392524012,-0.6505944225690983,2.449467417296247,2025-04-28,12.0,0,True,False
2024-10-25,2024Q3,17,diag3,student_t_ar1_shared,1.878217849657049,1.8607971328402555,-0.1750900097127428,0.376564401794809,3.340152501559479,3.2855812596193403,-1.46193465190243,2024-10-28,0.0,0,True,False
2024-10-25,2024Q4,4,diag3,student_t_ar1_shared,1.9712705356238036,1.9520926206700449,-0.15362629814165824,0.43704138173810303,1.8522267738050768,1.8352819713325936,0.11904376181872678,2025-01-28,0.0,0,True,False
2024-10-25,2025Q1,-9,diag3,student_t_ar1_shared,1.8967248223339617,1.878961262821234,-0.1708195944258637,0.4186126889590859,-0.6484826392524012,-0.6505944225690983,2.545207461586363,2025-04-28,0.0,0,True,False
2024-11-01,2024Q4,5,diag3,student_t_ar1_shared,1.9386196689238355,1.9200678209447615,-0.16266336496621941,0.4269860502260827,1.8522267738050768,1.8352819713325936,0.0863928951187587,2025-01-28,13.0,11,False,True
2024-11-01,2025Q1,-8,diag3,student_t_ar1_shared,2.015307741540928,1.9952691933378888,-0.14492862336867468,0.41414677194458827,-0.6484826392524012,-0.6505944225690983,2.6637903807933294,2025-04-28,13.0,0,True,False
2024-11-08,2024Q4,6,diag3,student_t_ar1_shared,1.9471034450075697,1.9283899103574522,-0.16070076640466416,0.4072466734446192,1.8522267738050768,1.8352819713325936,0.09487667120249288,2025-01-28,10.0,0,True,False
2024-11-08,2025Q1,-7,diag3,student_t_ar1_shared,2.03304932182915,2.0126587774426272,-0.14082763729924364,0.41263141640991696,-0.6484826392524012,-0.6505944225690983,2.6815319610815513,2025-04-28,10.0,0,True,False
2024-11-15,2024Q4,7,diag3,student_t_ar1_shared,1.9848560182516906,1.9654145864060353,-0.1519692360939961,0.41360062631612027,1.8522267738050768,1.8352819713325936,0.13262924444661373,2025-01-28,6.0,0,True,False
2024-11-15,2025Q1,-6,diag3,student_t_ar1_shared,2.0556682415847405,2.0348245493855766,-0.13560028272832841,0.41333093935793525,-0.6484826392524012,-0.6505944225690983,2.7041508808371417,2025-04-28,6.0,0,True,False
2024-11-22,2024Q4,8,diag3,student_t_ar1_shared,1.9700275006615975,1.9508736081657685,-0.15539843536869208,0.42616328638109896,1.8522267738050768,1.8352819713325936,0.11780072685652065,2025-01-28,6.0,0,True,False
2024-11-22,2025Q1,-5,diag3,student_t_ar1_shared,2.0997974171301337,2.078055501924904,-0.1254051260722411,0.4197965410373992,-0.6484826392524012,-0.6505944225690983,2.748280056382535,2025-04-28,6.0,0,True,False
2024-11-29,2024Q4,9,diag3,student_t_ar1_shared,1.9728969619438264,1.9536875928038593,-0.15473481329867034,0.4242414567538411,1.8522267738050768,1.8352819713325936,0.12067018813874952,2025-01-28,4.0,0,True,False
2024-11-29,2025Q1,-4,diag3,student_t_ar1_shared,2.1035533043541887,2.0817340774342727,-0.12453760751467179,0.41955989840968405,-0.6484826392524012,-0.6505944225690983,2.75203594360659,2025-04-28,4.0,0,True,False
2024-12-06,2024Q4,10,diag3,student_t_ar1_shared,1.9226080551672409,1.9043594746659909,-0.16636786467564513,0.41582968442317503,1.8522267738050768,1.8352819713325936,0.07038128136216404,2025-01-28,13.0,12,False,True
2024-12-06,2025Q1,-3,diag3,student_t_ar1_shared,2.0757529874457337,2.0545027996077967,-0.13095956046918517,0.4168933469115533,-0.6484826392524012,-0.6505944225690983,2.724235626698135,2025-04-28,13.0,0,True,False
2024-12-13,2024Q4,11,diag3,student_t_ar1_shared,1.9398016772055549,1.9212273436386544,-0.16238991469931235,0.4002336113245924,1.8522267738050768,1.8352819713325936,0.08757490340047802,2025-01-28,6.0,0,True,False
2024-12-13,2025Q1,-2,diag3,student_t_ar1_shared,2.0954569006914614,2.073804162731107,-0.12640771950433113,0.41254338832160004,-0.6484826392524012,-0.6505944225690983,2.7439395399438626,2025-04-28,6.0,0,True,False
2024-12-20,2024Q4,12,diag3,student_t_ar1_shared,1.8757417090931927,1.8583666126488116,-0.17721436251536737,0.38329966848106756,1.8522267738050768,1.8352819713325936,0.02351493528811588,2025-01-28,9.0,0,True,False
2024-12-20,2025Q1,-1,diag3,student_t_ar1_shared,1.8478514396941703,1.830986112293211,-0.18367150662278584,0.40661439430412166,-0.6484826392524012,-0.6505944225690983,2.4963340789465716,2025-04-28,9.0,0,True,False
2024-12-27,2024Q4,13,diag3,student_t_ar1_shared,1.8991010494897376,1.8812932312467066,-0.17180757745812703,0.37923668289038126,1.8522267738050768,1.8352819713325936,0.04687427568466074,2025-01-28,4.0,0,True,False
2024-12-27,2025Q1,0,diag3,student_t_ar1_shared,1.8881057121844513,1.8705022326450962,-0.17435241893759598,0.40540194825553505,-0.6484826392524012,-0.6505944225690983,2.5365883514368526,2025-04-28,4.0,0,True,False
2025-01-03,2024Q4,14,diag3,student_t_ar1_shared,1.9056934418336668,1.8877625514240544,-0.17028191751328892,0.3791066957701545,1.8522267738050768,1.8352819713325936,0.053466668028590014,2025-01-28,8.0,12,False,True
2025-01-03,2025Q1,1,diag3,student_t_ar1_shared,1.9730696683309512,1.9538569576508094,-0.15469487198243131,0.4026300837244223,-0.6484826392524012,-0.6505944225690983,2.6215523075833524,2025-04-28,8.0,0,True,False
2025-01-03,2025Q2,-12,diag3,student_t_ar1_shared,2.008893237474285,1.988981209816357,-0.14641151868527894,0.42026737384114227,3.8380332333819878,3.7662126431826737,-1.8291399959077026,2025-07-28,8.0,0,True,False
2025-01-10,2024Q4,15,diag3,student_t_ar1_shared,2.0029977053221515,1.9832016132187829,-0.14777452110045025,0.37542700391639433,1.8522267738050768,1.8352819713325936,0.15077093151707466,2025-01-28,8.0,0,True,False
2025-01-10,2025Q1,2,diag3,student_t_ar1_shared,2.1144742749194423,2.0924294804847476,-0.12201531033650087,0.4011098923835346,-0.6484826392524012,-0.6505944225690983,2.7629569141718435,2025-04-28,8.0,0,True,False
2025-01-10,2025Q2,-11,diag3,student_t_ar1_shared,2.1205594142549966,2.09838843789517,-0.12061000925619421,0.41946972783165404,3.8380332333819878,3.7662126431826737,-1.7174738191269912,2025-07-28,8.0,0,True,False
2025-01-17,2024Q4,16,diag3,student_t_ar1_shared,2.108905697589658,2.086976062436416,-0.12330139005596347,0.38739636388962817,1.8522267738050768,1.8352819713325936,0.25667892378458124,2025-01-28,10.0,0,True,False
2025-01-17,2025Q1,3,diag3,student_t_ar1_shared,2.245442750806026,2.2206038267293566,-0.09178795094471774,0.41032028713157814,-0.6484826392524012,-0.6505944225690983,2.893925390058427,2025-04-28,10.0,0,True,False
2025-01-17,2025Q2,-10,diag3,student_t_ar1_shared,2.198675116760307,2.1748528065001724,-0.10257741522931875,0.4204840304251274,3.8380332333819878,3.7662126431826737,-1.6393581166216808,2025-07-28,10.0,0,True,False
2025-01-24,2024Q4,17,diag3,student_t_ar1_shared,2.148185262714053,2.1254369701326157,-0.11423115319867086,0.38628019033531125,1.8522267738050768,1.8352819713325936,0.29595848890897614,2025-01-28,2.0,0,True,False
2025-01-24,2025Q1,4,diag3,student_t_ar1_shared,2.4777421211793715,2.447543897261405,-0.03826866823835199,0.6072587923281146,-0.6484826392524012,-0.6505944225690983,3.1262247604317728,2025-04-28,2.0,0,True,False
2025-01-24,2025Q2,-9,diag3,student_t_ar1_shared,2.4650984069736426,2.435205125934548,-0.04117852099966952,0.43269984124756605,3.8380332333819878,3.7662126431826737,-1.3729348264083452,2025-07-28,2.0,0,True,False
2025-01-31,2025Q1,5,diag3,student_t_ar1_shared,2.519269064137264,2.488058579193405,-0.027656690040420095,0.6041692175096185,-0.6484826392524012,-0.6505944225690983,3.167751703389665,2025-04-28,10.0,0,True,False
2025-01-31,2025Q2,-8,diag3,student_t_ar1_shared,2.5021164824940767,2.4713260986890146,-0.03161476379373994,0.4311085161205692,3.8380332333819878,3.7662126431826737,-1.335916750887911,2025-07-28,10.0,0,True,False
2025-02-07,2025Q1,6,diag3,student_t_ar1_shared,2.584408353091927,2.551576983119676,-0.012631390750970473,0.5345334793167936,-0.6484826392524012,-0.6505944225690983,3.2328909923443283,2025-04-28,13.0,11,False,True
2025-02-07,2025Q2,-7,diag3,student_t_ar1_shared,2.6528120952799883,2.618235208729482,0.0031366343879096273,0.4257594940753755,3.8380332333819878,3.7662126431826737,-1.1852211381019995,2025-07-28,13.0,0,True,False
2025-02-14,2025Q1,7,diag3,student_t_ar1_shared,2.5750781871062056,2.542481458316504,-0.014782940127445798,0.5218101258323317,-0.6484826392524012,-0.6505944225690983,3.223560826358607,2025-04-28,6.0,0,True,False
2025-02-14,2025Q2,-6,diag3,student_t_ar1_shared,2.6859659919592938,2.65052710924261,0.010775294049416038,0.4231881983249686,3.8380332333819878,3.7662126431826737,-1.152067241422694,2025-07-28,6.0,0,True,False
2025-02-21,2025Q1,8,diag3,student_t_ar1_shared,2.4541667426572378,2.424535885715668,-0.04268300402467623,0.4924824671148581,-0.6484826392524012,-0.6505944225690983,3.102649381909639,2025-04-28,6.0,0,True,False
2025-02-21,2025Q2,-5,diag3,student_t_ar1_shared,2.486214834910383,2.455811413035074,-0.03528476777562173,0.42028073751306266,3.8380332333819878,3.7662126431826737,-1.3518183984716048,2025-07-28,6.0,0,True,False
2025-02-28,2025Q1,9,diag3,student_t_ar1_shared,2.454988619444376,2.4253380722121096,-0.04249324654574181,0.4696744263532408,-0.6484826392524012,-0.6505944225690983,3.103471258696777,2025-04-28,4.0,0,True,False
2025-02-28,2025Q2,-4,diag3,student_t_ar1_shared,2.48928779742974,2.4588097835526295,-0.03457550224591431,0.41844989912173985,3.8380332333819878,3.7662126431826737,-1.3487454359522477,2025-07-28,4.0,0,True,False
2025-03-07,2025Q1,10,diag3,student_t_ar1_shared,2.524217457638289,2.492885256290966,-0.026514937989336268,0.5325611823038371,-0.6484826392524012,-0.6505944225690983,3.1727000968906904,2025-04-28,15.0,11,False,True
2025-03-07,2025Q2,-3,diag3,student_t_ar1_shared,2.5475863955722877,2.515676237397156,-0.02112372393083782,0.41991803450241116,3.8380332333819878,3.7662126431826737,-1.2904468378097,2025-07-28,15.0,0,True,False
2025-03-14,2025Q1,11,diag3,student_t_ar1_shared,2.5330151107419985,2.5014659369125694,-0.024485175172933915,0.5223429724228797,-0.6484826392524012,-0.6505944225690983,3.1814977499943997,2025-04-28,6.0,0,True,False
2025-03-14,2025Q2,-2,diag3,student_t_ar1_shared,2.553209846325033,2.521159834591498,-0.01982657721532198,0.4175726605858353,3.8380332333819878,3.7662126431826737,-1.2848233870569548,2025-07-28,6.0,0,True,False
2025-03-21,2025Q1,12,diag3,student_t_ar1_shared,2.706320998687506,2.6703477238266236,0.015463866932502318,0.5293484275882052,-0.6484826392524012,-0.6505944225690983,3.354803637939907,2025-04-28,7.0,0,True,False
2025-03-21,2025Q2,-1,diag3,student_t_ar1_shared,2.6333380967910713,2.5992626686637146,-0.0013513261896281742,0.4197075549202411,3.8380332333819878,3.7662126431826737,-1.2046951365909164,2025-07-28,7.0,0,True,False
2025-03-28,2025Q1,13,diag3,student_t_ar1_shared,2.7403335496284376,2.703458558681984,0.02329624578136008,0.5252873515142106,-0.6484826392524012,-0.6505944225690983,3.388816188880839,2025-04-28,4.0,0,True,False
2025-03-28,2025Q2,0,diag3,student_t_ar1_shared,2.668218562831548,2.6332424074865686,0.006686592177831692,0.41818074219660784,3.8380332333819878,3.7662126431826737,-1.1698146705504398,2025-07-28,4.0,0,True,False
2025-04-04,2025Q1,14,diag3,student_t_ar1_shared,2.7239112887009753,2.687473041615146,0.019514866474275402,0.5399400365167598,-0.6484826392524012,-0.6505944225690983,3.3723939279533766,2025-04-28,12.0,12,False,True
2025-04-04,2025Q2,1,diag3,student_t_ar1_shared,2.5931251806428524,2.56007384669537,-0.01062145488427882,0.4211548073644155,3.8380332333819878,3.7662126431826737,-1.2449080527391354,2025-07-28,12.0,0,True,False
2025-04-04,2025Q3,-12,diag3,student_t_ar1_shared,2.621564263700593,2.5877902673052136,-0.004065126495131015,0.4258884808359017,4.3753962528715995,4.282379361041974,-1.7538319891710064,2025-10-28,12.0,0,True,False
2025-04-11,2025Q1,15,diag3,student_t_ar1_shared,2.706810860047981,2.670824676157804,0.015576690162933365,0.5337528738769569,-0.6484826392524012,-0.6505944225690983,3.3552934993003825,2025-04-28,5.0,0,True,False
2025-04-11,2025Q2,2,diag3,student_t_ar1_shared,2.576203306333791,2.5435783261687535,-0.0145234756771086,0.4183189912452294,3.8380332333819878,3.7662126431826737,-1.261829927048197,2025-07-28,5.0,0,True,False
2025-04-11,2025Q3,-11,diag3,student_t_ar1_shared,2.6082377983523974,2.574803395775816,-0.007137175216464292,0.4244399553166585,4.3753962528715995,4.282379361041974,-1.767158454519202,2025-10-28,5.0,0,True,False
2025-04-18,2025Q1,16,diag3,student_t_ar1_shared,2.6581537801092736,2.6234387153300247,0.004367525581563281,0.527141633664824,-0.6484826392524012,-0.6505944225690983,3.306636419361675,2025-04-28,11.0,0,True,False
2025-04-18,2025Q2,3,diag3,student_t_ar1_shared,2.4357321395012788,2.4065412424401704,-0.046939642795623196,0.4031166240138483,3.8380332333819878,3.7662126431826737,-1.402301093880709,2025-07-28,11.0,0,True,False
2025-04-18,2025Q3,-10,diag3,student_t_ar1_shared,2.4915029915494324,2.4609711510751824,-0.0340642300492995,0.42128373249045004,4.3753962528715995,4.282379361041974,-1.883893261322167,2025-10-28,11.0,0,True,False
2025-04-25,2025Q1,17,diag3,student_t_ar1_shared,2.623203741618463,2.589387850458102,-0.00368721767614065,0.5276060444194229,-0.6484826392524012,-0.6505944225690983,3.271686380870864,2025-04-28,0.0,0,True,False
2025-04-25,2025Q2,4,diag3,student_t_ar1_shared,2.248706128567579,2.2237954855418214,-0.09016821154967881,0.46558205901676214,3.8380332333819878,3.7662126431826737,-1.5893271048144086,2025-07-28,0.0,0,True,False
2025-04-25,2025Q3,-9,diag3,student_t_ar1_shared,2.2767338733769904,2.251203073551008,-0.08368493761354584,0.42470103362930617,4.3753962528715995,4.282379361041974,-2.098662379494609,2025-10-28,0.0,0,True,False
2025-05-02,2025Q2,5,diag3,student_t_ar1_shared,2.4805012531495807,2.4502362817441656,-0.031861209482027086,0.44417632742201985,3.8380332333819878,3.7662126431826737,-1.357531980232407,2025-07-28,13.0,11,False,True
2025-05-02,2025Q3,-8,diag3,student_t_ar1_shared,2.1289009476283427,2.106556423615386,-0.1132633140121925,0.4189096911072029,4.3753962528715995,4.282379361041974,-2.246495305243257,2025-10-28,13.0,0,True,False
2025-05-09,2025Q2,6,diag3,student_t_ar1_shared,2.60061804010856,2.5673770513169383,-0.0041158966742750325,0.4189308226652417,3.8380332333819878,3.7662126431826737,-1.2374151932734279,2025-07-28,10.0,0,True,False
2025-05-09,2025Q3,-7,diag3,student_t_ar1_shared,2.2238847509466364,2.199517045447627,-0.09124517685170239,0.4169463692421858,4.3753962528715995,4.282379361041974,-2.151511501924963,2025-10-28,10.0,0,True,False
2025-05-16,2025Q2,7,diag3,student_t_ar1_shared,2.552144726019412,2.520121226596262,-0.015308649151873688,0.407334458054379,3.8380332333819878,3.7662126431826737,-1.2858885073625759,2025-07-28,8.0,0,True,False
2025-05-16,2025Q3,-6,diag3,student_t_ar1_shared,2.1855012245238115,2.1619615029848336,-0.10014037428889944,0.41603947723200235,4.3753962528715995,4.282379361041974,-2.189895028347788,2025-10-28,8.0,0,True,False
2025-05-23,2025Q2,8,diag3,student_t_ar1_shared,2.5721694919404126,2.5396457437759445,-0.010684180330759352,0.3940341720277292,3.8380332333819878,3.7662126431826737,-1.2658637414415752,2025-07-28,4.0,0,True,False
2025-05-23,2025Q3,-5,diag3,student_t_ar1_shared,2.2127445930575806,2.188618648290694,-0.09382651074019432,0.4116145011031025,4.3753962528715995,4.282379361041974,-2.162651659814019,2025-10-28,4.0,0,True,False
2025-05-30,2025Q2,9,diag3,student_t_ar1_shared,2.5440418690202193,2.5122197076670907,-0.017180159089411173,0.3855309623003789,3.8380332333819878,3.7662126431826737,-1.2939913643617684,2025-07-28,8.0,0,True,False
2025-05-30,2025Q3,-4,diag3,student_t_ar1_shared,2.187695668666678,2.1641089902055817,-0.09963173237961703,0.4109381449894395,4.3753962528715995,4.282379361041974,-2.1877005842049213,2025-10-28,8.0,0,True,False
2025-06-06,2025Q2,10,diag3,student_t_ar1_shared,2.3893523698082175,2.3612540447349986,-0.05293704848459685,0.6059815757816833,3.8380332333819878,3.7662126431826737,-1.4486808635737702,2025-07-28,10.0,12,False,True
2025-06-06,2025Q3,-3,diag3,student_t_ar1_shared,1.9927523402908598,1.9731569284274477,-0.14485957836903735,0.4226677367027128,4.3753962528715995,4.282379361041974,-2.3826439125807397,2025-10-28,10.0,0,True,False
2025-06-13,2025Q2,11,diag3,student_t_ar1_shared,2.3508908801936013,2.3236830333339102,-0.06183590980869991,0.5919417567895903,3.8380332333819878,3.7662126431826737,-1.4871423531883865,2025-07-28,6.0,0,True,False
2025-06-13,2025Q3,-2,diag3,student_t_ar1_shared,1.9557956169594215,1.9369157057209372,-0.153443473320341,0.420935006522944,4.3753962528715995,4.282379361041974,-2.419600635912178,2025-10-28,6.0,0,True,False
2025-06-20,2025Q2,12,diag3,student_t_ar1_shared,2.173519676474167,2.1502355238618818,-0.10291772465060556,0.592060988356736,3.8380332333819878,3.7662126431826737,-1.6645135569078207,2025-07-28,8.0,0,True,False
2025-06-20,2025Q3,-1,diag3,student_t_ar1_shared,1.6560105014580273,1.642448171800478,-0.22318941975852705,0.4199165044169877,4.3753962528715995,4.282379361041974,-2.719385751413572,2025-10-28,8.0,0,True,False
2025-06-27,2025Q2,13,diag3,student_t_ar1_shared,2.2979361529529063,2.2719312308043946,-0.07409355464732642,0.6094607092802612,3.8380332333819878,3.7662126431826737,-1.5400970804290814,2025-07-28,4.0,0,True,False
2025-06-27,2025Q3,0,diag3,student_t_ar1_shared,1.781702276247743,1.766016008920535,-0.19392182738759367,0.4261822210418584,4.3753962528715995,4.282379361041974,-2.5936939766238565,2025-10-28,4.0,0,True,False
2025-07-04,2025Q2,14,diag3,student_t_ar1_shared,2.267424181126043,2.242100205646186,-0.08115916576981635,0.6077578168752521,3.8380332333819878,3.7662126431826737,-1.5706090522559446,2025-07-28,9.0,12,False,True
2025-07-04,2025Q3,1,diag3,student_t_ar1_shared,1.7733860837319648,1.7578450586510783,-0.19585715333764067,0.42270434556228703,4.3753962528715995,4.282379361041974,-2.6020101691396347,2025-10-28,9.0,0,True,False
2025-07-04,2025Q4,-12,diag3,student_t_ar1_shared,2.169599723047444,2.1463988853308456,-0.10382644956817358,0.4247110141081828,0.48224811236061704,0.4810890211212576,1.687351610686827,2026-01-28,9.0,0,True,False
2025-07-11,2025Q2,15,diag3,student_t_ar1_shared,2.1611559381685908,2.138134065033622,-0.10578400905222557,0.6324324616287132,3.8380332333819878,3.7662126431826737,-1.676877295213397,2025-07-28,7.0,0,True,False
2025-07-11,2025Q3,2,diag3,student_t_ar1_shared,1.671394244413782,1.657580163480926,-0.21960534015831995,0.43278275848238573,4.3753962528715995,4.282379361041974,-2.7040020084578176,2025-10-28,7.0,0,True,False
2025-07-11,2025Q4,-11,diag3,student_t_ar1_shared,2.0873255486298925,2.0658393853210626,-0.12290732581270747,0.4267775832045977,0.48224811236061704,0.4810890211212576,1.6050774362692755,2026-01-28,7.0,0,True,False
2025-07-18,2025Q2,16,diag3,student_t_ar1_shared,2.3215412127837842,2.295003384286057,-0.06862881237329255,0.6303927223102527,3.8380332333819878,3.7662126431826737,-1.5164920205982035,2025-07-28,12.0,0,True,False
2025-07-18,2025Q3,3,diag3,student_t_ar1_shared,1.9671487998640602,1.9480504830740548,-0.15080615172997022,0.43554226056143164,4.3753962528715995,4.282379361041974,-2.4082474530075393,2025-10-28,12.0,0,True,False
2025-07-18,2025Q4,-10,diag3,student_t_ar1_shared,2.3698176725042375,2.3421733878255115,-0.05745638702455952,0.42496906418007613,0.48224811236061704,0.4810890211212576,1.8875695601436204,2026-01-28,12.0,0,True,False
2025-07-25,2025Q2,17,diag3,student_t_ar1_shared,2.346754711663368,2.319641786529294,-0.0627930971068229,0.6308794412466231,3.8380332333819878,3.7662126431826737,-1.4912785217186197,2025-07-28,0.0,0,True,False
2025-07-25,2025Q3,4,diag3,student_t_ar1_shared,2.089953171550074,2.0684132495010443,-0.12229769462231405,0.43457732016639544,4.3753962528715995,4.282379361041974,-2.2854430813215254,2025-10-28,0.0,0,True,False
2025-07-25,2025Q4,-9,diag3,student_t_ar1_shared,2.5127968292951053,2.481745191269322,-0.024398183976944432,0.4243730109724726,0.48224811236061704,0.4810890211212576,2.0305487169344882,2026-01-28,0.0,0,True,False
2025-08-01,2025Q3,5,diag3,student_t_ar1_shared,1.794511703516588,1.7786004135867992,-0.19322268888688976,0.4367939654653504,4.3753962528715995,4.282379361041974,-2.5808845493550114,2025-10-28,13.0,12,False,True
2025-08-01,2025Q4,-8,diag3,student_t_ar1_shared,2.27195338412296,2.2465288912631713,-0.08207296657265292,0.4205488525184321,0.48224811236061704,0.4810890211212576,1.789705271762343,2026-01-28,13.0,0,True,False
2025-08-08,2025Q3,6,diag3,student_t_ar1_shared,1.6444488051469364,1.6310741725847464,-0.22826543901585747,0.42669926710801104,4.3753962528715995,4.282379361041974,-2.730947447724663,2025-10-28,10.0,0,True,False
2025-08-08,2025Q4,-7,diag3,student_t_ar1_shared,2.144162516409942,2.121498744987754,-0.11177209090983953,0.4194561710361484,0.48224811236061704,0.4810890211212576,1.661914404049325,2026-01-28,10.0,0,True,False
2025-08-15,2025Q3,7,diag3,student_t_ar1_shared,1.7223091325580198,1.7076455178772483,-0.21007701028685113,0.440260793952204,4.3753962528715995,4.282379361041974,-2.6530871203135797,2025-10-28,6.0,0,True,False
2025-08-15,2025Q4,-6,diag3,student_t_ar1_shared,2.2029441182727094,2.179029878608507,-0.09810639234384513,0.4202093053385665,0.48224811236061704,0.4810890211212576,1.7206960059120924,2026-01-28,6.0,0,True,False
2025-08-22,2025Q3,8,diag3,student_t_ar1_shared,1.7981076960964293,1.7821329508573809,-0.19238358514471188,0.4439698136738173,4.3753962528715995,4.282379361041974,-2.57728855677517,2025-10-28,6.0,0,True,False
2025-08-22,2025Q4,-5,diag3,student_t_ar1_shared,2.2624573774795653,2.237243405642573,-0.08427860097517402,0.4178223246825729,0.48224811236061704,0.4810890211212576,1.7802092651189483,2026-01-28,6.0,0,True,False
2025-08-29,2025Q3,9,diag3,student_t_ar1_shared,1.8128012027430085,1.7965658776111995,-0.1889552496673867,0.4489920255317242,4.3753962528715995,4.282379361041974,-2.562595050128591,2025-10-28,4.0,0,True,False
2025-08-29,2025Q4,-4,diag3,student_t_ar1_shared,2.2777092232717067,2.252156707097137,-0.08073615935312392,0.41803644750442354,0.48224811236061704,0.4810890211212576,1.7954611109110896,2026-01-28,4.0,0,True,False
2025-09-05,2025Q3,10,diag3,student_t_ar1_shared,1.8669296227107335,1.8497164007610722,-0.1763301025117767,0.4466665746790334,4.3753962528715995,4.282379361041974,-2.508466630160866,2025-10-28,13.0,3,True,True
2025-09-05,2025Q4,-3,diag3,student_t_ar1_shared,2.3450531593510737,2.3179792360539992,-0.06510095832431198,0.4126589545963076,0.48224811236061704,0.4810890211212576,1.8628050469904567,2026-01-28,13.0,0,True,False
2025-09-12,2025Q3,11,diag3,student_t_ar1_shared,1.8649899252455304,1.8478122342764545,-0.17678241004615958,0.4435835599185796,4.3753962528715995,4.282379361041974,-2.510406327626069,2025-10-28,4.0,0,True,False
2025-09-12,2025Q4,-2,diag3,student_t_ar1_shared,2.34047413675047,2.3135050334448937,-0.0661637412095282,0.4131948171054625,0.48224811236061704,0.4810890211212576,1.858226024389853,2026-01-28,4.0,0,True,False
2025-09-19,2025Q3,12,diag3,student_t_ar1_shared,1.8333878565185424,1.816783937119957,-0.18415273858430334,0.46107591741803494,4.3753962528715995,4.282379361041974,-2.542008396353057,2025-10-28,11.0,0,True,False
2025-09-19,2025Q4,-1,diag3,student_t_ar1_shared,2.340173080711616,2.3132108619705005,-0.06623361743901932,0.4171158839730411,0.48224811236061704,0.4810890211212576,1.857924968350999,2026-01-28,11.0,0,True,False
2025-09-26,2025Q3,13,diag3,student_t_ar1_shared,1.8267269053075186,1.810242694401732,-0.18570651730563942,0.45864436692840155,4.3753962528715995,4.282379361041974,-2.548669347564081,2025-10-28,4.0,0,True,False
2025-09-26,2025Q4,0,diag3,student_t_ar1_shared,2.3279475078317846,2.3012641329350227,-0.06907139218068653,0.4161780672592461,0.48224811236061704,0.4810890211212576,1.8456993954711676,2026-01-28,4.0,0,True,False
2025-10-03,2025Q3,14,diag3,student_t_ar1_shared,1.8130743527737359,1.7968341637806138,-0.18889152212214472,0.4463331411540683,4.3753962528715995,4.282379361041974,-2.5623219000978636,2025-10-28,9.0,4,True,True
2025-10-03,2025Q4,1,diag3,student_t_ar1_shared,2.2653641238749245,2.2400858027054413,-0.08360343017596673,0.41091758231651865,0.48224811236061704,0.4810890211212576,1.7831160115143074,2026-01-28,9.0,0,True,False
2025-10-03,2026Q1,-12,diag3,student_t_ar1_shared,2.1590670371194554,2.1360893324870482,-0.10830630537568846,0.4247301183354654,2.0891889857350465,2.067664705054285,0.06987805138440883,2026-04-28,9.0,0,True,False
2025-10-10,2025Q3,15,diag3,student_t_ar1_shared,1.7755654663680343,1.759986442941742,-0.1976441715857786,0.4436002950546745,4.3753962528715995,4.282379361041974,-2.5998307865035652,2025-10-28,7.0,0,True,False
2025-10-10,2025Q4,2,diag3,student_t_ar1_shared,2.236868591997543,2.212217615954257,-0.09022311965111293,0.4096060783986522,0.48224811236061704,0.4810890211212576,1.7546204796369258,2026-01-28,7.0,0,True,False
2025-10-10,2026Q1,-11,diag3,student_t_ar1_shared,2.1350068257589783,2.112534844569917,-0.11390133734348823,0.42384184004257924,2.0891889857350465,2.067664705054285,0.045817840023931744,2026-04-28,7.0,0,True,False
2025-10-17,2025Q3,16,diag3,student_t_ar1_shared,1.7695500143211529,1.7540757611408897,-0.19904816957306695,0.43920009149480904,4.3753962528715995,4.282379361041974,-2.6058462385504466,2025-10-28,10.0,0,True,False
2025-10-17,2025Q4,3,diag3,student_t_ar1_shared,2.3113850477278097,2.2850771566257095,-0.07291637706132809,0.4142514099701659,0.48224811236061704,0.4810890211212576,1.8291369353671927,2026-01-28,10.0,0,True,False
2025-10-17,2026Q1,-10,diag3,student_t_ar1_shared,2.227916252956219,2.2034607642021657,-0.09230318463331944,0.4226464754516692,2.0891889857350465,2.067664705054285,0.13872726722117257,2026-04-28,10.0,0,True,False
2025-10-24,2025Q3,17,diag3,student_t_ar1_shared,1.7374826731762383,1.722561035593721,-0.2065340422234591,0.4382439907878676,4.3753962528715995,4.282379361041974,-2.637913579695361,2025-10-28,2.0,0,True,False
2025-10-24,2025Q4,4,diag3,student_t_ar1_shared,2.1193433366094583,2.09719760532114,-0.11754447932970351,0.49753194493729036,0.48224811236061704,0.4810890211212576,1.6370952242488412,2026-01-28,2.0,0,True,False
2025-10-24,2026Q1,-9,diag3,student_t_ar1_shared,2.004710078490346,1.9848803470145144,-0.1442238388204332,0.4268287142356692,2.0891889857350465,2.067664705054285,-0.08447890724470053,2026-04-28,2.0,0,True,False
2025-10-31,2025Q4,5,diag3,student_t_ar1_shared,1.9706607940688459,1.9514946646234579,-0.155019725510996,0.49575956803764465,0.48224811236061704,0.4810890211212576,1.4884126817082288,2026-01-28,10.0,0,True,False
2025-10-31,2026Q1,-8,diag3,student_t_ar1_shared,2.2522109068589202,2.22722312620231,-0.08935394990817447,0.4243199281133946,2.0891889857350465,2.067664705054285,0.1630219211238737,2026-04-28,10.0,0,True,False
2025-11-07,2025Q4,6,diag3,student_t_ar1_shared,2.0605703075534665,2.039627759560818,-0.13403049573689158,0.5493624104866277,0.48224811236061704,0.4810890211212576,1.5783221951928494,2026-01-28,12.0,3,True,True
2025-11-07,2026Q1,-7,diag3,student_t_ar1_shared,2.3192236909338915,2.292738418309132,-0.073751235391851,0.4264110236784526,2.0891889857350465,2.067664705054285,0.23003470519884495,2026-04-28,12.0,0,True,False
2025-11-14,2025Q4,7,diag3,student_t_ar1_shared,2.0772852559112653,2.0560038974888037,-0.13013045657422267,0.5265268720653455,0.48224811236061704,0.4810890211212576,1.5950371435506483,2026-01-28,4.0,0,True,False
2025-11-14,2026Q1,-6,diag3,student_t_ar1_shared,2.33023858903576,2.303503067275007,-0.0711875935415006,0.4246942825669442,2.0891889857350465,2.067664705054285,0.24104960330071368,2026-04-28,4.0,0,True,False
2025-11-21,2025Q4,8,diag3,student_t_ar1_shared,2.1157818174082577,2.09370993962321,-0.1211506200804105,0.4906403723674555,0.48224811236061704,0.4810890211212576,1.6335337050476406,2026-01-28,4.0,0,True,False
2025-11-21,2026Q1,-5,diag3,student_t_ar1_shared,2.4558692872927113,2.426197634128289,-0.0419674185601487,0.41961628443997534,2.0891889857350465,2.067664705054285,0.36668030155766473,2026-04-28,4.0,0,True,False
2025-11-28,2025Q4,9,diag3,student_t_ar1_shared,2.115625393277254,2.0935567563952824,-0.12118710124529869,0.46991307984298086,0.48224811236061704,0.4810890211212576,1.633377280916637,2026-01-28,4.0,0,True,False
2025-11-28,2026Q1,-4,diag3,student_t_ar1_shared,2.4555804758821687,2.4259157451358866,-0.04203455148945895,0.41820770673951313,2.0891889857350465,2.067664705054285,0.36639149014712213,2026-04-28,4.0,0,True,False
2025-12-05,2025Q4,10,diag3,student_t_ar1_shared,2.0474446362127807,2.026766264276186,-0.13709350946583834,0.46160345566087974,0.48224811236061704,0.4810890211212576,1.5651965238521637,2026-01-28,13.0,3,True,True
2025-12-05,2026Q1,-3,diag3,student_t_ar1_shared,2.243831959266873,2.2190283978551815,-0.0913055554467805,0.4140614234814029,2.0891889857350465,2.067664705054285,0.15464297353182666,2026-04-28,13.0,0,True,False
2025-12-12,2025Q4,11,diag3,student_t_ar1_shared,2.0402296890882576,2.01969582540586,-0.13877736121481532,0.4519931193295267,0.48224811236061704,0.4810890211212576,1.5579815767276406,2026-01-28,3.0,0,True,False
2025-12-12,2026Q1,-2,diag3,student_t_ar1_shared,2.2358340832922208,2.2112057364301867,-0.09316855184116485,0.41314552791161635,2.0891889857350465,2.067664705054285,0.14664509755717425,2026-04-28,3.0,0,True,False
2025-12-19,2025Q4,12,diag3,student_t_ar1_shared,1.9712277251968446,1.9520506378294673,-0.15488731838995404,0.44311119814758143,0.48224811236061704,0.4810890211212576,1.4889796128362276,2026-01-28,7.0,0,True,False
2025-12-19,2026Q1,-1,diag3,student_t_ar1_shared,2.0606360366984156,2.0396921616345947,-0.13401515813952944,0.4106320006214368,2.0891889857350465,2.067664705054285,-0.02855294903663097,2026-04-28,7.0,0,True,False
2025-12-26,2025Q4,13,diag3,student_t_ar1_shared,1.9680398596205295,1.9489243487000336,-0.15563185596604395,0.44829539854743305,0.48224811236061704,0.4810890211212576,1.4857917472599125,2026-01-28,4.0,0,True,False
2025-12-26,2026Q1,0,diag3,student_t_ar1_shared,1.979386164201391,1.9600510442546337,-0.15298199135175808,0.411771535179609,2.0891889857350465,2.067664705054285,-0.1098028215336555,2026-04-28,4.0,0,True,False
