{
  "T": 498,
  "M": 50,
  "r": 3,
  "n_iter": 32,
  "converged": true,
  "nu_u": 4.515994,
  "nu_eps": 7.005798,
  "rho_A": 0.362773,
  "sign_flips": {
    "real": 1,
    "financial": -1,
    "other": -1
  },
  "scale_factors": {
    "real": 3.111533,
    "financial": 2.31738,
    "other": 1.932797
  },
  "A": [
    [
      0.0699185,
      -0.08806759,
      -0.00991052
    ],
    [
      -0.07014225,
      0.34185897,
      0.13554981
    ],
    [
      0.12659255,
      0.03729216,
      -0.23098221
    ]
  ],
  "Q": [
    [
      0.2130955,
      -0.0022033,
      -0.01552702
    ],
    [
      -0.0022033,
      0.60696829,
      0.05678184
    ],
    [
      -0.01552702,
      0.05678184,
      0.54498307
    ]
  ],
  "Lambda": {
    "INDPRO": [
      1.00095471,
      -0.0,
      -0.0
    ],
    "IPFINAL": [
      1.04878288,
      -0.0,
      -0.0
    ],
    "IPMANSICS": [
      0.99661911,
      -0.0,
      -0.0
    ],
    "PAYEMS": [
      0.17538996,
      -0.0,
      -0.0
    ],
    "MANEMP": [
      0.33019652,
      -0.0,
      -0.0
    ],
    "RPI": [
      0.12516255,
      -0.0,
      -0.0
    ],
    "CMRMTSPLx": [
      0.61353406,
      -0.0,
      -0.0
    ],
    "RETAILx": [
      0.27426628,
      -0.0,
      -0.0
    ],
    "IPCONGD": [
      1.04613553,
      -0.0,
      -0.0
    ],
    "IPDCONGD": [
      0.80032579,
      -0.0,
      -0.0
    ],
    "IPBUSEQ": [
      0.85896986,
      -0.0,
      -0.0
    ],
    "CUMFNS": [
      1.02094959,
      -0.0,
      -0.0
    ],
    "AMDMNOx": [
      0.45448334,
      -0.0,
      -0.0
    ],
    "ANDENOx": [
      0.24350679,
      -0.0,
      -0.0
    ],
    "UNRATE": [
      -0.16361145,
      -0.0,
      -0.0
    ],
    "AWHMAN": [
      0.26486724,
      -0.0,
      -0.0
    ],
    "CES0600000007": [
      0.21702786,
      -0.0,
      -0.0
    ],
    "HOUST": [
      0.19057213,
      -0.0,
      -0.0
    ],
    "PERMIT": [
      0.13782312,
      -0.0,
      -0.0
    ],
    "JTSJOL": [
      0.35053265,
      -0.0,
      -0.0
    ],
    "RRSFS": [
      0.24453754,
      -0.0,
      -0.0
    ],
    "S&P 500": [
      0.0,
      0.06352757,
      -0.0
    ],
    "S&P PE ratio": [
      0.0,
      0.08030143,
      -0.0
    ],
    "T10YFFM": [
      0.0,
      -0.15358049,
      -0.0
    ],
    "T1YFFM": [
      0.0,
      -0.378739,
      -0.0
    ],
    "BAAFFM": [
      0.0,
      -0.07234125,
      -0.0
    ],
    "TB3SMFFM": [
      0.0,
      -0.24006053,
      -0.0
    ],
    "TB3MS": [
      0.0,
      -0.48703151,
      -0.0
    ],
    "GS5": [
      0.0,
      -0.99192008,
      -0.0
    ],
    "GS10": [
      0.0,
      -0.96203452,
      -0.0
    ],
    "BAA": [
      0.0,
      -0.72906888,
      -0.0
    ],
    "AAA": [
      0.0,
      -0.82947565,
      -0.0
    ],
    "VIXCLSx": [
      0.0,
      0.05479645,
      -0.0
    ],
    "GS2": [
      0.0,
      -0.93061673,
      -0.0
    ],
    "ANFCI": [
      0.0,
      0.02350593,
      -0.0
    ],
    "NFCI": [
      0.0,
      0.02744583,
      -0.0
    ],
    "term_spread": [
      0.0,
      -0.09468107,
      -0.0
    ],
    "baa_spread": [
      0.0,
      0.11613344,
      -0.0
    ],
    "aaa_spread": [
      0.0,
      0.11329508,
      -0.0
    ],
    "CPIAUCSL": [
      0.0,
      -0.0,
      -0.89599343
    ],
    "PCEPI": [
      0.0,
      -0.0,
      -0.96279802
    ],
    "UMCSENTx": [
      0.0,
      -0.0,
      0.0446991
    ],
    "TWEXAFEGSMTHx": [
      0.0,
      -0.0,
      0.12436581
    ],
    "WPSFD49207": [
      0.0,
      -0.0,
      -0.58952805
    ],
    "CPILFESL": [
      0.0,
      -0.0,
      -0.27621663
    ],
    "PCEPILFE": [
      0.0,
      -0.0,
      -0.47754822
    ],
    "IR": [
      0.0,
      -0.0,
      -0.59445613
    ],
    "IQ": [
      0.0,
      -0.0,
      -0.40428317
    ],
    "T10YIE": [
      0.0,
      -0.0,
      -0.22567682
    ],
    "GDPC1": [
      0.42794944,
      -0.0,
      -0.0
    ]
  },
  "R": {
    "INDPRO": 0.04067274,
    "IPFINAL": 0.07153292,
    "IPMANSICS": 0.01986271,
    "PAYEMS": 0.03557489,
    "MANEMP": 0.13332009,
    "RPI": 0.17124559,
    "CMRMTSPLx": 0.33442101,
    "RETAILx": 0.26980931,
    "IPCONGD": 0.18329934,
    "IPDCONGD": 0.11340692,
    "IPBUSEQ": 0.12200223,
    "CUMFNS": 0.04664503,
    "AMDMNOx": 0.69772531,
    "ANDENOx": 0.81088632,
    "UNRATE": 0.08476003,
    "AWHMAN": 0.83053049,
    "CES0600000007": 0.83931806,
    "HOUST": 0.74910747,
    "PERMIT": 0.74414259,
    "JTSJOL": 0.62441778,
    "RRSFS": 0.20664637,
    "S&P 500": 0.63181763,
    "S&P PE ratio": 0.56916511,
    "T10YFFM": 0.91818705,
    "T1YFFM": 0.74488534,
    "BAAFFM": 0.84501539,
    "TB3SMFFM": 0.79972017,
    "TB3MS": 0.47943086,
    "GS5": 0.0084201,
    "GS10": 0.0500112,
    "BAA": 0.27747758,
    "AAA": 0.22146963,
    "VIXCLSx": 0.64247005,
    "GS2": 0.09821648,
    "ANFCI": 0.53596638,
    "NFCI": 0.52447437,
    "term_spread": 0.93561895,
    "baa_spread": 0.64148496,
    "aaa_spread": 0.81801067,
    "CPIAUCSL": 0.13170834,
    "PCEPI": 0.05469398,
    "UMCSENTx": 0.8084967,
    "TWEXAFEGSMTHx": 0.84270576,
    "WPSFD49207": 0.41878217,
    "CPILFESL": 0.7663377,
    "PCEPILFE": 0.51629032,
    "IR": 0.48776786,
    "IQ": 0.55500383,
    "T10YIE": 0.46961848,
    "GDPC1": 0.16496394
  },
  "loglik": {
    "first": -25400.1062,
    "last": -23446.6353
  }
}