as_of,target_quarter,horizon_week,spec,variant,nowcast_bea,nowcast_livello,nowcast_z,sd_z,realizzato_bea,realizzato_livello,errore_bea,gdp_release_date,n_releases,n_iter,converged,reestimated
2007-01-05,2006Q4,14,diag3,gaussian_ar1,3.0295139534473714,2.9845304433224844,-0.07010663611242407,0.8739155724896939,3.4823729200428755,3.423110226166918,-0.45285896659550406,2007-01-28,,95,True,True
2007-01-05,2007Q1,1,diag3,gaussian_ar1,3.0612620045297856,3.0153402174969686,-0.05481562652028327,0.8816042586606937,1.2087836914185912,1.2015362468522506,1.8524783131111944,2007-04-28,,0,True,False
2007-01-05,2007Q2,-12,diag3,gaussian_ar1,3.270773803076721,3.2184224676509925,0.04597487643869336,0.9083650612475843,2.4695947150627617,2.439593165871891,0.8011790880139591,2007-07-28,,0,True,False
2007-01-12,2006Q4,15,diag3,gaussian_ar1,3.0543633111062896,3.008646214152473,-0.05813788616330523,0.8738541261666437,3.4823729200428755,3.423110226166918,-0.4280096089365859,2007-01-28,4.0,0,True,False
2007-01-12,2007Q1,2,diag3,gaussian_ar1,3.0871489768589555,3.0404551066605596,-0.042351010293914526,0.8815291403596544,1.2087836914185912,1.2015362468522506,1.8783652854403643,2007-04-28,4.0,0,True,False
2007-01-12,2007Q2,-11,diag3,gaussian_ar1,3.2918652205002674,3.2388437961124525,0.05611006041050762,0.9083088932717133,2.4695947150627617,2.439593165871891,0.8222705054375057,2007-07-28,4.0,0,True,False
2007-01-19,2006Q4,16,diag3,gaussian_ar1,3.0736649901197177,3.0273740690967346,-0.04884317962079193,0.8737285014924023,3.4823729200428755,3.423110226166918,-0.40870792992315774,2007-01-28,10.0,0,True,False
2007-01-19,2007Q1,3,diag3,gaussian_ar1,3.0240339012202355,2.9792113869068206,-0.07274650429881321,0.8803140408995868,1.2087836914185912,1.2015362468522506,1.8152502098016443,2007-04-28,10.0,0,True,False
2007-01-19,2007Q2,-10,diag3,gaussian_ar1,3.186191006589989,3.1364850030593416,0.005308997165087176,0.9067067105224152,2.4695947150627617,2.439593165871891,0.7165962915272273,2007-07-28,10.0,0,True,False
2007-01-26,2006Q4,17,diag3,gaussian_ar1,3.0945283403984725,3.0476132243349108,-0.038798408921366156,0.8736851551700218,3.4823729200428755,3.423110226166918,-0.387844579644403,2007-01-28,4.0,0,True,False
2007-01-26,2007Q1,4,diag3,gaussian_ar1,3.0967944241156786,3.049811264181525,-0.03770751327934874,0.8795730363010458,1.2087836914185912,1.2015362468522506,1.8880107326970874,2007-04-28,4.0,0,True,False
2007-01-26,2007Q2,-9,diag3,gaussian_ar1,3.2665700641545614,3.214351785958245,0.0439545814356256,0.905692144590194,2.4695947150627617,2.439593165871891,0.7969753490917997,2007-07-28,4.0,0,True,False
2007-02-02,2007Q1,5,diag3,gaussian_ar1,3.0844929384017394,3.0378785753464737,-0.04556354273494212,0.8775912587002996,1.2087836914185912,1.2015362468522506,1.8757092469831482,2007-04-28,10.0,3,True,True
2007-02-02,2007Q2,-8,diag3,gaussian_ar1,3.322833393947766,3.2688205343475087,0.06970386947132223,0.8993200620398385,2.4695947150627617,2.439593165871891,0.8532386788850044,2007-07-28,10.0,0,True,False
2007-02-09,2007Q1,6,diag3,gaussian_ar1,3.098253404132678,3.051226409726865,-0.038901391195911295,0.8771650797160391,1.2087836914185912,1.2015362468522506,1.889469712714087,2007-04-28,8.0,0,True,False
2007-02-09,2007Q2,-7,diag3,gaussian_ar1,3.360990610640857,3.305743808155089,0.08813295979511251,0.8983610393392468,2.4695947150627617,2.439593165871891,0.8913958955780954,2007-07-28,8.0,0,True,False
2007-02-16,2007Q1,7,diag3,gaussian_ar1,3.1705677877345684,3.121343052801392,-0.003904875037689881,0.8766200976730968,1.2087836914185912,1.2015362468522506,1.9617840963159772,2007-04-28,7.0,0,True,False
2007-02-16,2007Q2,-6,diag3,gaussian_ar1,3.534293244859188,3.473270753690428,0.1717487633944566,0.8966548090122717,2.4695947150627617,2.439593165871891,1.0646985297964262,2007-07-28,7.0,0,True,False
2007-02-23,2007Q1,8,diag3,gaussian_ar1,3.10589128472476,3.058634486423952,-0.03520388280898834,0.8763398236499995,1.2087836914185912,1.2015362468522506,1.8971075933061687,2007-04-28,4.0,0,True,False
2007-02-23,2007Q2,-5,diag3,gaussian_ar1,3.433807846980552,3.37616844155241,0.12328319963198697,0.8955743164817103,2.4695947150627617,2.439593165871891,0.9642131319177905,2007-07-28,4.0,0,True,False
2007-03-02,2007Q1,9,diag3,gaussian_ar1,3.132726479764969,3.0846579300278094,-0.02221509976632413,0.8754842804098508,1.2087836914185912,1.2015362468522506,1.9239427883463778,2007-04-28,11.0,3,True,True
2007-03-02,2007Q2,-4,diag3,gaussian_ar1,3.5478877001773768,3.4864002806016092,0.17830195362931361,0.8910864897886467,2.4695947150627617,2.439593165871891,1.078292985114615,2007-07-28,11.0,0,True,False
2007-03-09,2007Q1,10,diag3,gaussian_ar1,3.095151651143069,3.0482178236966555,-0.04040303224720515,0.8752136019394251,1.2087836914185912,1.2015362468522506,1.8863679597244776,2007-04-28,8.0,0,True,False
2007-03-09,2007Q2,-3,diag3,gaussian_ar1,3.4582777819802235,3.3998232227774925,0.1350897393786616,0.8902066009833092,2.4695947150627617,2.439593165871891,0.9886830669174618,2007-07-28,8.0,0,True,False
2007-03-16,2007Q1,11,diag3,gaussian_ar1,3.0859593908460825,3.0393011385002064,-0.0448535150979546,0.8750890454153039,1.2087836914185912,1.2015362468522506,1.8771756994274913,2007-04-28,7.0,0,True,False
2007-03-16,2007Q2,-2,diag3,gaussian_ar1,3.439562776806593,3.3817321637561646,0.12606015650649968,0.890103677800428,2.4695947150627617,2.439593165871891,0.9699680617438311,2007-07-28,7.0,0,True,False
2007-03-23,2007Q1,12,diag3,gaussian_ar1,3.095006653165866,3.048077178790617,-0.04047323072663772,0.8748731814251588,1.2087836914185912,1.2015362468522506,1.8862229617472748,2007-04-28,4.0,0,True,False
2007-03-23,2007Q2,-1,diag3,gaussian_ar1,3.385500139774922,3.3294535496456787,0.09996693122898057,0.8876270110810704,2.4695947150627617,2.439593165871891,0.9159054247121601,2007-07-28,4.0,0,True,False
2007-03-30,2007Q1,13,diag3,gaussian_ar1,3.102491714429423,3.0553372680992608,-0.03684958558820722,0.8747918036957159,1.2087836914185912,1.2015362468522506,1.8937080230108316,2007-04-28,8.0,0,True,False
2007-03-30,2007Q2,0,diag3,gaussian_ar1,3.3974972490446564,3.3410571238608666,0.10575849019000086,0.8874881764119904,2.4695947150627617,2.439593165871891,0.9279025339818947,2007-07-28,8.0,0,True,False
2007-04-06,2007Q1,14,diag3,gaussian_ar1,3.044026943574063,2.998615696662141,-0.06516037321688684,0.8743774555958657,1.2087836914185912,1.2015362468522506,1.8352432521554718,2007-04-28,10.0,2,True,True
2007-04-06,2007Q2,1,diag3,gaussian_ar1,3.3510695835190063,3.2961449225166484,0.0833419780592991,0.8827146046767237,2.4695947150627617,2.439593165871891,0.8814748684562446,2007-07-28,10.0,0,True,False
2007-04-06,2007Q3,-12,diag3,gaussian_ar1,3.1600541237333246,3.111151968305117,-0.008991434199750847,0.9110468191185694,2.3240880884577653,2.297492443722903,0.8359660352755593,2007-10-28,10.0,0,True,False
2007-04-13,2007Q1,15,diag3,gaussian_ar1,3.057612916457253,3.0117994567837068,-0.0585801141815237,0.8742995039428585,1.2087836914185912,1.2015362468522506,1.8488292250386618,2007-04-28,6.0,0,True,False
2007-04-13,2007Q2,2,diag3,gaussian_ar1,3.3565882444472006,3.3014845030503333,0.08600706167185318,0.8825909076858873,2.4695947150627617,2.439593165871891,0.8869935293844389,2007-07-28,6.0,0,True,False
2007-04-13,2007Q3,-11,diag3,gaussian_ar1,3.1532037540912494,3.104511222368525,-0.012305953581769169,0.9109451707129539,2.3240880884577653,2.297492443722903,0.8291156656334842,2007-10-28,6.0,0,True,False
2007-04-20,2007Q1,16,diag3,gaussian_ar1,3.0422661515483895,2.9969069056511017,-0.06601326248263933,0.8742408993934659,1.2087836914185912,1.2015362468522506,1.8334824601297983,2007-04-28,7.0,0,True,False
2007-04-20,2007Q2,3,diag3,gaussian_ar1,3.2372961796327093,3.185999886063665,0.02836654884661477,0.8808610034127478,2.4695947150627617,2.439593165871891,0.7677014645699476,2007-07-28,7.0,0,True,False
2007-04-20,2007Q3,-10,diag3,gaussian_ar1,3.0088052465114368,2.96442864178763,-0.08222376595584246,0.908491043346032,2.3240880884577653,2.297492443722903,0.6847171580536715,2007-10-28,7.0,0,True,False
2007-04-27,2007Q1,17,diag3,gaussian_ar1,3.050966171806735,3.0053497061889107,-0.06179930424838631,0.874203043005829,1.2087836914185912,1.2015362468522506,1.8421824803881437,2007-04-28,4.0,0,True,False
2007-04-27,2007Q2,4,diag3,gaussian_ar1,3.2508160080057635,3.199094904705781,0.034902515364776676,0.8807185358986642,2.4695947150627617,2.439593165871891,0.7812212929430018,2007-07-28,4.0,0,True,False
2007-04-27,2007Q3,-9,diag3,gaussian_ar1,3.0204496911911516,2.975732322612588,-0.0765818893443573,0.9083831082393881,2.3240880884577653,2.297492443722903,0.6963616027333863,2007-10-28,4.0,0,True,False
2007-05-04,2007Q2,5,diag3,gaussian_ar1,3.502533123950613,3.4425901045375715,0.16732635232021242,0.8766048982268495,2.4695947150627617,2.439593165871891,1.0329384088878513,2007-07-28,12.0,4,True,True
2007-05-04,2007Q3,-8,diag3,gaussian_ar1,3.0609230150825617,3.0150112966220197,-0.04618897544648726,0.8995010985939772,2.3240880884577653,2.297492443722903,0.7368349266247964,2007-10-28,12.0,0,True,False
2007-05-11,2007Q2,6,diag3,gaussian_ar1,3.5135280896443355,3.4532124356162353,0.17263070899065613,0.8762531375880319,2.4695947150627617,2.439593165871891,1.0439333745815738,2007-07-28,7.0,0,True,False
2007-05-11,2007Q3,-7,diag3,gaussian_ar1,3.0100774092793436,2.9656636380671184,-0.07083117308540754,0.8985830132482644,2.3240880884577653,2.297492443722903,0.6859893208215784,2007-10-28,7.0,0,True,False
2007-05-18,2007Q2,7,diag3,gaussian_ar1,3.5201037285881087,3.459564677895174,0.17580275836993464,0.8756943247118663,2.4695947150627617,2.439593165871891,1.050509013525347,2007-07-28,11.0,0,True,False
2007-05-18,2007Q3,-6,diag3,gaussian_ar1,3.0078455792410086,2.9634970012948947,-0.0719131026665949,0.8968620509743878,2.3240880884577653,2.297492443722903,0.6837574907832433,2007-10-28,11.0,0,True,False
2007-05-25,2007Q2,8,diag3,gaussian_ar1,3.5127697914657308,3.4524798734380306,0.17226489747078366,0.8754933897814099,2.4695947150627617,2.439593165871891,1.043175076402969,2007-07-28,0.0,0,True,False
2007-05-25,2007Q3,-5,diag3,gaussian_ar1,2.991166101006071,2.947303255378,-0.07999959550302038,0.8958430788534751,2.3240880884577653,2.297492443722903,0.6670780125483056,2007-10-28,0.0,0,True,False
2007-06-01,2007Q2,9,diag3,gaussian_ar1,3.53484750673394,3.473806093599355,0.18291433753533748,0.8746003614085464,2.4695947150627617,2.439593165871891,1.0652527916711785,2007-07-28,12.0,2,True,True
2007-06-01,2007Q3,-4,diag3,gaussian_ar1,3.0484292528187407,3.002887865888143,-0.0522429197460651,0.890912278347768,2.3240880884577653,2.297492443722903,0.7243411643609754,2007-10-28,12.0,0,True,False
2007-06-08,2007Q2,10,diag3,gaussian_ar1,3.533262563778994,3.472275251448485,0.1821498977231878,0.8743593535379413,2.4695947150627617,2.439593165871891,1.063667848716232,2007-07-28,8.0,0,True,False
2007-06-08,2007Q3,-3,diag3,gaussian_ar1,3.051570187425434,3.005935837373312,-0.050720887740194454,0.8900521703387725,2.3240880884577653,2.297492443722903,0.7274820989676689,2007-10-28,8.0,0,True,False
2007-06-15,2007Q2,11,diag3,gaussian_ar1,3.5627766225075685,3.500778026339159,0.19638301501146238,0.8742500317227772,2.4695947150627617,2.439593165871891,1.0931819074448068,2007-07-28,5.0,0,True,False
2007-06-15,2007Q3,-2,diag3,gaussian_ar1,3.073430690348289,3.0271467559049947,-0.04012902458260914,0.8899610076083833,2.3240880884577653,2.297492443722903,0.7493426018905236,2007-10-28,5.0,0,True,False
2007-06-22,2007Q2,12,diag3,gaussian_ar1,3.6125940424328595,3.548870056512016,0.2203982033117946,0.8740407500049916,2.4695947150627617,2.439593165871891,1.1429993273700978,2007-07-28,6.0,0,True,False
2007-06-22,2007Q3,-1,diag3,gaussian_ar1,3.2852038857520416,3.2323945471427087,0.06236330807800994,0.8874762586602148,2.3240880884577653,2.297492443722903,0.9611157972942763,2007-10-28,6.0,0,True,False
2007-06-29,2007Q2,13,diag3,gaussian_ar1,3.6208592528754524,3.5568467710004814,0.22438144751608302,0.873969493507089,2.4695947150627617,2.439593165871891,1.1512645378126907,2007-07-28,4.0,0,True,False
2007-06-29,2007Q3,0,diag3,gaussian_ar1,3.2964397927361944,3.2432724807240008,0.06779530215965457,0.8873506678754627,2.3240880884577653,2.297492443722903,0.9723517042784291,2007-10-28,4.0,0,True,False
2007-07-06,2007Q2,14,diag3,gaussian_ar1,3.632067305884612,3.567662592235143,0.2297824252381615,0.8738894651587806,2.4695947150627617,2.439593165871891,1.1624725908218503,2007-07-28,13.0,3,True,True
2007-07-06,2007Q3,1,diag3,gaussian_ar1,3.168999121035676,3.1198225817425187,0.00614948352730782,0.8827263861811779,2.3240880884577653,2.297492443722903,0.8449110325779108,2007-10-28,13.0,0,True,False
2007-07-06,2007Q4,-12,diag3,gaussian_ar1,3.5235254464896393,3.462869988872845,0.17745329516853955,0.9118850757665657,2.5367271478347497,2.505086204878263,0.9867982986548895,2008-01-28,13.0,0,True,False
2007-07-13,2007Q2,15,diag3,gaussian_ar1,3.6213739768730546,3.5573435075870212,0.22462949740332072,0.8738242281436536,2.4695947150627617,2.439593165871891,1.1517792618102929,2007-07-28,6.0,0,True,False
2007-07-13,2007Q3,2,diag3,gaussian_ar1,3.150061773516355,3.1014652399725495,-0.003017420379946678,0.8826490026747927,2.3240880884577653,2.297492443722903,0.8259736850585897,2007-10-28,6.0,0,True,False
2007-07-13,2007Q4,-11,diag3,gaussian_ar1,3.4997422474163598,3.4398936351104408,0.1659798460320419,0.9118160201926853,2.5367271478347497,2.505086204878263,0.96301509958161,2008-01-28,6.0,0,True,False
2007-07-20,2007Q2,16,diag3,gaussian_ar1,3.6224241415169667,3.5583569657975485,0.22513557688619668,0.8736820422494717,2.4695947150627617,2.439593165871891,1.152829426454205,2007-07-28,8.0,0,True,False
2007-07-20,2007Q3,3,diag3,gaussian_ar1,3.1529134592173547,3.1042298008791165,-0.0016369119984058766,0.8807886129033059,2.3240880884577653,2.297492443722903,0.8288253707595894,2007-10-28,8.0,0,True,False
2007-07-20,2007Q4,-10,diag3,gaussian_ar1,3.5064166002562125,3.446342093339238,0.16919994171223632,0.9092819335301048,2.5367271478347497,2.505086204878263,0.9696894524214628,2008-01-28,8.0,0,True,False
2007-07-27,2007Q2,17,diag3,gaussian_ar1,3.6164919916741756,3.5526320276873746,0.2222767774920058,0.8736437304383511,2.4695947150627617,2.439593165871891,1.1468972766114138,2007-07-28,4.0,0,True,False
2007-07-27,2007Q3,4,diag3,gaussian_ar1,3.1421641978118586,3.0938085523090537,-0.006840856307579024,0.8806470081471967,2.3240880884577653,2.297492443722903,0.8180761093540934,2007-10-28,4.0,0,True,False
2007-07-27,2007Q4,-9,diag3,gaussian_ar1,3.496951583269281,3.4371972981829253,0.16463340590874742,0.9091746294141781,2.5367271478347497,2.505086204878263,0.9602244354345313,2008-01-28,4.0,0,True,False
2007-08-03,2007Q3,5,diag3,gaussian_ar1,3.073496798599673,3.027210892928211,-0.036574447720405634,0.8772601872582562,2.3240880884577653,2.297492443722903,0.7494087101419078,2007-10-28,12.0,2,True,True
2007-08-03,2007Q4,-8,diag3,gaussian_ar1,3.225968164583537,3.1750264907756165,0.03761045614126339,0.899769367561548,2.5367271478347497,2.505086204878263,0.6892410167487872,2008-01-28,12.0,0,True,False
2007-08-10,2007Q3,6,diag3,gaussian_ar1,3.0215101772604225,2.9767617110633258,-0.06189361404011923,0.87681835911012,2.3240880884577653,2.297492443722903,0.6974220888026572,2007-10-28,7.0,0,True,False
2007-08-10,2007Q4,-7,diag3,gaussian_ar1,3.1277789645178133,3.0798605838393507,-0.010150901657143968,0.8987701468394487,2.5367271478347497,2.505086204878263,0.5910518166830636,2008-01-28,7.0,0,True,False
2007-08-17,2007Q3,7,diag3,gaussian_ar1,3.0353939057816692,2.9902373367445336,-0.055130538896532244,0.8761728804696555,2.3240880884577653,2.297492443722903,0.711305817323904,2007-10-28,9.0,0,True,False
2007-08-17,2007Q4,-6,diag3,gaussian_ar1,3.164641401950319,3.1155986276893053,0.007785117178635226,0.897009897899127,2.5367271478347497,2.505086204878263,0.6279142541155691,2008-01-28,9.0,0,True,False
2007-08-24,2007Q3,8,diag3,gaussian_ar1,2.99949050739563,2.9553855699170803,-0.07262175774728563,0.8759633208279403,2.3240880884577653,2.297492443722903,0.6754024189378649,2007-10-28,2.0,0,True,False
2007-08-24,2007Q4,-5,diag3,gaussian_ar1,3.09253381621446,3.0456785499055883,-0.027305998535284245,0.8959822123444005,2.5367271478347497,2.505086204878263,0.5558066683797103,2008-01-28,2.0,0,True,False
2007-08-31,2007Q3,9,diag3,gaussian_ar1,2.972252575961143,2.928937348247902,-0.08589545017496576,0.8758207712465385,2.3240880884577653,2.297492443722903,0.6481644875033776,2007-10-28,8.0,0,True,False
2007-08-31,2007Q4,-4,diag3,gaussian_ar1,3.068120194331825,3.0219944748681606,-0.03919243579421221,0.8958597644243785,2.5367271478347497,2.505086204878263,0.5313930464970751,2008-01-28,8.0,0,True,False
2007-09-07,2007Q3,10,diag3,gaussian_ar1,2.8267445325480756,2.7875294019467165,-0.15686451605432575,0.8745549339259961,2.3240880884577653,2.297492443722903,0.5026564440903103,2007-10-28,12.0,3,True,True
2007-09-07,2007Q4,-3,diag3,gaussian_ar1,2.813682639370585,2.774825778077899,-0.16324014304584217,0.8903544595318056,2.5367271478347497,2.505086204878263,0.2769554915358352,2008-01-28,12.0,0,True,False
2007-09-14,2007Q3,11,diag3,gaussian_ar1,2.8181604330990373,2.7791809340326012,-0.16105440060385917,0.8744683698045602,2.3240880884577653,2.297492443722903,0.49407234464127203,2007-10-28,5.0,0,True,False
2007-09-14,2007Q4,-2,diag3,gaussian_ar1,2.8111410875221843,2.7723537498446693,-0.1644807913907805,0.8902780998152856,2.5367271478347497,2.505086204878263,0.27441393968743455,2008-01-28,5.0,0,True,False
2007-09-21,2007Q3,12,diag3,gaussian_ar1,2.8327574706179304,2.7933768711985483,-0.1539298193741484,0.8742875028004902,2.3240880884577653,2.297492443722903,0.5086693821601651,2007-10-28,6.0,0,True,False
2007-09-21,2007Q4,-1,diag3,gaussian_ar1,2.8718044993373937,2.8313410551860234,-0.13487655719944236,0.8878971905430206,2.5367271478347497,2.505086204878263,0.33507735150264395,2008-01-28,6.0,0,True,False
2007-09-28,2007Q3,13,diag3,gaussian_ar1,2.8464149886844536,2.8066572806083028,-0.14726471833167729,0.8742260758970362,2.3240880884577653,2.297492443722903,0.5223269002266884,2007-10-28,4.0,0,True,False
2007-09-28,2007Q4,0,diag3,gaussian_ar1,2.8897092122406987,2.8487444195232277,-0.12614224952808345,0.887779075568291,2.5367271478347497,2.505086204878263,0.3529820644059489,2008-01-28,4.0,0,True,False
2007-10-05,2007Q3,14,diag3,gaussian_ar1,2.8255488834150633,2.786366614882043,-0.15744808942452884,0.8734851621447809,2.3240880884577653,2.297492443722903,0.501460794957298,2007-10-28,13.0,4,True,True
2007-10-05,2007Q4,1,diag3,gaussian_ar1,2.8882348115251366,2.8473114178256287,-0.12686143677704823,0.8827673731125332,2.5367271478347497,2.505086204878263,0.3515076636903869,2008-01-28,13.0,0,True,False
2007-10-05,2008Q1,-12,diag3,gaussian_ar1,2.8779883704561415,2.837352114574578,-0.13185975877396736,0.9118618080377384,-1.6961606735480972,-1.7107102360127044,4.574149044004239,2008-04-28,13.0,0,True,False
2007-10-12,2007Q3,15,diag3,gaussian_ar1,2.8246316696101115,2.785474601266968,-0.15789576846003878,0.8734666960178996,2.3240880884577653,2.297492443722903,0.5005435811523462,2007-10-28,4.0,0,True,False
2007-10-12,2007Q4,2,diag3,gaussian_ar1,2.889791294533617,2.848824196461861,-0.12610221150361864,0.8827346673198023,2.5367271478347497,2.505086204878263,0.3530641466988671,2008-01-28,4.0,0,True,False
2007-10-12,2008Q1,-11,diag3,gaussian_ar1,2.881138315868337,2.8404138941059798,-0.13032312919298655,0.911836300776876,-1.6961606735480972,-1.7107102360127044,4.577298989416434,2008-04-28,4.0,0,True,False
2007-10-19,2007Q3,16,diag3,gaussian_ar1,2.848611163678161,2.8087926506606444,-0.1461930301989704,0.873423159916995,2.3240880884577653,2.297492443722903,0.5245230752203955,2007-10-28,10.0,0,True,False
2007-10-19,2007Q4,3,diag3,gaussian_ar1,3.0299929883291776,2.9849953914230807,-0.05776133845614004,0.8817047099409914,2.5367271478347497,2.505086204878263,0.4932658404944279,2008-01-28,10.0,0,True,False
2007-10-19,2008Q1,-10,diag3,gaussian_ar1,3.0378729304167296,2.9926433010631803,-0.05392304635668769,0.910419378750935,-1.6961606735480972,-1.7107102360127044,4.734033603964827,2008-04-28,10.0,0,True,False
2007-10-26,2007Q3,17,diag3,gaussian_ar1,2.854652962210058,2.814666936184806,-0.14324487511106282,0.8734061190704374,2.3240880884577653,2.297492443722903,0.5305648737522928,2007-10-28,4.0,0,True,False
2007-10-26,2007Q4,4,diag3,gaussian_ar1,3.0455816420151383,3.000124456324287,-0.050168444055567,0.8810183395727933,2.5367271478347497,2.505086204878263,0.5088544941803885,2008-01-28,4.0,0,True,False
2007-10-26,2008Q1,-9,diag3,gaussian_ar1,3.0502885945774105,3.0046921874075907,-0.04787601554182742,0.9094515582635541,-1.6961606735480972,-1.7107102360127044,4.746449268125508,2008-04-28,4.0,0,True,False
2007-11-02,2007Q4,5,diag3,gaussian_ar1,3.0476810440095425,3.002161788323518,-0.0449296131092938,0.8770446585061368,2.5367271478347497,2.505086204878263,0.5109538961747928,2008-01-28,11.0,3,True,True
2007-11-02,2008Q1,-8,diag3,gaussian_ar1,2.957214249796114,2.914332030783092,-0.08921618328872877,0.9001137510370312,-1.6961606735480972,-1.7107102360127044,4.653374923344211,2008-04-28,11.0,0,True,False
2007-11-09,2007Q4,6,diag3,gaussian_ar1,3.052492996802436,3.0068313164461093,-0.042575087824275354,0.8767730916774157,2.5367271478347497,2.505086204878263,0.5157658489676864,2008-01-28,8.0,0,True,False
2007-11-09,2008Q1,-7,diag3,gaussian_ar1,2.946023653468788,2.9034622684109266,-0.09469706479870119,0.8992534598315861,-1.6961606735480972,-1.7107102360127044,4.642184327016885,2008-04-28,8.0,0,True,False
2007-11-16,2007Q4,7,diag3,gaussian_ar1,3.13216977680999,3.0841181358455865,-0.0036046039344067027,0.8763609033323113,2.5367271478347497,2.505086204878263,0.5954426289752401,2008-01-28,7.0,0,True,False
2007-11-16,2008Q1,-6,diag3,gaussian_ar1,3.053646581981284,3.0079507252916873,-0.04201064611582192,0.8977300823072913,-1.6961606735480972,-1.7107102360127044,4.749807255529381,2008-04-28,7.0,0,True,False
2007-11-23,2007Q4,8,diag3,gaussian_ar1,3.1016606649803213,3.0545312227897967,-0.018523270888883447,0.8761161285252834,2.5367271478347497,2.505086204878263,0.5649335171455716,2008-01-28,4.0,0,True,False
2007-11-23,2008Q1,-5,diag3,gaussian_ar1,3.0237382504228805,2.978924413847831,-0.05664663982463751,0.8966659646159412,-1.6961606735480972,-1.7107102360127044,4.719898923970978,2008-04-28,4.0,0,True,False
2007-11-30,2007Q4,9,diag3,gaussian_ar1,3.1376303996215826,3.089412776949811,-0.0009348767097900335,0.8753672432510198,2.5367271478347497,2.505086204878263,0.6009032517868329,2008-01-28,8.0,0,True,False
2007-11-30,2008Q1,-4,diag3,gaussian_ar1,3.0631401338190978,3.017162543499988,-0.03736575302962242,0.8960234312587562,-1.6961606735480972,-1.7107102360127044,4.759300807367195,2008-04-28,8.0,0,True,False
2007-12-07,2007Q4,10,diag3,gaussian_ar1,3.087369597956502,3.0406691205931016,-0.025512985752730977,0.8747231583485282,2.5367271478347497,2.505086204878263,0.5506424501217522,2008-01-28,12.0,3,True,True
2007-12-07,2008Q1,-3,diag3,gaussian_ar1,2.9238148381373508,2.8818866791159343,-0.10557616632685392,0.890810261776325,-1.6961606735480972,-1.7107102360127044,4.619975511685448,2008-04-28,12.0,0,True,False
2007-12-14,2007Q4,11,diag3,gaussian_ar1,3.0831585077111257,3.0365840650959335,-0.02757280126433531,0.8746720938141851,2.5367271478347497,2.505086204878263,0.5464313598763759,2008-01-28,5.0,0,True,False
2007-12-14,2008Q1,-2,diag3,gaussian_ar1,2.8942486062116135,2.8531562250106726,-0.12006297931200943,0.8907567525415853,-1.6961606735480972,-1.7107102360127044,4.590409279759711,2008-04-28,5.0,0,True,False
2007-12-21,2007Q4,12,diag3,gaussian_ar1,3.0549215357176474,3.0091878924293995,-0.04138682691373918,0.8745326243183844,2.5367271478347497,2.505086204878263,0.5181943878828976,2008-01-28,6.0,0,True,False
2007-12-21,2008Q1,-1,diag3,gaussian_ar1,2.7022195768986235,2.6663542951425687,-0.2142544812406109,0.8884876731137541,-1.6961606735480972,-1.7107102360127044,4.398380250446721,2008-04-28,6.0,0,True,False
2007-12-28,2007Q4,13,diag3,gaussian_ar1,3.075431076927093,3.0290874763743822,-0.031352820836523465,0.874487707761815,2.5367271478347497,2.505086204878263,0.5387039290923434,2008-01-28,4.0,0,True,False
2007-12-28,2008Q1,0,diag3,gaussian_ar1,2.734077434265969,2.697369123667235,-0.19861581368048986,0.8883830617241931,-1.6961606735480972,-1.7107102360127044,4.430238107814066,2008-04-28,4.0,0,True,False
2008-01-04,2007Q4,14,diag3,gaussian_ar1,3.0885785936059618,3.041841901084789,-0.024921632354923062,0.8742544861302475,2.5367271478347497,2.505086204878263,0.551851445771212,2008-01-28,12.0,3,True,True
2008-01-04,2008Q1,1,diag3,gaussian_ar1,2.7827605871192596,2.7447454401117226,-0.17472716111195472,0.8839069540415466,-1.6961606735480972,-1.7107102360127044,4.478921260667357,2008-04-28,12.0,0,True,False
2008-01-04,2008Q2,-12,diag3,gaussian_ar1,2.8943328485890207,2.853238097752899,-0.1200216964592961,0.9131861138096825,2.403069701864058,2.37465037252643,0.49126314672496285,2008-07-28,12.0,0,True,False
2008-01-11,2007Q4,15,diag3,gaussian_ar1,3.1058849732744642,3.058628365095287,-0.01645736082231286,0.8742231217620585,2.5367271478347497,2.505086204878263,0.5691578254397145,2008-01-28,5.0,0,True,False
2008-01-11,2008Q1,2,diag3,gaussian_ar1,2.795157995038866,2.75680647081011,-0.16864560404725942,0.8834395712418861,-1.6961606735480972,-1.7107102360127044,4.491318668586963,2008-04-28,5.0,0,True,False
2008-01-11,2008Q2,-11,diag3,gaussian_ar1,2.897854652587517,2.856660777730786,-0.11829587184942296,0.9123757498275822,2.403069701864058,2.37465037252643,0.4947849507234592,2008-07-28,5.0,0,True,False
2008-01-18,2007Q4,16,diag3,gaussian_ar1,3.1228288197755916,3.0750604576275054,-0.008171774712296576,0.8741813515677357,2.5367271478347497,2.505086204878263,0.5861016719408418,2008-01-28,10.0,0,True,False
2008-01-18,2008Q1,3,diag3,gaussian_ar1,2.797489571234135,2.7590746221501115,-0.16750192966730543,0.882438301277881,-1.6961606735480972,-1.7107102360127044,4.493650244782232,2008-04-28,10.0,0,True,False
2008-01-18,2008Q2,-10,diag3,gaussian_ar1,2.8915992690900394,2.850581376303564,-0.12136130030437137,0.9109931236417879,2.403069701864058,2.37465037252643,0.4885295672259815,2008-07-28,10.0,0,True,False
2008-01-25,2007Q4,17,diag3,gaussian_ar1,3.116052813407566,3.06848943055755,-0.011485096525243432,0.8741794717660556,2.5367271478347497,2.505086204878263,0.5793256655728163,2008-01-28,0.0,0,True,False
2008-01-25,2008Q1,4,diag3,gaussian_ar1,2.6747572023340105,2.639610913134543,-0.2277393489813505,0.8818609910308318,-1.6961606735480972,-1.7107102360127044,4.370917875882108,2008-04-28,0.0,0,True,False
2008-01-25,2008Q2,-9,diag3,gaussian_ar1,2.737237497994083,2.7004450408378684,-0.19706483795815904,0.9101114309716948,2.403069701864058,2.37465037252643,0.3341677961300249,2008-07-28,0.0,0,True,False
2008-02-01,2008Q1,5,diag3,gaussian_ar1,2.7951205046820915,2.7567699998669846,-0.16628808926945116,0.8793681147505669,-1.6961606735480972,-1.7107102360127044,4.491281178230189,2008-04-28,14.0,5,True,True
2008-02-01,2008Q2,-8,diag3,gaussian_ar1,2.7753889196593606,2.737573097413817,-0.17601673908242207,0.9018542159527282,2.403069701864058,2.37465037252643,0.37231921779530275,2008-07-28,14.0,0,True,False
2008-02-08,2008Q1,6,diag3,gaussian_ar1,2.826485749747598,2.787277732862662,-0.15082731107220584,0.8789677662729576,-1.6961606735480972,-1.7107102360127044,4.522646423295695,2008-04-28,9.0,0,True,False
2008-02-08,2008Q2,-7,diag3,gaussian_ar1,2.7508825780194313,2.713725691846166,-0.1881021814230064,0.9008644131479586,2.403069701864058,2.37465037252643,0.3478128761553734,2008-07-28,9.0,0,True,False
2008-02-15,2008Q1,7,diag3,gaussian_ar1,2.7816994321029576,2.743713009684588,-0.17290514040079025,0.8784487878566175,-1.6961606735480972,-1.7107102360127044,4.477860105651055,2008-04-28,5.0,0,True,False
2008-02-15,2008Q2,-6,diag3,gaussian_ar1,2.5634281575763973,2.531123249904126,-0.280641861560538,0.8992434428220931,2.403069701864058,2.37465037252643,0.16035845571233942,2008-07-28,5.0,0,True,False
2008-02-22,2008Q1,8,diag3,gaussian_ar1,2.7358168750642786,2.699062258132689,-0.19553334965455607,0.8781664742719141,-1.6961606735480972,-1.7107102360127044,4.431977548612376,2008-04-28,6.0,0,True,False
2008-02-22,2008Q2,-5,diag3,gaussian_ar1,2.481672087870468,2.451378770332966,-0.32105494998238604,0.8981605749471258,2.403069701864058,2.37465037252643,0.07860238600641001,2008-07-28,6.0,0,True,False
2008-02-29,2008Q1,9,diag3,gaussian_ar1,2.726535300423083,2.6900274402702173,-0.2001120351650127,0.8780420981845302,-1.6961606735480972,-1.7107102360127044,4.42269597397118,2008-04-28,4.0,0,True,False
2008-02-29,2008Q2,-4,diag3,gaussian_ar1,2.4719659042357733,2.4419071808193276,-0.32585498362193793,0.898051265468025,2.403069701864058,2.37465037252643,0.06889620237171545,2008-07-28,4.0,0,True,False
2008-03-07,2008Q1,10,diag3,gaussian_ar1,2.7622046821827118,2.7247440696299634,-0.1825182629118252,0.8783074194822473,-1.6961606735480972,-1.7107102360127044,4.458365355730809,2008-04-28,15.0,4,True,True
2008-03-07,2008Q2,-3,diag3,gaussian_ar1,2.4611655157990464,2.4313667783261828,-0.3311966727300498,0.8935129897255444,2.403069701864058,2.37465037252643,0.05809581393498853,2008-07-28,15.0,0,True,False
2008-03-14,2008Q1,11,diag3,gaussian_ar1,2.8202016644022665,2.7811661971736608,-0.15392452900529804,0.8782149661146348,-1.6961606735480972,-1.7107102360127044,4.516362337950364,2008-04-28,5.0,0,True,False
2008-03-14,2008Q2,-2,diag3,gaussian_ar1,2.5054918411275384,2.4746190092901212,-0.3092772089152782,0.8934473343424699,2.403069701864058,2.37465037252643,0.10242213926348054,2008-07-28,5.0,0,True,False
2008-03-21,2008Q1,12,diag3,gaussian_ar1,2.790567564439783,2.752340761347683,-0.16853274882312286,0.8778526854991473,-1.6961606735480972,-1.7107102360127044,4.48672823798788,2008-04-28,7.0,0,True,False
2008-03-21,2008Q2,-1,diag3,gaussian_ar1,2.323884112412977,2.2972931003894823,-0.3991428356573936,0.8909211800981577,2.403069701864058,2.37465037252643,-0.07918558945108067,2008-07-28,7.0,0,True,False
2008-03-28,2008Q1,13,diag3,gaussian_ar1,2.7978020777151835,2.7593786237432902,-0.16496608493837503,0.8777648469337492,-1.6961606735480972,-1.7107102360127044,4.493962751263281,2008-04-28,4.0,0,True,False
2008-03-28,2008Q2,0,diag3,gaussian_ar1,2.333886755537229,2.3070680950938556,-0.39418904164638097,0.8907762697819729,2.403069701864058,2.37465037252643,-0.06918294632682898,2008-07-28,4.0,0,True,False
2008-04-04,2008Q1,14,diag3,gaussian_ar1,2.74952225699574,2.712401781049195,-0.188773115942717,0.8772280632026179,-1.6961606735480972,-1.7107102360127044,4.445682930543837,2008-04-28,12.0,6,True,True
2008-04-04,2008Q2,1,diag3,gaussian_ar1,2.5321566978814047,2.5006287271094494,-0.2960959450621252,0.8866326995943544,2.403069701864058,2.37465037252643,0.12908699601734686,2008-07-28,12.0,0,True,False
2008-04-04,2008Q3,-12,diag3,gaussian_ar1,2.649164799086301,2.614682104907256,-0.2382957152965004,0.9157383487237566,-2.0845363314131338,-2.10656952111413,4.733701130499435,2008-10-28,12.0,0,True,False
2008-04-11,2008Q1,15,diag3,gaussian_ar1,2.7723347027663214,2.7346013136942524,-0.1775227863834421,0.8771591285761673,-1.6961606735480972,-1.7107102360127044,4.468495376314419,2008-04-28,5.0,0,True,False
2008-04-11,2008Q2,2,diag3,gaussian_ar1,2.51284640359295,2.4817935503887636,-0.30564127868706875,0.8860602993612945,2.403069701864058,2.37465037252643,0.10977670172889198,2008-07-28,5.0,0,True,False
2008-04-11,2008Q3,-11,diag3,gaussian_ar1,2.601388537770477,2.568128016353551,-0.26188850199768593,0.9147969015215847,-2.0845363314131338,-2.10656952111413,4.68592486918361,2008-10-28,5.0,0,True,False
2008-04-18,2008Q1,16,diag3,gaussian_ar1,2.782402246434268,2.7443968006048722,-0.17255860728561864,0.8770671039338765,-1.6961606735480972,-1.7107102360127044,4.478562919982365,2008-04-28,10.0,0,True,False
2008-04-18,2008Q2,3,diag3,gaussian_ar1,2.4986371036335386,2.467931595205497,-0.3126662718092716,0.8849559548860709,2.403069701864058,2.37465037252643,0.09556740176948075,2008-07-28,10.0,0,True,False
2008-04-18,2008Q3,-10,diag3,gaussian_ar1,2.570868209681776,2.5383770853089294,-0.27696574638380944,0.9133331612924723,-2.0845363314131338,-2.10656952111413,4.65540454109491,2008-10-28,10.0,0,True,False
2008-04-25,2008Q1,17,diag3,gaussian_ar1,2.7759201948579726,2.738090024502153,-0.17575476959888023,0.8770633504988037,-1.6961606735480972,-1.7107102360127044,4.47208086840607,2008-04-28,0.0,0,True,False
2008-04-25,2008Q2,4,diag3,gaussian_ar1,2.4084983285608708,2.379951466356517,-0.3572530412716848,0.8843512495404502,2.403069701864058,2.37465037252643,0.005428626696812877,2008-07-28,0.0,0,True,False
2008-04-25,2008Q3,-9,diag3,gaussian_ar1,2.4579845407820544,2.428262163636585,-0.3327700364116642,0.9124197918046045,-2.0845363314131338,-2.10656952111413,4.542520872195189,2008-10-28,0.0,0,True,False
2008-05-02,2008Q2,5,diag3,gaussian_ar1,2.6364014488733156,2.6022473775538297,-0.2129322384199117,0.8822436045378537,2.403069701864058,2.37465037252643,0.23333174700925774,2008-07-28,13.0,8,True,True
2008-05-02,2008Q3,-8,diag3,gaussian_ar1,2.005873467168895,1.986020864980145,-0.517316103422033,0.9046995934514076,-2.0845363314131338,-2.10656952111413,4.090409798582028,2008-10-28,13.0,0,True,False
2008-05-09,2008Q2,6,diag3,gaussian_ar1,2.5476970741798777,2.5157841663614087,-0.2556405702852935,0.8816135027228876,2.403069701864058,2.37465037252643,0.1446273723158198,2008-07-28,10.0,0,True,False
2008-05-09,2008Q3,-7,diag3,gaussian_ar1,1.8350253747279277,1.8183919608517118,-0.6001160685056215,0.9034290138708919,-2.0845363314131338,-2.10656952111413,3.9195617061410615,2008-10-28,10.0,0,True,False
2008-05-16,2008Q2,7,diag3,gaussian_ar1,2.5294497608625566,2.4979886063518264,-0.26443065189501036,0.881482140683579,2.403069701864058,2.37465037252643,0.1263800589984987,2008-07-28,7.0,0,True,False
2008-05-16,2008Q3,-6,diag3,gaussian_ar1,1.8044642027087665,1.788376984569846,-0.6149419065736141,0.9033391208885894,-2.0845363314131338,-2.10656952111413,3.8890005341219003,2008-10-28,7.0,0,True,False
2008-05-23,2008Q2,8,diag3,gaussian_ar1,2.4437028011150996,2.4143220737570315,-0.30575756990794556,0.880778522985197,2.403069701864058,2.37465037252643,0.04063309925104175,2008-07-28,4.0,0,True,False
2008-05-23,2008Q3,-5,diag3,gaussian_ar1,1.7000137708859997,1.6857252473355662,-0.6656465288042523,0.9006491574823652,-2.0845363314131338,-2.10656952111413,3.7845501022991335,2008-10-28,4.0,0,True,False
2008-05-30,2008Q2,9,diag3,gaussian_ar1,2.47706466653288,2.446882820161426,-0.2896742537316743,0.8805020752600231,2.403069701864058,2.37465037252643,0.07399496466882205,2008-07-28,8.0,0,True,False
2008-05-30,2008Q3,-4,diag3,gaussian_ar1,1.7358484034625032,1.720954663195811,-0.6482450286374997,0.9004243764687382,-2.0845363314131338,-2.10656952111413,3.820384734875637,2008-10-28,8.0,0,True,False
2008-06-06,2008Q2,10,diag3,gaussian_ar1,2.526929573089154,2.4955305625867656,-0.2656447977428231,0.8769001917605944,2.403069701864058,2.37465037252643,0.12385987122509601,2008-07-28,10.0,8,True,True
2008-06-06,2008Q3,-3,diag3,gaussian_ar1,1.8060406750923352,1.7899255022993763,-0.6141770193090754,0.8928767748638851,-2.0845363314131338,-2.10656952111413,3.890577006505469,2008-10-28,10.0,0,True,False
2008-06-13,2008Q2,11,diag3,gaussian_ar1,2.569625885449267,2.5371658917432725,-0.2450791093949405,0.8767765586342241,2.403069701864058,2.37465037252643,0.16655618358520918,2008-07-28,6.0,0,True,False
2008-06-13,2008Q3,-2,diag3,gaussian_ar1,1.8259414625404924,1.8094713391591861,-0.6045223919168818,0.8927681889335431,-2.0845363314131338,-2.10656952111413,3.910477793953626,2008-10-28,6.0,0,True,False
2008-06-20,2008Q2,12,diag3,gaussian_ar1,2.489863355545441,2.459371360778866,-0.28350556383630443,0.8765201646257003,2.403069701864058,2.37465037252643,0.08679365368138292,2008-07-28,7.0,0,True,False
2008-06-20,2008Q3,-1,diag3,gaussian_ar1,1.613101397187,1.6002291602570171,-0.7078771516296779,0.8900412059289916,-2.0845363314131338,-2.10656952111413,3.697637728600134,2008-10-28,7.0,0,True,False
2008-06-27,2008Q2,13,diag3,gaussian_ar1,2.4962288145867984,2.465581986071556,-0.2804378377776289,0.8764379469144555,2.403069701864058,2.37465037252643,0.09315911272274047,2008-07-28,4.0,0,True,False
2008-06-27,2008Q3,0,diag3,gaussian_ar1,1.6231277449769044,1.6100958536515462,-0.7030035179755943,0.8899094921358905,-2.0845363314131338,-2.10656952111413,3.707664076390038,2008-10-28,4.0,0,True,False
2008-07-04,2008Q2,14,diag3,gaussian_ar1,2.453291047396222,2.4236811630321085,-0.301134666302987,0.8742184261095793,2.403069701864058,2.37465037252643,0.050221345532164285,2008-07-28,9.0,6,True,True
2008-07-04,2008Q3,1,diag3,gaussian_ar1,1.6803195335258314,1.6663583428746105,-0.6752127728925373,0.8839587485075374,-2.0845363314131338,-2.10656952111413,3.764855864938965,2008-10-28,9.0,0,True,False
2008-07-04,2008Q4,-12,diag3,gaussian_ar1,2.454937218596176,2.4252879029994796,-0.3003410202794185,0.9152001991310545,-8.472768957225274,-8.853365095794153,10.927706175821449,2009-01-28,9.0,0,True,False
2008-07-11,2008Q2,15,diag3,gaussian_ar1,2.475729248867653,2.44557967357851,-0.29031794040447867,0.8740563529672037,2.403069701864058,2.37465037252643,0.07265954700359512,2008-07-28,7.0,0,True,False
2008-07-11,2008Q3,2,diag3,gaussian_ar1,1.654039555452047,1.6405093143701819,-0.6879808493095467,0.8832386910191815,-2.0845363314131338,-2.10656952111413,3.738575886865181,2008-10-28,7.0,0,True,False
2008-07-11,2008Q4,-11,diag3,gaussian_ar1,2.3971585178772736,2.3688777383454926,-0.32820470934900126,0.9140747998781723,-8.472768957225274,-8.853365095794153,10.869927475102546,2009-01-28,7.0,0,True,False
2008-07-18,2008Q2,16,diag3,gaussian_ar1,2.471900793684245,2.441843640931476,-0.292163346328558,0.8739023142329273,2.403069701864058,2.37465037252643,0.06883109182018732,2008-07-28,11.0,0,True,False
2008-07-18,2008Q3,3,diag3,gaussian_ar1,1.5794301660192467,1.5670869662827456,-0.7242476726811111,0.8818240589988477,-2.0845363314131338,-2.10656952111413,3.6639664974323805,2008-10-28,11.0,0,True,False
2008-07-18,2008Q4,-10,diag3,gaussian_ar1,2.284714162103363,2.2590054124639054,-0.3824759270363629,0.9122253804017852,-8.472768957225274,-8.853365095794153,10.757483119328636,2009-01-28,11.0,0,True,False
2008-07-25,2008Q2,17,diag3,gaussian_ar1,2.4697466559656878,2.4397414447742323,-0.2932017219555041,0.8738951538593637,2.403069701864058,2.37465037252643,0.06667695410162988,2008-07-28,0.0,0,True,False
2008-07-25,2008Q3,4,diag3,gaussian_ar1,1.5508036613375964,1.5389015954181735,-0.7381697807780925,0.8811055077832254,-2.0845363314131338,-2.10656952111413,3.63533999275073,2008-10-28,0.0,0,True,False
2008-07-25,2008Q4,-9,diag3,gaussian_ar1,2.2487425830569396,2.223831138298945,-0.399850190071978,0.9111562921666163,-8.472768957225274,-8.853365095794153,10.721511540282213,2009-01-28,0.0,0,True,False
2008-08-01,2008Q3,5,diag3,gaussian_ar1,1.8047504020186844,1.7886581106578539,-0.6143058198089997,0.8767254840890648,-2.0845363314131338,-2.10656952111413,3.889286733431818,2008-10-28,13.0,3,True,True
2008-08-01,2008Q4,-8,diag3,gaussian_ar1,2.5955109474791627,2.5623992842843415,-0.2302649309282227,0.9010712158224269,-8.472768957225274,-8.853365095794153,11.068279904704436,2009-01-28,13.0,0,True,False
2008-08-08,2008Q3,6,diag3,gaussian_ar1,1.7990126819291463,1.7830219475495221,-0.617103288993502,0.876029841931806,-2.0845363314131338,-2.10656952111413,3.88354901334228,2008-10-28,10.0,0,True,False
2008-08-08,2008Q4,-7,diag3,gaussian_ar1,2.4876575802301737,2.4572191488628725,-0.2824703376930445,0.8997239311880457,-8.472768957225274,-8.853365095794153,10.960426537455447,2009-01-28,10.0,0,True,False
2008-08-15,2008Q3,7,diag3,gaussian_ar1,1.8618979698347804,1.8447768417046235,-0.5864516896571169,0.875893658745079,-2.0845363314131338,-2.10656952111413,3.946434301247914,2008-10-28,5.0,0,True,False
2008-08-15,2008Q4,-6,diag3,gaussian_ar1,2.5241794732961953,2.4928482071428872,-0.2647861098423925,0.899636793351187,-8.472768957225274,-8.853365095794153,10.996948430521469,2009-01-28,5.0,0,True,False
2008-08-22,2008Q3,8,diag3,gaussian_ar1,1.8080539499126802,1.7919030420410142,-0.6126952213618404,0.8750307348074153,-2.0845363314131338,-2.10656952111413,3.892590281325814,2008-10-28,6.0,0,True,False
2008-08-22,2008Q4,-5,diag3,gaussian_ar1,2.42238847191083,2.393514014064258,-0.3140899250024049,0.8964152848846384,-8.472768957225274,-8.853365095794153,10.895157429136104,2009-01-28,6.0,0,True,False
2008-08-29,2008Q3,9,diag3,gaussian_ar1,1.8258595797582489,1.8093909246655941,-0.6040152360945339,0.8748961781843357,-2.0845363314131338,-2.10656952111413,3.9103959111713826,2008-10-28,4.0,0,True,False
2008-08-29,2008Q4,-4,diag3,gaussian_ar1,2.440557399913379,2.4112516561477073,-0.3052859734168256,0.8963048245707079,-8.472768957225274,-8.853365095794153,10.913326357138653,2009-01-28,4.0,0,True,False
2008-09-05,2008Q3,10,diag3,gaussian_ar1,1.7991113056291308,1.7831188283046642,-0.6170552029246867,0.8735613557543762,-2.0845363314131338,-2.10656952111413,3.8836476370422646,2008-10-28,12.0,3,True,True
2008-09-05,2008Q4,-3,diag3,gaussian_ar1,2.3471708083400378,2.320048341511928,-0.3505540853067921,0.8902692013864788,-8.472768957225274,-8.853365095794153,10.819939765565312,2009-01-28,12.0,0,True,False
2008-09-12,2008Q3,11,diag3,gaussian_ar1,1.8426482317309922,1.825877176949938,-0.5958324028714843,0.8734991265939622,-2.0845363314131338,-2.10656952111413,3.927184563144126,2008-10-28,4.0,0,True,False
2008-09-12,2008Q4,-2,diag3,gaussian_ar1,2.380082638733305,2.3522002217551585,-0.33459572986614033,0.8902237722445411,-8.472768957225274,-8.853365095794153,10.85285159595858,2009-01-28,4.0,0,True,False
2008-09-19,2008Q3,12,diag3,gaussian_ar1,1.7538327162504697,1.7386305598170269,-0.6391366362994687,0.8731000166683516,-2.0845363314131338,-2.10656952111413,3.8383690476636034,2008-10-28,10.0,0,True,False
2008-09-19,2008Q4,-1,diag3,gaussian_ar1,2.3510631475420096,2.323851343743282,-0.348666492391839,0.8871274382508545,-8.472768957225274,-8.853365095794153,10.823832104767284,2009-01-28,10.0,0,True,False
2008-09-26,2008Q3,13,diag3,gaussian_ar1,1.7444939631550138,1.7294523486205102,-0.6436921756792915,0.8730165291372378,-2.0845363314131338,-2.10656952111413,3.8290302945681476,2008-10-28,4.0,0,True,False
2008-09-26,2008Q4,0,diag3,gaussian_ar1,2.345654314768275,2.3185666153489626,-0.35128952947352304,0.8869885971964566,-8.472768957225274,-8.853365095794153,10.818423271993549,2009-01-28,4.0,0,True,False
2008-10-03,2008Q3,14,diag3,gaussian_ar1,1.3671264215245005,1.3578655579388963,-0.8281266173943072,0.8604463573752724,-2.0845363314131338,-2.10656952111413,3.4516627529376342,2008-10-28,10.0,15,True,True
2008-10-03,2008Q4,1,diag3,gaussian_ar1,1.3891116220778654,1.3795518950416916,-0.8173627593221168,0.8723830561166642,-8.472768957225274,-8.853365095794153,9.86188057930314,2009-01-28,10.0,0,True,False
2008-10-03,2009Q1,-12,diag3,gaussian_ar1,1.135101587857834,1.1287076494218877,-0.9418675037277202,0.9104139348854737,-4.462803810727223,-4.565452543960741,5.597905398585057,2009-04-28,10.0,0,True,False
2008-10-10,2008Q3,15,diag3,gaussian_ar1,1.311402133371109,1.3028777011049197,-0.85541944623162,0.8603036520269959,-2.0845363314131338,-2.10656952111413,3.3959384647842428,2008-10-28,7.0,0,True,False
2008-10-10,2008Q4,2,diag3,gaussian_ar1,1.1978026443445033,1.190685762899471,-0.9111051110796397,0.8715453854648308,-8.472768957225274,-8.853365095794153,9.670571601569776,2009-01-28,7.0,0,True,False
2008-10-10,2009Q1,-11,diag3,gaussian_ar1,0.8708901107633782,0.8671197375629798,-1.071704789909491,0.9089684519111818,-4.462803810727223,-4.565452543960741,5.333693921490601,2009-04-28,7.0,0,True,False
2008-10-17,2008Q3,16,diag3,gaussian_ar1,1.0968224862169862,1.0908510130146793,-0.9606573740246819,0.8601482845059125,-2.0845363314131338,-2.10656952111413,3.18135881763012,2008-10-28,9.0,0,True,False
2008-10-17,2008Q4,3,diag3,gaussian_ar1,0.6844753933094916,0.6821434952872565,-1.1635164226967718,0.8695519320196557,-8.472768957225274,-8.853365095794153,9.157244350534764,2009-01-28,9.0,0,True,False
2008-10-17,2009Q1,-10,diag3,gaussian_ar1,0.3865411933918983,0.38579604251374944,-1.3106063580136063,0.9063346736977284,-4.462803810727223,-4.565452543960741,4.8493450041191215,2009-04-28,9.0,0,True,False
2008-10-24,2008Q3,17,diag3,gaussian_ar1,1.0797206742990006,1.073933311592509,-0.9690543539366314,0.8601382115079332,-2.0845363314131338,-2.10656952111413,3.1642570057121344,2008-10-28,2.0,0,True,False
2008-10-24,2008Q4,4,diag3,gaussian_ar1,0.4343025917371568,0.43336221975467115,-1.2869972266775473,0.8686126927680139,-8.472768957225274,-8.853365095794153,8.907071548962431,2009-01-28,2.0,0,True,False
2008-10-24,2009Q1,-9,diag3,gaussian_ar1,0.06565508786278151,0.06563354433906321,-1.4695167205176596,0.9049357573243897,-4.462803810727223,-4.565452543960741,4.528458898590005,2009-04-28,2.0,0,True,False
2008-10-31,2008Q4,5,diag3,gaussian_ar1,0.4430878817169859,0.44210913742891433,-1.2211124087610896,0.8670832033590344,-8.472768957225274,-8.853365095794153,8.91585683894226,2009-01-28,10.0,0,True,False
2008-10-31,2009Q1,-8,diag3,gaussian_ar1,-0.48306646040684464,-0.48423699760251093,-1.6681839550367048,0.8987522220904315,-4.462803810727223,-4.565452543960741,3.9797373503203786,2009-04-28,10.0,0,True,False
2008-11-07,2008Q4,6,diag3,gaussian_ar1,-0.7667427571855123,-0.7696973418629023,-1.80595232550066,0.8356417360463236,-8.472768957225274,-8.853365095794153,7.706026200039761,2009-01-28,13.0,12,True,True
2008-11-07,2009Q1,-7,diag3,gaussian_ar1,-2.2288750093797827,-2.254089803553231,-2.5223472107724048,0.8803204982409065,-4.462803810727223,-4.565452543960741,2.2339288013474405,2009-04-28,13.0,0,True,False
2008-11-14,2008Q4,7,diag3,gaussian_ar1,-0.8264299941054154,-0.8298638588604867,-1.8349897843628549,0.8355194888405977,-8.472768957225274,-8.853365095794153,7.646338963119858,2009-01-28,5.0,0,True,False
2008-11-14,2009Q1,-6,diag3,gaussian_ar1,-2.188938173419752,-2.213250873214021,-2.5026375978701245,0.8802108251514565,-4.462803810727223,-4.565452543960741,2.273865637307471,2009-04-28,5.0,0,True,False
2008-11-21,2008Q4,8,diag3,gaussian_ar1,-0.5811566363665643,-0.5828519229175764,-1.7157773172575823,0.833731887429789,-8.472768957225274,-8.853365095794153,7.891612320858709,2009-01-28,6.0,0,True,False
2008-11-21,2009Q1,-5,diag3,gaussian_ar1,-1.9358438782607124,-1.9548267206709533,-2.37791738681373,0.8733139839833508,-4.462803810727223,-4.565452543960741,2.526959932466511,2009-04-28,6.0,0,True,False
2008-11-28,2008Q4,9,diag3,gaussian_ar1,-0.5735331796190013,-0.5751841969407843,-1.7120767328008384,0.8335919797900571,-8.472768957225274,-8.853365095794153,7.899235777606272,2009-01-28,4.0,0,True,False
2008-11-28,2009Q1,-4,diag3,gaussian_ar1,-1.920732718356133,-1.939418444755018,-2.370481071727313,0.8732011547916684,-4.462803810727223,-4.565452543960741,2.5420710923710903,2009-04-28,4.0,0,True,False
2008-12-05,2008Q4,10,diag3,gaussian_ar1,-1.4622218163613199,-1.4730176481465906,-2.1453875376383142,0.8195544098164058,-8.472768957225274,-8.853365095794153,7.010547140863954,2009-01-28,13.0,9,True,True
2008-12-05,2009Q1,-3,diag3,gaussian_ar1,-3.5192877758184693,-3.582707094502973,-3.163562156472232,0.8555629232508161,-4.462803810727223,-4.565452543960741,0.9435160349087539,2009-04-28,13.0,0,True,False
2008-12-12,2008Q4,11,diag3,gaussian_ar1,-1.4798458441718232,-1.4909048020898603,-2.1540202044887202,0.8195026335677432,-8.472768957225274,-8.853365095794153,6.99292311305345,2009-01-28,4.0,0,True,False
2008-12-12,2009Q1,-2,diag3,gaussian_ar1,-3.5275405387728553,-3.5912612559996044,-3.1676905508841764,0.8555080462845737,-4.462803810727223,-4.565452543960741,0.9352632719543679,2009-04-28,4.0,0,True,False
2008-12-19,2008Q4,12,diag3,gaussian_ar1,-1.5083464250386092,-1.519837667986463,-2.167983733460685,0.8188613039166133,-8.472768957225274,-8.853365095794153,6.964422532186664,2009-01-28,10.0,0,True,False
2008-12-19,2009Q1,-1,diag3,gaussian_ar1,-3.4277512691829215,-3.487876626177091,-3.1177952422430764,0.8512102871419583,-4.462803810727223,-4.565452543960741,1.0350525415443017,2009-04-28,10.0,0,True,False
2008-12-26,2008Q4,13,diag3,gaussian_ar1,-1.5265560262610722,-1.5383278487351943,-2.176907432049842,0.8185718829974942,-8.472768957225274,-8.853365095794153,6.946212930964201,2009-01-28,4.0,0,True,False
2008-12-26,2009Q1,0,diag3,gaussian_ar1,-3.3711993590444966,-3.4293345924382233,-3.089541788640804,0.8480601375740785,-4.462803810727223,-4.565452543960741,1.0916044516827266,2009-04-28,4.0,0,True,False
2009-01-02,2008Q4,14,diag3,gaussian_ar1,-2.1156188123613195,-2.1383187609892764,-2.4664739933478494,0.8098499357396839,-8.472768957225274,-8.853365095794153,6.3571501448639545,2009-01-28,8.0,9,True,True
2009-01-02,2009Q1,1,diag3,gaussian_ar1,-4.768142791573582,-4.885566562612814,-3.7923459069090297,0.836612402883341,-4.462803810727223,-4.565452543960741,-0.3053389808463587,2009-04-28,8.0,0,True,False
2009-01-02,2009Q2,-12,diag3,gaussian_ar1,-4.037863447842572,-4.121648323572444,-3.423665026792509,0.9157480485482985,-0.7126911125331037,-0.7152428870508096,-3.325172335309468,2009-07-28,8.0,0,True,False
2009-01-09,2008Q4,15,diag3,gaussian_ar1,-2.1033325829381333,-2.12576777147637,-2.4604166568117245,0.8092388955465698,-8.472768957225274,-8.853365095794153,6.36943637428714,2009-01-28,8.0,0,True,False
2009-01-09,2009Q1,2,diag3,gaussian_ar1,-4.675791188378198,-4.788638018321674,-3.74556642293891,0.8326563160426224,-4.462803810727223,-4.565452543960741,-0.21298737765097453,2009-04-28,8.0,0,True,False
2009-01-09,2009Q2,-11,diag3,gaussian_ar1,-3.9212426241387988,-4.000194152375743,-3.3650490277991194,0.9099372708077775,-0.7126911125331037,-0.7152428870508096,-3.208551511605695,2009-07-28,8.0,0,True,False
2009-01-16,2008Q4,16,diag3,gaussian_ar1,-2.1401756532436034,-2.163409507296763,-2.4785832453052903,0.8091350671658598,-8.472768957225274,-8.853365095794153,6.33259330398167,2009-01-28,7.0,0,True,False
2009-01-16,2009Q1,3,diag3,gaussian_ar1,-4.744440599975308,-4.860680728007457,-3.7803355490777224,0.8324086198559666,-4.462803810727223,-4.565452543960741,-0.28163678924808444,2009-04-28,7.0,0,True,False
2009-01-16,2009Q2,-10,diag3,gaussian_ar1,-3.988107600792512,-4.069812303423307,-3.398648017702205,0.9097286572886157,-0.7126911125331037,-0.7152428870508096,-3.2754164882594083,2009-07-28,7.0,0,True,False
2009-01-23,2008Q4,17,diag3,gaussian_ar1,-2.16616304515983,-2.1899687651655486,-2.4914012277357216,0.8088969276631766,-8.472768957225274,-8.853365095794153,6.306605912065443,2009-01-28,4.0,0,True,False
2009-01-23,2009Q1,4,diag3,gaussian_ar1,-4.611859100846017,-4.721592449407032,-3.7132090081108338,0.8271853964205976,-4.462803810727223,-4.565452543960741,-0.1490552901187936,2009-04-28,4.0,0,True,False
2009-01-23,2009Q2,-9,diag3,gaussian_ar1,-3.7516296380771696,-3.8238144268231804,-3.279924954137628,0.9012883072002583,-0.7126911125331037,-0.7152428870508096,-3.038938525544066,2009-07-28,4.0,0,True,False
2009-01-30,2009Q1,5,diag3,gaussian_ar1,-5.289636742764515,-5.4346759288790505,-3.4682198298584197,0.823580201465064,-4.462803810727223,-4.565452543960741,-0.8268329320372914,2009-04-28,10.0,0,True,False
2009-01-30,2009Q2,-8,diag3,gaussian_ar1,-5.853171845596872,-6.031462073120368,-3.7180797419343414,0.8913819890011667,-0.7126911125331037,-0.7152428870508096,-5.140480733063768,2009-07-28,10.0,0,True,False
2009-02-06,2009Q1,6,diag3,gaussian_ar1,-7.41893752262921,-7.7085574134435735,-4.4202389631555565,0.7222395283856693,-4.462803810727223,-4.565452543960741,-2.9561337119019866,2009-04-28,11.0,18,True,True
2009-02-06,2009Q2,-7,diag3,gaussian_ar1,-7.458943372283111,-7.751778450962023,-4.438334565304495,0.8163480342255149,-0.7126911125331037,-0.7152428870508096,-6.7462522597500065,2009-07-28,11.0,0,True,False
2009-02-13,2009Q1,7,diag3,gaussian_ar1,-7.41538880968462,-7.704724399608205,-4.418634173049197,0.7218446654645968,-4.462803810727223,-4.565452543960741,-2.9525849989573967,2009-04-28,6.0,0,True,False
2009-02-13,2009Q2,-6,diag3,gaussian_ar1,-7.507310724127791,-7.804057944856622,-4.460222723858317,0.8160918225060292,-0.7126911125331037,-0.7152428870508096,-6.794619611594687,2009-07-28,6.0,0,True,False
2009-02-20,2009Q1,8,diag3,gaussian_ar1,-7.4559553175412745,-7.748549606802284,-4.436982726416069,0.7176773387856501,-4.462803810727223,-4.565452543960741,-2.9931515068140513,2009-04-28,7.0,0,True,False
2009-02-20,2009Q2,-5,diag3,gaussian_ar1,-7.591884565624252,-7.895538182086582,-4.4985232847066605,0.8027548654322548,-0.7126911125331037,-0.7152428870508096,-6.879193453091148,2009-07-28,7.0,0,True,False
2009-02-27,2009Q1,9,diag3,gaussian_ar1,-7.56637695805682,-7.86793877954946,-4.486968082968456,0.7171895805962596,-4.462803810727223,-4.565452543960741,-3.1035731473295964,2009-04-28,4.0,0,True,False
2009-02-27,2009Q2,-4,diag3,gaussian_ar1,-7.691506892059929,-8.003403237514945,-4.5436837723042025,0.8023074286058876,-0.7126911125331037,-0.7152428870508096,-6.978815779526826,2009-07-28,4.0,0,True,False
2009-03-06,2009Q1,10,diag3,gaussian_ar1,-8.048865731287268,-8.391289930190723,-4.706082540879166,0.7105648297427309,-4.462803810727223,-4.565452543960741,-3.586061920560045,2009-04-28,10.0,6,True,True
2009-03-06,2009Q2,-3,diag3,gaussian_ar1,-8.220561110592184,-8.57818906878607,-4.784332685905348,0.7816097991509793,-0.7126911125331037,-0.7152428870508096,-7.50786999805908,2009-07-28,10.0,0,True,False
2009-03-13,2009Q1,11,diag3,gaussian_ar1,-8.082215017329386,-8.427564996736592,-4.721270033124351,0.7096424646041827,-4.462803810727223,-4.565452543960741,-3.6194112066021624,2009-04-28,8.0,0,True,False
2009-03-13,2009Q2,-2,diag3,gaussian_ar1,-8.257983403789893,-8.61897154145921,-4.801407319984367,0.7808562226758835,-0.7126911125331037,-0.7152428870508096,-7.545292291256789,2009-07-28,8.0,0,True,False
2009-03-20,2009Q1,12,diag3,gaussian_ar1,-7.506509888678082,-7.8031921121199606,-4.459860220650858,0.7074822508857329,-4.462803810727223,-4.565452543960741,-3.0437060779508585,2009-04-28,9.0,0,True,False
2009-03-20,2009Q2,-1,diag3,gaussian_ar1,-7.337399362162111,-7.620523993717558,-4.383381501358336,0.7678288045965895,-0.7126911125331037,-0.7152428870508096,-6.624708249629007,2009-07-28,9.0,0,True,False
2009-03-27,2009Q1,13,diag3,gaussian_ar1,-7.458239324271599,-7.751017658553769,-4.438016039939809,0.7070288180458493,-4.462803810727223,-4.565452543960741,-2.9954355135443755,2009-04-28,4.0,0,True,False
2009-03-27,2009Q2,0,diag3,gaussian_ar1,-7.28908905477782,-7.56840186681233,-4.36155922855355,0.7671180691520809,-0.7126911125331037,-0.7152428870508096,-6.576397942244716,2009-07-28,4.0,0,True,False
2009-04-03,2009Q1,14,diag3,gaussian_ar1,-7.3604592432773615,-7.645412946495702,-4.393801903394839,0.7097225180461183,-4.462803810727223,-4.565452543960741,-2.8976554325501382,2009-04-28,9.0,5,True,True
2009-04-03,2009Q2,1,diag3,gaussian_ar1,-6.8418701948629534,-7.087181625786105,-4.160083962627558,0.750367974192353,-0.7126911125331037,-0.7152428870508096,-6.12917908232985,2009-07-28,9.0,0,True,False
2009-04-03,2009Q3,-12,diag3,gaussian_ar1,-6.372448215560922,-6.584548914761264,-3.94964381384896,0.8626245953368252,1.4121870876976361,1.4023086188557472,-7.7846353032585585,2009-10-28,9.0,0,True,False
2009-04-10,2009Q1,15,diag3,gaussian_ar1,-7.249772665064691,-7.526003345303517,-4.343807993947042,0.7085040141747104,-4.462803810727223,-4.565452543960741,-2.786968854337468,2009-04-28,7.0,0,True,False
2009-04-10,2009Q2,2,diag3,gaussian_ar1,-6.809969395065685,-7.052943777622001,-4.145749404403478,0.7451682749266593,-0.7126911125331037,-0.7152428870508096,-6.0972782825325815,2009-07-28,7.0,0,True,False
2009-04-10,2009Q3,-11,diag3,gaussian_ar1,-6.356500535565823,-6.567517259385486,-3.942513072031706,0.8555815329648712,1.4121870876976361,1.4023086188557472,-7.768687623263459,2009-10-28,7.0,0,True,False
2009-04-17,2009Q1,16,diag3,gaussian_ar1,-7.164805342107206,-7.43443653150767,-4.305471185586338,0.7078309198108708,-4.462803810727223,-4.565452543960741,-2.702001531379983,2009-04-28,9.0,0,True,False
2009-04-17,2009Q2,3,diag3,gaussian_ar1,-6.4961423128244045,-6.716749185819623,-4.004992867143498,0.7401605444183181,-0.7126911125331037,-0.7152428870508096,-5.783451200291301,2009-07-28,9.0,0,True,False
2009-04-17,2009Q3,-10,diag3,gaussian_ar1,-5.955454344328571,-6.140162601451879,-3.7635900218119778,0.849202626649122,1.4121870876976361,1.4023086188557472,-7.367641432026207,2009-10-28,9.0,0,True,False
2009-04-24,2009Q1,17,diag3,gaussian_ar1,-7.148466906540973,-7.416838681832303,-4.2981033919218214,0.7077873697591874,-4.462803810727223,-4.565452543960741,-2.6856630958137497,2009-04-28,2.0,0,True,False
2009-04-24,2009Q2,4,diag3,gaussian_ar1,-6.2831534681766055,-6.489222067576243,-3.909732770528066,0.736638899205175,-0.7126911125331037,-0.7152428870508096,-5.570462355643501,2009-07-28,2.0,0,True,False
2009-04-24,2009Q3,-9,diag3,gaussian_ar1,-5.651608782672568,-5.81759655396008,-3.628539426146022,0.8436968658672293,1.4121870876976361,1.4023086188557472,-7.063795870370204,2009-10-28,2.0,0,True,False
2009-05-01,2009Q2,5,diag3,gaussian_ar1,-5.239878732759696,-5.382152696805639,-3.2718417250688088,0.7072716579220747,-0.7126911125331037,-0.7152428870508096,-4.5271876202265915,2009-07-28,13.0,5,True,True
2009-05-01,2009Q3,-8,diag3,gaussian_ar1,-3.704301393806808,-3.774653478394914,-2.626887975936381,0.780477980581229,1.4121870876976361,1.4023086188557472,-5.116488481504444,2009-10-28,13.0,0,True,False
2009-05-08,2009Q2,6,diag3,gaussian_ar1,-5.074043358918501,-5.207300205867847,-3.201688179559178,0.7034232073473331,-0.7126911125331037,-0.7152428870508096,-4.3613522463853975,2009-07-28,10.0,0,True,False
2009-05-08,2009Q3,-7,diag3,gaussian_ar1,-3.624217125679907,-3.691523092804385,-2.593534769142014,0.7743309882684262,1.4121870876976361,1.4023086188557472,-5.036404213377543,2009-10-28,10.0,0,True,False
2009-05-15,2009Q2,7,diag3,gaussian_ar1,-5.020441263823516,-5.150848873833629,-3.179039025007809,0.7029606124344839,-0.7126911125331037,-0.7152428870508096,-4.307750151290412,2009-07-28,5.0,0,True,False
2009-05-15,2009Q3,-6,diag3,gaussian_ar1,-3.589706213887467,-3.655720805876934,-2.5791703334291287,0.7740397962646242,1.4121870876976361,1.4023086188557472,-5.001893301585103,2009-10-28,5.0,0,True,False
2009-05-22,2009Q2,8,diag3,gaussian_ar1,-4.725657099628123,-4.840963612550775,-3.054708226724215,0.7001361557215935,-0.7126911125331037,-0.7152428870508096,-4.0129659870950185,2009-07-28,6.0,0,True,False
2009-05-22,2009Q3,-5,diag3,gaussian_ar1,-3.0225597432377405,-3.069180920694589,-2.343841386682853,0.7646569343087242,1.4121870876976361,1.4023086188557472,-4.434746830935376,2009-10-28,6.0,0,True,False
2009-05-29,2009Q2,9,diag3,gaussian_ar1,-4.674658938556709,-4.787450237052571,-3.0332378261411157,0.6997329295284379,-0.7126911125331037,-0.7152428870508096,-3.961967826023605,2009-07-28,4.0,0,True,False
2009-05-29,2009Q3,-4,diag3,gaussian_ar1,-2.974448092882065,-3.019582045125343,-2.323941544502672,0.7643144079456093,1.4121870876976361,1.4023086188557472,-4.386635180579701,2009-10-28,4.0,0,True,False
2009-06-05,2009Q2,10,diag3,gaussian_ar1,-4.285153035613121,-4.379675886855788,-2.869632399185158,0.6937239746682629,-0.7126911125331037,-0.7152428870508096,-3.572461923080017,2009-07-28,13.0,5,True,True
2009-06-05,2009Q3,-3,diag3,gaussian_ar1,-1.8802192954917363,-1.8981201572698834,-1.8739935502531941,0.7441694519502154,1.4121870876976361,1.4023086188557472,-3.2924063831893724,2009-10-28,13.0,0,True,False
2009-06-12,2009Q2,11,diag3,gaussian_ar1,-4.330459549397025,-4.427021979441715,-2.8886283897090324,0.6935864306723198,-0.7126911125331037,-0.7152428870508096,-3.6177684368639214,2009-07-28,4.0,0,True,False
2009-06-12,2009Q3,-2,diag3,gaussian_ar1,-1.936880934339913,-1.955884254436428,-1.8971694066431248,0.7440424426163442,1.4121870876976361,1.4023086188557472,-3.349068022037549,2009-10-28,4.0,0,True,False
2009-06-19,2009Q2,12,diag3,gaussian_ar1,-4.162061564057529,-4.251156232869899,-2.8180683102412454,0.6921670431350501,-0.7126911125331037,-0.7152428870508096,-3.4493704515244255,2009-07-28,10.0,0,True,False
2009-06-19,2009Q3,-1,diag3,gaussian_ar1,-1.3684208456816838,-1.3778700257952976,-1.665261086225681,0.7346925280060213,1.4121870876976361,1.4023086188557472,-2.78060793337932,2009-10-28,10.0,0,True,False
2009-06-26,2009Q2,13,diag3,gaussian_ar1,-4.134758776596237,-4.222671793859121,-2.8066399092059413,0.6919086355563397,-0.7126911125331037,-0.7152428870508096,-3.422067664063133,2009-07-28,4.0,0,True,False
2009-06-26,2009Q3,0,diag3,gaussian_ar1,-1.3487505911887188,-1.3579288533157592,-1.6572603769217658,0.7343037785111747,1.4121870876976361,1.4023086188557472,-2.760937678886355,2009-10-28,4.0,0,True,False
2009-07-03,2009Q2,14,diag3,gaussian_ar1,-4.098629908638629,-4.184991753379327,-2.791522089491583,0.6917185011592708,-0.7126911125331037,-0.7152428870508096,-3.3859387961055254,2009-07-28,8.0,3,True,True
2009-07-03,2009Q3,1,diag3,gaussian_ar1,-0.8923133745735168,-0.8963183326842148,-1.4720550390214286,0.72384314018128,1.4121870876976361,1.4023086188557472,-2.304500462271153,2009-10-28,8.0,0,True,False
2009-07-03,2009Q4,-12,diag3,gaussian_ar1,-1.0482838991253796,-1.0538170978490582,-1.5352459991870089,0.8063368399220243,4.394263592305325,4.300454151697932,-5.442547491430705,2010-01-28,8.0,0,True,False
2009-07-10,2009Q2,15,diag3,gaussian_ar1,-4.07886796672754,-4.164387349034552,-2.783255281222811,0.6907189576439654,-0.7126911125331037,-0.7152428870508096,-3.366176854194436,2009-07-28,8.0,0,True,False
2009-07-10,2009Q3,2,diag3,gaussian_ar1,-0.96470253381985,-0.9693859336379895,-1.5013708997294917,0.7191327729141459,1.4121870876976361,1.4023086188557472,-2.376889621517486,2009-10-28,8.0,0,True,False
2009-07-10,2009Q4,-11,diag3,gaussian_ar1,-1.152087948923497,-1.1587758991344561,-1.5773571066875083,0.801322726171286,4.394263592305325,4.300454151697932,-5.546351541228822,2010-01-28,8.0,0,True,False
2009-07-17,2009Q2,16,diag3,gaussian_ar1,-3.9537306819729445,-4.03401385687012,-2.7309474034982606,0.6902279659286044,-0.7126911125331037,-0.7152428870508096,-3.241039569439841,2009-07-28,9.0,0,True,False
2009-07-17,2009Q3,3,diag3,gaussian_ar1,-0.5894876450544762,-0.5912319819512901,-1.3496496384708352,0.715146406506043,1.4121870876976361,1.4023086188557472,-2.0016747327521123,2009-10-28,9.0,0,True,False
2009-07-17,2009Q4,-10,diag3,gaussian_ar1,-0.7654355629120535,-0.7683800560052703,-1.4207242077173823,0.7966111658736039,4.394263592305325,4.300454151697932,-5.159699155217378,2010-01-28,9.0,0,True,False
2009-07-24,2009Q2,17,diag3,gaussian_ar1,-3.9441620318114268,-4.024051810847197,-2.7269504753144536,0.6901981806679975,-0.7126911125331037,-0.7152428870508096,-3.231470919278323,2009-07-28,2.0,0,True,False
2009-07-24,2009Q3,4,diag3,gaussian_ar1,-0.580816126539796,-0.5825094232141708,-1.3461500119110819,0.7123262119050534,1.4121870876976361,1.4023086188557472,-1.993003214237432,2009-10-28,2.0,0,True,False
2009-07-24,2009Q4,-9,diag3,gaussian_ar1,-0.7716582119456361,-0.7746508994127175,-1.4232401678618942,0.792602695906159,4.394263592305325,4.300454151697932,-5.165921804250962,2010-01-28,2.0,0,True,False
2009-07-31,2009Q3,5,diag3,gaussian_ar1,-0.7155024245246278,-0.7180744189200992,-1.379604270636041,0.7107106501757395,1.4121870876976361,1.4023086188557472,-2.127689512222264,2009-10-28,10.0,0,True,False
2009-07-31,2009Q4,-8,diag3,gaussian_ar1,-0.2962562182595607,-0.29669592564891456,-1.21135250078548,0.7860352004729503,4.394263592305325,4.300454151697932,-4.690519810564886,2010-01-28,10.0,0,True,False
2009-08-07,2009Q3,6,diag3,gaussian_ar1,0.055909184669600265,0.055893561307938544,-1.0705674200124728,0.7023352306737917,1.4121870876976361,1.4023086188557472,-1.3562779030280359,2009-10-28,13.0,4,True,True
2009-08-07,2009Q4,-7,diag3,gaussian_ar1,0.6947579680599114,0.6923556453562831,-0.8164351522439,0.7651466195102455,4.394263592305325,4.300454151697932,-3.699505624245414,2010-01-28,13.0,0,True,False
2009-08-14,2009Q3,7,diag3,gaussian_ar1,-0.07540628134518057,-0.07543472618187597,-1.1230053520722474,0.7019260605025367,1.4121870876976361,1.4023086188557472,-1.4875933690428167,2009-10-28,5.0,0,True,False
2009-08-14,2009Q4,-6,diag3,gaussian_ar1,0.578022691912583,0.5763585504149762,-0.8627515087572311,0.7648608104680565,4.394263592305325,4.300454151697932,-3.816240900392742,2010-01-28,5.0,0,True,False
2009-08-21,2009Q3,8,diag3,gaussian_ar1,0.5419128056060041,0.5404497414694305,-0.8770894988416595,0.6992513508705119,1.4121870876976361,1.4023086188557472,-0.870274282091632,2009-10-28,6.0,0,True,False
2009-08-21,2009Q4,-5,diag3,gaussian_ar1,1.5178344173712333,1.5064305604341581,-0.4913840463141801,0.7559107576581215,4.394263592305325,4.300454151697932,-2.876429174934092,2010-01-28,6.0,0,True,False
2009-08-28,2009Q3,9,diag3,gaussian_ar1,0.6692787031649106,0.6670489764473899,-0.8265398251233561,0.6989082238603693,1.4121870876976361,1.4023086188557472,-0.7429083845327256,2009-10-28,4.0,0,True,False
2009-08-28,2009Q4,-4,diag3,gaussian_ar1,1.6309809785085783,1.6178233565147555,-0.44690613538980506,0.7556395882012209,4.394263592305325,4.300454151697932,-2.763282613796747,2010-01-28,4.0,0,True,False
2009-09-04,2009Q3,10,diag3,gaussian_ar1,0.9884690341180669,0.9836156356479326,-0.7001382608843086,0.6983482699994191,1.4121870876976361,1.4023086188557472,-0.42371805357956926,2009-10-28,12.0,4,True,True
2009-09-04,2009Q4,-3,diag3,gaussian_ar1,2.1627491806711197,2.139693591317767,-0.23852912507706978,0.7462020460603401,4.394263592305325,4.300454151697932,-2.2315144116342056,2010-01-28,12.0,0,True,False
2009-09-11,2009Q3,11,diag3,gaussian_ar1,0.8265736738551244,0.8231762622313075,-0.7641999274432844,0.6974203130363146,1.4121870876976361,1.4023086188557472,-0.5856134138425118,2009-10-28,5.0,0,True,False
2009-09-11,2009Q4,-2,diag3,gaussian_ar1,1.9528564344453603,1.9340328633454935,-0.3206471781401638,0.7441618599108916,4.394263592305325,4.300454151697932,-2.441407157859965,2010-01-28,5.0,0,True,False
2009-09-18,2009Q3,12,diag3,gaussian_ar1,1.1031854670100039,1.0971447623171924,-0.6548073367941738,0.696338258037345,1.4121870876976361,1.4023086188557472,-0.30900162068763226,2009-10-28,10.0,0,True,False
2009-09-18,2009Q4,-1,diag3,gaussian_ar1,2.52371793101136,2.492398027169656,-0.09769814648217312,0.7388335434424642,4.394263592305325,4.300454151697932,-1.8705456612939653,2010-01-28,10.0,0,True,False
2009-09-25,2009Q3,13,diag3,gaussian_ar1,1.1399419036788316,1.1334935248698537,-0.6402936781024684,0.6961009204755828,1.4121870876976361,1.4023086188557472,-0.2722451840188045,2009-10-28,0.0,0,True,False
2009-09-25,2009Q4,0,diag3,gaussian_ar1,2.6872378612335712,2.6517657024479937,-0.03406439713157841,0.7345914945263002,4.394263592305325,4.300454151697932,-1.707025731071754,2010-01-28,0.0,0,True,False
2009-10-02,2009Q3,14,diag3,gaussian_ar1,1.2349141061215985,1.2273512414728835,-0.602817330389513,0.6955644318540066,1.4121870876976361,1.4023086188557472,-0.17727298157603766,2009-10-28,11.0,4,True,True
2009-10-02,2009Q4,1,diag3,gaussian_ar1,2.711685320488466,2.675570558862657,-0.024559381363657096,0.7245143027927028,4.394263592305325,4.300454151697932,-1.6825782718168592,2010-01-28,11.0,0,True,False
2009-10-02,2010Q1,-12,diag3,gaussian_ar1,2.561302060544768,2.5290502701815534,-0.08306331140107703,0.8003167596382569,1.952133820572155,1.9333240882710745,0.6091682399726128,2010-04-28,11.0,0,True,False
2009-10-09,2009Q3,15,diag3,gaussian_ar1,1.0816807299253828,1.0758724113542208,-0.6633011511571647,0.694679693819933,1.4121870876976361,1.4023086188557472,-0.33050635777225335,2009-10-28,9.0,0,True,False
2009-10-09,2009Q4,2,diag3,gaussian_ar1,2.4489204535443454,2.4194151340610017,-0.12683940815174477,0.7212851422929362,4.394263592305325,4.300454151697932,-1.9453431387609799,2010-01-28,9.0,0,True,False
2009-10-09,2010Q1,-11,diag3,gaussian_ar1,2.3031192929326982,2.2769978126649986,-0.1837050687511636,0.7974054632982032,1.952133820572155,1.9333240882710745,0.3509854723605432,2010-04-28,9.0,0,True,False
2009-10-16,2009Q3,16,diag3,gaussian_ar1,0.9699940077287028,0.9653197681089871,-0.7074435983505897,0.6945424580453611,1.4121870876976361,1.4023086188557472,-0.4421930799689333,2009-10-28,7.0,0,True,False
2009-10-16,2009Q4,3,diag3,gaussian_ar1,2.2396587961353243,2.214946735206806,-0.20848137739099776,0.720861665964854,4.394263592305325,4.300454151697932,-2.154604796170001,2010-01-28,7.0,0,True,False
2009-10-16,2010Q1,-10,diag3,gaussian_ar1,2.1241300533389573,2.1018848706236115,-0.253625728900377,0.7971243512618805,1.952133820572155,1.9333240882710745,0.17199623276680231,2010-04-28,7.0,0,True,False
2009-10-23,2009Q3,17,diag3,gaussian_ar1,1.141665178896134,1.1351973626455147,-0.6396133545314485,0.694204978315487,1.4121870876976361,1.4023086188557472,-0.27052190880150206,2009-10-28,4.0,0,True,False
2009-10-23,2009Q4,4,diag3,gaussian_ar1,2.835138048207675,2.7956918436777,0.023403718532491125,0.713955031947921,4.394263592305325,4.300454151697932,-1.5591255440976504,2010-01-28,4.0,0,True,False
2009-10-23,2010Q1,-9,diag3,gaussian_ar1,2.7740485104238877,2.7362688766363323,-0.0003232146976944045,0.788140169144033,1.952133820572155,1.9333240882710745,0.8219146898517327,2010-04-28,4.0,0,True,False
2009-10-30,2009Q4,5,diag3,gaussian_ar1,2.8789339669880842,2.8382712540340886,0.04595748592722319,0.7129950163448798,4.394263592305325,4.300454151697932,-1.515329625317241,2010-01-28,10.0,0,True,False
2009-10-30,2010Q1,-8,diag3,gaussian_ar1,2.8455481290346585,2.8058144089310075,0.03295003457522956,0.7829806314715678,1.952133820572155,1.9333240882710745,0.8934143084625035,2010-04-28,10.0,0,True,False
2009-11-06,2009Q4,6,diag3,gaussian_ar1,3.087245454606191,3.04054869514666,0.12702248058463003,0.7008944843272682,4.394263592305325,4.300454151697932,-1.307018137699134,2010-01-28,11.0,7,True,True
2009-11-06,2010Q1,-7,diag3,gaussian_ar1,3.1064913047796905,3.059216430192219,0.13450378860103865,0.7685070299937581,1.952133820572155,1.9333240882710745,1.1543574842075355,2010-04-28,11.0,0,True,False
2009-11-13,2009Q4,7,diag3,gaussian_ar1,3.116513901562179,3.0689365841394927,0.1383992513054852,0.7005865288918307,4.394263592305325,4.300454151697932,-1.2777496907431463,2010-01-28,6.0,0,True,False
2009-11-13,2010Q1,-6,diag3,gaussian_ar1,3.1333390718169207,3.0852519124168256,0.14493780544360968,0.7682988398975261,1.952133820572155,1.9333240882710745,1.1812052512447657,2010-04-28,6.0,0,True,False
2009-11-20,2009Q4,8,diag3,gaussian_ar1,3.2148710273617986,3.1642755780435565,0.17660744194190098,0.6972454259909305,4.394263592305325,4.300454151697932,-1.1793925649435266,2010-01-28,7.0,0,True,False
2009-11-20,2010Q1,-5,diag3,gaussian_ar1,3.306463219132194,3.2529755645217038,0.21215497453087323,0.7574304066767799,1.952133820572155,1.9333240882710745,1.354329398560039,2010-04-28,7.0,0,True,False
2009-11-27,2009Q4,9,diag3,gaussian_ar1,3.2626526449199833,3.2105582121640253,0.19515573614154175,0.6968633574896096,4.394263592305325,4.300454151697932,-1.131610947385342,2010-01-28,4.0,0,True,False
2009-11-27,2010Q1,-4,diag3,gaussian_ar1,3.3517005637271557,3.296755441870297,0.22970026037117874,0.757134701268054,1.952133820572155,1.9333240882710745,1.3995667431550007,2010-04-28,4.0,0,True,False
2009-12-04,2009Q4,10,diag3,gaussian_ar1,3.0495226893004546,3.003948950165211,0.1123547147919409,0.6936923666136643,4.394263592305325,4.300454151697932,-1.3447409030048707,2010-01-28,9.0,4,True,True
2009-12-04,2010Q1,-3,diag3,gaussian_ar1,2.8137712186306896,2.774911933169015,0.020565514488521182,0.7433369089671268,1.952133820572155,1.9333240882710745,0.8616373980585346,2010-04-28,9.0,0,True,False
2009-12-11,2009Q4,11,diag3,gaussian_ar1,3.1428670991079377,3.0944900378164295,0.14864008970251813,0.6924987147356221,4.394263592305325,4.300454151697932,-1.2513964931973875,2010-01-28,7.0,0,True,False
2009-12-11,2010Q1,-2,diag3,gaussian_ar1,2.891748195837529,2.8507261176048697,0.050948914745339344,0.7415959947694581,1.952133820572155,1.9333240882710745,0.9396143752653741,2010-04-28,7.0,0,True,False
2009-12-18,2009Q4,12,diag3,gaussian_ar1,3.235916702596242,3.184663657487331,0.18477819762327502,0.6913252569122464,4.394263592305325,4.300454151697932,-1.1583468897090832,2010-01-28,11.0,0,True,False
2009-12-18,2010Q1,-1,diag3,gaussian_ar1,2.732291950207588,2.69563114186147,-0.011207168062888018,0.7356757444920096,1.952133820572155,1.9333240882710745,0.7801581296354332,2010-04-28,11.0,0,True,False
2009-12-25,2009Q4,13,diag3,gaussian_ar1,3.2728842269657,3.2204660296844883,0.19912640716617636,0.691029330399982,4.394263592305325,4.300454151697932,-1.1213793653396253,2010-01-28,0.0,0,True,False
2009-12-25,2010Q1,0,diag3,gaussian_ar1,2.8854336814087,2.844588882783005,0.04848934779951852,0.7309079239396398,1.952133820572155,1.9333240882710745,0.933299860836545,2010-04-28,0.0,0,True,False
2010-01-01,2009Q4,14,diag3,gaussian_ar1,3.3793983065586453,3.323551355159181,0.2404390286473447,0.6901144712209227,4.394263592305325,4.300454151697932,-1.01486528574668,2010-01-28,9.0,4,True,True
2010-01-01,2010Q1,1,diag3,gaussian_ar1,3.0823156729983703,3.0357664357463907,0.12510593551365784,0.7250378451208883,1.952133820572155,1.9333240882710745,1.1301818524262153,2010-04-28,9.0,0,True,False
2010-01-01,2010Q2,-12,diag3,gaussian_ar1,3.090547804377697,3.043752095202111,0.12830627974163125,0.8034018302117731,3.926881074055233,3.851739929043594,-0.8363332696775361,2010-07-28,9.0,0,True,False
2010-01-08,2009Q4,15,diag3,gaussian_ar1,3.2926497285336698,3.239603299343959,0.20679588654148146,0.6891905418228724,4.394263592305325,4.300454151697932,-1.1016138637716555,2010-01-28,11.0,0,True,False
2010-01-08,2010Q1,2,diag3,gaussian_ar1,3.196325423471036,3.1463060063734605,0.1694059308716598,0.7173911380532988,1.952133820572155,1.9333240882710745,1.2441916028988809,2010-04-28,11.0,0,True,False
2010-01-08,2010Q2,-11,diag3,gaussian_ar1,3.170990304382837,3.1217525841165257,0.15956586648716067,0.7968268439891304,3.926881074055233,3.851739929043594,-0.755890769672396,2010-07-28,11.0,0,True,False
2010-01-15,2009Q4,16,diag3,gaussian_ar1,3.3231451680685975,3.269122281444662,0.21862595574308777,0.6890591508879109,4.394263592305325,4.300454151697932,-1.0711184242367278,2010-01-28,6.0,0,True,False
2010-01-15,2010Q1,3,diag3,gaussian_ar1,3.2484508532721224,3.196804189809118,0.18964365460350252,0.7169866142733906,1.952133820572155,1.9333240882710745,1.2963170326999673,2010-04-28,6.0,0,True,False
2010-01-15,2010Q2,-10,diag3,gaussian_ar1,3.215381864894784,3.1647705031098616,0.1768057888145685,0.7965688902304717,3.926881074055233,3.851739929043594,-0.7114992091604488,2010-07-28,6.0,0,True,False
2010-01-22,2009Q4,17,diag3,gaussian_ar1,3.3738814403330375,3.31821468893201,0.23830029870882807,0.6886382155259655,4.394263592305325,4.300454151697932,-1.0203821519722878,2010-01-28,6.0,0,True,False
2010-01-22,2010Q1,4,diag3,gaussian_ar1,3.4183590387856233,3.3612313892060515,0.25553973262056007,0.7091944773699278,1.952133820572155,1.9333240882710745,1.4662252182134683,2010-04-28,6.0,0,True,False
2010-01-22,2010Q2,-9,diag3,gaussian_ar1,3.4082076136094708,3.3514150243660823,0.251605712302079,0.7866029294783566,3.926881074055233,3.851739929043594,-0.5186734604457621,2010-07-28,6.0,0,True,False
2010-01-29,2010Q1,5,diag3,gaussian_ar1,3.434407572410203,3.3767482555450448,0.2562224891737531,0.7081457947989648,1.952133820572155,1.9333240882710745,1.482273751838048,2010-04-28,6.0,0,True,False
2010-01-29,2010Q2,-8,diag3,gaussian_ar1,3.577113278909483,3.5146205135893394,0.3116458789537718,0.7811150368112366,3.926881074055233,3.851739929043594,-0.34976779514575007,2010-07-28,6.0,0,True,False
2010-02-05,2010Q1,6,diag3,gaussian_ar1,3.9684375385729442,3.891718188629725,0.463235703660839,0.6989598218501427,1.952133820572155,1.9333240882710745,2.0163037180007892,2010-04-28,14.0,6,True,True
2010-02-05,2010Q2,-7,diag3,gaussian_ar1,4.240310769304689,4.152872811055362,0.5682174790873323,0.7714960351923353,3.926881074055233,3.851739929043594,0.3134296952494564,2010-07-28,14.0,0,True,False
2010-02-12,2010Q1,7,diag3,gaussian_ar1,3.8883363750950473,3.8146447635640888,0.43225289000646705,0.6988176447325372,1.952133820572155,1.9333240882710745,1.9362025545228922,2010-04-28,4.0,0,True,False
2010-02-12,2010Q2,-6,diag3,gaussian_ar1,4.17440975788157,4.089632543330749,0.5427954684695916,0.7714088369517632,3.926881074055233,3.851739929043594,0.24752868382633686,2010-07-28,4.0,0,True,False
2010-02-19,2010Q1,8,diag3,gaussian_ar1,4.013670463268371,3.9352151277108485,0.4807210763030736,0.6945538846355154,1.952133820572155,1.9333240882710745,2.0615366426962156,2010-04-28,11.0,0,True,False
2010-02-19,2010Q2,-5,diag3,gaussian_ar1,4.376103361644468,4.2830568256582096,0.6205502651518298,0.7587618599768876,3.926881074055233,3.851739929043594,0.4492222875892349,2010-07-28,11.0,0,True,False
2010-02-26,2010Q1,9,diag3,gaussian_ar1,4.160752844495108,4.07652202157779,0.537525158345997,0.6941240828822544,1.952133820572155,1.9333240882710745,2.208619023922953,2010-04-28,4.0,0,True,False
2010-02-26,2010Q2,-4,diag3,gaussian_ar1,4.505589773781549,4.4070374644396715,0.67038935073606,0.7584369199934321,3.926881074055233,3.851739929043594,0.5787086997263158,2010-07-28,4.0,0,True,False
2010-03-05,2010Q1,10,diag3,gaussian_ar1,3.988592449729622,3.91110191537454,0.4710277849541046,0.6910815764725625,1.952133820572155,1.9333240882710745,2.036458629157467,2010-04-28,10.0,3,True,True
2010-03-05,2010Q2,-3,diag3,gaussian_ar1,4.226073573149813,4.139213825965838,0.5627266917066474,0.7438866821801171,3.926881074055233,3.851739929043594,0.29919249909458046,2010-07-28,10.0,0,True,False
2010-03-12,2010Q1,11,diag3,gaussian_ar1,3.9121989248424915,3.8376115473771266,0.4414853275491558,0.6905460552587803,1.952133820572155,1.9333240882710745,1.9600651042703365,2010-04-28,6.0,0,True,False
2010-03-12,2010Q2,-2,diag3,gaussian_ar1,4.158711116493374,4.074561832200404,0.5367371801011598,0.7434820264525254,3.926881074055233,3.851739929043594,0.23183004243814143,2010-07-28,6.0,0,True,False
2010-03-19,2010Q1,12,diag3,gaussian_ar1,3.9185089137376172,3.843683786617122,0.4439263123202014,0.689149540779386,1.952133820572155,1.9333240882710745,1.9663750931654622,2010-04-28,12.0,0,True,False
2010-03-19,2010Q2,-1,diag3,gaussian_ar1,4.177706626264466,4.092797251652786,0.5440676523400838,0.7365832827848539,3.926881074055233,3.851739929043594,0.25082555220923286,2010-07-28,12.0,0,True,False
2010-03-26,2010Q1,13,diag3,gaussian_ar1,3.9074467258000123,3.8330381596895173,0.43964686742656856,0.6885013499058735,1.952133820572155,1.9333240882710745,1.9553129052278573,2010-04-28,4.0,0,True,False
2010-03-26,2010Q2,0,diag3,gaussian_ar1,4.1649501761702235,4.080551607572038,0.5391450151495287,0.7307615383179522,3.926881074055233,3.851739929043594,0.23806910211499055,2010-07-28,4.0,0,True,False
2010-04-02,2010Q1,14,diag3,gaussian_ar1,3.9794298782436677,3.902290395806002,0.4674856344843236,0.6883041720681029,1.952133820572155,1.9333240882710745,2.0272960576715127,2010-04-28,8.0,3,True,True
2010-04-02,2010Q2,1,diag3,gaussian_ar1,4.745637124474733,4.636472158374566,0.7626200043235837,0.7197974063279555,3.926881074055233,3.851739929043594,0.8187560504195002,2010-07-28,8.0,0,True,False
2010-04-02,2010Q3,-12,diag3,gaussian_ar1,4.3684348702139,4.275709575762253,0.6175967377303528,0.8038057666115584,3.1201978026194954,3.0725090820010665,1.2482370675944043,2010-10-28,8.0,0,True,False
2010-04-09,2010Q1,15,diag3,gaussian_ar1,4.011638476853574,3.9332615323284212,0.4799357487840455,0.6875436801560824,1.952133820572155,1.9333240882710745,2.059504656281419,2010-04-28,8.0,0,True,False
2010-04-09,2010Q2,2,diag3,gaussian_ar1,4.8040610077393575,4.692233522193449,0.7850355638091362,0.717647453246182,3.926881074055233,3.851739929043594,0.8771799336841246,2010-07-28,8.0,0,True,False
2010-04-09,2010Q3,-11,diag3,gaussian_ar1,4.42226019764862,4.327268701622357,0.6383230358979182,0.802135571079079,3.1201978026194954,3.0725090820010665,1.3020623950291244,2010-10-28,8.0,0,True,False
2010-04-16,2010Q1,16,diag3,gaussian_ar1,4.093425380755211,4.011863087327968,0.5115328567291108,0.6873292389708127,1.952133820572155,1.9333240882710745,2.141291560183056,2010-04-28,8.0,0,True,False
2010-04-16,2010Q2,3,diag3,gaussian_ar1,5.0795303437061845,4.954730930751772,0.8905571270093178,0.7132282542148255,3.926881074055233,3.851739929043594,1.1526492696509516,2010-07-28,8.0,0,True,False
2010-04-16,2010Q3,-10,diag3,gaussian_ar1,4.718423574720787,4.610488178291076,0.7521746814092316,0.7964262035734629,3.1201978026194954,3.0725090820010665,1.5982257721012916,2010-10-28,8.0,0,True,False
2010-04-23,2010Q1,17,diag3,gaussian_ar1,4.115519162069958,4.033085788827356,0.5200641890948119,0.6868949580149945,1.952133820572155,1.9333240882710745,2.1633853414978033,2010-04-28,4.0,0,True,False
2010-04-23,2010Q2,4,diag3,gaussian_ar1,5.077596780713511,4.952890819003781,0.8898174188759025,0.7084001508317695,3.926881074055233,3.851739929043594,1.1507157066582785,2010-07-28,4.0,0,True,False
2010-04-23,2010Q3,-9,diag3,gaussian_ar1,4.709405688085155,4.601876250570724,0.7487127650413348,0.7904897974953041,3.1201978026194954,3.0725090820010665,1.58920788546566,2010-10-28,4.0,0,True,False
2010-04-30,2010Q2,5,diag3,gaussian_ar1,5.090642739653184,4.9653055958380055,0.9020667518968324,0.7072461829209984,3.926881074055233,3.851739929043594,1.163761665597951,2010-07-28,10.0,0,True,False
2010-04-30,2010Q3,-8,diag3,gaussian_ar1,4.360904495853424,4.268494131698069,0.6206914326082292,0.7847349258450496,3.1201978026194954,3.0725090820010665,1.2407066932339283,2010-10-28,10.0,0,True,False
2010-05-07,2010Q2,6,diag3,gaussian_ar1,5.312178403334289,5.175888081704165,0.9871008210052002,0.700743811103368,3.926881074055233,3.851739929043594,1.385297329279056,2010-07-28,13.0,3,True,True
2010-05-07,2010Q3,-7,diag3,gaussian_ar1,4.643160884456066,4.538590849369708,0.7297575919422536,0.773964914325714,3.1201978026194954,3.0725090820010665,1.5229630818365703,2010-10-28,13.0,0,True,False
2010-05-14,2010Q2,7,diag3,gaussian_ar1,5.303154321929582,5.167318827705938,0.9836405211911148,0.7003422655450432,3.926881074055233,3.851739929043594,1.376273247874349,2010-07-28,6.0,0,True,False
2010-05-14,2010Q3,-6,diag3,gaussian_ar1,4.628570258426934,4.524646657315586,0.7241268701568522,0.7736910795445184,3.1201978026194954,3.0725090820010665,1.5083724558074385,2010-10-28,6.0,0,True,False
2010-05-21,2010Q2,8,diag3,gaussian_ar1,5.228755283738296,5.0966416164198565,0.9551007741928427,0.6963832530431397,3.926881074055233,3.851739929043594,1.3018742096830627,2010-07-28,6.0,0,True,False
2010-05-21,2010Q3,-5,diag3,gaussian_ar1,4.5351657820621005,4.4353343469296425,0.6880621939215587,0.7609024586348063,3.1201978026194954,3.0725090820010665,1.414967979442605,2010-10-28,6.0,0,True,False
2010-05-28,2010Q2,9,diag3,gaussian_ar1,5.271633077760507,5.137380538517794,0.9715513175646129,0.6959535531953704,3.926881074055233,3.851739929043594,1.344752003705274,2010-07-28,4.0,0,True,False
2010-05-28,2010Q3,-4,diag3,gaussian_ar1,4.574967740811164,4.4734022861147915,0.7034341834684031,0.7605712336305731,3.1201978026194954,3.0725090820010665,1.454769938191669,2010-10-28,4.0,0,True,False
2010-06-04,2010Q2,10,diag3,gaussian_ar1,5.229252608887935,5.097114228656956,0.9552916169472422,0.6941915294443047,3.926881074055233,3.851739929043594,1.3023715348327025,2010-07-28,12.0,3,True,True
2010-06-04,2010Q3,-3,diag3,gaussian_ar1,4.645489107892242,4.540815741580879,0.7306560125172847,0.7469283070554661,3.1201978026194954,3.0725090820010665,1.5252913052727468,2010-10-28,12.0,0,True,False
2010-06-11,2010Q2,11,diag3,gaussian_ar1,5.152735294285793,5.024372908224784,0.9259183742332464,0.6935850584623284,3.926881074055233,3.851739929043594,1.22585422023056,2010-07-28,5.0,0,True,False
2010-06-11,2010Q3,-2,diag3,gaussian_ar1,4.564875569755444,4.46375116378077,0.699537020795311,0.746317669669078,3.1201978026194954,3.0725090820010665,1.444677767135949,2010-10-28,5.0,0,True,False
2010-06-18,2010Q2,12,diag3,gaussian_ar1,5.214968334662329,5.08353887440537,0.9498098333751097,0.692179856550276,3.926881074055233,3.851739929043594,1.2880872606070959,2010-07-28,11.0,0,True,False
2010-06-18,2010Q3,-1,diag3,gaussian_ar1,4.6578443409882375,4.552621796369184,0.7354233457294306,0.7392765603585153,3.1201978026194954,3.0725090820010665,1.537646538368742,2010-10-28,11.0,0,True,False
2010-06-25,2010Q2,13,diag3,gaussian_ar1,5.1715078865294695,5.042224005187874,0.9331267202007472,0.6918282061856772,3.926881074055233,3.851739929043594,1.2446268124742366,2010-07-28,0.0,0,True,False
2010-06-25,2010Q3,0,diag3,gaussian_ar1,4.484545412756358,4.386898369283298,0.6685035480371694,0.7339255926788936,3.1201978026194954,3.0725090820010665,1.3643476101368623,2010-10-28,0.0,0,True,False
2010-07-02,2010Q2,14,diag3,gaussian_ar1,5.14216899752491,5.014323880355704,0.9218605356776017,0.6921120870555129,3.926881074055233,3.851739929043594,1.2152879234696767,2010-07-28,11.0,4,True,True
2010-07-02,2010Q3,1,diag3,gaussian_ar1,3.986711872331572,3.9092934531590653,0.475644729426696,0.7230034500618323,3.1201978026194954,3.0725090820010665,0.8665140697120766,2010-10-28,11.0,0,True,False
2010-07-02,2010Q4,-12,diag3,gaussian_ar1,4.185807858043122,4.100573307650678,0.5528843170352122,0.8057589327040985,2.117043484228409,2.094945457780796,2.0687643738147132,2011-01-28,11.0,0,True,False
2010-07-09,2010Q2,15,diag3,gaussian_ar1,5.04776537543965,4.924496906752376,0.8855880363300743,0.6913569628198191,3.926881074055233,3.851739929043594,1.1208843013844172,2010-07-28,9.0,0,True,False
2010-07-09,2010Q3,2,diag3,gaussian_ar1,3.8255576037895977,3.7541974126291624,0.4130163138934299,0.7209184137698608,3.1201978026194954,3.0725090820010665,0.7053598011701023,2010-10-28,9.0,0,True,False
2010-07-09,2010Q4,-11,diag3,gaussian_ar1,4.035265073572325,3.955974292208167,0.4944946431667246,0.8041452197538971,2.117043484228409,2.094945457780796,1.9182215893439158,2011-01-28,9.0,0,True,False
2010-07-16,2010Q2,16,diag3,gaussian_ar1,4.986248507372548,4.86591889961065,0.8619339974529481,0.6912186072906809,3.926881074055233,3.851739929043594,1.0593674333173153,2010-07-28,8.0,0,True,False
2010-07-16,2010Q3,3,diag3,gaussian_ar1,3.713822713679682,3.6465215578255847,0.3695363633124998,0.720510192849548,3.1201978026194954,3.0725090820010665,0.5936249110601866,2010-10-28,8.0,0,True,False
2010-07-16,2010Q4,-10,diag3,gaussian_ar1,3.9437566693534043,3.8679765611321226,0.4589607994336054,0.8038740146112066,2.117043484228409,2.094945457780796,1.8267131851249951,2011-01-28,8.0,0,True,False
2010-07-23,2010Q2,17,diag3,gaussian_ar1,4.953236542297823,4.834469870059106,0.849234750688539,0.690725623511036,3.926881074055233,3.851739929043594,1.0263554682425902,2010-07-28,4.0,0,True,False
2010-07-23,2010Q3,4,diag3,gaussian_ar1,3.351377167434366,3.2964425328450973,0.2281730211468984,0.7118186115694066,3.1201978026194954,3.0725090820010665,0.23117936481487078,2010-10-28,4.0,0,True,False
2010-07-23,2010Q4,-9,diag3,gaussian_ar1,3.4837374069940585,3.424428786919732,0.27985439402622075,0.7926461909742359,2.117043484228409,2.094945457780796,1.3666939227656494,2011-01-28,4.0,0,True,False
2010-07-30,2010Q3,5,diag3,gaussian_ar1,3.3979558282185796,3.3415006337805453,0.24289297933622103,0.7105292709016904,3.1201978026194954,3.0725090820010665,0.27775802559908414,2010-10-28,10.0,0,True,False
2010-07-30,2010Q4,-8,diag3,gaussian_ar1,3.357902666949575,3.3027562305393694,0.22718570805679875,0.7866272167604994,2.117043484228409,2.094945457780796,1.2408591827211657,2011-01-28,10.0,0,True,False
2010-08-06,2010Q3,6,diag3,gaussian_ar1,3.6862383428908574,3.6199214008044622,0.35576684373018364,0.7024046009300464,3.1201978026194954,3.0725090820010665,0.566040540271362,2010-10-28,11.0,4,True,True
2010-08-06,2010Q4,-7,diag3,gaussian_ar1,3.7686681990567017,3.6993891385194297,0.3879836598334297,0.7738199898931476,2.117043484228409,2.094945457780796,1.6516247148282925,2011-01-28,11.0,0,True,False
2010-08-13,2010Q3,7,diag3,gaussian_ar1,3.729012774439755,3.6611666148616253,0.37248796244611726,0.702114581134399,3.1201978026194954,3.0725090820010665,0.6088149718202596,2010-10-28,6.0,0,True,False
2010-08-13,2010Q4,-6,diag3,gaussian_ar1,3.8021334494309222,3.731633799520302,0.4010558869239077,0.7736336237875375,2.117043484228409,2.094945457780796,1.685089965202513,2011-01-28,6.0,0,True,False
2010-08-20,2010Q3,8,diag3,gaussian_ar1,3.661718050867102,3.5962700539915637,0.3461784105776222,0.6981334508739707,3.1201978026194954,3.0725090820010665,0.5415202482476067,2010-10-28,8.0,0,True,False
2010-08-20,2010Q4,-5,diag3,gaussian_ar1,3.6327793136357256,3.568349643380306,0.3348592669848308,0.7610773641469036,2.117043484228409,2.094945457780796,1.5157358294073164,2011-01-28,8.0,0,True,False
2010-08-27,2010Q3,9,diag3,gaussian_ar1,3.6635709751143164,3.598057510076611,0.346903058663002,0.6977132007490567,3.1201978026194954,3.0725090820010665,0.543373172494821,2010-10-28,4.0,0,True,False
2010-08-27,2010Q4,-4,diag3,gaussian_ar1,3.6310982892738153,3.5667275330720467,0.33420165131584306,0.7607612794003661,2.117043484228409,2.094945457780796,1.5140548050454061,2011-01-28,4.0,0,True,False
2010-09-03,2010Q3,10,diag3,gaussian_ar1,3.7128076080377603,3.645542796670022,0.366153949524863,0.696576655224807,3.1201978026194954,3.0725090820010665,0.5926098054182649,2010-10-28,9.0,13,True,True
2010-09-03,2010Q4,-3,diag3,gaussian_ar1,3.9540119412397656,3.877842248448743,0.4603298872580238,0.7484011910194447,2.117043484228409,2.094945457780796,1.8369684570113565,2011-01-28,9.0,0,True,False
2010-09-10,2010Q3,11,diag3,gaussian_ar1,3.712846847166662,3.645580631072906,0.36616928787518166,0.6955554578617041,3.1201978026194954,3.0725090820010665,0.5926490445471666,2010-10-28,7.0,0,True,False
2010-09-10,2010Q4,-2,diag3,gaussian_ar1,3.9559283614769347,3.879685758416986,0.4610772600075087,0.747407282483167,2.117043484228409,2.094945457780796,1.8388848772485256,2011-01-28,7.0,0,True,False
2010-09-17,2010Q3,12,diag3,gaussian_ar1,3.770242297509574,3.700906057394205,0.38859863010737244,0.6941557899946704,3.1201978026194954,3.0725090820010665,0.6500444948900785,2010-10-28,10.0,0,True,False
2010-09-17,2010Q4,-1,diag3,gaussian_ar1,3.9557052618257815,3.8794711483470774,0.4609902554776838,0.7404327412322044,2.117043484228409,2.094945457780796,1.8386617775973724,2011-01-28,10.0,0,True,False
2010-09-24,2010Q3,13,diag3,gaussian_ar1,3.7406125488886444,3.672348757252736,0.37702128672856833,0.6938077898937505,3.1201978026194954,3.0725090820010665,0.6204147462691489,2010-10-28,2.0,0,True,False
2010-09-24,2010Q4,0,diag3,gaussian_ar1,3.85564266484022,3.7831697618087308,0.42194895205312216,0.7351370622716069,2.117043484228409,2.094945457780796,1.7385991806118106,2011-01-28,2.0,0,True,False
2010-10-01,2010Q3,14,diag3,gaussian_ar1,3.7351369017448954,3.6670704081834886,0.3748814044797164,0.6935016114169511,3.1201978026194954,3.0725090820010665,0.6149390991254,2010-10-28,11.0,6,True,True
2010-10-01,2010Q4,1,diag3,gaussian_ar1,3.684877327354985,3.6186087632835555,0.3552346906472186,0.7239741545276595,2.117043484228409,2.094945457780796,1.567833843126576,2011-01-28,11.0,0,True,False
2010-10-01,2011Q1,-13,diag3,gaussian_ar1,3.4451714486964713,3.3871541896125064,0.2614012728272605,0.8055086833360293,-0.9454489541211974,-0.9499466944201232,4.390620402817669,2011-04-28,11.0,0,True,False
2010-10-08,2010Q3,15,diag3,gaussian_ar1,3.7522286654188663,3.683545400447159,0.38156048974529716,0.6927591560813958,3.1201978026194954,3.0725090820010665,0.6320308627993709,2010-10-28,9.0,0,True,False
2010-10-08,2010Q4,2,diag3,gaussian_ar1,3.729217526548312,3.6613640060263504,0.37256798630280685,0.7219176972131235,2.117043484228409,2.094945457780796,1.6121740423199027,2011-01-28,9.0,0,True,False
2010-10-08,2011Q1,-12,diag3,gaussian_ar1,3.4842577941697206,3.4249316542110337,0.27671653993833634,0.8039261764207352,-0.9454489541211974,-0.9499466944201232,4.4297067482909185,2011-04-28,9.0,0,True,False
2010-10-15,2010Q3,16,diag3,gaussian_ar1,3.7705600542254025,3.701212268714787,0.388722770470337,0.692628955121456,3.1201978026194954,3.0725090820010665,0.6503622516059071,2010-10-28,6.0,0,True,False
2010-10-15,2010Q4,3,diag3,gaussian_ar1,3.763045660427,3.6939706523261595,0.38578696494483616,0.7215301703891432,2.117043484228409,2.094945457780796,1.646002176198591,2011-01-28,6.0,0,True,False
2010-10-15,2011Q1,-11,diag3,gaussian_ar1,3.512606278245145,3.452321909014837,0.2878207543957837,0.8036717907037239,-0.9454489541211974,-0.9499466944201232,4.458055232366343,2011-04-28,6.0,0,True,False
2010-10-22,2010Q3,17,diag3,gaussian_ar1,3.7705652028303227,3.7012172302422046,0.38872478191071524,0.6921201324787501,3.1201978026194954,3.0725090820010665,0.6503674002108273,2010-10-28,6.0,0,True,False
2010-10-22,2010Q4,4,diag3,gaussian_ar1,3.674939230882668,3.6090233994026724,0.3513487123330916,0.7128960716955088,2.117043484228409,2.094945457780796,1.5578957466542587,2011-01-28,6.0,0,True,False
2010-10-22,2011Q1,-10,diag3,gaussian_ar1,3.3988509511330367,3.3423663366203615,0.2432439417518173,0.7925914634378508,-0.9454489541211974,-0.9499466944201232,4.344299905254234,2011-04-28,6.0,0,True,False
2010-10-29,2010Q4,5,diag3,gaussian_ar1,3.845714865361871,3.773610075147113,0.4187953269729039,0.7117864116479542,2.117043484228409,2.094945457780796,1.728671381133462,2011-01-28,6.0,0,True,False
2010-10-29,2011Q1,-9,diag3,gaussian_ar1,3.4263344472411417,3.3689428835886894,0.2539445394480932,0.7869176623906429,-0.9454489541211974,-0.9499466944201232,4.37178340136234,2011-04-28,6.0,0,True,False
2010-11-05,2010Q4,6,diag3,gaussian_ar1,4.3506124000073365,4.258631622903643,0.6163803691559516,0.7042105857587985,2.117043484228409,2.094945457780796,2.2335689157789274,2011-01-28,14.0,4,True,True
2010-11-05,2011Q1,-8,diag3,gaussian_ar1,4.08746386973462,4.006135845943161,0.5135202200088843,0.7758726808127338,-0.9454489541211974,-0.9499466944201232,5.032912823855817,2011-04-28,14.0,0,True,False
2010-11-12,2010Q4,7,diag3,gaussian_ar1,4.396199870780437,4.302308909279342,0.6341733486862458,0.7040743673971731,2.117043484228409,2.094945457780796,2.279156386552028,2011-01-28,4.0,0,True,False
2010-11-12,2011Q1,-7,diag3,gaussian_ar1,4.1253957087245,4.042571481557889,0.5283631411805351,0.7757878628684707,-0.9454489541211974,-0.9499466944201232,5.070844662845698,2011-04-28,4.0,0,True,False
2010-11-19,2010Q4,8,diag3,gaussian_ar1,4.1607215507258655,4.076491977849127,0.5421814606378352,0.699797388151361,2.117043484228409,2.094945457780796,2.0436780664974563,2011-01-28,11.0,0,True,False
2010-11-19,2011Q1,-6,diag3,gaussian_ar1,3.7419725789394676,3.673659739617849,0.37807818491373746,0.7630709743828792,-0.9454489541211974,-0.9499466944201232,4.687421533060665,2011-04-28,11.0,0,True,False
2010-11-26,2010Q4,9,diag3,gaussian_ar1,4.105987473137573,4.023930453153286,0.5207692757106487,0.6993599422487775,2.117043484228409,2.094945457780796,1.9889439889091642,2011-01-28,4.0,0,True,False
2010-11-26,2011Q1,-5,diag3,gaussian_ar1,3.6958850352195816,3.6292247025341666,0.35997651764308686,0.7627364123271497,-0.9454489541211974,-0.9499466944201232,4.6413339893407795,2011-04-28,4.0,0,True,False
2010-12-03,2010Q4,10,diag3,gaussian_ar1,4.2013233319094345,4.115464317288721,0.5580577683354261,0.6972789209288103,2.117043484228409,2.094945457780796,2.0842798476810254,2011-01-28,9.0,4,True,True
2010-12-03,2011Q1,-4,diag3,gaussian_ar1,3.9938719017802438,3.9161787395849115,0.4768740570978253,0.749015821951447,-0.9454489541211974,-0.9499466944201232,4.939320855901441,2011-04-28,9.0,0,True,False
2010-12-10,2010Q4,11,diag3,gaussian_ar1,4.218361372359025,4.131814059408074,0.5647182239404954,0.6962500483754175,2.117043484228409,2.094945457780796,2.101317888130616,2011-01-28,7.0,0,True,False
2010-12-10,2011Q1,-3,diag3,gaussian_ar1,4.000356622023249,3.9224142205318033,0.47941422829562486,0.7480594920841923,-0.9454489541211974,-0.9499466944201232,4.945805576144446,2011-04-28,7.0,0,True,False
2010-12-17,2010Q4,12,diag3,gaussian_ar1,4.2508436605921185,4.162976732562421,0.5774130786705967,0.6948706145345642,2.117043484228409,2.094945457780796,2.1338001763637093,2011-01-28,10.0,0,True,False
2010-12-17,2011Q1,-2,diag3,gaussian_ar1,4.173903172381643,4.0891462562158605,0.5473364813507343,0.7415102991406405,-0.9454489541211974,-0.9499466944201232,5.119352126502841,2011-04-28,10.0,0,True,False
2010-12-24,2010Q4,13,diag3,gaussian_ar1,4.218840122941692,4.132273430939868,0.5649053598397293,0.6945119111845898,2.117043484228409,2.094945457780796,2.1017966387132825,2011-01-28,2.0,0,True,False
2010-12-24,2011Q1,-1,diag3,gaussian_ar1,4.075440214723902,3.994583686756135,0.5088141737088141,0.7361547082422316,-0.9454489541211974,-0.9499466944201232,5.0208891688451,2011-04-28,2.0,0,True,False
2010-12-31,2010Q4,14,diag3,gaussian_ar1,4.208678737513383,4.122522909039572,0.5609332532603654,0.6941761301655334,2.117043484228409,2.094945457780796,2.0916352532849736,2011-01-28,8.0,0,True,False
2010-12-31,2011Q1,0,diag3,gaussian_ar1,4.07695440967919,3.9960385774942715,0.5094068579909786,0.7356935859686216,-0.9454489541211974,-0.9499466944201232,5.022403363800388,2011-04-28,8.0,0,True,False
2011-01-07,2010Q4,15,diag3,gaussian_ar1,4.154916723409197,4.070918870264649,0.5399111229543588,0.6928731627536201,2.117043484228409,2.094945457780796,2.0378732391807874,2011-01-28,12.0,3,True,True
2011-01-07,2011Q1,1,diag3,gaussian_ar1,4.072520197298735,3.991777973532159,0.5076711998177011,0.722167589112129,-0.9454489541211974,-0.9499466944201232,5.017969151419932,2011-04-28,12.0,0,True,False
2011-01-07,2011Q2,-11,diag3,gaussian_ar1,4.058244744685524,3.978060200823643,0.5020829394366797,0.8044673424305153,2.7339190839842376,2.6972149874665394,1.3243256607012865,2011-07-28,12.0,0,True,False
2011-01-14,2010Q4,16,diag3,gaussian_ar1,4.150474013228922,4.066653296373126,0.538173440162347,0.6927433513536074,2.117043484228409,2.094945457780796,2.033430529000513,2011-01-28,6.0,0,True,False
2011-01-14,2011Q1,2,diag3,gaussian_ar1,4.067501550113306,3.986955597571716,0.5057066904840977,0.7217726437049481,-0.9454489541211974,-0.9499466944201232,5.012950504234503,2011-04-28,6.0,0,True,False
2011-01-14,2011Q2,-10,diag3,gaussian_ar1,4.051648682756004,3.9717211826990497,0.4995005899115086,0.8042054070428278,2.7339190839842376,2.6972149874665394,1.3177295987717663,2011-07-28,6.0,0,True,False
2011-01-21,2010Q4,17,diag3,gaussian_ar1,4.228622640470281,4.1416595058827586,0.5687290002988022,0.6922257582825023,2.117043484228409,2.094945457780796,2.1115791562418718,2011-01-28,6.0,0,True,False
2011-01-21,2011Q1,3,diag3,gaussian_ar1,4.1492390185125405,4.065467510086218,0.5376903819670926,0.7133637367719786,-0.9454489541211974,-0.9499466944201232,5.0946879726337375,2011-04-28,6.0,0,True,False
2011-01-21,2011Q2,-9,diag3,gaussian_ar1,4.101353040845868,4.019478705889194,0.5189557507754528,0.7933748774317629,2.7339190839842376,2.6972149874665394,1.36743395686163,2011-07-28,6.0,0,True,False
2011-01-28,2011Q1,4,diag3,gaussian_ar1,4.131268246310782,4.048211193129487,0.5356339011255086,0.7122096010803189,-0.9454489541211974,-0.9499466944201232,5.076717200431979,2011-04-28,6.0,0,True,False
2011-01-28,2011Q2,-8,diag3,gaussian_ar1,3.7438511352329673,3.675470519997849,0.3830986313042063,0.7875534071740278,2.7339190839842376,2.6972149874665394,1.0099320512487298,2011-07-28,6.0,0,True,False
2011-02-04,2011Q1,5,diag3,gaussian_ar1,4.8718097006196,4.75685583186509,0.8256298928931682,0.706086116443416,-0.9454489541211974,-0.9499466944201232,5.817258654740797,2011-04-28,13.0,3,True,True
2011-02-04,2011Q2,-7,diag3,gaussian_ar1,4.754515018931493,4.644947469128507,0.77983405268644,0.7779676539536847,2.7339190839842376,2.6972149874665394,2.0205959349472558,2011-07-28,13.0,0,True,False
2011-02-11,2011Q1,6,diag3,gaussian_ar1,4.805066187039264,4.693192620982105,0.7995772355103847,0.7053928834107706,-0.9454489541211974,-0.9499466944201232,5.750515141160461,2011-04-28,5.0,0,True,False
2011-02-11,2011Q2,-6,diag3,gaussian_ar1,4.700475957850525,4.593347779832046,0.7587181050668695,0.777539374553546,2.7339190839842376,2.6972149874665394,1.9665568738662875,2011-07-28,5.0,0,True,False
2011-02-18,2011Q1,7,diag3,gaussian_ar1,4.817280388432144,4.7048461508716874,0.8043461659068011,0.7011411076522326,-0.9454489541211974,-0.9499466944201232,5.762729342553341,2011-04-28,11.0,0,True,False
2011-02-18,2011Q2,-5,diag3,gaussian_ar1,4.813843406408291,4.70156707478608,0.8030042818798169,0.7649852885703299,2.7339190839842376,2.6972149874665394,2.079924322424054,2011-07-28,11.0,0,True,False
2011-02-25,2011Q1,8,diag3,gaussian_ar1,4.817280388432144,4.7048461508716874,0.8043461659068011,0.7011411076522326,-0.9454489541211974,-0.9499466944201232,5.762729342553341,2011-04-28,0.0,0,True,False
2011-02-25,2011Q2,-4,diag3,gaussian_ar1,4.813843406408291,4.70156707478608,0.8030042818798169,0.7649852885703299,2.7339190839842376,2.6972149874665394,2.079924322424054,2011-07-28,0.0,0,True,False
2011-03-04,2011Q1,9,diag3,gaussian_ar1,4.990751894321455,4.870208309346941,0.8720167027691621,0.6993545807068646,-0.9454489541211974,-0.9499466944201232,5.9362008484426525,2011-04-28,12.0,3,True,True
2011-03-04,2011Q2,-3,diag3,gaussian_ar1,5.17446866447373,5.045039155725085,0.9435620753235516,0.7515974346481022,2.7339190839842376,2.6972149874665394,2.4405495804894928,2011-07-28,12.0,0,True,False
2011-03-11,2011Q1,10,diag3,gaussian_ar1,5.003149357164771,4.882015759738444,0.8768486214761754,0.6983138885333181,-0.9454489541211974,-0.9499466944201232,5.948598311285968,2011-04-28,8.0,0,True,False
2011-03-11,2011Q2,-2,diag3,gaussian_ar1,5.183517471922472,5.053642401668377,0.9470827494433716,0.7507458234000955,2.7339190839842376,2.6972149874665394,2.4495983879382344,2011-07-28,8.0,0,True,False
2011-03-18,2011Q1,11,diag3,gaussian_ar1,4.666187634343144,4.560593449963459,0.7453141733136095,0.6969332459821693,-0.9454489541211974,-0.9499466944201232,5.611636588464341,2011-04-28,12.0,0,True,False
2011-03-18,2011Q2,-1,diag3,gaussian_ar1,4.686915189896301,4.580394976992447,0.7534174780666534,0.744279047016812,2.7339190839842376,2.6972149874665394,1.9529961059120637,2011-07-28,12.0,0,True,False
2011-03-25,2011Q1,12,diag3,gaussian_ar1,4.738847228797383,4.62998967763075,0.7737129316859543,0.6965586632320391,-0.9454489541211974,-0.9499466944201232,5.68429618291858,2011-04-28,0.0,0,True,False
2011-03-25,2011Q2,0,diag3,gaussian_ar1,4.98187946377544,4.861757274091612,0.8685583172591763,0.7387173087730028,2.7339190839842376,2.6972149874665394,2.247960379791203,2011-07-28,0.0,0,True,False
2011-04-01,2011Q1,13,diag3,gaussian_ar1,4.695891905308658,4.588969430207963,0.7569263694463098,0.6970094586962892,-0.9454489541211974,-0.9499466944201232,5.641340859429855,2011-04-28,11.0,5,True,True
2011-04-01,2011Q2,1,diag3,gaussian_ar1,4.989834360715917,4.869334387026875,0.8716590708107976,0.7271094128186487,2.7339190839842376,2.6972149874665394,2.2559152767316792,2011-07-28,11.0,0,True,False
2011-04-01,2011Q3,-12,diag3,gaussian_ar1,4.946872353322829,4.828405853217554,0.8549100401897409,0.8086098762595658,-0.08922107662069356,-0.0892609023136356,5.036093429943522,2011-10-28,11.0,0,True,False
2011-04-08,2011Q1,14,diag3,gaussian_ar1,4.536522059688264,4.436631775233005,0.6945858013770362,0.6962419871743335,-0.9454489541211974,-0.9499466944201232,5.481971013809462,2011-04-28,9.0,0,True,False
2011-04-08,2011Q2,2,diag3,gaussian_ar1,4.738007568079805,4.629188003652597,0.773384865645995,0.7250901118827283,2.7339190839842376,2.6972149874665394,2.0040884840955675,2011-07-28,9.0,0,True,False
2011-04-08,2011Q3,-11,diag3,gaussian_ar1,4.715489816551721,4.60768657073694,0.7645859147727794,0.8070948212350255,-0.08922107662069356,-0.0892609023136356,4.804710893172414,2011-10-28,9.0,0,True,False
2011-04-15,2011Q1,15,diag3,gaussian_ar1,4.539424565527361,4.439408283852143,0.6957220216017388,0.6961091208711667,-0.9454489541211974,-0.9499466944201232,5.484873519648559,2011-04-28,6.0,0,True,False
2011-04-15,2011Q2,3,diag3,gaussian_ar1,4.75548494651723,4.645873370122173,0.7802129556827511,0.7246850764462761,2.7339190839842376,2.6972149874665394,2.0215658625329924,2011-07-28,6.0,0,True,False
2011-04-15,2011Q3,-10,diag3,gaussian_ar1,4.720927252036078,4.612879015834761,0.7667107996354215,0.806820372549012,-0.08922107662069356,-0.0892609023136356,4.810148328656771,2011-10-28,6.0,0,True,False
2011-04-22,2011Q1,16,diag3,gaussian_ar1,4.558574563182671,4.457725051863922,0.7032177239823163,0.6956077448229874,-0.9454489541211974,-0.9499466944201232,5.504023517303869,2011-04-28,6.0,0,True,False
2011-04-22,2011Q2,4,diag3,gaussian_ar1,4.556138137409116,4.4553948229267055,0.7022641331206123,0.7164790960120659,2.7339190839842376,2.6972149874665394,1.8222190534248783,2011-07-28,6.0,0,True,False
2011-04-22,2011Q3,-9,diag3,gaussian_ar1,4.443131923763488,4.347254517340652,0.658010280830923,0.7960539402018492,-0.08922107662069356,-0.0892609023136356,4.532353000384182,2011-10-28,6.0,0,True,False
2011-04-29,2011Q2,5,diag3,gaussian_ar1,4.783665358362854,4.672770884953663,0.8007715279630419,0.7153981345315151,2.7339190839842376,2.6972149874665394,2.0497462743786166,2011-07-28,6.0,0,True,False
2011-04-29,2011Q3,-8,diag3,gaussian_ar1,3.7304345117403326,3.662537231933247,0.38983455014793233,0.7903534424178003,-0.08922107662069356,-0.0892609023136356,3.819655588361026,2011-10-28,6.0,0,True,False
2011-05-06,2011Q2,6,diag3,gaussian_ar1,4.825275978626031,4.712473982106253,0.8169217232223314,0.722045346624983,2.7339190839842376,2.6972149874665394,2.0913568946417938,2011-07-28,14.0,4,True,True
2011-05-06,2011Q3,-7,diag3,gaussian_ar1,3.824399033613868,3.7530815249164924,0.4266656317553361,0.7867491896394725,-0.08922107662069356,-0.0892609023136356,3.9136201102345614,2011-10-28,14.0,0,True,False
2011-05-13,2011Q2,7,diag3,gaussian_ar1,4.839548810088035,4.726088885319941,0.8224599144745732,0.7218985658158842,2.7339190839842376,2.6972149874665394,2.105629726103797,2011-07-28,6.0,0,True,False
2011-05-13,2011Q3,-6,diag3,gaussian_ar1,3.8334776398482706,3.761825336021202,0.4302223884513863,0.7866606920678605,-0.08922107662069356,-0.0892609023136356,3.922698716468964,2011-10-28,6.0,0,True,False
2011-05-20,2011Q2,8,diag3,gaussian_ar1,4.507871590645318,4.409220880616766,0.693566187929517,0.7181293745945126,2.7339190839842376,2.6972149874665394,1.7739525066610806,2011-07-28,9.0,0,True,False
2011-05-20,2011Q3,-5,diag3,gaussian_ar1,3.2892779779321923,3.2363389764293635,0.2164680991856236,0.7753794437100907,-0.08922107662069356,-0.0892609023136356,3.378499054552886,2011-10-28,9.0,0,True,False
2011-05-27,2011Q2,9,diag3,gaussian_ar1,4.4162671462622205,4.321529289968512,0.6578955120090972,0.717719852746561,2.7339190839842376,2.6972149874665394,1.682348062277983,2011-07-28,4.0,0,True,False
2011-05-27,2011Q3,-4,diag3,gaussian_ar1,3.210211139071517,3.1597607310664686,0.18531804531271434,0.7750568858209944,-0.08922107662069356,-0.0892609023136356,3.2994322156922107,2011-10-28,4.0,0,True,False
2011-06-03,2011Q2,10,diag3,gaussian_ar1,4.180057281069982,4.095053615669672,0.565771052616213,0.7180777573353802,2.7339190839842376,2.6972149874665394,1.4461381970857445,2011-07-28,9.0,2,True,True
2011-06-03,2011Q3,-3,diag3,gaussian_ar1,2.5546346907446393,2.5225491958056887,-0.07388316199818401,0.7649135467909354,-0.08922107662069356,-0.0892609023136356,2.643855767365333,2011-10-28,9.0,0,True,False
2011-06-10,2011Q2,11,diag3,gaussian_ar1,4.090617886707526,4.009165960301523,0.5308341710115576,0.7171480891147181,2.7339190839842376,2.6972149874665394,1.3566988027232885,2011-07-28,7.0,0,True,False
2011-06-10,2011Q3,-2,diag3,gaussian_ar1,2.4663742140528244,2.436450231981824,-0.10890599842915016,0.7641000014873024,-0.08922107662069356,-0.0892609023136356,2.555595290673518,2011-10-28,7.0,0,True,False
2011-06-17,2011Q2,12,diag3,gaussian_ar1,3.9534881489316165,3.8773383779217983,0.47721011272184444,0.715918743916282,2.7339190839842376,2.6972149874665394,1.219569064947379,2011-07-28,10.0,0,True,False
2011-06-17,2011Q3,-1,diag3,gaussian_ar1,2.025210077916695,2.004975438439952,-0.28441880888777393,0.7581585964065567,-0.08922107662069356,-0.0892609023136356,2.1144311545373884,2011-10-28,10.0,0,True,False
2011-06-24,2011Q2,13,diag3,gaussian_ar1,3.9282673155495385,3.853073782455521,0.46733990150980853,0.715584069433625,2.7339190839842376,2.6972149874665394,1.194348231565301,2011-07-28,2.0,0,True,False
2011-06-24,2011Q3,0,diag3,gaussian_ar1,1.9149025420623245,1.8967990280278895,-0.3284221808133787,0.7532035920494858,-0.08922107662069356,-0.0892609023136356,2.004123618683018,2011-10-28,2.0,0,True,False
2011-07-01,2011Q2,14,diag3,gaussian_ar1,3.973771232330736,3.8968481656464067,0.485146190857229,0.7172021864477942,2.7339190839842376,2.6972149874665394,1.2398521483464986,2011-07-28,11.0,4,True,True
2011-07-01,2011Q3,1,diag3,gaussian_ar1,2.6109578455642435,2.5774542659377975,-0.05154919646520317,0.7451515968430098,-0.08922107662069356,-0.0892609023136356,2.700178922184937,2011-10-28,11.0,0,True,False
2011-07-01,2011Q4,-13,diag3,gaussian_ar1,3.325477098589724,3.271379185454603,0.23072155189509358,0.8200497150918061,4.568438742179692,4.467158724585995,-1.2429616435899682,2012-01-28,11.0,0,True,False
2011-07-08,2011Q2,15,diag3,gaussian_ar1,4.091837090224937,4.010337243940736,0.531310618967358,0.7164789480638664,2.7339190839842376,2.6972149874665394,1.3579180062406992,2011-07-28,9.0,0,True,False
2011-07-08,2011Q3,2,diag3,gaussian_ar1,2.728239555007894,2.6916864473057527,-0.005082493202818061,0.7432236685754878,-0.08922107662069356,-0.0892609023136356,2.8174606316285877,2011-10-28,9.0,0,True,False
2011-07-08,2011Q4,-12,diag3,gaussian_ar1,3.4202617832671978,3.3630712240241993,0.2680195067858668,0.8186306845779256,4.568438742179692,4.467158724585995,-1.1481769589124946,2012-01-28,9.0,0,True,False
2011-07-15,2011Q2,16,diag3,gaussian_ar1,4.148456478357265,4.064716143007076,0.5534305516902716,0.7163570880572119,2.7339190839842376,2.6972149874665394,1.4145373943730277,2011-07-28,6.0,0,True,False
2011-07-15,2011Q3,3,diag3,gaussian_ar1,2.8256957274210626,2.7865094236515797,0.033489046371700915,0.7428488567783421,-0.08922107662069356,-0.0892609023136356,2.914916804041756,2011-10-28,6.0,0,True,False
2011-07-15,2011Q4,-11,diag3,gaussian_ar1,3.5136801256268058,3.453359310979896,0.30474637039346014,0.8183813065084568,4.568438742179692,4.467158724585995,-1.0547586165528866,2012-01-28,6.0,0,True,False
2011-07-22,2011Q2,17,diag3,gaussian_ar1,4.148613771133092,4.064867170360115,0.5534919857197553,0.7158801282524766,2.7339190839842376,2.6972149874665394,1.4146946871488542,2011-07-28,6.0,0,True,False
2011-07-22,2011Q3,4,diag3,gaussian_ar1,2.727853037109762,2.6913101937780386,-0.005235543427494993,0.7350952142215891,-0.08922107662069356,-0.0892609023136356,2.8170741137304556,2011-10-28,6.0,0,True,False
2011-07-22,2011Q4,-10,diag3,gaussian_ar1,3.388736664134706,3.332584040571513,0.25561810737427093,0.8083511446824302,4.568438742179692,4.467158724585995,-1.1797020780449863,2012-01-28,6.0,0,True,False
2011-07-29,2011Q3,5,diag3,gaussian_ar1,2.7067914117223424,2.6708057403858585,-0.0136144790005166,0.7341950621183465,-0.08922107662069356,-0.0892609023136356,2.796012488343036,2011-10-28,6.0,0,True,False
2011-07-29,2011Q4,-9,diag3,gaussian_ar1,3.166341593255262,3.1172466509578514,0.1688571459239545,0.8031938677870878,4.568438742179692,4.467158724585995,-1.4020971489244305,2012-01-28,6.0,0,True,False
2011-08-05,2011Q3,6,diag3,gaussian_ar1,2.137905979627819,2.115373354903214,-0.2406336600716239,0.7269934782760518,-0.08922107662069356,-0.0892609023136356,2.2271270562485124,2011-10-28,14.0,2,True,True
2011-08-05,2011Q4,-8,diag3,gaussian_ar1,2.37929224966249,2.3514282042870986,-0.14415210804900133,0.7925418687201219,4.568438742179692,4.467158724585995,-2.189146492517202,2012-01-28,14.0,0,True,False
2011-08-12,2011Q3,7,diag3,gaussian_ar1,2.120021296772978,2.0978614931713087,-0.2477911982586582,0.7268719107928047,-0.08922107662069356,-0.0892609023136356,2.2092423733936717,2011-10-28,4.0,0,True,False
2011-08-12,2011Q4,-7,diag3,gaussian_ar1,2.364619003876256,2.337094937210667,-0.15001047468157996,0.7924630979324861,4.568438742179692,4.467158724585995,-2.2038197383034364,2012-01-28,4.0,0,True,False
2011-08-19,2011Q3,8,diag3,gaussian_ar1,2.144559400781687,2.121887297393399,-0.23797124799714414,0.7242968419680448,-0.08922107662069356,-0.0892609023136356,2.2337804774023806,2011-10-28,11.0,0,True,False
2011-08-19,2011Q4,-6,diag3,gaussian_ar1,2.330968833191749,2.3042166799475847,-0.16344864507638715,0.7863964934007158,4.568438742179692,4.467158724585995,-2.2374699089879435,2012-01-28,11.0,0,True,False
2011-08-26,2011Q3,9,diag3,gaussian_ar1,1.942433174428193,1.9238087330615263,-0.31893093748894,0.7225643029609995,-0.08922107662069356,-0.0892609023136356,2.0316542510488866,2011-10-28,4.0,0,True,False
2011-08-26,2011Q4,-5,diag3,gaussian_ar1,1.7999063209880095,1.7838997901856617,-0.37611524014461517,0.7806054846080006,4.568438742179692,4.467158724585995,-2.768532421191683,2012-01-28,4.0,0,True,False
2011-09-02,2011Q3,10,diag3,gaussian_ar1,2.051991971053835,2.0312222636825488,-0.2750283268474099,0.7214062255524162,-0.08922107662069356,-0.0892609023136356,2.1412130476745284,2011-10-28,8.0,2,True,True
2011-09-02,2011Q4,-4,diag3,gaussian_ar1,2.092878432069467,2.071278583962924,-0.2586563016208453,0.7693968620790026,4.568438742179692,4.467158724585995,-2.4755603101102253,2012-01-28,8.0,0,True,False
2011-09-09,2011Q3,11,diag3,gaussian_ar1,2.1764865470885963,2.1531392385907977,-0.22519779386851818,0.7201846324469043,-0.08922107662069356,-0.0892609023136356,2.26570762370929,2011-10-28,8.0,0,True,False
2011-09-09,2011Q4,-3,diag3,gaussian_ar1,2.237154256716445,2.212497030145766,-0.20093677203903137,0.7676661203915477,4.568438742179692,4.467158724585995,-2.3312844854632475,2012-01-28,8.0,0,True,False
2011-09-16,2011Q3,12,diag3,gaussian_ar1,2.165157751824087,2.142051146082804,-0.2297297760622069,0.7195653212547096,-0.08922107662069356,-0.0892609023136356,2.2543788284447808,2011-10-28,8.0,0,True,False
2011-09-16,2011Q4,-2,diag3,gaussian_ar1,2.125771215530814,2.1034918845626023,-0.2454899157332423,0.7626233787310548,4.568438742179692,4.467158724585995,-2.4426675266488784,2012-01-28,8.0,0,True,False
2011-09-23,2011Q3,13,diag3,gaussian_ar1,2.3069104808302487,2.2807035820274835,-0.17305903938140726,0.7185825963974778,-0.08922107662069356,-0.0892609023136356,2.3961315574509423,2011-10-28,4.0,0,True,False
2011-09-23,2011Q4,-1,diag3,gaussian_ar1,2.2793848268605643,2.253794981825931,-0.18405726084128507,0.7566754263519558,4.568438742179692,4.467158724585995,-2.289053915319128,2012-01-28,4.0,0,True,False
2011-09-30,2011Q3,14,diag3,gaussian_ar1,2.382894930267976,2.3549470967696218,-0.14271384821659083,0.7182643511763871,-0.08922107662069356,-0.0892609023136356,2.4721160068886694,2011-10-28,8.0,0,True,False
2011-09-30,2011Q4,0,diag3,gaussian_ar1,2.368565918855836,2.34095060426489,-0.1484345666142605,0.7562234222941472,4.568438742179692,4.467158724585995,-2.1998728233238563,2012-01-28,8.0,0,True,False
2011-10-07,2011Q3,15,diag3,gaussian_ar1,2.5325353653527616,2.5009980422436535,-0.08301915467191334,0.7185453234282427,-0.08922107662069356,-0.0892609023136356,2.621756441973455,2011-10-28,12.0,3,True,True
2011-10-07,2011Q4,1,diag3,gaussian_ar1,2.75867857869998,2.721312687449107,0.007028980150207975,0.7447614156400192,4.568438742179692,4.467158724585995,-1.8097601634797122,2012-01-28,12.0,0,True,False
2011-10-07,2012Q1,-12,diag3,gaussian_ar1,2.6402054465592073,2.6059535940037892,-0.040121181791293904,0.8186861187405468,3.396793738645587,3.3403767275155727,-0.7565882920863798,2012-04-28,12.0,0,True,False
2011-10-14,2011Q3,16,diag3,gaussian_ar1,2.555421488951626,2.5233163919360493,-0.0738970840068699,0.7184220696833342,-0.08922107662069356,-0.0892609023136356,2.6446425655723194,2011-10-28,6.0,0,True,False
2011-10-14,2011Q4,2,diag3,gaussian_ar1,2.800276125464829,2.761785307474364,0.023571157549446164,0.7443742478217084,4.568438742179692,4.467158724585995,-1.7681626167148634,2012-01-28,6.0,0,True,False
2011-10-14,2012Q1,-11,diag3,gaussian_ar1,2.6764944702789784,2.641302909585363,-0.025673027732398525,0.8184282960045797,3.396793738645587,3.3403767275155727,-0.7202992683666087,2012-04-28,6.0,0,True,False
2011-10-21,2011Q3,17,diag3,gaussian_ar1,2.5496533519487885,2.5176918241296793,-0.07619598628670626,0.7179580862171457,-0.08922107662069356,-0.0892609023136356,2.638874428569482,2011-10-28,6.0,0,True,False
2011-10-21,2011Q4,3,diag3,gaussian_ar1,2.82193442981018,2.7828514212632904,0.03218140791602714,0.7369603625694194,4.568438742179692,4.467158724585995,-1.7465043123695123,2012-01-28,6.0,0,True,False
2011-10-21,2012Q1,-10,diag3,gaussian_ar1,2.7134586375441305,2.6772970437724735,-0.010961320096876198,0.8088087470285849,3.396793738645587,3.3403767275155727,-0.6833351011014566,2012-04-28,6.0,0,True,False
2011-10-28,2011Q4,4,diag3,gaussian_ar1,2.7120013864353254,2.6758782798971033,-0.0008697007102009824,0.7362044085537626,4.568438742179692,4.467158724585995,-1.856437355744367,2012-01-28,6.0,0,True,False
2011-10-28,2012Q1,-9,diag3,gaussian_ar1,2.2677728660606356,2.2424411591247324,-0.17778338621589834,0.8041155905491602,3.396793738645587,3.3403767275155727,-1.1290208725849515,2012-04-28,6.0,0,True,False
2011-11-04,2011Q4,5,diag3,gaussian_ar1,2.516754293361667,2.485605575341164,-0.07853228151117975,0.7309445609531937,4.568438742179692,4.467158724585995,-2.0516844488180253,2012-01-28,13.0,3,True,True
2011-11-04,2012Q1,-8,diag3,gaussian_ar1,2.0087426155575017,1.9888335540353563,-0.2812970308448678,0.7945419367626508,3.396793738645587,3.3403767275155727,-1.3880511230880854,2012-04-28,13.0,0,True,False
2011-11-11,2011Q4,6,diag3,gaussian_ar1,2.4844846798218967,2.454123215558438,-0.09138226604331556,0.7303206190651623,4.568438742179692,4.467158724585995,-2.0839540623577957,2012-01-28,5.0,0,True,False
2011-11-11,2012Q1,-7,diag3,gaussian_ar1,1.9783772091028995,1.9590616677466677,-0.29344886066138826,0.7941969290004026,3.396793738645587,3.3403767275155727,-1.4184165295426876,2012-04-28,5.0,0,True,False
2011-11-18,2011Q4,7,diag3,gaussian_ar1,2.5849915754865505,2.552145510780055,-0.0513730359190433,0.7278572895716975,4.568438742179692,4.467158724585995,-1.983447166693142,2012-01-28,11.0,0,True,False
2011-11-18,2012Q1,-6,diag3,gaussian_ar1,2.1551891551333746,2.1322933350282267,-0.22274182788471864,0.7884399619494655,3.396793738645587,3.3403767275155727,-1.2416045835122125,2012-04-28,11.0,0,True,False
2011-11-25,2011Q4,8,diag3,gaussian_ar1,2.5597358967117456,2.5275232070888145,-0.06142298845632399,0.7265739278477764,4.568438742179692,4.467158724585995,-2.0087028454679468,2012-01-28,0.0,0,True,False
2011-11-25,2012Q1,-5,diag3,gaussian_ar1,2.1023429640108615,2.0805486656851855,-0.24386216972908664,0.78317816591396,3.396793738645587,3.3403767275155727,-1.2944507746347256,2012-04-28,0.0,0,True,False
2011-12-02,2011Q4,9,diag3,gaussian_ar1,2.7172992093253523,2.6810360863792546,0.0012355332675824116,0.7255642963209874,4.568438742179692,4.467158724585995,-1.85113953285434,2012-01-28,11.0,3,True,True
2011-12-02,2012Q1,-4,diag3,gaussian_ar1,2.348064713924747,2.3209217429689204,-0.14575039074063117,0.7719939491406191,3.396793738645587,3.3403767275155727,-1.0487290247208403,2012-04-28,11.0,0,True,False
2011-12-09,2011Q4,10,diag3,gaussian_ar1,2.7168054584981505,2.6805553961569557,0.0010393325391770958,0.7243305662777798,4.568438742179692,4.467158724585995,-1.851633283681542,2012-01-28,9.0,0,True,False
2011-12-09,2012Q1,-3,diag3,gaussian_ar1,2.315630468000429,2.289226579674786,-0.15868723413115132,0.7702492852559049,3.396793738645587,3.3403767275155727,-1.081163270645158,2012-04-28,9.0,0,True,False
2011-12-16,2011Q4,11,diag3,gaussian_ar1,2.8802913314087686,2.8395906256624963,0.06595188208484826,0.7240475164514766,4.568438742179692,4.467158724585995,-1.6881474107709238,2012-01-28,8.0,0,True,False
2011-12-16,2012Q1,-2,diag3,gaussian_ar1,2.498485114508009,2.467783311050206,-0.08580669874187619,0.7698994267158616,3.396793738645587,3.3403767275155727,-0.8983086241375782,2012-04-28,8.0,0,True,False
2011-12-23,2011Q4,12,diag3,gaussian_ar1,2.856827569884346,2.8167811669207197,0.05664186866650722,0.7227846619318428,4.568438742179692,4.467158724585995,-1.7116111722953464,2012-01-28,4.0,0,True,False
2011-12-23,2012Q1,-1,diag3,gaussian_ar1,2.478274589757379,2.4480634902809717,-0.09385563133809743,0.7598379570257313,3.396793738645587,3.3403767275155727,-0.9185191488882083,2012-04-28,4.0,0,True,False
2011-12-30,2011Q4,13,diag3,gaussian_ar1,2.882277401432254,2.841521073980463,0.06673982273469647,0.7224649745506881,4.568438742179692,4.467158724585995,-1.6861613407474385,2012-01-28,8.0,0,True,False
2011-12-30,2012Q1,0,diag3,gaussian_ar1,2.5121342495347143,2.4810988505956195,-0.08037176697766046,0.759379413994688,3.396793738645587,3.3403767275155727,-0.8846594891108728,2012-04-28,8.0,0,True,False
2012-01-06,2011Q4,14,diag3,gaussian_ar1,2.9002023488495343,2.8589423311101942,0.07385056304108994,0.7223240933480899,4.568438742179692,4.467158724585995,-1.668236393330158,2012-01-28,10.0,3,True,True
2012-01-06,2012Q1,1,diag3,gaussian_ar1,2.781245383344033,2.7432712483940715,0.02663772277194587,0.7481219096123775,3.396793738645587,3.3403767275155727,-0.6155483553015539,2012-04-28,10.0,0,True,False
2012-01-06,2012Q2,-12,diag3,gaussian_ar1,3.226378153741938,3.1754236663618602,0.2030270380817238,0.8208308362981446,1.7973274732638433,1.7813665065292486,1.4290506804780945,2012-07-28,10.0,0,True,False
2012-01-13,2011Q4,15,diag3,gaussian_ar1,2.877934088030476,2.8372993506735216,0.06501666476408863,0.7222336919276854,4.568438742179692,4.467158724585995,-1.6905046541492164,2012-01-28,6.0,0,True,False
2012-01-13,2012Q1,2,diag3,gaussian_ar1,2.7394953211387962,2.7026426844482416,0.01005458155032568,0.7478510561760218,3.396793738645587,3.3403767275155727,-0.6572984175067909,2012-04-28,6.0,0,True,False
2012-01-13,2012Q2,-11,diag3,gaussian_ar1,3.195673560758716,3.14567433197181,0.19088441315170734,0.8206589419915133,1.7973274732638433,1.7813665065292486,1.3983460874948728,2012-07-28,6.0,0,True,False
2012-01-20,2011Q4,16,diag3,gaussian_ar1,2.9134163770338395,2.871783102565704,0.07909171128165249,0.7217393695053055,4.568438742179692,4.467158724585995,-1.6550223651458529,2012-01-28,8.0,0,True,False
2012-01-20,2012Q1,3,diag3,gaussian_ar1,2.823131493755082,2.7840156251692316,0.04326813468978408,0.7404835897420202,3.396793738645587,3.3403767275155727,-0.5736622448905049,2012-04-28,8.0,0,True,False
2012-01-20,2012Q2,-10,diag3,gaussian_ar1,3.2853438690069847,3.232530077842968,0.22633585321764163,0.8111484330817917,1.7973274732638433,1.7813665065292486,1.4880163957431414,2012-07-28,8.0,0,True,False
2012-01-27,2011Q4,17,diag3,gaussian_ar1,2.9360577632656426,2.893781105152468,0.08807051702965396,0.7215887113796449,4.568438742179692,4.467158724585995,-1.6323809789140498,2012-01-28,4.0,0,True,False
2012-01-27,2012Q1,4,diag3,gaussian_ar1,2.8443007324899128,2.804601518210681,0.051670567321532634,0.740038392115045,3.396793738645587,3.3403767275155727,-0.5524930061556743,2012-04-28,4.0,0,True,False
2012-01-27,2012Q2,-9,diag3,gaussian_ar1,3.3026211912550174,3.249256436789639,0.23316296069074804,0.8108245943793766,1.7973274732638433,1.7813665065292486,1.505293717991174,2012-07-28,4.0,0,True,False
2012-02-03,2012Q1,5,diag3,gaussian_ar1,3.050029255971598,3.0044405249079733,0.12675571024487065,0.7344073674253738,3.396793738645587,3.3403767275155727,-0.34676448267398907,2012-04-28,12.0,3,True,True
2012-02-03,2012Q2,-8,diag3,gaussian_ar1,3.8120549762542977,3.7411914573144687,0.42813631791284484,0.7969073522130906,1.7973274732638433,1.7813665065292486,2.0147275029904543,2012-07-28,12.0,0,True,False
2012-02-10,2012Q1,6,diag3,gaussian_ar1,3.2441557641230023,3.1926441482269117,0.2037436309467897,0.733323625172053,3.396793738645587,3.3403767275155727,-0.15263797452258476,2012-04-28,7.0,0,True,False
2012-02-10,2012Q2,-7,diag3,gaussian_ar1,3.972440174851144,3.8955679716283518,0.4912866793811511,0.79625290281938,1.7973274732638433,1.7813665065292486,2.1751127015873006,2012-07-28,7.0,0,True,False
2012-02-17,2012Q1,7,diag3,gaussian_ar1,3.3819224703582007,3.3259929760486133,0.258292256531077,0.7309192403692081,3.396793738645587,3.3403767275155727,-0.014871268287386386,2012-04-28,10.0,0,True,False
2012-02-17,2012Q2,-6,diag3,gaussian_ar1,4.162938314879505,4.078620170254318,0.5661673214410835,0.7906648716871233,1.7973274732638433,1.7813665065292486,2.365610841615662,2012-07-28,10.0,0,True,False
2012-02-24,2012Q1,8,diag3,gaussian_ar1,3.3694237688757678,3.313902412456167,0.253346404083171,0.7296716963923895,3.396793738645587,3.3403767275155727,-0.027369969769819313,2012-04-28,2.0,0,True,False
2012-02-24,2012Q2,-5,diag3,gaussian_ar1,4.135659293683225,4.052427942687328,0.5554529414340803,0.7855448960501314,1.7973274732638433,1.7813665065292486,2.3383318204193815,2012-07-28,2.0,0,True,False
2012-03-02,2012Q1,9,diag3,gaussian_ar1,3.4167615861571132,3.359686726361841,0.2720752631040647,0.7282353211379379,3.396793738645587,3.3403767275155727,0.019967847511526138,2012-04-28,11.0,3,True,True
2012-03-02,2012Q2,-4,diag3,gaussian_ar1,4.073512804932444,3.9927317343311493,0.531033183333343,0.7745054404371499,1.7973274732638433,1.7813665065292486,2.276185331668601,2012-07-28,11.0,0,True,False
2012-03-09,2012Q1,10,diag3,gaussian_ar1,3.364500656278513,3.3091396599356138,0.25139811846088067,0.7269953916933346,3.396793738645587,3.3403767275155727,-0.03229308236707418,2012-04-28,9.0,0,True,False
2012-03-09,2012Q2,-3,diag3,gaussian_ar1,4.052472997426393,3.972513396388755,0.5227625253577746,0.7727367201643945,1.7973274732638433,1.7813665065292486,2.2551455241625495,2012-07-28,9.0,0,True,False
2012-03-16,2012Q1,11,diag3,gaussian_ar1,3.3596748784887165,3.3044708515795644,0.2494882623106679,0.7267052181807251,3.396793738645587,3.3403767275155727,-0.0371188601568706,2012-04-28,8.0,0,True,False
2012-03-16,2012Q2,-2,diag3,gaussian_ar1,4.050708720743956,3.970817817620652,0.5220689197754774,0.7723898369299486,1.7973274732638433,1.7813665065292486,2.253381247480113,2012-07-28,8.0,0,True,False
2012-03-23,2012Q1,12,diag3,gaussian_ar1,3.32028719594335,3.266356190993358,0.23389680655097356,0.7254671287729366,3.396793738645587,3.3403767275155727,-0.07650654270223711,2012-04-28,4.0,0,True,False
2012-03-23,2012Q2,-1,diag3,gaussian_ar1,3.938571754530318,3.8629882440746117,0.47795938292869705,0.7625536104257802,1.7973274732638433,1.7813665065292486,2.1412442812664745,2012-07-28,4.0,0,True,False
2012-03-30,2012Q1,13,diag3,gaussian_ar1,3.3325307873392163,3.278205621869421,0.23874401952467517,0.7251428350526535,3.396793738645587,3.3403767275155727,-0.06426295130637083,2012-04-28,8.0,0,True,False
2012-03-30,2012Q2,0,diag3,gaussian_ar1,3.9488611869921586,3.8728872863828903,0.48200875600034715,0.7620881046631108,1.7973274732638433,1.7813665065292486,2.1515337137283153,2012-07-28,8.0,0,True,False
2012-04-06,2012Q1,14,diag3,gaussian_ar1,3.305026596702487,3.2515849134683434,0.22785436208201304,0.724478632633117,3.396793738645587,3.3403767275155727,-0.09176714194309987,2012-04-28,10.0,3,True,True
2012-04-06,2012Q2,1,diag3,gaussian_ar1,4.119062414412,4.03648892419092,0.5489328124884838,0.7502653107730746,1.7973274732638433,1.7813665065292486,2.321734941148157,2012-07-28,10.0,0,True,False
2012-04-06,2012Q3,-12,diag3,gaussian_ar1,3.490943307971839,3.4313918617806856,0.3014074788297483,0.8229821532946927,0.5773578286532466,0.575697505945138,2.9135854793185922,2012-10-28,10.0,0,True,False
2012-04-13,2012Q1,15,diag3,gaussian_ar1,3.3437127248430842,3.2890263502944785,0.24317042411367495,0.7243847733184687,3.396793738645587,3.3403767275155727,-0.05308101380250285,2012-04-28,6.0,0,True,False
2012-04-13,2012Q2,2,diag3,gaussian_ar1,4.190597844314103,4.105170743963746,0.5770282890849845,0.7499934151246058,1.7973274732638433,1.7813665065292486,2.39327037105026,2012-07-28,6.0,0,True,False
2012-04-13,2012Q3,-11,diag3,gaussian_ar1,3.544026528812827,3.4826713360125687,0.32238422745009776,0.8228086466026819,0.5773578286532466,0.575697505945138,2.9666687001595804,2012-10-28,6.0,0,True,False
2012-04-20,2012Q1,16,diag3,gaussian_ar1,3.16920283102331,3.1200200342604756,0.1740354912813804,0.7238976217158581,3.396793738645587,3.3403767275155727,-0.22759090762227707,2012-04-28,8.0,0,True,False
2012-04-20,2012Q2,3,diag3,gaussian_ar1,3.7036203666209744,3.636684056296854,0.3853857727298068,0.7427711138839087,1.7973274732638433,1.7813665065292486,1.906292893357131,2012-07-28,8.0,0,True,False
2012-04-20,2012Q3,-10,diag3,gaussian_ar1,3.0396124519154633,2.994331521875419,0.12262044913713499,0.8134634082755571,0.5773578286532466,0.575697505945138,2.4622546232622167,2012-10-28,8.0,0,True,False
2012-04-27,2012Q1,17,diag3,gaussian_ar1,3.147542045905327,3.099022431559354,0.165446061688174,0.7237470102696929,3.396793738645587,3.3403767275155727,-0.24925169274025993,2012-04-28,4.0,0,True,False
2012-04-27,2012Q2,4,diag3,gaussian_ar1,3.68418953423697,3.617945411580801,0.37772040865221856,0.7423247053483432,1.7973274732638433,1.7813665065292486,1.8868620609731268,2012-07-28,4.0,0,True,False
2012-04-27,2012Q3,-9,diag3,gaussian_ar1,3.0239460418548525,2.9791261064149523,0.11640041309815641,0.8131370006246758,0.5773578286532466,0.575697505945138,2.446588213201606,2012-10-28,4.0,0,True,False
2012-05-04,2012Q2,5,diag3,gaussian_ar1,3.975008057208851,3.8980377132670823,0.49199818774769766,0.7353743154636064,1.7973274732638433,1.7813665065292486,2.1776805839450075,2012-07-28,12.0,3,True,True
2012-05-04,2012Q3,-8,diag3,gaussian_ar1,3.424255959602318,3.366933232434392,0.2737984228576305,0.7976092759250631,0.5773578286532466,0.575697505945138,2.8468981309490715,2012-10-28,12.0,0,True,False
2012-05-11,2012Q2,6,diag3,gaussian_ar1,3.949229596492132,3.873241699930979,0.48181095627929466,0.7342719766380068,1.7973274732638433,1.7813665065292486,2.1519021232282887,2012-07-28,7.0,0,True,False
2012-05-11,2012Q3,-7,diag3,gaussian_ar1,3.3997309799688846,3.343217434173957,0.2640549885780064,0.7969290695209628,0.5773578286532466,0.575697505945138,2.822373151315638,2012-10-28,7.0,0,True,False
2012-05-18,2012Q2,7,diag3,gaussian_ar1,3.994234791974538,3.9165276924169534,0.49959463863246256,0.7318883415590577,1.7973274732638433,1.7813665065292486,2.1969073187106947,2012-07-28,12.0,0,True,False
2012-05-18,2012Q3,-6,diag3,gaussian_ar1,3.5155486234632827,3.455164368022162,0.31004743550209335,0.7914095875162942,0.5773578286532466,0.575697505945138,2.938190794810036,2012-10-28,12.0,0,True,False
2012-05-25,2012Q2,8,diag3,gaussian_ar1,3.8706809772635964,3.7976487283508304,0.450754225972163,0.730666599207429,1.7973274732638433,1.7813665065292486,2.073353503999753,2012-07-28,0.0,0,True,False
2012-05-25,2012Q3,-5,diag3,gaussian_ar1,3.2558760225433137,3.2039954863661713,0.20685683383533188,0.7863691932161693,0.5773578286532466,0.575697505945138,2.678518193890067,2012-10-28,0.0,0,True,False
2012-06-01,2012Q2,9,diag3,gaussian_ar1,3.7448971864282754,3.676478816788661,0.40097259699181076,0.7288897844626164,1.7973274732638433,1.7813665065292486,1.947569713164432,2012-07-28,11.0,3,True,True
2012-06-01,2012Q3,-4,diag3,gaussian_ar1,3.0291294986044104,2.9841572924208566,0.11653817909998265,0.774603087505271,0.5773578286532466,0.575697505945138,2.451771669951164,2012-10-28,11.0,0,True,False
2012-06-08,2012Q2,10,diag3,gaussian_ar1,3.6822059498164528,3.616032291168075,0.3761386553572865,0.7276446122682692,1.7973274732638433,1.7813665065292486,1.8848784765526094,2012-07-28,9.0,0,True,False
2012-06-08,2012Q3,-3,diag3,gaussian_ar1,2.978803475586944,2.935298956441246,0.09646514675245604,0.7728108112218868,0.5773578286532466,0.575697505945138,2.4014456469336976,2012-10-28,9.0,0,True,False
2012-06-15,2012Q2,11,diag3,gaussian_ar1,3.6630472424002747,3.5975522853075663,0.3685463019137457,0.7273693621924143,1.7973274732638433,1.7813665065292486,1.8657197691364313,2012-07-28,6.0,0,True,False
2012-06-15,2012Q3,-2,diag3,gaussian_ar1,2.954104302416116,2.9113113640202233,0.08661004815050163,0.772486555293177,0.5773578286532466,0.575697505945138,2.3767464737628696,2012-10-28,6.0,0,True,False
2012-06-22,2012Q2,12,diag3,gaussian_ar1,3.5100157792920417,3.449819284975512,0.3078514535320892,0.7261391372900158,1.7973274732638433,1.7813665065292486,1.7126883060281983,2012-07-28,6.0,0,True,False
2012-06-22,2012Q3,-1,diag3,gaussian_ar1,2.3440339729119186,2.3169833974839436,-0.1575645488374321,0.7627952072104737,0.5773578286532466,0.575697505945138,1.766676144258672,2012-10-28,6.0,0,True,False
2012-06-29,2012Q2,13,diag3,gaussian_ar1,3.5364182718686132,3.475323218757969,0.31832952810298915,0.725859782118233,1.7973274732638433,1.7813665065292486,1.73909079860477,2012-07-28,4.0,0,True,False
2012-06-29,2012Q3,0,diag3,gaussian_ar1,2.3814069954910977,2.353493782141125,-0.14256456741051476,0.7623871817265817,0.5773578286532466,0.575697505945138,1.804049166837851,2012-10-28,4.0,0,True,False
2012-07-06,2012Q2,14,diag3,gaussian_ar1,3.4155170421190872,3.358483293274607,0.2703268371253661,0.7251597180794819,1.7973274732638433,1.7813665065292486,1.618189568855244,2012-07-28,13.0,2,True,True
2012-07-06,2012Q3,1,diag3,gaussian_ar1,2.0538665366304443,2.0330591199005665,-0.2742124267053489,0.7509269720038875,0.5773578286532466,0.575697505945138,1.4765087079771977,2012-10-28,13.0,0,True,False
2012-07-06,2012Q4,-12,diag3,gaussian_ar1,2.2635774828254407,2.2383387237487957,-0.18987504505459946,0.8232958856698734,0.4633651980530562,0.4622949663000891,1.8002122847723845,2013-01-28,13.0,0,True,False
2012-07-13,2012Q2,15,diag3,gaussian_ar1,3.3879837809527524,3.331855831728318,0.25938717071564144,0.7250912541650362,1.7973274732638433,1.7813665065292486,1.590656307688909,2012-07-28,6.0,0,True,False
2012-07-13,2012Q3,2,diag3,gaussian_ar1,1.9960799795384787,1.976419498451572,-0.29748233409580516,0.7507734381093646,0.5773578286532466,0.575697505945138,1.4187221508852321,2012-10-28,6.0,0,True,False
2012-07-13,2012Q4,-11,diag3,gaussian_ar1,2.2210284770830757,2.196722870900887,-0.20697256472318987,0.8231990618175206,0.4633651980530562,0.4622949663000891,1.7576632790300195,2013-01-28,6.0,0,True,False
2012-07-20,2012Q2,16,diag3,gaussian_ar1,3.3545049245941483,3.2994688203685842,0.24608124218514582,0.7245189059895975,1.7973274732638433,1.7813665065292486,1.557177451330305,2012-07-28,9.0,0,True,False
2012-07-20,2012Q3,3,diag3,gaussian_ar1,1.8285296323611089,1.8120130656499787,-0.3650273205878758,0.7433146612145882,0.5773578286532466,0.575697505945138,1.2511718037078623,2012-10-28,9.0,0,True,False
2012-07-20,2012Q4,-10,diag3,gaussian_ar1,2.015477623739459,1.995435719382702,-0.2896696812449676,0.8137176149103844,0.4633651980530562,0.4622949663000891,1.5521124256864027,2013-01-28,9.0,0,True,False
2012-07-27,2012Q2,17,diag3,gaussian_ar1,3.3476301339918413,3.292816938806839,0.2433483731448136,0.7243687512856446,1.7973274732638433,1.7813665065292486,1.550302660727998,2012-07-28,4.0,0,True,False
2012-07-27,2012Q3,4,diag3,gaussian_ar1,1.8166111013715236,1.8003078700727664,-0.36983630076995905,0.7428679993251809,0.5773578286532466,0.575697505945138,1.239253272718277,2012-10-28,4.0,0,True,False
2012-07-27,2012Q4,-9,diag3,gaussian_ar1,2.0049605516158975,1.9851258972619976,-0.29390538409437506,0.8133930078372693,0.4633651980530562,0.4622949663000891,1.5415953535628413,2013-01-28,4.0,0,True,False
2012-08-03,2012Q3,5,diag3,gaussian_ar1,1.7406042127761756,1.7256292181660702,-0.39865791421610847,0.7368837623248794,0.5773578286532466,0.575697505945138,1.163246384122929,2012-10-28,12.0,3,True,True
2012-08-03,2012Q4,-8,diag3,gaussian_ar1,1.672475613950275,1.658643750533983,-0.4262873721143131,0.7995767535454418,0.4633651980530562,0.4622949663000891,1.2091104158972188,2013-01-28,12.0,0,True,False
2012-08-10,2012Q3,6,diag3,gaussian_ar1,1.8034649894120403,1.7873954773164615,-0.3731812202845449,0.7357792235602063,0.5773578286532466,0.575697505945138,1.2261071607587937,2012-10-28,7.0,0,True,False
2012-08-10,2012Q4,-7,diag3,gaussian_ar1,1.7248712593923798,1.7101642323952473,-0.40503674813868606,0.7989047143845768,0.4633651980530562,0.4622949663000891,1.2615060613393236,2013-01-28,7.0,0,True,False
2012-08-17,2012Q3,7,diag3,gaussian_ar1,1.8391731898895314,1.8224649511385609,-0.35871613427810267,0.733346481832369,0.5773578286532466,0.575697505945138,1.2618153612362848,2012-10-28,10.0,0,True,False
2012-08-17,2012Q4,-6,diag3,gaussian_ar1,1.6678597491974756,1.6541037120361228,-0.42815999922235726,0.7932249866287832,0.4633651980530562,0.4622949663000891,1.2044945511444194,2013-01-28,10.0,0,True,False
2012-08-24,2012Q3,8,diag3,gaussian_ar1,1.8915364066563356,1.8738692956515148,-0.33751341340876095,0.7321151778800279,0.5773578286532466,0.575697505945138,1.314178578003089,2012-10-28,2.0,0,True,False
2012-08-24,2012Q4,-5,diag3,gaussian_ar1,1.784226123966004,1.7684956456045389,-0.38097682316718534,0.788111509888428,0.4633651980530562,0.4622949663000891,1.3208609259129478,2013-01-28,2.0,0,True,False
2012-08-31,2012Q3,9,diag3,gaussian_ar1,1.9144433697974472,1.8963484822413237,-0.32824143604674133,0.7316365012269521,0.5773578286532466,0.575697505945138,1.3370855411442006,2012-10-28,8.0,0,True,False
2012-08-31,2012Q4,-4,diag3,gaussian_ar1,1.8131021345453746,1.7968614508142537,-0.3692767955567926,0.787728648238929,0.4633651980530562,0.4622949663000891,1.3497369364923184,2013-01-28,8.0,0,True,False
2012-09-07,2012Q3,10,diag3,gaussian_ar1,2.08835709268147,2.0668498328319953,-0.2579148405289483,0.7295638006190441,0.5773578286532466,0.575697505945138,1.5109992640282233,2012-10-28,12.0,3,True,True
2012-09-07,2012Q4,-3,diag3,gaussian_ar1,2.144438729205933,2.1217691592882026,-0.23526229704811896,0.7748040900811959,0.4633651980530562,0.4622949663000891,1.6810735311528768,2013-01-28,12.0,0,True,False
2012-09-14,2012Q3,11,diag3,gaussian_ar1,2.2004523808540455,2.1765918198859473,-0.2126496252791848,0.7292877439965897,0.5773578286532466,0.575697505945138,1.623094552200799,2012-10-28,6.0,0,True,False
2012-09-14,2012Q4,-2,diag3,gaussian_ar1,2.27638763927569,2.250864546229859,-0.18201439590712037,0.7744592054901015,0.4633651980530562,0.4622949663000891,1.8130224412226337,2013-01-28,6.0,0,True,False
2012-09-21,2012Q3,12,diag3,gaussian_ar1,2.0740641181997033,2.0528482605344576,-0.26369006112497767,0.7280527903456062,0.5773578286532466,0.575697505945138,1.4967062895464567,2012-10-28,6.0,0,True,False
2012-09-21,2012Q4,-1,diag3,gaussian_ar1,2.002723714816401,1.9829330026093892,-0.29252796796609487,0.7646499372808915,0.4633651980530562,0.4622949663000891,1.539358516763345,2013-01-28,6.0,0,True,False
2012-09-28,2012Q3,13,diag3,gaussian_ar1,1.9755438349370547,1.9562832223492759,-0.3035201877373651,0.7277721780233088,0.5773578286532466,0.575697505945138,1.398186006283808,2012-10-28,4.0,0,True,False
2012-09-28,2012Q4,0,diag3,gaussian_ar1,1.8967230646684596,1.8789595378732198,-0.3354138440823405,0.7642391407662567,0.4633651980530562,0.4622949663000891,1.4333578666154034,2013-01-28,4.0,0,True,False
2012-10-05,2012Q3,14,diag3,gaussian_ar1,2.0043609186332523,1.9845380486496667,-0.2918659355348504,0.7273417724261709,0.5773578286532466,0.575697505945138,1.4270030899800057,2012-10-28,13.0,3,True,True
2012-10-05,2012Q4,1,diag3,gaussian_ar1,2.352705718865944,2.3254561713759694,-0.15124763052671547,0.7529654892052389,0.4633651980530562,0.4622949663000891,1.8893405208128877,2013-01-28,13.0,0,True,False
2012-10-05,2013Q1,-12,diag3,gaussian_ar1,2.567703116571729,2.535291275468451,-0.06469706397798744,0.8249857832776318,4.005025807945661,3.9269037062063,-1.4373226913739323,2013-04-28,13.0,0,True,False
2012-10-12,2012Q3,15,diag3,gaussian_ar1,1.9992039763728764,1.9794823112520095,-0.29395127267603705,0.7272795258844456,0.5773578286532466,0.575697505945138,1.4218461477196298,2012-10-28,4.0,0,True,False
2012-10-12,2012Q4,2,diag3,gaussian_ar1,2.3455499651285905,2.318464657240824,-0.15413141640252204,0.7528479782135955,0.4633651980530562,0.4622949663000891,1.8821847670755343,2013-01-28,4.0,0,True,False
2012-10-12,2013Q1,-11,diag3,gaussian_ar1,2.5614560466213465,2.5292004105930848,-0.06720935956367917,0.8249051101336283,4.005025807945661,3.9269037062063,-1.4435697613243148,2013-04-28,4.0,0,True,False
2012-10-19,2012Q3,16,diag3,gaussian_ar1,1.9776275439548519,1.9583265433761339,-0.3026773802706148,0.7267599750060818,0.5773578286532466,0.575697505945138,1.4002697153016053,2012-10-28,11.0,0,True,False
2012-10-19,2012Q4,3,diag3,gaussian_ar1,2.2523579404774674,2.2273669211496356,-0.19170644801650705,0.7485603790931793,0.4633651980530562,0.4622949663000891,1.7889927424244112,2013-01-28,11.0,0,True,False
2012-10-19,2013Q1,-10,diag3,gaussian_ar1,2.449644869555123,2.420122231262619,-0.11220077441767179,0.8198772964371732,4.005025807945661,3.9269037062063,-1.5553809383905381,2013-04-28,11.0,0,True,False
2012-10-26,2012Q3,17,diag3,gaussian_ar1,1.9881512406960011,1.968645624168221,-0.29842107486032643,0.7265558909765241,0.5773578286532466,0.575697505945138,1.4107934120427545,2012-10-28,4.0,0,True,False
2012-10-26,2012Q4,4,diag3,gaussian_ar1,2.216627430397744,2.192417356179089,-0.2061220752868574,0.7448735700678362,0.4633651980530562,0.4622949663000891,1.7532622323446878,2013-01-28,4.0,0,True,False
2012-10-26,2013Q1,-9,diag3,gaussian_ar1,2.397659561192733,2.3693670508389917,-0.1331357349427314,0.8150529168266959,4.005025807945661,3.9269037062063,-1.6073662467529282,2013-04-28,4.0,0,True,False
2012-11-02,2012Q4,5,diag3,gaussian_ar1,2.169276663124875,2.146082685175201,-0.21761138656497067,0.7385401446075942,0.4633651980530562,0.4622949663000891,1.7059114650718188,2013-01-28,10.0,2,True,True
2012-11-02,2013Q1,-8,diag3,gaussian_ar1,2.1882762363551134,2.1646771271377596,-0.20993319949465447,0.8013560118549444,4.005025807945661,3.9269037062063,-1.816749571590548,2013-04-28,10.0,0,True,False
2012-11-09,2012Q4,6,diag3,gaussian_ar1,2.3225031659873885,2.2959435076172965,-0.15572948489033114,0.7368185536888396,0.4633651980530562,0.4622949663000891,1.8591379679343323,2013-01-28,9.0,0,True,False
2012-11-09,2013Q1,-7,diag3,gaussian_ar1,2.312650893579682,2.286314397251984,-0.15970562522594645,0.7998785894080765,4.005025807945661,3.9269037062063,-1.6923749143659794,2013-04-28,9.0,0,True,False
2012-11-16,2012Q4,7,diag3,gaussian_ar1,2.369545200610279,2.3419072231856237,-0.13674972699864238,0.7353182759748285,0.4633651980530562,0.4622949663000891,1.9061800025572229,2013-01-28,8.0,0,True,False
2012-11-16,2013Q1,-6,diag3,gaussian_ar1,2.3285659152957994,2.3018684698834586,-0.15328289527200523,0.7949893533904874,4.005025807945661,3.9269037062063,-1.676459892649862,2013-04-28,8.0,0,True,False
2012-11-23,2012Q4,8,diag3,gaussian_ar1,2.283169391735984,2.2574951359331292,-0.17160593823776263,0.7331486598332869,0.4633651980530562,0.4622949663000891,1.819804193682928,2013-01-28,4.0,0,True,False
2012-11-23,2013Q1,-5,diag3,gaussian_ar1,2.0830926365463576,2.061692935387948,-0.2524583740136085,0.7890679647379356,4.005025807945661,3.9269037062063,-1.9219331713993038,2013-04-28,4.0,0,True,False
2012-11-30,2012Q4,9,diag3,gaussian_ar1,2.3337005744281436,2.306886159975031,-0.15121094477940422,0.7326644562957236,0.4633651980530562,0.4622949663000891,1.8703353763750874,2013-01-28,8.0,0,True,False
2012-11-30,2013Q1,-4,diag3,gaussian_ar1,2.1287944581038554,2.1064521538356953,-0.23397598809124748,0.7886831296019685,4.005025807945661,3.9269037062063,-1.876231349841806,2013-04-28,8.0,0,True,False
2012-12-07,2012Q4,10,diag3,gaussian_ar1,2.175847217958493,2.152513526010646,-0.2149559049402249,0.7299244395763514,0.4633651980530562,0.4622949663000891,1.712482019905437,2013-01-28,12.0,2,True,True
2012-12-07,2013Q1,-3,diag3,gaussian_ar1,1.7797040066054315,1.764052699982106,-0.37536270272111716,0.7757422117987559,4.005025807945661,3.9269037062063,-2.22532180134023,2013-04-28,12.0,0,True,False
2012-12-14,2012Q4,11,diag3,gaussian_ar1,2.1134735941642946,2.0914495159249356,-0.24017101457598847,0.7296565523354368,0.4633651980530562,0.4622949663000891,1.6501083961112384,2013-01-28,6.0,0,True,False
2012-12-14,2013Q1,-2,diag3,gaussian_ar1,1.7077557031211832,1.6933374759726014,-0.40456307989605966,0.7753977434451412,4.005025807945661,3.9269037062063,-2.297270104824478,2013-04-28,6.0,0,True,False
2012-12-21,2012Q4,12,diag3,gaussian_ar1,2.2015898204433393,2.177704763354669,-0.20455370877592943,0.7284033442857833,0.4633651980530562,0.4622949663000891,1.738224622390283,2013-01-28,6.0,0,True,False
2012-12-21,2013Q1,-1,diag3,gaussian_ar1,1.8381296807759462,1.8214402821166629,-0.35166569734555864,0.765379447046426,4.005025807945661,3.9269037062063,-2.166896127169715,2013-04-28,6.0,0,True,False
2012-12-28,2012Q4,13,diag3,gaussian_ar1,2.257014945431557,2.2319212404839432,-0.18216614508725792,0.7281174449414112,0.4633651980530562,0.4622949663000891,1.7936497473785007,2013-01-28,4.0,0,True,False
2012-12-28,2013Q1,0,diag3,gaussian_ar1,1.9057377627310634,1.8878060434864317,-0.3242613400711052,0.7649643043540477,4.005025807945661,3.9269037062063,-2.099288045214598,2013-04-28,4.0,0,True,False
2013-01-04,2012Q4,14,diag3,gaussian_ar1,2.4121442815171257,2.383511608449787,-0.11957006365370412,0.7296211340903619,0.4633651980530562,0.4622949663000891,1.9487790834640695,2013-01-28,12.0,11,False,True
2013-01-04,2013Q1,1,diag3,gaussian_ar1,2.443940432614622,2.414554036500864,-0.10675174029810479,0.7553092236765749,4.005025807945661,3.9269037062063,-1.5610853753310394,2013-04-28,12.0,0,True,False
2013-01-04,2013Q2,-12,diag3,gaussian_ar1,2.6756271742058413,2.6404582179735234,-0.013469319195801535,0.8266358631165498,1.0748507650766292,1.0691153060548295,1.600776409129212,2013-07-28,12.0,0,True,False
2013-01-11,2012Q4,15,diag3,gaussian_ar1,2.4987156089078644,2.468008186706105,-0.08467896361639232,0.7293240548428245,0.4633651980530562,0.4622949663000891,2.035350410854808,2013-01-28,5.0,0,True,False
2013-01-11,2013Q1,2,diag3,gaussian_ar1,2.570997251040863,2.5385028922560497,-0.0555696449409932,0.7546733901100476,4.005025807945661,3.9269037062063,-1.4340285569047984,2013-04-28,5.0,0,True,False
2013-01-11,2013Q2,-11,diag3,gaussian_ar1,2.7860310785963405,2.747927335039315,0.030907811711079175,0.8261980413085802,1.0748507650766292,1.0691153060548295,1.7111803135197112,2013-07-28,5.0,0,True,False
2013-01-18,2012Q4,16,diag3,gaussian_ar1,2.540763293891546,2.509022420450841,-0.06774299103534559,0.7288116161330178,0.4633651980530562,0.4622949663000891,2.0773980958384897,2013-01-28,11.0,0,True,False
2013-01-18,2013Q1,3,diag3,gaussian_ar1,2.5181875339301607,2.487003620528724,-0.07683519531909343,0.7504951508105098,4.005025807945661,3.9269037062063,-1.4868382740155006,2013-04-28,11.0,0,True,False
2013-01-18,2013Q2,-10,diag3,gaussian_ar1,2.689378646420537,2.6538504433726806,-0.007939278976814512,0.8213155809066018,1.0748507650766292,1.0691153060548295,1.614527881343908,2013-07-28,11.0,0,True,False
2013-01-25,2012Q4,17,diag3,gaussian_ar1,2.5293714587409033,2.497912235951196,-0.07233071005083269,0.7287593934437961,0.4633651980530562,0.4622949663000891,2.066006260687847,2013-01-28,0.0,0,True,False
2013-01-25,2013Q1,4,diag3,gaussian_ar1,2.4260607904391662,2.397099414434098,-0.11395926251039576,0.7472490074523896,4.005025807945661,3.9269037062063,-1.578965017506495,2013-04-28,0.0,0,True,False
2013-01-25,2013Q2,-9,diag3,gaussian_ar1,2.5757928625420368,2.543178189880147,-0.05363907827814285,0.8168230684525687,1.0748507650766292,1.0691153060548295,1.5009420974654075,2013-07-28,0.0,0,True,False
2013-02-01,2013Q1,5,diag3,gaussian_ar1,3.008633156031437,2.9642615777940744,0.128490170375951,0.7437029053492263,4.005025807945661,3.9269037062063,-0.9963926519142241,2013-04-28,13.0,11,False,True
2013-02-01,2013Q2,-8,diag3,gaussian_ar1,3.000662408446253,2.956523337082829,0.12529231694640233,0.8048221966395355,1.0748507650766292,1.0691153060548295,1.9258116433696237,2013-07-28,13.0,0,True,False
2013-02-08,2013Q1,6,diag3,gaussian_ar1,2.945189834851436,2.90265230804085,0.10302993698129526,0.7419478643892848,4.005025807945661,3.9269037062063,-1.0598359730942253,2013-04-28,10.0,0,True,False
2013-02-08,2013Q2,-7,diag3,gaussian_ar1,2.9377134741416455,2.895389577048703,0.10002858950739518,0.8032596211129435,1.0748507650766292,1.0691153060548295,1.8628627090650163,2013-07-28,10.0,0,True,False
2013-02-15,2013Q1,7,diag3,gaussian_ar1,3.0763025748656636,3.029932968113045,0.15562908845710566,0.7406102454847813,4.005025807945661,3.9269037062063,-0.9287232330799977,2013-04-28,6.0,0,True,False
2013-02-15,2013Q2,-6,diag3,gaussian_ar1,3.185817250473777,3.1361227871567383,0.19951238049770298,0.7988295778965215,1.0748507650766292,1.0691153060548295,2.1109664853971477,2013-07-28,6.0,0,True,False
2013-02-22,2013Q1,8,diag3,gaussian_ar1,2.8889508266035424,2.848007330811491,0.0804477203817825,0.73849579879851,4.005025807945661,3.9269037062063,-1.116074981342119,2013-04-28,6.0,0,True,False
2013-02-22,2013Q2,-5,diag3,gaussian_ar1,2.8678958053584447,2.8275414054600545,0.07199010940583184,0.7930756175714516,1.0748507650766292,1.0691153060548295,1.7930450402818154,2013-07-28,6.0,0,True,False
2013-03-01,2013Q1,9,diag3,gaussian_ar1,2.91774277737884,2.8759869367795363,0.09201038458946287,0.7368109756832625,4.005025807945661,3.9269037062063,-1.0872830305668213,2013-04-28,7.0,11,False,True
2013-03-01,2013Q2,-4,diag3,gaussian_ar1,3.0001715249041494,2.956046753048938,0.12509536702663154,0.781503687032893,1.0748507650766292,1.0691153060548295,1.9253207598275202,2013-07-28,7.0,0,True,False
2013-03-08,2013Q1,10,diag3,gaussian_ar1,2.916641327730529,2.874916707766923,0.0915681089293876,0.7356414578577595,4.005025807945661,3.9269037062063,-1.0883844802151321,2013-04-28,12.0,0,True,False
2013-03-08,2013Q2,-3,diag3,gaussian_ar1,3.036754675934872,2.991558010268441,0.13977051089000908,0.7797039378681022,1.0748507650766292,1.0691153060548295,1.9619039108582426,2013-07-28,12.0,0,True,False
2013-03-15,2013Q1,11,diag3,gaussian_ar1,2.9597352778841346,2.916780618035312,0.10886850756283051,0.735452408425473,4.005025807945661,3.9269037062063,-1.0452905300615267,2013-04-28,6.0,0,True,False
2013-03-15,2013Q2,-2,diag3,gaussian_ar1,3.0862236676885146,3.039557503678592,0.15960645944032792,0.779475863529833,1.0748507650766292,1.0691153060548295,2.0113729026118854,2013-07-28,6.0,0,True,False
2013-03-22,2013Q1,12,diag3,gaussian_ar1,3.0155934788017813,2.9710183780856516,0.13128244032353675,0.7340952819888228,4.005025807945661,3.9269037062063,-0.98943232914388,2013-04-28,7.0,0,True,False
2013-03-22,2013Q2,-1,diag3,gaussian_ar1,3.081824017468726,3.035289480316231,0.15784268474579238,0.7699390517690962,1.0748507650766292,1.0691153060548295,2.006973252392097,2013-07-28,7.0,0,True,False
2013-03-29,2013Q1,13,diag3,gaussian_ar1,3.0403444892918685,2.9950419620242634,0.14121026541386972,0.7338177162247732,4.005025807945661,3.9269037062063,-0.9646813186537928,2013-04-28,4.0,0,True,False
2013-03-29,2013Q2,0,diag3,gaussian_ar1,3.1049171458702673,3.05768968739822,0.1670996440098844,0.7695304114395641,1.0748507650766292,1.0691153060548295,2.030066380793638,2013-07-28,4.0,0,True,False
2013-04-05,2013Q1,14,diag3,gaussian_ar1,2.988196469495974,2.9444198291228405,0.1202905024663784,0.7329290700491748,4.005025807945661,3.9269037062063,-1.0168293384496874,2013-04-28,13.0,12,False,True
2013-04-05,2013Q2,1,diag3,gaussian_ar1,2.7649175896748757,2.7273840204669395,0.0305997405808609,0.7578955503982749,1.0748507650766292,1.0691153060548295,1.6900668245982464,2013-07-28,13.0,0,True,False
2013-04-05,2013Q3,-12,diag3,gaussian_ar1,2.9056949729762804,2.8642800052968993,0.08717245664327788,0.8280708071894979,3.4493139225505898,3.3911586209990983,-0.5436189495743093,2013-10-28,13.0,0,True,False
2013-04-12,2013Q1,15,diag3,gaussian_ar1,2.951964527365547,2.9092329648134316,0.1057494150402164,0.7328645255277114,4.005025807945661,3.9269037062063,-1.0530612805801143,2013-04-28,4.0,0,True,False
2013-04-12,2013Q2,2,diag3,gaussian_ar1,2.714478486694172,2.6782899458717035,0.01031145275508405,0.7577763855330809,1.0748507650766292,1.0691153060548295,1.6396277216175426,2013-07-28,4.0,0,True,False
2013-04-12,2013Q3,-11,diag3,gaussian_ar1,2.8620612328484896,2.821869336505676,0.06964610825166315,0.8279893691814623,3.4493139225505898,3.3911586209990983,-0.5872526897021002,2013-10-28,4.0,0,True,False
2013-04-19,2013Q1,16,diag3,gaussian_ar1,2.9183274303202333,2.8765550130557824,0.09224514397935873,0.7323105252655824,4.005025807945661,3.9269037062063,-1.086698377625428,2013-04-28,11.0,0,True,False
2013-04-19,2013Q2,3,diag3,gaussian_ar1,2.5477823477233486,2.515867321332651,-0.05681023113925188,0.7506043670660669,1.0748507650766292,1.0691153060548295,1.4729315826467193,2013-07-28,11.0,0,True,False
2013-04-19,2013Q3,-10,diag3,gaussian_ar1,2.6893723691746807,2.6538443305242803,0.00020922179675011976,0.8189488490120859,3.4493139225505898,3.3911586209990983,-0.7599415533759091,2013-10-28,11.0,0,True,False
2013-04-26,2013Q1,17,diag3,gaussian_ar1,2.874650927873712,2.834107983569395,0.07470376941085577,0.7321610447512765,4.005025807945661,3.9269037062063,-1.1303748800719493,2013-04-28,4.0,0,True,False
2013-04-26,2013Q2,4,diag3,gaussian_ar1,2.4656373755058247,2.4357311266148383,-0.08992677722147999,0.7501547699667455,1.0748507650766292,1.0691153060548295,1.3907866104291955,2013-07-28,4.0,0,True,False
2013-04-26,2013Q3,-9,diag3,gaussian_ar1,2.6163160231783777,2.5826759672393367,-0.029201338445371205,0.8186245538504396,3.4493139225505898,3.3911586209990983,-0.832997899372212,2013-10-28,4.0,0,True,False
2013-05-03,2013Q2,5,diag3,gaussian_ar1,2.222245706977044,2.1979136460915503,-0.19349086572546992,0.743501477793402,1.0748507650766292,1.0691153060548295,1.1473949419004148,2013-07-28,11.0,2,True,True
2013-05-03,2013Q3,-8,diag3,gaussian_ar1,2.4774295437328897,2.4472388769548155,-0.09012107303740802,0.804712495839045,3.4493139225505898,3.3911586209990983,-0.9718843788177001,2013-10-28,11.0,0,True,False
2013-05-10,2013Q2,6,diag3,gaussian_ar1,2.090087016985054,2.068544354808746,-0.24712714141968123,0.7424217530778564,1.0748507650766292,1.0691153060548295,1.0152362519084246,2013-07-28,8.0,0,True,False
2013-05-10,2013Q3,-7,diag3,gaussian_ar1,2.3737047985436854,2.345970456463386,-0.1321067781976989,0.804002713479487,3.4493139225505898,3.3911586209990983,-1.0756091240069043,2013-10-28,8.0,0,True,False
2013-05-17,2013Q2,7,diag3,gaussian_ar1,1.9462114533522312,1.9275149511604934,-0.3055976787478343,0.7401382026030158,1.0748507650766292,1.0691153060548295,0.871360688275602,2013-07-28,10.0,0,True,False
2013-05-17,2013Q3,-6,diag3,gaussian_ar1,2.177762642921599,2.1543881441927897,-0.21153646059904366,0.7987079697218376,3.4493139225505898,3.3911586209990983,-1.2715512796289907,2013-10-28,10.0,0,True,False
2013-05-24,2013Q2,8,diag3,gaussian_ar1,1.938161961749918,1.9196188172178419,-0.3088714016914087,0.73894246595328,1.0748507650766292,1.0691153060548295,0.8633111966732887,2013-07-28,2.0,0,True,False
2013-05-24,2013Q3,-5,diag3,gaussian_ar1,2.1684469719392307,2.145270606846369,-0.21531657519900582,0.793716483224782,3.4493139225505898,3.3911586209990983,-1.280866950611359,2013-10-28,2.0,0,True,False
2013-05-31,2013Q2,9,diag3,gaussian_ar1,1.9835089293299024,1.9640937061585841,-0.29043219265624126,0.7384639476089098,1.0748507650766292,1.0691153060548295,0.9086581642532732,2013-07-28,8.0,0,True,False
2013-05-31,2013Q3,-4,diag3,gaussian_ar1,2.2159028896681976,2.1917085250273853,-0.19606349776830895,0.7933311983736999,3.4493139225505898,3.3911586209990983,-1.2334110328823922,2013-10-28,8.0,0,True,False
2013-06-07,2013Q2,10,diag3,gaussian_ar1,2.0635750111486884,2.04257175581443,-0.2578953342909637,0.7363928676411394,1.0748507650766292,1.0691153060548295,0.9887242460720591,2013-07-28,12.0,11,False,True
2013-06-07,2013Q3,-3,diag3,gaussian_ar1,2.196956408182227,2.1731710596200755,-0.20374909761506735,0.780855778724698,3.4493139225505898,3.3911586209990983,-1.252357514368363,2013-10-28,12.0,0,True,False
2013-06-14,2013Q2,11,diag3,gaussian_ar1,2.088339431782571,2.0668325332094692,-0.24783685957866386,0.7361189814523686,1.0748507650766292,1.0691153060548295,1.0134886667059417,2013-07-28,6.0,0,True,False
2013-06-14,2013Q3,-2,diag3,gaussian_ar1,2.2213132412341796,2.1970014473921444,-0.1938690616670577,0.7805101283917475,3.4493139225505898,3.3911586209990983,-1.2280006813164102,2013-10-28,6.0,0,True,False
2013-06-21,2013Q2,12,diag3,gaussian_ar1,2.1895491206156636,2.1659227458914887,-0.20675423546199856,0.7349356545516722,1.0748507650766292,1.0691153060548295,1.1146983555390344,2013-07-28,6.0,0,True,False
2013-06-21,2013Q3,-1,diag3,gaussian_ar1,2.560057048395903,2.5278363428223662,-0.056705508519266756,0.7709887038895296,3.4493139225505898,3.3911586209990983,-0.8892568741546869,2013-10-28,6.0,0,True,False
2013-06-28,2013Q2,13,diag3,gaussian_ar1,2.2381568684804343,2.2134776979422703,-0.1870380377961638,0.7346556626351061,1.0748507650766292,1.0691153060548295,1.163306103403805,2013-07-28,4.0,0,True,False
2013-06-28,2013Q3,0,diag3,gaussian_ar1,2.59855596550973,2.565367223929585,-0.04114527265376344,0.7705772615351146,3.4493139225505898,3.3911586209990983,-0.8507579570408597,2013-10-28,4.0,0,True,False
2013-07-05,2013Q2,14,diag3,gaussian_ar1,2.3159234572439846,2.289512937509588,-0.15551396410395413,0.734109428667147,1.0748507650766292,1.0691153060548295,1.2410726921673554,2013-07-28,13.0,11,False,True
2013-07-05,2013Q3,1,diag3,gaussian_ar1,2.7772252753098137,2.7393598473976932,0.030991756378063895,0.7589261791970207,3.4493139225505898,3.3911586209990983,-0.6720886472407761,2013-10-28,13.0,0,True,False
2013-07-05,2013Q4,-12,diag3,gaussian_ar1,2.5552851438157775,2.5231834440874588,-0.058634591973679484,0.8288508907589381,3.532828598657445,3.4718560953045587,-0.9775434548416673,2014-01-28,13.0,0,True,False
2013-07-12,2013Q2,15,diag3,gaussian_ar1,2.2751191009658944,2.249624234359232,-0.17205174875162688,0.7340450695079878,1.0748507650766292,1.0691153060548295,1.2002683358892652,2013-07-28,4.0,0,True,False
2013-07-12,2013Q3,2,diag3,gaussian_ar1,2.7197889805725683,2.6834599634593674,0.007815764947174897,0.7588084685783579,3.4493139225505898,3.3911586209990983,-0.7295249419780214,2013-10-28,4.0,0,True,False
2013-07-12,2013Q4,-11,diag3,gaussian_ar1,2.505751963123881,2.474872772929145,-0.07866410942349877,0.8287704442146462,3.532828598657445,3.4718560953045587,-1.0270766355335637,2014-01-28,4.0,0,True,False
2013-07-19,2013Q2,16,diag3,gaussian_ar1,2.247374830748017,2.222493457832202,-0.18330011994677187,0.7335433687217295,1.0748507650766292,1.0691153060548295,1.1725240656713876,2013-07-28,11.0,0,True,False
2013-07-19,2013Q3,3,diag3,gaussian_ar1,2.651704629714491,2.617156357096624,-0.019673591105788923,0.7547620042959777,3.4493139225505898,3.3911586209990983,-0.7976092928360989,2013-10-28,11.0,0,True,False
2013-07-19,2013Q4,-10,diag3,gaussian_ar1,2.4349530743442704,2.405780699118692,-0.10730955906951412,0.8240522998697561,3.532828598657445,3.4718560953045587,-1.0978755243131744,2014-01-28,11.0,0,True,False
2013-07-26,2013Q2,17,diag3,gaussian_ar1,2.2949751000979735,2.2690366506969895,-0.1640033958213578,0.7333473840991374,1.0748507650766292,1.0691153060548295,1.2201243350213442,2013-07-28,4.0,0,True,False
2013-07-26,2013Q3,4,diag3,gaussian_ar1,2.828201122127072,2.7889459393164993,0.05155006098330139,0.7511941440263052,3.4493139225505898,3.3911586209990983,-0.6211128004235178,2013-10-28,4.0,0,True,False
2013-07-26,2013Q4,-9,diag3,gaussian_ar1,2.63274898238417,2.598688667945633,-0.027330261842062803,0.8194023547013385,3.532828598657445,3.4718560953045587,-0.9000796162732749,2014-01-28,4.0,0,True,False
2013-08-02,2013Q3,5,diag3,gaussian_ar1,3.348300269460447,3.293465365185927,0.2671957732720749,0.7451314055552688,3.4493139225505898,3.3911586209990983,-0.10101365309014287,2013-10-28,10.0,11,False,True
2013-08-02,2013Q4,-8,diag3,gaussian_ar1,3.1346609066639886,3.0865335798080116,0.18118644917785265,0.8064528072600591,3.532828598657445,3.4718560953045587,-0.39816769199345625,2014-01-28,10.0,0,True,False
2013-08-09,2013Q3,6,diag3,gaussian_ar1,3.3899282915823337,3.3337366038186893,0.2839341492007187,0.7434224696828605,3.4493139225505898,3.3911586209990983,-0.05938563096825611,2013-10-28,9.0,0,True,False
2013-08-09,2013Q4,-7,diag3,gaussian_ar1,3.19403243570735,3.144084015203365,0.2051067668837222,0.8049055279978191,3.532828598657445,3.4718560953045587,-0.3387961629500946,2014-01-28,9.0,0,True,False
2013-08-16,2013Q3,7,diag3,gaussian_ar1,3.403008104752825,3.3463867585249925,0.28919207153483206,0.7430203308320438,3.4493139225505898,3.3911586209990983,-0.04630581779776488,2013-10-28,8.0,0,True,False
2013-08-16,2013Q4,-6,diag3,gaussian_ar1,3.206139492243665,3.155815649375105,0.20998291446921397,0.8046144565794494,3.532828598657445,3.4718560953045587,-0.32668910641378,2014-01-28,8.0,0,True,False
2013-08-23,2013Q3,8,diag3,gaussian_ar1,3.202179867554933,3.15197895839142,0.20838822857955008,0.739944503118837,3.4493139225505898,3.3911586209990983,-0.24713405499565688,2013-10-28,4.0,0,True,False
2013-08-23,2013Q4,-5,diag3,gaussian_ar1,2.958114166802539,2.9152060958790207,0.10997573080230405,0.7946319105111097,3.532828598657445,3.4718560953045587,-0.5747144318549058,2014-01-28,4.0,0,True,False
2013-08-30,2013Q3,9,diag3,gaussian_ar1,3.0279301350668364,2.982993184246427,0.1381508206859008,0.7394691960421766,3.4493139225505898,3.3911586209990983,-0.4213837874837534,2013-10-28,8.0,0,True,False
2013-08-30,2013Q4,-4,diag3,gaussian_ar1,2.806952493671444,2.7682796007478174,0.04890706261926481,0.7942551491741372,3.532828598657445,3.4718560953045587,-0.7258761049860007,2014-01-28,8.0,0,True,False
2013-09-06,2013Q3,10,diag3,gaussian_ar1,3.184721508032906,3.1350608696490627,0.2013563780833163,0.7369786614320848,3.4493139225505898,3.3911586209990983,-0.26459241451768367,2013-10-28,10.0,11,False,True
2013-09-06,2013Q4,-3,diag3,gaussian_ar1,3.2037666083494676,3.153516453625108,0.20902727456084325,0.7811814167274039,3.532828598657445,3.4718560953045587,-0.3290619903079772,2014-01-28,10.0,0,True,False
2013-09-13,2013Q3,11,diag3,gaussian_ar1,3.169853449984039,3.120650665196233,0.19536690699851456,0.736766802147983,3.4493139225505898,3.3911586209990983,-0.2794604725665506,2013-10-28,6.0,0,True,False
2013-09-13,2013Q4,-2,diag3,gaussian_ar1,3.185673698305269,3.1359836670022516,0.20173993045289923,0.7809396929592092,3.532828598657445,3.4718560953045587,-0.34715490035217567,2014-01-28,6.0,0,True,False
2013-09-20,2013Q3,12,diag3,gaussian_ar1,3.2507793328974133,3.1990593842941433,0.22795678158152632,0.7355361748291009,3.4493139225505898,3.3911586209990983,-0.1985345896531765,2013-10-28,8.0,0,True,False
2013-09-20,2013Q4,-1,diag3,gaussian_ar1,3.4129101225783165,3.355962441013979,0.2931721173123065,0.7714035544091943,3.532828598657445,3.4718560953045587,-0.11991847607912831,2014-01-28,8.0,0,True,False
2013-09-27,2013Q3,13,diag3,gaussian_ar1,3.2106264496741588,3.160163123196538,0.21178990262338226,0.7352681657259672,3.4493139225505898,3.3911586209990983,-0.238687472876431,2013-10-28,4.0,0,True,False
2013-09-27,2013Q4,0,diag3,gaussian_ar1,3.3612762136783436,3.3060201238533304,0.2724140451058455,0.7710104086114549,3.532828598657445,3.4718560953045587,-0.1715523849791012,2014-01-28,4.0,0,True,False
2013-10-04,2013Q3,14,diag3,gaussian_ar1,3.1759234356528276,3.126533979855885,0.19781225349946985,0.735101969640412,3.4493139225505898,3.3911586209990983,-0.27339048689776213,2013-10-28,9.0,12,False,True
2013-10-04,2013Q4,1,diag3,gaussian_ar1,3.273629355520735,3.2211875413112168,0.2371541498109334,0.7603640481785603,3.532828598657445,3.4718560953045587,-0.2591992431367096,2014-01-28,9.0,0,True,False
2013-10-04,2014Q1,-12,diag3,gaussian_ar1,3.479229620259061,3.4200726580910272,0.3198189489155835,0.8302575721624628,-1.3732548917761767,-1.3827712598634003,4.852484512035238,2014-04-28,9.0,0,True,False
2013-10-11,2013Q3,15,diag3,gaussian_ar1,3.1362064738347684,3.0880321599908944,0.18180932047041587,0.7345316792401814,3.4493139225505898,3.3911586209990983,-0.3131074487158214,2013-10-28,7.0,0,True,False
2013-10-11,2013Q4,2,diag3,gaussian_ar1,3.2225149194100577,3.1716811087972934,0.21657724911362183,0.7593141504862185,3.532828598657445,3.4718560953045587,-0.31031367924738706,2014-01-28,7.0,0,True,False
2013-10-11,2014Q1,-11,diag3,gaussian_ar1,3.433027004489797,3.375413518713937,0.30125678174808784,0.8294850074035578,-1.3732548917761767,-1.3827712598634003,4.806281896265974,2014-04-28,7.0,0,True,False
2013-10-18,2013Q3,16,diag3,gaussian_ar1,3.151984227511795,3.103328967485457,0.1881673000867613,0.7340330373187997,3.4493139225505898,3.3911586209990983,-0.2973296950387949,2013-10-28,12.0,0,True,False
2013-10-18,2013Q4,3,diag3,gaussian_ar1,3.1522210514588256,3.103558554610641,0.18826272589784088,0.7552586143371378,3.532828598657445,3.4718560953045587,-0.3806075471986192,2014-01-28,12.0,0,True,False
2013-10-18,2014Q1,-10,diag3,gaussian_ar1,3.333044539587071,3.278702804089594,0.26105984833682905,0.8247534272395689,-1.3732548917761767,-1.3827712598634003,4.706299431363248,2014-04-28,12.0,0,True,False
2013-10-25,2013Q3,17,diag3,gaussian_ar1,3.1465472681176943,3.098058004715195,0.18597647210754054,0.7339844234585732,3.4493139225505898,3.3911586209990983,-0.3027666544328955,2013-10-28,0.0,0,True,False
2013-10-25,2013Q4,4,diag3,gaussian_ar1,3.109052523711431,3.0617004514103403,0.17086478407102523,0.7521297286504371,3.532828598657445,3.4718560953045587,-0.423776074946014,2014-01-28,0.0,0,True,False
2013-10-25,2014Q1,-9,diag3,gaussian_ar1,3.279960152131234,3.2273174726550033,0.23970200030504774,0.820430831417083,-1.3732548917761767,-1.3827712598634003,4.6532150439074105,2014-04-28,0.0,0,True,False
2013-11-01,2013Q4,5,diag3,gaussian_ar1,3.2556548478096303,3.2037812855099315,0.22815135849743517,0.7453705256815564,3.532828598657445,3.4718560953045587,-0.2771737508478145,2014-01-28,13.0,11,False,True
2013-11-01,2014Q1,-8,diag3,gaussian_ar1,3.487557567989441,3.428120275632014,0.3217686111334123,0.8063564634022888,-1.3732548917761767,-1.3827712598634003,4.860812459765618,2014-04-28,13.0,0,True,False
2013-11-08,2013Q4,6,diag3,gaussian_ar1,3.324557533425554,3.2704892120599056,0.25598875229711615,0.743616860855321,3.532828598657445,3.4718560953045587,-0.20827106523189087,2014-01-28,10.0,0,True,False
2013-11-08,2014Q1,-7,diag3,gaussian_ar1,3.560616828803176,3.498692512319243,0.3512185917517568,0.804771719120498,-1.3732548917761767,-1.3827712598634003,4.9338717205793525,2014-04-28,10.0,0,True,False
2013-11-15,2013Q4,7,diag3,gaussian_ar1,3.317150940375102,3.2633206756513395,0.2529973031351772,0.74323573902351,3.532828598657445,3.4718560953045587,-0.21567765828234275,2014-01-28,6.0,0,True,False
2013-11-15,2014Q1,-6,diag3,gaussian_ar1,3.5531987760651917,3.491529250207083,0.34822934356762764,0.8044968341657597,-1.3732548917761767,-1.3827712598634003,4.926453667841368,2014-04-28,6.0,0,True,False
2013-11-22,2013Q4,8,diag3,gaussian_ar1,3.1089987953257125,3.061648343085795,0.16883890651762468,0.7401694665960561,3.532828598657445,3.4718560953045587,-0.42382980333173226,2014-01-28,6.0,0,True,False
2013-11-22,2014Q1,-5,diag3,gaussian_ar1,3.191516548752138,3.1416459695478247,0.20222212716374988,0.7945857247164013,-1.3732548917761767,-1.3827712598634003,4.564771440528315,2014-04-28,6.0,0,True,False
2013-11-29,2013Q4,9,diag3,gaussian_ar1,3.089157282999877,3.042403251117523,0.16080787884911346,0.7397689080241303,3.532828598657445,3.4718560953045587,-0.4436713156575678,2014-01-28,4.0,0,True,False
2013-11-29,2014Q1,-4,diag3,gaussian_ar1,3.171002213213381,3.1217641269250485,0.19392538176665108,0.7942634304267819,-1.3732548917761767,-1.3827712598634003,4.5442571049895575,2014-04-28,4.0,0,True,False
2013-12-06,2013Q4,10,diag3,gaussian_ar1,3.293282295982203,3.2402157006263996,0.24335553608041494,0.7366495784354173,3.532828598657445,3.4718560953045587,-0.23954630267524202,2014-01-28,13.0,11,False,True
2013-12-06,2014Q1,-3,diag3,gaussian_ar1,3.6784226263574027,3.6123832633989634,0.3986620422211208,0.7809069622137852,-1.3732548917761767,-1.3827712598634003,5.051677518133579,2014-04-28,13.0,0,True,False
2013-12-13,2013Q4,11,diag3,gaussian_ar1,3.316216585403642,3.2624163154478887,0.25261991123556,0.7365235984712074,3.532828598657445,3.4718560953045587,-0.21661201325380297,2014-01-28,6.0,0,True,False
2013-12-13,2014Q1,-2,diag3,gaussian_ar1,3.6978567163118203,3.631126091723309,0.40648347394548656,0.7807742877402317,-1.3732548917761767,-1.3827712598634003,5.071111608087997,2014-04-28,6.0,0,True,False
2013-12-20,2013Q4,12,diag3,gaussian_ar1,3.2802170819773657,3.2275662426256457,0.23807688387323356,0.7350944622769401,3.532828598657445,3.4718560953045587,-0.2526115166800791,2014-01-28,9.0,0,True,False
2013-12-20,2014Q1,-1,diag3,gaussian_ar1,3.5334442154817847,3.4724507037996855,0.3402678158012033,0.7711162130884432,-1.3732548917761767,-1.3827712598634003,4.906699107257961,2014-04-28,9.0,0,True,False
2013-12-27,2013Q4,13,diag3,gaussian_ar1,3.3334720470237222,3.279116521264199,0.2595889511965919,0.7348230905641374,3.532828598657445,3.4718560953045587,-0.19935655163372257,2014-01-28,4.0,0,True,False
2013-12-27,2014Q1,0,diag3,gaussian_ar1,3.588076885913183,3.5252049240351315,0.36228229113029403,0.7707172949491051,-1.3732548917761767,-1.3827712598634003,4.9613317776893595,2014-04-28,4.0,0,True,False
2014-01-03,2013Q4,14,diag3,gaussian_ar1,3.38832882224378,3.3321895655943514,0.2817364726618194,0.7345377383037087,3.532828598657445,3.4718560953045587,-0.14449977641366463,2014-01-28,8.0,2,True,True
2014-01-03,2014Q1,1,diag3,gaussian_ar1,3.8138038302784505,3.7428760779433716,0.4531170381169996,0.7607728109773777,-1.3732548917761767,-1.3827712598634003,5.187058722054627,2014-04-28,8.0,0,True,False
2014-01-03,2014Q2,-12,diag3,gaussian_ar1,3.479946589505478,3.4207655186440693,0.3186994516322395,0.8307527354077427,5.268365026582655,5.134276091659679,-1.7884184370771772,2014-07-28,8.0,0,True,False
2014-01-10,2013Q4,15,diag3,gaussian_ar1,3.2633291719776025,3.2112133617502114,0.23125278352666218,0.7338651237994672,3.532828598657445,3.4718560953045587,-0.2694994266798423,2014-01-28,8.0,0,True,False
2014-01-10,2014Q1,2,diag3,gaussian_ar1,3.594614457879497,3.531515848877433,0.3649158567222891,0.7588087909350278,-1.3732548917761767,-1.3827712598634003,4.967869349655674,2014-04-28,8.0,0,True,False
2014-01-10,2014Q2,-11,diag3,gaussian_ar1,3.2775419194169597,3.2249760106503533,0.23699597323400456,0.8292283554594158,5.268365026582655,5.134276091659679,-1.9908231071656957,2014-07-28,8.0,0,True,False
2014-01-17,2013Q4,16,diag3,gaussian_ar1,3.262189135004978,3.2101093461477106,0.2307920749021063,0.7333622457472071,3.532828598657445,3.4718560953045587,-0.2706394636524667,2014-01-28,10.0,0,True,False
2014-01-17,2014Q1,3,diag3,gaussian_ar1,3.694612515328499,3.6279975297310507,0.40517791676945936,0.7548214128202944,-1.3732548917761767,-1.3827712598634003,5.067867407104676,2014-04-28,10.0,0,True,False
2014-01-17,2014Q2,-10,diag3,gaussian_ar1,3.407737576621628,3.350960478187427,0.2895696240256436,0.8245840520098341,5.268365026582655,5.134276091659679,-1.8606274499610276,2014-07-28,10.0,0,True,False
2014-01-24,2013Q4,17,diag3,gaussian_ar1,3.2783308465126115,3.225739898004507,0.23731474544288556,0.7333121460760222,3.532828598657445,3.4718560953045587,-0.2544977521448333,2014-01-28,2.0,0,True,False
2014-01-24,2014Q1,4,diag3,gaussian_ar1,3.825061290959675,3.7537193858045157,0.4576419791042705,0.7516785608013202,-1.3732548917761767,-1.3827712598634003,5.1983161827358515,2014-04-28,2.0,0,True,False
2014-01-24,2014Q2,-9,diag3,gaussian_ar1,3.566711331103556,3.5045773005374845,0.3536743294059044,0.8202510278387963,5.268365026582655,5.134276091659679,-1.7016536954790995,2014-07-28,2.0,0,True,False
2014-01-31,2014Q1,5,diag3,gaussian_ar1,3.7255148512467917,3.6577943836229894,0.4162866068672129,0.7508572049575554,-1.3732548917761767,-1.3827712598634003,5.098769743022968,2014-04-28,10.0,0,True,False
2014-01-31,2014Q2,-8,diag3,gaussian_ar1,3.526604084869134,3.4658437985359294,0.3358749790707316,0.8154728070470595,5.268365026582655,5.134276091659679,-1.7417609417135216,2014-07-28,10.0,0,True,False
2014-02-07,2014Q1,6,diag3,gaussian_ar1,3.078387451567055,3.0319556014096283,0.15411123921663344,0.7431367921482948,-1.3732548917761767,-1.3827712598634003,4.451642343343232,2014-04-28,13.0,2,True,True
2014-02-07,2014Q2,-7,diag3,gaussian_ar1,2.6726166667128126,2.637526118397757,-0.011122520115352218,0.8043717696770077,5.268365026582655,5.134276091659679,-2.5957483598698428,2014-07-28,13.0,0,True,False
2014-02-14,2014Q1,7,diag3,gaussian_ar1,3.0076413083899967,2.963298694988792,0.1253495993275645,0.7417730340465564,-1.3732548917761767,-1.3827712598634003,4.380896200166173,2014-04-28,6.0,0,True,False
2014-02-14,2014Q2,-6,diag3,gaussian_ar1,2.542606627799171,2.510820063924702,-0.06420201496152267,0.7998877779038295,5.268365026582655,5.134276091659679,-2.7257583987834844,2014-07-28,6.0,0,True,False
2014-02-21,2014Q1,8,diag3,gaussian_ar1,2.7682567443096717,2.730633281464243,0.027881781633938604,0.7396821211671397,-1.3732548917761767,-1.3827712598634003,4.141511636085848,2014-04-28,6.0,0,True,False
2014-02-21,2014Q2,-5,diag3,gaussian_ar1,2.212409806475657,2.1882911087734307,-0.19931532177144454,0.794245797779626,5.268365026582655,5.134276091659679,-3.0559552201069984,2014-07-28,6.0,0,True,False
2014-02-28,2014Q1,9,diag3,gaussian_ar1,2.6773130287239377,2.642100127279969,-0.009206383732608361,0.7392774325023451,-1.3732548917761767,-1.3827712598634003,4.050567920500114,2014-04-28,4.0,0,True,False
2014-02-28,2014Q2,-4,diag3,gaussian_ar1,2.135918012529525,2.1134269801210603,-0.23067728113078653,0.7939205348627204,5.268365026582655,5.134276091659679,-3.13244701405313,2014-07-28,4.0,0,True,False
2014-03-07,2014Q1,10,diag3,gaussian_ar1,2.7277877141729245,2.691246605417463,0.011381979182293084,0.7362045922195827,-1.3732548917761767,-1.3827712598634003,4.101042605949101,2014-04-28,15.0,11,False,True
2014-03-07,2014Q2,-3,diag3,gaussian_ar1,2.38954484985896,2.361442032905024,-0.1267792174528699,0.7807083727205291,5.268365026582655,5.134276091659679,-2.8788201767236954,2014-07-28,15.0,0,True,False
2014-03-14,2014Q1,11,diag3,gaussian_ar1,2.766488177407944,2.728912339438182,0.027160847391429196,0.736007283493498,-1.3732548917761767,-1.3827712598634003,4.139743069184121,2014-04-28,6.0,0,True,False
2014-03-14,2014Q2,-2,diag3,gaussian_ar1,2.4374575498903095,2.4082256115776586,-0.10718071654960334,0.7804653316381385,5.268365026582655,5.134276091659679,-2.830907476692346,2014-07-28,6.0,0,True,False
2014-03-21,2014Q1,12,diag3,gaussian_ar1,2.9149946293147044,2.8733166637229566,0.08765447272381928,0.7346237770357408,-1.3732548917761767,-1.3827712598634003,4.288249521090881,2014-04-28,7.0,0,True,False
2014-03-21,2014Q2,-1,diag3,gaussian_ar1,2.6919926387399817,2.6563959442652134,-0.003217603266309474,0.7708127498871196,5.268365026582655,5.134276091659679,-2.5763723878426736,2014-07-28,7.0,0,True,False
2014-03-28,2014Q1,13,diag3,gaussian_ar1,2.978870622118901,2.9353641606461753,0.11364730950538071,0.7343519272966823,-1.3732548917761767,-1.3827712598634003,4.352125513895078,2014-04-28,4.0,0,True,False
2014-03-28,2014Q2,0,diag3,gaussian_ar1,2.779838497519238,2.741902423324398,0.03260263226553968,0.7704103994861763,5.268365026582655,5.134276091659679,-2.4885265290634173,2014-07-28,4.0,0,True,False
2014-04-04,2014Q1,14,diag3,gaussian_ar1,2.9982074840261497,2.9541399022401946,0.12151281272318241,0.7336639039795497,-1.3732548917761767,-1.3827712598634003,4.371462375802326,2014-04-28,12.0,2,True,True
2014-04-04,2014Q2,1,diag3,gaussian_ar1,2.794702610013311,2.7563634674205213,0.03866062940516052,0.7591281540678344,5.268365026582655,5.134276091659679,-2.4736624165693444,2014-07-28,12.0,0,True,False
2014-04-04,2014Q3,-12,diag3,gaussian_ar1,2.830341850373186,2.791027767005508,0.05318214156824894,0.8292882395402255,4.950916534930627,4.832259330312024,-2.1205746845574414,2014-10-28,12.0,0,True,False
2014-04-11,2014Q1,15,diag3,gaussian_ar1,3.062855377995999,3.0168862505245158,0.14779841118352982,0.7333681917883301,-1.3732548917761767,-1.3827712598634003,4.4361102697721755,2014-04-28,5.0,0,True,False
2014-04-11,2014Q2,2,diag3,gaussian_ar1,2.897945608419361,2.856749171985408,0.08071404595451884,0.7584214573865835,5.268365026582655,5.134276091659679,-2.3704194181632943,2014-07-28,5.0,0,True,False
2014-04-11,2014Q3,-11,diag3,gaussian_ar1,2.9261087502161054,2.8841154019047224,0.09217826260937712,0.8287377345631276,4.950916534930627,4.832259330312024,-2.024807784714522,2014-10-28,5.0,0,True,False
2014-04-18,2014Q1,16,diag3,gaussian_ar1,3.225031802943912,3.1741193877441316,0.21366626202463185,0.7328618258575623,-1.3732548917761767,-1.3827712598634003,4.598286694720088,2014-04-28,11.0,0,True,False
2014-04-18,2014Q2,3,diag3,gaussian_ar1,3.14662636124019,3.098134685025165,0.18183487359467432,0.7543423069620341,5.268365026582655,5.134276091659679,-2.1217386653424652,2014-07-28,11.0,0,True,False
2014-04-18,2014Q3,-10,diag3,gaussian_ar1,3.130484672949363,3.0824841959884965,0.17527859610961893,0.8240260927940997,4.950916534930627,4.832259330312024,-1.8204318619812643,2014-10-28,11.0,0,True,False
2014-04-25,2014Q1,17,diag3,gaussian_ar1,3.237984438443542,3.1866665603587947,0.2189225032271835,0.7328118905692464,-1.3732548917761767,-1.3827712598634003,4.6112393302197185,2014-04-28,0.0,0,True,False
2014-04-25,2014Q2,4,diag3,gaussian_ar1,3.2529654156725263,3.2011766173524294,0.22500103277033998,0.7511974070933524,5.268365026582655,5.134276091659679,-2.015399610910129,2014-07-28,0.0,0,True,False
2014-04-25,2014Q3,-9,diag3,gaussian_ar1,3.2606787905585577,3.2086467047834772,0.2281303896818604,0.819713789025368,4.950916534930627,4.832259330312024,-1.6902377443720695,2014-10-28,0.0,0,True,False
2014-05-02,2014Q2,5,diag3,gaussian_ar1,3.61454873367113,3.5507565769862746,0.38289591097621756,0.7476722343072029,5.268365026582655,5.134276091659679,-1.6538162929115252,2014-07-28,13.0,2,True,True
2014-05-02,2014Q3,-8,diag3,gaussian_ar1,3.0645417030968014,3.0185224474830212,0.16168970664120164,0.8067575094983817,4.950916534930627,4.832259330312024,-1.8863748318338258,2014-10-28,13.0,0,True,False
2014-05-09,2014Q2,6,diag3,gaussian_ar1,3.7946099556132484,3.724385618554102,0.4550593050888665,0.7459238584316897,5.268365026582655,5.134276091659679,-1.473755070969407,2014-07-28,10.0,0,True,False
2014-05-09,2014Q3,-7,diag3,gaussian_ar1,3.228895530751008,3.177862332097319,0.22791426670014614,0.805136424038204,4.950916534930627,4.832259330312024,-1.7220210041796191,2014-10-28,10.0,0,True,False
2014-05-16,2014Q2,7,diag3,gaussian_ar1,3.79338931615103,3.723209597332736,0.4545705292359563,0.7455227542268037,5.268365026582655,5.134276091659679,-1.4749757104316252,2014-07-28,8.0,0,True,False
2014-05-16,2014Q3,-6,diag3,gaussian_ar1,3.2320754908501836,3.180942778811964,0.2291945564967417,0.8048472963721154,4.950916534930627,4.832259330312024,-1.7188410440804436,2014-10-28,8.0,0,True,False
2014-05-23,2014Q2,8,diag3,gaussian_ar1,3.8949638124862185,3.8210239455170556,0.49522395503477057,0.7425743563703104,5.268365026582655,5.134276091659679,-1.373401214096437,2014-07-28,4.0,0,True,False
2014-05-23,2014Q3,-5,diag3,gaussian_ar1,3.4927443066116615,3.433132094221833,0.33400903220075095,0.79532995699937,4.950916534930627,4.832259330312024,-1.4581722283189658,2014-10-28,4.0,0,True,False
2014-05-30,2014Q2,9,diag3,gaussian_ar1,3.8868037143217515,3.813169456390505,0.49195948620355057,0.7421157003436022,5.268365026582655,5.134276091659679,-1.3815613122609038,2014-07-28,8.0,0,True,False
2014-05-30,2014Q3,-4,diag3,gaussian_ar1,3.48384136402613,3.4245292442306767,0.33043353095511796,0.7949639483506968,4.950916534930627,4.832259330312024,-1.4670751709044971,2014-10-28,8.0,0,True,False
2014-06-06,2014Q2,10,diag3,gaussian_ar1,3.8387670799288065,3.7669193629951074,0.47273710446774464,0.7423058546605276,5.268365026582655,5.134276091659679,-1.4295979466538489,2014-07-28,10.0,2,True,True
2014-06-06,2014Q3,-3,diag3,gaussian_ar1,3.373684133608701,3.318023821655008,0.28616793624203696,0.7847321847475042,4.950916534930627,4.832259330312024,-1.5772324013219263,2014-10-28,10.0,0,True,False
2014-06-13,2014Q2,11,diag3,gaussian_ar1,3.8197135094417245,3.748568491423215,0.46511014779278215,0.7420962019998126,5.268365026582655,5.134276091659679,-1.4486515171409309,2014-07-28,6.0,0,True,False
2014-06-13,2014Q3,-2,diag3,gaussian_ar1,3.355505380475865,3.3004368004680837,0.27885844970845053,0.7844961972301507,4.950916534930627,4.832259330312024,-1.5954111544547622,2014-10-28,6.0,0,True,False
2014-06-20,2014Q2,12,diag3,gaussian_ar1,3.7695297891387147,3.700219433944909,0.44501539832992165,0.7409250143096116,5.268365026582655,5.134276091659679,-1.4988352374439406,2014-07-28,8.0,0,True,False
2014-06-20,2014Q3,-1,diag3,gaussian_ar1,3.2366457938792337,3.185369893002786,0.23103454583982164,0.7754699564725004,4.950916534930627,4.832259330312024,-1.7142707410513935,2014-10-28,8.0,0,True,False
2014-06-27,2014Q2,13,diag3,gaussian_ar1,3.768561925406688,3.699286724461042,0.44462774726953946,0.7406693817653711,5.268365026582655,5.134276091659679,-1.4998031011759672,2014-07-28,4.0,0,True,False
2014-06-27,2014Q3,0,diag3,gaussian_ar1,3.249291573701152,3.19761845578525,0.2361252717656407,0.7750886702106856,4.950916534930627,4.832259330312024,-1.7016249612294754,2014-10-28,4.0,0,True,False
2014-07-04,2014Q2,14,diag3,gaussian_ar1,3.7446932741913797,3.676282265013276,0.43506667466044435,0.747921425003436,5.268365026582655,5.134276091659679,-1.5236717523912757,2014-07-28,9.0,11,False,True
2014-07-04,2014Q3,1,diag3,gaussian_ar1,3.3026264748246437,3.249261551441567,0.25758908353003473,0.7716447475279127,4.950916534930627,4.832259330312024,-1.6482900601059836,2014-10-28,9.0,0,True,False
2014-07-04,2014Q4,-12,diag3,gaussian_ar1,3.7892149610654347,3.719187723630257,0.4528989652254509,0.8373475729444104,2.0383303103057804,2.017834406173431,1.7508846507596543,2015-01-28,9.0,0,True,False
2014-07-11,2014Q2,15,diag3,gaussian_ar1,3.698766274111165,3.632003210922494,0.41666349278237025,0.7473817846046426,5.268365026582655,5.134276091659679,-1.5695987524714905,2014-07-28,7.0,0,True,False
2014-07-11,2014Q3,2,diag3,gaussian_ar1,3.2592641052434868,3.207276681825623,0.24013940653184696,0.7705785933758766,4.950916534930627,4.832259330312024,-1.6916524296871405,2014-10-28,7.0,0,True,False
2014-07-11,2014Q4,-11,diag3,gaussian_ar1,3.7561629643669825,3.687337342467122,0.43966136633209135,0.836505181016263,2.0383303103057804,2.017834406173431,1.7178326540612021,2015-01-28,7.0,0,True,False
2014-07-18,2014Q2,16,diag3,gaussian_ar1,3.6832443401061177,3.6170337986884626,0.4104419322362498,0.7469222274859217,5.268365026582655,5.134276091659679,-1.5851206864765377,2014-07-28,12.0,0,True,False
2014-07-18,2014Q3,3,diag3,gaussian_ar1,3.291402592243542,3.2383959106068887,0.2530731251698486,0.7668580618511837,4.950916534930627,4.832259330312024,-1.6595139426870853,2014-10-28,12.0,0,True,False
2014-07-18,2014Q4,-10,diag3,gaussian_ar1,3.816039148019046,3.7450292537187044,0.46363917609920646,0.8321725057062699,2.0383303103057804,2.017834406173431,1.7777088377132655,2015-01-28,12.0,0,True,False
2014-07-25,2014Q2,17,diag3,gaussian_ar1,3.698166805419123,3.631425122632424,0.41642322875319904,0.7468764879353362,5.268365026582655,5.134276091659679,-1.5701982211635324,2014-07-28,0.0,0,True,False
2014-07-25,2014Q3,4,diag3,gaussian_ar1,3.4150127136056696,3.3579956200921077,0.30278094416952095,0.7639312667662509,4.950916534930627,4.832259330312024,-1.5359038213249576,2014-10-28,0.0,0,True,False
2014-07-25,2014Q4,-9,diag3,gaussian_ar1,3.9683833723922035,3.891666089938896,0.524584117729008,0.8281230522113525,2.0383303103057804,2.017834406173431,1.9300530620864231,2015-01-28,0.0,0,True,False
2014-08-01,2014Q3,5,diag3,gaussian_ar1,3.731832384038136,3.6638848237809185,0.42095760924445313,0.756999310923265,4.950916534930627,4.832259330312024,-1.219084150892491,2014-10-28,13.0,11,False,True
2014-08-01,2014Q4,-8,diag3,gaussian_ar1,4.672748639594038,4.566861758544568,0.796131739865628,0.8149802444265479,2.0383303103057804,2.017834406173431,2.6344183292882573,2015-01-28,13.0,0,True,False
2014-08-08,2014Q3,6,diag3,gaussian_ar1,3.6502064251525246,3.585164445131391,0.3882504065629844,0.7552691479877757,4.950916534930627,4.832259330312024,-1.3007101097781026,2014-10-28,10.0,0,True,False
2014-08-08,2014Q4,-7,diag3,gaussian_ar1,4.619959780770722,4.51641675227448,0.7751725540404508,0.8133165706445837,2.0383303103057804,2.017834406173431,2.581629470464941,2015-01-28,10.0,0,True,False
2014-08-15,2014Q3,7,diag3,gaussian_ar1,3.589005569120185,3.5261014355565856,0.36371056239199473,0.7548993504897767,4.950916534930627,4.832259330312024,-1.3619109658104422,2014-10-28,6.0,0,True,False
2014-08-15,2014Q4,-6,diag3,gaussian_ar1,4.565501440899999,4.4643497101550516,0.7535394352872177,0.81305781494521,2.0383303103057804,2.017834406173431,2.527171130594219,2015-01-28,6.0,0,True,False
2014-08-22,2014Q3,8,diag3,gaussian_ar1,3.549673443277279,3.488124823459666,0.34793181779855864,0.7520301705431146,4.950916534930627,4.832259330312024,-1.401243091653348,2014-10-28,6.0,0,True,False
2014-08-22,2014Q4,-5,diag3,gaussian_ar1,4.535840858728202,4.43598013390601,0.7417522780569931,0.8037529912853688,2.0383303103057804,2.017834406173431,2.4975105484224214,2015-01-28,6.0,0,True,False
2014-08-29,2014Q3,9,diag3,gaussian_ar1,3.740035062656144,3.671792092099486,0.42424296726722854,0.7516529017430243,4.950916534930627,4.832259330312024,-1.2108814722744832,2014-10-28,4.0,0,True,False
2014-08-29,2014Q4,-4,diag3,gaussian_ar1,4.702712941503706,4.595484312389197,0.8080240057047628,0.8034465131020021,2.0383303103057804,2.017834406173431,2.6643826311979257,2015-01-28,4.0,0,True,False
2014-09-05,2014Q3,10,diag3,gaussian_ar1,3.899673176562546,3.825556655451609,0.4881299660985743,0.7485488515464517,4.950916534930627,4.832259330312024,-1.0512433583680814,2014-10-28,13.0,11,False,True
2014-09-05,2014Q4,-3,diag3,gaussian_ar1,5.101893893567144,4.976011165222086,0.9661275249568455,0.790688402962076,2.0383303103057804,2.017834406173431,3.063563583261364,2015-01-28,13.0,0,True,False
2014-09-12,2014Q3,11,diag3,gaussian_ar1,3.8573524888320554,3.7848160950009406,0.4712028401005002,0.7484396518987165,4.950916534930627,4.832259330312024,-1.0935640460985718,2014-10-28,4.0,0,True,False
2014-09-12,2014Q4,-2,diag3,gaussian_ar1,5.05864479337399,4.9348530095817225,0.9490268940704251,0.7905919584364263,2.0383303103057804,2.017834406173431,3.0203144830682094,2015-01-28,4.0,0,True,False
2014-09-19,2014Q3,12,diag3,gaussian_ar1,3.702764583127305,3.6358588324312766,0.40931320667491167,0.747091964652472,4.950916534930627,4.832259330312024,-1.2481519518033224,2014-10-28,11.0,0,True,False
2014-09-19,2014Q4,-1,diag3,gaussian_ar1,5.04224410773364,4.91924080940548,0.9425402459593759,0.7814278686837851,2.0383303103057804,2.017834406173431,3.0039137974278596,2015-01-28,11.0,0,True,False
2014-09-26,2014Q3,13,diag3,gaussian_ar1,3.568804571528661,3.5065984318881878,0.3556073405220941,0.7468383525467913,4.950916534930627,4.832259330312024,-1.3821119634019663,2014-10-28,4.0,0,True,False
2014-09-26,2014Q4,0,diag3,gaussian_ar1,4.88924285191652,4.773477746300501,0.8819777571828447,0.7810508458440151,2.0383303103057804,2.017834406173431,2.8509125416107395,2015-01-28,4.0,0,True,False
2014-10-03,2014Q3,14,diag3,gaussian_ar1,3.554379773272398,3.4926697176061787,0.34982015696264757,0.7466361436295009,4.950916534930627,4.832259330312024,-1.3965367616582292,2014-10-28,9.0,3,True,True
2014-10-03,2014Q4,1,diag3,gaussian_ar1,4.463861856772966,4.36710060549919,0.7131338093090743,0.7705830118726341,2.0383303103057804,2.017834406173431,2.4255315464671856,2015-01-28,9.0,0,True,False
2014-10-03,2015Q1,-12,diag3,gaussian_ar1,3.647105336323908,3.5821725213071156,0.38700730457837923,0.8371151956021974,3.650885031119766,3.585819150769915,-0.0037796947958579352,2015-04-28,9.0,0,True,False
2014-10-10,2014Q3,15,diag3,gaussian_ar1,3.4733027698886643,3.414344919170845,0.31727731225892697,0.7460972523559349,4.950916534930627,4.832259330312024,-1.477613765041963,2014-10-28,7.0,0,True,False
2014-10-10,2014Q4,2,diag3,gaussian_ar1,4.360434342923858,4.268043623923283,0.6719770360694278,0.7694976747621532,2.0383303103057804,2.017834406173431,2.3221040326180775,2015-01-28,7.0,0,True,False
2014-10-10,2015Q1,-11,diag3,gaussian_ar1,3.5591875002409123,3.4973123173476446,0.3517490914179695,0.8362203756761414,3.650885031119766,3.585819150769915,-0.09169753087885368,2015-04-28,7.0,0,True,False
2014-10-17,2014Q3,16,diag3,gaussian_ar1,3.3802762660500196,3.3244006111789526,0.2799067258618182,0.7456427179249618,4.950916534930627,4.832259330312024,-1.5706402688806076,2014-10-28,10.0,0,True,False
2014-10-17,2014Q4,3,diag3,gaussian_ar1,3.935202485287803,3.859746594900618,0.5023354018244933,0.7657872863368101,2.0383303103057804,2.017834406173431,1.8968721749820228,2015-01-28,10.0,0,True,False
2014-10-17,2015Q1,-10,diag3,gaussian_ar1,3.079585235177662,3.0331176070259986,0.15888276208093527,0.8318727280092382,3.650885031119766,3.585819150769915,-0.571299795942104,2015-04-28,10.0,0,True,False
2014-10-24,2014Q3,17,diag3,gaussian_ar1,3.386252129863454,3.330180912141058,0.2823083590649458,0.7455953169267796,4.950916534930627,4.832259330312024,-1.5646644050671732,2014-10-28,2.0,0,True,False
2014-10-24,2014Q4,4,diag3,gaussian_ar1,3.9818577231873764,3.9046252966635837,0.5209818669434887,0.7628193070125129,2.0383303103057804,2.017834406173431,1.943527412881596,2015-01-28,2.0,0,True,False
2014-10-24,2015Q1,-9,diag3,gaussian_ar1,3.1348124045959214,3.086680473024449,0.18113737447566608,0.8277771832689195,3.650885031119766,3.585819150769915,-0.5160726265238447,2015-04-28,2.0,0,True,False
2014-10-31,2014Q4,5,diag3,gaussian_ar1,3.8541375509974385,3.781720514843818,0.4626633516956697,0.7619837745492833,2.0383303103057804,2.017834406173431,1.815807240691658,2015-01-28,10.0,0,True,False
2014-10-31,2015Q1,-8,diag3,gaussian_ar1,3.2500705232288096,3.1983728886510487,0.22010010198072372,0.8228949937419142,3.650885031119766,3.585819150769915,-0.4008145078909564,2015-04-28,10.0,0,True,False
2014-11-07,2014Q4,6,diag3,gaussian_ar1,4.102442333626244,4.02052507757366,0.5619612800348268,0.7547032478696819,2.0383303103057804,2.017834406173431,2.0641120233204635,2015-01-28,13.0,3,True,True
2014-11-07,2015Q1,-7,diag3,gaussian_ar1,3.6387303782242864,3.574091932418534,0.37632878646313406,0.8120212936131193,3.650885031119766,3.585819150769915,-0.012154652895479678,2015-04-28,13.0,0,True,False
2014-11-14,2014Q4,7,diag3,gaussian_ar1,4.042210794123902,3.9626503829529125,0.5378962570997209,0.7543347180076341,2.0383303103057804,2.017834406173431,2.0038804838181212,2015-01-28,6.0,0,True,False
2014-11-14,2015Q1,-6,diag3,gaussian_ar1,3.5871090166456954,3.5242705753936425,0.35561244217278687,0.8117595722293902,3.650885031119766,3.585819150769915,-0.06377601447407066,2015-04-28,6.0,0,True,False
2014-11-21,2014Q4,8,diag3,gaussian_ar1,4.218364112204487,4.131816688355013,0.6082377257852293,0.7514948240108127,2.0383303103057804,2.017834406173431,2.1800338018987064,2015-01-28,6.0,0,True,False
2014-11-21,2015Q1,-5,diag3,gaussian_ar1,4.040362979363499,3.960874343059775,0.5371577574662956,0.8025993687803995,3.650885031119766,3.585819150769915,0.3894779482437327,2015-04-28,6.0,0,True,False
2014-11-28,2014Q4,9,diag3,gaussian_ar1,4.14596279574897,4.062321760462304,0.5793408643059458,0.7511339581475704,2.0383303103057804,2.017834406173431,2.1076324854431894,2015-01-28,4.0,0,True,False
2014-11-28,2015Q1,-4,diag3,gaussian_ar1,3.9718468971838616,3.894997359494085,0.5097652825548928,0.8023053174466391,3.650885031119766,3.585819150769915,0.3209618660640956,2015-04-28,4.0,0,True,False
2014-12-05,2014Q4,10,diag3,gaussian_ar1,4.16939491252335,4.0848185337496945,0.5886953044230754,0.7489198518295073,2.0383303103057804,2.017834406173431,2.1310646022175694,2015-01-28,13.0,12,False,True
2014-12-05,2015Q1,-3,diag3,gaussian_ar1,3.874091241671951,3.8009318573289956,0.4706516685334442,0.7900035734442339,3.650885031119766,3.585819150769915,0.22320621055218481,2015-04-28,13.0,0,True,False
2014-12-12,2014Q4,11,diag3,gaussian_ar1,4.173221699147023,4.088492085216338,0.5902228131361213,0.748810376244548,2.0383303103057804,2.017834406173431,2.1348913888412424,2015-01-28,4.0,0,True,False
2014-12-12,2015Q1,-2,diag3,gaussian_ar1,3.8776154302437416,3.804324550104987,0.47206239268501027,0.7899068241317262,3.650885031119766,3.585819150769915,0.22673039912397552,2015-04-28,4.0,0,True,False
2014-12-19,2014Q4,12,diag3,gaussian_ar1,4.067555268838241,3.9870072166749617,0.5480241336438427,0.7477712959311733,2.0383303103057804,2.017834406173431,2.0292249585324607,2015-01-28,11.0,0,True,False
2014-12-19,2015Q1,-1,diag3,gaussian_ar1,3.5060009992209373,3.4459405705319615,0.3230418450256953,0.7852809263628625,3.650885031119766,3.585819150769915,-0.1448840318988287,2015-04-28,11.0,0,True,False
2014-12-26,2014Q4,13,diag3,gaussian_ar1,3.9800012221127057,3.9028398720822333,0.5130262975207495,0.7472575679575251,2.0383303103057804,2.017834406173431,1.9416709118069253,2015-01-28,4.0,0,True,False
2014-12-26,2015Q1,0,diag3,gaussian_ar1,3.3771984667257504,3.321423403870271,0.2712660474830195,0.7806791527041347,3.650885031119766,3.585819150769915,-0.2736865643940156,2015-04-28,4.0,0,True,False
2015-01-02,2014Q4,14,diag3,gaussian_ar1,3.9660679191840575,3.889438990779642,0.5074540432218582,0.747181350213895,2.0383303103057804,2.017834406173431,1.9277376088782772,2015-01-28,8.0,11,False,True
2015-01-02,2015Q1,1,diag3,gaussian_ar1,3.337409887388665,3.2829272567955536,0.2552588673443244,0.7716916732256366,3.650885031119766,3.585819150769915,-0.3134751437311012,2015-04-28,8.0,0,True,False
2015-01-02,2015Q2,-12,diag3,gaussian_ar1,3.254011387008271,3.2021896304253517,0.22168715101723038,0.8368667314908509,2.5007353109643082,2.469978633014557,0.7532760760439627,2015-07-28,8.0,0,True,False
2015-01-09,2014Q4,15,diag3,gaussian_ar1,3.8709158680063194,3.797874865769913,0.4693805331527075,0.7465373675094106,2.0383303103057804,2.017834406173431,1.832585557700539,2015-01-28,8.0,0,True,False
2015-01-09,2015Q1,2,diag3,gaussian_ar1,3.2002419100367163,3.1501011146126583,0.20002809370552724,0.7696611846792625,3.650885031119766,3.585819150769915,-0.4506431210830497,2015-04-28,8.0,0,True,False
2015-01-09,2015Q2,-11,diag3,gaussian_ar1,3.133677303507243,3.0855798676045034,0.17319935103607983,0.8352029286466205,2.5007353109643082,2.469978633014557,0.6329419925429347,2015-07-28,8.0,0,True,False
2015-01-16,2014Q4,16,diag3,gaussian_ar1,3.840635808081605,3.768718990812669,0.4572571551524094,0.746400884481203,2.0383303103057804,2.017834406173431,1.8023054977758246,2015-01-28,8.0,0,True,False
2015-01-16,2015Q1,3,diag3,gaussian_ar1,3.1304730674686754,3.0824729427869233,0.17190745278101907,0.7692538973427656,3.650885031119766,3.585819150769915,-0.5204119636510907,2015-04-28,8.0,0,True,False
2015-01-16,2015Q2,-10,diag3,gaussian_ar1,3.076473908778654,3.0300991884433564,0.1501297897154119,0.8349304103739105,2.5007353109643082,2.469978633014557,0.5757385978143459,2015-07-28,8.0,0,True,False
2015-01-23,2014Q4,17,diag3,gaussian_ar1,3.8262848141360273,3.754897825722515,0.4515101415903679,0.7460302033502216,2.0383303103057804,2.017834406173431,1.787954503830247,2015-01-28,4.0,0,True,False
2015-01-23,2015Q1,4,diag3,gaussian_ar1,3.1806580009617003,3.131122702228343,0.19213663212126644,0.7630837923496696,3.650885031119766,3.585819150769915,-0.4702270301580658,2015-04-28,4.0,0,True,False
2015-01-23,2015Q2,-9,diag3,gaussian_ar1,3.1547270164321795,3.105987910477671,0.1816852708844989,0.8269536886330834,2.5007353109643082,2.469978633014557,0.6539917054678712,2015-07-28,4.0,0,True,False
2015-01-30,2015Q1,5,diag3,gaussian_ar1,3.202010313272874,3.151814664941849,0.20379269423135737,0.762420367240916,3.650885031119766,3.585819150769915,-0.44887471784689215,2015-04-28,10.0,0,True,False
2015-01-30,2015Q2,-8,diag3,gaussian_ar1,2.955681185007064,2.9128429887433978,0.10403584853349868,0.8226815695740315,2.5007353109643082,2.469978633014557,0.4549458740427559,2015-07-28,10.0,0,True,False
2015-02-06,2015Q1,6,diag3,gaussian_ar1,2.875506042115039,2.8349391996947437,0.07151552484061297,0.757645677515258,3.650885031119766,3.585819150769915,-0.7753789890047269,2015-04-28,11.0,11,False,True
2015-02-06,2015Q2,-7,diag3,gaussian_ar1,2.548872155071269,2.516930046953953,-0.06123489347308442,0.8143931528592839,2.5007353109643082,2.469978633014557,0.04813684410696073,2015-07-28,11.0,0,True,False
2015-02-13,2015Q1,7,diag3,gaussian_ar1,2.773075040273043,2.7353216776349027,0.029930974173302538,0.7573578485943049,3.650885031119766,3.585819150769915,-0.877809990846723,2015-04-28,6.0,0,True,False
2015-02-13,2015Q2,-6,diag3,gaussian_ar1,2.450932881913337,2.421379438413885,-0.10112174309518135,0.8141798826830344,2.5007353109643082,2.469978633014557,-0.04980242905097132,2015-07-28,6.0,0,True,False
2015-02-20,2015Q1,8,diag3,gaussian_ar1,2.535810844677,2.504192566786376,-0.06655205433444683,0.7544619884618612,3.650885031119766,3.585819150769915,-1.115074186442766,2015-04-28,8.0,0,True,False
2015-02-20,2015Q2,-5,diag3,gaussian_ar1,2.2315222036649374,2.206988065985169,-0.19061773441326138,0.8050990969049548,2.5007353109643082,2.469978633014557,-0.26921310729937087,2015-07-28,8.0,0,True,False
2015-02-27,2015Q1,9,diag3,gaussian_ar1,2.5381017523237404,2.5064267930883095,-0.06561939414642087,0.7541048897481056,3.650885031119766,3.585819150769915,-1.1127832787960257,2015-04-28,4.0,0,True,False
2015-02-27,2015Q2,-4,diag3,gaussian_ar1,2.243109475262739,2.218321766909399,-0.18588657015032503,0.8048041653549027,2.5007353109643082,2.469978633014557,-0.2576258357015693,2015-07-28,4.0,0,True,False
2015-03-06,2015Q1,10,diag3,gaussian_ar1,2.5622581363641705,2.529982465214141,-0.0557862641832928,0.7518864063335975,3.650885031119766,3.585819150769915,-1.0886268947555955,2015-04-28,10.0,11,False,True
2015-03-06,2015Q2,-3,diag3,gaussian_ar1,2.181224965853912,2.1577766156010383,-0.2111606671182267,0.7930877285163975,2.5007353109643082,2.469978633014557,-0.31951034511039644,2015-07-28,10.0,0,True,False
2015-03-13,2015Q1,11,diag3,gaussian_ar1,2.433144062151671,2.4040146728628415,-0.10837052782654177,0.7514136503147258,3.650885031119766,3.585819150769915,-1.2177409689680951,2015-04-28,8.0,0,True,False
2015-03-13,2015Q2,-2,diag3,gaussian_ar1,2.0863820410214284,2.064915164842722,-0.2499249489860235,0.7926553420395247,2.5007353109643082,2.469978633014557,-0.4143532699428798,2015-07-28,8.0,0,True,False
2015-03-20,2015Q1,12,diag3,gaussian_ar1,2.2358425876230825,2.2112140547762933,-0.18885362864782756,0.7500788565167429,3.650885031119766,3.585819150769915,-1.4150424434966835,2015-04-28,10.0,0,True,False
2015-03-20,2015Q2,-1,diag3,gaussian_ar1,1.7991053782436373,1.7831130056745774,-0.3675610427552073,0.7837455788302592,2.5007353109643082,2.469978633014557,-0.701629932720671,2015-07-28,10.0,0,True,False
2015-03-27,2015Q1,13,diag3,gaussian_ar1,2.190603497929411,2.1669545264242407,-0.20732942046848313,0.7498375720611505,3.650885031119766,3.585819150769915,-1.4602815331903551,2015-04-28,4.0,0,True,False
2015-03-27,2015Q2,0,diag3,gaussian_ar1,1.746822301414186,1.7317407394000326,-0.38900599104959555,0.7833796413474354,2.5007353109643082,2.469978633014557,-0.7539130095501223,2015-07-28,4.0,0,True,False
2015-04-03,2015Q1,14,diag3,gaussian_ar1,2.1725191708845237,2.1492562970608176,-0.21471740704420672,0.7496593713684608,3.650885031119766,3.585819150769915,-1.4783658602352423,2015-04-28,8.0,3,True,True
2015-04-03,2015Q2,1,diag3,gaussian_ar1,1.6212618839702042,1.6082597773788794,-0.4405521469410491,0.7745231521004174,2.5007353109643082,2.469978633014557,-0.879473426994104,2015-07-28,8.0,0,True,False
2015-04-03,2015Q3,-12,diag3,gaussian_ar1,1.9325363900472237,1.9141000528739665,-0.3128815306734643,0.840443550710235,1.6106176842981101,1.59778484627612,0.3219187057491135,2015-10-28,8.0,0,True,False
2015-04-10,2015Q1,15,diag3,gaussian_ar1,2.0826757870874735,2.061284591264341,-0.25144050335637697,0.7490050448275775,3.650885031119766,3.585819150769915,-1.5682092440322926,2015-04-28,8.0,0,True,False
2015-04-10,2015Q2,2,diag3,gaussian_ar1,1.5555855146144992,1.5436103131470298,-0.4675395570409397,0.7725446302279225,2.5007353109643082,2.469978633014557,-0.945149796349809,2015-07-28,8.0,0,True,False
2015-04-10,2015Q3,-11,diag3,gaussian_ar1,1.8796321155969853,1.8621853158625925,-0.33455292910809653,0.8388886065713065,1.6106176842981101,1.59778484627612,0.26901443129887515,2015-10-28,8.0,0,True,False
2015-04-17,2015Q1,16,diag3,gaussian_ar1,2.0860958456714096,2.0646348181936585,-0.25004197748855345,0.7485219451520794,3.650885031119766,3.585819150769915,-1.5647891854483564,2015-04-28,10.0,0,True,False
2015-04-17,2015Q2,3,diag3,gaussian_ar1,1.490480379523773,1.479481873095536,-0.49430946969681755,0.7687003460793477,2.5007353109643082,2.469978633014557,-1.0102549314405351,2015-07-28,10.0,0,True,False
2015-04-17,2015Q3,-10,diag3,gaussian_ar1,1.7890158405649892,1.7732012901712366,-0.3716986103941719,0.8344537653051354,1.6106176842981101,1.59778484627612,0.17839815626687905,2015-10-28,10.0,0,True,False
2015-04-24,2015Q1,17,diag3,gaussian_ar1,2.100865276040853,2.0791013936439917,-0.24400301940811164,0.7484776724438373,3.650885031119766,3.585819150769915,-1.550019755078913,2015-04-28,2.0,0,True,False
2015-04-24,2015Q2,4,diag3,gaussian_ar1,1.6067506805644394,1.5939790655347854,-0.44651351772167597,0.7657744425408438,2.5007353109643082,2.469978633014557,-0.8939846303998689,2015-07-28,2.0,0,True,False
2015-04-24,2015Q3,-9,diag3,gaussian_ar1,1.9305492764958077,1.9121505939564978,-0.31369531695775493,0.8303899282959342,1.6106176842981101,1.59778484627612,0.3199315921976975,2015-10-28,2.0,0,True,False
2015-05-01,2015Q2,5,diag3,gaussian_ar1,1.657171313815664,1.6435900676158708,-0.43051823099340014,0.7601524258010217,2.5007353109643082,2.469978633014557,-0.8435639971486442,2015-07-28,13.0,2,True,True
2015-05-01,2015Q3,-8,diag3,gaussian_ar1,2.1158853164998437,2.0938112942202034,-0.24190534427174026,0.8176103691725574,1.6106176842981101,1.59778484627612,0.5052676322017335,2015-10-28,13.0,0,True,False
2015-05-08,2015Q2,6,diag3,gaussian_ar1,2.041868001065361,2.0213013674849334,-0.2722822030010921,0.7583986489881273,2.5007353109643082,2.469978633014557,-0.4588673098989471,2015-07-28,10.0,0,True,False
2015-05-08,2015Q3,-7,diag3,gaussian_ar1,2.4886037056956134,2.4581423049976454,-0.08927477155699703,0.8159594543525315,1.6106176842981101,1.59778484627612,0.8779860213975033,2015-10-28,10.0,0,True,False
2015-05-15,2015Q2,7,diag3,gaussian_ar1,2.013137214055849,1.9931415218893067,-0.28407931396248876,0.7579936765431016,2.5007353109643082,2.469978633014557,-0.48759809690845923,2015-07-28,6.0,0,True,False
2015-05-15,2015Q3,-6,diag3,gaussian_ar1,2.454387171602712,2.4247510343185685,-0.1032635032780359,0.8156170461514622,1.6106176842981101,1.59778484627612,0.843769487304602,2015-10-28,6.0,0,True,False
2015-05-22,2015Q2,8,diag3,gaussian_ar1,1.9531971023426742,1.9343670053598319,-0.3087019451784899,0.7551351062911383,2.5007353109643082,2.469978633014557,-0.547538208621634,2015-07-28,6.0,0,True,False
2015-05-22,2015Q3,-5,diag3,gaussian_ar1,2.4205964475965125,2.3917643575504424,-0.11708273693682208,0.806459408988574,1.6106176842981101,1.59778484627612,0.8099787632984023,2015-10-28,6.0,0,True,False
2015-05-29,2015Q2,9,diag3,gaussian_ar1,1.9878216788983272,1.968322486307462,-0.29447684670888075,0.7547639992147008,2.5007353109643082,2.469978633014557,-0.5129136320659811,2015-07-28,4.0,0,True,False
2015-05-29,2015Q3,-4,diag3,gaussian_ar1,2.454670585626495,2.4250276585214063,-0.10314761605115458,0.8061532266878632,1.6106176842981101,1.59778484627612,0.8440529013283848,2015-10-28,4.0,0,True,False
2015-06-05,2015Q2,10,diag3,gaussian_ar1,2.194839089487721,2.1710992360525623,-0.20952681354869185,0.7549468118655753,2.5007353109643082,2.469978633014557,-0.305896221476587,2015-07-28,13.0,12,False,True
2015-06-05,2015Q3,-3,diag3,gaussian_ar1,2.953070848308137,2.91030755819634,0.10015253360199783,0.7955509913467045,1.6106176842981101,1.59778484627612,1.3424531640100268,2015-10-28,13.0,0,True,False
2015-06-12,2015Q2,11,diag3,gaussian_ar1,2.1791317699581425,2.155728081404589,-0.21596630968765818,0.7548320600288243,2.5007353109643082,2.469978633014557,-0.3216035410061657,2015-07-28,4.0,0,True,False
2015-06-12,2015Q3,-2,diag3,gaussian_ar1,2.9371665573241668,2.894858267141064,0.09368030348144984,0.7954502825374146,1.6106176842981101,1.59778484627612,1.3265488730260566,2015-10-28,4.0,0,True,False
2015-06-19,2015Q2,12,diag3,gaussian_ar1,2.0678840635977247,2.046793596454981,-0.26160264679430373,0.7535074291765247,2.5007353109643082,2.469978633014557,-0.43285124736658354,2015-07-28,11.0,0,True,False
2015-06-19,2015Q3,-1,diag3,gaussian_ar1,2.683928979886363,2.6485433598003914,-0.009509335235720728,0.7866034308502547,1.6106176842981101,1.59778484627612,1.073311295588253,2015-10-28,11.0,0,True,False
2015-06-26,2015Q2,13,diag3,gaussian_ar1,1.9861468316988873,1.9666802696935255,-0.2951648267459682,0.7532685244791547,2.5007353109643082,2.469978633014557,-0.514588479265421,2015-07-28,4.0,0,True,False
2015-06-26,2015Q3,0,diag3,gaussian_ar1,2.5778223111291743,2.5451566571720647,-0.05282151884473496,0.7862439887004025,1.6106176842981101,1.59778484627612,0.9672046268310641,2015-10-28,4.0,0,True,False
2015-07-03,2015Q2,14,diag3,gaussian_ar1,2.043311148163096,2.022715627063965,-0.27168972186956775,0.7537194121044112,2.5007353109643082,2.469978633014557,-0.4574241628012121,2015-07-28,8.0,11,False,True
2015-07-03,2015Q3,1,diag3,gaussian_ar1,2.9913171046145326,2.947449873290477,0.11571270459230831,0.7778093621657909,1.6106176842981101,1.59778484627612,1.3806994203164225,2015-10-28,8.0,0,True,False
2015-07-03,2015Q4,-12,diag3,gaussian_ar1,2.7475796291189125,2.710511118982375,0.016451053240716607,0.8419643973730604,0.7399609712167354,0.737236690842017,2.007618657902177,2016-01-28,8.0,0,True,False
2015-07-10,2015Q2,15,diag3,gaussian_ar1,1.968918700741784,1.9497862239848902,-0.30224231341523566,0.7530985847330447,2.5007353109643082,2.469978633014557,-0.5318166102225241,2015-07-28,8.0,0,True,False
2015-07-10,2015Q3,2,diag3,gaussian_ar1,2.903621100216802,2.8622646711039663,0.08002574462476719,0.7758644553243591,1.6106176842981101,1.59778484627612,1.293003415918692,2015-10-28,8.0,0,True,False
2015-07-10,2015Q4,-11,diag3,gaussian_ar1,2.6690555717182374,2.6340576602361843,-0.015577884316790302,0.8403671767682848,0.7399609712167354,0.737236690842017,1.929094600501502,2016-01-28,8.0,0,True,False
2015-07-17,2015Q2,16,diag3,gaussian_ar1,1.907596823863722,1.889630321703047,-0.3274436538058252,0.7526317493919872,2.5007353109643082,2.469978633014557,-0.5931384871005863,2015-07-28,10.0,0,True,False
2015-07-17,2015Q3,3,diag3,gaussian_ar1,2.7675308954649536,2.7299269822323162,0.024585014501016522,0.7721755077155434,1.6106176842981101,1.59778484627612,1.1569132111668434,2015-10-28,10.0,0,True,False
2015-07-17,2015Q4,-10,diag3,gaussian_ar1,2.5390487106935034,2.507350307353691,-0.06865987642159592,0.8361305806799544,0.7399609712167354,0.737236690842017,1.799087739476768,2016-01-28,10.0,0,True,False
2015-07-24,2015Q2,17,diag3,gaussian_ar1,1.9029569896117815,1.8850772363343955,-0.32935109513494365,0.752588740323536,2.5007353109643082,2.469978633014557,-0.5977783213525267,2015-07-28,2.0,0,True,False
2015-07-24,2015Q3,4,diag3,gaussian_ar1,2.723724312283271,2.687291023051471,0.006723370349099866,0.7693224595473951,1.6106176842981101,1.59778484627612,1.113106627985161,2015-10-28,2.0,0,True,False
2015-07-24,2015Q4,-9,diag3,gaussian_ar1,2.4837034284110215,2.453360900764037,-0.09127786337451504,0.8321913496661376,0.7399609712167354,0.737236690842017,1.743742457194286,2016-01-28,2.0,0,True,False
2015-07-31,2015Q3,5,diag3,gaussian_ar1,2.7806143984911547,2.742657336014075,0.030735676965820607,0.7686829353363398,1.6106176842981101,1.59778484627612,1.1699967141930445,2015-10-28,10.0,0,True,False
2015-07-31,2015Q4,-8,diag3,gaussian_ar1,2.600344016661982,2.5671099731864677,-0.043110668590301784,0.8280837965678691,0.7399609712167354,0.737236690842017,1.8603830454452464,2016-01-28,10.0,0,True,False
2015-08-07,2015Q3,6,diag3,gaussian_ar1,2.9433740748303183,2.900888480087825,0.09729772355427063,0.7621729092363748,1.6106176842981101,1.59778484627612,1.3327563905322082,2015-10-28,13.0,12,False,True
2015-08-07,2015Q4,-7,diag3,gaussian_ar1,2.7477425570115788,2.7106696898840617,0.017279645889103995,0.8183115825184897,0.7399609712167354,0.737236690842017,2.0077815857948433,2016-01-28,13.0,0,True,False
2015-08-14,2015Q3,7,diag3,gaussian_ar1,2.9749154691670165,2.9315233446772972,0.11018468898684608,0.7617693433763851,1.6106176842981101,1.59778484627612,1.3642977848689064,2015-10-28,6.0,0,True,False
2015-08-14,2015Q4,-6,diag3,gaussian_ar1,2.7690760789849334,2.731430542637215,0.02601297620950703,0.8179735592484896,0.7399609712167354,0.737236690842017,2.029115107768198,2016-01-28,6.0,0,True,False
2015-08-21,2015Q3,8,diag3,gaussian_ar1,2.9042370935297157,2.8628632812039996,0.08130191517876784,0.7590059917097491,1.6106176842981101,1.59778484627612,1.2936194092316056,2015-10-28,6.0,0,True,False
2015-08-21,2015Q4,-5,diag3,gaussian_ar1,2.499217989229985,2.4684983187901737,-0.0845929796265599,0.8090968107628692,0.7399609712167354,0.737236690842017,1.7592570180132494,2016-01-28,6.0,0,True,False
2015-08-28,2015Q3,9,diag3,gaussian_ar1,2.881129458838849,2.840405285113095,0.07185465881949338,0.7586368845115138,1.6106176842981101,1.59778484627612,1.270511774540739,2015-10-28,4.0,0,True,False
2015-08-28,2015Q4,-4,diag3,gaussian_ar1,2.472954570168895,2.442871992175305,-0.09537303658699432,0.8087963786669633,0.7399609712167354,0.737236690842017,1.7329935989521594,2016-01-28,4.0,0,True,False
2015-09-04,2015Q3,10,diag3,gaussian_ar1,2.8062902325457717,2.7676354193547303,0.04124304172478338,0.7564800430944517,1.6106176842981101,1.59778484627612,1.1956725482476616,2015-10-28,12.0,12,False,True
2015-09-04,2015Q4,-3,diag3,gaussian_ar1,2.3411890505609323,2.31420359510336,-0.14949911834225346,0.7974767943860663,0.7399609712167354,0.737236690842017,1.6012280793441969,2016-01-28,12.0,0,True,False
2015-09-11,2015Q3,11,diag3,gaussian_ar1,2.7367152555605845,2.6999367112646877,0.012764674913714857,0.7559690449762881,1.6106176842981101,1.59778484627612,1.1260975712624743,2015-10-28,5.0,0,True,False
2015-09-11,2015Q4,-2,diag3,gaussian_ar1,2.264788378706828,2.2395228097569237,-0.18091458931410345,0.7967282937512465,0.7399609712167354,0.737236690842017,1.5248274074900925,2016-01-28,5.0,0,True,False
2015-09-18,2015Q3,12,diag3,gaussian_ar1,2.613846632646677,2.5802695075846156,-0.03757493447917404,0.7548957501354241,1.6106176842981101,1.59778484627612,1.0032289483485668,2015-10-28,11.0,0,True,False
2015-09-18,2015Q4,-1,diag3,gaussian_ar1,1.9884980916877293,1.9689857130880566,-0.2947196365934433,0.7920970603710378,0.7399609712167354,0.737236690842017,1.2485371204709939,2016-01-28,11.0,0,True,False
2015-09-25,2015Q3,13,diag3,gaussian_ar1,2.5760497540883387,2.5434286302788385,-0.053072542146369944,0.7546241469066941,1.6106176842981101,1.59778484627612,0.9654320697902286,2015-10-28,0.0,0,True,False
2015-09-25,2015Q4,0,diag3,gaussian_ar1,1.8365053962023037,1.8198453023853203,-0.35745754462998736,0.7879001762916711,0.7399609712167354,0.737236690842017,1.0965444249855683,2016-01-28,0.0,0,True,False
2015-10-02,2015Q3,14,diag3,gaussian_ar1,2.556089837164355,2.523968084479694,-0.06125888095913601,0.7542264912591785,1.6106176842981101,1.59778484627612,0.9454721528662446,2015-10-28,11.0,3,True,True
2015-10-02,2015Q4,1,diag3,gaussian_ar1,1.8181206818344675,1.8017905056229466,-0.36505253631305323,0.7785460169118176,0.7399609712167354,0.737236690842017,1.078159710617732,2016-01-28,11.0,0,True,False
2015-10-02,2016Q1,-12,diag3,gaussian_ar1,1.974152346519098,1.9549186815394326,-0.30063712151578126,0.8432336146494246,2.3383061524439253,2.3113866073886387,-0.36415380592482727,2016-04-28,11.0,0,True,False
2015-10-09,2015Q3,15,diag3,gaussian_ar1,2.5697577549263384,2.5372944574772034,-0.05565296396025582,0.7535811420841542,1.6106176842981101,1.59778484627612,0.9591400706282283,2015-10-28,9.0,0,True,False
2015-10-09,2015Q4,2,diag3,gaussian_ar1,1.8603821650178487,1.8432887326809564,-0.3475957521954721,0.7766273018642214,0.7399609712167354,0.737236690842017,1.1204211938011133,2016-01-28,9.0,0,True,False
2015-10-09,2016Q1,-11,diag3,gaussian_ar1,2.0184859967464774,1.9983846137274073,-0.2823525959235382,0.8416910858008363,2.3383061524439253,2.3113866073886387,-0.3198201556974478,2016-04-28,9.0,0,True,False
2015-10-16,2015Q3,16,diag3,gaussian_ar1,2.5700519761867158,2.537581306978285,-0.05553229688193417,0.7534334253095174,1.6106176842981101,1.59778484627612,0.9594342918886056,2015-10-28,8.0,0,True,False
2015-10-16,2015Q4,3,diag3,gaussian_ar1,1.8451662449319173,1.828349600945955,-0.35388009772275136,0.7761455854662386,0.7399609712167354,0.737236690842017,1.1052052737151818,2016-01-28,8.0,0,True,False
2015-10-16,2016Q1,-10,diag3,gaussian_ar1,2.0015231405586142,1.981755993526185,-0.2893476473656203,0.8413346123587492,2.3383061524439253,2.3113866073886387,-0.336783011885311,2016-04-28,8.0,0,True,False
2015-10-23,2015Q3,17,diag3,gaussian_ar1,2.525693127784301,2.4943245840544597,-0.07372881579971027,0.7530555000731206,1.6106176842981101,1.59778484627612,0.9150754434861907,2015-10-28,4.0,0,True,False
2015-10-23,2015Q4,4,diag3,gaussian_ar1,1.6218890126967533,1.6088768990125524,-0.4462042245341915,0.7700051420966063,0.7399609712167354,0.737236690842017,0.8819280414800179,2016-01-28,4.0,0,True,False
2015-10-23,2016Q1,-9,diag3,gaussian_ar1,1.7431748274861159,1.7281558222248177,-0.39602795051209094,0.83340498288332,2.3383061524439253,2.3113866073886387,-0.5951313249578094,2016-04-28,4.0,0,True,False
2015-10-30,2015Q4,5,diag3,gaussian_ar1,1.5488520414752793,1.536979760685727,-0.4743376872374692,0.7693571955551356,0.7399609712167354,0.737236690842017,0.8088910702585439,2016-01-28,10.0,0,True,False
2015-10-30,2016Q1,-8,diag3,gaussian_ar1,1.5823776587239102,1.5699885871498047,-0.4604064250471367,0.8293530636776051,2.3383061524439253,2.3113866073886387,-0.755928493720015,2016-04-28,10.0,0,True,False
2015-11-06,2015Q4,6,diag3,gaussian_ar1,1.7224326886164043,1.7077669818750718,-0.40225752529241027,0.7626502311587225,0.7399609712167354,0.737236690842017,0.9824717173996689,2016-01-28,11.0,3,True,True
2015-11-06,2016Q1,-7,diag3,gaussian_ar1,1.7753054865875972,1.7597309984140759,-0.38032629003157903,0.8195698609574316,2.3383061524439253,2.3113866073886387,-0.563000665856328,2016-04-28,11.0,0,True,False
2015-11-13,2015Q4,7,diag3,gaussian_ar1,1.7409074428894389,1.7259272600970426,-0.3945930420477549,0.7623185727881101,0.7399609712167354,0.737236690842017,1.0009464716727035,2016-01-28,6.0,0,True,False
2015-11-13,2016Q1,-6,diag3,gaussian_ar1,1.7927966189696498,1.7769155496715534,-0.3730736090114991,0.8192833728324612,2.3383061524439253,2.3113866073886387,-0.5455095334742754,2016-04-28,6.0,0,True,False
2015-11-20,2015Q4,8,diag3,gaussian_ar1,1.597057449968431,1.584438663027024,-0.454307819998732,0.7593941985488872,0.7399609712167354,0.737236690842017,0.8570964787516955,2016-01-28,8.0,0,True,False
2015-11-20,2016Q1,-5,diag3,gaussian_ar1,1.6172833462927194,1.6043446365049217,-0.44590657204839396,0.8101490877667648,2.3383061524439253,2.3113866073886387,-0.7210228061512058,2016-04-28,8.0,0,True,False
2015-11-27,2015Q4,9,diag3,gaussian_ar1,1.612571700671861,1.5997078712810113,-0.4478635029353374,0.7590076565136944,0.7399609712167354,0.737236690842017,0.8726107294551255,2016-01-28,4.0,0,True,False
2015-11-27,2016Q1,-4,diag3,gaussian_ar1,1.6340696711183211,1.6208624353924181,-0.4389352915831729,0.8098321186435886,2.3383061524439253,2.3113866073886387,-0.7042364813256041,2016-04-28,4.0,0,True,False
2015-12-04,2015Q4,10,diag3,gaussian_ar1,1.5507097637634804,1.5388091317308894,-0.47356560745143694,0.7574219884177941,0.7399609712167354,0.737236690842017,0.8107487925467449,2016-01-28,9.0,2,True,True
2015-12-04,2016Q1,-3,diag3,gaussian_ar1,1.559536786682636,1.5475009856128434,-0.4698972402805732,0.798827372592442,2.3383061524439253,2.3113866073886387,-0.7787693657612893,2016-04-28,9.0,0,True,False
2015-12-11,2015Q4,11,diag3,gaussian_ar1,1.533731449662823,1.5220886837844294,-0.480622415258144,0.7565325609455191,0.7399609712167354,0.737236690842017,0.7937704784460875,2016-01-28,7.0,0,True,False
2015-12-11,2016Q1,-2,diag3,gaussian_ar1,1.555688448893311,1.5437116706707235,-0.4714965076776698,0.7978544592138103,2.3383061524439253,2.3113866073886387,-0.7826177035506143,2016-04-28,7.0,0,True,False
2015-12-18,2015Q4,12,diag3,gaussian_ar1,1.4424972402603098,1.4321922302583072,-0.5185629056726201,0.7554082951661225,0.7399609712167354,0.737236690842017,0.7025362690435744,2016-01-28,12.0,0,True,False
2015-12-18,2016Q1,-1,diag3,gaussian_ar1,1.424680119501831,1.4146269237004236,-0.5259762831635693,0.793003542506994,2.3383061524439253,2.3113866073886387,-0.9136260329420942,2016-04-28,12.0,0,True,False
2015-12-25,2015Q4,13,diag3,gaussian_ar1,1.4063071149410522,1.3965103579216585,-0.5336223177212367,0.7551298460662008,0.7399609712167354,0.737236690842017,0.6663461437243168,2016-01-28,0.0,0,True,False
2015-12-25,2016Q1,0,diag3,gaussian_ar1,1.278424727029548,1.270321864374225,-0.5868797393664897,0.7887471171280577,2.3383061524439253,2.3113866073886387,-1.0598814254143774,2016-04-28,0.0,0,True,False
2016-01-01,2015Q4,14,diag3,gaussian_ar1,1.4045939691937903,1.3948209558844333,-0.5343353240667085,0.7548978080013609,0.7399609712167354,0.737236690842017,0.6646329979770549,2016-01-28,8.0,3,True,True
2016-01-01,2016Q1,1,diag3,gaussian_ar1,1.2697764504406406,1.2617823892824906,-0.5904837955906705,0.7885386187849638,2.3383061524439253,2.3113866073886387,-1.0685297020032847,2016-04-28,8.0,0,True,False
2016-01-01,2016Q2,-12,diag3,gaussian_ar1,1.5336034133998977,1.5219625815110038,-0.48067563629088195,0.8530938190100527,1.2906967702374539,1.2824382650696664,0.2429066431624438,2016-07-28,8.0,0,True,False
2016-01-08,2015Q4,15,diag3,gaussian_ar1,1.3984492953390104,1.3887612106678517,-0.5368928187874215,0.7541036428035304,0.7399609712167354,0.737236690842017,0.658488324122275,2016-01-28,12.0,0,True,False
2016-01-08,2016Q1,2,diag3,gaussian_ar1,1.1623509913106123,1.1556475868953138,-0.6352776255435161,0.7776540944293429,2.3383061524439253,2.3113866073886387,-1.175955161133313,2016-04-28,12.0,0,True,False
2016-01-08,2016Q2,-11,diag3,gaussian_ar1,1.4312900753706392,1.4211438192739596,-0.5232258496999396,0.8437451259037488,1.2906967702374539,1.2824382650696664,0.14059330513318535,2016-07-28,12.0,0,True,False
2016-01-15,2015Q4,16,diag3,gaussian_ar1,1.3766290613162147,1.3672395973770521,-0.54597594198901,0.753957373372963,0.7399609712167354,0.737236690842017,0.6366680900994792,2016-01-28,6.0,0,True,False
2016-01-15,2016Q1,3,diag3,gaussian_ar1,1.1057993499799856,1.0997300905334495,-0.6588774134272766,0.7771583670483876,2.3383061524439253,2.3113866073886387,-1.2325068024639396,2016-04-28,6.0,0,True,False
2016-01-15,2016Q2,-10,diag3,gaussian_ar1,1.377614273516281,1.36821142631031,-0.5455657849151709,0.8433678241340891,1.2906967702374539,1.2824382650696664,0.08691750327882719,2016-07-28,6.0,0,True,False
2016-01-22,2015Q4,17,diag3,gaussian_ar1,1.3290689680717893,1.3203143312602164,-0.565780589886329,0.7535472880021648,0.7399609712167354,0.737236690842017,0.5891079968550539,2016-01-28,6.0,0,True,False
2016-01-22,2016Q1,4,diag3,gaussian_ar1,0.9104558883143321,0.9063362249564364,-0.7404986322333225,0.7707533607690813,2.3383061524439253,2.3113866073886387,-1.4278502641295931,2016-04-28,6.0,0,True,False
2016-01-22,2016Q2,-9,diag3,gaussian_ar1,1.1560801887928518,1.1494486434938702,-0.6378938683815498,0.835075952529219,1.2906967702374539,1.2824382650696664,-0.1346165814446021,2016-07-28,6.0,0,True,False
2016-01-29,2016Q1,5,diag3,gaussian_ar1,0.8875670733754504,0.8836513495536686,-0.7445739502165344,0.7701706137608053,2.3383061524439253,2.3113866073886387,-1.4507390790684749,2016-04-28,6.0,0,True,False
2016-01-29,2016Q2,-8,diag3,gaussian_ar1,1.0744601976427237,1.0687288912488324,-0.6663524511322871,0.8310908096158407,1.2906967702374539,1.2824382650696664,-0.21623657259473017,2016-07-28,6.0,0,True,False
2016-02-05,2016Q1,6,diag3,gaussian_ar1,0.842867526181057,0.8393352323404584,-0.7633037922614436,0.7628354015547159,2.3383061524439253,2.3113866073886387,-1.4954386262628683,2016-04-28,14.0,2,True,True
2016-02-05,2016Q2,-7,diag3,gaussian_ar1,0.9941324398297979,0.9892234510457645,-0.6999547707928766,0.8211829969060993,1.2906967702374539,1.2824382650696664,-0.29656433040765595,2016-07-28,14.0,0,True,False
2016-02-12,2016Q1,7,diag3,gaussian_ar1,0.8187013005765298,0.8153681216402717,-0.7734332942556648,0.7626910870186575,2.3383061524439253,2.3113866073886387,-1.5196048518673955,2016-04-28,4.0,0,True,False
2016-02-12,2016Q2,-6,diag3,gaussian_ar1,0.9739079970919384,0.9691960816048457,-0.7084191735833727,0.8210887194228564,1.2906967702374539,1.2824382650696664,-0.31678877314551546,2016-07-28,4.0,0,True,False
2016-02-19,2016Q1,8,diag3,gaussian_ar1,0.9471872293108863,0.9427295374262128,-0.7196050405571299,0.7592632606069555,2.3383061524439253,2.3113866073886387,-1.391118923133039,2016-04-28,11.0,0,True,False
2016-02-19,2016Q2,-5,diag3,gaussian_ar1,1.0445310786456607,1.0391135453312335,-0.6788691332340446,0.8111485544619319,1.2906967702374539,1.2824382650696664,-0.24616569159179313,2016-07-28,11.0,0,True,False
2016-02-26,2016Q1,9,diag3,gaussian_ar1,0.9697164603990727,0.9650448867307873,-0.7101736419162972,0.7588576407215938,2.3383061524439253,2.3113866073886387,-1.3685896920448526,2016-04-28,4.0,0,True,False
2016-02-26,2016Q2,-4,diag3,gaussian_ar1,1.0569686283381285,1.0514217664243,-0.6736671649339374,0.810811135695295,1.2906967702374539,1.2824382650696664,-0.23372814189932534,2016-07-28,4.0,0,True,False
2016-03-04,2016Q1,10,diag3,gaussian_ar1,1.1229388650765726,1.1166807131688776,-0.6460860084291266,0.7563619050257874,2.3383061524439253,2.3113866073886387,-1.2153672873673527,2016-04-28,9.0,11,False,True
2016-03-04,2016Q2,-3,diag3,gaussian_ar1,1.4632786883978177,1.4526760712086908,-0.5040803369116656,0.7983408375794684,1.2906967702374539,1.2824382650696664,0.17258191816036383,2016-07-28,9.0,0,True,False
2016-03-11,2016Q1,11,diag3,gaussian_ar1,1.133658587936326,1.127280834999065,-0.6416059542181267,0.755475618128509,2.3383061524439253,2.3113866073886387,-1.2046475645075994,2016-04-28,7.0,0,True,False
2016-03-11,2016Q2,-2,diag3,gaussian_ar1,1.490820066344245,1.4798165707447621,-0.4926096282553798,0.7974660617474083,1.2906967702374539,1.2824382650696664,0.20012329610679114,2016-07-28,7.0,0,True,False
2016-03-18,2016Q1,12,diag3,gaussian_ar1,1.1496164573973733,1.143058579837904,-0.6349376202746411,0.7543055460158183,2.3383061524439253,2.3113866073886387,-1.188689695046552,2016-04-28,12.0,0,True,False
2016-03-18,2016Q2,-1,diag3,gaussian_ar1,1.5813051821048862,1.5689328112315488,-0.4549453829894135,0.7923666115222378,1.2906967702374539,1.2824382650696664,0.29060841186743236,2016-07-28,12.0,0,True,False
2016-03-25,2016Q1,13,diag3,gaussian_ar1,1.211503462407193,1.204223498240945,-0.6090867711384892,0.7540181840522155,2.3383061524439253,2.3113866073886387,-1.1268026900367323,2016-04-28,0.0,0,True,False
2016-03-25,2016Q2,0,diag3,gaussian_ar1,1.8291929798325723,1.8126644993034124,-0.35193419189245745,0.7880370926434295,1.2906967702374539,1.2824382650696664,0.5384962095951185,2016-07-28,0.0,0,True,False
2016-04-01,2016Q1,14,diag3,gaussian_ar1,1.266551235475566,1.2585975631308601,-0.5861060203243322,0.7539210723254613,2.3383061524439253,2.3113866073886387,-1.0717549169683593,2016-04-28,11.0,11,False,True
2016-04-01,2016Q2,1,diag3,gaussian_ar1,2.0611107107539217,2.0401572507915153,-0.25578625363256335,0.7787211879452428,1.2906967702374539,1.2824382650696664,0.7704139405164678,2016-07-28,11.0,0,True,False
2016-04-01,2016Q3,-12,diag3,gaussian_ar1,2.256863540707066,2.2317731774521157,-0.1748013599791967,0.8444003894854696,2.8678981414693494,2.827543676441542,-0.6110346007622836,2016-10-28,11.0,0,True,False
2016-04-08,2016Q1,15,diag3,gaussian_ar1,1.3344786940677977,1.3256529588128196,-0.5577656094679495,0.7532865924115113,2.3383061524439253,2.3113866073886387,-1.0038274583761275,2016-04-28,9.0,0,True,False
2016-04-08,2016Q2,2,diag3,gaussian_ar1,2.1596959039776653,2.1367049067487125,-0.21498118180769027,0.7769575209287313,1.2906967702374539,1.2824382650696664,0.8689991337402114,2016-07-28,9.0,0,True,False
2016-04-08,2016Q3,-11,diag3,gaussian_ar1,2.3483639887925234,2.3212141514585634,-0.13699986876497477,0.8430418343144637,2.8678981414693494,2.827543676441542,-0.519534152676826,2016-10-28,9.0,0,True,False
2016-04-15,2016Q1,16,diag3,gaussian_ar1,1.3000270231811495,1.291649203039189,-0.572137016861554,0.7531362976921904,2.3383061524439253,2.3113866073886387,-1.0382791292627758,2016-04-28,6.0,0,True,False
2016-04-15,2016Q2,3,diag3,gaussian_ar1,2.106501964060281,2.0846219466945923,-0.23699361602776664,0.7764582909753522,1.2906967702374539,1.2824382650696664,0.8158051938228272,2016-07-28,6.0,0,True,False
2016-04-15,2016Q3,-10,diag3,gaussian_ar1,2.3036840960039218,2.2775498989708867,-0.15545420555103756,0.8426769449239999,2.8678981414693494,2.827543676441542,-0.5642140454654276,2016-10-28,6.0,0,True,False
2016-04-22,2016Q1,17,diag3,gaussian_ar1,1.1826877612556075,1.1757486678398588,-0.6211214237481035,0.7527209350807873,2.3383061524439253,2.3113866073886387,-1.1556183911883178,2016-04-28,6.0,0,True,False
2016-04-22,2016Q2,4,diag3,gaussian_ar1,1.8732643461584653,1.8559348334879537,-0.33364634143372385,0.7699598969032081,1.2906967702374539,1.2824382650696664,0.5825675759210114,2016-07-28,6.0,0,True,False
2016-04-22,2016Q3,-9,diag3,gaussian_ar1,2.082150804916716,2.060770318380486,-0.24707431034238336,0.834315148463886,2.8678981414693494,2.827543676441542,-0.7857473365526335,2016-10-28,6.0,0,True,False
2016-04-29,2016Q2,5,diag3,gaussian_ar1,1.842370655207981,1.8256046222725812,-0.3467090358940761,0.7693772530432587,1.2906967702374539,1.2824382650696664,0.5516738849705272,2016-07-28,6.0,0,True,False
2016-04-29,2016Q3,-8,diag3,gaussian_ar1,2.1781479402167125,2.1547652287547225,-0.2070388656378519,0.8304047864901349,2.8678981414693494,2.827543676441542,-0.6897502012526369,2016-10-28,6.0,0,True,False
2016-05-06,2016Q2,6,diag3,gaussian_ar1,1.8578071255764605,1.8407606919100266,-0.340277978273601,0.7627444515761395,1.2906967702374539,1.2824382650696664,0.5671103553390067,2016-07-28,14.0,2,True,True
2016-05-06,2016Q3,-7,diag3,gaussian_ar1,2.2467107049623847,2.221843927275956,-0.17857588112960426,0.8200271734224432,2.8678981414693494,2.827543676441542,-0.6211874365069647,2016-10-28,14.0,0,True,False
2016-05-13,2016Q2,7,diag3,gaussian_ar1,1.8840885138225794,1.8665593999365835,-0.3293310123502796,0.7625321997425769,1.2906967702374539,1.2824382650696664,0.5933917435851255,2016-07-28,6.0,0,True,False
2016-05-13,2016Q3,-6,diag3,gaussian_ar1,2.2765726026011235,2.2510453926230936,-0.16618504955241417,0.8198282005435049,2.8678981414693494,2.827543676441542,-0.5913255388682259,2016-10-28,6.0,0,True,False
2016-05-20,2016Q2,8,diag3,gaussian_ar1,1.8424826229501035,1.8257145644114492,-0.3466623849979737,0.7592134169272144,1.2906967702374539,1.2824382650696664,0.5517858527126496,2016-07-28,9.0,0,True,False
2016-05-20,2016Q3,-5,diag3,gaussian_ar1,2.019163319949513,1.9990485335532717,-0.27311292462979025,0.8101693032028023,2.8678981414693494,2.827543676441542,-0.8487348215198365,2016-10-28,9.0,0,True,False
2016-05-27,2016Q2,9,diag3,gaussian_ar1,1.878896655941098,1.861463422491732,-0.33149334898269467,0.7588110350563575,1.2906967702374539,1.2824382650696664,0.5881998857036441,2016-07-28,4.0,0,True,False
2016-05-27,2016Q3,-4,diag3,gaussian_ar1,2.0478515601029645,2.0271650229911273,-0.2611824724752561,0.8098383643434272,2.8678981414693494,2.827543676441542,-0.8200465813663849,2016-10-28,4.0,0,True,False
2016-06-03,2016Q2,10,diag3,gaussian_ar1,1.9398997393771156,1.921323539749293,-0.3060933691422313,0.7587896757061154,1.2906967702374539,1.2824382650696664,0.6492029691396617,2016-07-28,9.0,11,False,True
2016-06-03,2016Q3,-3,diag3,gaussian_ar1,2.259383718267882,2.234237702979771,-0.17331692629545936,0.8000061791086158,2.8678981414693494,2.827543676441542,-0.6085144232014672,2016-10-28,9.0,0,True,False
2016-06-10,2016Q2,11,diag3,gaussian_ar1,1.9772399486089665,1.9579464638510524,-0.2905534474631434,0.7579334059691962,1.2906967702374539,1.2824382650696664,0.6865431783715126,2016-07-28,7.0,0,True,False
2016-06-10,2016Q3,-2,diag3,gaussian_ar1,2.2831789793384294,2.2575045095202366,-0.163444302515974,0.799128901418932,2.8678981414693494,2.827543676441542,-0.58471916213092,2016-10-28,7.0,0,True,False
2016-06-17,2016Q2,12,diag3,gaussian_ar1,1.9968822489171645,1.9772060641937694,-0.2823811704471207,0.7567873882114493,1.2906967702374539,1.2824382650696664,0.7061854786797106,2016-07-28,10.0,0,True,False
2016-06-17,2016Q3,-1,diag3,gaussian_ar1,2.395367547599081,2.367128680103326,-0.11692832743264259,0.7941293432595671,2.8678981414693494,2.827543676441542,-0.4725305938702684,2016-10-28,10.0,0,True,False
2016-06-24,2016Q2,13,diag3,gaussian_ar1,2.0163698151728138,1.9963102803343864,-0.2742748264058678,0.7565033310111812,1.2906967702374539,1.2824382650696664,0.7256730449353599,2016-07-28,2.0,0,True,False
2016-06-24,2016Q3,0,diag3,gaussian_ar1,2.488904040254347,2.4584353464752566,-0.07818487701192012,0.7898694897648143,2.8678981414693494,2.827543676441542,-0.3789941012150022,2016-10-28,2.0,0,True,False
2016-07-01,2016Q2,14,diag3,gaussian_ar1,2.0068036252643084,1.9869327280159919,-0.27825393053650704,0.7557795707473234,1.2906967702374539,1.2824382650696664,0.7161068550268546,2016-07-28,11.0,12,False,True
2016-07-01,2016Q3,1,diag3,gaussian_ar1,2.5973446011423595,2.564186533317301,-0.03331229511677333,0.7802426265234942,2.8678981414693494,2.827543676441542,-0.27055354032698986,2016-10-28,11.0,0,True,False
2016-07-01,2016Q4,-13,diag3,gaussian_ar1,2.4992273132863563,2.468507415499514,-0.07391107398766064,0.8451319345452443,2.235699518586598,2.211074114484348,0.2635277946997583,2017-01-28,11.0,0,True,False
2016-07-08,2016Q2,15,diag3,gaussian_ar1,2.1409139561225476,2.118318326384735,-0.22250409737907584,0.7551598434520709,1.2906967702374539,1.2824382650696664,0.8502171858850938,2016-07-28,9.0,0,True,False
2016-07-08,2016Q3,2,diag3,gaussian_ar1,2.8712608268905315,2.8308125586886965,0.07982306077030371,0.778517773746706,2.8678981414693494,2.827543676441542,0.003362685421182121,2016-10-28,9.0,0,True,False
2016-07-08,2016Q4,-12,diag3,gaussian_ar1,2.7520591490987956,2.7148707567970476,0.030626374134296433,0.8438102440421653,2.235699518586598,2.211074114484348,0.5163596305121976,2017-01-28,9.0,0,True,False
2016-07-15,2016Q2,16,diag3,gaussian_ar1,2.163423994224356,2.1403541171258644,-0.21315382099747293,0.7550115044992367,1.2906967702374539,1.2824382650696664,0.8727272239869022,2016-07-28,6.0,0,True,False
2016-07-15,2016Q3,3,diag3,gaussian_ar1,2.9200162075461167,2.878195890256876,0.09992886279249621,0.778022254455745,2.8678981414693494,2.827543676441542,0.05211806607676728,2016-10-28,6.0,0,True,False
2016-07-15,2016Q4,-11,diag3,gaussian_ar1,2.7967653807783766,2.7583701370408993,0.04908412917865235,0.8434437461966462,2.235699518586598,2.211074114484348,0.5610658621917786,2017-01-28,6.0,0,True,False
2016-07-22,2016Q2,17,diag3,gaussian_ar1,2.185586812360185,2.1620452602689055,-0.20394978626130206,0.7546019164272045,1.2906967702374539,1.2824382650696664,0.8948900421227313,2016-07-28,6.0,0,True,False
2016-07-22,2016Q3,4,diag3,gaussian_ar1,2.7986717485834145,2.7602246215875526,0.04987102824028905,0.7715901941260938,2.8678981414693494,2.827543676441542,-0.0692263928859349,2016-10-28,6.0,0,True,False
2016-07-22,2016Q4,-10,diag3,gaussian_ar1,2.6223166613815296,2.5885234415928555,-0.022985603357742135,0.8351591126668427,2.235699518586598,2.211074114484348,0.38661714279493165,2017-01-28,6.0,0,True,False
2016-07-29,2016Q3,5,diag3,gaussian_ar1,2.616937258407881,2.583281361559782,-0.02068455605079128,0.7710166044730231,2.8678981414693494,2.827543676441542,-0.25096088306146846,2016-10-28,6.0,0,True,False
2016-07-29,2016Q4,-9,diag3,gaussian_ar1,2.3826441466746173,2.354702149700402,-0.11793659277005597,0.8312734860214875,2.235699518586598,2.211074114484348,0.14694462808801934,2017-01-28,6.0,0,True,False
2016-08-05,2016Q3,6,diag3,gaussian_ar1,2.7029931965638854,2.6671075571020073,0.01498040307035553,0.7641215287869114,2.8678981414693494,2.827543676441542,-0.16490494490546403,2016-10-28,14.0,11,False,True
2016-08-05,2016Q4,-8,diag3,gaussian_ar1,2.435315261064619,2.406134275773131,-0.09605411722607665,0.8214495630585417,2.235699518586598,2.211074114484348,0.19961574247802094,2017-01-28,14.0,0,True,False
2016-08-12,2016Q3,7,diag3,gaussian_ar1,2.678460503295632,2.6432176751842533,0.004816138111240986,0.7639771253698043,2.8678981414693494,2.827543676441542,-0.18943763817371728,2016-10-28,4.0,0,True,False
2016-08-12,2016Q4,-7,diag3,gaussian_ar1,2.4164011545027897,2.3876681316308814,-0.10391078150266075,0.8213566931552927,2.235699518586598,2.211074114484348,0.1807016359161917,2017-01-28,4.0,0,True,False
2016-08-19,2016Q3,8,diag3,gaussian_ar1,2.540760265326214,2.509019466927509,-0.052280257360947935,0.7616982504133007,2.8678981414693494,2.827543676441542,-0.3271378761431354,2016-10-28,11.0,0,True,False
2016-08-19,2016Q4,-6,diag3,gaussian_ar1,2.1829497672167575,2.159464584018325,-0.20100298691955537,0.8162011127491431,2.235699518586598,2.211074114484348,-0.0527497513698405,2017-01-28,11.0,0,True,False
2016-08-26,2016Q3,9,diag3,gaussian_ar1,2.5972089989597213,2.5640543639392477,-0.02886493546230029,0.7602041172658158,2.8678981414693494,2.827543676441542,-0.27068914250962806,2016-10-28,4.0,0,True,False
2016-08-26,2016Q4,-5,diag3,gaussian_ar1,2.276515752088115,2.250989807529303,-0.1620623749311635,0.8112620093966715,2.235699518586598,2.211074114484348,0.040816233501517196,2017-01-28,4.0,0,True,False
2016-09-02,2016Q3,10,diag3,gaussian_ar1,2.4432099975135735,2.413841024387114,-0.09277517950861608,0.7586877310123354,2.8678981414693494,2.827543676441542,-0.4246881439557759,2016-10-28,8.0,2,True,True
2016-09-02,2016Q4,-4,diag3,gaussian_ar1,1.86527462849726,1.848091724662777,-0.3334806715921984,0.8009750110032064,2.235699518586598,2.211074114484348,-0.3704248900893381,2017-01-28,8.0,0,True,False
2016-09-09,2016Q3,11,diag3,gaussian_ar1,2.340125866041598,2.3131647269294007,-0.13560923645313167,0.7576447226455166,2.8678981414693494,2.827543676441542,-0.5277722754277514,2016-10-28,8.0,0,True,False
2016-09-09,2016Q4,-3,diag3,gaussian_ar1,1.696762220681669,1.6825279988160138,-0.4039219396954989,0.799391832075822,2.235699518586598,2.211074114484348,-0.538937297904929,2017-01-28,8.0,0,True,False
2016-09-16,2016Q3,12,diag3,gaussian_ar1,2.3146341720890806,2.2882528274166747,-0.1462083322608847,0.7570784694493813,2.8678981414693494,2.827543676441542,-0.5532639693802688,2016-10-28,8.0,0,True,False
2016-09-16,2016Q4,-2,diag3,gaussian_ar1,1.6363965774687017,1.6231519036003865,-0.4291842815558301,0.7951548456709748,2.235699518586598,2.211074114484348,-0.5993029411178963,2017-01-28,8.0,0,True,False
2016-09-23,2016Q3,13,diag3,gaussian_ar1,2.375728892091633,2.347947598486729,-0.12081040556042649,0.7561997599584,2.8678981414693494,2.827543676441542,-0.49216924937771633,2016-10-28,4.0,0,True,False
2016-09-23,2016Q4,-1,diag3,gaussian_ar1,1.8714931904054488,1.8541962309594835,-0.3308834289746786,0.789963747160983,2.235699518586598,2.211074114484348,-0.3642063281811492,2017-01-28,4.0,0,True,False
2016-09-30,2016Q3,14,diag3,gaussian_ar1,2.3972341329101976,2.368951583172927,-0.11187398359389339,0.7558844600659408,2.8678981414693494,2.827543676441542,-0.4706640085591518,2016-10-28,8.0,0,True,False
2016-09-30,2016Q4,0,diag3,gaussian_ar1,1.8983333091004084,1.8805397964532156,-0.3196752120162226,0.7894913409989338,2.235699518586598,2.211074114484348,-0.33736620948618956,2017-01-28,8.0,0,True,False
2016-10-07,2016Q3,15,diag3,gaussian_ar1,2.5677202485364203,2.535307978546266,-0.04109546379881507,0.7554411635252328,2.8678981414693494,2.827543676441542,-0.30017789293292907,2016-10-28,12.0,11,False,True
2016-10-07,2016Q4,1,diag3,gaussian_ar1,2.4322275632096213,2.40311993996115,-0.09733660610459874,0.7789607628757023,2.235699518586598,2.211074114484348,0.1965280446230233,2017-01-28,12.0,0,True,False
2016-10-07,2017Q1,-12,diag3,gaussian_ar1,2.6977992847067034,2.6620502135586372,0.012828689640333402,0.8448918314575132,1.9618307902452337,1.942834932414497,0.7359684944614697,2017-04-28,12.0,0,True,False
2016-10-14,2016Q3,16,diag3,gaussian_ar1,2.5732691402901686,2.5407178108490562,-0.03879377938282508,0.7552916127775129,2.8678981414693494,2.827543676441542,-0.2946290011791808,2016-10-28,6.0,0,True,False
2016-10-14,2016Q4,2,diag3,gaussian_ar1,2.4520628635883,2.422482381463449,-0.08909860030941466,0.7784557784808966,2.235699518586598,2.211074114484348,0.21636334500170218,2017-01-28,6.0,0,True,False
2016-10-14,2017Q1,-11,diag3,gaussian_ar1,2.7180325829602614,2.681750056686621,0.021210247401697274,0.8445105123996731,1.9618307902452337,1.942834932414497,0.7562017927150277,2017-04-28,6.0,0,True,False
2016-10-21,2016Q3,17,diag3,gaussian_ar1,2.5211074623880503,2.4898517852750417,-0.060435400012483986,0.7548842755220566,2.8678981414693494,2.827543676441542,-0.3467906790812991,2016-10-28,6.0,0,True,False
2016-10-21,2016Q4,3,diag3,gaussian_ar1,2.244203629526731,2.2193919108194518,-0.17550611631989677,0.7719803244709869,2.235699518586598,2.211074114484348,0.008504110940132925,2017-01-28,6.0,0,True,False
2016-10-21,2017Q1,-10,diag3,gaussian_ar1,2.483485703089694,2.453148451813303,-0.07605131672032665,0.8361628902418884,1.9618307902452337,1.942834932414497,0.5216549128444603,2017-04-28,6.0,0,True,False
2016-10-28,2016Q4,4,diag3,gaussian_ar1,2.2268723984413485,2.2024396538415165,-0.18410108398885588,0.7714061605451024,2.235699518586598,2.211074114484348,-0.008827120145249445,2017-01-28,6.0,0,True,False
2016-10-28,2017Q1,-9,diag3,gaussian_ar1,2.5046068791424236,2.473755674273299,-0.06820847570421051,0.8322346606253438,1.9618307902452337,1.942834932414497,0.54277608889719,2017-04-28,6.0,0,True,False
2016-11-04,2016Q4,5,diag3,gaussian_ar1,2.3785702264321973,2.350722958372188,-0.1207618867686654,0.7650054102209239,2.235699518586598,2.211074114484348,0.1428707078455993,2017-01-28,13.0,2,True,True
2016-11-04,2017Q1,-8,diag3,gaussian_ar1,2.734668679682062,2.6979446325241887,0.02755381315350075,0.8225932321834623,1.9618307902452337,1.942834932414497,0.7728378894368282,2017-04-28,13.0,0,True,False
2016-11-11,2016Q4,6,diag3,gaussian_ar1,2.3382072020597056,2.3112899178539257,-0.13760570568869318,0.764437098572645,2.235699518586598,2.211074114484348,0.10250768347310757,2017-01-28,5.0,0,True,False
2016-11-11,2017Q1,-7,diag3,gaussian_ar1,2.695166511842917,2.659486568933582,0.011126455520880457,0.8221375313309424,1.9618307902452337,1.942834932414497,0.7333357215976832,2017-04-28,5.0,0,True,False
2016-11-18,2016Q4,7,diag3,gaussian_ar1,2.384719281586478,2.3567289716286526,-0.11819641886678434,0.7621588556386288,2.235699518586598,2.211074114484348,0.14901976299988018,2017-01-28,11.0,0,True,False
2016-11-18,2017Q1,-6,diag3,gaussian_ar1,2.7975346182522065,2.759118443267145,0.053684199683680045,0.8169673368580194,1.9618307902452337,1.942834932414497,0.8357038280069728,2017-04-28,11.0,0,True,False
2016-11-25,2016Q4,8,diag3,gaussian_ar1,2.3952026269242532,2.366967617340837,-0.11382298247700157,0.7610522141753676,2.235699518586598,2.211074114484348,0.15950310833765524,2017-01-28,0.0,0,True,False
2016-11-25,2017Q1,-5,diag3,gaussian_ar1,2.8199435913967674,2.78091520240298,0.0629946829510667,0.8123178089798979,1.9618307902452337,1.942834932414497,0.8581128011515338,2017-04-28,0.0,0,True,False
2016-12-02,2016Q4,9,diag3,gaussian_ar1,2.4244094584909393,2.395487182891492,-0.10164085318898425,0.7591252812455852,2.235699518586598,2.211074114484348,0.18870993990434126,2017-01-28,11.0,11,False,True
2016-12-02,2017Q1,-4,diag3,gaussian_ar1,2.9014389798990736,2.860144100971274,0.09683729825991041,0.8014117809951405,1.9618307902452337,1.942834932414497,0.93960818965384,2017-04-28,11.0,0,True,False
2016-12-09,2016Q4,10,diag3,gaussian_ar1,2.4570588253488124,2.427358652192959,-0.08802695858249249,0.758043130788431,2.235699518586598,2.211074114484348,0.22135930676221438,2017-01-28,9.0,0,True,False
2016-12-09,2017Q1,-3,diag3,gaussian_ar1,2.9897309842472852,2.9459098089185334,0.1334721109759776,0.7997775258511297,1.9618307902452337,1.942834932414497,1.0279001940020516,2017-04-28,9.0,0,True,False
2016-12-16,2016Q4,11,diag3,gaussian_ar1,2.4147451526451036,2.3860511882240147,-0.10567143727330619,0.7577136761676477,2.235699518586598,2.211074114484348,0.1790456340585056,2017-01-28,8.0,0,True,False
2016-12-16,2017Q1,-2,diag3,gaussian_ar1,2.935692387144484,2.893426150069123,0.11105372187127308,0.799282258252925,1.9618307902452337,1.942834932414497,0.9738615968992503,2017-04-28,8.0,0,True,False
2016-12-23,2016Q4,12,diag3,gaussian_ar1,2.3987239458139964,2.370406507301105,-0.11235406100872591,0.7566053042276238,2.235699518586598,2.211074114484348,0.1630244272273984,2017-01-28,4.0,0,True,False
2016-12-23,2017Q1,-1,diag3,gaussian_ar1,3.184721507135868,3.135060868779716,0.21426796539043974,0.7904016084986658,1.9618307902452337,1.942834932414497,1.2228907168906344,2017-04-28,4.0,0,True,False
2016-12-30,2016Q4,13,diag3,gaussian_ar1,2.361383749871715,2.333934367511373,-0.1279331315082396,0.7562894995585917,2.235699518586598,2.211074114484348,0.12568423128511697,2017-01-28,8.0,0,True,False
2016-12-30,2017Q1,0,diag3,gaussian_ar1,3.139173929941963,3.0909093391303455,0.1954086443570586,0.7899279761019096,1.9618307902452337,1.942834932414497,1.1773431396967293,2017-04-28,8.0,0,True,False
2017-01-06,2016Q4,14,diag3,gaussian_ar1,2.4080899958242474,2.379552736214619,-0.10844725033433705,0.7558372017590564,2.235699518586598,2.211074114484348,0.17239047723764944,2017-01-28,10.0,11,False,True
2017-01-06,2017Q1,1,diag3,gaussian_ar1,3.359871720385388,3.3046612950087573,0.28671276879936025,0.7793654637040462,1.9618307902452337,1.942834932414497,1.3980409301401542,2017-04-28,10.0,0,True,False
2017-01-06,2017Q2,-12,diag3,gaussian_ar1,3.1892671287582885,3.1394660960597527,0.21614965773856437,0.845330581105796,2.258367983115228,2.233244405190973,0.9308991456430604,2017-07-28,10.0,0,True,False
2017-01-13,2016Q4,15,diag3,gaussian_ar1,2.4507163163819623,2.421168053554642,-0.09067127210992881,0.7557221703262526,2.235699518586598,2.211074114484348,0.2150167977953643,2017-01-28,6.0,0,True,False
2017-01-13,2017Q1,2,diag3,gaussian_ar1,3.4367557157526374,3.3790184060147492,0.3184744005868278,0.778979391576789,1.9618307902452337,1.942834932414497,1.4749249255074037,2017-04-28,6.0,0,True,False
2017-01-13,2017Q2,-11,diag3,gaussian_ar1,3.2559856307557977,3.2041016383436927,0.24375872251570946,0.8450451046018809,2.258367983115228,2.233244405190973,0.9976176476405696,2017-07-28,6.0,0,True,False
2017-01-20,2016Q4,16,diag3,gaussian_ar1,2.5250463384431487,2.4936937262064425,-0.059691939014009154,0.7552818860117098,2.235699518586598,2.211074114484348,0.28934681985655075,2017-01-28,8.0,0,True,False
2017-01-20,2017Q1,3,diag3,gaussian_ar1,3.647059040358691,3.5821278543813775,0.4052325791160698,0.7724009657605575,1.9618307902452337,1.942834932414497,1.6852282501134574,2017-04-28,8.0,0,True,False
2017-01-20,2017Q2,-10,diag3,gaussian_ar1,3.4757136983723624,3.416674892538149,0.3345593646633583,0.8366216052735874,2.258367983115228,2.233244405190973,1.2173457152571343,2017-07-28,8.0,0,True,False
2017-01-27,2016Q4,17,diag3,gaussian_ar1,2.5000795297333456,2.4693388489908084,-0.07009512213780772,0.7551422510735358,2.235699518586598,2.211074114484348,0.2643800111467476,2017-01-28,4.0,0,True,False
2017-01-27,2017Q1,4,diag3,gaussian_ar1,3.5844882284205015,3.521740510210787,0.37943813169577106,0.7719671173281506,1.9618307902452337,1.942834932414497,1.6226574381752679,2017-04-28,4.0,0,True,False
2017-01-27,2017Q2,-9,diag3,gaussian_ar1,3.4195008902685453,3.3623354921815243,0.3113482957779652,0.836312975609239,2.258367983115228,2.233244405190973,1.1611329071533172,2017-07-28,4.0,0,True,False
2017-02-03,2017Q1,5,diag3,gaussian_ar1,3.849408197093851,3.7771665686053106,0.4918302094278809,0.7651831529830228,1.9618307902452337,1.942834932414497,1.8875774068486173,2017-04-28,12.0,11,False,True
2017-02-03,2017Q2,-8,diag3,gaussian_ar1,3.729369687010986,3.6615106959896213,0.4422385172625382,0.8232867679394423,2.258367983115228,2.233244405190973,1.471001703895758,2017-07-28,12.0,0,True,False
2017-02-10,2017Q1,6,diag3,gaussian_ar1,3.862641545255041,3.7899085815944673,0.49729381427071295,0.7641621441175472,1.9618307902452337,1.942834932414497,1.9008107550098075,2017-04-28,7.0,0,True,False
2017-02-10,2017Q2,-7,diag3,gaussian_ar1,3.738428698307117,3.6702436283987856,0.4459830819434437,0.8225520919813648,2.258367983115228,2.233244405190973,1.4800607151918888,2017-07-28,7.0,0,True,False
2017-02-17,2017Q1,7,diag3,gaussian_ar1,4.006947041518361,3.92875093985006,0.5568275615366305,0.7607596962200465,1.9618307902452337,1.942834932414497,2.045116251273127,2017-04-28,10.0,0,True,False
2017-02-17,2017Q2,-6,diag3,gaussian_ar1,4.259212929288836,4.171004420855343,0.6607026159051798,0.8126249676998225,2.258367983115228,2.233244405190973,2.0008449461736078,2017-07-28,10.0,0,True,False
2017-02-24,2017Q1,8,diag3,gaussian_ar1,4.010630892697686,3.932292805125372,0.5583462660213396,0.7607457421622424,1.9618307902452337,1.942834932414497,2.0488001024524527,2017-04-28,2.0,0,True,False
2017-02-24,2017Q2,-5,diag3,gaussian_ar1,4.2638758617906225,4.17547676253184,0.6626202962327155,0.8126041255749844,2.258367983115228,2.233244405190973,2.0055078786753944,2017-07-28,2.0,0,True,False
2017-03-03,2017Q1,9,diag3,gaussian_ar1,3.955634191352453,3.879402782212233,0.5356677311955127,0.7586067992556258,1.9618307902452337,1.942834932414497,1.9938034011072192,2017-04-28,12.0,2,True,True
2017-03-03,2017Q2,-4,diag3,gaussian_ar1,4.113686326936072,4.031325387226034,0.6008101134231435,0.800977848081693,2.258367983115228,2.233244405190973,1.8553183438208443,2017-07-28,12.0,0,True,False
2017-03-10,2017Q1,10,diag3,gaussian_ar1,3.911472231002766,3.8369122104481814,0.5174483420093348,0.7577134596910649,1.9618307902452337,1.942834932414497,1.9496414407575324,2017-04-28,8.0,0,True,False
2017-03-10,2017Q2,-3,diag3,gaussian_ar1,4.064642944758035,3.9842086837181236,0.5806071007843103,0.8000659823984511,2.258367983115228,2.233244405190973,1.8062749616428064,2017-07-28,8.0,0,True,False
2017-03-17,2017Q1,11,diag3,gaussian_ar1,3.6886382895901626,3.622235998154326,0.4253980518293059,0.7565533425762555,1.9618307902452337,1.942834932414497,1.726807499344929,2017-04-28,10.0,0,True,False
2017-03-17,2017Q2,-2,diag3,gaussian_ar1,3.7890648299611307,3.719043073520953,0.4669076316926778,0.7949277379935558,2.258367983115228,2.233244405190973,1.5306968468459026,2017-07-28,10.0,0,True,False
2017-03-24,2017Q1,12,diag3,gaussian_ar1,3.678811699412643,3.612758531767585,0.42133424093126004,0.7562662772130203,1.9618307902452337,1.942834932414497,1.7169809091674093,2017-04-28,2.0,0,True,False
2017-03-24,2017Q2,-1,diag3,gaussian_ar1,3.7621985881438613,3.6931542964305435,0.4558068701405954,0.7905363818409596,2.258367983115228,2.233244405190973,1.5038306050286332,2017-07-28,2.0,0,True,False
2017-03-31,2017Q1,13,diag3,gaussian_ar1,3.627378618893151,3.563138130663473,0.40005767623097216,0.7559486484355271,1.9618307902452337,1.942834932414497,1.6655478286479175,2017-04-28,8.0,0,True,False
2017-03-31,2017Q2,0,diag3,gaussian_ar1,3.7014416677521034,3.6345831443445835,0.430692343067092,0.7900608808198659,2.258367983115228,2.233244405190973,1.4430736846368752,2017-07-28,8.0,0,True,False
2017-04-07,2017Q1,14,diag3,gaussian_ar1,3.520493752735021,3.4599414389281886,0.3558083142809439,0.7554200334001239,1.9618307902452337,1.942834932414497,1.5586629624897874,2017-04-28,12.0,12,False,True
2017-04-07,2017Q2,1,diag3,gaussian_ar1,3.763854989664006,3.6947506275818673,0.4564913555995696,0.7790351231657676,2.258367983115228,2.233244405190973,1.505487006548778,2017-07-28,12.0,0,True,False
2017-04-07,2017Q3,-12,diag3,gaussian_ar1,3.704163603144983,3.637207890565369,0.43181779916066926,0.8451276199157206,3.1915992394406345,3.1417261027391388,0.5125643637043487,2017-10-28,12.0,0,True,False
2017-04-14,2017Q1,15,diag3,gaussian_ar1,3.4808339912249187,3.421623074087134,0.3393779116520065,0.7552650077549491,1.9618307902452337,1.942834932414497,1.519003200979685,2017-04-28,6.0,0,True,False
2017-04-14,2017Q2,2,diag3,gaussian_ar1,3.6919578988948043,3.6254374638323488,0.4267707975169372,0.7785177646313938,2.258367983115228,2.233244405190973,1.4335899157795762,2017-07-28,6.0,0,True,False
2017-04-14,2017Q3,-11,diag3,gaussian_ar1,3.6403400907297323,3.5756451162511502,0.40542050446574296,0.844738562351781,3.1915992394406345,3.1417261027391388,0.4487408512890978,2017-10-28,6.0,0,True,False
2017-04-21,2017Q1,16,diag3,gaussian_ar1,3.4834587766684244,3.4241595362068065,0.34046551270315095,0.7548576298338823,1.9618307902452337,1.942834932414497,1.5216279864231907,2017-04-28,6.0,0,True,False
2017-04-21,2017Q2,3,diag3,gaussian_ar1,3.5206512155324887,3.460093546662614,0.35587353604418853,0.7720745727237833,2.258367983115228,2.233244405190973,1.2622832324172606,2017-07-28,6.0,0,True,False
2017-04-21,2017Q3,-10,diag3,gaussian_ar1,3.416061207173171,3.3590094847379097,0.31253004151667985,0.8363951512240867,3.1915992394406345,3.1417261027391388,0.22446196773253657,2017-10-28,6.0,0,True,False
2017-04-28,2017Q2,4,diag3,gaussian_ar1,3.48306827368563,3.4237821776180986,0.3438177493385388,0.7714810982968079,2.258367983115228,2.233244405190973,1.2247002905704019,2017-07-28,6.0,0,True,False
2017-04-28,2017Q3,-9,diag3,gaussian_ar1,3.2160218189750456,3.1653905193175182,0.23262523493134346,0.8323656249521645,3.1915992394406345,3.1417261027391388,0.02442257953441107,2017-10-28,6.0,0,True,False
2017-05-05,2017Q2,5,diag3,gaussian_ar1,3.2247507761747896,3.1738471406478967,0.23626433456520407,0.7658721547511883,2.258367983115228,2.233244405190973,0.9663827930595614,2017-07-28,14.0,11,False,True
2017-05-05,2017Q3,-8,diag3,gaussian_ar1,2.878419403560595,2.83777108874807,0.09164224618758979,0.8232779182763617,3.1915992394406345,3.1417261027391388,-0.3131798358800397,2017-10-28,14.0,0,True,False
2017-05-12,2017Q2,6,diag3,gaussian_ar1,3.2028316125378486,3.1526104788939975,0.22712565790063366,0.765726044300083,2.258367983115228,2.233244405190973,0.9444636294226205,2017-07-28,4.0,0,True,False
2017-05-12,2017Q3,-7,diag3,gaussian_ar1,2.8602346643184173,2.820093575135549,0.08403516165563824,0.8231841447569979,3.1915992394406345,3.1417261027391388,-0.3313645751222172,2017-10-28,4.0,0,True,False
2017-05-19,2017Q2,7,diag3,gaussian_ar1,3.3688760237017723,3.313372520148307,0.29630566048224105,0.7634230491752748,2.258367983115228,2.233244405190973,1.1105080405865442,2017-07-28,11.0,0,True,False
2017-05-19,2017Q3,-6,diag3,gaussian_ar1,2.995889123210138,2.9518890019917894,0.14075009199006727,0.817958063461001,3.1915992394406345,3.1417261027391388,-0.1957101162304964,2017-10-28,11.0,0,True,False
2017-05-26,2017Q2,8,diag3,gaussian_ar1,3.5293580983354556,3.468503961940487,0.3630626726471621,0.7619527119736836,2.258367983115228,2.233244405190973,1.2709901152202274,2017-07-28,4.0,0,True,False
2017-05-26,2017Q3,-5,diag3,gaussian_ar1,3.365749949161989,3.310348281199151,0.29500425340456493,0.8130885073655258,3.1915992394406345,3.1417261027391388,0.1741507097213546,2017-10-28,4.0,0,True,False
2017-06-02,2017Q2,9,diag3,gaussian_ar1,3.480443147514589,3.4212453766591557,0.3427260992480111,0.760514874532941,2.258367983115228,2.233244405190973,1.222075164399361,2017-07-28,8.0,2,True,True
2017-06-02,2017Q3,-4,diag3,gaussian_ar1,3.2572568995255846,3.2053328124362035,0.24981342139318885,0.8026722298314634,3.1915992394406345,3.1417261027391388,0.06565766008495011,2017-10-28,8.0,0,True,False
2017-06-09,2017Q2,10,diag3,gaussian_ar1,3.4083994954820396,3.3516005818754615,0.3127561694975556,0.7594464999770534,2.258367983115228,2.233244405190973,1.1500315123668114,2017-07-28,8.0,0,True,False
2017-06-09,2017Q3,-3,diag3,gaussian_ar1,3.1853636373632366,3.1356831781875156,0.21984140909763664,0.8010241812896312,3.1915992394406345,3.1417261027391388,-0.006235602077397928,2017-10-28,8.0,0,True,False
2017-06-16,2017Q2,11,diag3,gaussian_ar1,3.385296454199227,3.3292565338397306,0.3031409562996206,0.7588811210575708,2.258367983115228,2.233244405190973,1.1269284710839989,2017-07-28,8.0,0,True,False
2017-06-16,2017Q3,-2,diag3,gaussian_ar1,3.3427994777317505,3.2881426476265054,0.2854486034769073,0.7968074574036433,3.1915992394406345,3.1417261027391388,0.15120023829111595,2017-10-28,8.0,0,True,False
2017-06-23,2017Q2,12,diag3,gaussian_ar1,3.3986068951674886,3.3421303028043683,0.30868086710978365,0.7580186575769963,2.258367983115228,2.233244405190973,1.1402389120522605,2017-07-28,4.0,0,True,False
2017-06-23,2017Q3,-1,diag3,gaussian_ar1,3.386867638049229,3.33077625856373,0.303794932571067,0.7917288706006668,3.1915992394406345,3.1417261027391388,0.19526839860859457,2017-10-28,4.0,0,True,False
2017-06-30,2017Q2,13,diag3,gaussian_ar1,3.3987841105150185,3.342301693117065,0.30875462072837634,0.7576967027086042,2.258367983115228,2.233244405190973,1.1404161273997904,2017-07-28,8.0,0,True,False
2017-06-30,2017Q3,0,diag3,gaussian_ar1,3.3790637902273657,3.3232277734030733,0.3005466270704209,0.791245063671751,3.1915992394406345,3.1417261027391388,0.1874645507867312,2017-10-28,8.0,0,True,False
2017-07-07,2017Q2,14,diag3,gaussian_ar1,3.4042971394318444,3.347633363114244,0.31104897417954736,0.7565723369773298,2.258367983115228,2.233244405190973,1.1459291563166163,2017-07-28,12.0,11,False,True
2017-07-07,2017Q3,1,diag3,gaussian_ar1,3.6892540090752712,3.6228298121605134,0.42947301823204687,0.7801784367247496,3.1915992394406345,3.1417261027391388,0.49765476963463673,2017-10-28,12.0,0,True,False
2017-07-07,2017Q4,-12,diag3,gaussian_ar1,3.747200661429506,3.6786991182124,0.4535150041806328,0.8461624238396346,4.584974811729059,4.482971107757605,-0.8377741502995528,2018-01-28,12.0,0,True,False
2017-07-14,2017Q2,15,diag3,gaussian_ar1,3.4047675770393138,3.348088311844964,0.31124475021050657,0.7564221943796268,2.258367983115228,2.233244405190973,1.1463995939240856,2017-07-28,6.0,0,True,False
2017-07-14,2017Q3,2,diag3,gaussian_ar1,3.6839588392542977,3.617722913589199,0.4272753896526196,0.7796778338004582,3.1915992394406345,3.1417261027391388,0.4923595998136632,2017-10-28,6.0,0,True,False
2017-07-14,2017Q4,-11,diag3,gaussian_ar1,3.740802513845898,3.6725318724076086,0.4508610811689069,0.8457909705198917,4.584974811729059,4.482971107757605,-0.8441722978831612,2018-01-28,6.0,0,True,False
2017-07-21,2017Q2,16,diag3,gaussian_ar1,3.3822969650690426,3.3263552192954173,0.3018924467254721,0.7560149461299815,2.258367983115228,2.233244405190973,1.1239289819538145,2017-07-28,6.0,0,True,False
2017-07-21,2017Q3,3,diag3,gaussian_ar1,3.5243730455055244,3.4636887356672474,0.3609905580894303,0.7732305005436165,3.1915992394406345,3.1417261027391388,0.33277380606488993,2017-10-28,6.0,0,True,False
2017-07-21,2017Q4,-10,diag3,gaussian_ar1,3.548335366186195,3.486832607181204,0.3709499557096132,0.8374679171523907,4.584974811729059,4.482971107757605,-1.036639445542864,2018-01-28,6.0,0,True,False
2017-07-28,2017Q3,4,diag3,gaussian_ar1,3.497810047667893,3.438026753374796,0.3525742905304793,0.7726418961708591,3.1915992394406345,3.1417261027391388,0.30621080822725855,2017-10-28,6.0,0,True,False
2017-07-28,2017Q4,-9,diag3,gaussian_ar1,3.405261059615783,3.3485655445785136,0.3139310175275781,0.8335169038879219,4.584974811729059,4.482971107757605,-1.1797137521132761,2018-01-28,6.0,0,True,False
2017-08-04,2017Q3,5,diag3,gaussian_ar1,3.377005816013434,3.3212370466322243,0.30212631892013475,0.7663210419735966,3.1915992394406345,3.1417261027391388,0.1854065765727997,2017-10-28,13.0,2,True,True
2017-08-04,2017Q4,-8,diag3,gaussian_ar1,3.266368496377736,3.2141565940646677,0.2558723143351415,0.8236580616865868,4.584974811729059,4.482971107757605,-1.3186063153513228,2018-01-28,13.0,0,True,False
2017-08-11,2017Q3,6,diag3,gaussian_ar1,3.372038779070774,3.3164321519316533,0.30005081759209923,0.7657287693683162,3.1915992394406345,3.1417261027391388,0.18043953963013948,2017-10-28,5.0,0,True,False
2017-08-11,2017Q4,-7,diag3,gaussian_ar1,3.2595860817220768,3.2075884949877596,0.253035186946029,0.8231591703883915,4.584974811729059,4.482971107757605,-1.3253887300069822,2018-01-28,5.0,0,True,False
2017-08-18,2017Q3,7,diag3,gaussian_ar1,3.38165292057262,3.3257322436782615,0.30406804460201575,0.7634322491658025,3.1915992394406345,3.1417261027391388,0.19005368113198529,2017-10-28,11.0,0,True,False
2017-08-18,2017Q4,-6,diag3,gaussian_ar1,3.448017662459568,3.389905574300908,0.33178807620144796,0.8179499515008837,4.584974811729059,4.482971107757605,-1.1369571492694908,2018-01-28,11.0,0,True,False
2017-08-25,2017Q3,8,diag3,gaussian_ar1,3.3788115281008,3.3229837564569986,0.30288082006676376,0.7623743947651898,3.1915992394406345,3.1417261027391388,0.1872122886601657,2017-10-28,0.0,0,True,False
2017-08-25,2017Q4,-5,diag3,gaussian_ar1,3.4422747390884023,3.384353913750788,0.3293900051587657,0.8134279175907096,4.584974811729059,4.482971107757605,-1.1427000726406566,2018-01-28,0.0,0,True,False
2017-09-01,2017Q3,9,diag3,gaussian_ar1,3.4950365612610668,3.435346963756528,0.35141674031175935,0.7610093530522908,3.1915992394406345,3.1417261027391388,0.30343732182043226,2017-10-28,11.0,11,False,True
2017-09-01,2017Q4,-4,diag3,gaussian_ar1,3.9047826835922894,3.830474266105935,0.5220942039972543,0.8034890297393406,4.584974811729059,4.482971107757605,-0.6801921281367695,2018-01-28,11.0,0,True,False
2017-09-08,2017Q3,10,diag3,gaussian_ar1,3.3984509546854946,3.3419794878134668,0.3110861332139327,0.7598928071482937,3.1915992394406345,3.1417261027391388,0.20685171524486012,2017-10-28,9.0,0,True,False
2017-09-08,2017Q4,-3,diag3,gaussian_ar1,3.8023786785281066,3.731870045924274,0.4795015557311777,0.8017666246981788,4.584974811729059,4.482971107757605,-0.7825961332009523,2018-01-28,9.0,0,True,False
2017-09-15,2017Q3,11,diag3,gaussian_ar1,3.4005249783474634,3.3439853233382113,0.31195256516611125,0.7595737625745816,3.1915992394406345,3.1417261027391388,0.20892573890682886,2017-10-28,6.0,0,True,False
2017-09-15,2017Q4,-2,diag3,gaussian_ar1,3.8138805509330798,3.742949980086878,0.48428759569711055,0.8013044003143135,4.584974811729059,4.482971107757605,-0.7710942607959792,2018-01-28,6.0,0,True,False
2017-09-22,2017Q3,12,diag3,gaussian_ar1,3.2873437005540795,3.234466279158527,0.2646451971996258,0.758458304341513,3.1915992394406345,3.1417261027391388,0.09574446111344503,2017-10-28,6.0,0,True,False
2017-09-22,2017Q4,-1,diag3,gaussian_ar1,3.79567631840132,3.725412991084125,0.47671239452555625,0.7923765592277746,4.584974811729059,4.482971107757605,-0.7892984933277392,2018-01-28,6.0,0,True,False
2017-09-29,2017Q3,13,diag3,gaussian_ar1,3.2656190615846903,3.21343086164723,0.25555883012995967,0.7581882782887864,3.1915992394406345,3.1417261027391388,0.07401982214405578,2017-10-28,4.0,0,True,False
2017-09-29,2017Q4,0,diag3,gaussian_ar1,3.768162649796536,3.698901948599366,0.4652608004087928,0.7919694202640234,4.584974811729059,4.482971107757605,-0.816812161932523,2018-01-28,4.0,0,True,False
2017-10-06,2017Q3,14,diag3,gaussian_ar1,3.2150722000044984,3.164470484499051,0.2344101194662081,0.7574915030501028,3.1915992394406345,3.1417261027391388,0.023472960563863943,2017-10-28,13.0,11,False,True
2017-10-06,2017Q4,1,diag3,gaussian_ar1,4.110364204532058,4.028134475901597,0.607474644880162,0.7812552730229606,4.584974811729059,4.482971107757605,-0.4746106071970013,2018-01-28,13.0,0,True,False
2017-10-06,2018Q1,-12,diag3,gaussian_ar1,3.9996732051195583,3.9217570889878717,0.5615243334641469,0.8474108919566611,3.293553047698339,3.240477819667709,0.7061201574212195,2018-04-28,13.0,0,True,False
2017-10-13,2017Q3,15,diag3,gaussian_ar1,3.2215965092054377,3.1707913665825465,0.23714046008264061,0.7574064810611668,3.1915992394406345,3.1417261027391388,0.029997269764803214,2017-10-28,6.0,0,True,False
2017-10-13,2017Q4,2,diag3,gaussian_ar1,4.130495815647106,4.04746940486398,0.6158264763436342,0.7809994226542682,4.584974811729059,4.482971107757605,-0.45447899608195286,2018-01-28,6.0,0,True,False
2017-10-13,2018Q1,-11,diag3,gaussian_ar1,4.019476945332778,3.940797393939333,0.5697489004267206,0.8472064304322481,3.293553047698339,3.240477819667709,0.7259238976344395,2018-04-28,6.0,0,True,False
2017-10-20,2017Q3,16,diag3,gaussian_ar1,3.2202426835671094,3.1694797859033166,0.2365739154211637,0.7568517340245702,3.1915992394406345,3.1417261027391388,0.028643444126474904,2017-10-28,9.0,0,True,False
2017-10-20,2017Q4,3,diag3,gaussian_ar1,4.30790577496285,4.217697156374932,0.6893573123653925,0.7741226851138026,4.584974811729059,4.482971107757605,-0.27706903676620875,2018-01-28,9.0,0,True,False
2017-10-20,2018Q1,-10,diag3,gaussian_ar1,4.2517777361717135,4.163872717057334,0.666107542652193,0.8385801440549968,3.293553047698339,3.240477819667709,0.9582246884733747,2018-04-28,9.0,0,True,False
2017-10-27,2017Q3,17,diag3,gaussian_ar1,3.2314489906173582,3.1803358917268083,0.24126327147537138,0.7567052810366529,3.1915992394406345,3.1417261027391388,0.039849751176723736,2017-10-28,4.0,0,True,False
2017-10-27,2017Q4,4,diag3,gaussian_ar1,4.327976161120284,4.23693678671377,0.6976679790516835,0.7736713201421156,4.584974811729059,4.482971107757605,-0.25699865060877514,2018-01-28,4.0,0,True,False
2017-10-27,2018Q1,-9,diag3,gaussian_ar1,4.26923430834778,4.1806159431194985,0.673339873450929,0.8382598300675494,3.293553047698339,3.240477819667709,0.9756812606494414,2018-04-28,4.0,0,True,False
2017-11-03,2017Q4,5,diag3,gaussian_ar1,4.185454298659108,4.100233952424459,0.6392438754942509,0.7675384946762557,4.584974811729059,4.482971107757605,-0.39952051306995084,2018-01-28,12.0,12,False,True
2017-11-03,2018Q1,-8,diag3,gaussian_ar1,4.066820678834393,3.9863013361585686,0.5898492390993506,0.8251418546211425,3.293553047698339,3.240477819667709,0.7732676311360542,2018-04-28,12.0,0,True,False
2017-11-10,2017Q4,6,diag3,gaussian_ar1,4.11066490981169,4.028423308668314,0.6081109062544281,0.7664892451570462,4.584974811729059,4.482971107757605,-0.4743099019173691,2018-01-28,7.0,0,True,False
2017-11-10,2018Q1,-7,diag3,gaussian_ar1,3.9993475402603895,3.9214439482259404,0.5617308020840999,0.8243311454759936,3.293553047698339,3.240477819667709,0.7057944925620507,2018-04-28,7.0,0,True,False
2017-11-17,2017Q4,7,diag3,gaussian_ar1,4.1804573217489205,4.095437604622388,0.6371644546622579,0.7641958895083109,4.584974811729059,4.482971107757605,-0.4045174899801385,2018-01-28,10.0,0,True,False
2017-11-17,2018Q1,-6,diag3,gaussian_ar1,4.01435768406615,3.935875827909662,0.5679876359288414,0.8190428659963312,3.293553047698339,3.240477819667709,0.7208046363678111,2018-04-28,10.0,0,True,False
2017-11-24,2017Q4,8,diag3,gaussian_ar1,4.190802439824148,4.105367110347476,0.6414693178432029,0.763135002554125,4.584974811729059,4.482971107757605,-0.3941723719049106,2018-01-28,2.0,0,True,False
2017-11-24,2018Q1,-5,diag3,gaussian_ar1,4.05369391651087,3.9736867581421222,0.5843802828441609,0.8145078460114348,3.293553047698339,3.240477819667709,0.7601408688125311,2018-04-28,2.0,0,True,False
2017-12-01,2017Q4,9,diag3,gaussian_ar1,4.160096957630555,4.075892332456249,0.628690747627981,0.7612399326893348,4.584974811729059,4.482971107757605,-0.4248778540985043,2018-01-28,11.0,2,True,True
2017-12-01,2018Q1,-4,diag3,gaussian_ar1,4.059021113270478,3.978806288450518,0.5865998170423903,0.8036274932081656,3.293553047698339,3.240477819667709,0.7654680655721391,2018-04-28,11.0,0,True,False
2017-12-08,2017Q4,10,diag3,gaussian_ar1,4.047692493654664,3.9679189706598805,0.581879701581079,0.7601235871978254,4.584974811729059,4.482971107757605,-0.5372823180743946,2018-01-28,9.0,0,True,False
2017-12-08,2018Q1,-3,diag3,gaussian_ar1,3.9188330771065427,3.843995726103847,0.5281537027728329,0.8018907027357195,3.293553047698339,3.240477819667709,0.6252800294082039,2018-04-28,9.0,0,True,False
2017-12-15,2017Q4,11,diag3,gaussian_ar1,4.023759368172364,3.9449142524501566,0.5719061775053693,0.7598003355042098,4.584974811729059,4.482971107757605,-0.5612154435566952,2018-01-28,6.0,0,True,False
2017-12-15,2018Q1,-2,diag3,gaussian_ar1,3.9130077291285037,3.8383898978948765,0.5257233377452435,0.8014101575457684,3.293553047698339,3.240477819667709,0.6194546814301649,2018-04-28,6.0,0,True,False
2017-12-22,2017Q4,12,diag3,gaussian_ar1,4.077257311193638,3.996329613175896,0.5941969238376893,0.7587027748342632,4.584974811729059,4.482971107757605,-0.5077175005354206,2018-01-28,6.0,0,True,False
2017-12-22,2018Q1,-1,diag3,gaussian_ar1,4.133256039036093,4.050120104627668,0.6175173903892742,0.7925096129862502,3.293553047698339,3.240477819667709,0.8397029913377541,2018-04-28,6.0,0,True,False
2017-12-29,2017Q4,13,diag3,gaussian_ar1,4.078778969270935,3.997791649160555,0.5948307786391094,0.7584302509582179,4.584974811729059,4.482971107757605,-0.5061958424581237,2018-01-28,4.0,0,True,False
2017-12-29,2018Q1,0,diag3,gaussian_ar1,4.129821299902581,4.046821642722954,0.6160873668210844,0.7921006167383122,3.293553047698339,3.240477819667709,0.836268252204242,2018-04-28,4.0,0,True,False
2018-01-05,2017Q4,14,diag3,gaussian_ar1,4.113209186756994,4.030867098513697,0.6091703931230218,0.7574521718725122,4.584974811729059,4.482971107757605,-0.47176562497206476,2018-01-28,13.0,3,True,True
2018-01-05,2018Q1,1,diag3,gaussian_ar1,4.152663760651976,4.068755758627446,0.6255967392488844,0.7811294643043786,3.293553047698339,3.240477819667709,0.8591107129536368,2018-04-28,13.0,0,True,False
2018-01-05,2018Q2,-12,diag3,gaussian_ar1,3.930112283678855,3.8548489989591044,0.5328590583062208,0.8472345183524153,2.1402669926408935,2.117684921507524,1.7898452910379614,2018-07-28,13.0,0,True,False
2018-01-12,2017Q4,15,diag3,gaussian_ar1,4.116706441982942,4.034226130971376,0.6106266766028859,0.7573763005252718,4.584974811729059,4.482971107757605,-0.4682683697461165,2018-01-28,4.0,0,True,False
2018-01-12,2018Q1,2,diag3,gaussian_ar1,4.157170242419239,4.073082469163739,0.627472552345526,0.7809930515717193,3.293553047698339,3.240477819667709,0.8636171947209004,2018-04-28,4.0,0,True,False
2018-01-12,2018Q2,-11,diag3,gaussian_ar1,3.9338409096297378,3.8584365627420465,0.5344144198384126,0.8471424536382344,2.1402669926408935,2.117684921507524,1.7935739169888443,2018-07-28,4.0,0,True,False
2018-01-19,2017Q4,16,diag3,gaussian_ar1,4.101374812574066,4.019499619859376,0.6042421074989419,0.7568617423045944,4.584974811729059,4.482971107757605,-0.4835999991549933,2018-01-28,11.0,0,True,False
2018-01-19,2018Q1,3,diag3,gaussian_ar1,4.194565008110729,4.108978273965222,0.6430349109078333,0.776855141306764,3.293553047698339,3.240477819667709,0.9010119604123901,2018-04-28,11.0,0,True,False
2018-01-19,2018Q2,-10,diag3,gaussian_ar1,3.994953961934433,3.9172192379383217,0.5598992104348419,0.8423526951373926,2.1402669926408935,2.117684921507524,1.8546869692935397,2018-07-28,11.0,0,True,False
2018-01-26,2017Q4,17,diag3,gaussian_ar1,4.088153400895589,4.006798297357977,0.5987355438189962,0.7566755587872672,4.584974811729059,4.482971107757605,-0.4968214108334701,2018-01-28,4.0,0,True,False
2018-01-26,2018Q1,4,diag3,gaussian_ar1,4.108523202005099,4.026366142058358,0.6072190370072114,0.7735574533465418,3.293553047698339,3.240477819667709,0.81497015430676,2018-04-28,4.0,0,True,False
2018-01-26,2018Q2,-9,diag3,gaussian_ar1,3.893226367609426,3.8193516224891395,0.5174694353766914,0.8380526517214186,2.1402669926408935,2.117684921507524,1.7529593749685324,2018-07-28,4.0,0,True,False
2018-02-02,2018Q1,5,diag3,gaussian_ar1,4.1336186191957225,4.050468292653471,0.6124026155833815,0.7671626551396263,3.293553047698339,3.240477819667709,0.8400655714973837,2018-04-28,10.0,2,True,True
2018-02-02,2018Q2,-8,diag3,gaussian_ar1,3.9438081720950313,3.868026109782778,0.5331982907737796,0.8250908323922088,2.1402669926408935,2.117684921507524,1.8035411794541378,2018-07-28,10.0,0,True,False
2018-02-09,2018Q1,6,diag3,gaussian_ar1,4.222123593162008,4.135423934719974,0.6492847344155853,0.7656063052261697,3.293553047698339,3.240477819667709,0.9285705454636695,2018-04-28,9.0,0,True,False
2018-02-09,2018Q2,-7,diag3,gaussian_ar1,4.057789118368871,3.9776223428574076,0.5807777239167394,0.8236390229059575,2.1402669926408935,2.117684921507524,1.9175221257279773,2018-07-28,9.0,0,True,False
2018-02-16,2018Q1,7,diag3,gaussian_ar1,4.15429032747805,4.070317460523787,0.6210198109844864,0.7641289206711648,3.293553047698339,3.240477819667709,0.8607372797797108,2018-04-28,8.0,0,True,False
2018-02-16,2018Q2,-6,diag3,gaussian_ar1,3.959034765353775,3.8826739068699476,0.539557395121153,0.8189795755337232,2.1402669926408935,2.117684921507524,1.8187677727128815,2018-07-28,8.0,0,True,False
2018-02-23,2018Q1,8,diag3,gaussian_ar1,4.212516437105807,4.1262055475444015,0.6452827206236755,0.7622210929608981,3.293553047698339,3.240477819667709,0.9189633894074678,2018-04-28,4.0,0,True,False
2018-02-23,2018Q2,-5,diag3,gaussian_ar1,4.192537901146665,4.107032753406773,0.6369591619461261,0.813716472274379,2.1402669926408935,2.117684921507524,2.052270908505771,2018-07-28,4.0,0,True,False
2018-03-02,2018Q1,9,diag3,gaussian_ar1,4.352810248180905,4.26073781564908,0.7036877303241327,0.7585808954914006,3.293553047698339,3.240477819667709,1.0592572004825662,2018-04-28,11.0,11,False,True
2018-03-02,2018Q2,-4,diag3,gaussian_ar1,4.704961863580714,4.597632201265938,0.8499449824851695,0.801734173855882,2.1402669926408935,2.117684921507524,2.564694870939821,2018-07-28,11.0,0,True,False
2018-03-09,2018Q1,10,diag3,gaussian_ar1,4.326356858937452,4.235384648150982,0.6926810624479053,0.7574565881749994,3.293553047698339,3.240477819667709,1.0328038112391136,2018-04-28,9.0,0,True,False
2018-03-09,2018Q2,-3,diag3,gaussian_ar1,4.690803529214649,4.584109163337189,0.8440741741465062,0.8000239872287319,2.1402669926408935,2.117684921507524,2.5505365365737553,2018-07-28,9.0,0,True,False
2018-03-16,2018Q1,11,diag3,gaussian_ar1,4.309683618643967,4.219401560769892,0.6857422634022412,0.7571219354137135,3.293553047698339,3.240477819667709,1.016130570945628,2018-04-28,8.0,0,True,False
2018-03-16,2018Q2,-2,diag3,gaussian_ar1,4.656128654007308,4.55098245337032,0.8296927484542421,0.7995092567681256,2.1402669926408935,2.117684921507524,2.515861661366414,2018-07-28,8.0,0,True,False
2018-03-23,2018Q1,12,diag3,gaussian_ar1,4.247616092595741,4.159880721205365,0.6599022529636996,0.7560075402125073,3.293553047698339,3.240477819667709,0.9540630448974019,2018-04-28,4.0,0,True,False
2018-03-23,2018Q2,-1,diag3,gaussian_ar1,4.580858737381677,4.479035403462042,0.7984580996446147,0.7903513649951543,2.1402669926408935,2.117684921507524,2.440591744740783,2018-07-28,4.0,0,True,False
2018-03-30,2018Q1,13,diag3,gaussian_ar1,4.220826582370196,4.1341794591541365,0.6487444654636181,0.7556710166322594,3.293553047698339,3.240477819667709,0.9272735346718575,2018-04-28,8.0,0,True,False
2018-03-30,2018Q2,0,diag3,gaussian_ar1,4.554146344511167,4.453489806248125,0.7873678915175808,0.7898511746560593,2.1402669926408935,2.117684921507524,2.413879351870274,2018-07-28,8.0,0,True,False
2018-04-06,2018Q1,14,diag3,gaussian_ar1,4.143863303034223,4.060305826459067,0.6166734218772094,0.7551864820504806,3.293553047698339,3.240477819667709,0.8503102553358843,2018-04-28,10.0,11,False,True
2018-04-06,2018Q2,1,diag3,gaussian_ar1,4.3506928251583865,4.258708694919043,0.7028068203566518,0.77887668891251,2.1402669926408935,2.117684921507524,2.210425832517493,2018-07-28,10.0,0,True,False
2018-04-06,2018Q3,-12,diag3,gaussian_ar1,4.0273912054251015,3.9484055450895807,0.568093723408263,0.8455544157074197,2.5182268082057035,2.487041930090145,1.509164397219398,2018-10-28,10.0,0,True,False
2018-04-13,2018Q1,15,diag3,gaussian_ar1,4.128011971819001,4.045084058061479,0.6100651371627388,0.7550705095632234,3.293553047698339,3.240477819667709,0.8344589241206624,2018-04-28,6.0,0,True,False
2018-04-13,2018Q2,2,diag3,gaussian_ar1,4.322645314184226,4.231826955840003,0.6911365478354533,0.7784796324873926,2.1402669926408935,2.117684921507524,2.1823783215433323,2018-07-28,6.0,0,True,False
2018-04-13,2018Q3,-11,diag3,gaussian_ar1,4.002768375129229,3.924733179062935,0.5578167483234214,0.8452481041834928,2.5182268082057035,2.487041930090145,1.4845415669235251,2018-10-28,6.0,0,True,False
2018-04-20,2018Q1,16,diag3,gaussian_ar1,4.117303001659156,4.03479910142688,0.6056000894795677,0.754633458883825,3.293553047698339,3.240477819667709,0.8237499539608173,2018-04-28,8.0,0,True,False
2018-04-20,2018Q2,3,diag3,gaussian_ar1,4.2501608149274395,4.162321727886179,0.660961976559238,0.7718415039633025,2.1402669926408935,2.117684921507524,2.109893822286546,2018-07-28,8.0,0,True,False
2018-04-20,2018Q3,-10,diag3,gaussian_ar1,3.91737787333728,3.8425953890185736,0.5221579544005959,0.8366691507281062,2.5182268082057035,2.487041930090145,1.3991510651315764,2018-10-28,8.0,0,True,False
2018-04-27,2018Q1,17,diag3,gaussian_ar1,4.100702265350287,4.018853567492153,0.5986775936556505,0.7544874001056204,3.293553047698339,3.240477819667709,0.8071492176519479,2018-04-28,4.0,0,True,False
2018-04-27,2018Q2,4,diag3,gaussian_ar1,4.2009072545830195,4.115065015107325,0.6404462385348617,0.771395555950008,2.1402669926408935,2.117684921507524,2.060640261942126,2018-07-28,4.0,0,True,False
2018-04-27,2018Q3,-9,diag3,gaussian_ar1,3.8725761132582637,3.7994732265523776,0.5034371645661214,0.8363505447345139,2.5182268082057035,2.487041930090145,1.3543493050525601,2018-10-28,4.0,0,True,False
2018-05-04,2018Q2,5,diag3,gaussian_ar1,3.9684544440818037,3.8917344488601318,0.5434533140035568,0.7654434957554453,2.1402669926408935,2.117684921507524,1.8281874514409102,2018-07-28,12.0,12,False,True
2018-05-04,2018Q3,-8,diag3,gaussian_ar1,3.499517226810056,3.4396762231188536,0.34650262827382045,0.8230130973855517,2.5182268082057035,2.487041930090145,0.9812904186043525,2018-10-28,12.0,0,True,False
2018-05-11,2018Q2,6,diag3,gaussian_ar1,3.8275046383764444,3.7560726891754173,0.48434881136256547,0.7644112183882423,2.1402669926408935,2.117684921507524,1.687237645735551,2018-07-28,7.0,0,True,False
2018-05-11,2018Q3,-7,diag3,gaussian_ar1,3.373730312636103,3.318068493582369,0.29352112200220476,0.8222354618759008,2.5182268082057035,2.487041930090145,0.8555035044303994,2018-10-28,7.0,0,True,False
2018-05-18,2018Q2,7,diag3,gaussian_ar1,4.036738987977051,3.9573910271614245,0.5720582754505109,0.7620951284316222,2.1402669926408935,2.117684921507524,1.8964719953361575,2018-07-28,12.0,0,True,False
2018-05-18,2018Q3,-6,diag3,gaussian_ar1,3.697701264574471,3.630976183269267,0.42984733076189824,0.816848347137523,2.5182268082057035,2.487041930090145,1.1794744563687676,2018-10-28,12.0,0,True,False
2018-05-25,2018Q2,8,diag3,gaussian_ar1,4.153602598400541,4.069657159977469,0.6209698770613176,0.7610516419653519,2.1402669926408935,2.117684921507524,2.0133356057596474,2018-07-28,0.0,0,True,False
2018-05-25,2018Q3,-5,diag3,gaussian_ar1,3.949813136029623,3.8738030681122133,0.535641051039881,0.8123295422216344,2.5182268082057035,2.487041930090145,1.4315863278239194,2018-10-28,0.0,0,True,False
2018-06-01,2018Q2,9,diag3,gaussian_ar1,4.251233347249417,4.163350528989688,0.6617897808359408,0.7593127759611495,2.1402669926408935,2.117684921507524,2.1109663546085233,2018-07-28,11.0,11,False,True
2018-06-01,2018Q3,-4,diag3,gaussian_ar1,4.167822886918504,4.083309417307147,0.6269178308640163,0.8018556951049605,2.5182268082057035,2.487041930090145,1.6495960787128006,2018-10-28,11.0,0,True,False
2018-06-08,2018Q2,10,diag3,gaussian_ar1,4.242266733718547,4.15474919270541,0.6580423894980154,0.7582101485096002,2.1402669926408935,2.117684921507524,2.1019997410776536,2018-07-28,9.0,0,True,False
2018-06-08,2018Q3,-3,diag3,gaussian_ar1,4.202841549538916,4.116921310847732,0.6415617088083625,0.8001620605231409,2.5182268082057035,2.487041930090145,1.6846147413332124,2018-10-28,9.0,0,True,False
2018-06-15,2018Q2,11,diag3,gaussian_ar1,4.276270719503028,4.187364025421226,0.6722518724862024,0.7579009744724384,2.1402669926408935,2.117684921507524,2.1360037268621346,2018-07-28,6.0,0,True,False
2018-06-15,2018Q3,-2,diag3,gaussian_ar1,4.252637990426855,4.164697883519316,0.6623767901710682,0.7996770791774562,2.5182268082057035,2.487041930090145,1.7344111822211516,2018-10-28,6.0,0,True,False
2018-06-22,2018Q2,12,diag3,gaussian_ar1,4.027918750908865,3.9489126655124043,0.5683644611461676,0.7567920935676435,2.1402669926408935,2.117684921507524,1.887651758267972,2018-07-28,6.0,0,True,False
2018-06-22,2018Q3,-1,diag3,gaussian_ar1,3.9475847582628676,3.8716593397256047,0.5347070811401662,0.7906247266181539,2.5182268082057035,2.487041930090145,1.429357950057164,2018-10-28,6.0,0,True,False
2018-06-29,2018Q2,13,diag3,gaussian_ar1,4.004423403604251,3.9263244975754366,0.5585233501758511,0.7565187130570364,2.1402669926408935,2.117684921507524,1.864156410963358,2018-07-28,4.0,0,True,False
2018-06-29,2018Q3,0,diag3,gaussian_ar1,3.9224962277041975,3.8475206752660576,0.5241904568488771,0.7902179488081311,2.5182268082057035,2.487041930090145,1.404269419498494,2018-10-28,4.0,0,True,False
2018-07-06,2018Q2,14,diag3,gaussian_ar1,3.9619245612037446,3.8854536130232082,0.5407169078182482,0.7554904671048032,2.1402669926408935,2.117684921507524,1.821657568562851,2018-07-28,13.0,11,False,True
2018-07-06,2018Q3,1,diag3,gaussian_ar1,4.051824777850754,3.97189042071495,0.5783753057364868,0.7790450775053722,2.5182268082057035,2.487041930090145,1.5335979696450508,2018-10-28,13.0,0,True,False
2018-07-06,2018Q4,-12,diag3,gaussian_ar1,3.982503449901875,3.9052462941372363,0.5493400937174666,0.8452864580421338,0.5677817986818878,0.5661759932739241,3.4147216512199874,2019-01-28,13.0,0,True,False
2018-07-13,2018Q2,15,diag3,gaussian_ar1,3.932297292055309,3.8569513592473275,0.5282991746450543,0.7554091515162239,2.1402669926408935,2.117684921507524,1.7920302994144155,2018-07-28,6.0,0,True,False
2018-07-13,2018Q3,2,diag3,gaussian_ar1,3.9990176791423915,3.9211267715811626,0.5562588283941075,0.778789804504287,2.5182268082057035,2.487041930090145,1.480790870936688,2018-10-28,6.0,0,True,False
2018-07-13,2018Q4,-11,diag3,gaussian_ar1,3.933653692335448,3.8582564313611014,0.528867762568243,0.84506973120394,0.5677817986818878,0.5661759932739241,3.3658718936535603,2019-01-28,6.0,0,True,False
2018-07-20,2018Q2,16,diag3,gaussian_ar1,3.906333537908946,3.8319668275674026,0.517414026744187,0.7548662758311205,2.1402669926408935,2.117684921507524,1.7660665452680524,2018-07-28,9.0,0,True,False
2018-07-20,2018Q3,3,diag3,gaussian_ar1,3.956099898632459,3.8798507677788407,0.53827588551165,0.7719288410315907,2.5182268082057035,2.487041930090145,1.4378730904267556,2018-10-28,9.0,0,True,False
2018-07-20,2018Q4,-10,diag3,gaussian_ar1,3.8960835910677893,3.822101738420617,0.5131160492678157,0.8363600954538808,0.5677817986818878,0.5661759932739241,3.3283017923859015,2019-01-28,9.0,0,True,False
2018-07-27,2018Q2,17,diag3,gaussian_ar1,3.865267614274881,3.7924369553990345,0.5001918306042926,0.754719236967436,2.1402669926408935,2.117684921507524,1.7250006216339875,2018-07-28,4.0,0,True,False
2018-07-27,2018Q3,4,diag3,gaussian_ar1,3.867960663097758,3.795029750827443,0.5013214480042295,0.7714846889421675,2.5182268082057035,2.487041930090145,1.3497338548920546,2018-10-28,4.0,0,True,False
2018-07-27,2018Q4,-9,diag3,gaussian_ar1,3.8174774292599967,3.7464146574480077,0.48014104372733724,0.8360430192188986,0.5677817986818878,0.5661759932739241,3.249695630578109,2019-01-28,4.0,0,True,False
2018-08-03,2018Q3,5,diag3,gaussian_ar1,3.6163020055694384,3.5524486724364257,0.39877051846467837,0.7672320148493131,2.5182268082057035,2.487041930090145,1.0980751973637348,2018-10-28,12.0,11,False,True
2018-08-03,2018Q4,-8,diag3,gaussian_ar1,3.3525363681354836,3.297564137831978,0.2873257948074807,0.8242165644917511,0.5677817986818878,0.5661759932739241,2.784754569453596,2019-01-28,12.0,0,True,False
2018-08-10,2018Q3,6,diag3,gaussian_ar1,3.4469727993811095,3.3888955323698413,0.32725917892313283,0.7661980444771904,2.5182268082057035,2.487041930090145,0.9287459911754059,2018-10-28,7.0,0,True,False
2018-08-10,2018Q4,-7,diag3,gaussian_ar1,3.2022880365941697,3.1520837710830634,0.22371652445672602,0.8234309662811824,0.5677817986818878,0.5661759932739241,2.634506237912282,2019-01-28,7.0,0,True,False
2018-08-17,2018Q3,7,diag3,gaussian_ar1,3.511804534267937,3.4515473684917573,0.35465282434010004,0.7639039855888061,2.5182268082057035,2.487041930090145,0.9935777260622336,2018-10-28,10.0,0,True,False
2018-08-17,2018Q4,-6,diag3,gaussian_ar1,3.4078654623952653,3.351084149488586,0.31072667677333593,0.8180754075099067,0.5677817986818878,0.5661759932739241,2.8400836637133775,2019-01-28,10.0,0,True,False
2018-08-24,2018Q3,8,diag3,gaussian_ar1,3.377531737835704,3.321745786927358,0.29789888510969176,0.7628662892218121,2.5182268082057035,2.487041930090145,0.8593049296300004,2018-10-28,2.0,0,True,False
2018-08-24,2018Q4,-5,diag3,gaussian_ar1,3.1194472085651848,3.0717811966769273,0.18860533880734273,0.8136017368881816,0.5677817986818878,0.5661759932739241,2.551665409883297,2019-01-28,2.0,0,True,False
2018-08-31,2018Q3,9,diag3,gaussian_ar1,3.4484165569192538,3.390291172497595,0.327869403190383,0.7623752780132678,2.5182268082057035,2.487041930090145,0.9301897487135502,2018-10-28,8.0,0,True,False
2018-08-31,2018Q4,-4,diag3,gaussian_ar1,3.2032115132003325,3.152978588913194,0.2241077711283107,0.8132003291993147,0.5677817986818878,0.5661759932739241,2.6354297145184447,2019-01-28,8.0,0,True,False
2018-09-07,2018Q3,10,diag3,gaussian_ar1,3.673538941735366,3.6076727368276176,0.42291647382777897,0.758953171849653,2.5182268082057035,2.487041930090145,1.1553121335296623,2018-10-28,12.0,11,False,True
2018-09-07,2018Q4,-3,diag3,gaussian_ar1,3.8890128366064536,3.8152959043298917,0.5136968209486092,0.8009125824739362,0.5677817986818878,0.5661759932739241,3.3212310379245658,2019-01-28,12.0,0,True,False
2018-09-14,2018Q3,11,diag3,gaussian_ar1,3.7006822360037495,3.63385081650331,0.4343624756805832,0.7586343689030491,2.5182268082057035,2.487041930090145,1.182455427798046,2018-10-28,6.0,0,True,False
2018-09-14,2018Q4,-2,diag3,gaussian_ar1,3.900993798604957,3.826827702423344,0.5187389395447406,0.8004226595345956,0.5677817986818878,0.5661759932739241,3.333211999923069,2019-01-28,6.0,0,True,False
2018-09-21,2018Q3,12,diag3,gaussian_ar1,3.765098649514398,3.695949168632253,0.46151411790680663,0.7575087806260609,2.5182268082057035,2.487041930090145,1.2468718413086943,2018-10-28,6.0,0,True,False
2018-09-21,2018Q4,-1,diag3,gaussian_ar1,4.035012365221857,3.955731385481098,0.5751002851205332,0.7913960533357705,0.5677817986818878,0.5661759932739241,3.4672305665399694,2019-01-28,6.0,0,True,False
2018-09-28,2018Q3,13,diag3,gaussian_ar1,3.6958844395304613,3.6292241280763466,0.4323395204079494,0.7572291841701349,2.5182268082057035,2.487041930090145,1.1776576313247578,2018-10-28,4.0,0,True,False
2018-09-28,2018Q4,0,diag3,gaussian_ar1,3.9262000322240365,3.8510846182562,0.529344939182827,0.7909837450475078,0.5677817986818878,0.5661759932739241,3.3584182335421486,2019-01-28,4.0,0,True,False
2018-10-05,2018Q3,14,diag3,gaussian_ar1,3.604381521401745,3.5409435620604213,0.3937400687024392,0.7563870845053566,2.5182268082057035,2.487041930090145,1.0861547131960414,2018-10-28,13.0,2,True,True
2018-10-05,2018Q4,1,diag3,gaussian_ar1,3.8054992059593173,3.734876220317296,0.4785344307498808,0.7800785828769747,0.5677817986818878,0.5661759932739241,3.2377174072774295,2019-01-28,13.0,0,True,False
2018-10-05,2019Q1,-12,diag3,gaussian_ar1,3.766615265370654,3.697410743663542,0.46215317129511435,0.846191340160197,2.520756202743435,2.489509162906772,1.2458590626272192,2019-04-28,13.0,0,True,False
2018-10-12,2018Q3,15,diag3,gaussian_ar1,3.6178247344442305,3.5539182459075316,0.399413069059737,0.7563125907942643,2.5182268082057035,2.487041930090145,1.099597926238527,2018-10-28,4.0,0,True,False
2018-10-12,2018Q4,2,diag3,gaussian_ar1,3.8236721625565018,3.7523814258949413,0.48618833882708384,0.7799441330628748,0.5677817986818878,0.5661759932739241,3.255890363874614,2019-01-28,4.0,0,True,False
2018-10-12,2019Q1,-11,diag3,gaussian_ar1,3.782072152442173,3.7123054532301527,0.4686656762385045,0.8461003212016047,2.520756202743435,2.489509162906772,1.261315949698738,2019-04-28,4.0,0,True,False
2018-10-19,2018Q3,16,diag3,gaussian_ar1,3.55601926958522,3.49425292764338,0.37332523710796217,0.7557838139283982,2.5182268082057035,2.487041930090145,1.0377924613795164,2018-10-28,11.0,0,True,False
2018-10-19,2018Q4,3,diag3,gaussian_ar1,3.7798501776759474,3.710164429730874,0.4677295434417815,0.7757194049945433,0.5677817986818878,0.5661759932739241,3.2120683789940596,2019-01-28,11.0,0,True,False
2018-10-19,2019Q1,-10,diag3,gaussian_ar1,3.769382576196212,3.700077568556095,0.46331920345023875,0.8411873416508291,2.520756202743435,2.489509162906772,1.248626373452777,2019-04-28,11.0,0,True,False
2018-10-26,2018Q3,17,diag3,gaussian_ar1,3.581067530198445,3.5184381289729005,0.38389988057522856,0.7555907435107624,2.5182268082057035,2.487041930090145,1.0628407219927416,2018-10-28,4.0,0,True,False
2018-10-26,2018Q4,4,diag3,gaussian_ar1,3.8492436035432176,3.7770080759533866,0.49695599962151027,0.772457093607622,0.5677817986818878,0.5661759932739241,3.2814618048613298,2019-01-28,4.0,0,True,False
2018-10-26,2019Q1,-9,diag3,gaussian_ar1,3.8351768111113183,3.763461761381177,0.4910330616668157,0.8369336164276527,2.520756202743435,2.489509162906772,1.3144206083678833,2019-04-28,4.0,0,True,False
2018-11-02,2018Q4,5,diag3,gaussian_ar1,3.63459653835414,3.570103151100458,0.40850676613913056,0.7686434106919932,0.5677817986818878,0.5661759932739241,3.0668147396722523,2019-01-28,10.0,11,False,True
2018-11-02,2019Q1,-8,diag3,gaussian_ar1,3.4697450386657502,3.4109065516963795,0.3386402475154222,0.8254271474063365,2.520756202743435,2.489509162906772,0.9489888359223153,2019-04-28,10.0,0,True,False
2018-11-09,2018Q4,6,diag3,gaussian_ar1,3.6562282038402616,3.5909739885738947,0.4176663383943714,0.7671007635772641,0.5677817986818878,0.5661759932739241,3.0884464051583738,2019-01-28,9.0,0,True,False
2018-11-09,2019Q1,-7,diag3,gaussian_ar1,3.497337929893929,3.4375705902438383,0.3503422785433009,0.8239989280688965,2.520756202743435,2.489509162906772,0.976581727150494,2019-04-28,9.0,0,True,False
2018-11-16,2018Q4,7,diag3,gaussian_ar1,3.7025467638999388,3.635648790339329,0.43727274255902737,0.7656140830238342,0.5677817986818878,0.5661759932739241,3.134764965218051,2019-01-28,8.0,0,True,False
2018-11-16,2019Q1,-6,diag3,gaussian_ar1,3.5655143177556914,3.5034215041913193,0.37924223069631186,0.819312858016146,2.520756202743435,2.489509162906772,1.0447581150122565,2019-04-28,8.0,0,True,False
2018-11-23,2018Q4,8,diag3,gaussian_ar1,3.535779894308355,3.474706643895766,0.36664015672534567,0.7637629787724755,0.5677817986818878,0.5661759932739241,2.9679980956264673,2019-01-28,4.0,0,True,False
2018-11-23,2019Q1,-5,diag3,gaussian_ar1,3.3601000154790173,3.304882168775057,0.2921093884916206,0.8142280112724118,2.520756202743435,2.489509162906772,0.8393438127355823,2019-04-28,4.0,0,True,False
2018-11-30,2018Q4,9,diag3,gaussian_ar1,3.462676546555077,3.4040748604038535,0.3356420271469758,0.7632665149028411,0.5677817986818878,0.5661759932739241,2.894894747873189,2019-01-28,8.0,0,True,False
2018-11-30,2019Q1,-4,diag3,gaussian_ar1,3.289456850700634,3.2365121527909815,0.2621038794987428,0.8138231319830196,2.520756202743435,2.489509162906772,0.768700647957199,2019-04-28,8.0,0,True,False
2018-12-07,2018Q4,10,diag3,gaussian_ar1,3.50918153298323,3.4490133246397976,0.35536414470610883,0.7608117885717415,0.5677817986818878,0.5661759932739241,2.941399734301342,2019-01-28,12.0,2,True,True
2018-12-07,2019Q1,-3,diag3,gaussian_ar1,3.5367224478830117,3.4756170048215353,0.36703968629326766,0.8019777643309834,2.520756202743435,2.489509162906772,1.0159662451395768,2019-04-28,12.0,0,True,False
2018-12-14,2018Q4,11,diag3,gaussian_ar1,3.4863791862078886,3.426981599139654,0.34569509420044353,0.7604904416174972,0.5677817986818878,0.5661759932739241,2.9185973875260007,2019-01-28,6.0,0,True,False
2018-12-14,2019Q1,-2,diag3,gaussian_ar1,3.4657612934174686,3.4070563228792956,0.3369504998426622,0.801481100625176,2.520756202743435,2.489509162906772,0.9450050906740337,2019-04-28,6.0,0,True,False
2018-12-21,2018Q4,12,diag3,gaussian_ar1,3.3907666213011334,3.3345474432630127,0.30512857018424844,0.7593795206790565,0.5677817986818878,0.5661759932739241,2.8229848226192455,2019-01-28,6.0,0,True,False
2018-12-21,2019Q1,-1,diag3,gaussian_ar1,3.242266392739235,3.190814128253609,0.2420484141536381,0.7926296158389724,2.520756202743435,2.489509162906772,0.7215101899957999,2019-04-28,6.0,0,True,False
2018-12-28,2018Q4,13,diag3,gaussian_ar1,3.3811096899989845,3.325206781001358,0.3010292391915982,0.7590963209864937,0.5677817986818878,0.5661759932739241,2.8133278913170967,2019-01-28,4.0,0,True,False
2018-12-28,2019Q1,0,diag3,gaussian_ar1,3.2393453830018792,3.1879848111900473,0.24080671342602403,0.7922157760664608,2.520756202743435,2.489509162906772,0.7185891802584443,2019-04-28,4.0,0,True,False
2019-01-04,2018Q4,14,diag3,gaussian_ar1,3.206411193869263,3.1560789101358355,0.2268041892605916,0.7579180604679372,0.5677817986818878,0.5661759932739241,2.638629395187375,2019-01-28,11.0,11,False,True
2019-01-04,2019Q1,1,diag3,gaussian_ar1,2.57311603208612,2.5405685435793144,-0.04332448590635496,0.7825037746676184,2.520756202743435,2.489509162906772,0.05235982934268524,2019-04-28,11.0,0,True,False
2019-01-04,2019Q2,-12,diag3,gaussian_ar1,2.54371492937977,2.5119008786491444,-0.055905847274873216,0.8477901382902834,3.3826649590035895,3.326711173158321,-0.8389500296238195,2019-07-28,11.0,0,True,False
2019-01-11,2018Q4,15,diag3,gaussian_ar1,3.203977738569508,3.153721029495755,0.2257693875608736,0.7575943674451442,0.5677817986818878,0.5661759932739241,2.63619593988762,2019-01-28,6.0,0,True,False
2019-01-11,2019Q1,2,diag3,gaussian_ar1,2.5726859651399314,2.540149264274553,-0.04350849477001348,0.7810994538041106,2.520756202743435,2.489509162906772,0.05192976239649649,2019-04-28,6.0,0,True,False
2019-01-11,2019Q2,-11,diag3,gaussian_ar1,2.5452246203219397,2.5133731091317,-0.0552597303426467,0.8466636302012365,3.3826649590035895,3.326711173158321,-0.8374403386816498,2019-07-28,6.0,0,True,False
2019-01-18,2018Q4,16,diag3,gaussian_ar1,3.095288109211358,3.048350184894832,0.17952534651813704,0.7570632991875188,0.5677817986818878,0.5661759932739241,2.5275063105294704,2019-01-28,11.0,0,True,False
2019-01-18,2019Q1,3,diag3,gaussian_ar1,2.400956666548515,2.3725869020438397,-0.11704649084058037,0.7768399007725657,2.520756202743435,2.489509162906772,-0.11979953619492001,2019-04-28,11.0,0,True,False
2019-01-18,2019Q2,-10,diag3,gaussian_ar1,2.400176737353399,2.3718252566543403,-0.11738075370793624,0.8417284314544985,3.3826649590035895,3.326711173158321,-0.9824882216501907,2019-07-28,11.0,0,True,False
2019-01-25,2018Q4,17,diag3,gaussian_ar1,3.1008223632750687,3.0537181368434463,0.18188117645541532,0.757024507549793,0.5677817986818878,0.5661759932739241,2.533040564593181,2019-01-28,0.0,0,True,False
2019-01-25,2019Q1,4,diag3,gaussian_ar1,2.4479174633437406,2.418436114364241,-0.0969246738014179,0.7740664507315321,2.520756202743435,2.489509162906772,-0.07283873939969432,2019-04-28,0.0,0,True,False
2019-01-25,2019Q2,-9,diag3,gaussian_ar1,2.4578667948398802,2.4281472423736274,-0.09266275672237996,0.8378660065903789,3.3826649590035895,3.326711173158321,-0.9247981641637093,2019-07-28,0.0,0,True,False
2019-02-01,2019Q1,5,diag3,gaussian_ar1,2.4977822820631657,2.4670976083749463,-0.06892427458836192,0.7697364231335977,2.520756202743435,2.489509162906772,-0.022973920680269266,2019-04-28,13.0,3,True,True
2019-02-01,2019Q2,-8,diag3,gaussian_ar1,2.3196622975236503,2.293167082282384,-0.14530752236167271,0.8266224218462658,3.3826649590035895,3.326711173158321,-1.0630026614799393,2019-07-28,13.0,0,True,False
2019-02-08,2019Q1,6,diag3,gaussian_ar1,2.585867865005409,2.5529997154378283,-0.031199545781748217,0.7681043958218169,2.520756202743435,2.489509162906772,0.06511166226197407,2019-04-28,10.0,0,True,False
2019-02-08,2019Q2,-7,diag3,gaussian_ar1,2.4039862731681794,2.375545430853164,-0.10913028567183819,0.8251013211796142,3.3826649590035895,3.326711173158321,-0.9786786858354102,2019-07-28,10.0,0,True,False
2019-02-15,2019Q1,7,diag3,gaussian_ar1,2.6575185794802447,2.622819960198738,-0.0005373200357765562,0.7665998769738347,2.520756202743435,2.489509162906772,0.1367623767368098,2019-04-28,6.0,0,True,False
2019-02-15,2019Q2,-6,diag3,gaussian_ar1,2.443714293350241,2.41433329185456,-0.09209622693571018,0.8203463213810681,3.3826649590035895,3.326711173158321,-0.9389506656533486,2019-07-28,6.0,0,True,False
2019-02-22,2019Q1,8,diag3,gaussian_ar1,2.3801318237347324,2.3522482633159334,-0.11936145877520477,0.7646976686107569,2.520756202743435,2.489509162906772,-0.1406243790087025,2019-04-28,6.0,0,True,False
2019-02-22,2019Q2,-5,diag3,gaussian_ar1,2.0707446501872173,2.049596188602964,-0.25227400110606946,0.8152357209442187,3.3826649590035895,3.326711173158321,-1.3119203088163722,2019-07-28,6.0,0,True,False
2019-03-01,2019Q1,9,diag3,gaussian_ar1,2.2892519651488197,2.2634417570605203,-0.15836168216083013,0.7635290606335046,2.520756202743435,2.489509162906772,-0.23150423759461525,2019-04-28,7.0,12,False,True
2019-03-01,2019Q2,-4,diag3,gaussian_ar1,1.8093909394502505,1.793216278771126,-0.3648656813402946,0.8059262581867525,3.3826649590035895,3.326711173158321,-1.573274019553339,2019-07-28,7.0,0,True,False
2019-03-08,2019Q1,10,diag3,gaussian_ar1,2.232179179475935,2.2076306991826984,-0.1828716400051683,0.7624210724043247,2.520756202743435,2.489509162906772,-0.2885770232675,2019-04-28,12.0,0,True,False
2019-03-08,2019Q2,-3,diag3,gaussian_ar1,1.8304891236798237,1.8139373519700779,-0.3557658246110501,0.8042006591496529,3.3826649590035895,3.326711173158321,-1.5521758353237658,2019-07-28,12.0,0,True,False
2019-03-15,2019Q1,11,diag3,gaussian_ar1,2.2780037517854623,2.2524446760904784,-0.16319115505089,0.7621847814490113,2.520756202743435,2.489509162906772,-0.2427524509579726,2019-04-28,6.0,0,True,False
2019-03-15,2019Q2,-2,diag3,gaussian_ar1,1.9149063152555268,1.8968027303256114,-0.3193747041507382,0.8037684870196127,3.3826649590035895,3.326711173158321,-1.4677586437480628,2019-07-28,6.0,0,True,False
2019-03-22,2019Q1,12,diag3,gaussian_ar1,2.235233362895106,2.210618151688139,-0.18155967177244625,0.7608090296629695,2.520756202743435,2.489509162906772,-0.28552283984832894,2019-04-28,7.0,0,True,False
2019-03-22,2019Q2,-1,diag3,gaussian_ar1,2.0017963116528037,1.982023803966665,-0.2819490576603232,0.7944997982380325,3.3826649590035895,3.326711173158321,-1.3808686473507858,2019-07-28,7.0,0,True,False
2019-03-29,2019Q1,13,diag3,gaussian_ar1,2.2305044899138204,2.205992562059483,-0.18359104353127864,0.7605132897228298,2.520756202743435,2.489509162906772,-0.2902517128296145,2019-04-28,4.0,0,True,False
2019-03-29,2019Q2,0,diag3,gaussian_ar1,2.0003007941380213,1.9805576253969004,-0.2825929439492352,0.7940691186031857,3.3826649590035895,3.326711173158321,-1.3823641648655682,2019-07-28,4.0,0,True,False
2019-04-05,2019Q1,14,diag3,gaussian_ar1,2.2837537100713456,2.258066409457218,-0.16072231727805053,0.7584750428019998,2.520756202743435,2.489509162906772,-0.23700249267208928,2019-04-28,13.0,12,False,True
2019-04-05,2019Q2,1,diag3,gaussian_ar1,2.3461222774168844,2.319023851742518,-0.13395227568553886,0.7826281456524073,3.3826649590035895,3.326711173158321,-1.0365426815867052,2019-07-28,13.0,0,True,False
2019-04-05,2019Q3,-12,diag3,gaussian_ar1,2.711993809370905,2.6758709028967513,0.02276050692849982,0.8489775914022565,4.762784209178728,4.652841032363623,-2.0507903998078225,2019-10-28,13.0,0,True,False
2019-04-12,2019Q1,15,diag3,gaussian_ar1,2.2878881446199983,2.262108450193397,-0.15894721657550315,0.7583979907397249,2.520756202743435,2.489509162906772,-0.23286805812343658,2019-04-28,4.0,0,True,False
2019-04-12,2019Q2,2,diag3,gaussian_ar1,2.3531113035380358,2.3258524323889724,-0.13095343943076548,0.7824877142932939,3.3826649590035895,3.326711173158321,-1.0295536554655538,2019-07-28,4.0,0,True,False
2019-04-12,2019Q3,-11,diag3,gaussian_ar1,2.718205178331101,2.681918084852178,0.025416184502808137,0.848884001473877,4.762784209178728,4.652841032363623,-2.0445790308476264,2019-10-28,4.0,0,True,False
2019-04-19,2019Q1,16,diag3,gaussian_ar1,2.2818540064512227,2.2562091044670187,-0.16153797046121565,0.7578032108883427,2.520756202743435,2.489509162906772,-0.2389021962922122,2019-04-28,11.0,0,True,False
2019-04-19,2019Q2,3,diag3,gaussian_ar1,2.3049556121652603,2.2787927752865302,-0.15162013623975423,0.7752285752792285,3.3826649590035895,3.326711173158321,-1.0777093468383292,2019-07-28,11.0,0,True,False
2019-04-19,2019Q3,-10,diag3,gaussian_ar1,2.65882039823091,2.624088070430178,1.958265513135604e-05,0.8398493794842564,4.762784209178728,4.652841032363623,-2.1039638109478176,2019-10-28,11.0,0,True,False
2019-04-26,2019Q1,17,diag3,gaussian_ar1,2.277175917280161,2.2516352763904637,-0.16354661064124998,0.7576416127500126,2.520756202743435,2.489509162906772,-0.24358028546327404,2019-04-28,4.0,0,True,False
2019-04-26,2019Q2,4,diag3,gaussian_ar1,2.290308601453961,2.264474740318703,-0.15790803772055834,0.7747472704737495,3.3826649590035895,3.326711173158321,-1.0923563575496287,2019-07-28,4.0,0,True,False
2019-04-26,2019Q3,-9,diag3,gaussian_ar1,2.6454836496790035,2.611095894126308,-0.0056860553603883535,0.839512295234975,4.762784209178728,4.652841032363623,-2.117300559499724,2019-10-28,4.0,0,True,False
2019-05-03,2019Q2,5,diag3,gaussian_ar1,2.044973031913022,2.0243442200590467,-0.2639010280473021,0.768797566888807,3.3826649590035895,3.326711173158321,-1.3376919270905674,2019-07-28,11.0,2,True,True
2019-05-03,2019Q3,-8,diag3,gaussian_ar1,2.2885815723802327,2.2627863656557046,-0.15880112215235564,0.8270487174945002,4.762784209178728,4.652841032363623,-2.474202636798495,2019-10-28,11.0,0,True,False
2019-05-10,2019Q2,6,diag3,gaussian_ar1,2.1006606356696045,2.0789009638280764,-0.23985364908368953,0.7676843977680049,3.3826649590035895,3.326711173158321,-1.282004323333985,2019-07-28,8.0,0,True,False
2019-05-10,2019Q3,-7,diag3,gaussian_ar1,2.3437426368573266,2.3166987336321045,-0.13503776946688653,0.8262561012329126,4.762784209178728,4.652841032363623,-2.419041572321401,2019-10-28,8.0,0,True,False
2019-05-17,2019Q2,7,diag3,gaussian_ar1,2.1053332437468653,2.083477331043664,-0.23783648990029338,0.76520443129494,3.3826649590035895,3.326711173158321,-1.2773317152567243,2019-07-28,10.0,0,True,False
2019-05-17,2019Q3,-6,diag3,gaussian_ar1,2.5594539747755274,2.52724832111992,-0.042232272452858016,0.8205506947673201,4.762784209178728,4.652841032363623,-2.2033302344032,2019-10-28,10.0,0,True,False
2019-05-24,2019Q2,8,diag3,gaussian_ar1,2.1971351410159823,2.1733459500314245,-0.19822443484648744,0.7641441081471001,3.3826649590035895,3.326711173158321,-1.1855298179876073,2019-07-28,2.0,0,True,False
2019-05-24,2019Q3,-5,diag3,gaussian_ar1,2.7537933814464344,2.7165585261002745,0.04121138503730987,0.8160105827912651,4.762784209178728,4.652841032363623,-2.008990827732293,2019-10-28,2.0,0,True,False
2019-05-31,2019Q2,9,diag3,gaussian_ar1,2.1849344346136945,2.1614068338045467,-0.20348692730046936,0.7636102973393949,3.3826649590035895,3.326711173158321,-1.197730524389895,2019-07-28,8.0,0,True,False
2019-05-31,2019Q3,-4,diag3,gaussian_ar1,2.7475480575600564,2.7104803916758793,0.0385322808276819,0.8155784080245039,4.762784209178728,4.652841032363623,-2.015236151618671,2019-10-28,8.0,0,True,False
2019-06-07,2019Q2,10,diag3,gaussian_ar1,2.09151506412546,2.0699431558034345,-0.24380204829834595,0.7611409403171009,3.3826649590035895,3.326711173158321,-1.2911498948781297,2019-07-28,12.0,2,True,True
2019-06-07,2019Q3,-3,diag3,gaussian_ar1,2.5483496791478544,2.5164205559733013,-0.0470049064816056,0.8035672904441806,4.762784209178728,4.652841032363623,-2.214434530030873,2019-10-28,12.0,0,True,False
2019-06-14,2019Q2,11,diag3,gaussian_ar1,2.1624939566571744,2.139443769993673,-0.2131677491782939,0.7608020325075958,3.3826649590035895,3.326711173158321,-1.2201710023464152,2019-07-28,6.0,0,True,False
2019-06-14,2019Q3,-2,diag3,gaussian_ar1,2.6153653893114415,2.5817495665390133,-0.01820935590691497,0.8030126358419646,4.762784209178728,4.652841032363623,-2.147418819867286,2019-10-28,6.0,0,True,False
2019-06-21,2019Q2,12,diag3,gaussian_ar1,1.9974702757526552,1.9777825770513102,-0.28442434738827593,0.7596336450121206,3.3826649590035895,3.326711173158321,-1.3851946832509343,2019-07-28,6.0,0,True,False
2019-06-21,2019Q3,-1,diag3,gaussian_ar1,1.9548259934836665,1.9359646777969393,-0.3028567317528811,0.7938161395553901,4.762784209178728,4.652841032363623,-2.807958215695061,2019-10-28,6.0,0,True,False
2019-06-28,2019Q2,13,diag3,gaussian_ar1,1.9717438415226551,1.9525567757187479,-0.2955433101854891,0.7593309105640262,3.3826649590035895,3.326711173158321,-1.4109211174809344,2019-07-28,4.0,0,True,False
2019-06-28,2019Q3,0,diag3,gaussian_ar1,1.9321777397960815,1.913748201644919,-0.31264925206027844,0.793376113650929,4.762784209178728,4.652841032363623,-2.830606469382646,2019-10-28,4.0,0,True,False
2019-07-05,2019Q2,14,diag3,gaussian_ar1,2.0974471893683955,2.0757535827522187,-0.2412409434903074,0.7586034375798448,3.3826649590035895,3.326711173158321,-1.285217769635194,2019-07-28,13.0,2,True,True
2019-07-05,2019Q3,1,diag3,gaussian_ar1,2.3058387215217913,2.279655984248138,-0.15136537574891762,0.7827747155269967,4.762784209178728,4.652841032363623,-2.4569454876569363,2019-10-28,13.0,0,True,False
2019-07-05,2019Q4,-12,diag3,gaussian_ar1,2.1884862776104352,2.1648826703245088,-0.20195485716144215,0.8491405398126,2.755535957854649,2.718254387221374,-0.5670496802442138,2020-01-28,13.0,0,True,False
2019-07-12,2019Q2,15,diag3,gaussian_ar1,2.08247474717953,2.0610876527492183,-0.2477053537954577,0.7585260524673616,3.3826649590035895,3.326711173158321,-1.3001902118240594,2019-07-28,4.0,0,True,False
2019-07-12,2019Q3,2,diag3,gaussian_ar1,2.286177107984555,2.2604356705735738,-0.15983725538837162,0.7826344139595282,4.762784209178728,4.652841032363623,-2.4766071011941726,2019-10-28,4.0,0,True,False
2019-07-12,2019Q4,-11,diag3,gaussian_ar1,2.172015594166221,2.1487634268023763,-0.20905985520209716,0.8490471348933952,2.755535957854649,2.718254387221374,-0.5835203636884279,2020-01-28,4.0,0,True,False
2019-07-19,2019Q2,16,diag3,gaussian_ar1,2.0589897985861416,2.0380791485736856,-0.2578469821455168,0.757972141508526,3.3826649590035895,3.326711173158321,-1.323675160417448,2019-07-28,11.0,0,True,False
2019-07-19,2019Q3,3,diag3,gaussian_ar1,2.2122545261871185,2.188139189445079,-0.1917039094319642,0.7782238148567538,4.762784209178728,4.652841032363623,-2.550529682991609,2019-10-28,11.0,0,True,False
2019-07-19,2019Q4,-10,diag3,gaussian_ar1,2.0944033587252164,2.072772238849172,-0.24255505246574283,0.843980553420073,2.755535957854649,2.718254387221374,-0.6611325991294326,2020-01-28,11.0,0,True,False
2019-07-26,2019Q2,17,diag3,gaussian_ar1,2.101479389501848,2.0797028690697514,-0.23950018738661483,0.7577712530623777,3.3826649590035895,3.326711173158321,-1.2811855695017416,2019-07-28,4.0,0,True,False
2019-07-26,2019Q3,4,diag3,gaussian_ar1,2.5477739962404433,2.515859177340605,-0.04725234948846224,0.7749100438436142,4.762784209178728,4.652841032363623,-2.2150102129382843,2019-10-28,4.0,0,True,False
2019-07-26,2019Q4,-9,diag3,gaussian_ar1,2.5007810607979186,2.4700232666684165,-0.06745578242688713,0.8397121133686895,2.755535957854649,2.718254387221374,-0.2547548970567304,2020-01-28,4.0,0,True,False
2019-08-02,2019Q3,5,diag3,gaussian_ar1,2.2878687114842977,2.2620894517196684,-0.16189109486461842,0.7698050760885295,4.762784209178728,4.652841032363623,-2.47491549769443,2019-10-28,10.0,2,True,True
2019-08-02,2019Q4,-8,diag3,gaussian_ar1,2.275009578270093,2.249517147948191,-0.1674510665045158,0.827847759973268,2.755535957854649,2.718254387221374,-0.480526379584556,2020-01-28,10.0,0,True,False
2019-08-09,2019Q3,6,diag3,gaussian_ar1,2.146880642608906,2.1241597781462174,-0.22288907004149255,0.7681735529153333,4.762784209178728,4.652841032363623,-2.6159035665698216,2019-10-28,9.0,0,True,False
2019-08-09,2019Q4,-7,diag3,gaussian_ar1,2.148220501331788,2.1254714676731923,-0.2223089888803233,0.8263720945873902,2.755535957854649,2.718254387221374,-0.6073154565228611,2020-01-28,9.0,0,True,False
2019-08-16,2019Q3,7,diag3,gaussian_ar1,2.181956978209576,2.1584929993925774,-0.20770555714633343,0.7676534801795805,4.762784209178728,4.652841032363623,-2.5808272309691516,2019-10-28,8.0,0,True,False
2019-08-16,2019Q4,-6,diag3,gaussian_ar1,2.1964553389970387,2.172680760856619,-0.20143116600787986,0.8258538198287967,2.755535957854649,2.718254387221374,-0.5590806188576103,2020-01-28,8.0,0,True,False
2019-08-23,2019Q3,8,diag3,gaussian_ar1,2.0928827549180573,2.0712828181941187,-0.24627336007150635,0.7646593313000529,4.762784209178728,4.652841032363623,-2.6699014542606703,2019-10-28,4.0,0,True,False
2019-08-23,2019Q4,-5,diag3,gaussian_ar1,2.136468270512726,2.11396572937954,-0.2273972829409488,0.8162933026918185,2.755535957854649,2.718254387221374,-0.6190676873419232,2020-01-28,4.0,0,True,False
2019-08-30,2019Q3,9,diag3,gaussian_ar1,2.1251447712402616,2.1028784779714718,-0.23230050549377362,0.7641249553022296,4.762784209178728,4.652841032363623,-2.637639437938466,2019-10-28,8.0,0,True,False
2019-08-30,2019Q4,-4,diag3,gaussian_ar1,2.16782895906229,2.1446657089895065,-0.21382053367689688,0.8158605201303066,2.755535957854649,2.718254387221374,-0.5877069987923589,2020-01-28,8.0,0,True,False
2019-09-06,2019Q3,10,diag3,gaussian_ar1,2.064706548809303,2.043680409306217,-0.25848024064002695,0.7619632930302975,4.762784209178728,4.652841032363623,-2.6980776603694245,2019-10-28,10.0,2,True,True
2019-09-06,2019Q4,-3,diag3,gaussian_ar1,1.8815269054662354,1.8640451304400336,-0.33792208949886043,0.8043160962134148,2.755535957854649,2.718254387221374,-0.8740090523884136,2020-01-28,10.0,0,True,False
2019-09-13,2019Q3,11,diag3,gaussian_ar1,2.0829178464076614,2.0615217118446294,-0.2505901086534415,0.7616980475649399,4.762784209178728,4.652841032363623,-2.679866362771066,2019-10-28,6.0,0,True,False
2019-09-13,2019Q4,-2,diag3,gaussian_ar1,1.8828037097620154,1.865298347126128,-0.33736786734833146,0.803885696527852,2.755535957854649,2.718254387221374,-0.8727322480926336,2020-01-28,6.0,0,True,False
2019-09-20,2019Q3,12,diag3,gaussian_ar1,2.2490537078420303,2.2241354200963257,-0.17867587379465835,0.7604489451527714,4.762784209178728,4.652841032363623,-2.5137305013366973,2019-10-28,8.0,0,True,False
2019-09-20,2019Q4,-1,diag3,gaussian_ar1,2.062228701189839,2.041252657557968,-0.2595538888046217,0.7946432144587532,2.755535957854649,2.718254387221374,-0.6933072566648102,2020-01-28,8.0,0,True,False
2019-09-27,2019Q3,13,diag3,gaussian_ar1,2.2558080222363497,2.2307409495098125,-0.1757546465579433,0.7601477512131679,4.762784209178728,4.652841032363623,-2.506976186942378,2019-10-28,4.0,0,True,False
2019-09-27,2019Q4,0,diag3,gaussian_ar1,2.0760489203361043,2.054792714159224,-0.25356593845964354,0.7942037640908669,2.755535957854649,2.718254387221374,-0.6794870375185447,2020-01-28,4.0,0,True,False
2019-10-04,2019Q3,14,diag3,gaussian_ar1,2.229302930679311,2.204817211999572,-0.18721915202782247,0.760798771735407,4.762784209178728,4.652841032363623,-2.5334812784994165,2019-10-28,9.0,11,False,True
2019-10-04,2019Q4,1,diag3,gaussian_ar1,1.827276387415222,1.8107823175850044,-0.36147701899451706,0.7853347629917206,2.755535957854649,2.718254387221374,-0.928259570439427,2020-01-28,9.0,0,True,False
2019-10-04,2020Q1,-12,diag3,gaussian_ar1,1.8427544667168672,1.8259814897621993,-0.35475534190245994,0.8510660705897402,-5.16223383893778,-5.300247883185935,7.004988305654647,2020-04-28,9.0,0,True,False
2019-10-11,2019Q3,15,diag3,gaussian_ar1,2.221607582356122,2.197289391939958,-0.19054825278791213,0.760209291809388,4.762784209178728,4.652841032363623,-2.5411766268226055,2019-10-28,7.0,0,True,False
2019-10-11,2019Q4,2,diag3,gaussian_ar1,1.824295227449535,1.807854611265569,-0.36277176691040336,0.7842261709217803,2.755535957854649,2.718254387221374,-0.931240730405114,2020-01-28,7.0,0,True,False
2019-10-11,2020Q1,-11,diag3,gaussian_ar1,1.8414817374773795,1.8247317816225694,-0.35530801243451116,0.8502882820863381,-5.16223383893778,-5.300247883185935,7.00371557641516,2020-04-28,7.0,0,True,False
2019-10-18,2019Q3,16,diag3,gaussian_ar1,2.1794699701665587,2.156059068410316,-0.2087819380134217,0.7596549164470991,4.762784209178728,4.652841032363623,-2.583314239012169,2019-10-28,12.0,0,True,False
2019-10-18,2019Q4,3,diag3,gaussian_ar1,1.7929347453710331,1.7770512432689942,-0.3763942386218194,0.7798185966068213,2.755535957854649,2.718254387221374,-0.9626012124836159,2020-01-28,12.0,0,True,False
2019-10-18,2020Q1,-10,diag3,gaussian_ar1,1.8321935707441561,1.8156111461495579,-0.359341519378786,0.8452240109447163,-5.16223383893778,-5.300247883185935,6.994427409681936,2020-04-28,12.0,0,True,False
2019-10-25,2019Q3,17,diag3,gaussian_ar1,2.172510933295868,2.149248234629696,-0.21179395898846476,0.7596165259684236,4.762784209178728,4.652841032363623,-2.5902732758828595,2019-10-28,0.0,0,True,False
2019-10-25,2019Q4,4,diag3,gaussian_ar1,1.7324362992341857,1.717600721097528,-0.4026856187267406,0.7770497394426602,2.755535957854649,2.718254387221374,-1.0230996586204633,2020-01-28,0.0,0,True,False
2019-10-25,2020Q1,-9,diag3,gaussian_ar1,1.7578034525864261,1.7425327802612334,-0.39165967277489877,0.8413662169037742,-5.16223383893778,-5.300247883185935,6.920037291524206,2020-04-28,0.0,0,True,False
2019-11-01,2019Q4,5,diag3,gaussian_ar1,1.7776865288465338,1.7620704798783196,-0.38974924569606617,0.7743551207122102,2.755535957854649,2.718254387221374,-0.9778494290081152,2020-01-28,13.0,11,False,True
2019-11-01,2020Q1,-8,diag3,gaussian_ar1,2.059767526057521,2.0388411828732984,-0.2672596718419027,0.8313607548360523,-5.16223383893778,-5.300247883185935,7.222001364995301,2020-04-28,13.0,0,True,False
2019-11-08,2019Q4,6,diag3,gaussian_ar1,1.7186618678536325,1.7040599424773273,-0.4154227939741419,0.7727367210005184,2.755535957854649,2.718254387221374,-1.0368740900010165,2020-01-28,10.0,0,True,False
2019-11-08,2020Q1,-7,diag3,gaussian_ar1,2.0321317974788755,2.0117595310888463,-0.27924511665397356,0.8299136044995699,-5.16223383893778,-5.300247883185935,7.194365636416656,2020-04-28,10.0,0,True,False
2019-11-15,2019Q4,7,diag3,gaussian_ar1,1.7229909544245858,1.7083157932449116,-0.41353929495756514,0.7722430028007521,2.755535957854649,2.718254387221374,-1.0325450034300632,2020-01-28,6.0,0,True,False
2019-11-15,2020Q1,-6,diag3,gaussian_ar1,2.0458172707443323,2.0251715369899608,-0.2733094057222176,0.8294109675311501,-5.16223383893778,-5.300247883185935,7.2080511096821125,2020-04-28,6.0,0,True,False
2019-11-22,2019Q4,8,diag3,gaussian_ar1,1.6041182768420814,1.5913882555687493,-0.4652875620493664,0.7692808097685524,2.755535957854649,2.718254387221374,-1.1514176810125676,2020-01-28,6.0,0,True,False
2019-11-22,2020Q1,-5,diag3,gaussian_ar1,1.9956840129716547,1.9760312802617166,-0.29505726068154847,0.8199988781899866,-5.16223383893778,-5.300247883185935,7.157917851909435,2020-04-28,6.0,0,True,False
2019-11-29,2019Q4,9,diag3,gaussian_ar1,1.6031205998874754,1.590406325042906,-0.4657221320756135,0.7688466521751679,2.755535957854649,2.718254387221374,-1.1524153579671736,2020-01-28,4.0,0,True,False
2019-11-29,2020Q1,-4,diag3,gaussian_ar1,1.9977240181949352,1.9780313500120426,-0.29417209585469,0.8196469149403858,-5.16223383893778,-5.300247883185935,7.159957857132715,2020-04-28,4.0,0,True,False
2019-12-06,2019Q4,10,diag3,gaussian_ar1,1.5634579941922633,1.5513619049679703,-0.4830019031084911,0.7666544074583062,2.755535957854649,2.718254387221374,-1.1920779636623857,2020-01-28,13.0,2,True,True
2019-12-06,2020Q1,-3,diag3,gaussian_ar1,1.857525891268219,1.8404845867155162,-0.355045751335186,0.8081611070757087,-5.16223383893778,-5.300247883185935,7.019759730205999,2020-04-28,13.0,0,True,False
2019-12-13,2019Q4,11,diag3,gaussian_ar1,1.5501462035900193,1.5382541757502501,-0.48880295122774764,0.766495276122697,2.755535957854649,2.718254387221374,-1.2053897542646297,2020-01-28,6.0,0,True,False
2019-12-13,2020Q1,-2,diag3,gaussian_ar1,1.8528399342475188,1.8358839793752457,-0.3570818282265697,0.8078538532333362,-5.16223383893778,-5.300247883185935,7.015073773185299,2020-04-28,6.0,0,True,False
2019-12-20,2019Q4,12,diag3,gaussian_ar1,1.6674841862323264,1.653734309493617,-0.4376952573216356,0.7650420190674322,2.755535957854649,2.718254387221374,-1.0880517716223226,2020-01-28,9.0,0,True,False
2019-12-20,2020Q1,-1,diag3,gaussian_ar1,1.9601381586296762,1.9411748546658054,-0.3104835636504721,0.7985816244343172,-5.16223383893778,-5.300247883185935,7.122371997567456,2020-04-28,9.0,0,True,False
2019-12-27,2019Q4,13,diag3,gaussian_ar1,1.6410871745242472,1.6277668732170827,-0.44918758714259766,0.764748152854898,2.755535957854649,2.718254387221374,-1.1144487833304018,2020-01-28,4.0,0,True,False
2019-12-27,2020Q1,0,diag3,gaussian_ar1,1.9336053102764206,1.9151487019731146,-0.3220018794183406,0.7981511520070329,-5.16223383893778,-5.300247883185935,7.095839149214201,2020-04-28,4.0,0,True,False
2020-01-03,2019Q4,14,diag3,gaussian_ar1,1.6592063704458981,1.6455919295942116,-0.44129880579423153,0.7647153415929518,2.755535957854649,2.718254387221374,-1.0963295874087509,2020-01-28,8.0,2,True,True
2020-01-03,2020Q1,1,diag3,gaussian_ar1,1.8276826614124442,1.81118130025561,-0.3680144182936448,0.789460654286549,-5.16223383893778,-5.300247883185935,6.989916500350224,2020-04-28,8.0,0,True,False
2020-01-03,2020Q2,-12,diag3,gaussian_ar1,1.688984543460248,1.6748797959808024,-0.42833696325103343,0.8540699888096666,-27.97614656719044,-32.81728241610834,29.665131110650687,2020-07-28,8.0,0,True,False
2020-01-10,2019Q4,15,diag3,gaussian_ar1,1.655388803226665,1.6418365993716957,-0.4429607909453333,0.7640764515556273,2.755535957854649,2.718254387221374,-1.100147154627984,2020-01-28,8.0,0,True,False
2020-01-10,2020Q1,2,diag3,gaussian_ar1,1.8653166145520705,1.848132941894372,-0.35166084189063285,0.7876780989738896,-5.16223383893778,-5.300247883185935,7.027550453489851,2020-04-28,8.0,0,True,False
2020-01-10,2020Q2,-11,diag3,gaussian_ar1,1.7272960057887587,1.7125478358034336,-0.41166633266814445,0.8527427907819535,-27.97614656719044,-32.81728241610834,29.7034425729792,2020-07-28,8.0,0,True,False
2020-01-17,2019Q4,16,diag3,gaussian_ar1,1.6905937121389991,1.6764622249469585,-0.42763663244426275,0.7635302598452579,2.755535957854649,2.718254387221374,-1.0649422457156499,2020-01-28,10.0,0,True,False
2020-01-17,2020Q1,3,diag3,gaussian_ar1,2.0785942627326692,2.0572862576388182,-0.25909649082856506,0.7833445041052814,-5.16223383893778,-5.300247883185935,7.240828101670449,2020-04-28,10.0,0,True,False
2020-01-17,2020Q2,-10,diag3,gaussian_ar1,1.9810693440539318,1.9617015405220597,-0.3013991303056015,0.8477463130878613,-27.97614656719044,-32.81728241610834,29.957215911244372,2020-07-28,10.0,0,True,False
2020-01-24,2019Q4,17,diag3,gaussian_ar1,1.70850692316582,1.6940760796957646,-0.41984132196246826,0.7634915657460841,2.755535957854649,2.718254387221374,-1.047029034688829,2020-01-28,2.0,0,True,False
2020-01-24,2020Q1,4,diag3,gaussian_ar1,2.229968880047095,2.2054686369624745,-0.19351586289490688,0.7806196526599809,-5.16223383893778,-5.300247883185935,7.392202718984875,2020-04-28,2.0,0,True,False
2020-01-24,2020Q2,-9,diag3,gaussian_ar1,2.166442479660513,2.143308639133308,-0.2210258253384698,0.8439474151005428,-27.97614656719044,-32.81728241610834,30.142589046850954,2020-07-28,2.0,0,True,False
2020-01-31,2020Q1,5,diag3,gaussian_ar1,2.2761429145510936,2.250625268110009,-0.17439755074002627,0.7799256597788311,-5.16223383893778,-5.300247883185935,7.438376753488874,2020-04-28,10.0,0,True,False
2020-01-31,2020Q2,-8,diag3,gaussian_ar1,2.3065459479763017,2.2803472683614183,-0.16119605463976117,0.8401804792748071,-27.97614656719044,-32.81728241610834,30.282692515166744,2020-07-28,10.0,0,True,False
2020-02-07,2020Q1,6,diag3,gaussian_ar1,2.541857567232575,2.5100895741047653,-0.05915237898933461,0.7743378693397179,-5.16223383893778,-5.300247883185935,7.704091406170355,2020-04-28,13.0,12,False,True
2020-02-07,2020Q2,-7,diag3,gaussian_ar1,2.622491026457441,2.588693350959014,-0.024239269345636583,0.831031641718536,-27.97614656719044,-32.81728241610834,30.59863759364788,2020-07-28,13.0,0,True,False
2020-02-14,2020Q1,7,diag3,gaussian_ar1,2.5125707995127033,2.481524701692826,-0.07183991847392598,0.7738494630228175,-5.16223383893778,-5.300247883185935,7.6748046384504836,2020-04-28,6.0,0,True,False
2020-02-14,2020Q2,-6,diag3,gaussian_ar1,2.5973726631233873,2.5642138848801466,-0.03511221104684058,0.8305224675217292,-27.97614656719044,-32.81728241610834,30.573519230313828,2020-07-28,6.0,0,True,False
2020-02-21,2020Q1,8,diag3,gaussian_ar1,2.607155935343042,2.5737490274950585,-0.03087702677318907,0.7709261719301194,-5.16223383893778,-5.300247883185935,7.769389774280822,2020-04-28,6.0,0,True,False
2020-02-21,2020Q2,-5,diag3,gaussian_ar1,2.997331547762805,2.9532894602670665,0.13770185421565057,0.8211994783107969,-27.97614656719044,-32.81728241610834,30.973478114953245,2020-07-28,6.0,0,True,False
2020-02-28,2020Q1,9,diag3,gaussian_ar1,2.6071846896166706,2.5737770511444293,-0.030864579626471114,0.7704987280997094,-5.16223383893778,-5.300247883185935,7.769418528554451,2020-04-28,4.0,0,True,False
2020-02-28,2020Q2,-4,diag3,gaussian_ar1,2.9949164886506896,2.9509446544452596,0.136660371655573,0.8208544455283218,-27.97614656719044,-32.81728241610834,30.971063055841128,2020-07-28,4.0,0,True,False
2020-03-06,2020Q1,10,diag3,gaussian_ar1,2.4538899251439483,2.4242656986690587,-0.09727240951522072,0.7682204393094829,-5.16223383893778,-5.300247883185935,7.6161237640817285,2020-04-28,13.0,2,True,True
2020-03-06,2020Q2,-3,diag3,gaussian_ar1,2.5839059086316007,2.5510871955400147,-0.04094263755472424,0.8093223615685171,-27.97614656719044,-32.81728241610834,30.56005247582204,2020-07-28,13.0,0,True,False
2020-03-13,2020Q1,11,diag3,gaussian_ar1,2.366801519312056,2.3392270138897673,-0.13504368520290805,0.7680614949274162,-5.16223383893778,-5.300247883185935,7.529035358249836,2020-04-28,6.0,0,True,False
2020-03-13,2020Q2,-2,diag3,gaussian_ar1,2.4552649344567357,2.4256077659024737,-0.09667630914517997,0.8090067676617848,-27.97614656719044,-32.81728241610834,30.431411501647176,2020-07-28,6.0,0,True,False
2020-03-20,2020Q1,12,diag3,gaussian_ar1,2.0243734938294677,2.004155457264214,-0.2838710121218713,0.7666301242855372,-5.16223383893778,-5.300247883185935,7.186607332767248,2020-04-28,9.0,0,True,False
2020-03-20,2020Q2,-1,diag3,gaussian_ar1,1.1512644797422311,1.1446878583039712,-0.6656171281303274,0.799870949695288,-27.97614656719044,-32.81728241610834,29.12741104693267,2020-07-28,9.0,0,True,False
2020-03-27,2020Q1,13,diag3,gaussian_ar1,2.067272226183503,2.046194153002569,-0.2651988610837253,0.7663382593623459,-5.16223383893778,-5.300247883185935,7.229506065121283,2020-04-28,4.0,0,True,False
2020-03-27,2020Q2,0,diag3,gaussian_ar1,1.1932734804719347,1.1862101071936635,-0.6471743651212827,0.7994447441597788,-27.97614656719044,-32.81728241610834,29.169420047662374,2020-07-28,4.0,0,True,False
2020-04-03,2020Q1,14,diag3,gaussian_ar1,2.0484967973574575,2.027797309908262,-0.2733701096643174,0.7666011784486586,-5.16223383893778,-5.300247883185935,7.210730636295238,2020-04-28,9.0,12,False,True
2020-04-03,2020Q2,1,diag3,gaussian_ar1,1.3043909791713215,1.295957061706706,-0.5984285209733538,0.7907565839651187,-27.97614656719044,-32.81728241610834,29.280537546361764,2020-07-28,9.0,0,True,False
2020-04-03,2020Q3,-12,diag3,gaussian_ar1,1.3983728216217628,1.3886857916189317,-0.557241590216204,0.8558033710559573,34.85500597467652,29.90299854497912,-33.45663315305476,2020-10-28,9.0,0,True,False
2020-04-10,2020Q1,15,diag3,gaussian_ar1,1.4727123081217153,1.4619732093697164,-0.5246898254812713,0.7660358082137705,-5.16223383893778,-5.300247883185935,6.6349461470594955,2020-04-28,7.0,0,True,False
2020-04-10,2020Q2,2,diag3,gaussian_ar1,0.3834615900724092,0.3827282502369864,-1.0040535290915604,0.7897117977370982,-27.97614656719044,-32.81728241610834,28.359608157262848,2020-07-28,7.0,0,True,False
2020-04-10,2020Q3,-11,diag3,gaussian_ar1,0.6037537996978148,0.6019385093697691,-0.906687828378254,0.8550934343281921,34.85500597467652,29.90299854497912,-34.25125217497871,2020-10-28,7.0,0,True,False
2020-04-17,2020Q1,16,diag3,gaussian_ar1,0.710862938174972,0.7083482180331817,-0.8594242747120173,0.7654942155880348,-5.16223383893778,-5.300247883185935,5.873096777112752,2020-04-28,10.0,0,True,False
2020-04-17,2020Q2,3,diag3,gaussian_ar1,-1.8462794558333218,-1.863535926815156,-2.001767260424733,0.7853205963097283,-27.97614656719044,-32.81728241610834,26.129867111357118,2020-07-28,10.0,0,True,False
2020-04-17,2020Q3,-10,diag3,gaussian_ar1,-1.7625393822033764,-1.7782570683557557,-1.9638893078016266,0.8500030186655048,34.85500597467652,29.90299854497912,-36.6175453568799,2020-10-28,10.0,0,True,False
2020-04-24,2020Q1,17,diag3,gaussian_ar1,0.65600512533186,0.653862775886924,-0.883624844859746,0.7654529932419087,-5.16223383893778,-5.300247883185935,5.81823896426964,2020-04-28,2.0,0,True,False
2020-04-24,2020Q2,4,diag3,gaussian_ar1,-2.2904455144568403,-2.3170837600691465,-2.203217697856256,0.782642638678485,-27.97614656719044,-32.81728241610834,25.6857010527336,2020-07-28,2.0,0,True,False
2020-04-24,2020Q3,-9,diag3,gaussian_ar1,-2.3077981402396475,-2.3348447322865677,-2.2111065143383866,0.8462901693272665,34.85500597467652,29.90299854497912,-37.16280411491617,2020-10-28,2.0,0,True,False
2020-05-01,2020Q2,5,diag3,gaussian_ar1,-4.518741010205707,-4.62401987037428,-3.080319352989354,0.7767401212553281,-27.97614656719044,-32.81728241610834,23.45740555698473,2020-07-28,13.0,9,True,True
2020-05-01,2020Q3,-8,diag3,gaussian_ar1,-5.721451566270175,-5.891650437163198,-3.6218163276674686,0.859755898056257,34.85500597467652,29.90299854497912,-40.5764575409467,2020-10-28,13.0,0,True,False
2020-05-08,2020Q2,6,diag3,gaussian_ar1,-6.748953439276395,-6.987490435584705,-4.089929088138103,0.774296109539858,-27.97614656719044,-32.81728241610834,21.227193127914045,2020-07-28,10.0,0,True,False
2020-05-08,2020Q3,-7,diag3,gaussian_ar1,-8.912384809839658,-9.334833838252376,-5.092649742228191,0.8564348091091323,34.85500597467652,29.90299854497912,-43.76739078451618,2020-10-28,10.0,0,True,False
2020-05-15,2020Q2,7,diag3,gaussian_ar1,-6.973528832635201,-7.228609712781202,-4.192928623301739,0.7735155636399139,-27.97614656719044,-32.81728241610834,21.00261773455524,2020-07-28,6.0,0,True,False
2020-05-15,2020Q3,-6,diag3,gaussian_ar1,-9.16127355385954,-9.608448859647424,-5.209530567125952,0.8554086632973111,34.85500597467652,29.90299854497912,-44.01627952853606,2020-10-28,6.0,0,True,False
2020-05-22,2020Q2,8,diag3,gaussian_ar1,-8.004439267731067,-8.34298630133805,-4.668959706146503,0.7694370613992133,-27.97614656719044,-32.81728241610834,19.971707299459375,2020-07-28,6.0,0,True,False
2020-05-22,2020Q3,-5,diag3,gaussian_ar1,-9.457767573821751,-9.935378748970596,-5.349186039815281,0.8416047042839373,34.85500597467652,29.90299854497912,-44.31277354849827,2020-10-28,6.0,0,True,False
2020-05-29,2020Q2,9,diag3,gaussian_ar1,-8.404292874433516,-8.778578084763978,-4.8550325566279176,0.7688500254251752,-27.97614656719044,-32.81728241610834,19.571853692756925,2020-07-28,4.0,0,True,False
2020-05-29,2020Q3,-4,diag3,gaussian_ar1,-9.804006676459487,-10.318517982250938,-5.512852600986447,0.8411129752912653,34.85500597467652,29.90299854497912,-44.65901265113601,2020-10-28,4.0,0,True,False
2020-06-05,2020Q2,10,diag3,gaussian_ar1,-29.094684743214174,-34.38247868991245,-15.792315926787994,0.7500327459587017,-27.97614656719044,-32.81728241610834,-1.1185381760237334,2020-07-28,13.0,27,True,True
2020-06-05,2020Q3,-3,diag3,gaussian_ar1,-38.860201270895686,-49.20071614983663,-22.12226012727916,1.4609468873117892,34.85500597467652,29.90299854497912,-73.7152072455722,2020-10-28,13.0,0,True,False
2020-06-12,2020Q2,11,diag3,gaussian_ar1,-28.77654140430549,-33.934794717638695,-15.601077625228099,0.7496710594742289,-27.97614656719044,-32.81728241610834,-0.80039483711505,2020-07-28,4.0,0,True,False
2020-06-12,2020Q3,-2,diag3,gaussian_ar1,-38.446418021748016,-48.52621388161634,-21.83413127710476,1.4604616721456067,34.85500597467652,29.90299854497912,-73.30142399642455,2020-10-28,4.0,0,True,False
2020-06-19,2020Q2,12,diag3,gaussian_ar1,-17.96299423528519,-19.799975071086433,-9.563070751019195,0.7229322348063383,-27.97614656719044,-32.81728241610834,10.01315233190525,2020-07-28,11.0,0,True,False
2020-06-19,2020Q3,-1,diag3,gaussian_ar1,-6.082716412660039,-6.275575294859134,-3.7858184860192496,1.2724547471594774,34.85500597467652,29.90299854497912,-40.937722387336564,2020-10-28,11.0,0,True,False
2020-06-26,2020Q2,13,diag3,gaussian_ar1,-17.401147416149254,-19.117439679431683,-9.271510371067162,0.7215584933806863,-27.97614656719044,-32.81728241610834,10.574999151041187,2020-07-28,4.0,0,True,False
2020-06-26,2020Q3,0,diag3,gaussian_ar1,-4.67754406799018,-4.790476896137228,-3.1514252242313834,1.2684778205353675,34.85500597467652,29.90299854497912,-39.5325500426667,2020-10-28,4.0,0,True,False
2020-07-03,2020Q2,14,diag3,gaussian_ar1,-13.482655059091087,-14.482527260353525,-7.291603039559303,0.728970392891193,-27.97614656719044,-32.81728241610834,14.493491508099353,2020-07-28,8.0,16,False,True
2020-07-03,2020Q3,1,diag3,gaussian_ar1,-3.0083622074472904,-3.0545419525058564,-2.4098814773055204,0.8964754614762886,34.85500597467652,29.90299854497912,-37.863368182123814,2020-10-28,8.0,0,True,False
2020-07-03,2020Q4,-12,diag3,gaussian_ar1,0.1793357478946822,0.179175133339867,-1.0285263216105687,1.1290911359663371,4.611736044615711,4.508555862817171,-4.4324002967210285,2021-01-28,8.0,0,True,False
2020-07-10,2020Q2,15,diag3,gaussian_ar1,-12.609193027644693,-13.478009224142394,-6.862500514053146,0.7264166208754657,-27.97614656719044,-32.81728241610834,15.366953539545747,2020-07-28,8.0,0,True,False
2020-07-10,2020Q3,2,diag3,gaussian_ar1,-1.8688820658643968,-1.8865663455741468,-1.9109543653998409,0.8909703376303207,34.85500597467652,29.90299854497912,-36.72388804054092,2020-10-28,8.0,0,True,False
2020-07-10,2020Q4,-11,diag3,gaussian_ar1,0.511563349666222,0.5102593097985557,-0.8870962515150531,1.1274792693666644,4.611736044615711,4.508555862817171,-4.100172694949489,2021-01-28,8.0,0,True,False
2020-07-17,2020Q2,16,diag3,gaussian_ar1,-10.019350105025183,-10.55755399408371,-5.614962222383831,0.7236582419518639,-27.97614656719044,-32.81728241610834,17.956796462165258,2020-07-28,10.0,0,True,False
2020-07-17,2020Q3,3,diag3,gaussian_ar1,6.685017194384479,6.471054253839597,1.6591916918651377,0.8436514258961137,34.85500597467652,29.90299854497912,-28.169988780292044,2020-10-28,10.0,0,True,False
2020-07-17,2020Q4,-10,diag3,gaussian_ar1,6.196934722631986,6.012505915114264,1.4633124312439407,1.1039709161966724,4.611736044615711,4.508555862817171,1.5851986780162752,2021-01-28,10.0,0,True,False
2020-07-24,2020Q2,17,diag3,gaussian_ar1,-10.016258226977948,-10.55411789428765,-5.613494414890854,0.7236485650498977,-27.97614656719044,-32.81728241610834,17.959888340212494,2020-07-28,2.0,0,True,False
2020-07-24,2020Q3,4,diag3,gaussian_ar1,6.99182610476492,6.758225401157908,1.7818633215668551,0.8291744663425917,34.85500597467652,29.90299854497912,-27.863179869911605,2020-10-28,2.0,0,True,False
2020-07-24,2020Q4,-9,diag3,gaussian_ar1,6.466843399573419,6.2663421106802994,1.5717442847854608,1.095065309447777,4.611736044615711,4.508555862817171,1.855107354957708,2021-01-28,2.0,0,True,False
2020-07-31,2020Q3,5,diag3,gaussian_ar1,12.275213407619257,11.57829337420358,2.446334078746803,0.8254185227351513,34.85500597467652,29.90299854497912,-22.579792567057268,2020-10-28,10.0,0,True,False
2020-07-31,2020Q4,-8,diag3,gaussian_ar1,8.517877672726183,8.174474459634324,1.5452240607400298,1.0920256043463374,4.611736044615711,4.508555862817171,3.906141628110472,2021-01-28,10.0,0,True,False
2020-08-07,2020Q3,6,diag3,gaussian_ar1,21.694682634581717,19.63451206480697,4.579097175597623,0.6794561626284553,34.85500597467652,29.90299854497912,-13.160323340094806,2020-10-28,13.0,45,False,True
2020-08-07,2020Q4,-7,diag3,gaussian_ar1,7.819372028839799,7.5287159763599165,1.3742691853203235,1.0778224398339737,4.611736044615711,4.508555862817171,3.2076359842240887,2021-01-28,13.0,0,True,False
2020-08-14,2020Q3,7,diag3,gaussian_ar1,20.746865624460465,18.852614864628336,4.372101616252017,0.6672296617020211,34.85500597467652,29.90299854497912,-14.108140350216058,2020-10-28,6.0,0,True,False
2020-08-14,2020Q4,-6,diag3,gaussian_ar1,7.455603902704477,7.1907589325442,1.284800125572521,1.0723179064866732,4.611736044615711,4.508555862817171,2.8438678580887666,2021-01-28,6.0,0,True,False
2020-08-21,2020Q3,8,diag3,gaussian_ar1,21.51969019784019,19.49061229038146,4.541001868068564,0.575508607111745,34.85500597467652,29.90299854497912,-13.335315776836332,2020-10-28,6.0,0,True,False
2020-08-21,2020Q4,-5,diag3,gaussian_ar1,7.4437329734688085,7.179711035030611,1.2818753603669468,1.0348312075148853,4.611736044615711,4.508555862817171,2.8319969288530977,2021-01-28,6.0,0,True,False
2020-08-28,2020Q3,9,diag3,gaussian_ar1,21.916505243463313,19.81662411977424,4.627308611414141,0.5725479141112074,34.85500597467652,29.90299854497912,-12.93850073121321,2020-10-28,4.0,0,True,False
2020-08-28,2020Q4,-4,diag3,gaussian_ar1,7.603441365330799,7.328244417731998,1.321197346206958,1.0344910220336678,4.611736044615711,4.508555862817171,2.991705320715088,2021-01-28,4.0,0,True,False
2020-09-04,2020Q3,10,diag3,gaussian_ar1,23.212449305648985,20.873990956500442,4.907230626420245,0.575979806144437,34.85500597467652,29.90299854497912,-11.642556669027538,2020-10-28,12.0,22,False,True
2020-09-04,2020Q4,-3,diag3,gaussian_ar1,7.345326714399958,7.088080422096091,1.257617529576367,1.0371597654039173,4.611736044615711,4.508555862817171,2.733590669784247,2021-01-28,12.0,0,True,False
2020-09-11,2020Q3,11,diag3,gaussian_ar1,22.359539605879263,20.17935706680431,4.723336720027928,0.5671919426761884,34.85500597467652,29.90299854497912,-12.49546636879726,2020-10-28,5.0,0,True,False
2020-09-11,2020Q4,-2,diag3,gaussian_ar1,7.289823728294409,7.036361971294115,1.2439258452350015,1.0371251105158565,4.611736044615711,4.508555862817171,2.678087683678698,2021-01-28,5.0,0,True,False
2020-09-18,2020Q3,12,diag3,gaussian_ar1,19.824931699520864,18.086158905552896,4.169193893949973,0.5301073089897751,34.85500597467652,29.90299854497912,-15.030074275155659,2020-10-28,11.0,0,True,False
2020-09-18,2020Q4,-1,diag3,gaussian_ar1,4.788440985346631,4.677328387445687,0.6194070771767288,0.9743658160592193,4.611736044615711,4.508555862817171,0.1767049407309207,2021-01-28,11.0,0,True,False
2020-09-25,2020Q3,13,diag3,gaussian_ar1,19.930630964722695,18.174331435003435,4.19253624899148,0.5268066746167331,34.85500597467652,29.90299854497912,-14.924375009953827,2020-10-28,0.0,0,True,False
2020-09-25,2020Q4,0,diag3,gaussian_ar1,5.111486965056522,4.9851381498667795,0.7008950962281276,0.9522712141711395,4.611736044615711,4.508555862817171,0.49975092044081126,2021-01-28,0.0,0,True,False
2020-10-02,2020Q3,14,diag3,gaussian_ar1,29.713339713967677,26.01567505773012,6.268414393633235,0.9374942935662153,34.85500597467652,29.90299854497912,-5.1416662607088455,2020-10-28,11.0,11,False,True
2020-10-02,2020Q4,1,diag3,gaussian_ar1,1.221648268788611,1.2142463688065166,-0.29739195899343757,1.1589260199699847,4.611736044615711,4.508555862817171,-3.3900877758270997,2021-01-28,11.0,0,True,False
2020-10-02,2021Q1,-12,diag3,gaussian_ar1,2.876826025626511,2.836222279695075,0.13200184219010744,1.1889002711892496,5.701255644273506,5.544658613895645,-2.8244296186469953,2021-04-28,11.0,0,True,False
2020-10-09,2020Q3,15,diag3,gaussian_ar1,30.923058019867234,26.943962129958813,6.514164476515452,0.9161036479218365,34.85500597467652,29.90299854497912,-3.9319479548092886,2020-10-28,9.0,0,True,False
2020-10-09,2020Q4,2,diag3,gaussian_ar1,1.2777044805599491,1.2696107069558704,-0.2827350806462501,1.1587785100719543,4.611736044615711,4.508555862817171,-3.3340315640557616,2021-01-28,9.0,0,True,False
2020-10-09,2021Q1,-11,diag3,gaussian_ar1,2.9948213102681143,2.9508522436449907,0.16234840629106395,1.188579791329343,5.701255644273506,5.544658613895645,-2.706434334005392,2021-04-28,9.0,0,True,False
2020-10-16,2020Q3,16,diag3,gaussian_ar1,31.092030873834453,27.072941631181838,6.548309865440848,0.915410625893831,34.85500597467652,29.90299854497912,-3.7629751008420698,2020-10-28,8.0,0,True,False
2020-10-16,2020Q4,3,diag3,gaussian_ar1,1.6279009543878065,1.6147927149095977,-0.19135331997988997,1.1510940349548335,4.611736044615711,4.508555862817171,-2.9838350902279043,2021-01-28,8.0,0,True,False
2020-10-16,2021Q1,-10,diag3,gaussian_ar1,3.0103338865441476,2.965912620450165,0.16633541522271184,1.1873152171639991,5.701255644273506,5.544658613895645,-2.6909217577293587,2021-04-28,8.0,0,True,False
2020-10-23,2020Q3,17,diag3,gaussian_ar1,30.912956460194184,26.93624618629986,6.512121796130871,0.9148404636606235,34.85500597467652,29.90299854497912,-3.9420495144823384,2020-10-28,4.0,0,True,False
2020-10-23,2020Q4,4,diag3,gaussian_ar1,2.5956922688481265,2.562576018341292,0.05955809777099566,1.1293809008067874,4.611736044615711,4.508555862817171,-2.016043775767584,2021-01-28,4.0,0,True,False
2020-10-23,2021Q1,-9,diag3,gaussian_ar1,2.6678724145956068,2.6329052546418747,0.07817670850788348,1.1862614513563103,5.701255644273506,5.544658613895645,-3.0333832296778995,2021-04-28,4.0,0,True,False
2020-10-30,2020Q4,5,diag3,gaussian_ar1,2.4774184284997336,2.447228030435918,-0.018836487822770476,1.1174622134692136,4.611736044615711,4.508555862817171,-2.134317616115977,2021-01-28,10.0,0,True,False
2020-10-30,2021Q1,-8,diag3,gaussian_ar1,2.846429413611662,2.806671306304978,0.0625997606180555,1.1860645900985807,5.701255644273506,5.544658613895645,-2.8548262306618444,2021-04-28,10.0,0,True,False
2020-11-06,2020Q4,6,diag3,gaussian_ar1,5.244886519995973,5.111970126109734,0.5848932628850234,1.0642533486208852,4.611736044615711,4.508555862817171,0.6331504753802619,2021-01-28,11.0,0,True,False
2020-11-06,2021Q1,-7,diag3,gaussian_ar1,4.16727912318271,4.082787408552452,0.3517193934466334,0.9963121997648846,5.701255644273506,5.544658613895645,-1.5339765210907963,2021-04-28,11.0,19,True,True
2020-11-13,2020Q4,7,diag3,gaussian_ar1,7.361204194991755,7.102870359368595,1.035955939254658,0.6463186016529586,4.611736044615711,4.508555862817171,2.7494681503760443,2021-01-28,6.0,0,True,False
2020-11-13,2021Q1,-6,diag3,gaussian_ar1,4.058113804709151,3.9779343673934564,0.3279636609490511,0.9927801302898146,5.701255644273506,5.544658613895645,-1.643141839564355,2021-04-28,6.0,0,True,False
2020-11-20,2020Q4,8,diag3,gaussian_ar1,6.4980986044740785,6.295694552289658,0.8530804371277235,0.5487094024895225,4.611736044615711,4.508555862817171,1.8863625598583678,2021-01-28,8.0,0,True,False
2020-11-20,2021Q1,-5,diag3,gaussian_ar1,3.773251638805286,3.7038060194588596,0.2658565476831255,0.9630938727626738,5.701255644273506,5.544658613895645,-1.9280040054682202,2021-04-28,8.0,0,True,False
2020-11-27,2020Q4,9,diag3,gaussian_ar1,6.53308899892604,6.328544573134275,0.8605230091227638,0.547219019690977,4.611736044615711,4.508555862817171,1.9213529543103292,2021-01-28,4.0,0,True,False
2020-11-27,2021Q1,-4,diag3,gaussian_ar1,3.786642820487618,3.7167094579923927,0.26877997871300663,0.9629809350528468,5.701255644273506,5.544658613895645,-1.9146128237858884,2021-04-28,4.0,0,True,False
2020-12-04,2020Q4,10,diag3,gaussian_ar1,7.280734230639618,7.027889702081905,1.0189681588592898,0.5192680612313627,4.611736044615711,4.508555862817171,2.6689981860239076,2021-01-28,9.0,18,False,True
2020-12-04,2021Q1,-3,diag3,gaussian_ar1,3.3477833150761027,3.2929651579489114,0.17277555072561057,0.8872053500985005,5.701255644273506,5.544658613895645,-2.3534723291974036,2021-04-28,9.0,0,True,False
2020-12-11,2020Q4,11,diag3,gaussian_ar1,7.603608733404799,7.328399959173528,1.0870524147028877,0.5017631932010609,4.611736044615711,4.508555862817171,2.991872688789088,2021-01-28,7.0,0,True,False
2020-12-11,2021Q1,-2,diag3,gaussian_ar1,3.4626762641191133,3.4040745874204146,0.1979487441333403,0.8859087952608898,5.701255644273506,5.544658613895645,-2.238579380154393,2021-04-28,7.0,0,True,False
2020-12-18,2020Q4,12,diag3,gaussian_ar1,7.834292418523314,7.542553338915799,1.1355714690515,0.4758671118065368,4.611736044615711,4.508555862817171,3.2225563739076035,2021-01-28,12.0,0,True,False
2020-12-18,2021Q1,-1,diag3,gaussian_ar1,4.134117805691706,4.050947662626521,0.34450571152909637,0.8395086705328997,5.701255644273506,5.544658613895645,-1.5671378385818002,2021-04-28,12.0,0,True,False
2020-12-25,2020Q4,13,diag3,gaussian_ar1,7.565418087095832,7.2929016839112,1.0790098484412312,0.4735782121504223,4.611736044615711,4.508555862817171,2.9536820424801213,2021-01-28,0.0,0,True,False
2020-12-25,2021Q1,0,diag3,gaussian_ar1,3.223818372423426,3.172943861196536,0.14558326533124671,0.823352052882551,5.701255644273506,5.544658613895645,-2.4774372718500803,2021-04-28,0.0,0,True,False
2021-01-01,2020Q4,14,diag3,gaussian_ar1,7.238777850658429,6.988773092027076,1.0101058148165865,0.46901434001847303,4.611736044615711,4.508555862817171,2.627041806042718,2021-01-28,8.0,12,False,True
2021-01-01,2021Q1,1,diag3,gaussian_ar1,2.826518755433294,2.787309831285718,0.05821318283040011,0.863326685635924,5.701255644273506,5.544658613895645,-2.8747368888402125,2021-04-28,8.0,0,True,False
2021-01-01,2021Q2,-12,diag3,gaussian_ar1,2.238387688525134,2.21370346471195,-0.0717443200957571,1.0158915480373176,6.983331307653917,6.7502854167053385,-4.744943619128783,2021-07-28,8.0,0,True,False
2021-01-08,2020Q4,15,diag3,gaussian_ar1,7.804219264201562,7.514661146299521,1.1292521533765392,0.458208977903128,4.611736044615711,4.508555862817171,3.192483219585851,2021-01-28,12.0,0,True,False
2021-01-08,2021Q1,2,diag3,gaussian_ar1,5.909003718135963,5.741008395076457,0.7274095378842037,0.8282472547037847,5.701255644273506,5.544658613895645,0.20774807386245708,2021-04-28,12.0,0,True,False
2021-01-08,2021Q2,-11,diag3,gaussian_ar1,2.9824031672736506,2.9387944610032286,0.09253386920522519,1.0146088387673509,6.983331307653917,6.7502854167053385,-4.000928140380267,2021-07-28,12.0,0,True,False
2021-01-15,2020Q4,16,diag3,gaussian_ar1,7.857279958311936,7.563868534147908,1.140400685929434,0.4573128943392866,4.611736044615711,4.508555862817171,3.245543913696225,2021-01-28,6.0,0,True,False
2021-01-15,2021Q1,3,diag3,gaussian_ar1,6.396679459345589,6.200418234361284,0.8314944278232439,0.815055420065131,5.701255644273506,5.544658613895645,0.6954238150720826,2021-04-28,6.0,0,True,False
2021-01-15,2021Q2,-10,diag3,gaussian_ar1,3.302172191380448,3.248821790654657,0.16277433365652544,1.0124991015285365,6.983331307653917,6.7502854167053385,-3.681159116273469,2021-07-28,6.0,0,True,False
2021-01-22,2020Q4,17,diag3,gaussian_ar1,8.368037960755936,8.03630067792787,1.2474359374285107,0.45346484503398754,4.611736044615711,4.508555862817171,3.7563019161402256,2021-01-28,6.0,0,True,False
2021-01-22,2021Q1,4,diag3,gaussian_ar1,9.900803924577662,9.440799045003114,1.5656421347188454,0.7065807362377332,5.701255644273506,5.544658613895645,4.199548280304156,2021-04-28,6.0,0,True,False
2021-01-22,2021Q2,-9,diag3,gaussian_ar1,4.165153200189309,4.080746513652151,0.35125700387002856,1.0050761211559411,6.983331307653917,6.7502854167053385,-2.8181781074646084,2021-07-28,6.0,0,True,False
2021-01-29,2021Q1,5,diag3,gaussian_ar1,9.839262148884998,9.384785794073133,1.5541956451668026,0.7009933570554572,5.701255644273506,5.544658613895645,4.138006504611492,2021-04-28,6.0,0,True,False
2021-01-29,2021Q2,-8,diag3,gaussian_ar1,3.9843584255549125,3.9070302087824516,0.3096550384595165,1.0046396108623084,6.983331307653917,6.7502854167053385,-2.9989728820990047,2021-07-28,6.0,0,True,False
2021-02-05,2021Q1,6,diag3,gaussian_ar1,9.516584633360736,9.090580963879457,1.4873526011199547,0.6441708183961969,5.701255644273506,5.544658613895645,3.81532898908723,2021-04-28,14.0,14,False,True
2021-02-05,2021Q2,-7,diag3,gaussian_ar1,3.96723194937747,3.8905586096133318,0.3059127075533288,0.9842055698679268,6.983331307653917,6.7502854167053385,-3.0160993582764473,2021-07-28,14.0,0,True,False
2021-02-12,2021Q1,7,diag3,gaussian_ar1,9.538454058354674,9.110548023479815,1.4918890971505405,0.6441426113725222,5.701255644273506,5.544658613895645,3.8371984140811675,2021-04-28,4.0,0,True,False
2021-02-12,2021Q2,-6,diag3,gaussian_ar1,3.961693720152204,3.885231568934661,0.3047024092231167,0.98420377182093,6.983331307653917,6.7502854167053385,-3.021637587501713,2021-07-28,4.0,0,True,False
2021-02-19,2021Q1,8,diag3,gaussian_ar1,8.786333945586499,8.42155334267451,1.335350192718567,0.5454239892645654,5.701255644273506,5.544658613895645,3.0850783013129925,2021-04-28,11.0,0,True,False
2021-02-19,2021Q2,-5,diag3,gaussian_ar1,3.886991594692657,3.81335030727272,0.2883710582515874,0.9518652146788443,6.983331307653917,6.7502854167053385,-3.09633971296126,2021-07-28,11.0,0,True,False
2021-02-26,2021Q1,9,diag3,gaussian_ar1,8.96270132607806,8.58354480117993,1.372154490557466,0.543304278211892,5.701255644273506,5.544658613895645,3.2614456818045534,2021-04-28,4.0,0,True,False
2021-02-26,2021Q2,-4,diag3,gaussian_ar1,3.9519048016071423,3.8758152357829188,0.3025630277207555,0.9516991636795763,6.983331307653917,6.7502854167053385,-3.031426506046775,2021-07-28,4.0,0,True,False
2021-03-05,2021Q1,10,diag3,gaussian_ar1,8.761086330519685,8.398342205398675,1.3300766454750201,0.5015982352556115,5.701255644273506,5.544658613895645,3.059830686246179,2021-04-28,10.0,19,False,True
2021-03-05,2021Q2,-3,diag3,gaussian_ar1,4.679743135104797,4.573543786022787,0.46108625857908175,0.9394684105405854,6.983331307653917,6.7502854167053385,-2.3035881725491203,2021-07-28,10.0,0,True,False
2021-03-12,2021Q1,11,diag3,gaussian_ar1,8.74699279861504,8.385383117183842,1.327132353555065,0.49934961880027595,5.701255644273506,5.544658613895645,3.0457371543415332,2021-04-28,6.0,0,True,False
2021-03-12,2021Q2,-2,diag3,gaussian_ar1,4.68299217068231,4.57664752420527,0.46179142479917745,0.9391167863763712,6.983331307653917,6.7502854167053385,-2.3003391369716075,2021-07-28,6.0,0,True,False
2021-03-19,2021Q1,12,diag3,gaussian_ar1,2.3167743063013058,2.2903445241197606,-0.057654336980300425,0.46592049893773607,5.701255644273506,5.544658613895645,-3.3844813379722005,2021-04-28,12.0,0,True,False
2021-03-19,2021Q2,-1,diag3,gaussian_ar1,-2.2545333110915555,-2.2803364782100077,-1.0961085029492803,0.8796167669244251,6.983331307653917,6.7502854167053385,-9.237864618745473,2021-07-28,12.0,0,True,False
2021-03-26,2021Q1,13,diag3,gaussian_ar1,2.7655468163249486,2.727996315731198,0.0417797136592053,0.46090178888205824,5.701255644273506,5.544658613895645,-2.9357088279485577,2021-04-28,4.0,0,True,False
2021-03-26,2021Q2,0,diag3,gaussian_ar1,-0.9975517481082941,-1.0025606342190394,-0.8057991053582876,0.8569852237588756,6.983331307653917,6.7502854167053385,-7.980883055762211,2021-07-28,4.0,0,True,False
2021-04-02,2021Q1,14,diag3,gaussian_ar1,3.91215529873028,3.8375695637391853,0.29387364916997627,0.4480019393010971,5.701255644273506,5.544658613895645,-1.7891003455432264,2021-04-28,8.0,31,False,True
2021-04-02,2021Q2,1,diag3,gaussian_ar1,-2.581389754701091,-2.6152923310926823,-1.1722101387152433,0.8057288019026676,6.983331307653917,6.7502854167053385,-9.564721062355009,2021-07-28,8.0,0,True,False
2021-04-02,2021Q3,-12,diag3,gaussian_ar1,0.41473797409377067,0.41388030672173803,-0.4839851360134086,0.9635408724944277,3.34127932577879,3.2866716567676137,-2.926541351685019,2021-10-28,8.0,0,True,False
2021-04-09,2021Q1,15,diag3,gaussian_ar1,3.8890881553548917,3.815368403547156,0.2888295677127479,0.43502366173018825,5.701255644273506,5.544658613895645,-1.8121674889186146,2021-04-28,8.0,0,True,False
2021-04-09,2021Q2,2,diag3,gaussian_ar1,-1.9470954799979512,-1.9663010938976013,-1.024759976781153,0.8015370210744054,6.983331307653917,6.7502854167053385,-8.930426787651868,2021-07-28,8.0,0,True,False
2021-04-09,2021Q3,-11,diag3,gaussian_ar1,0.714023331846847,0.711486254976534,-0.41636936133457797,0.9533792266773781,3.34127932577879,3.2866716567676137,-2.627255993931943,2021-10-28,8.0,0,True,False
2021-04-16,2021Q1,16,diag3,gaussian_ar1,5.049091636721403,4.925759430428959,0.5411093017681827,0.4331435361320047,5.701255644273506,5.544658613895645,-0.6521640075521029,2021-04-28,8.0,0,True,False
2021-04-16,2021Q2,3,diag3,gaussian_ar1,3.5277773143074453,3.466977055828433,0.20967540091754938,0.7553539100314812,6.983331307653917,6.7502854167053385,-3.455553993346472,2021-07-28,8.0,0,True,False
2021-04-16,2021Q3,-10,diag3,gaussian_ar1,2.217161882550389,2.19294021705686,-0.07978449841603225,0.9514841796085152,3.34127932577879,3.2866716567676137,-1.1241174432284007,2021-10-28,8.0,0,True,False
2021-04-23,2021Q1,17,diag3,gaussian_ar1,6.195179663720074,6.010853255911712,0.7876415368914431,0.42942940170859845,5.701255644273506,5.544658613895645,0.4939240194465677,2021-04-28,4.0,0,True,False
2021-04-23,2021Q2,4,diag3,gaussian_ar1,9.507015204428694,9.081842701020822,1.485367276512034,0.6965443169615015,6.983331307653917,6.7502854167053385,2.5236838967747763,2021-07-28,4.0,0,True,False
2021-04-23,2021Q3,-9,diag3,gaussian_ar1,3.5938458504042536,3.530773908448799,0.2241699822163885,0.9471831058399316,3.34127932577879,3.2866716567676137,0.2525665246254638,2021-10-28,4.0,0,True,False
2021-04-30,2021Q2,5,diag3,gaussian_ar1,7.812796903411545,7.522617512051129,1.1285232540446146,0.6829473362311571,6.983331307653917,6.7502854167053385,0.829465595757628,2021-07-28,10.0,0,True,False
2021-04-30,2021Q3,-8,diag3,gaussian_ar1,2.988580339010216,2.9447925599910345,0.08649593781457723,0.944580932235647,3.34127932577879,3.2866716567676137,-0.3526989867685737,2021-10-28,10.0,0,True,False
2021-05-07,2021Q2,6,diag3,gaussian_ar1,9.304935598819352,8.897136461421564,1.4413981033276249,0.674653056168972,6.983331307653917,6.7502854167053385,2.3216042911654347,2021-07-28,13.0,25,False,True
2021-05-07,2021Q3,-7,diag3,gaussian_ar1,4.626724332340393,4.522882375947998,0.44570860166961973,0.9860039658083424,3.34127932577879,3.2866716567676137,1.285445006561603,2021-10-28,13.0,0,True,False
2021-05-14,2021Q2,7,diag3,gaussian_ar1,9.248410538402862,8.845409903420153,1.429623846562352,0.6599281239367175,6.983331307653917,6.7502854167053385,2.2650792307489445,2021-07-28,6.0,0,True,False
2021-05-14,2021Q3,-6,diag3,gaussian_ar1,4.769562409184225,4.6593108687561795,0.47676313470811926,0.9825662743932412,3.34127932577879,3.2866716567676137,1.428283083405435,2021-10-28,6.0,0,True,False
2021-05-21,2021Q2,8,diag3,gaussian_ar1,8.370550235002128,8.038618930775426,1.2459780670081824,0.6094659810242917,6.983331307653917,6.7502854167053385,1.3872189273482105,2021-07-28,6.0,0,True,False
2021-05-21,2021Q3,-5,diag3,gaussian_ar1,4.867104496909058,4.752369107282442,0.4979455144539807,0.9628297340060332,3.34127932577879,3.2866716567676137,1.5258251711302684,2021-10-28,6.0,0,True,False
2021-05-28,2021Q2,9,diag3,gaussian_ar1,7.532948806640616,7.262711514482463,1.0693621563716489,0.5960840541302763,6.983331307653917,6.7502854167053385,0.5496174989866986,2021-07-28,4.0,0,True,False
2021-05-28,2021Q3,-4,diag3,gaussian_ar1,4.634955163494103,4.530748920054666,0.4474992236198514,0.9621289279849244,3.34127932577879,3.2866716567676137,1.2936758377153135,2021-10-28,4.0,0,True,False
2021-06-04,2021Q2,10,diag3,gaussian_ar1,7.0902437143160135,6.850169221177502,0.9754572248319446,0.5620543215721673,6.983331307653917,6.7502854167053385,0.10691240666209634,2021-07-28,12.0,15,False,True
2021-06-04,2021Q3,-3,diag3,gaussian_ar1,4.715404668124101,4.607605256632981,0.46499364574797,0.9688265724121009,3.34127932577879,3.2866716567676137,1.3741253423453115,2021-10-28,12.0,0,True,False
2021-06-11,2021Q2,11,diag3,gaussian_ar1,6.816659061179875,6.59437120927204,0.917231207316164,0.5450735925247672,6.983331307653917,6.7502854167053385,-0.16667224647404222,2021-07-28,5.0,0,True,False
2021-06-11,2021Q3,-2,diag3,gaussian_ar1,4.822283053655352,4.709618785523298,0.48821447328985645,0.9671300054454013,3.34127932577879,3.2866716567676137,1.481003727876562,2021-10-28,5.0,0,True,False
2021-06-18,2021Q2,12,diag3,gaussian_ar1,6.848801563705509,6.6244579651511675,0.9240797045416177,0.5115567535314599,6.983331307653917,6.7502854167053385,-0.13452974394840833,2021-07-28,11.0,0,True,False
2021-06-18,2021Q3,-1,diag3,gaussian_ar1,4.708342654692177,4.600861022968097,0.46345848969035686,0.9153892864378106,3.34127932577879,3.2866716567676137,1.367063328913387,2021-10-28,11.0,0,True,False
2021-06-25,2021Q2,13,diag3,gaussian_ar1,7.011429496660737,6.77654604950091,0.958698751802088,0.5085410932433518,6.983331307653917,6.7502854167053385,0.02809818900681993,2021-07-28,0.0,0,True,False
2021-06-25,2021Q3,0,diag3,gaussian_ar1,5.1500650629440425,5.021833492356478,0.5592823398981068,0.9024747479238473,3.34127932577879,3.2866716567676137,1.8087857371652527,2021-10-28,0.0,0,True,False
2021-07-02,2021Q2,14,diag3,gaussian_ar1,7.277737924243399,7.025096704568149,1.0152750898576488,0.48163447824306477,6.983331307653917,6.7502854167053385,0.2944066165894821,2021-07-28,11.0,30,False,True
2021-07-02,2021Q3,1,diag3,gaussian_ar1,6.473399963398818,6.272500236287678,0.8439653333118927,0.8612902088841663,3.34127932577879,3.2866716567676137,3.1321206376200283,2021-10-28,11.0,0,True,False
2021-07-02,2021Q4,-12,diag3,gaussian_ar1,3.796706949757489,3.726405928628312,0.26441066574319766,1.0189085175822312,7.0416786109130936,6.804809235885943,-3.2449716611556045,2022-01-28,11.0,0,True,False
2021-07-09,2021Q2,15,diag3,gaussian_ar1,7.1326772458115695,6.889785460056462,0.9844748704410441,0.47281907996531974,6.983331307653917,6.7502854167053385,0.1493459381576523,2021-07-28,9.0,0,True,False
2021-07-09,2021Q3,2,diag3,gaussian_ar1,6.149182127149455,5.967529725301208,0.7745464266432299,0.8439050479568293,3.34127932577879,3.2866716567676137,2.8079028013706653,2021-10-28,9.0,0,True,False
2021-07-09,2021Q4,-11,diag3,gaussian_ar1,3.7610711811812303,3.692067760965015,0.2565944409925461,1.0188419889062865,7.0416786109130936,6.804809235885943,-3.2806074297318633,2022-01-28,9.0,0,True,False
2021-07-16,2021Q2,16,diag3,gaussian_ar1,7.145557567959582,6.901807513695955,0.9872113901683647,0.4719066735879867,6.983331307653917,6.7502854167053385,0.16222626030566456,2021-07-28,8.0,0,True,False
2021-07-16,2021Q3,3,diag3,gaussian_ar1,6.130203372500653,5.949648804217231,0.7704762823271017,0.8290154206608022,3.34127932577879,3.2866716567676137,2.7889240467218634,2021-10-28,8.0,0,True,False
2021-07-16,2021Q4,-10,diag3,gaussian_ar1,3.7446392966590913,3.6762302358013557,0.25298942463328417,1.0147354827516168,7.0416786109130936,6.804809235885943,-3.297039314254002,2022-01-28,8.0,0,True,False
2021-07-23,2021Q2,17,diag3,gaussian_ar1,7.079584037915554,6.840214806476679,0.9731913513780738,0.469361858720988,6.983331307653917,6.7502854167053385,0.09625273026163672,2021-07-28,4.0,0,True,False
2021-07-23,2021Q3,4,diag3,gaussian_ar1,7.930651893828156,7.6318722799682,1.1533923684800038,0.737325448925217,3.34127932577879,3.2866716567676137,4.589372568049366,2021-10-28,4.0,0,True,False
2021-07-23,2021Q4,-9,diag3,gaussian_ar1,4.418529280196815,4.323695723889866,0.40036874384487325,1.0107871781963078,7.0416786109130936,6.804809235885943,-2.623149330716279,2022-01-28,4.0,0,True,False
2021-07-30,2021Q3,5,diag3,gaussian_ar1,8.003098449947688,7.698973007596417,1.1625357688952747,0.7334384147962433,3.34127932577879,3.2866716567676137,4.661819124168898,2021-10-28,10.0,0,True,False
2021-07-30,2021Q4,-8,diag3,gaussian_ar1,4.4985427788931,4.400294061995856,0.4114187716419242,1.0101228704120144,7.0416786109130936,6.804809235885943,-2.5431358320199937,2022-01-28,10.0,0,True,False
2021-08-06,2021Q3,6,diag3,gaussian_ar1,7.824760794438257,7.533713808231371,1.1249058583636309,0.6279044295703416,3.34127932577879,3.2866716567676137,4.483481468659467,2021-10-28,11.0,19,False,True
2021-08-06,2021Q4,-7,diag3,gaussian_ar1,3.485044149313099,3.4256915303240567,0.1894994702557872,0.8931636292087386,7.0416786109130936,6.804809235885943,-3.5566344615999945,2022-01-28,11.0,0,True,False
2021-08-13,2021Q3,7,diag3,gaussian_ar1,7.781602383009223,7.493679357142422,1.1157899191696323,0.6241204833248669,3.34127932577879,3.2866716567676137,4.440323057230433,2021-10-28,6.0,0,True,False
2021-08-13,2021Q4,-6,diag3,gaussian_ar1,3.4429815057374524,3.3850371588131787,0.18024237371561047,0.8901535906599263,7.0416786109130936,6.804809235885943,-3.598697105175641,2022-01-28,6.0,0,True,False
2021-08-20,2021Q3,8,diag3,gaussian_ar1,5.3879437924862605,5.247805830614768,0.6043992057126357,0.5420373334474977,3.34127932577879,3.2866716567676137,2.0466644667074707,2021-10-28,8.0,0,True,False
2021-08-20,2021Q4,-5,diag3,gaussian_ar1,2.840941048703427,2.801334697744905,0.04733194288034423,0.8743360194180693,7.0416786109130936,6.804809235885943,-4.2007375622096665,2022-01-28,8.0,0,True,False
2021-08-27,2021Q3,9,diag3,gaussian_ar1,5.632702877391016,5.479782368008344,0.65722081189916,0.54006025591324,3.34127932577879,3.2866716567676137,2.291423551612226,2021-10-28,4.0,0,True,False
2021-08-27,2021Q4,-4,diag3,gaussian_ar1,2.8903296464880768,2.849347426744745,0.05826455482319364,0.8742865971056917,7.0416786109130936,6.804809235885943,-4.151348964425017,2022-01-28,4.0,0,True,False
2021-09-03,2021Q3,10,diag3,gaussian_ar1,6.3364964745755925,6.143837509599988,0.80842773812282,0.7002283018209565,3.34127932577879,3.2866716567676137,2.9952171487968027,2021-10-28,9.0,13,False,True
2021-09-03,2021Q4,-3,diag3,gaussian_ar1,2.8285352440923672,2.789270871016965,0.04458498100357222,0.9779563498780637,7.0416786109130936,6.804809235885943,-4.213143366820726,2022-01-28,9.0,0,True,False
2021-09-10,2021Q3,11,diag3,gaussian_ar1,6.841510664168404,6.6176341653598385,0.9163123571633149,0.6601622102532714,3.34127932577879,3.2866716567676137,3.5002313383896144,2021-10-28,7.0,0,True,False
2021-09-10,2021Q4,-2,diag3,gaussian_ar1,2.766831982225715,2.729246888422747,0.030917378210797875,0.9775738608221114,7.0416786109130936,6.804809235885943,-4.274846628687379,2022-01-28,7.0,0,True,False
2021-09-17,2021Q3,12,diag3,gaussian_ar1,6.858667707462152,6.6336912818876375,0.9199686005716021,0.652956389399089,3.34127932577879,3.2866716567676137,3.5173883816833618,2021-10-28,10.0,0,True,False
2021-09-17,2021Q4,-1,diag3,gaussian_ar1,3.072220131329617,3.0259722862871703,0.09848245305689032,0.9571405859254236,7.0416786109130936,6.804809235885943,-3.9694584795834764,2022-01-28,10.0,0,True,False
2021-09-24,2021Q3,13,diag3,gaussian_ar1,7.27401065170763,7.02162223040433,1.008301395001359,0.6494583788655898,3.34127932577879,3.2866716567676137,3.93273132592884,2021-10-28,2.0,0,True,False
2021-09-24,2021Q4,0,diag3,gaussian_ar1,3.7119981919837786,3.644762353799781,0.23938241486134265,0.948288905066342,7.0416786109130936,6.804809235885943,-3.329680418929315,2022-01-28,2.0,0,True,False
2021-10-01,2021Q3,14,diag3,gaussian_ar1,6.170111105746967,5.987244352593541,0.7727711059313256,0.4765217879074483,3.34127932577879,3.2866716567676137,2.8288317799681773,2021-10-28,11.0,31,False,True
2021-10-01,2021Q4,1,diag3,gaussian_ar1,4.791511982001295,4.680259008062215,0.47516745197530974,0.7837569473196699,7.0416786109130936,6.804809235885943,-2.2501666289117983,2022-01-28,11.0,0,True,False
2021-10-01,2022Q1,-13,diag3,gaussian_ar1,2.94623622375747,2.9036687553267617,0.07063364981067462,0.9047944722423413,-1.0153057807451127,-1.0204951651818233,3.961542004502583,2022-04-28,11.0,0,True,False
2021-10-08,2021Q3,15,diag3,gaussian_ar1,6.130617865557353,5.950039354912617,0.7642994399699614,0.47163303950432184,3.34127932577879,3.2866716567676137,2.789338539778563,2021-10-28,9.0,0,True,False
2021-10-08,2021Q4,2,diag3,gaussian_ar1,4.559165839607782,4.458290548051839,0.4246247086779351,0.7688683374034208,7.0416786109130936,6.804809235885943,-2.482512771305312,2022-01-28,9.0,0,True,False
2021-10-08,2022Q1,-12,diag3,gaussian_ar1,2.9361687229803923,2.893888899891605,0.0684067535988368,0.9047536847258927,-1.0153057807451127,-1.0204951651818233,3.951474503725505,2022-04-28,9.0,0,True,False
2021-10-15,2021Q3,16,diag3,gaussian_ar1,6.100137758840107,5.921315801780921,0.7577590189909811,0.4709160936929213,3.34127932577879,3.2866716567676137,2.7588584330613175,2021-10-28,6.0,0,True,False
2021-10-15,2021Q4,3,diag3,gaussian_ar1,4.555716704682156,4.454991753739376,0.4238735654113742,0.7606083631817232,7.0416786109130936,6.804809235885943,-2.485961906230938,2022-01-28,6.0,0,True,False
2021-10-15,2022Q1,-11,diag3,gaussian_ar1,2.9693726625237282,2.9261405232405617,0.07575052451013545,0.9037064284161113,-1.0153057807451127,-1.0204951651818233,3.984678443268841,2022-04-28,6.0,0,True,False
2021-10-22,2021Q3,17,diag3,gaussian_ar1,4.99611921195886,4.87532036002924,0.5195833831361933,0.46734618190505045,3.34127932577879,3.2866716567676137,1.6548398861800706,2021-10-28,6.0,0,True,False
2021-10-22,2021Q4,4,diag3,gaussian_ar1,1.181732442493244,1.1748045109950938,-0.32303282736892386,0.6764890807410827,7.0416786109130936,6.804809235885943,-5.8599461684198495,2022-01-28,6.0,0,True,False
2021-10-22,2022Q1,-10,diag3,gaussian_ar1,2.689682052886644,2.654145903352947,0.013816706297385212,0.9014367497354164,-1.0153057807451127,-1.0204951651818233,3.7049878336317565,2022-04-28,6.0,0,True,False
2021-10-29,2021Q4,5,diag3,gaussian_ar1,1.315515999689132,1.306938233986224,-0.29500638364856435,0.6743837544357062,7.0416786109130936,6.804809235885943,-5.726162611223962,2022-01-28,6.0,0,True,False
2021-10-29,2022Q1,-9,diag3,gaussian_ar1,2.576755838489153,2.544116980017743,-0.01235223514145141,0.9007073024159484,-1.0153057807451127,-1.0204951651818233,3.592061619234266,2022-04-28,6.0,0,True,False
2021-11-05,2021Q4,6,diag3,gaussian_ar1,3.1332057027320115,3.0851225951928036,0.11124953379079469,0.6317475061520295,7.0416786109130936,6.804809235885943,-3.908472908181082,2022-01-28,14.0,12,False,True
2021-11-05,2022Q1,-8,diag3,gaussian_ar1,2.9125603360939056,2.87095129216587,0.06231852241841329,0.9846572601090037,-1.0153057807451127,-1.0204951651818233,3.9278661168390183,2022-04-28,14.0,0,True,False
2021-11-12,2021Q4,7,diag3,gaussian_ar1,3.1134187179540307,3.065934901920954,0.10686578478042148,0.6315460422938671,7.0416786109130936,6.804809235885943,-3.928259892959063,2022-01-28,4.0,0,True,False
2021-11-12,2022Q1,-7,diag3,gaussian_ar1,2.941073466896138,2.898653626545694,0.0686475834056839,0.9846432772929958,-1.0153057807451127,-1.0204951651818233,3.9563792476412507,2022-04-28,4.0,0,True,False
2021-11-19,2021Q4,8,diag3,gaussian_ar1,6.9788342955675375,6.74608185849739,0.947656824659517,0.5468884639919321,7.0416786109130936,6.804809235885943,-0.06284431534555601,2022-01-28,11.0,0,True,False
2021-11-19,2022Q1,-6,diag3,gaussian_ar1,6.621624776915747,6.4116164241038,0.8712426097638681,0.9466538568819118,-1.0153057807451127,-1.0204951651818233,7.636930557660859,2022-04-28,11.0,0,True,False
2021-11-26,2021Q4,9,diag3,gaussian_ar1,6.961276267089045,6.7296678924844375,0.9439067799696144,0.5430948195524002,7.0416786109130936,6.804809235885943,-0.08040234382404865,2022-01-28,4.0,0,True,False
2021-11-26,2022Q1,-5,diag3,gaussian_ar1,6.615152744197861,6.4055461459884455,0.8698557533396041,0.946299335891666,-1.0153057807451127,-1.0204951651818233,7.6304585249429735,2022-04-28,4.0,0,True,False
2021-12-03,2021Q4,10,diag3,gaussian_ar1,7.160175807086078,6.915449929061105,0.9863517892497508,0.5217161175416521,7.0416786109130936,6.804809235885943,0.11849719617298415,2022-01-28,9.0,0,True,False
2021-12-03,2022Q1,-4,diag3,gaussian_ar1,6.889029532323732,6.662100313150065,0.928469837923281,0.9287775418255401,-1.0153057807451127,-1.0204951651818233,7.904335313068844,2022-04-28,9.0,0,True,False
2021-12-10,2021Q4,11,diag3,gaussian_ar1,7.403311335676355,7.1420827414700625,1.038129840578798,0.5108003677820672,7.0416786109130936,6.804809235885943,0.36163272476326114,2022-01-28,7.0,0,True,False
2021-12-10,2022Q1,-3,diag3,gaussian_ar1,4.723029162877057,4.614886150227214,0.46074956881196655,0.8866251518649125,-1.0153057807451127,-1.0204951651818233,5.73833494362217,2022-04-28,7.0,22,False,True
2021-12-17,2021Q4,12,diag3,gaussian_ar1,9.008783725504088,8.625827763193694,1.3771161730406367,0.599218260162079,7.0416786109130936,6.804809235885943,1.9671051145909946,2022-01-28,10.0,0,True,False
2021-12-17,2022Q1,-2,diag3,gaussian_ar1,5.670163601220457,5.515239269134375,0.6664502769729712,0.8600887350785873,-1.0153057807451127,-1.0204951651818233,6.68546938196557,2022-04-28,10.0,0,True,False
2021-12-24,2021Q4,13,diag3,gaussian_ar1,9.1198003624684,8.727617858255336,1.4003718204063837,0.5991436664582179,7.0416786109130936,6.804809235885943,2.0781217515553063,2022-01-28,2.0,0,True,False
2021-12-24,2022Q1,-1,diag3,gaussian_ar1,5.819737656874158,5.656687233980277,0.6987664270764453,0.8598128788992476,-1.0153057807451127,-1.0204951651818233,6.83504343761927,2022-04-28,2.0,0,True,False
2021-12-31,2021Q4,14,diag3,gaussian_ar1,8.17538437901144,7.858365342379112,1.2017765644655738,0.5730890814531819,7.0416786109130936,6.804809235885943,1.1337057680983467,2022-01-28,8.0,0,True,False
2021-12-31,2022Q1,0,diag3,gaussian_ar1,5.65130431137999,5.49739035858419,0.6623723952363789,0.8563246689684552,-1.0153057807451127,-1.0204951651818233,6.666610092125103,2022-04-28,8.0,0,True,False
2022-01-07,2021Q4,15,diag3,gaussian_ar1,8.510515058489009,8.16768952781289,1.2724468411146792,0.5637993410795217,7.0416786109130936,6.804809235885943,1.4688364475759155,2022-01-28,12.0,0,True,False
2022-01-07,2022Q1,1,diag3,gaussian_ar1,4.6305977369456075,4.526584425240554,0.4405755648793304,0.681434432898615,-1.0153057807451127,-1.0204951651818233,5.64590351769072,2022-04-28,12.0,25,False,True
2022-01-07,2022Q2,-11,diag3,gaussian_ar1,2.9746299358902606,2.9312460599897183,0.07609386920104363,0.7217338017196439,0.6276599617172085,0.625698380341202,2.346969974173052,2022-07-28,12.0,0,True,False
2022-01-14,2021Q4,16,diag3,gaussian_ar1,6.3871449780779965,6.19145657451784,0.8209434149063868,0.5345287110015444,7.0416786109130936,6.804809235885943,-0.654533632835097,2022-01-28,6.0,0,True,False
2022-01-14,2022Q1,2,diag3,gaussian_ar1,3.705329693923076,3.6383323239358774,0.23763953630684242,0.6701375909890624,-1.0153057807451127,-1.0204951651818233,4.720635474668189,2022-04-28,6.0,0,True,False
2022-01-14,2022Q2,-10,diag3,gaussian_ar1,2.7672904616885985,2.7296930230668934,0.03004571147671719,0.7208255310841111,0.6276599617172085,0.625698380341202,2.13963049997139,2022-07-28,6.0,0,True,False
2022-01-21,2021Q4,17,diag3,gaussian_ar1,6.398363958390374,6.202001447031813,0.823352567157922,0.5335744909854861,7.0416786109130936,6.804809235885943,-0.6433146525227196,2022-01-28,6.0,0,True,False
2022-01-21,2022Q1,3,diag3,gaussian_ar1,3.3572882631040857,3.302161785745331,0.16083576196928517,0.641198810844217,-1.0153057807451127,-1.0204951651818233,4.372594043849198,2022-04-28,6.0,0,True,False
2022-01-21,2022Q2,-9,diag3,gaussian_ar1,2.965869529036258,2.922738353266618,0.07415014150019214,0.7206672506312146,0.6276599617172085,0.625698380341202,2.3382095673190495,2022-07-28,6.0,0,True,False
2022-01-28,2022Q1,4,diag3,gaussian_ar1,3.5533680639654452,3.491692729234163,0.19769906465502596,0.6368792304419898,-1.0153057807451127,-1.0204951651818233,4.568673844710558,2022-04-28,6.0,0,True,False
2022-01-28,2022Q2,-8,diag3,gaussian_ar1,3.0282918205994713,2.9833442394382548,0.08152572656621485,0.71973431619901,0.6276599617172085,0.625698380341202,2.400631858882263,2022-07-28,6.0,0,True,False
2022-02-04,2022Q1,5,diag3,gaussian_ar1,4.018570853118564,3.939926310766035,0.30013428863093866,0.706963330708402,-1.0153057807451127,-1.0204951651818233,5.0338766338636765,2022-04-28,13.0,16,False,True
2022-02-04,2022Q2,-7,diag3,gaussian_ar1,3.0241656493822155,2.9793392678223145,0.08061046679675726,0.9252238737504703,0.6276599617172085,0.625698380341202,2.396505687665007,2022-07-28,13.0,0,True,False
2022-02-11,2022Q1,6,diag3,gaussian_ar1,5.155932628232218,5.027413518940715,0.5486587194859538,0.6709963547628331,-1.0153057807451127,-1.0204951651818233,6.171238408977331,2022-04-28,5.0,0,True,False
2022-02-11,2022Q2,-6,diag3,gaussian_ar1,2.9695008204714934,2.9262649853643117,0.06848135323867423,0.9250720892871853,0.6276599617172085,0.625698380341202,2.341840858754285,2022-07-28,5.0,0,True,False
2022-02-18,2022Q1,7,diag3,gaussian_ar1,4.9716530153961935,4.852015643868416,0.508574885167858,0.6231887899114459,-1.0153057807451127,-1.0204951651818233,5.986958796141306,2022-04-28,11.0,0,True,False
2022-02-18,2022Q2,-5,diag3,gaussian_ar1,3.054156168708455,3.00844521091558,0.08726207417878212,0.9091221860520251,0.6276599617172085,0.625698380341202,2.4264962069912466,2022-07-28,11.0,0,True,False
2022-02-25,2022Q1,8,diag3,gaussian_ar1,4.9716530153961935,4.852015643868416,0.508574885167858,0.6231887899114459,-1.0153057807451127,-1.0204951651818233,5.986958796141306,2022-04-28,0.0,0,True,False
2022-02-25,2022Q2,-4,diag3,gaussian_ar1,3.054156168708455,3.00844521091558,0.08726207417878212,0.9091221860520251,0.6276599617172085,0.625698380341202,2.4264962069912466,2022-07-28,0.0,0,True,False
2022-03-04,2022Q1,9,diag3,gaussian_ar1,4.559505500435623,4.458615397885351,0.41867077273671716,0.544758649397038,-1.0153057807451127,-1.0204951651818233,5.574811281180736,2022-04-28,12.0,16,False,True
2022-03-04,2022Q2,-3,diag3,gaussian_ar1,3.340393535555375,3.2858145026608527,0.1506495281639695,0.9517214796114346,0.6276599617172085,0.625698380341202,2.7127335738381664,2022-07-28,12.0,0,True,False
2022-03-11,2022Q1,10,diag3,gaussian_ar1,5.02994006528219,4.907526700263457,0.5212608768678377,0.5160689923975095,-1.0153057807451127,-1.0204951651818233,6.045245846027303,2022-04-28,8.0,0,True,False
2022-03-11,2022Q2,-2,diag3,gaussian_ar1,2.9114630276236397,2.869885033278939,0.055596792024231366,0.9485322029557278,0.6276599617172085,0.625698380341202,2.2838030659064312,2022-07-28,8.0,0,True,False
2022-03-18,2022Q1,11,diag3,gaussian_ar1,5.301428025720134,5.165679455769917,0.5802567585238467,0.48655276575121154,-1.0153057807451127,-1.0204951651818233,6.316733806465247,2022-04-28,12.0,0,True,False
2022-03-18,2022Q2,-1,diag3,gaussian_ar1,3.4896143797504386,3.4301077525520185,0.1836249944828913,0.9065373039585268,0.6276599617172085,0.625698380341202,2.86195441803323,2022-07-28,12.0,0,True,False
2022-03-25,2022Q1,12,diag3,gaussian_ar1,5.5221222523538005,5.3750434542009975,0.6281029015961399,0.4825035702657145,-1.0153057807451127,-1.0204951651818233,6.537428033098913,2022-04-28,0.0,0,True,False
2022-03-25,2022Q2,0,diag3,gaussian_ar1,4.006821386535209,3.928630125748077,0.2975527612977271,0.8941981303809481,0.6276599617172085,0.625698380341202,3.379161424818,2022-07-28,0.0,0,True,False
2022-04-01,2022Q1,13,diag3,gaussian_ar1,5.7825170779374435,5.621507477160359,0.6844275466786535,0.47256748157837986,-1.0153057807451127,-1.0204951651818233,6.797822858682556,2022-04-28,11.0,0,True,False
2022-04-01,2022Q2,1,diag3,gaussian_ar1,3.842657279382178,3.7706656772991844,0.2614530036628939,0.8696103755620089,0.6276599617172085,0.625698380341202,3.2149973176649693,2022-07-28,11.0,20,False,True
2022-04-01,2022Q3,-12,diag3,gaussian_ar1,3.0985230775380845,3.0514879787096554,0.09709867665836629,0.9503748306284557,2.9190173117406015,2.877225330117275,0.179505765797483,2022-10-28,11.0,0,True,False
2022-04-08,2022Q1,14,diag3,gaussian_ar1,5.810016108604632,5.647499916882007,0.6903676223317718,0.49708278169884057,-1.0153057807451127,-1.0204951651818233,6.825321889349745,2022-04-28,9.0,0,True,False
2022-04-08,2022Q2,2,diag3,gaussian_ar1,4.868487946305278,4.753688339159234,0.4861040576890012,0.8514846283766911,0.6276599617172085,0.625698380341202,4.240827984588069,2022-07-28,9.0,0,True,False
2022-04-08,2022Q3,-11,diag3,gaussian_ar1,3.158099351346233,3.109257057601221,0.1103006962725949,0.9502364992503597,2.9190173117406015,2.877225330117275,0.23908203960563146,2022-10-28,9.0,0,True,False
2022-04-15,2022Q1,15,diag3,gaussian_ar1,6.4153108511512125,6.2179279543973065,0.8207280553571702,0.49040698245374786,-1.0153057807451127,-1.0204951651818233,7.430616631896325,2022-04-28,6.0,0,True,False
2022-04-15,2022Q2,3,diag3,gaussian_ar1,7.39545740364822,7.1347699136752665,1.030254773833248,0.8183919642040086,0.6276599617172085,0.625698380341202,6.767797441931012,2022-07-28,6.0,0,True,False
2022-04-15,2022Q3,-10,diag3,gaussian_ar1,3.9756145084093975,3.8986209778835237,0.2906947437160765,0.9486503010992816,2.9190173117406015,2.877225330117275,1.056597196668796,2022-10-28,6.0,0,True,False
2022-04-22,2022Q1,16,diag3,gaussian_ar1,6.320016653865079,6.128338505594842,0.8002540979562198,0.49005149980389834,-1.0153057807451127,-1.0204951651818233,7.335322434610192,2022-04-28,6.0,0,True,False
2022-04-22,2022Q2,4,diag3,gaussian_ar1,9.327514614578437,8.9177912323097,1.4377302412088633,0.7861931902103687,0.6276599617172085,0.625698380341202,8.699854652861228,2022-07-28,6.0,0,True,False
2022-04-22,2022Q3,-9,diag3,gaussian_ar1,4.391147316365451,4.2974690044823785,0.38184384235651253,0.9471420389344848,2.9190173117406015,2.877225330117275,1.4721300046248498,2022-10-28,6.0,0,True,False
2022-04-29,2022Q2,5,diag3,gaussian_ar1,7.6166583677195865,7.340526730045592,1.0840061612598124,0.7561390415935023,0.6276599617172085,0.625698380341202,6.988998406002378,2022-07-28,6.0,0,True,False
2022-04-29,2022Q3,-8,diag3,gaussian_ar1,3.8003167778247304,3.7298836548526895,0.2579971702857954,0.9462754066206752,2.9190173117406015,2.877225330117275,0.8812994660841289,2022-10-28,6.0,0,True,False
2022-05-06,2022Q2,6,diag3,gaussian_ar1,6.60019209728957,6.39151277803929,0.8668996678756362,0.6462272109737959,0.6276599617172085,0.625698380341202,5.9725321355723615,2022-07-28,14.0,31,False,True
2022-05-06,2022Q3,-7,diag3,gaussian_ar1,3.7024236735013316,3.635530094631765,0.23641184948564176,0.996628217580364,2.9190173117406015,2.877225330117275,0.7834063617607301,2022-10-28,14.0,0,True,False
2022-05-13,2022Q2,7,diag3,gaussian_ar1,6.207113317729962,6.022090096959827,0.7823866186246906,0.6427236463259729,0.6276599617172085,0.625698380341202,5.5794533560127535,2022-07-28,6.0,0,True,False
2022-05-13,2022Q3,-6,diag3,gaussian_ar1,3.1873324196851183,3.1375911653966164,0.12249806073978708,0.993276351519604,2.9190173117406015,2.877225330117275,0.26831510794451674,2022-10-28,6.0,0,True,False
2022-05-20,2022Q2,8,diag3,gaussian_ar1,3.4163506975474656,3.359289412213139,0.17321610219112626,0.5551907883745724,0.6276599617172085,0.625698380341202,2.788690735830257,2022-07-28,9.0,0,True,False
2022-05-20,2022Q3,-5,diag3,gaussian_ar1,0.9627814063991158,0.9581762013275588,-0.3760880132349099,0.9636877374895256,2.9190173117406015,2.877225330117275,-1.9562359053414857,2022-10-28,9.0,0,True,False
2022-05-27,2022Q2,9,diag3,gaussian_ar1,3.3523855581041095,3.297418219650673,0.15906179220407468,0.5518213429266765,0.6276599617172085,0.625698380341202,2.724725596386901,2022-07-28,4.0,0,True,False
2022-05-27,2022Q3,-4,diag3,gaussian_ar1,0.9415338851660238,0.9371290817740674,-0.38090297545167795,0.9634465189525626,2.9190173117406015,2.877225330117275,-1.9774834265745778,2022-10-28,4.0,0,True,False
2022-06-03,2022Q2,10,diag3,gaussian_ar1,4.111150207621073,4.028889444081752,0.32640090477658057,0.5275177482362295,0.6276599617172085,0.625698380341202,3.483490245903864,2022-07-28,9.0,0,True,False
2022-06-03,2022Q3,-3,diag3,gaussian_ar1,1.9916471429826776,1.9720733187877033,-0.1441381590112341,0.9447136743306499,2.9190173117406015,2.877225330117275,-0.9273701687579239,2022-10-28,9.0,14,False,True
2022-06-10,2022Q2,11,diag3,gaussian_ar1,5.576366273165889,5.426435600478191,0.6461183807065338,0.5960198021107895,0.6276599617172085,0.625698380341202,4.948706311448681,2022-07-28,7.0,0,True,False
2022-06-10,2022Q3,-2,diag3,gaussian_ar1,2.0747293911801856,2.053500013571104,-0.12551012500297298,0.9437967549433559,2.9190173117406015,2.877225330117275,-0.8442879205604159,2022-10-28,7.0,0,True,False
2022-06-17,2022Q2,12,diag3,gaussian_ar1,5.080358408573948,4.955518963970372,0.5383864981432258,0.5709110595974095,0.6276599617172085,0.625698380341202,4.45269844685674,2022-07-28,10.0,0,True,False
2022-06-17,2022Q3,-1,diag3,gaussian_ar1,1.9789121942100696,1.959586272784072,-0.14699482804633512,0.8986497344948291,2.9190173117406015,2.877225330117275,-0.9401051175305319,2022-10-28,10.0,0,True,False
2022-06-24,2022Q2,13,diag3,gaussian_ar1,5.109347787036511,4.983102977641714,0.544696909564455,0.5696122963045124,0.6276599617172085,0.625698380341202,4.481687825319303,2022-07-28,2.0,0,True,False
2022-06-24,2022Q3,0,diag3,gaussian_ar1,2.037046967632894,2.0165766918033694,-0.13395709556240598,0.890344219791416,2.9190173117406015,2.877225330117275,-0.8819703441077076,2022-10-28,2.0,0,True,False
2022-07-01,2022Q2,14,diag3,gaussian_ar1,3.9614102436010157,3.884958894522081,0.2934738262655683,0.5069531390574823,0.6276599617172085,0.625698380341202,3.333750281883807,2022-07-28,11.0,12,False,True
2022-07-01,2022Q3,1,diag3,gaussian_ar1,0.3005505454046542,0.30009979518193,-0.5266365490231274,0.8510419384922271,2.9190173117406015,2.877225330117275,-2.6184667663359473,2022-10-28,11.0,0,True,False
2022-07-01,2022Q4,-13,diag3,gaussian_ar1,2.8273038621146718,2.78807335386107,0.04253866048295085,0.9922317180488244,2.7896792303830242,2.7514765401293477,0.03762463173164754,2023-01-28,11.0,0,True,False
2022-07-08,2022Q2,15,diag3,gaussian_ar1,4.778165892785613,4.667522347521368,0.4725013387400736,0.4944220821800262,0.6276599617172085,0.625698380341202,4.1505059310684045,2022-07-28,9.0,0,True,False
2022-07-08,2022Q3,2,diag3,gaussian_ar1,0.19790724353221378,0.19771166514700766,-0.5500599431987879,0.8451008858694761,2.9190173117406015,2.877225330117275,-2.7211100682083877,2022-10-28,9.0,0,True,False
2022-07-08,2022Q4,-12,diag3,gaussian_ar1,2.2639885350973277,2.2387406766785536,-0.08313250693487645,0.9882662147464403,2.7896792303830242,2.7514765401293477,-0.5256906952856966,2023-01-28,9.0,0,True,False
2022-07-15,2022Q2,16,diag3,gaussian_ar1,4.879686738122357,4.76436666028843,0.494656470500368,0.4934435132290659,0.6276599617172085,0.625698380341202,4.252026776405149,2022-07-28,6.0,0,True,False
2022-07-15,2022Q3,3,diag3,gaussian_ar1,0.7939830202011722,0.79084756076141,-0.4143678871179617,0.8267038677426998,2.9190173117406015,2.877225330117275,-2.1250342915394294,2022-10-28,6.0,0,True,False
2022-07-15,2022Q4,-11,diag3,gaussian_ar1,2.419851089251779,2.3910366122699482,-0.04829167402298004,0.9872090333337057,2.7896792303830242,2.7514765401293477,-0.3698281411312454,2023-01-28,6.0,0,True,False
2022-07-22,2022Q2,17,diag3,gaussian_ar1,4.598997165267749,4.496377826663621,0.433348503624438,0.4899104997632453,0.6276599617172085,0.625698380341202,3.97133720355054,2022-07-28,6.0,0,True,False
2022-07-22,2022Q3,4,diag3,gaussian_ar1,-0.3522347953654581,-0.3528566026980471,-0.6760137774366707,0.738974447206775,2.9190173117406015,2.877225330117275,-3.2712521071060596,2022-10-28,6.0,0,True,False
2022-07-22,2022Q4,-10,diag3,gaussian_ar1,2.1929551005505976,2.1692556925624737,-0.09902862860137551,0.9848031220222014,2.7896792303830242,2.7514765401293477,-0.5967241298324266,2023-01-28,6.0,0,True,False
2022-07-29,2022Q3,5,diag3,gaussian_ar1,-0.9896067022949429,-0.9945358558708852,-0.8219979674043227,0.729621964532487,2.9190173117406015,2.877225330117275,-3.9086240140355444,2022-10-28,6.0,0,True,False
2022-07-29,2022Q4,-9,diag3,gaussian_ar1,1.7326040495450723,1.7177656145953168,-0.19983708708772221,0.9831563251263665,2.7896792303830242,2.7514765401293477,-1.057075180837952,2023-01-28,6.0,0,True,False
2022-08-05,2022Q3,6,diag3,gaussian_ar1,1.8450006221916837,1.828186978721439,-0.17450809845628523,0.6699945993717272,2.9190173117406015,2.877225330117275,-1.0740166895489178,2022-10-28,14.0,30,False,True
2022-08-05,2022Q4,-8,diag3,gaussian_ar1,2.822048814560474,2.7829626666773377,0.04450298456371045,0.9978815814841564,2.7896792303830242,2.7514765401293477,0.03236958417744962,2023-01-28,14.0,0,True,False
2022-08-12,2022Q3,7,diag3,gaussian_ar1,1.9110756657592987,1.8930439852829528,-0.15963088339137024,0.669947187461319,2.9190173117406015,2.877225330117275,-1.0079416459813029,2022-10-28,4.0,0,True,False
2022-08-12,2022Q4,-7,diag3,gaussian_ar1,2.8098697727559907,2.7711171886966834,0.041785811311229736,0.9978777037503705,2.7896792303830242,2.7514765401293477,0.02019054237296647,2023-01-28,4.0,0,True,False
2022-08-19,2022Q3,8,diag3,gaussian_ar1,-0.9500727863050784,-0.9546147687870832,-0.8128406746204255,0.596616729454655,2.9190173117406015,2.877225330117275,-3.86909009804568,2022-10-28,11.0,0,True,False
2022-08-19,2022Q4,-6,diag3,gaussian_ar1,-0.24673628297550154,-0.2470411785708171,-0.6505340090188093,0.9787989795218334,2.7896792303830242,2.7514765401293477,-3.0364155133585258,2023-01-28,11.0,0,True,False
2022-08-26,2022Q3,9,diag3,gaussian_ar1,0.022681298539839467,0.022678726722192177,-0.5886643475732602,0.5774584068421937,2.9190173117406015,2.877225330117275,-2.896336013200762,2022-10-28,4.0,0,True,False
2022-08-26,2022Q4,-5,diag3,gaussian_ar1,0.6758718991957346,0.6735981245281488,-0.43935329569948156,0.9696896816998096,2.7896792303830242,2.7514765401293477,-2.1138073311872896,2023-01-28,4.0,0,True,False
2022-09-02,2022Q3,10,diag3,gaussian_ar1,1.074518836981575,1.0687869072122236,-0.348702973969682,0.639944907616156,2.9190173117406015,2.877225330117275,-1.8444984747590265,2022-10-28,8.0,12,False,True
2022-09-02,2022Q4,-4,diag3,gaussian_ar1,1.5235481117575667,1.512058668671674,-0.24702314511138823,1.0025068398571813,2.7896792303830242,2.7514765401293477,-1.2661311186254576,2023-01-28,8.0,0,True,False
2022-09-09,2022Q3,11,diag3,gaussian_ar1,1.4317558310044776,1.421603001607301,-0.26777230521147194,0.6177733301494305,2.9190173117406015,2.877225330117275,-1.487261480736124,2022-10-28,8.0,0,True,False
2022-09-09,2022Q4,-3,diag3,gaussian_ar1,1.4938052221855846,1.4827578337466307,-0.25374431289066274,1.0008525523252763,2.7896792303830242,2.7514765401293477,-1.2958740081974396,2023-01-28,8.0,0,True,False
2022-09-16,2022Q3,12,diag3,gaussian_ar1,1.4208151784683487,1.4108161996532753,-0.2702466342167812,0.6083555095618828,2.9190173117406015,2.877225330117275,-1.4982021332722528,2022-10-28,8.0,0,True,False
2022-09-16,2022Q4,-2,diag3,gaussian_ar1,1.55159027155356,1.539676190144231,-0.24068810394482673,0.9752265779732666,2.7896792303830242,2.7514765401293477,-1.2380889588294641,2023-01-28,8.0,0,True,False
2022-09-23,2022Q3,13,diag3,gaussian_ar1,1.0528889469059388,1.0473846734475476,-0.3536123222647606,0.5902860091847727,2.9190173117406015,2.877225330117275,-1.8661283648346627,2022-10-28,4.0,0,True,False
2022-09-23,2022Q4,-1,diag3,gaussian_ar1,0.683230914141042,0.680907468725422,-0.437676642838496,0.9414289041059568,2.7896792303830242,2.7514765401293477,-2.1064483162419823,2023-01-28,4.0,0,True,False
2022-09-30,2022Q3,14,diag3,gaussian_ar1,1.2857970025634158,1.277600815685746,-0.30080422579110794,0.5879288313732943,2.9190173117406015,2.877225330117275,-1.6332203091771857,2022-10-28,8.0,0,True,False
2022-09-30,2022Q4,0,diag3,gaussian_ar1,1.1948861972556735,1.187803794083588,-0.32140230259715136,0.9391115096356811,2.7896792303830242,2.7514765401293477,-1.5947930331273508,2023-01-28,8.0,0,True,False
2022-10-07,2022Q3,15,diag3,gaussian_ar1,1.1775623254842493,1.170683013127276,-0.32532955045933526,0.4842513826526398,2.9190173117406015,2.877225330117275,-1.7414549862563522,2022-10-28,12.0,17,False,True
2022-10-07,2022Q4,1,diag3,gaussian_ar1,0.7481162719238599,0.7453317611043928,-0.42289868585372725,0.8199164621826827,2.7896792303830242,2.7514765401293477,-2.0415629584591644,2023-01-28,12.0,0,True,False
2022-10-07,2023Q1,-12,diag3,gaussian_ar1,2.178409758283162,2.1550214652752566,-0.09953721705304813,1.0018251496472157,2.9269931752128775,2.884974679698935,-0.7485834169297156,2023-04-28,12.0,0,True,False
2022-10-14,2022Q3,16,diag3,gaussian_ar1,1.1694369362870383,1.1626518693680725,-0.32717177320838553,0.48325760708896337,2.9190173117406015,2.877225330117275,-1.7495803754535633,2022-10-28,6.0,0,True,False
2022-10-14,2022Q4,2,diag3,gaussian_ar1,0.719897782938328,0.7173188883886683,-0.42932441460799303,0.8073733497371594,2.7896792303830242,2.7514765401293477,-2.0697814474446963,2023-01-28,6.0,0,True,False
2022-10-14,2023Q1,-11,diag3,gaussian_ar1,2.169002166787104,2.1458140166326944,-0.1016492663275492,1.0007644330859518,2.9269931752128775,2.884974679698935,-0.7579910084257735,2023-04-28,6.0,0,True,False
2022-10-21,2022Q3,17,diag3,gaussian_ar1,1.4358417126310474,1.4256311280075697,-0.26684831402004033,0.4794394136039419,2.9190173117406015,2.877225330117275,-1.483175599109554,2022-10-28,6.0,0,True,False
2022-10-21,2022Q4,3,diag3,gaussian_ar1,0.7300205472757337,0.7273687950154102,-0.4270191182306996,0.709785241322637,2.7896792303830242,2.7514765401293477,-2.0596586831072905,2023-01-28,6.0,0,True,False
2022-10-21,2023Q1,-10,diag3,gaussian_ar1,2.089309770038761,2.0677830175156524,-0.11954839576845833,0.9929013339732146,2.9269931752128775,2.884974679698935,-0.8376834051741167,2023-04-28,6.0,0,True,False
2022-10-28,2022Q4,4,diag3,gaussian_ar1,0.9647215549253518,0.9600978301278318,-0.3753202260187256,0.7054079868442885,2.7896792303830242,2.7514765401293477,-1.8249576754576724,2023-01-28,6.0,0,True,False
2022-10-28,2023Q1,-9,diag3,gaussian_ar1,2.2353396573834505,2.2107221221390123,-0.08748909360012963,0.9920361088860015,2.9269931752128775,2.884974679698935,-0.691653517829427,2023-04-28,6.0,0,True,False
2022-11-04,2022Q4,5,diag3,gaussian_ar1,0.688961235858554,0.6865987428361928,-0.438266030376971,0.7703352341129159,2.7896792303830242,2.7514765401293477,-2.1007179945244703,2023-01-28,13.0,11,False,True
2022-11-04,2023Q1,-8,diag3,gaussian_ar1,2.9004183596290645,2.859152253489228,0.06174707604177833,0.9993595036764037,2.9269931752128775,2.884974679698935,-0.026574815583813027,2023-04-28,13.0,0,True,False
2022-11-11,2022Q4,6,diag3,gaussian_ar1,1.606871265319798,1.5940977433617936,-0.22940517051795545,0.7481711925096757,2.7896792303830242,2.7514765401293477,-1.1828079650632262,2023-01-28,5.0,0,True,False
2022-11-11,2023Q1,-7,diag3,gaussian_ar1,2.3723001482290895,2.3445983658919585,-0.05667748128018118,0.9942494129283552,2.9269931752128775,2.884974679698935,-0.554693026983788,2023-04-28,5.0,0,True,False
2022-11-18,2022Q4,7,diag3,gaussian_ar1,1.515060679337088,1.503698256358027,-0.25021060895423497,0.6930405449537177,2.7896792303830242,2.7514765401293477,-1.2746185510459362,2023-01-28,11.0,0,True,False
2022-11-18,2023Q1,-6,diag3,gaussian_ar1,2.4430539271099727,2.413688676054335,-0.040776349069476414,0.9880854886208696,2.9269931752128775,2.884974679698935,-0.4839392481029048,2023-04-28,11.0,0,True,False
2022-11-25,2022Q4,8,diag3,gaussian_ar1,1.2261229942767127,1.2186669909362793,-0.3158105436629345,0.6777092394427986,2.7896792303830242,2.7514765401293477,-1.5635562361063116,2023-01-28,0.0,0,True,False
2022-11-25,2023Q1,-5,diag3,gaussian_ar1,2.313999883425577,2.2876328861592676,-0.06978808423661441,0.9860059988116575,2.9269931752128775,2.884974679698935,-0.6129932917873004,2023-04-28,0.0,0,True,False
2022-12-02,2022Q4,9,diag3,gaussian_ar1,2.0114576220688463,1.9914950615805402,-0.13794419310557005,1.0129731068372576,2.7896792303830242,2.7514765401293477,-0.778221608314178,2023-01-28,11.0,31,False,True
2022-12-02,2023Q1,-4,diag3,gaussian_ar1,1.7498693091060558,1.7347353902397966,-0.1970374215303799,1.032348329093044,2.9269931752128775,2.884974679698935,-1.1771238661068217,2023-04-28,11.0,0,True,False
2022-12-09,2022Q4,10,diag3,gaussian_ar1,2.045006158139717,2.02437668243356,-0.13037648933846702,1.0129591509141938,2.7896792303830242,2.7514765401293477,-0.744673072243307,2023-01-28,9.0,0,True,False
2022-12-09,2023Q1,-3,diag3,gaussian_ar1,1.7943210520356079,1.7784131228809323,-0.1869849930529532,1.0323153953887967,2.9269931752128775,2.884974679698935,-1.1326721231772696,2023-04-28,9.0,0,True,False
2022-12-16,2022Q4,11,diag3,gaussian_ar1,2.0491213402584085,2.0284093140135946,-0.12944837933634823,1.01295458947974,2.7896792303830242,2.7514765401293477,-0.7405578901246157,2023-01-28,8.0,0,True,False
2022-12-16,2023Q1,-2,diag3,gaussian_ar1,1.7833546181308835,1.7676394131612916,-0.18946456192808403,1.032272294264633,2.9269931752128775,2.884974679698935,-1.143638557081994,2023-04-28,8.0,0,True,False
2022-12-23,2022Q4,12,diag3,gaussian_ar1,2.0031806906924077,1.9833810052074954,-0.1398116428658862,1.0128796713484387,2.7896792303830242,2.7514765401293477,-0.7864985396906166,2023-01-28,4.0,0,True,False
2022-12-23,2023Q1,-1,diag3,gaussian_ar1,1.5321564534642285,1.520537466871655,-0.24633506530604768,1.0299749827900082,2.9269931752128775,2.884974679698935,-1.394836721748649,2023-04-28,4.0,0,True,False
2022-12-30,2022Q4,13,diag3,gaussian_ar1,2.007568702132101,1.987682750535543,-0.13882159634507443,1.0128757008574116,2.7896792303830242,2.7514765401293477,-0.7821105282509233,2023-01-28,8.0,0,True,False
2022-12-30,2023Q1,0,diag3,gaussian_ar1,1.5425774983794271,1.5308007278116629,-0.2439729761977996,1.0299692285167263,2.9269931752128775,2.884974679698935,-1.3844156768334503,2023-04-28,8.0,0,True,False
2023-01-06,2022Q4,14,diag3,gaussian_ar1,2.1875899810732458,2.164005565182241,-0.09824090737622496,0.5562216685705478,2.7896792303830242,2.7514765401293477,-0.6020892493097785,2023-01-28,10.0,68,False,True
2023-01-06,2023Q1,1,diag3,gaussian_ar1,1.290140794567196,1.2818893724133504,-0.3012599150121173,0.833985095084045,2.9269931752128775,2.884974679698935,-1.6368523806456814,2023-04-28,10.0,0,True,False
2023-01-06,2023Q2,-12,diag3,gaussian_ar1,2.203339651168057,2.179416885199564,-0.0946939926705159,0.9147792260963553,2.5352403907615395,2.503636219206331,-0.33190073959348254,2023-07-28,10.0,0,True,False
2023-01-13,2022Q4,15,diag3,gaussian_ar1,2.139448303648961,2.1168833842714423,-0.10908607548964583,0.5561642264477635,2.7896792303830242,2.7514765401293477,-0.6502309267340634,2023-01-28,6.0,0,True,False
2023-01-13,2023Q1,2,diag3,gaussian_ar1,0.5072776575819615,0.5059953392538534,-0.47983189672373844,0.826935705616748,2.9269931752128775,2.884974679698935,-2.419715517630916,2023-04-28,6.0,0,True,False
2023-01-13,2023Q2,-11,diag3,gaussian_ar1,2.288132234082152,2.2623470797861382,-0.07560761159505958,0.9146980389509438,2.5352403907615395,2.503636219206331,-0.24710815667938757,2023-07-28,6.0,0,True,False
2023-01-20,2022Q4,16,diag3,gaussian_ar1,1.9761355684173365,1.9568634906579458,-0.14591464781347857,0.5560366913082831,2.7896792303830242,2.7514765401293477,-0.8135436619656877,2023-01-28,8.0,0,True,False
2023-01-20,2023Q1,3,diag3,gaussian_ar1,-0.7448947328657529,-0.7476829283912916,-0.7683659015163303,0.8017264482345403,2.9269931752128775,2.884974679698935,-3.6718879080786304,2023-04-28,8.0,0,True,False
2023-01-20,2023Q2,-10,diag3,gaussian_ar1,2.8395118355570403,2.7999449563996617,0.048120518907398185,0.9065276471157974,2.5352403907615395,2.503636219206331,0.30427144479550083,2023-07-28,8.0,0,True,False
2023-01-27,2022Q4,17,diag3,gaussian_ar1,1.998760605655736,1.9790476297412978,-0.14080896906176937,0.5560003335098543,2.7896792303830242,2.7514765401293477,-0.7909186247272881,2023-01-28,4.0,0,True,False
2023-01-27,2023Q1,4,diag3,gaussian_ar1,-0.7060759131526817,-0.708580425262467,-0.7593664619341424,0.8016483105586609,2.9269931752128775,2.884974679698935,-3.633069088365559,2023-04-28,4.0,0,True,False
2023-01-27,2023Q2,-9,diag3,gaussian_ar1,2.850408372965374,2.8105400671444873,0.05055898323538546,0.9065225596140982,2.5352403907615395,2.503636219206331,0.31516798220383446,2023-07-28,4.0,0,True,False
2023-02-03,2023Q1,5,diag3,gaussian_ar1,-3.2311075921094945,-3.284460277518317,-1.3569428368292922,0.638966602641012,2.9269931752128775,2.884974679698935,-6.158100767322372,2023-04-28,12.0,27,False,True
2023-02-03,2023Q2,-8,diag3,gaussian_ar1,-0.6770446772577432,-0.6793470225547207,-0.7553836081147385,0.8424114636245549,2.5352403907615395,2.503636219206331,-3.2122850680192827,2023-07-28,12.0,0,True,False
2023-02-10,2023Q1,6,diag3,gaussian_ar1,-2.1332123159055194,-2.1562941362506143,-1.0964325682220424,0.6028024688544426,2.9269931752128775,2.884974679698935,-5.060205491118397,2023-04-28,7.0,0,True,False
2023-02-10,2023Q2,-7,diag3,gaussian_ar1,-2.013989491484769,-2.03454674203679,-1.0683192919866495,0.8044535128987715,2.5352403907615395,2.503636219206331,-4.549229882246308,2023-07-28,7.0,0,True,False
2023-02-17,2023Q1,7,diag3,gaussian_ar1,-0.6328415418893618,-0.6348524724671365,-0.7451091575964396,0.5609506350206541,2.9269931752128775,2.884974679698935,-3.5598347171022393,2023-04-28,10.0,0,True,False
2023-02-17,2023Q2,-6,diag3,gaussian_ar1,-0.39032044574403013,-0.3910841839946606,-0.6888194499151439,0.7927061950217629,2.5352403907615395,2.503636219206331,-2.9255608365055696,2023-07-28,10.0,0,True,False
2023-02-24,2023Q1,8,diag3,gaussian_ar1,-0.40768991849049474,-0.40852323952040503,-0.6928463860844598,0.5602007923217003,2.9269931752128775,2.884974679698935,-3.3346830937033722,2023-04-28,2.0,0,True,False
2023-02-24,2023Q2,-5,diag3,gaussian_ar1,-0.28284943323947376,-0.2832502081536692,-0.6639189880206237,0.7925862168082829,2.5352403907615395,2.503636219206331,-2.8180898240010133,2023-07-28,2.0,0,True,False
2023-03-03,2023Q1,9,diag3,gaussian_ar1,2.087543253299118,2.066052638470682,-0.12143017079183155,0.5480789155266629,2.9269931752128775,2.884974679698935,-0.8394499219137597,2023-04-28,12.0,36,True,True
2023-03-03,2023Q2,-4,diag3,gaussian_ar1,3.189808859965626,3.139991082621245,0.12655811951347726,0.950072153625106,2.5352403907615395,2.503636219206331,0.6545684692040865,2023-07-28,12.0,0,True,False
2023-03-10,2023Q1,10,diag3,gaussian_ar1,2.260962533492328,2.2357816229402143,-0.08223723482505224,0.5403122379844648,2.9269931752128775,2.884974679698935,-0.6660306417205497,2023-04-28,8.0,0,True,False
2023-03-10,2023Q2,-3,diag3,gaussian_ar1,3.2370832534764027,3.1857936365939654,0.13713460749859233,0.9499398914477809,2.5352403907615395,2.503636219206331,0.7018428627148632,2023-07-28,8.0,0,True,False
2023-03-17,2023Q1,11,diag3,gaussian_ar1,2.033534916095703,2.0131346949166766,-0.1336497076003964,0.5087812272673612,2.9269931752128775,2.884974679698935,-0.8934582591171747,2023-04-28,10.0,0,True,False
2023-03-17,2023Q2,-2,diag3,gaussian_ar1,2.4397026166801616,2.410417233902091,-0.04191128614080236,0.8996270076045012,2.5352403907615395,2.503636219206331,-0.09553777408137787,2023-07-28,10.0,0,True,False
2023-03-24,2023Q1,12,diag3,gaussian_ar1,1.844963053734472,1.828150090838972,-0.176365392049442,0.5057478027897525,2.9269931752128775,2.884974679698935,-1.0820301214784056,2023-04-28,2.0,0,True,False
2023-03-24,2023Q2,-1,diag3,gaussian_ar1,1.7867371140935173,1.7709625889128677,-0.18957083311241033,0.8761846612658336,2.5352403907615395,2.503636219206331,-0.7485032766680222,2023-07-28,2.0,0,True,False
2023-03-31,2023Q1,13,diag3,gaussian_ar1,1.586247701318766,1.5737982724183606,-0.23509899352328092,0.5046953726618298,2.9269931752128775,2.884974679698935,-1.3407454738941116,2023-04-28,8.0,0,True,False
2023-03-31,2023Q2,0,diag3,gaussian_ar1,1.5474076085555177,1.5355573485524179,-0.24392938913940165,0.8752063505151804,2.5352403907615395,2.503636219206331,-0.9878327822060218,2023-07-28,8.0,0,True,False
2023-04-07,2023Q1,14,diag3,gaussian_ar1,1.3808078190715056,1.371361525351842,-0.28184463623067246,0.49616388471064926,2.9269931752128775,2.884974679698935,-1.5461853561413719,2023-04-28,12.0,12,False,True
2023-04-07,2023Q2,1,diag3,gaussian_ar1,0.48002715570507615,0.47887869915642645,-0.48793213724206386,0.8365085739146925,2.5352403907615395,2.503636219206331,-2.0552132350564634,2023-07-28,12.0,0,True,False
2023-04-07,2023Q3,-12,diag3,gaussian_ar1,2.220742944551235,2.1964435419459067,-0.0913209802695,1.0073147427266582,4.694888429547928,4.5880109584365245,-2.4741454849966926,2023-10-28,12.0,0,True,False
2023-04-14,2023Q1,15,diag3,gaussian_ar1,1.2749750908540358,1.2669157145105956,-0.30596272065268904,0.4955760008720467,2.9269931752128775,2.884974679698935,-1.6520180843588417,2023-04-28,6.0,0,True,False
2023-04-14,2023Q2,2,diag3,gaussian_ar1,-0.259630608228667,-0.2599682330037658,-0.658542835184488,0.8270872884081031,2.5352403907615395,2.503636219206331,-2.7948709989902065,2023-07-28,6.0,0,True,False
2023-04-14,2023Q3,-11,diag3,gaussian_ar1,1.885859821631719,1.8682979367754595,-0.16709465988833994,1.005985334017896,4.694888429547928,4.5880109584365245,-2.8090286079162086,2023-10-28,6.0,0,True,False
2023-04-21,2023Q1,16,diag3,gaussian_ar1,1.9113216803562594,1.8932853862282495,-0.16132468777993958,0.4913485926420267,2.9269931752128775,2.884974679698935,-1.0156714948566181,2023-04-28,6.0,0,True,False
2023-04-21,2023Q2,3,diag3,gaussian_ar1,2.199895015943465,2.176046453972744,-0.09603096993531604,0.7189698273824083,2.5352403907615395,2.503636219206331,-0.3353453748180746,2023-07-28,6.0,0,True,False
2023-04-21,2023Q3,-10,diag3,gaussian_ar1,2.364907826543572,2.3373770876867574,-0.05877733752600709,0.9999188999698457,4.694888429547928,4.5880109584365245,-2.3299806030043557,2023-10-28,6.0,0,True,False
2023-04-28,2023Q2,4,diag3,gaussian_ar1,2.2294805814509155,2.2049909886097487,-0.09008501142029553,0.7173248897330923,2.5352403907615395,2.503636219206331,-0.30575980931062396,2023-07-28,6.0,0,True,False
2023-04-28,2023Q3,-9,diag3,gaussian_ar1,2.4413142180836678,2.4119904410527,-0.04212848045978031,0.9991455665863558,4.694888429547928,4.5880109584365245,-2.25357421146426,2023-10-28,6.0,0,True,False
2023-05-05,2023Q2,5,diag3,gaussian_ar1,3.023092821244777,2.978297926000627,0.08907062231350564,0.6634620066313203,2.5352403907615395,2.503636219206331,0.4878524304832377,2023-07-28,14.0,12,False,True
2023-05-05,2023Q3,-8,diag3,gaussian_ar1,2.717048347946305,2.680791861027445,0.02014600127007815,0.9952443314357915,4.694888429547928,4.5880109584365245,-1.9778400816016228,2023-10-28,14.0,0,True,False
2023-05-12,2023Q2,6,diag3,gaussian_ar1,3.0364745306169505,2.991286121174439,0.09207965821492092,0.6634318990465239,2.5352403907615395,2.503636219206331,0.501234139855411,2023-07-28,4.0,0,True,False
2023-05-12,2023Q3,-7,diag3,gaussian_ar1,2.71307407772714,2.676922642460327,0.01924960131434338,0.9952430798445505,4.694888429547928,4.5880109584365245,-1.9818143518207876,2023-10-28,4.0,0,True,False
2023-05-19,2023Q2,7,diag3,gaussian_ar1,1.446006980936776,1.4356520030929383,-0.26832137119151944,0.585478560326327,2.5352403907615395,2.503636219206331,-1.0892334098247636,2023-07-28,11.0,0,True,False
2023-05-19,2023Q3,-6,diag3,gaussian_ar1,1.07465592998226,1.0689225426911777,-0.35328329990356266,0.9759553826984302,4.694888429547928,4.5880109584365245,-3.6202324995656676,2023-10-28,11.0,0,True,False
2023-05-26,2023Q2,8,diag3,gaussian_ar1,2.2239215510107435,2.19955304491836,-0.09134484526004685,0.5683525413926339,2.5352403907615395,2.503636219206331,-0.311318839750796,2023-07-28,4.0,0,True,False
2023-05-26,2023Q3,-5,diag3,gaussian_ar1,1.920028599001533,1.9018286438170797,-0.1603200492550878,0.9658731017897422,4.694888429547928,4.5880109584365245,-2.7748598305463945,2023-10-28,4.0,0,True,False
2023-06-02,2023Q2,9,diag3,gaussian_ar1,1.785223574717243,1.7694756067457895,-0.19098289616178118,0.6632173346668926,2.5352403907615395,2.503636219206331,-0.7500168160442966,2023-07-28,8.0,31,False,True
2023-06-02,2023Q3,-4,diag3,gaussian_ar1,2.3503779961165927,2.32318192840201,-0.06270316380423932,0.9134017487715739,4.694888429547928,4.5880109584365245,-2.344510433431335,2023-10-28,8.0,0,True,False
2023-06-09,2023Q2,10,diag3,gaussian_ar1,2.4329292128157265,2.4038049267272332,-0.044024856834424114,0.6131129988953585,2.5352403907615395,2.503636219206331,-0.10231117794581301,2023-07-28,8.0,0,True,False
2023-06-09,2023Q3,-3,diag3,gaussian_ar1,2.5608075378306783,2.5285680962071844,-0.015120390038569858,0.908943457285528,4.694888429547928,4.5880109584365245,-2.1340808917172494,2023-10-28,8.0,0,True,False
2023-06-16,2023Q2,11,diag3,gaussian_ar1,2.427097904260944,2.398111958080865,-0.045343773497848794,0.6059755710902808,2.5352403907615395,2.503636219206331,-0.10814248650059533,2023-07-28,8.0,0,True,False
2023-06-16,2023Q3,-2,diag3,gaussian_ar1,2.064354694875292,2.0433356725677427,-0.1275364542971159,0.888387586971421,4.694888429547928,4.5880109584365245,-2.6305337346726354,2023-10-28,8.0,0,True,False
2023-06-23,2023Q2,12,diag3,gaussian_ar1,2.1701687732633923,2.146955850056921,-0.10353028330850747,0.6013469636422942,2.5352403907615395,2.503636219206331,-0.3650716174981472,2023-07-28,4.0,0,True,False
2023-06-23,2023Q3,-1,diag3,gaussian_ar1,1.9989970514763478,1.979279441917389,-0.14237666074280309,0.8833812717490508,4.694888429547928,4.5880109584365245,-2.69589137807158,2023-10-28,4.0,0,True,False
2023-06-30,2023Q2,13,diag3,gaussian_ar1,2.3844153511191513,2.3564321197931783,-0.05499993650544702,0.5977397215230352,2.5352403907615395,2.503636219206331,-0.15082503964238825,2023-07-28,8.0,0,True,False
2023-06-30,2023Q3,0,diag3,gaussian_ar1,2.3034566481716423,2.277327572583407,-0.07332645680592179,0.8813036390158245,4.694888429547928,4.5880109584365245,-2.3914317813762853,2023-10-28,8.0,0,True,False
2023-07-07,2023Q2,14,diag3,gaussian_ar1,2.268949622179628,2.243591814229285,-0.08114217767325986,0.47178575189976324,2.5352403907615395,2.503636219206331,-0.2662907685819116,2023-07-28,12.0,14,False,True
2023-07-07,2023Q3,1,diag3,gaussian_ar1,1.5825011801342992,1.57011018435804,-0.23717081568697512,0.833215327174477,4.694888429547928,4.5880109584365245,-3.1123872494136284,2023-10-28,12.0,0,True,False
2023-07-07,2023Q4,-12,diag3,gaussian_ar1,2.523187882164213,2.4918810246379066,-0.02361985543714417,0.9441438653516407,3.4192155752948095,3.3620596105877665,-0.8960276931305966,2024-01-28,12.0,0,True,False
2023-07-14,2023Q2,15,diag3,gaussian_ar1,2.2852892484255483,2.2595676516119614,-0.07744098073278184,0.4708522766998513,2.5352403907615395,2.503636219206331,-0.24995114233599125,2023-07-28,6.0,0,True,False
2023-07-14,2023Q3,2,diag3,gaussian_ar1,1.7317939775165048,1.7169693357018803,-0.20314726946432585,0.8174204593623711,4.694888429547928,4.5880109584365245,-2.963094452031423,2023-10-28,6.0,0,True,False
2023-07-14,2023Q4,-11,diag3,gaussian_ar1,2.528814912365518,2.497369417948903,-0.022348333698144398,0.9441255820672887,3.4192155752948095,3.3620596105877665,-0.8904006629292915,2024-01-28,6.0,0,True,False
2023-07-21,2023Q2,16,diag3,gaussian_ar1,1.7779038776900569,1.7622840321989268,-0.19264900186081202,0.4678675806068133,2.5352403907615395,2.503636219206331,-0.7573365130714826,2023-07-28,6.0,0,True,False
2023-07-21,2023Q3,3,diag3,gaussian_ar1,-1.547242015038286,-1.559336722767755,-0.9621844121950507,0.733570602195782,4.694888429547928,4.5880109584365245,-6.242130444586214,2023-10-28,6.0,0,True,False
2023-07-21,2023Q4,-10,diag3,gaussian_ar1,2.7090343785616477,2.672989570994589,0.01833840825904491,0.9428833713085996,3.4192155752948095,3.3620596105877665,-0.7101811967331617,2024-01-28,6.0,0,True,False
2023-07-28,2023Q3,4,diag3,gaussian_ar1,-0.9756519586566426,-0.9804426280190084,-0.8306514350397634,0.7275154622066076,4.694888429547928,4.5880109584365245,-5.67054038820457,2023-10-28,6.0,0,True,False
2023-07-28,2023Q4,-9,diag3,gaussian_ar1,2.781786347684112,2.7437975729335906,0.034993014472326195,0.94229405042394,3.4192155752948095,3.3620596105877665,-0.6374292276106974,2024-01-28,6.0,0,True,False
2023-08-04,2023Q3,5,diag3,gaussian_ar1,-1.5002798020072206,-1.5116478443597696,-0.9541222162637109,0.6627855249836444,4.694888429547928,4.5880109584365245,-6.195168231555148,2023-10-28,13.0,34,False,True
2023-08-04,2023Q4,-8,diag3,gaussian_ar1,1.6823468863088387,1.6683521727341077,-0.21497833302504193,0.992088103095971,3.4192155752948095,3.3620596105877665,-1.7368686889859708,2024-01-28,13.0,0,True,False
2023-08-11,2023Q3,6,diag3,gaussian_ar1,-0.8471027937043463,-0.8507111012526796,-0.8004972639840734,0.6541618345070411,4.694888429547928,4.5880109584365245,-5.541991223252274,2023-10-28,5.0,0,True,False
2023-08-11,2023Q4,-7,diag3,gaussian_ar1,1.4970644751347795,1.4859690648274526,-0.25737058393404016,0.9916854594044581,3.4192155752948095,3.3620596105877665,-1.92215110016003,2024-01-28,5.0,0,True,False
2023-08-18,2023Q3,7,diag3,gaussian_ar1,1.5737005223178668,1.5614462521244215,-0.23982703015582424,0.5804710004594613,4.694888429547928,4.5880109584365245,-3.121187907230061,2023-10-28,11.0,0,True,False
2023-08-18,2023Q4,-6,diag3,gaussian_ar1,2.0639237936536103,2.0429134858674254,-0.127917105977205,0.9706144612942865,3.4192155752948095,3.3620596105877665,-1.3552917816411991,2024-01-28,11.0,0,True,False
2023-08-25,2023Q3,8,diag3,gaussian_ar1,2.6896790642014556,2.6541429929483367,0.014154135842069773,0.5660577206008716,4.694888429547928,4.5880109584365245,-2.005209365346472,2023-10-28,0.0,0,True,False
2023-08-25,2023Q4,-5,diag3,gaussian_ar1,3.3223031502254363,3.268307341798,0.15690753814247224,0.9598505858612424,3.4192155752948095,3.3620596105877665,-0.09691242506937314,2024-01-28,0.0,0,True,False
2023-09-01,2023Q3,9,diag3,gaussian_ar1,3.0348522504331177,2.989711637029358,0.09215209475587274,0.5376052884649075,4.694888429547928,4.5880109584365245,-1.66003617911481,2023-10-28,11.0,11,False,True
2023-09-01,2023Q4,-4,diag3,gaussian_ar1,3.2323521028567503,3.1812107300612853,0.13666322132802183,0.8131126500200389,3.4192155752948095,3.3620596105877665,-0.18686347243805912,2024-01-28,11.0,0,True,False
2023-09-08,2023Q3,10,diag3,gaussian_ar1,2.906140728162643,2.8647131729860593,0.06309805399638005,0.5265216742932245,4.694888429547928,4.5880109584365245,-1.7887477013852848,2023-10-28,9.0,0,True,False
2023-09-08,2023Q4,-3,diag3,gaussian_ar1,3.2904809889471087,3.2375036704157827,0.14974768117358217,0.8124004843637621,3.4192155752948095,3.3620596105877665,-0.12873458634770074,2024-01-28,9.0,0,True,False
2023-09-15,2023Q3,11,diag3,gaussian_ar1,2.9334864221543855,2.891283075517657,0.06927383413125744,0.5234018361191164,4.694888429547928,4.5880109584365245,-1.7614020073935421,2023-10-28,6.0,0,True,False
2023-09-15,2023Q4,-2,diag3,gaussian_ar1,3.1704623351610284,3.1212408408724537,0.12272410921036399,0.8110234852368068,3.4192155752948095,3.3620596105877665,-0.24875324013378108,2024-01-28,6.0,0,True,False
2023-09-22,2023Q3,12,diag3,gaussian_ar1,1.7760918704237127,1.7605036620718417,-0.19355908481460748,0.49734281332369595,4.694888429547928,4.5880109584365245,-2.918796559124215,2023-10-28,6.0,0,True,False
2023-09-22,2023Q4,-1,diag3,gaussian_ar1,1.567524466375536,1.5553656981210888,-0.24124036483321618,0.7762557594786704,3.4192155752948095,3.3620596105877665,-1.8516911089192734,2024-01-28,6.0,0,True,False
2023-09-29,2023Q3,13,diag3,gaussian_ar1,1.65165083037222,1.6381594292534225,-0.22199618885585337,0.49587947881906513,4.694888429547928,4.5880109584365245,-3.0432375991757077,2023-10-28,4.0,0,True,False
2023-09-29,2023Q4,0,diag3,gaussian_ar1,1.4809519079514777,1.4700928950783783,-0.2610607643416526,0.7757725749187817,3.4192155752948095,3.3620596105877665,-1.9382636673433318,2024-01-28,4.0,0,True,False
2023-10-06,2023Q3,14,diag3,gaussian_ar1,2.295234972546001,2.2692906926161522,-0.07529907868993113,0.6335635489522335,4.694888429547928,4.5880109584365245,-2.399653457001927,2023-10-28,13.0,22,False,True
2023-10-06,2023Q4,1,diag3,gaussian_ar1,2.799780871217128,2.7613035427755226,0.039062017761404666,0.9223284623993251,3.4192155752948095,3.3620596105877665,-0.6194347040776815,2024-01-28,13.0,0,True,False
2023-10-06,2024Q1,-12,diag3,gaussian_ar1,2.6885086068499264,2.6530031860732213,0.01388920462342633,0.9754489694850786,0.8420915771010673,0.8385657658582282,1.8464170297488591,2024-04-28,13.0,0,True,False
2023-10-13,2023Q3,15,diag3,gaussian_ar1,2.3131004708811798,2.2867538114493637,-0.0712400354828703,0.6320257345404742,4.694888429547928,4.5880109584365245,-2.381787958666748,2023-10-28,6.0,0,True,False
2023-10-13,2023Q4,2,diag3,gaussian_ar1,2.837240268549346,2.797736085455774,0.047530222455802504,0.9121683700099564,3.4192155752948095,3.3620596105877665,-0.5819753067454636,2024-01-28,6.0,0,True,False
2023-10-13,2024Q1,-11,diag3,gaussian_ar1,2.693140534002736,2.657513742077582,0.014937616529938079,0.9752820334180887,0.8420915771010673,0.8385657658582282,1.8510489569016686,2024-04-28,6.0,0,True,False
2023-10-20,2023Q3,16,diag3,gaussian_ar1,2.3016954818734003,2.275606045749938,-0.07383116843388157,0.6304214963621918,4.694888429547928,4.5880109584365245,-2.3931929476745273,2023-10-28,9.0,0,True,False
2023-10-20,2023Q4,3,diag3,gaussian_ar1,2.29538203503159,2.2694344553045145,-0.07526566318327396,0.8652865715040445,3.4192155752948095,3.3620596105877665,-1.1238335402632194,2024-01-28,9.0,0,True,False
2023-10-20,2024Q1,-10,diag3,gaussian_ar1,2.8135612149732037,2.7747076766093355,0.04217761005074988,0.9745567904608144,0.8420915771010673,0.8385657658582282,1.9714696378721364,2024-04-28,9.0,0,True,False
2023-10-27,2023Q3,17,diag3,gaussian_ar1,2.305905790221008,2.2797215412858076,-0.0728745824793274,0.6300867210317365,4.694888429547928,4.5880109584365245,-2.38898263932692,2023-10-28,4.0,0,True,False
2023-10-27,2023Q4,4,diag3,gaussian_ar1,2.289494248815238,2.2636786180941466,-0.07660352225374305,0.8622983193519448,3.4192155752948095,3.3620596105877665,-1.1297213264795714,2024-01-28,4.0,0,True,False
2023-10-27,2024Q1,-9,diag3,gaussian_ar1,2.813994469279324,2.775129073736482,0.042275557568759434,0.9745509485612872,0.8420915771010673,0.8385657658582282,1.9719028921782566,2024-04-28,4.0,0,True,False
2023-11-03,2023Q4,5,diag3,gaussian_ar1,1.170952588441665,1.1641499905866932,-0.3360230310628186,0.8264793757303207,3.4192155752948095,3.3620596105877665,-2.2482629868531445,2024-01-28,12.0,0,True,False
2023-11-03,2024Q1,-8,diag3,gaussian_ar1,2.2698011800337925,2.244424475865104,-0.0842856535628494,0.9933785485847239,0.8420915771010673,0.8385657658582282,1.4277096029327252,2024-04-28,12.0,24,False,True
2023-11-10,2023Q4,6,diag3,gaussian_ar1,1.2155728897021767,1.208244133591588,-0.32574773152142467,0.6483142329073788,3.4192155752948095,3.3620596105877665,-2.2036426855926328,2024-01-28,7.0,0,True,False
2023-11-10,2024Q1,-7,diag3,gaussian_ar1,2.1583996014418183,2.135436000504613,-0.10968334029790089,0.9927211616225963,0.8420915771010673,0.8385657658582282,1.316308024340751,2024-04-28,7.0,0,True,False
2023-11-17,2023Q4,7,diag3,gaussian_ar1,0.34602397612955027,0.34542669060678133,-0.5268108903002292,0.573333073064057,3.4192155752948095,3.3620596105877665,-3.073191599165259,2024-01-28,10.0,0,True,False
2023-11-17,2024Q1,-6,diag3,gaussian_ar1,1.3084143396213888,1.2999285386765418,-0.3043824285282852,0.9718867288318287,0.8420915771010673,0.8385657658582282,0.46632276252032145,2024-04-28,10.0,0,True,False
2023-11-24,2023Q4,8,diag3,gaussian_ar1,0.7383387996104718,0.7356264215394255,-0.4358822806692594,0.5577630007134682,3.4192155752948095,3.3620596105877665,-2.6808767756843377,2024-01-28,2.0,0,True,False
2023-11-24,2024Q1,-5,diag3,gaussian_ar1,1.8110789709402386,1.7948742962491882,-0.18904475397054324,0.9600731509506771,0.8420915771010673,0.8385657658582282,0.9689873938391713,2024-04-28,2.0,0,True,False
2023-12-01,2023Q4,9,diag3,gaussian_ar1,0.6499380309325398,0.6478350408821549,-0.4563403885251226,0.5354871520302533,3.4192155752948095,3.3620596105877665,-2.7692775443622697,2024-01-28,11.0,14,False,True
2023-12-01,2024Q1,-4,diag3,gaussian_ar1,1.6389970550655386,1.6257104794816164,-0.22846515700818304,0.9425975377741509,0.8420915771010673,0.8385657658582282,0.7969054779644713,2024-04-28,11.0,0,True,False
2023-12-08,2023Q4,10,diag3,gaussian_ar1,1.0783134213431689,1.0725410810416596,-0.357370741259413,0.5232577073940555,3.4192155752948095,3.3620596105877665,-2.3409021539516406,2024-01-28,9.0,0,True,False
2023-12-08,2024Q1,-3,diag3,gaussian_ar1,1.7396027590633079,1.7246448927343392,-0.2054103778051734,0.9403672123432989,0.8420915771010673,0.8385657658582282,0.8975111819622406,2024-04-28,9.0,0,True,False
2023-12-15,2023Q4,11,diag3,gaussian_ar1,0.994365203803449,0.9894539235492779,-0.37673261957469,0.518837644665086,3.4192155752948095,3.3620596105877665,-2.4248503714913605,2024-01-28,6.0,0,True,False
2023-12-15,2024Q1,-2,diag3,gaussian_ar1,1.614315235919661,1.6014237222435637,-0.23412472284853528,0.9338360670695997,0.8420915771010673,0.8385657658582282,0.7722236588185938,2024-04-28,6.0,0,True,False
2023-12-22,2023Q4,12,diag3,gaussian_ar1,1.648203760988154,1.6347683108570803,-0.22635440205898272,0.48947134266009384,3.4192155752948095,3.3620596105877665,-1.7710118143066556,2024-01-28,6.0,0,True,False
2023-12-22,2024Q1,-1,diag3,gaussian_ar1,1.5442989680883867,1.532496031554521,-0.25018700732127896,0.8656814725802032,0.8420915771010673,0.8385657658582282,0.7022073909873194,2024-04-28,6.0,0,True,False
2023-12-29,2023Q4,13,diag3,gaussian_ar1,1.6922724116399612,1.6781130026481417,-0.2162537478375567,0.4879449782234206,3.4192155752948095,3.3620596105877665,-1.7269431636548482,2024-01-28,4.0,0,True,False
2023-12-29,2024Q1,0,diag3,gaussian_ar1,1.5808000970404024,1.568435587535441,-0.24181197884986375,0.8647265753977177,0.8420915771010673,0.8385657658582282,0.7387085199393351,2024-04-28,4.0,0,True,False
2024-01-05,2023Q4,14,diag3,gaussian_ar1,1.6194079974313436,1.6064354510371293,-0.2329568349826026,0.4737563556907202,3.4192155752948095,3.3620596105877665,-1.799807577863466,2024-01-28,13.0,28,False,True
2024-01-05,2024Q1,1,diag3,gaussian_ar1,1.3949433906318642,1.3853035983057602,-0.2844873982301069,0.8202718713644882,0.8420915771010673,0.8385657658582282,0.5528518135307969,2024-04-28,13.0,0,True,False
2024-01-05,2024Q2,-12,diag3,gaussian_ar1,2.2811635502043126,2.2555340496548912,-0.0816967791525993,0.9983451573572012,3.5892686664036777,3.526355417094438,-1.308105116199365,2024-07-28,13.0,0,True,False
2024-01-12,2023Q4,15,diag3,gaussian_ar1,1.6497752951159628,1.6363143509457667,-0.22599412688564524,0.4727347458880597,3.4192155752948095,3.3620596105877665,-1.7694402801788467,2024-01-28,4.0,0,True,False
2024-01-12,2024Q1,2,diag3,gaussian_ar1,1.4170730144952737,1.407126391987814,-0.27940201213045524,0.8197488268584554,0.8420915771010673,0.8385657658582282,0.5749814373942064,2024-04-28,4.0,0,True,False
2024-01-12,2024Q2,-11,diag3,gaussian_ar1,2.2698447698747515,2.244467098253311,-0.08427572122771035,0.998317118999687,3.5892686664036777,3.526355417094438,-1.3194238965289262,2024-07-28,4.0,0,True,False
2024-01-19,2023Q4,16,diag3,gaussian_ar1,1.6505633193176328,1.6370895825140324,-0.22581347394548063,0.4692109024411984,3.4192155752948095,3.3620596105877665,-1.7686522559771767,2024-01-28,11.0,0,True,False
2024-01-19,2024Q1,3,diag3,gaussian_ar1,-0.5979489242422087,-0.599743797348498,-0.7470648564641224,0.7452728548546178,0.8420915771010673,0.8385657658582282,-1.440040501343276,2024-04-28,11.0,0,True,False
2024-01-19,2024Q2,-10,diag3,gaussian_ar1,1.6281715177203004,1.6150589439370553,-0.23094729433612754,0.9936494104426729,3.5892686664036777,3.526355417094438,-1.9610971486833773,2024-07-28,11.0,0,True,False
2024-01-26,2023Q4,17,diag3,gaussian_ar1,1.7222358579815689,1.7075734839217889,-0.20938854422793557,0.4687397282721184,3.4192155752948095,3.3620596105877665,-1.6969797173132406,2024-01-28,4.0,0,True,False
2024-01-26,2024Q1,4,diag3,gaussian_ar1,-0.8057773488439723,-0.809041279691328,-0.7958376452695076,0.7069422343640178,0.8420915771010673,0.8385657658582282,-1.6478689259450396,2024-04-28,4.0,0,True,False
2024-01-26,2024Q2,-9,diag3,gaussian_ar1,1.5336075546173555,1.521966660177808,-0.2526406766184983,0.991095078786284,3.5892686664036777,3.526355417094438,-2.055661111786322,2024-07-28,4.0,0,True,False
2024-02-02,2024Q1,5,diag3,gaussian_ar1,1.09084678233895,1.0849399662120796,-0.3567276376754165,0.6670713579397674,0.8420915771010673,0.8385657658582282,0.24875520523788275,2024-04-28,10.0,26,False,True
2024-02-02,2024Q2,-8,diag3,gaussian_ar1,2.136963354102228,2.114450455744173,-0.11606627121479475,0.9955847396380318,3.5892686664036777,3.526355417094438,-1.4523053123014495,2024-07-28,10.0,0,True,False
2024-02-09,2024Q1,6,diag3,gaussian_ar1,1.8699382734289616,1.8526698678969171,-0.17726086284330617,0.6528385494427486,0.8420915771010673,0.8385657658582282,1.0278466963278943,2024-04-28,9.0,0,True,False
2024-02-09,2024Q2,-7,diag3,gaussian_ar1,2.2342154876197506,2.209622525905327,-0.0938185712770512,0.9942565752824123,3.5892686664036777,3.526355417094438,-1.355053178783927,2024-07-28,9.0,0,True,False
2024-02-16,2024Q1,7,diag3,gaussian_ar1,2.463995188727597,2.4341284430422356,-0.041337415090658275,0.6238899435062417,0.8420915771010673,0.8385657658582282,1.6219036116265295,2024-04-28,8.0,0,True,False
2024-02-16,2024Q2,-6,diag3,gaussian_ar1,3.1365793661756847,3.0883937126207335,0.11160553731777359,0.978223017881551,3.5892686664036777,3.526355417094438,-0.45268930022799303,2024-07-28,8.0,0,True,False
2024-02-23,2024Q1,8,diag3,gaussian_ar1,-0.12841844160612625,-0.1285009687477916,-0.6403851200381482,0.5646940858221624,0.8420915771010673,0.8385657658582282,-0.9705100187071936,2024-04-28,4.0,0,True,False
2024-02-23,2024Q2,-5,diag3,gaussian_ar1,2.201326529275227,2.177447143578185,-0.10133998223495433,0.9614412495128908,3.5892686664036777,3.526355417094438,-1.3879421371284506,2024-07-28,4.0,0,True,False
2024-03-01,2024Q1,9,diag3,gaussian_ar1,-0.8718392328846747,-0.8756619861848889,-0.8150436526619821,0.5442535695323015,0.8420915771010673,0.8385657658582282,-1.713930809985742,2024-04-28,11.0,3,True,True
2024-03-01,2024Q2,-4,diag3,gaussian_ar1,1.4521022825757957,1.4416602420686364,-0.2733396684368838,0.9467091627612348,3.5892686664036777,3.526355417094438,-2.137166383827882,2024-07-28,11.0,0,True,False
2024-03-08,2024Q1,10,diag3,gaussian_ar1,-0.42908408532770226,-0.43000729292683193,-0.7108661153375992,0.5333737121126357,0.8420915771010673,0.8385657658582282,-1.2711756624287696,2024-04-28,9.0,0,True,False
2024-03-08,2024Q2,-3,diag3,gaussian_ar1,1.341692546359674,1.3327715581535924,-0.2987938039017914,0.9444888749276801,3.5892686664036777,3.526355417094438,-2.2475761200440036,2024-07-28,9.0,0,True,False
2024-03-15,2024Q1,11,diag3,gaussian_ar1,-0.26586926282291534,-0.2662233228445685,-0.6725794981101656,0.5292557931583745,0.8420915771010673,0.8385657658582282,-1.1079608399239826,2024-04-28,6.0,0,True,False
2024-03-15,2024Q2,-2,diag3,gaussian_ar1,1.6800247760665687,1.6660684560136734,-0.22088135163280173,0.9379057224125806,3.5892686664036777,3.526355417094438,-1.909243890337109,2024-07-28,6.0,0,True,False
2024-03-22,2024Q1,12,diag3,gaussian_ar1,1.5696795616927162,1.557487510644381,-0.24626354924016805,0.49971751633658373,0.8420915771010673,0.8385657658582282,0.7275879845916489,2024-04-28,6.0,0,True,False
2024-03-22,2024Q2,-1,diag3,gaussian_ar1,3.7529815715963366,3.6842710749269614,0.25089956269554753,0.8692603911495099,3.5892686664036777,3.526355417094438,0.1637129051926589,2024-07-28,6.0,0,True,False
2024-03-29,2024Q1,13,diag3,gaussian_ar1,1.4515514632173598,1.4411173052133681,-0.273466586935354,0.4984379571563792,0.8420915771010673,0.8385657658582282,0.6094598861162925,2024-04-28,4.0,0,True,False
2024-03-29,2024Q2,0,diag3,gaussian_ar1,3.6264672870162995,3.5622586952321185,0.22237759393365686,0.8683980345558548,3.5892686664036777,3.526355417094438,0.0371986206126218,2024-07-28,4.0,0,True,False
2024-04-05,2024Q1,14,diag3,gaussian_ar1,1.890214367141474,1.8725717903451162,-0.17260853156521133,0.48486575247182045,0.8420915771010673,0.8385657658582282,1.0481227900404066,2024-04-28,13.0,21,False,True
2024-04-05,2024Q2,1,diag3,gaussian_ar1,4.083006400917588,4.001853328051054,0.3251385139035379,0.8105353629731703,3.5892686664036777,3.526355417094438,0.49373773451391045,2024-07-28,13.0,0,True,False
2024-04-05,2024Q3,-12,diag3,gaussian_ar1,2.965539983378851,2.922418299460178,0.0728066419823411,0.9857167124829795,3.340152501559479,3.2855812596193403,-0.37461251818062813,2024-10-28,13.0,0,True,False
2024-04-12,2024Q1,15,diag3,gaussian_ar1,1.906621419238097,1.8886731709860585,-0.1688446259942123,0.48485442496126924,0.8420915771010673,0.8385657658582282,1.0645298421370297,2024-04-28,4.0,0,True,False
2024-04-12,2024Q2,2,diag3,gaussian_ar1,4.112095786620662,4.029797679850597,0.331670866858961,0.8105021307298521,3.5892686664036777,3.526355417094438,0.5228271202169843,2024-07-28,4.0,0,True,False
2024-04-12,2024Q3,-11,diag3,gaussian_ar1,2.967774102592391,2.924588049627645,0.07331384909240969,0.9857157358413,3.340152501559479,3.2855812596193403,-0.37237839896708813,2024-10-28,4.0,0,True,False
2024-04-19,2024Q1,16,diag3,gaussian_ar1,1.7410057068911966,1.7260238426387002,-0.20686600606948286,0.48035999263357015,0.8420915771010673,0.8385657658582282,0.8989141297901293,2024-04-28,11.0,0,True,False
2024-04-19,2024Q2,3,diag3,gaussian_ar1,3.47222468174353,3.4133030139328637,0.18755728062160484,0.7068657574957397,3.5892686664036777,3.526355417094438,-0.11704398466014787,2024-07-28,11.0,0,True,False
2024-04-19,2024Q3,-10,diag3,gaussian_ar1,2.843312106067719,2.8036402289929603,0.04504073475279121,0.9773023318247244,3.340152501559479,3.2855812596193403,-0.49684039549175996,2024-10-28,11.0,0,True,False
2024-04-26,2024Q1,17,diag3,gaussian_ar1,1.711080589848546,1.6966064817227502,-0.21374269392034245,0.4797612421247502,0.8420915771010673,0.8385657658582282,0.8689890127474786,2024-04-28,4.0,0,True,False
2024-04-26,2024Q2,4,diag3,gaussian_ar1,3.360554648680103,3.3053220214852956,0.16231532975423993,0.7029060605788681,3.5892686664036777,3.526355417094438,-0.2287140177235747,2024-07-28,4.0,0,True,False
2024-04-26,2024Q3,-9,diag3,gaussian_ar1,2.820533972086392,2.781489389641433,0.039862690118189055,0.9771879770404834,3.340152501559479,3.2855812596193403,-0.5196185294730871,2024-10-28,4.0,0,True,False
2024-05-03,2024Q2,5,diag3,gaussian_ar1,3.086612811606515,3.0399349965866254,0.10319136595420231,0.6525097115273916,3.5892686664036777,3.526355417094438,-0.5026558547971627,2024-07-28,11.0,0,True,False
2024-05-03,2024Q3,-8,diag3,gaussian_ar1,2.6954883097711324,2.6597999209977217,0.014092706362547038,0.8954484223324596,3.340152501559479,3.2855812596193403,-0.6446641917883467,2024-10-28,11.0,12,False,True
2024-05-10,2024Q2,6,diag3,gaussian_ar1,2.444440442819551,2.4150421170868013,-0.043275302151994696,0.675903086118578,3.5892686664036777,3.526355417094438,-1.1448282235841267,2024-07-28,8.0,0,True,False
2024-05-10,2024Q3,-7,diag3,gaussian_ar1,2.546925142856038,2.515031410081876,-0.019839127614360193,0.8910178191784713,3.340152501559479,3.2855812596193403,-0.7932273587034411,2024-10-28,8.0,0,True,False
2024-05-17,2024Q2,7,diag3,gaussian_ar1,2.2734654196248982,2.2480073262345464,-0.08242605914818181,0.6207644601438502,3.5892686664036777,3.526355417094438,-1.3158032467787795,2024-07-28,10.0,0,True,False
2024-05-17,2024Q3,-6,diag3,gaussian_ar1,2.5909799396847344,2.557982806595601,-0.009771885460938906,0.884651758631092,3.340152501559479,3.2855812596193403,-0.7491725618747447,2024-10-28,10.0,0,True,False
2024-05-24,2024Q2,8,diag3,gaussian_ar1,1.8508151693273023,1.8338960278883265,-0.17948829826738943,0.6127112260521734,3.5892686664036777,3.526355417094438,-1.7384534970763754,2024-07-28,2.0,0,True,False
2024-05-24,2024Q3,-5,diag3,gaussian_ar1,2.347784286550314,2.3206477487713726,-0.06540009996728799,0.8835389407822504,3.340152501559479,3.2855812596193403,-0.9923682150091651,2024-10-28,2.0,0,True,False
2024-05-31,2024Q2,9,diag3,gaussian_ar1,2.2826326602302105,2.2569703839947315,-0.08032523635239562,0.6006637595385709,3.5892686664036777,3.526355417094438,-1.3066360061734672,2024-07-28,8.0,0,True,False
2024-05-31,2024Q3,-4,diag3,gaussian_ar1,2.4873563791908637,2.4569252583700805,-0.03345844496761909,0.8825361000914189,3.340152501559479,3.2855812596193403,-0.8527961223686154,2024-10-28,8.0,0,True,False
2024-06-07,2024Q2,10,diag3,gaussian_ar1,2.624701469953683,2.590847283950202,-0.0020688844265330797,0.5473733753152465,3.5892686664036777,3.526355417094438,-0.9645671964499947,2024-07-28,12.0,0,True,False
2024-06-07,2024Q3,-3,diag3,gaussian_ar1,2.7772148068225144,2.7393496617872093,0.03273811882343769,0.9431238599567842,3.340152501559479,3.2855812596193403,-0.5629376947369646,2024-10-28,12.0,14,False,True
2024-06-14,2024Q2,11,diag3,gaussian_ar1,2.770787974212552,2.733096297585072,0.031272412541307026,0.5169205340801294,3.5892686664036777,3.526355417094438,-0.8184806921911258,2024-07-28,6.0,0,True,False
2024-06-14,2024Q3,-2,diag3,gaussian_ar1,2.4538768805587585,2.4242529665160726,-0.04111640024961897,0.9362227902827532,3.340152501559479,3.2855812596193403,-0.8862756210007205,2024-10-28,6.0,0,True,False
2024-06-21,2024Q2,12,diag3,gaussian_ar1,3.197605938661674,3.147546852150477,0.1284141688540825,0.48755601412578337,3.5892686664036777,3.526355417094438,-0.3916627277420037,2024-07-28,6.0,0,True,False
2024-06-21,2024Q3,-1,diag3,gaussian_ar1,2.4971848080678205,2.466514692605033,-0.03121080776851831,0.867738288966648,3.340152501559479,3.2855812596193403,-0.8429676934916586,2024-10-28,6.0,0,True,False
2024-06-28,2024Q2,13,diag3,gaussian_ar1,3.072611535750225,3.0263520235985037,0.1000076958215885,0.4858790703386658,3.5892686664036777,3.526355417094438,-0.5166571306534529,2024-07-28,4.0,0,True,False
2024-06-28,2024Q3,0,diag3,gaussian_ar1,2.3642140304200643,2.3366993178441233,-0.061637823396231334,0.8666977078104057,3.340152501559479,3.2855812596193403,-0.9759384711394148,2024-10-28,4.0,0,True,False
2024-07-05,2024Q2,14,diag3,gaussian_ar1,2.736918826476731,2.700134859233467,0.023546685125095085,0.4780180489262514,3.5892686664036777,3.526355417094438,-0.8523498399269469,2024-07-28,13.0,15,False,True
2024-07-05,2024Q3,1,diag3,gaussian_ar1,1.0685892597654068,1.0629201949867266,-0.36019488837269276,0.8266533397746184,3.340152501559479,3.2855812596193403,-2.2715632417940723,2024-10-28,13.0,0,True,False
2024-07-05,2024Q4,-12,diag3,gaussian_ar1,2.2226485779658134,2.1983077581481867,-0.09407498392030067,1.005133921477871,1.8522267738050768,1.8352819713325936,0.37042180416073656,2025-01-28,13.0,0,True,False
2024-07-12,2024Q2,15,diag3,gaussian_ar1,2.7394887537382395,2.702636292163808,0.02413298808807876,0.47800753427153764,3.5892686664036777,3.526355417094438,-0.8497799126654382,2024-07-28,4.0,0,True,False
2024-07-12,2024Q3,2,diag3,gaussian_ar1,1.0848067166376874,1.0789648988896594,-0.35643422090710397,0.8266280616150469,3.340152501559479,3.2855812596193403,-2.2553457849217917,2024-10-28,4.0,0,True,False
2024-07-12,2024Q4,-11,diag3,gaussian_ar1,2.2264085419400947,2.2019859007893707,-0.09321287568519843,1.005132892519181,1.8522267738050768,1.8352819713325936,0.3741817681350179,2025-01-28,4.0,0,True,False
2024-07-19,2024Q2,16,diag3,gaussian_ar1,2.9389836234876787,2.8966234703100144,0.06960103000454321,0.47316848482873886,3.5892686664036777,3.526355417094438,-0.650285042915999,2024-07-28,11.0,0,True,False
2024-07-19,2024Q3,3,diag3,gaussian_ar1,0.7363955632484043,0.7336974090820816,-0.43736037720765836,0.7446450016114801,3.340152501559479,3.2855812596193403,-2.603756938311075,2024-10-28,11.0,0,True,False
2024-07-19,2024Q4,-10,diag3,gaussian_ar1,1.9868370904919441,1.9673570836321228,-0.14820678299012216,0.9996363096866504,1.8522267738050768,1.8352819713325936,0.1346103166868673,2025-01-28,11.0,0,True,False
2024-07-26,2024Q2,17,diag3,gaussian_ar1,2.949518099532522,2.906856655714612,0.07199955400680749,0.4727252366875918,3.5892686664036777,3.526355417094438,-0.6397505668711556,2024-07-28,4.0,0,True,False
2024-07-26,2024Q3,4,diag3,gaussian_ar1,1.4919935879367685,1.4809728475461357,-0.26220884768945674,0.7097511840156384,3.340152501559479,3.2855812596193403,-1.8481589136227106,2024-10-28,4.0,0,True,False
2024-07-26,2024Q4,-9,diag3,gaussian_ar1,2.2458441469599855,2.2209964069317154,-0.08875706320112865,0.9968625286286599,1.8522267738050768,1.8352819713325936,0.39361737315490863,2025-01-28,4.0,0,True,False
2024-08-02,2024Q3,5,diag3,gaussian_ar1,0.26986393288785937,0.2695004539619936,-0.5492063406659906,0.6639814004713935,3.340152501559479,3.2855812596193403,-3.0702885686716197,2024-10-28,10.0,0,True,False
2024-08-02,2024Q4,-8,diag3,gaussian_ar1,1.8921630756643326,1.8744843291498712,-0.1718721285141218,0.9924601438076027,1.8522267738050768,1.8352819713325936,0.039936301859255785,2025-01-28,10.0,0,True,False
2024-08-09,2024Q3,6,diag3,gaussian_ar1,1.523041287430238,1.5115594489321793,-0.2571963338624302,0.689150317378147,3.340152501559479,3.2855812596193403,-1.8171112141292411,2024-10-28,9.0,13,False,True
2024-08-09,2024Q4,-7,diag3,gaussian_ar1,2.1064086738738608,2.0845305810839374,-0.12248992710121609,0.9881281988988811,1.8522267738050768,1.8352819713325936,0.25418190006878394,2025-01-28,9.0,0,True,False
2024-08-16,2024Q3,7,diag3,gaussian_ar1,1.765910493468592,1.7504994596513388,-0.20102116469712059,0.6725242556234413,3.340152501559479,3.2855812596193403,-1.574242008090887,2024-10-28,8.0,0,True,False
2024-08-16,2024Q4,-6,diag3,gaussian_ar1,2.2785985798702946,2.2530262540772568,-0.08287633159858804,0.9826323659478926,1.8522267738050768,1.8352819713325936,0.42637180606521774,2025-01-28,8.0,0,True,False
2024-08-23,2024Q3,8,diag3,gaussian_ar1,-0.1807520734416146,-0.18091562711603837,-0.6550998637857892,0.607412265905732,3.340152501559479,3.2855812596193403,-3.5209045750010937,2024-10-28,4.0,0,True,False
2024-08-23,2024Q4,-5,diag3,gaussian_ar1,0.9509402460051275,0.9464472704647524,-0.39005508835581815,0.962110758262906,1.8522267738050768,1.8352819713325936,-0.9012865277999493,2025-01-28,4.0,0,True,False
2024-08-30,2024Q3,9,diag3,gaussian_ar1,0.665657938278863,0.6634522187789644,-0.45658766635959047,0.5991284847264933,3.340152501559479,3.2855812596193403,-2.674494563280616,2024-10-28,8.0,0,True,False
2024-08-30,2024Q4,-4,diag3,gaussian_ar1,1.521472364575227,1.5100140510025941,-0.25755965932584196,0.9597637894712225,1.8522267738050768,1.8352819713325936,-0.3307544092298498,2025-01-28,8.0,0,True,False
2024-09-06,2024Q3,10,diag3,gaussian_ar1,0.9470343801647241,0.9425781223486189,-0.3909647311121538,0.5285177906385669,3.340152501559479,3.2855812596193403,-2.393118121394755,2024-10-28,10.0,26,False,True
2024-09-06,2024Q4,-3,diag3,gaussian_ar1,1.956584575064646,1.9376895264222405,-0.15701248806204496,0.9444862737455982,1.8522267738050768,1.8352819713325936,0.10435780125956917,2025-01-28,10.0,0,True,False
2024-09-13,2024Q3,11,diag3,gaussian_ar1,0.8603315086540109,0.8566517474975421,-0.4111661558484003,0.5276802506449773,3.340152501559479,3.2855812596193403,-2.479820992905468,2024-10-28,6.0,0,True,False
2024-09-13,2024Q4,-2,diag3,gaussian_ar1,1.6428758293429935,1.6295266331040699,-0.22946206488476573,0.940369790088181,1.8522267738050768,1.8352819713325936,-0.20935094446208335,2025-01-28,6.0,0,True,False
2024-09-20,2024Q3,12,diag3,gaussian_ar1,1.8426597753865126,1.8258885117443988,-0.18329708097504518,0.4938400836457058,3.340152501559479,3.2855812596193403,-1.4974927261729665,2024-10-28,8.0,0,True,False
2024-09-20,2024Q4,-1,diag3,gaussian_ar1,2.830451615765517,2.791134511116016,0.04363375885223794,0.8729963823802003,1.8522267738050768,1.8352819713325936,0.97822484196044,2025-01-28,8.0,0,True,False
2024-09-27,2024Q3,13,diag3,gaussian_ar1,1.779231470889231,1.763588425873873,-0.1979439283249582,0.49262946112452416,3.340152501559479,3.2855812596193403,-1.5609210306702481,2024-10-28,4.0,0,True,False
2024-09-27,2024Q4,0,diag3,gaussian_ar1,2.7619271139089463,2.724473961909424,0.027961759771539446,0.8723506535785114,1.8522267738050768,1.8352819713325936,0.9097003401038695,2025-01-28,4.0,0,True,False
2024-10-04,2024Q3,14,diag3,gaussian_ar1,1.6560214178005905,1.642458910311588,-0.2264216663444021,0.48786775716864444,3.340152501559479,3.2855812596193403,-1.6841310837588885,2024-10-28,9.0,0,True,False
2024-10-04,2024Q4,1,diag3,gaussian_ar1,2.171503408819353,2.148262128450104,-0.10750654092120421,0.830847338745141,1.8522267738050768,1.8352819713325936,0.31927663501427617,2025-01-28,9.0,11,False,True
2024-10-04,2025Q1,-12,diag3,gaussian_ar1,2.4786314443089097,2.448411714264661,-0.03694090518994937,1.0045013111110581,-0.6484826392524012,-0.6505944225690983,3.127114083561311,2025-04-28,9.0,0,True,False
2024-10-11,2024Q3,15,diag3,gaussian_ar1,1.8955001072882949,1.8777593376289332,-0.17110216891306798,0.4898673927797792,3.340152501559479,3.2855812596193403,-1.4446523942711842,2024-10-28,7.0,0,True,False
2024-10-11,2024Q4,2,diag3,gaussian_ar1,2.2997697920545956,2.2737236644910532,-0.07801033813110869,0.8292414674229364,1.8522267738050768,1.8352819713325936,0.4475430182495188,2025-01-28,7.0,0,True,False
2024-10-11,2025Q1,-11,diag3,gaussian_ar1,2.484763615661345,2.4543953889129866,-0.035534133948129404,1.004424045865831,-0.6484826392524012,-0.6505944225690983,3.1332462549137463,2025-04-28,7.0,0,True,False
2024-10-18,2024Q3,16,diag3,gaussian_ar1,1.5895813802015102,1.5770798427686266,-0.2417923870874123,0.4851585735683755,3.340152501559479,3.2855812596193403,-1.7505711213579689,2024-10-28,12.0,0,True,False
2024-10-18,2024Q4,3,diag3,gaussian_ar1,-0.42635603082019635,-0.4272675198602047,-0.713017577974575,0.751006648058979,1.8522267738050768,1.8352819713325936,-2.278582804625273,2025-01-28,12.0,0,True,False
2024-10-18,2025Q1,-10,diag3,gaussian_ar1,1.7600379311049075,1.7447286354289036,-0.20237789447185717,0.9992969891588565,-0.6484826392524012,-0.6505944225690983,2.4085205703573087,2025-04-28,12.0,0,True,False
2024-10-25,2024Q3,17,diag3,gaussian_ar1,1.5926850628386946,1.580134915134711,-0.24107413480952666,0.48515807372036374,3.340152501559479,3.2855812596193403,-1.7474674387207845,2024-10-28,0.0,0,True,False
2024-10-25,2024Q4,4,diag3,gaussian_ar1,0.5431148048736123,0.5416452549115811,-0.4852246735320955,0.7179696187041028,1.8522267738050768,1.8352819713325936,-1.3091119689314645,2025-01-28,0.0,0,True,False
2024-10-25,2025Q1,-9,diag3,gaussian_ar1,2.084199744811732,2.062777446283383,-0.12760412301850502,0.9966774504183953,-0.6484826392524012,-0.6505944225690983,2.7326823840641334,2025-04-28,0.0,0,True,False
2024-11-01,2024Q4,5,diag3,gaussian_ar1,1.100520451213849,1.094508791048317,-0.35735497235065133,0.6697280652266253,1.8522267738050768,1.8352819713325936,-0.7517063225912279,2025-01-28,13.0,0,True,False
2024-11-01,2025Q1,-8,diag3,gaussian_ar1,2.388852505471717,2.3607658440138297,-0.05873353878138457,0.9924140511061318,-0.6484826392524012,-0.6505944225690983,3.037335144724118,2025-04-28,13.0,0,True,False
2024-11-08,2024Q4,6,diag3,gaussian_ar1,1.4107057480011065,1.4008478964729436,-0.2851110131908675,0.6540436111484792,1.8522267738050768,1.8352819713325936,-0.44152102580397035,2025-01-28,10.0,19,False,True
2024-11-08,2025Q1,-7,diag3,gaussian_ar1,2.4992221688545646,2.468502396503706,-0.033326024819672784,0.9716713979230367,-0.6484826392524012,-0.6505944225690983,3.147704808106966,2025-04-28,10.0,0,True,False
2024-11-15,2024Q4,7,diag3,gaussian_ar1,1.8574630925663804,1.840422933223897,-0.1814460208984945,0.6427033584635642,1.8522267738050768,1.8352819713325936,0.005236318761303593,2025-01-28,6.0,0,True,False
2024-11-15,2025Q1,-6,diag3,gaussian_ar1,2.847240933943773,2.807460363479894,0.046610441303932215,0.9679024586487555,-0.6484826392524012,-0.6505944225690983,3.4957235731961744,2025-04-28,6.0,0,True,False
2024-11-22,2024Q4,8,diag3,gaussian_ar1,1.576555340754493,1.5642568008236488,-0.246574287049118,0.5643331499394205,1.8522267738050768,1.8352819713325936,-0.27567143305058384,2025-01-28,6.0,0,True,False
2024-11-22,2025Q1,-5,diag3,gaussian_ar1,3.054989546937592,3.009253887528401,0.09419941330233783,0.9454357712893469,-0.6484826392524012,-0.6505944225690983,3.7034721861899933,2025-04-28,6.0,0,True,False
2024-11-29,2024Q4,9,diag3,gaussian_ar1,1.574448736372247,1.5621828712441261,-0.24706338191552635,0.5615042831791769,1.8522267738050768,1.8352819713325936,-0.2777780374328298,2025-01-28,4.0,0,True,False
2024-11-29,2025Q1,-4,diag3,gaussian_ar1,3.0539686922103293,3.008263290384076,0.0939658007521568,0.9452941082827441,-0.6484826392524012,-0.6505944225690983,3.7024513314627305,2025-04-28,4.0,0,True,False
2024-12-06,2024Q4,10,diag3,gaussian_ar1,1.2934905766894822,1.2851964334033337,-0.3123851007194214,0.762133749094192,1.8522267738050768,1.8352819713325936,-0.5587361971155946,2025-01-28,13.0,13,False,True
2024-12-06,2025Q1,-3,diag3,gaussian_ar1,2.4321358227308965,2.40303037779699,-0.04876629268557332,1.060622979578981,-0.6484826392524012,-0.6505944225690983,3.0806184619832977,2025-04-28,13.0,0,True,False
2024-12-13,2024Q4,11,diag3,gaussian_ar1,1.2532853737701632,1.245496760812942,-0.32174747553376815,0.7609490146184275,1.8522267738050768,1.8352819713325936,-0.5989414000349136,2025-01-28,6.0,0,True,False
2024-12-13,2025Q1,-2,diag3,gaussian_ar1,2.3233503334448624,2.2967714427481547,-0.07382534008792642,1.0565022580836196,-0.6484826392524012,-0.6505944225690983,2.9718329726972637,2025-04-28,6.0,0,True,False
2024-12-20,2024Q4,12,diag3,gaussian_ar1,0.7482134891659165,0.7454282564025345,-0.43967864386973016,0.744087912169232,1.8522267738050768,1.8352819713325936,-1.1040132846391604,2025-01-28,9.0,0,True,False
2024-12-20,2025Q1,-1,diag3,gaussian_ar1,0.8625888076146282,0.8588897668135183,-0.4129210129333321,1.0081839613481451,-0.6484826392524012,-0.6505944225690983,1.5110714468670294,2025-04-28,9.0,0,True,False
2024-12-27,2024Q4,13,diag3,gaussian_ar1,0.7400735671261094,0.7373484596429545,-0.4415841025486323,0.7415393138852024,1.8522267738050768,1.8352819713325936,-1.1121532066789674,2025-01-28,4.0,0,True,False
2024-12-27,2025Q1,0,diag3,gaussian_ar1,0.876984654424029,0.8731614801782022,-0.40955531440121296,1.0061328056073822,-0.6484826392524012,-0.6505944225690983,1.5254672936764302,2025-04-28,4.0,0,True,False
2025-01-03,2024Q4,14,diag3,gaussian_ar1,2.72621156823718,2.689712299985321,0.018841912442903154,1.0042212373822192,1.8522267738050768,1.8352819713325936,0.8739847944321033,2025-01-28,8.0,17,False,True
2025-01-03,2025Q1,1,diag3,gaussian_ar1,2.646460131432926,2.6120472044757888,0.0005261509590599013,1.056090237380041,-0.6484826392524012,-0.6505944225690983,3.2949427706853274,2025-04-28,8.0,0,True,False
2025-01-03,2025Q2,-12,diag3,gaussian_ar1,2.644218652043806,2.609863491700823,1.1165918829292696e-05,1.0561338301092364,3.8380332333819878,3.7662126431826737,-1.1938145813381817,2025-07-28,8.0,0,True,False
2025-01-10,2024Q4,15,diag3,gaussian_ar1,2.7262115682372245,2.689712299985361,0.01884191244291261,1.0042212373822192,1.8522267738050768,1.8352819713325936,0.8739847944321477,2025-01-28,8.0,0,True,False
2025-01-10,2025Q1,2,diag3,gaussian_ar1,2.6464601314329705,2.6120472044758385,0.0005261509590716186,1.056090237380041,-0.6484826392524012,-0.6505944225690983,3.294942770685372,2025-04-28,8.0,0,True,False
2025-01-10,2025Q2,-11,diag3,gaussian_ar1,2.644218652043806,2.609863491700825,1.116591882974265e-05,1.0561338301092364,3.8380332333819878,3.7662126431826737,-1.1938145813381817,2025-07-28,8.0,0,True,False
2025-01-17,2024Q4,16,diag3,gaussian_ar1,2.7262115682372468,2.6897122999853798,0.018841912442916976,1.0042212373822192,1.8522267738050768,1.8352819713325936,0.8739847944321699,2025-01-28,10.0,0,True,False
2025-01-17,2025Q1,3,diag3,gaussian_ar1,2.6464601314329927,2.61204720447587,0.0005261509590790542,1.056090237380041,-0.6484826392524012,-0.6505944225690983,3.294942770685394,2025-04-28,10.0,0,True,False
2025-01-17,2025Q2,-10,diag3,gaussian_ar1,2.644218652043806,2.6098634917008288,1.116591883064926e-05,1.0561338301092364,3.8380332333819878,3.7662126431826737,-1.1938145813381817,2025-07-28,10.0,0,True,False
2025-01-24,2024Q4,17,diag3,gaussian_ar1,2.7262115682372468,2.6897122999853806,0.018841912442917226,1.0042212373822192,1.8522267738050768,1.8352819713325936,0.8739847944321699,2025-01-28,2.0,0,True,False
2025-01-24,2025Q1,4,diag3,gaussian_ar1,2.646460131433037,2.612047204475897,0.0005261509590854897,1.056090237380041,-0.6484826392524012,-0.6505944225690983,3.2949427706854384,2025-04-28,2.0,0,True,False
2025-01-24,2025Q2,-9,diag3,gaussian_ar1,2.644218652043828,2.6098634917008354,1.1165918832148039e-05,1.0561338301092364,3.8380332333819878,3.7662126431826737,-1.1938145813381595,2025-07-28,2.0,0,True,False
2025-01-31,2025Q1,5,diag3,gaussian_ar1,2.3576423644771083,2.3302792256654645,-0.06497944788560994,1.0042212373822192,-0.6484826392524012,-0.6505944225690983,3.0061250037295095,2025-04-28,10.0,0,True,False
2025-01-31,2025Q2,-8,diag3,gaussian_ar1,2.630906717833925,2.5968936453012095,-0.0019117194433166148,1.056090237380041,3.8380332333819878,3.7662126431826737,-1.2071265155480626,2025-07-28,10.0,0,True,False
2025-02-07,2025Q1,6,diag3,gaussian_ar1,2.357642364477064,2.3302792256654206,-0.06497944788562032,1.0042212373822192,-0.6484826392524012,-0.6505944225690983,3.006125003729465,2025-04-28,13.0,0,True,False
2025-02-07,2025Q2,-7,diag3,gaussian_ar1,2.623084274735765,2.5892714372611936,-0.003714755256065032,1.0073780907695749,3.8380332333819878,3.7662126431826737,-1.2149489586462225,2025-07-28,13.0,68,False,True
2025-02-14,2025Q1,7,diag3,gaussian_ar1,2.5530657813340074,2.521019356207219,-0.0198598074232147,1.0018948409409416,-0.6484826392524012,-0.6505944225690983,3.2015484205864086,2025-04-28,6.0,0,True,False
2025-02-14,2025Q2,-6,diag3,gaussian_ar1,2.623084274774934,2.589271437299372,-0.00371475524703397,1.0073780907695749,3.8380332333819878,3.7662126431826737,-1.2149489586070539,2025-07-28,6.0,0,True,False
2025-02-21,2025Q1,8,diag3,gaussian_ar1,2.5530657812989688,2.5210193561730625,-0.019859807431294528,1.0018948409409416,-0.6484826392524012,-0.6505944225690983,3.20154842055137,2025-04-28,6.0,0,True,False
2025-02-21,2025Q2,-5,diag3,gaussian_ar1,2.6230842747061223,2.589271437232303,-0.00371475526289909,1.0073780907695749,3.8380332333819878,3.7662126431826737,-1.2149489586758655,2025-07-28,6.0,0,True,False
2025-02-28,2025Q1,9,diag3,gaussian_ar1,2.5530657812917745,2.5210193561660352,-0.01985980743295678,1.0018948409409416,-0.6484826392524012,-0.6505944225690983,3.2015484205441758,2025-04-28,4.0,0,True,False
2025-02-28,2025Q2,-4,diag3,gaussian_ar1,2.6230842747000382,2.58927143722638,-0.00371475526430016,1.0073780907695749,3.8380332333819878,3.7662126431826737,-1.2149489586819495,2025-07-28,4.0,0,True,False
2025-03-07,2025Q1,10,diag3,gaussian_ar1,2.6310395553435173,2.5970230774848164,-0.0018811022178170933,0.9982410338727687,-0.6484826392524012,-0.6505944225690983,3.2795221945959185,2025-04-28,15.0,13,True,True
2025-03-07,2025Q2,-3,diag3,gaussian_ar1,2.5812118511121973,2.548460962046737,-0.013368486558155583,0.9983757197332711,3.8380332333819878,3.7662126431826737,-1.2568213822697905,2025-07-28,15.0,0,True,False
2025-03-14,2025Q1,11,diag3,gaussian_ar1,2.6310395553515553,2.597023077492658,-0.0018811022159621327,0.9982410338727687,-0.6484826392524012,-0.6505944225690983,3.2795221946039566,2025-04-28,6.0,0,True,False
2025-03-14,2025Q2,-2,diag3,gaussian_ar1,2.5812118511177484,2.5484609620521494,-0.013368486556875198,0.9983757197332711,3.8380332333819878,3.7662126431826737,-1.2568213822642393,2025-07-28,6.0,0,True,False
2025-03-21,2025Q1,12,diag3,gaussian_ar1,2.631039555354442,2.5970230774954746,-0.0018811022152958323,0.9982410338727687,-0.6484826392524012,-0.6505944225690983,3.279522194606843,2025-04-28,7.0,0,True,False
2025-03-21,2025Q2,-1,diag3,gaussian_ar1,2.5812118510857074,2.54846096202092,-0.013368486564262518,0.9983757197332711,3.8380332333819878,3.7662126431826737,-1.2568213822962804,2025-07-28,7.0,0,True,False
2025-03-28,2025Q1,13,diag3,gaussian_ar1,2.631039555355219,2.5970230774962237,-0.0018811022151186407,0.9982410338727687,-0.6484826392524012,-0.6505944225690983,3.2795221946076203,2025-04-28,4.0,0,True,False
2025-03-28,2025Q2,0,diag3,gaussian_ar1,2.581211851086329,2.5484609620215095,-0.01336848656412308,0.9983757197332711,3.8380332333819878,3.7662126431826737,-1.2568213822956587,2025-07-28,4.0,0,True,False
2025-04-04,2025Q1,14,diag3,gaussian_ar1,2.6446157543813964,2.6102503635331264,0.0012478166368461163,0.9993825459906482,-0.6484826392524012,-0.6505944225690983,3.2930983936337976,2025-04-28,12.0,3,True,True
2025-04-04,2025Q2,1,diag3,gaussian_ar1,2.5716767104735583,2.539165318478315,-0.01556737409421062,0.9993825510572716,3.8380332333819878,3.7662126431826737,-1.2663565229084295,2025-07-28,12.0,0,True,False
2025-04-04,2025Q3,-12,diag3,gaussian_ar1,2.66806853264685,2.6330962762919046,0.006652024795787526,1.0019092985529972,4.3753962528715995,4.282379361041974,-1.7073277202247494,2025-10-28,12.0,0,True,False
2025-04-11,2025Q1,15,diag3,gaussian_ar1,2.644615754380575,2.61025036353232,0.0012478166366553523,0.9993825459906482,-0.6484826392524012,-0.6505944225690983,3.293098393632976,2025-04-28,5.0,0,True,False
2025-04-11,2025Q2,2,diag3,gaussian_ar1,2.5716767104734473,2.5391653184781995,-0.015567374094237876,0.9993825510572716,3.8380332333819878,3.7662126431826737,-1.2663565229085405,2025-07-28,5.0,0,True,False
2025-04-11,2025Q3,-11,diag3,gaussian_ar1,2.6680685326465614,2.6330962762916235,0.006652024795721127,1.0019092985529972,4.3753962528715995,4.282379361041974,-1.707327720225038,2025-10-28,5.0,0,True,False
2025-04-18,2025Q1,16,diag3,gaussian_ar1,2.644615754375379,2.6102503635272636,0.0012478166354592257,0.9993825459906482,-0.6484826392524012,-0.6505944225690983,3.2930983936277802,2025-04-28,11.0,0,True,False
2025-04-18,2025Q2,3,diag3,gaussian_ar1,2.5716767104583704,2.5391653184635077,-0.015567374097713249,0.9993825510572716,3.8380332333819878,3.7662126431826737,-1.2663565229236173,2025-07-28,11.0,0,True,False
2025-04-18,2025Q3,-10,diag3,gaussian_ar1,2.668068532629886,2.633096276275387,0.0066520247918803385,1.0019092985529972,4.3753962528715995,4.282379361041974,-1.7073277202417136,2025-10-28,11.0,0,True,False
2025-04-25,2025Q1,17,diag3,gaussian_ar1,2.64461575437267,2.610250363524635,0.0012478166348374453,0.9993825459906482,-0.6484826392524012,-0.6505944225690983,3.2930983936250713,2025-04-28,0.0,0,True,False
2025-04-25,2025Q2,4,diag3,gaussian_ar1,2.571676710425219,2.5391653184311864,-0.015567374105358855,0.9993825510572716,3.8380332333819878,3.7662126431826737,-1.2663565229567686,2025-07-28,0.0,0,True,False
2025-04-25,2025Q3,-9,diag3,gaussian_ar1,2.668068532590051,2.6330962762365764,0.006652024782699634,1.0019092985529972,4.3753962528715995,4.282379361041974,-1.7073277202815484,2025-10-28,0.0,0,True,False
2025-05-02,2025Q2,5,diag3,gaussian_ar1,2.570033072525013,2.537562876975488,-0.011177516605792526,0.9999147005716605,3.8380332333819878,3.7662126431826737,-1.2680001608569746,2025-07-28,13.0,2,True,True
2025-05-02,2025Q3,-8,diag3,gaussian_ar1,2.397902316206313,2.369604121419384,-0.05095929564566681,0.9999367588158641,4.3753962528715995,4.282379361041974,-1.9774939366652866,2025-10-28,13.0,0,True,False
2025-05-09,2025Q2,6,diag3,gaussian_ar1,2.570033072539224,2.537562876989343,-0.011177516602510984,0.9999147005716605,3.8380332333819878,3.7662126431826737,-1.2680001608427638,2025-07-28,10.0,0,True,False
2025-05-09,2025Q3,-7,diag3,gaussian_ar1,2.3979023162172153,2.3696041214300454,-0.05095929564314167,0.9999367588158641,4.3753962528715995,4.282379361041974,-1.9774939366543842,2025-10-28,10.0,0,True,False
2025-05-16,2025Q2,7,diag3,gaussian_ar1,2.5700330725356713,2.537562876985888,-0.01117751660332933,0.9999147005716605,3.8380332333819878,3.7662126431826737,-1.2680001608463165,2025-07-28,8.0,0,True,False
2025-05-16,2025Q3,-6,diag3,gaussian_ar1,2.397902316212175,2.369604121425122,-0.05095929564430787,0.9999367588158641,4.3753962528715995,4.282379361041974,-1.9774939366594246,2025-10-28,8.0,0,True,False
2025-05-23,2025Q2,8,diag3,gaussian_ar1,2.570033072540512,2.5375628769906093,-0.011177516602211002,0.9999147005716605,3.8380332333819878,3.7662126431826737,-1.268000160841476,2025-07-28,4.0,0,True,False
2025-05-23,2025Q3,-5,diag3,gaussian_ar1,2.3979023162217894,2.369604121434492,-0.05095929564208851,0.9999367588158641,4.3753962528715995,4.282379361041974,-1.97749393664981,2025-10-28,4.0,0,True,False
2025-05-30,2025Q2,9,diag3,gaussian_ar1,2.570033072539335,2.5375628769894467,-0.011177516602486393,0.9999147005716605,3.8380332333819878,3.7662126431826737,-1.2680001608426528,2025-07-28,8.0,0,True,False
2025-05-30,2025Q3,-4,diag3,gaussian_ar1,2.3979023162216784,2.3696041214344037,-0.05095929564210941,0.9999367588158641,4.3753962528715995,4.282379361041974,-1.9774939366499211,2025-10-28,8.0,0,True,False
2025-06-06,2025Q2,10,diag3,gaussian_ar1,2.608970624749807,2.575517591630084,-0.0021877734577714913,1.0011261374786884,3.8380332333819878,3.7662126431826737,-1.229062608632181,2025-07-28,10.0,4,True,True
2025-06-06,2025Q3,-3,diag3,gaussian_ar1,2.3706687367653023,2.343004746855671,-0.05725947593688735,1.0013441071002045,4.3753962528715995,4.282379361041974,-2.004727516106297,2025-10-28,10.0,0,True,False
2025-06-13,2025Q2,11,diag3,gaussian_ar1,2.608970624746454,2.575517591626821,-0.002187773458544373,1.0011261374786884,3.8380332333819878,3.7662126431826737,-1.2290626086355338,2025-07-28,6.0,0,True,False
2025-06-13,2025Q3,-2,diag3,gaussian_ar1,2.3706687367589296,2.343004746849439,-0.0572594759383635,1.0013441071002045,4.3753962528715995,4.282379361041974,-2.00472751611267,2025-10-28,6.0,0,True,False
2025-06-20,2025Q2,12,diag3,gaussian_ar1,2.6089706247420796,2.57551759162256,-0.002187773459553677,1.0011261374786884,3.8380332333819878,3.7662126431826737,-1.2290626086399081,2025-07-28,8.0,0,True,False
2025-06-20,2025Q3,-1,diag3,gaussian_ar1,2.3706687367441637,2.343004746835025,-0.05725947594177744,1.0013441071002045,4.3753962528715995,4.282379361041974,-2.004727516127436,2025-10-28,8.0,0,True,False
2025-06-27,2025Q2,13,diag3,gaussian_ar1,2.6089706247477196,2.575517591628055,-0.0021877734582520514,1.0011261374786884,3.8380332333819878,3.7662126431826737,-1.2290626086342682,2025-07-28,4.0,0,True,False
2025-06-27,2025Q3,0,diag3,gaussian_ar1,2.370668736750625,2.3430047468413244,-0.057259475940285465,1.0013441071002045,4.3753962528715995,4.282379361041974,-2.0047275161209743,2025-10-28,4.0,0,True,False
2025-07-04,2025Q2,14,diag3,gaussian_ar1,2.6175411370488844,2.5838698383554193,-0.00020950663498109368,1.0012530323212907,3.8380332333819878,3.7662126431826737,-1.2204920963331034,2025-07-28,9.0,2,True,True
2025-07-04,2025Q3,1,diag3,gaussian_ar1,2.364523402982699,2.3370015446506947,-0.0586813611066086,1.001541305798993,4.3753962528715995,4.282379361041974,-2.0108728498889006,2025-10-28,9.0,0,True,False
2025-07-04,2025Q4,-12,diag3,gaussian_ar1,2.7384681558393797,2.701642902980634,0.027685568071047606,1.0053602473569474,0.48224811236061704,0.4810890211212576,2.2562200434787627,2026-01-28,9.0,0,True,False
2025-07-11,2025Q2,15,diag3,gaussian_ar1,2.6175411370461754,2.5838698383527814,-0.0002095066356059272,1.0012530323212907,3.8380332333819878,3.7662126431826737,-1.2204920963358123,2025-07-28,7.0,0,True,False
2025-07-11,2025Q3,2,diag3,gaussian_ar1,2.3645234029807227,2.3370015446487504,-0.05868136110706906,1.001541305798993,4.3753962528715995,4.282379361041974,-2.010872849890877,2025-10-28,7.0,0,True,False
2025-07-11,2025Q4,-11,diag3,gaussian_ar1,2.738468155837692,2.7016429029789806,0.027685568070655933,1.0053602473569474,0.48224811236061704,0.4810890211212576,2.256220043477075,2026-01-28,7.0,0,True,False
2025-07-18,2025Q2,16,diag3,gaussian_ar1,2.6175411370493284,2.5838698383558416,-0.00020950663488106258,1.0012530323212907,3.8380332333819878,3.7662126431826737,-1.2204920963326593,2025-07-28,12.0,0,True,False
2025-07-18,2025Q3,3,diag3,gaussian_ar1,2.364523402996954,2.337001544664608,-0.05868136110331312,1.001541305798993,4.3753962528715995,4.282379361041974,-2.0108728498746453,2025-10-28,12.0,0,True,False
2025-07-18,2025Q4,-10,diag3,gaussian_ar1,2.7384681558561663,2.701642902996976,0.027685568074918288,1.0053602473569474,0.48224811236061704,0.4810890211212576,2.2562200434955493,2026-01-28,12.0,0,True,False
2025-07-25,2025Q2,17,diag3,gaussian_ar1,2.6175411370501056,2.583869838356596,-0.0002095066347024277,1.0012530323212907,3.8380332333819878,3.7662126431826737,-1.2204920963318822,2025-07-28,0.0,0,True,False
2025-07-25,2025Q3,4,diag3,gaussian_ar1,2.3645234030063023,2.3370015446737358,-0.05868136110115124,1.001541305798993,4.3753962528715995,4.282379361041974,-2.0108728498652972,2025-10-28,0.0,0,True,False
2025-07-25,2025Q4,-9,diag3,gaussian_ar1,2.738468155867446,2.701642903007963,0.027685568077520623,1.0053602473569474,0.48224811236061704,0.4810890211212576,2.256220043506829,2026-01-28,0.0,0,True,False
2025-08-01,2025Q3,5,diag3,gaussian_ar1,2.334610530183978,2.3077753604095634,-0.06752474315151463,1.0013383337145916,4.3753962528715995,4.282379361041974,-2.0407857226876214,2025-10-28,13.0,2,True,True
2025-08-01,2025Q4,-8,diag3,gaussian_ar1,2.8570129064836136,2.8169613556711157,0.05342511281934295,1.0016923707765,0.48224811236061704,0.4810890211212576,2.3747647941229966,2026-01-28,13.0,0,True,False
2025-08-08,2025Q3,6,diag3,gaussian_ar1,2.3346105301791376,2.3077753604048405,-0.06752474315263657,1.0013383337145916,4.3753962528715995,4.282379361041974,-2.040785722692462,2025-10-28,10.0,0,True,False
2025-08-08,2025Q4,-7,diag3,gaussian_ar1,2.8570129064790173,2.8169613556666553,0.053425112818283466,1.0016923707765,0.48224811236061704,0.4810890211212576,2.3747647941184002,2026-01-28,10.0,0,True,False
2025-08-15,2025Q3,7,diag3,gaussian_ar1,2.334610530186465,2.3077753604120046,-0.06752474315093476,1.0013383337145916,4.3753962528715995,4.282379361041974,-2.0407857226851345,2025-10-28,6.0,0,True,False
2025-08-15,2025Q4,-6,diag3,gaussian_ar1,2.857012906489076,2.8169613556764164,0.05342511282060208,1.0016923707765,0.48224811236061704,0.4810890211212576,2.374764794128459,2026-01-28,6.0,0,True,False
2025-08-22,2025Q3,8,diag3,gaussian_ar1,2.3346105301858433,2.307775360411391,-0.06752474315108059,1.0013383337145916,4.3753962528715995,4.282379361041974,-2.040785722685756,2025-10-28,6.0,0,True,False
2025-08-22,2025Q4,-5,diag3,gaussian_ar1,2.8570129064847016,2.8169613556721766,0.05342511281959492,1.0016923707765,0.48224811236061704,0.4810890211212576,2.3747647941240846,2026-01-28,6.0,0,True,False
2025-08-29,2025Q3,9,diag3,gaussian_ar1,2.334610530187309,2.3077753604128133,-0.0675247431507427,1.0013383337145916,4.3753962528715995,4.282379361041974,-2.0407857226842907,2025-10-28,4.0,0,True,False
2025-08-29,2025Q4,-4,diag3,gaussian_ar1,2.857012906486145,2.81696135567358,0.053425112819928317,1.0016923707765,0.48224811236061704,0.4810890211212576,2.374764794125528,2026-01-28,4.0,0,True,False
2025-09-05,2025Q3,10,diag3,gaussian_ar1,2.3241986625105238,2.297600506247654,-0.06994163434031353,1.0015495740505844,4.3753962528715995,4.282379361041974,-2.0511975903610757,2025-10-28,13.0,3,True,True
2025-09-05,2025Q4,-3,diag3,gaussian_ar1,2.8637941891511254,2.8235540603816496,0.05499111560146558,1.0019983469240301,0.48224811236061704,0.4810890211212576,2.3815460767905083,2026-01-28,13.0,0,True,False
2025-09-12,2025Q3,11,diag3,gaussian_ar1,2.3241986625101463,2.297600506247287,-0.0699416343404008,1.0015495740505844,4.3753962528715995,4.282379361041974,-2.051197590361453,2025-10-28,4.0,0,True,False
2025-09-12,2025Q4,-2,diag3,gaussian_ar1,2.86379418915077,2.8235540603813005,0.05499111560138262,1.0019983469240301,0.48224811236061704,0.4810890211212576,2.381546076790153,2026-01-28,4.0,0,True,False
2025-09-19,2025Q3,12,diag3,gaussian_ar1,2.3241986625103017,2.2976005062474356,-0.06994163434036543,1.0015495740505844,4.3753962528715995,4.282379361041974,-2.051197590361298,2025-10-28,11.0,0,True,False
2025-09-19,2025Q4,-1,diag3,gaussian_ar1,2.8637941891553664,2.823554060385765,0.05499111560244313,1.0019983469240301,0.48224811236061704,0.4810890211212576,2.3815460767947494,2026-01-28,11.0,0,True,False
2025-09-26,2025Q3,13,diag3,gaussian_ar1,2.324198662509658,2.297600506246799,-0.0699416343405167,1.0015495740505844,4.3753962528715995,4.282379361041974,-2.0511975903619417,2025-10-28,4.0,0,True,False
2025-09-26,2025Q4,0,diag3,gaussian_ar1,2.8637941891543672,2.823554060384786,0.05499111560221065,1.0019983469240301,0.48224811236061704,0.4810890211212576,2.38154607679375,2026-01-28,4.0,0,True,False
2025-10-03,2025Q3,14,diag3,gaussian_ar1,2.3210225646164817,2.2944965022789727,-0.07067894612115327,1.0017797726963162,4.3753962528715995,4.282379361041974,-2.054373688255118,2025-10-28,9.0,2,True,True
2025-10-03,2025Q4,1,diag3,gaussian_ar1,2.865878245079889,2.8255800743291517,0.05547236625923252,1.0022597588337392,0.48224811236061704,0.4810890211212576,2.383630132719272,2026-01-28,9.0,0,True,False
2025-10-03,2026Q1,-12,diag3,gaussian_ar1,2.50999437886108,2.479011397218728,-0.026850069885117456,1.0065223828998524,2.0891889857350465,2.067664705054285,0.4208053931260336,2026-04-28,9.0,0,True,False
2025-10-10,2025Q3,15,diag3,gaussian_ar1,2.321022564614106,2.2944965022766555,-0.07067894612170378,1.0017797726963162,4.3753962528715995,4.282379361041974,-2.0543736882574937,2025-10-28,7.0,0,True,False
2025-10-10,2025Q4,2,diag3,gaussian_ar1,2.8658782450772913,2.825580074326613,0.05547236625862942,1.0022597588337392,0.48224811236061704,0.4810890211212576,2.3836301327166742,2026-01-28,7.0,0,True,False
2025-10-10,2026Q1,-11,diag3,gaussian_ar1,2.5099943788589485,2.4790113972166523,-0.02685006988561045,1.0065223828998524,2.0891889857350465,2.067664705054285,0.42080539312390197,2026-04-28,7.0,0,True,False
2025-10-17,2025Q3,16,diag3,gaussian_ar1,2.321022564614217,2.2944965022767554,-0.07067894612167996,1.0017797726963162,4.3753962528715995,4.282379361041974,-2.0543736882573826,2025-10-28,10.0,0,True,False
2025-10-17,2025Q4,3,diag3,gaussian_ar1,2.8658782450853515,2.825580074334447,0.05547236626049032,1.0022597588337392,0.48224811236061704,0.4810890211212576,2.3836301327247345,2026-01-28,10.0,0,True,False
2025-10-17,2026Q1,-10,diag3,gaussian_ar1,2.5099943788691403,2.479011397226593,-0.026850069883249228,1.0065223828998524,2.0891889857350465,2.067664705054285,0.4208053931340938,2026-04-28,10.0,0,True,False
2025-10-24,2025Q3,17,diag3,gaussian_ar1,2.321022564612707,2.2944965022752823,-0.07067894612202996,1.0017797726963162,4.3753962528715995,4.282379361041974,-2.0543736882588925,2025-10-28,2.0,0,True,False
2025-10-24,2025Q4,4,diag3,gaussian_ar1,2.8658782450675435,2.825580074317139,0.05547236625637908,1.0022597588337392,0.48224811236061704,0.4810890211212576,2.3836301327069265,2026-01-28,2.0,0,True,False
2025-10-24,2026Q1,-9,diag3,gaussian_ar1,2.509994378847691,2.4790113972056704,-0.02685006988821903,1.0065223828998524,2.0891889857350465,2.067664705054285,0.4208053931126443,2026-04-28,2.0,0,True,False
2025-10-31,2025Q4,5,diag3,gaussian_ar1,2.812927800519427,2.774091594063931,0.04088484332061394,1.0017797726963162,0.48224811236061704,0.4810890211212576,2.33067968815881,2026-01-28,10.0,0,True,False
2025-10-31,2026Q1,-8,diag3,gaussian_ar1,2.7084053326910107,2.6723771148452675,0.016661155531239577,1.0022597588337392,2.0891889857350465,2.067664705054285,0.6192163469559642,2026-04-28,10.0,0,True,False
2025-11-07,2025Q4,6,diag3,gaussian_ar1,2.8127548965015903,2.7739234205015957,0.04084479215091093,1.0021989151547663,0.48224811236061704,0.4810890211212576,2.3305067841409732,2026-01-28,12.0,22,False,True
2025-11-07,2026Q1,-7,diag3,gaussian_ar1,2.709064221887769,2.673018627174471,0.016813934117877752,1.0027411314343542,2.0891889857350465,2.067664705054285,0.6198752361527227,2026-04-28,12.0,0,True,False
2025-11-14,2025Q4,7,diag3,gaussian_ar1,2.8127548965018567,2.7739234205018564,0.04084479215097307,1.0021989151547663,0.48224811236061704,0.4810890211212576,2.3305067841412397,2026-01-28,4.0,0,True,False
2025-11-14,2026Q1,-6,diag3,gaussian_ar1,2.7090642218876804,2.6730186271743825,0.016813934117856706,1.0027411314343542,2.0891889857350465,2.067664705054285,0.6198752361526338,2026-04-28,4.0,0,True,False
2025-11-21,2025Q4,8,diag3,gaussian_ar1,2.812754896502745,2.773923420502728,0.04084479215118064,1.0021989151547663,0.48224811236061704,0.4810890211212576,2.330506784142128,2026-01-28,4.0,0,True,False
2025-11-21,2026Q1,-5,diag3,gaussian_ar1,2.709064221889923,2.673018627176578,0.016813934118379517,1.0027411314343542,2.0891889857350465,2.067664705054285,0.6198752361548765,2026-04-28,4.0,0,True,False
2025-11-28,2025Q4,9,diag3,gaussian_ar1,2.812754896503078,2.7739234205030416,0.04084479215125536,1.0021989151547663,0.48224811236061704,0.4810890211212576,2.330506784142461,2026-01-28,4.0,0,True,False
2025-11-28,2026Q1,-4,diag3,gaussian_ar1,2.709064221890123,2.6730186271767593,0.016813934118422746,1.0027411314343542,2.0891889857350465,2.067664705054285,0.6198752361550763,2026-04-28,4.0,0,True,False
2025-12-05,2025Q4,10,diag3,gaussian_ar1,2.812754896501324,2.7739234205013483,0.0408447921508521,1.0021989151547663,0.48224811236061704,0.4810890211212576,2.3305067841407068,2026-01-28,13.0,0,True,False
2025-12-05,2026Q1,-3,diag3,gaussian_ar1,2.7090880179233556,2.6730417955608403,0.01681945175668688,1.0025725662076213,2.0891889857350465,2.067664705054285,0.6198990321883091,2026-04-28,13.0,18,False,True
2025-12-12,2025Q4,11,diag3,gaussian_ar1,2.812748685947142,2.77391737985553,0.040843353548211905,1.002028128880709,0.48224811236061704,0.4810890211212576,2.3305005735865247,2026-01-28,3.0,0,True,False
2025-12-12,2026Q1,-2,diag3,gaussian_ar1,2.709088017923378,2.6730417955608603,0.016819451756691722,1.0025725662076213,2.0891889857350465,2.067664705054285,0.6198990321883313,2026-04-28,3.0,0,True,False
2025-12-19,2025Q4,12,diag3,gaussian_ar1,2.812748685947142,2.773917379855532,0.04084335354821231,1.002028128880709,0.48224811236061704,0.4810890211212576,2.3305005735865247,2026-01-28,7.0,0,True,False
2025-12-19,2026Q1,-1,diag3,gaussian_ar1,2.7090880179230004,2.673041795560481,0.016819451756601336,1.0025725662076213,2.0891889857350465,2.067664705054285,0.6198990321879538,2026-04-28,7.0,0,True,False
2025-12-26,2025Q4,13,diag3,gaussian_ar1,2.812748685947142,2.7739173798555203,0.040843353548209546,1.002028128880709,0.48224811236061704,0.4810890211212576,2.3305005735865247,2026-01-28,4.0,0,True,False
2025-12-26,2026Q1,0,diag3,gaussian_ar1,2.7090880179226673,2.6730417955601657,0.0168194517565263,1.0025725662076213,2.0891889857350465,2.067664705054285,0.6198990321876208,2026-04-28,4.0,0,True,False
