as_of,target_quarter,horizon_week,spec,variant,nowcast_bea,nowcast_livello,nowcast_z,sd_z,realizzato_bea,realizzato_livello,errore_bea,gdp_release_date,n_releases,n_iter,converged,reestimated
2007-01-05,2006Q4,14,diag4,student_t_ar1,1.9328868511225394,1.9144438689755483,-0.6011947245902489,0.7794882059120929,3.4823729200428755,3.423110226166918,-1.549486068920336,2007-01-28,,29,False,True
2007-01-05,2007Q1,1,diag4,student_t_ar1,2.993198750084991,2.949276850879267,-0.08760312982749666,0.8889540633011075,1.2087836914185912,1.2015362468522506,1.7844150586663998,2007-04-28,,0,True,False
2007-01-05,2007Q2,-12,diag4,student_t_ar1,3.106067252365108,3.0588051531899274,-0.03324381152290978,0.9226118162368804,2.4695947150627617,2.439593165871891,0.6364725373023461,2007-07-28,,0,True,False
2007-01-12,2006Q4,15,diag4,student_t_ar1,1.9324187627490996,1.9139846556022513,-0.6014226339561586,0.7794808804037024,3.4823729200428755,3.423110226166918,-1.5499541572937758,2007-01-28,4.0,0,True,False
2007-01-12,2007Q1,2,diag4,student_t_ar1,2.988688850812493,2.9448979228815184,-0.08977640865900206,0.8889213834698743,1.2087836914185912,1.2015362468522506,1.779905159393902,2007-04-28,4.0,0,True,False
2007-01-12,2007Q2,-11,diag4,student_t_ar1,3.1042218028133117,3.0570152817336598,-0.034132131620664884,0.9226094751143943,2.4695947150627617,2.439593165871891,0.63462708775055,2007-07-28,4.0,0,True,False
2007-01-19,2006Q4,16,diag4,student_t_ar1,2.2971752078286167,2.271187376154851,-0.42414154791586806,0.7755665689302065,3.4823729200428755,3.423110226166918,-1.1851977122142587,2007-01-28,10.0,0,True,False
2007-01-19,2007Q1,3,diag4,student_t_ar1,3.5985814501870994,3.535345117778574,0.20326480838116648,0.871055346484989,1.2087836914185912,1.2015362468522506,2.389797758768508,2007-04-28,10.0,0,True,False
2007-01-19,2007Q2,-10,diag4,student_t_ar1,3.052463392656901,3.0068025891936894,-0.059052884331399894,0.9209899461417169,2.4695947150627617,2.439593165871891,0.5828686775941394,2007-07-28,10.0,0,True,False
2007-01-26,2006Q4,17,diag4,student_t_ar1,2.3124069196015062,2.2860759377194233,-0.41675229746541864,0.7755612228095714,3.4823729200428755,3.423110226166918,-1.1699660004413692,2007-01-28,4.0,0,True,False
2007-01-26,2007Q1,4,diag4,student_t_ar1,3.672834167819783,3.606992933361547,0.23882389521934616,0.8688012027192354,1.2087836914185912,1.2015362468522506,2.4640504764011917,2007-04-28,4.0,0,True,False
2007-01-26,2007Q2,-9,diag4,student_t_ar1,3.102716816137474,3.055555595957864,-0.034856579293432687,0.9202253248128714,2.4695947150627617,2.439593165871891,0.6331221010747123,2007-07-28,4.0,0,True,False
2007-02-02,2007Q1,5,diag4,student_t_ar1,3.8250264006865597,3.7536857809325004,0.3117091009344958,0.8508510327378453,1.2087836914185912,1.2015362468522506,2.6162427092679685,2007-04-28,10.0,11,False,True
2007-02-02,2007Q2,-8,diag4,student_t_ar1,3.0931642619347777,3.0462900818655423,-0.04136520392547171,0.9175617786420771,2.4695947150627617,2.439593165871891,0.6235695468720159,2007-07-28,10.0,0,True,False
2007-02-09,2007Q1,6,diag4,student_t_ar1,4.009600467454155,3.9313021079832673,0.4003607018531129,0.8464980051189983,1.2087836914185912,1.2015362468522506,2.800816776035564,2007-04-28,8.0,0,True,False
2007-02-09,2007Q2,-7,diag4,student_t_ar1,3.1570851649963316,3.108273914889453,-0.01042792400372585,0.9170987489327952,2.4695947150627617,2.439593165871891,0.6874904499335699,2007-07-28,8.0,0,True,False
2007-02-16,2007Q1,7,diag4,student_t_ar1,4.151754580288691,4.06788282432242,0.46853066887769074,0.843371796477541,1.2087836914185912,1.2015362468522506,2.9429708888701,2007-04-28,7.0,0,True,False
2007-02-16,2007Q2,-6,diag4,student_t_ar1,3.365083183707873,3.3097032245871336,0.09010917792343752,0.9153261247699797,2.4695947150627617,2.439593165871891,0.8954884686451114,2007-07-28,7.0,0,True,False
2007-02-23,2007Q1,8,diag4,student_t_ar1,3.376980488653558,3.32121254663557,0.09585369388108478,0.8030587629410657,1.2087836914185912,1.2015362468522506,2.168196797234967,2007-04-28,4.0,0,True,False
2007-02-23,2007Q2,-5,diag4,student_t_ar1,3.24768990998745,3.1960671849606475,0.03339132432172427,0.9139330436001357,2.4695947150627617,2.439593165871891,0.7780951949246884,2007-07-28,4.0,0,True,False
2007-03-02,2007Q1,9,diag4,student_t_ar1,3.4855156569544965,3.4261471580634346,0.14822850338941512,0.7985173102627553,1.2087836914185912,1.2015362468522506,2.2767319655359053,2007-04-28,11.0,12,False,True
2007-03-02,2007Q2,-4,diag4,student_t_ar1,3.4007566938305755,3.344209418161269,0.10733185870255547,0.9047598194393124,2.4695947150627617,2.439593165871891,0.9311619787678138,2007-07-28,11.0,0,True,False
2007-03-09,2007Q1,10,diag4,student_t_ar1,3.3395255282435476,3.2849745494464697,0.07776663781906029,0.7971639169448475,1.2087836914185912,1.2015362468522506,2.1307418368249564,2007-04-28,8.0,0,True,False
2007-03-09,2007Q2,-3,diag4,student_t_ar1,3.2556873164912847,3.2038127304478303,0.037257269636709105,0.903288495037553,2.4695947150627617,2.439593165871891,0.786092601428523,2007-07-28,8.0,0,True,False
2007-03-16,2007Q1,11,diag4,student_t_ar1,3.28752218649373,3.234639084246784,0.05264327417884673,0.7965942184030504,1.2087836914185912,1.2015362468522506,2.0787384950751386,2007-04-28,7.0,0,True,False
2007-03-16,2007Q2,-2,diag4,student_t_ar1,3.208726728837852,3.158322481021184,0.014552242994047223,0.9031055692301276,2.4695947150627617,2.439593165871891,0.7391320137750901,2007-07-28,7.0,0,True,False
2007-03-23,2007Q1,12,diag4,student_t_ar1,3.9082324559919,3.8337943395841085,0.3516927673556471,0.776353550918462,1.2087836914185912,1.2015362468522506,2.699448764573309,2007-04-28,4.0,0,True,False
2007-03-23,2007Q2,-1,diag4,student_t_ar1,3.4466528767501448,3.3885862694527953,0.12948116769933904,0.8936952735851347,2.4695947150627617,2.439593165871891,0.977058161687383,2007-07-28,4.0,0,True,False
2007-03-30,2007Q1,13,diag4,student_t_ar1,3.8950107552558233,3.821069128418392,0.34534137860327313,0.7763459845516868,1.2087836914185912,1.2015362468522506,2.686227063837232,2007-04-28,8.0,0,True,False
2007-03-30,2007Q2,0,diag4,student_t_ar1,3.4457971559650247,3.3877590562944726,0.12906829027976896,0.8936931110679216,2.4695947150627617,2.439593165871891,0.9762024409022629,2007-07-28,8.0,0,True,False
2007-04-06,2007Q1,14,diag4,student_t_ar1,3.879404072540238,3.806046409901419,0.3378432613479896,0.7701853427791342,1.2087836914185912,1.2015362468522506,2.6706203811216467,2007-04-28,10.0,11,False,True
2007-04-06,2007Q2,1,diag4,student_t_ar1,3.486221008882251,3.4268287505737076,0.14856869884449025,0.8799607315018757,2.4695947150627617,2.439593165871891,1.0166262938194892,2007-07-28,10.0,0,True,False
2007-04-06,2007Q3,-12,diag4,student_t_ar1,3.1386584158165753,3.0904095140938734,-0.019344377554346034,0.9127868669386616,2.3240880884577653,2.297492443722903,0.8145703273588101,2007-10-28,10.0,0,True,False
2007-04-13,2007Q1,15,diag4,student_t_ar1,3.88243239376449,3.8089615951692917,0.33929828434763437,0.7704828227224552,1.2087836914185912,1.2015362468522506,2.673648702345899,2007-04-28,6.0,0,True,False
2007-04-13,2007Q2,2,diag4,student_t_ar1,3.4753645888329077,3.4163375088991303,0.14333232567137805,0.8808137386226653,2.4695947150627617,2.439593165871891,1.005769873770146,2007-07-28,6.0,0,True,False
2007-04-13,2007Q3,-11,diag4,student_t_ar1,3.1000849772132355,3.053002925575621,-0.03801469920838648,0.9127575414148982,2.3240880884577653,2.297492443722903,0.7759968887554702,2007-10-28,6.0,0,True,False
2007-04-20,2007Q1,16,diag4,student_t_ar1,3.892565231850198,3.8187152596713103,0.3441665190830588,0.7652117018626946,1.2087836914185912,1.2015362468522506,2.6837815404316068,2007-04-28,7.0,0,True,False
2007-04-20,2007Q2,3,diag4,student_t_ar1,3.332277200914713,3.277960213445056,0.0742656527112629,0.8585269800081194,2.4695947150627617,2.439593165871891,0.8626824858519511,2007-07-28,7.0,0,True,False
2007-04-20,2007Q3,-10,diag4,student_t_ar1,2.9805084427150463,2.9369545913452906,-0.09593657375833714,0.9103206351647964,2.3240880884577653,2.297492443722903,0.6564203542572811,2007-10-28,7.0,0,True,False
2007-04-27,2007Q1,17,diag4,student_t_ar1,3.904588302638712,3.830287189890213,0.34994228393901733,0.7651856913358749,1.2087836914185912,1.2015362468522506,2.6958046112201206,2007-04-28,4.0,0,True,False
2007-04-27,2007Q2,4,diag4,student_t_ar1,3.3370309384819663,3.2825605458416613,0.07656176387676558,0.858527586591528,2.4695947150627617,2.439593165871891,0.8674362234192046,2007-07-28,4.0,0,True,False
2007-04-27,2007Q3,-9,diag4,student_t_ar1,2.9813717922684724,2.93779294993132,-0.09551813344922011,0.9103210635442681,2.3240880884577653,2.297492443722903,0.6572837038107071,2007-10-28,4.0,0,True,False
2007-05-04,2007Q2,5,diag4,student_t_ar1,3.453286010844292,3.394998194107852,0.1435609033168279,0.846504312882828,2.4695947150627617,2.439593165871891,0.9836912957815303,2007-07-28,12.0,11,False,True
2007-05-04,2007Q3,-8,diag4,student_t_ar1,3.1812018041821988,3.1316497407237356,0.0120554818594847,0.9036513481478038,2.3240880884577653,2.297492443722903,0.8571137157244335,2007-10-28,12.0,0,True,False
2007-05-11,2007Q2,6,diag4,student_t_ar1,3.2213436307175103,3.1705463802558076,0.0314788690455815,0.8422386896036272,2.4695947150627617,2.439593165871891,0.7517489156547486,2007-07-28,7.0,0,True,False
2007-05-11,2007Q3,-7,diag4,student_t_ar1,3.093412670995721,3.0465310374744363,-0.030449309039647158,0.9029941450548841,2.3240880884577653,2.297492443722903,0.7693245825379558,2007-10-28,7.0,0,True,False
2007-05-18,2007Q2,7,diag4,student_t_ar1,3.8238436241538887,3.752546572679126,0.32210590561772606,0.7965696280209673,2.4695947150627617,2.439593165871891,1.354248909091127,2007-07-28,11.0,0,True,False
2007-05-18,2007Q3,-6,diag4,student_t_ar1,3.0839358521856264,3.0373381567970577,-0.035039856781055194,0.9007079642508733,2.3240880884577653,2.297492443722903,0.7598477637278611,2007-10-28,11.0,0,True,False
2007-05-25,2007Q2,8,diag4,student_t_ar1,3.807428334416496,3.7367346098502514,0.31421005960398074,0.7959445300746035,2.4695947150627617,2.439593165871891,1.3378336193537343,2007-07-28,0.0,0,True,False
2007-05-25,2007Q3,-5,diag4,student_t_ar1,3.058786684653314,3.0129383940039816,-0.04722409803377474,0.8995670020155724,2.3240880884577653,2.297492443722903,0.7346985961955488,2007-10-28,0.0,0,True,False
2007-06-01,2007Q2,9,diag4,student_t_ar1,4.098520135542549,4.016757373488487,0.4540419480266723,0.7877281173646762,2.4695947150627617,2.439593165871891,1.6289254204797876,2007-07-28,12.0,11,False,True
2007-06-01,2007Q3,-4,diag4,student_t_ar1,2.9722296767814793,2.9289151100413733,-0.08918188144864893,0.8875907980027635,2.3240880884577653,2.297492443722903,0.648141588323714,2007-10-28,12.0,0,True,False
2007-06-08,2007Q2,10,diag4,student_t_ar1,4.134161958360538,4.050990062428243,0.4711363494890364,0.7847151482707692,2.4695947150627617,2.439593165871891,1.6645672432977765,2007-07-28,8.0,0,True,False
2007-06-08,2007Q3,-3,diag4,student_t_ar1,3.0138723335654705,2.9693476022773826,-0.068991552385612,0.8853741905710745,2.3240880884577653,2.297492443722903,0.6897842451077052,2007-10-28,8.0,0,True,False
2007-06-15,2007Q2,11,diag4,student_t_ar1,4.176037595236082,4.091195138828104,0.4912131164065793,0.7838901244575125,2.4695947150627617,2.439593165871891,1.70644288017332,2007-07-28,5.0,0,True,False
2007-06-15,2007Q3,-2,diag4,student_t_ar1,3.0313908317229243,2.986352116655003,-0.06050019501794672,0.8851538943438101,2.3240880884577653,2.297492443722903,0.7073027432651591,2007-10-28,5.0,0,True,False
2007-06-22,2007Q2,12,diag4,student_t_ar1,4.133161211596992,4.050029041036765,0.47065645480390794,0.7669939211751017,2.4695947150627617,2.439593165871891,1.66356649653423,2007-07-28,6.0,0,True,False
2007-06-22,2007Q3,-1,diag4,student_t_ar1,3.253712654281582,3.2019003117297986,0.04713573704631292,0.8778631909254739,2.3240880884577653,2.297492443722903,0.9296245658238167,2007-10-28,6.0,0,True,False
2007-06-29,2007Q2,13,diag4,student_t_ar1,4.133478594960938,4.050333826636853,0.47080865223768337,0.7669809463790325,2.4695947150627617,2.439593165871891,1.6638838798981759,2007-07-28,4.0,0,True,False
2007-06-29,2007Q3,0,diag4,student_t_ar1,3.2537574180976803,3.201943664947087,0.04715738586572994,0.8778629695197088,2.3240880884577653,2.297492443722903,0.929669329639915,2007-10-28,4.0,0,True,False
2007-07-06,2007Q2,14,diag4,student_t_ar1,4.325541563799273,4.2346031598018765,0.5628252029640504,0.7674779488281203,2.4695947150627617,2.439593165871891,1.8559468487365116,2007-07-28,13.0,11,False,True
2007-07-06,2007Q3,1,diag4,student_t_ar1,2.8038644126469947,2.7652757889142245,-0.17089664990575165,0.8694784239457237,2.3240880884577653,2.297492443722903,0.47977632418922944,2007-10-28,13.0,0,True,False
2007-07-06,2007Q4,-12,diag4,student_t_ar1,3.4280334730285356,3.370585610116052,0.13137025968307992,0.9073472678020809,2.5367271478347497,2.505086204878263,0.8913063251937858,2008-01-28,13.0,0,True,False
2007-07-13,2007Q2,15,diag4,student_t_ar1,4.326948236249062,4.235951499762896,0.5634985086643994,0.7675202273602534,2.4695947150627617,2.439593165871891,1.8573535211863001,2007-07-28,6.0,0,True,False
2007-07-13,2007Q3,2,diag4,student_t_ar1,2.799123303764306,2.7606638823109364,-0.17319964699494544,0.8695981853400429,2.3240880884577653,2.297492443722903,0.4750352153065407,2007-10-28,6.0,0,True,False
2007-07-13,2007Q4,-11,diag4,student_t_ar1,3.4067947327329984,3.3500487009751487,0.12111496918374133,0.907306094430548,2.5367271478347497,2.505086204878263,0.8700675848982486,2008-01-28,6.0,0,True,False
2007-07-20,2007Q2,16,diag4,student_t_ar1,4.246778805504525,4.159077546528534,0.5251108079231636,0.7628657083211746,2.4695947150627617,2.439593165871891,1.7771840904417635,2007-07-28,8.0,0,True,False
2007-07-20,2007Q3,3,diag4,student_t_ar1,2.681657046613095,2.6463307853205946,-0.2302929084628902,0.8487866412383779,2.3240880884577653,2.297492443722903,0.35756895815532985,2007-10-28,8.0,0,True,False
2007-07-20,2007Q4,-10,diag4,student_t_ar1,3.4359821489638565,3.378270538705819,0.13520779797153468,0.9050047402491862,2.5367271478347497,2.505086204878263,0.8992550011291067,2008-01-28,8.0,0,True,False
2007-07-27,2007Q2,17,diag4,student_t_ar1,4.2443183080902225,4.15671725637851,0.5239321757840643,0.7628463987914561,2.4695947150627617,2.439593165871891,1.7747235930274607,2007-07-28,4.0,0,True,False
2007-07-27,2007Q3,4,diag4,student_t_ar1,2.6809330176963186,2.6456256628184374,-0.2306450177334541,0.8487848828481651,2.3240880884577653,2.297492443722903,0.3568449292385534,2007-10-28,4.0,0,True,False
2007-07-27,2007Q4,-9,diag4,student_t_ar1,3.4357467659528185,3.378042974492694,0.1350941617326615,0.9050044839721192,2.5367271478347497,2.505086204878263,0.8990196181180687,2008-01-28,4.0,0,True,False
2007-08-03,2007Q3,5,diag4,student_t_ar1,2.625430359775338,2.5915575293616366,-0.2552178342361025,0.8436269653654538,2.3240880884577653,2.297492443722903,0.30134227131757285,2007-10-28,12.0,11,False,True
2007-08-03,2007Q4,-8,diag4,student_t_ar1,3.1183520066031756,3.070719119825647,-0.014738770859632107,0.9001398812811047,2.5367271478347497,2.505086204878263,0.5816248587684258,2008-01-28,12.0,0,True,False
2007-08-10,2007Q3,6,diag4,student_t_ar1,2.410295343577884,2.381706202808997,-0.36053689874797085,0.838858539426187,2.3240880884577653,2.297492443722903,0.08620725512011873,2007-10-28,7.0,0,True,False
2007-08-10,2007Q4,-7,diag4,student_t_ar1,3.0343641655293574,2.989237927358157,-0.05563211714893921,0.8994239325781739,2.5367271478347497,2.505086204878263,0.49763701769460766,2008-01-28,7.0,0,True,False
2007-08-17,2007Q3,7,diag4,student_t_ar1,2.2164964362715978,2.192289202655175,-0.4556004925148698,0.7958885728827192,2.3240880884577653,2.297492443722903,-0.10759165218616751,2007-10-28,9.0,0,True,False
2007-08-17,2007Q4,-6,diag4,student_t_ar1,3.103532753465088,3.056346975782023,-0.021951785857298095,0.8974263224631878,2.5367271478347497,2.505086204878263,0.5668056056303383,2008-01-28,9.0,0,True,False
2007-08-24,2007Q3,8,diag4,student_t_ar1,2.1587203278052858,2.135749950078257,-0.4839761110416726,0.7951211425817211,2.3240880884577653,2.297492443722903,-0.1653677606524795,2007-10-28,2.0,0,True,False
2007-08-24,2007Q4,-5,diag4,student_t_ar1,3.0270500612562756,2.982138971638008,-0.05919490318293543,0.8962650547807285,2.5367271478347497,2.505086204878263,0.4903229134215259,2008-01-28,2.0,0,True,False
2007-08-31,2007Q3,9,diag4,student_t_ar1,2.163200457975134,2.1401353142656494,-0.4817752078529852,0.7951239964946228,2.3240880884577653,2.297492443722903,-0.16088763048263122,2007-10-28,8.0,0,True,False
2007-08-31,2007Q4,-4,diag4,student_t_ar1,3.030653872638056,2.9856368378311555,-0.057439412754059636,0.8962613411560663,2.5367271478347497,2.505086204878263,0.49392672480330635,2008-01-28,8.0,0,True,False
2007-09-07,2007Q3,10,diag4,student_t_ar1,1.8784659544389903,1.8610406632877459,-0.6218457427127492,0.7924020637557514,2.3240880884577653,2.297492443722903,-0.44562213401877493,2007-10-28,12.0,12,False,True
2007-09-07,2007Q4,-3,diag4,student_t_ar1,2.6870507050271497,2.6515834437945474,-0.22509234845339604,0.8909970469280151,2.5367271478347497,2.505086204878263,0.15032355719239998,2008-01-28,12.0,0,True,False
2007-09-14,2007Q3,11,diag4,student_t_ar1,1.8933422396651967,1.8756415890826217,-0.6145179079499901,0.7914215635205238,2.3240880884577653,2.297492443722903,-0.4307458487925686,2007-10-28,5.0,0,True,False
2007-09-14,2007Q4,-2,diag4,student_t_ar1,2.7035547635273938,2.6676543429460566,-0.21702677130262718,0.8907337347754833,2.5367271478347497,2.505086204878263,0.16682761569264404,2008-01-28,5.0,0,True,False
2007-09-21,2007Q3,12,diag4,student_t_ar1,2.110634155594804,2.088668807417064,-0.5076049438095362,0.7714390991026044,2.3240880884577653,2.297492443722903,-0.21345393286296144,2007-10-28,6.0,0,True,False
2007-09-21,2007Q4,-1,diag4,student_t_ar1,2.8851584172217226,2.84432133805353,-0.12836208206524624,0.8817715615818936,2.5367271478347497,2.505086204878263,0.3484312693869729,2008-01-28,6.0,0,True,False
2007-09-28,2007Q3,13,diag4,student_t_ar1,2.117309702155512,2.0952061562606925,-0.5043240140393547,0.7714390920581853,2.3240880884577653,2.297492443722903,-0.2067783863022532,2007-10-28,4.0,0,True,False
2007-09-28,2007Q4,0,diag4,student_t_ar1,2.8857639508026667,2.844909889219036,-0.1280667031453854,0.881773457620526,2.5367271478347497,2.505086204878263,0.34903680296791695,2008-01-28,4.0,0,True,False
2007-10-05,2007Q3,14,diag4,student_t_ar1,2.123985022513186,2.1017428562645275,-0.5010434099054276,0.7700559542209757,2.3240880884577653,2.297492443722903,-0.20010306594457905,2007-10-28,13.0,3,True,True
2007-10-05,2007Q4,1,diag4,student_t_ar1,2.8693224146024265,2.8289282320696056,-0.13608749199613032,0.8704889511129744,2.5367271478347497,2.505086204878263,0.3325952667676768,2008-01-28,13.0,0,True,False
2007-10-05,2008Q1,-12,diag4,student_t_ar1,2.940730161730598,2.898320129209372,-0.10126145676670437,0.9083452527902364,-1.6961606735480972,-1.7107102360127044,4.636890835278695,2008-04-28,13.0,0,True,False
2007-10-12,2007Q3,15,diag4,student_t_ar1,2.124234202218611,2.101986853207432,-0.5009209540210996,0.77005491919709,2.3240880884577653,2.297492443722903,-0.19985388623915412,2007-10-28,4.0,0,True,False
2007-10-12,2007Q4,2,diag4,student_t_ar1,2.870963597990106,2.8305236253875665,-0.13528680450686642,0.8704876415338981,2.5367271478347497,2.505086204878263,0.3342364501553563,2008-01-28,4.0,0,True,False
2007-10-12,2008Q1,-11,diag4,student_t_ar1,2.941406560736781,2.8989772032197343,-0.10093168796693913,0.9083451295326143,-1.6961606735480972,-1.7107102360127044,4.637567234284878,2008-04-28,4.0,0,True,False
2007-10-19,2007Q3,16,diag4,student_t_ar1,2.16560266497845,2.1424866293682956,-0.4805951423701911,0.7657020243777907,2.3240880884577653,2.297492443722903,-0.15848542347931538,2007-10-28,10.0,0,True,False
2007-10-19,2007Q4,3,diag4,student_t_ar1,3.1311475496406116,3.0831269492568807,-0.008511595602807844,0.8536046561764178,2.5367271478347497,2.505086204878263,0.5944204018058619,2008-01-28,10.0,0,True,False
2007-10-19,2008Q1,-10,diag4,student_t_ar1,3.0666877236257495,3.020604636130507,-0.03988996064705296,0.90699749556148,-1.6961606735480972,-1.7107102360127044,4.762848397173847,2008-04-28,10.0,0,True,False
2007-10-26,2007Q3,17,diag4,student_t_ar1,2.155242456981954,2.132345512343055,-0.48568471209438246,0.7656734388893599,2.3240880884577653,2.297492443722903,-0.16884563147581133,2007-10-28,4.0,0,True,False
2007-10-26,2007Q4,4,diag4,student_t_ar1,3.1182988380696885,3.070667559122676,-0.014764647870236283,0.8516790712408006,2.5367271478347497,2.505086204878263,0.5815716902349388,2008-01-28,4.0,0,True,False
2007-10-26,2008Q1,-9,diag4,student_t_ar1,3.058578025837111,3.0127359279803176,-0.04383906592510306,0.9062254743888285,-1.6961606735480972,-1.7107102360127044,4.754738699385208,2008-04-28,4.0,0,True,False
2007-11-02,2007Q4,5,diag4,student_t_ar1,3.020401387930205,2.975685435540739,-0.05827983618226911,0.8416083873101348,2.5367271478347497,2.505086204878263,0.48367424009545523,2008-01-28,11.0,11,False,True
2007-11-02,2008Q1,-8,diag4,student_t_ar1,3.010302331699677,2.9658819877474767,-0.06322304780956878,0.899704698052642,-1.6961606735480972,-1.7107102360127044,4.706463005247774,2008-04-28,11.0,0,True,False
2007-11-09,2007Q4,6,diag4,student_t_ar1,2.9766624200417757,2.9332198122573985,-0.07969236034739025,0.8339553001273872,2.5367271478347497,2.505086204878263,0.439935272207026,2008-01-28,8.0,0,True,False
2007-11-09,2008Q1,-7,diag4,student_t_ar1,2.992670107407802,2.9487635703516824,-0.0718547008459643,0.898918739969834,-1.6961606735480972,-1.7107102360127044,4.688830780955899,2008-04-28,8.0,0,True,False
2007-11-16,2007Q4,7,diag4,student_t_ar1,3.0775895275392706,3.0311815040106858,-0.03029694519175523,0.8326010758847633,2.5367271478347497,2.505086204878263,0.5408623797045209,2008-01-28,7.0,0,True,False
2007-11-16,2008Q1,-6,diag4,student_t_ar1,3.0966880141036324,3.0497080504322014,-0.020955268506591237,0.8972378285154858,-1.6961606735480972,-1.7107102360127044,4.7928486876517296,2008-04-28,7.0,0,True,False
2007-11-23,2007Q4,8,diag4,student_t_ar1,2.4192576216788275,2.3904571647448476,-0.3533706301385449,0.7926836410920224,2.5367271478347497,2.505086204878263,-0.11746952615592221,2008-01-28,4.0,0,True,False
2007-11-23,2008Q1,-5,diag4,student_t_ar1,3.0732780090519496,3.0269986271307814,-0.03240608537022558,0.8959459444642798,-1.6961606735480972,-1.7107102360127044,4.769438682600047,2008-04-28,4.0,0,True,False
2007-11-30,2007Q4,9,diag4,student_t_ar1,2.4256510836577316,2.396699411155925,-0.35022309003934476,0.7926733696914284,2.5367271478347497,2.505086204878263,-0.1110760641770181,2008-01-28,8.0,0,True,False
2007-11-30,2008Q1,-4,diag4,student_t_ar1,3.0726135896590456,3.026354016279936,-0.03273111875849659,0.8959385757774563,-1.6961606735480972,-1.7107102360127044,4.768774263207143,2008-04-28,8.0,0,True,False
2007-12-07,2007Q4,10,diag4,student_t_ar1,2.324735749161322,2.2981253920989726,-0.3999272601872054,0.7863768279966931,2.5367271478347497,2.505086204878263,-0.21199139867342787,2008-01-28,12.0,2,True,True
2007-12-07,2008Q1,-3,diag4,student_t_ar1,2.9114747417954057,2.869896416044997,-0.11162204009254825,0.8885041143105893,-1.6961606735480972,-1.7107102360127044,4.607635415343503,2008-04-28,12.0,0,True,False
2007-12-14,2007Q4,11,diag4,student_t_ar1,2.3773793669897403,2.349559759505583,-0.3739924086565127,0.7899210589867858,2.5367271478347497,2.505086204878263,-0.15934778084500945,2008-01-28,5.0,0,True,False
2007-12-14,2008Q1,-2,diag4,student_t_ar1,2.8958159603155176,2.8546794803799247,-0.1192949052821963,0.8893255501407272,-1.6961606735480972,-1.7107102360127044,4.591976633863615,2008-04-28,5.0,0,True,False
2007-12-21,2007Q4,12,diag4,student_t_ar1,2.578177464761544,2.5455028850501247,-0.27519162377888134,0.768650427112737,2.5367271478347497,2.505086204878263,0.04145031692679435,2008-01-28,6.0,0,True,False
2007-12-21,2008Q1,-1,diag4,student_t_ar1,2.7875016201351244,2.7493580070908177,-0.17240135745556837,0.8810172102733107,-1.6961606735480972,-1.7107102360127044,4.4836622936832216,2008-04-28,6.0,0,True,False
2007-12-28,2007Q4,13,diag4,student_t_ar1,2.576965149562027,2.5443210329316974,-0.27578755138075767,0.7686392108079221,2.5367271478347497,2.505086204878263,0.04023800172727743,2008-01-28,4.0,0,True,False
2007-12-28,2008Q1,0,diag4,student_t_ar1,2.7873975217557856,2.7492567317116094,-0.17245242373782124,0.8810168702678493,-1.6961606735480972,-1.7107102360127044,4.483558195303883,2008-04-28,4.0,0,True,False
2008-01-04,2007Q4,14,diag4,student_t_ar1,2.5772087121900045,2.5445584764341866,-0.2756678247797615,0.7678402751876625,2.5367271478347497,2.505086204878263,0.04048156435525474,2008-01-28,12.0,6,True,True
2008-01-04,2008Q1,1,diag4,student_t_ar1,2.8035125231918645,2.7649334962782577,-0.16454769812306835,0.8741679536745448,-1.6961606735480972,-1.7107102360127044,4.499673196739962,2008-04-28,12.0,0,True,False
2008-01-04,2008Q2,-12,diag4,student_t_ar1,2.6870456651963304,2.651578535842762,-0.2217048912099672,0.9079467287573658,2.403069701864058,2.37465037252643,0.2839759633322725,2008-07-28,12.0,0,True,False
2008-01-11,2007Q4,15,diag4,student_t_ar1,2.580810442352366,2.548069653016582,-0.2738973773541601,0.7670421331614485,2.5367271478347497,2.505086204878263,0.04408329451761617,2008-01-28,5.0,0,True,False
2008-01-11,2008Q1,2,diag4,student_t_ar1,2.810882425542882,2.7721021600831444,-0.1609330287720597,0.8692672000891888,-1.6961606735480972,-1.7107102360127044,4.507043099090979,2008-04-28,5.0,0,True,False
2008-01-11,2008Q2,-11,diag4,student_t_ar1,2.690869602295076,2.6553023413884653,-0.2198272294669245,0.9072491500732072,2.403069701864058,2.37465037252643,0.28779990043101833,2008-07-28,5.0,0,True,False
2008-01-18,2007Q4,16,diag4,student_t_ar1,2.59270716724207,2.559666398095236,-0.26804992793427046,0.7624802628020345,2.5367271478347497,2.505086204878263,0.055980019407320114,2008-01-28,10.0,0,True,False
2008-01-18,2008Q1,3,diag4,student_t_ar1,2.8260755625659106,2.786878820075915,-0.15348216464453138,0.8508855640494529,-1.6961606735480972,-1.7107102360127044,4.522236236114008,2008-04-28,10.0,0,True,False
2008-01-18,2008Q2,-10,diag4,student_t_ar1,2.696043337386178,2.660340379127236,-0.21728688985842676,0.9057016899427566,2.403069701864058,2.37465037252643,0.2929736355221202,2008-07-28,10.0,0,True,False
2008-01-25,2007Q4,17,diag4,student_t_ar1,2.589895698404643,2.556925942717108,-0.2694317531017963,0.7624791284247622,2.5367271478347497,2.505086204878263,0.053168550569893114,2008-01-28,0.0,0,True,False
2008-01-25,2008Q1,4,diag4,student_t_ar1,2.653784201149967,2.6191821884052726,-0.2380401647496595,0.8507942949065468,-1.6961606735480972,-1.7107102360127044,4.349944874698064,2008-04-28,0.0,0,True,False
2008-01-25,2008Q2,-9,diag4,student_t_ar1,2.5684905409060654,2.536058984296715,-0.27995354030006714,0.9051765872856405,2.403069701864058,2.37465037252643,0.16542083904200755,2008-07-28,0.0,0,True,False
2008-02-01,2008Q1,5,diag4,student_t_ar1,2.788941698607461,2.750759022157647,-0.16933434620128618,0.8406753544084659,-1.6961606735480972,-1.7107102360127044,4.485102372155558,2008-04-28,14.0,9,True,True
2008-02-01,2008Q2,-8,diag4,student_t_ar1,2.6369951929393842,2.602825868557325,-0.24430424567423692,0.8989816691098279,2.403069701864058,2.37465037252643,0.23392549107532634,2008-07-28,14.0,0,True,False
2008-02-08,2008Q1,6,diag4,student_t_ar1,2.6274318325751445,2.593507780167885,-0.2490264876655337,0.8341844362248266,-1.6961606735480972,-1.7107102360127044,4.323592506123242,2008-04-28,9.0,0,True,False
2008-02-08,2008Q2,-7,diag4,student_t_ar1,2.5702165879695427,2.5377417940284266,-0.2772877007414107,0.8981082519946078,2.403069701864058,2.37465037252643,0.16714688610548478,2008-07-28,9.0,0,True,False
2008-02-15,2008Q1,7,diag4,student_t_ar1,2.356287597352713,2.32895565464645,-0.3830968145192591,0.8366208745932479,-1.6961606735480972,-1.7107102360127044,4.05244827090081,2008-04-28,5.0,0,True,False
2008-02-15,2008Q2,-6,diag4,student_t_ar1,2.331658076016496,2.3048902204323714,-0.3952927499123271,0.8966910157980599,2.403069701864058,2.37465037252643,-0.07141162584756167,2008-07-28,5.0,0,True,False
2008-02-22,2008Q1,8,diag4,student_t_ar1,2.2541318735209925,2.229101763936484,-0.4337009959776939,0.792556883911399,-1.6961606735480972,-1.7107102360127044,3.9502925470690897,2008-04-28,6.0,0,True,False
2008-02-22,2008Q2,-5,diag4,student_t_ar1,2.244285175035099,2.219471666417278,-0.43858135866420894,0.8956450963566331,2.403069701864058,2.37465037252643,-0.15878452682895894,2008-07-28,6.0,0,True,False
2008-02-29,2008Q1,9,diag4,student_t_ar1,2.2610310077218365,2.235848583200407,-0.43028182759205214,0.7925541181945314,-1.6961606735480972,-1.7107102360127044,3.9571916812699337,2008-04-28,4.0,0,True,False
2008-02-29,2008Q2,-4,diag4,student_t_ar1,2.244186832351347,2.2193754823314045,-0.4386301030536401,0.8956461674454588,2.403069701864058,2.37465037252643,-0.1588828695127109,2008-07-28,4.0,0,True,False
2008-03-07,2008Q1,10,diag4,student_t_ar1,2.144362386478371,2.1216944192856806,-0.4881331339748508,0.7870294846691963,-1.6961606735480972,-1.7107102360127044,3.8405230600264684,2008-04-28,15.0,4,True,True
2008-03-07,2008Q2,-3,diag4,student_t_ar1,2.1082953774839597,2.086378345787192,-0.5060306938897448,0.8886377734999759,2.403069701864058,2.37465037252643,-0.2947743243800982,2008-07-28,15.0,0,True,False
2008-03-14,2008Q1,11,diag4,student_t_ar1,2.0631889383255775,2.042193488099166,-0.5284227963933366,0.786090438779708,-1.6961606735480972,-1.7107102360127044,3.7593496118736747,2008-04-28,5.0,0,True,False
2008-03-14,2008Q2,-2,diag4,student_t_ar1,2.059762512127228,2.0388362701339,-0.530124174936545,0.8883739001076348,2.403069701864058,2.37465037252643,-0.34330718973683005,2008-07-28,5.0,0,True,False
2008-03-21,2008Q1,12,diag4,student_t_ar1,1.9155543249105955,1.8974385623332977,-0.6017820263479802,0.7670358869589169,-1.6961606735480972,-1.7107102360127044,3.6117149984586927,2008-04-28,7.0,0,True,False
2008-03-21,2008Q2,-1,diag4,student_t_ar1,1.8303418627630075,1.8137927380881596,-0.6441722470819512,0.880135437621515,2.403069701864058,2.37465037252643,-0.5727278391010504,2008-07-28,7.0,0,True,False
2008-03-28,2008Q1,13,diag4,student_t_ar1,1.9175893256970555,1.8994352943171975,-0.6007701179794759,0.767026260667314,-1.6961606735480972,-1.7107102360127044,3.6137499992451527,2008-04-28,4.0,0,True,False
2008-03-28,2008Q2,0,diag4,student_t_ar1,1.830542812712399,1.8139900758829957,-0.6440722397862165,0.8801356493854322,2.403069701864058,2.37465037252643,-0.5725268891516588,2008-07-28,4.0,0,True,False
2008-04-04,2008Q1,14,diag4,student_t_ar1,1.9886294632236012,1.9691145231536258,-0.5654579201787497,0.7659838338478334,-1.6961606735480972,-1.7107102360127044,3.6847901367716984,2008-04-28,12.0,8,True,True
2008-04-04,2008Q2,1,diag4,student_t_ar1,2.0792249796115048,2.0579041295196743,-0.5204609218622676,0.8737946156796187,2.403069701864058,2.37465037252643,-0.3238447222525531,2008-07-28,12.0,0,True,False
2008-04-04,2008Q3,-12,diag4,student_t_ar1,2.3472284455998693,2.320104656936323,-0.3875823432355351,0.9092327810699148,-2.0845363314131338,-2.10656952111413,4.431764777013003,2008-10-28,12.0,0,True,False
2008-04-11,2008Q1,15,diag4,student_t_ar1,1.9478676739513645,1.9291395403651166,-0.5857165327219827,0.7653283271938996,-1.6961606735480972,-1.7107102360127044,3.6440283474994617,2008-04-28,5.0,0,True,False
2008-04-11,2008Q2,2,diag4,student_t_ar1,1.9489030142868513,1.9301550938061869,-0.5852018682432398,0.8691747917830732,2.403069701864058,2.37465037252643,-0.4541666875772066,2008-07-28,5.0,0,True,False
2008-04-11,2008Q3,-11,diag4,student_t_ar1,2.289367495032568,2.2635547013007993,-0.4162408581526794,0.9084572538172841,-2.0845363314131338,-2.10656952111413,4.3739038264457015,2008-10-28,5.0,0,True,False
2008-04-18,2008Q1,16,diag4,student_t_ar1,1.818023147423098,1.8016947127940932,-0.6503033118097933,0.7605883516596875,-1.6961606735480972,-1.7107102360127044,3.514183820971195,2008-04-28,10.0,0,True,False
2008-04-18,2008Q2,3,diag4,student_t_ar1,1.6943533970101399,1.680159337171849,-0.7118952854212255,0.8501712533246115,2.403069701864058,2.37465037252643,-0.708716304853918,2008-07-28,10.0,0,True,False
2008-04-18,2008Q3,-10,diag4,student_t_ar1,2.2348605911430175,2.210253529415134,-0.44325294706450596,0.9067965883940434,-2.0845363314131338,-2.10656952111413,4.319396922556152,2008-10-28,10.0,0,True,False
2008-04-25,2008Q1,17,diag4,student_t_ar1,1.8159822812299442,1.799690267427588,-0.651319129183848,0.7605876812776184,-1.6961606735480972,-1.7107102360127044,3.5121429547780414,2008-04-28,0.0,0,True,False
2008-04-25,2008Q2,4,diag4,student_t_ar1,1.5637902842930984,1.5516890792921025,-0.7770017344091942,0.8488212324106953,2.403069701864058,2.37465037252643,-0.8392794175709595,2008-07-28,0.0,0,True,False
2008-04-25,2008Q3,-9,diag4,student_t_ar1,2.1346777328405286,2.1122126304154856,-0.49293833646747626,0.9060427837258431,-2.0845363314131338,-2.10656952111413,4.219214064253663,2008-10-28,0.0,0,True,False
2008-05-02,2008Q2,5,diag4,student_t_ar1,1.7266866392029456,1.7119488142675803,-0.6526934498729822,0.8417531997566938,2.403069701864058,2.37465037252643,-0.6763830626611123,2008-07-28,13.0,11,False,True
2008-05-02,2008Q3,-8,diag4,student_t_ar1,1.726474088069696,1.7117398707127172,-0.6527966571279425,0.900296284632199,-2.0845363314131338,-2.10656952111413,3.81101041948283,2008-10-28,13.0,0,True,False
2008-05-09,2008Q2,6,diag4,student_t_ar1,1.3709947232044106,1.3616816154800724,-0.8257072387557828,0.8421212332164524,2.403069701864058,2.37465037252643,-1.0320749786596473,2008-07-28,10.0,0,True,False
2008-05-09,2008Q3,-7,diag4,student_t_ar1,1.6094088603765266,1.5965951762006316,-0.7096721508545879,0.8989837012017708,-2.0845363314131338,-2.10656952111413,3.6939451917896604,2008-10-28,10.0,0,True,False
2008-05-16,2008Q2,7,diag4,student_t_ar1,1.371200062642397,1.3618841775941952,-0.8256071836008331,0.8408393410855712,2.403069701864058,2.37465037252643,-1.0318696392216609,2008-07-28,7.0,0,True,False
2008-05-16,2008Q3,-6,diag4,student_t_ar1,1.574132497963343,1.5618715341853415,-0.7268238250326771,0.8989062747117273,-2.0845363314131338,-2.10656952111413,3.658668829376477,2008-10-28,7.0,0,True,False
2008-05-23,2008Q2,8,diag4,student_t_ar1,0.7392419915221105,0.7365229896916619,-1.134503103383788,0.7909227957379185,2.403069701864058,2.37465037252643,-1.6638277103419474,2008-07-28,4.0,0,True,False
2008-05-23,2008Q3,-5,diag4,student_t_ar1,1.5386798968678006,1.5269622627931736,-0.7440671904737015,0.8953772891023877,-2.0845363314131338,-2.10656952111413,3.6232162282809344,2008-10-28,4.0,0,True,False
2008-05-30,2008Q2,9,diag4,student_t_ar1,0.7457165009290501,0.7429497815054291,-1.131328602300301,0.7909394634713881,2.403069701864058,2.37465037252643,-1.6573532009350078,2008-07-28,8.0,0,True,False
2008-05-30,2008Q3,-4,diag4,student_t_ar1,1.5451378201233545,1.5333221228059886,-0.7409257502206881,0.8953691265563204,-2.0845363314131338,-2.10656952111413,3.6296741515364883,2008-10-28,8.0,0,True,False
2008-06-06,2008Q2,10,diag4,student_t_ar1,0.6734892459407504,0.6712314388416023,-1.1667537355688926,0.7873399633503736,2.403069701864058,2.37465037252643,-1.7295804559233074,2008-07-28,10.0,8,True,True
2008-06-06,2008Q3,-3,diag4,student_t_ar1,1.5034723186315047,1.492282194437916,-0.7611973415287469,0.8895948740347971,-2.0845363314131338,-2.10656952111413,3.5880086500446384,2008-10-28,10.0,0,True,False
2008-06-13,2008Q2,11,diag4,student_t_ar1,0.679516103479405,0.6772177984988459,-1.1637967850765252,0.788355883534717,2.403069701864058,2.37465037252643,-1.7235535983846528,2008-07-28,6.0,0,True,False
2008-06-13,2008Q3,-2,diag4,student_t_ar1,1.474110481780433,1.4633510813063264,-0.775487807541038,0.8897875744144041,-2.0845363314131338,-2.10656952111413,3.5586468131935667,2008-10-28,6.0,0,True,False
2008-06-20,2008Q2,12,diag4,student_t_ar1,0.2000904581856977,0.19989054385698424,-1.3995716368139675,0.7660394805508662,2.403069701864058,2.37465037252643,-2.20297924367836,2008-07-28,7.0,0,True,False
2008-06-20,2008Q3,-1,diag4,student_t_ar1,1.0755098648659756,1.0697673947152662,-0.9698976897546752,0.8800014272501208,-2.0845363314131338,-2.10656952111413,3.1600461962791093,2008-10-28,7.0,0,True,False
2008-06-27,2008Q2,13,diag4,student_t_ar1,0.2023404933020334,0.20213606064612266,-1.3984624682448477,0.7660373943809993,2.403069701864058,2.37465037252643,-2.2007292085620245,2008-07-28,4.0,0,True,False
2008-06-27,2008Q3,0,diag4,student_t_ar1,1.0756672530426004,1.0699231080570024,-0.9698207754580278,0.8800026390471308,-2.0845363314131338,-2.10656952111413,3.160203584455734,2008-10-28,4.0,0,True,False
2008-07-04,2008Q2,14,diag4,student_t_ar1,0.22781404725633614,0.2275549444960836,-1.385906860927699,0.7641615879688167,2.403069701864058,2.37465037252643,-2.1752556546077217,2008-07-28,9.0,84,True,True
2008-07-04,2008Q3,1,diag4,student_t_ar1,1.1439461244575844,1.1374525359589944,-0.9364647483368601,0.8736929090839647,-2.0845363314131338,-2.10656952111413,3.228482455870718,2008-10-28,9.0,0,True,False
2008-07-04,2008Q4,-12,diag4,student_t_ar1,2.056609357672934,2.0357467046809603,-0.4927541234199147,0.9119675791127653,-8.472768957225274,-8.853365095794153,10.529378314898207,2009-01-28,9.0,0,True,False
2008-07-11,2008Q2,15,diag4,student_t_ar1,0.18260530390674656,0.18243878310806227,-1.4081918994600249,0.7635265102360256,2.403069701864058,2.37465037252643,-2.2204643979573113,2008-07-28,7.0,0,True,False
2008-07-11,2008Q3,2,diag4,student_t_ar1,0.9742557055067325,0.969540435728609,-1.0194045975739325,0.8683080113104545,-2.0845363314131338,-2.10656952111413,3.0587920369198662,2008-10-28,7.0,0,True,False
2008-07-11,2008Q4,-11,diag4,student_t_ar1,1.9796500876734457,1.960309844724483,-0.5300160109379897,0.9109821123338737,-8.472768957225274,-8.853365095794153,10.452419044898718,2009-01-28,7.0,0,True,False
2008-07-18,2008Q2,16,diag4,student_t_ar1,0.15528392228278953,0.155163481467548,-1.4216644806668353,0.7587277476593297,2.403069701864058,2.37465037252643,-2.2477857795812684,2008-07-28,11.0,0,True,False
2008-07-18,2008Q3,3,diag4,student_t_ar1,0.86108543266874,0.85739923779991,-1.0747965201138179,0.8484442911691382,-2.0845363314131338,-2.10656952111413,2.945621764081874,2008-10-28,11.0,0,True,False
2008-07-18,2008Q4,-10,diag4,student_t_ar1,1.853416292819654,1.8364498516099257,-0.5911964091423546,0.9091210712842198,-8.472768957225274,-8.853365095794153,10.326185250044928,2009-01-28,11.0,0,True,False
2008-07-25,2008Q2,17,diag4,student_t_ar1,0.15508613550845318,0.15496600115309,-1.4217620256769086,0.7587269711165895,2.403069701864058,2.37465037252643,-2.2479835663556047,2008-07-28,0.0,0,True,False
2008-07-25,2008Q3,4,diag4,student_t_ar1,0.8382045275366234,0.8347111011834829,-1.0860032802451884,0.8464184145674323,-2.0845363314131338,-2.10656952111413,2.922740858949757,2008-10-28,0.0,0,True,False
2008-07-25,2008Q4,-9,diag4,student_t_ar1,1.834938067213554,1.8183062265461782,-0.6001584167959809,0.9080865118579973,-8.472768957225274,-8.853365095794153,10.307707024438827,2009-01-28,0.0,0,True,False
2008-08-01,2008Q3,5,diag4,student_t_ar1,0.9544418022559453,0.949915782512972,-1.0306095661030898,0.8399144351938559,-2.0845363314131338,-2.10656952111413,3.038978133669079,2008-10-28,13.0,12,False,True
2008-08-01,2008Q4,-8,diag4,student_t_ar1,2.3771257510850186,2.3493120326928687,-0.33602926181783793,0.8965421513687413,-8.472768957225274,-8.853365095794153,10.849894708310291,2009-01-28,13.0,0,True,False
2008-08-08,2008Q3,6,diag4,student_t_ar1,0.6052511300094654,0.6034268426699656,-1.2025868693413198,0.8349749658812617,-2.0845363314131338,-2.10656952111413,2.689787461422599,2008-10-28,10.0,0,True,False
2008-08-08,2008Q4,-7,diag4,student_t_ar1,2.20308440966841,2.1791671459843407,-0.42047945751287186,0.8948184817423961,-8.472768957225274,-8.853365095794153,10.675853366893683,2009-01-28,10.0,0,True,False
2008-08-15,2008Q3,7,diag4,student_t_ar1,0.5201336059881267,0.5187855834726705,-1.244597952021287,0.833294528627325,-2.0845363314131338,-2.10656952111413,2.6046699374012605,2008-10-28,5.0,0,True,False
2008-08-15,2008Q4,-6,diag4,student_t_ar1,2.1759316167716536,2.152596127506601,-0.4336677921943927,0.8947310357668448,-8.472768957225274,-8.853365095794153,10.648700573996926,2009-01-28,5.0,0,True,False
2008-08-22,2008Q3,8,diag4,student_t_ar1,0.41766160079714787,0.4167918157310164,-1.2952218280135877,0.7898550476427326,-2.0845363314131338,-2.10656952111413,2.5021979322102816,2008-10-28,6.0,0,True,False
2008-08-22,2008Q4,-5,diag4,student_t_ar1,2.1627210086036186,2.1396660156391625,-0.4400855605957109,0.8910258964660956,-8.472768957225274,-8.853365095794153,10.635489965828892,2009-01-28,6.0,0,True,False
2008-08-29,2008Q3,9,diag4,student_t_ar1,0.41477091560642165,0.41391311217233673,-1.2966506519035172,0.789853615501793,-2.0845363314131338,-2.10656952111413,2.4993072470195554,2008-10-28,4.0,0,True,False
2008-08-29,2008Q4,-4,diag4,student_t_ar1,2.1628634812755676,2.139805472156371,-0.44001634235238296,0.8910268779895278,-8.472768957225274,-8.853365095794153,10.635632438500842,2009-01-28,4.0,0,True,False
2008-09-05,2008Q3,10,diag4,student_t_ar1,0.22716231650306007,0.22690469298812843,-1.3894709411419464,0.7860384206659875,-2.0845363314131338,-2.10656952111413,2.311698647916194,2008-10-28,12.0,12,False,True
2008-09-05,2008Q4,-3,diag4,student_t_ar1,1.961101986622804,1.942120149027928,-0.5381360363801687,0.8844999328502768,-8.472768957225274,-8.853365095794153,10.433870943848078,2009-01-28,12.0,0,True,False
2008-09-12,2008Q3,11,diag4,student_t_ar1,0.22722028131620942,0.22696252640878933,-1.3894422359378877,0.7860479472253807,-2.0845363314131338,-2.10656952111413,2.311756612729343,2008-10-28,4.0,0,True,False
2008-09-12,2008Q4,-2,diag4,student_t_ar1,1.9605918285504842,1.9416198019949342,-0.538384380045789,0.8845023116710407,-8.472768957225274,-8.853365095794153,10.433360785775758,2009-01-28,4.0,0,True,False
2008-09-19,2008Q3,12,diag4,student_t_ar1,-0.7781998824399006,-0.7812436591193288,-1.8898581538999164,0.7666734484310163,-2.0845363314131338,-2.10656952111413,1.3063364489732332,2008-10-28,10.0,0,True,False
2008-09-19,2008Q4,-1,diag4,student_t_ar1,1.643042313644072,1.6296904263491698,-0.6932082911600939,0.8757273215911932,-8.472768957225274,-8.853365095794153,10.115811270869346,2009-01-28,10.0,0,True,False
2008-09-26,2008Q3,13,diag4,student_t_ar1,-0.7825460518494642,-0.7856240116163304,-1.8920323104834094,0.7666683683442145,-2.0845363314131338,-2.10656952111413,1.3019902795636695,2008-10-28,4.0,0,True,False
2008-09-26,2008Q4,0,diag4,student_t_ar1,1.6427006496724017,1.6293542847519258,-0.6933751326339557,0.8757285737346605,-8.472768957225274,-8.853365095794153,10.115469606897676,2009-01-28,4.0,0,True,False
2008-10-03,2008Q3,14,diag4,student_t_ar1,-0.9853684967144005,-0.9902553811324615,-1.9935996248781354,0.765168930970256,-2.0845363314131338,-2.10656952111413,1.0991678346987332,2008-10-28,10.0,83,True,True
2008-10-03,2008Q4,1,diag4,student_t_ar1,1.102870322118843,1.0968330556376689,-0.9576882300207666,0.8748069089482488,-8.472768957225274,-8.853365095794153,9.575639279344117,2009-01-28,10.0,0,True,False
2008-10-03,2009Q1,-12,diag4,student_t_ar1,1.2270575800439554,1.219590252072098,-0.8967585749343897,0.9123602579946941,-4.462803810727223,-4.565452543960741,5.689861390771179,2009-04-28,10.0,0,True,False
2008-10-10,2008Q3,15,diag4,student_t_ar1,-1.1725427010330414,-1.1794711959231248,-2.087515539113282,0.7670860451497533,-2.0845363314131338,-2.10656952111413,0.9119936303800924,2008-10-28,7.0,0,True,False
2008-10-10,2008Q4,2,diag4,student_t_ar1,0.4326980525538815,0.4317646062311522,-1.287790190705537,0.8753796907448722,-8.472768957225274,-8.853365095794153,8.905467009779155,2009-01-28,7.0,0,True,False
2008-10-10,2009Q1,-11,diag4,student_t_ar1,0.9165485548471075,0.9123737386691531,-1.0492432906347786,0.911385899050361,-4.462803810727223,-4.565452543960741,5.379352365574331,2009-04-28,7.0,0,True,False
2008-10-17,2008Q3,16,diag4,student_t_ar1,-2.293552262043308,-2.320263384615122,-2.653739569973779,0.7590993795849694,-2.0845363314131338,-2.10656952111413,-0.2090159306301742,2008-10-28,9.0,0,True,False
2008-10-17,2008Q4,3,diag4,student_t_ar1,-2.3945636934596837,-2.423699425813088,-2.7050793080644806,0.8476202460914987,-8.472768957225274,-8.853365095794153,6.0782052637655895,2009-01-28,9.0,0,True,False
2008-10-17,2009Q1,-10,diag4,student_t_ar1,0.5297935400883524,0.5283950712698524,-1.2398283515901487,0.9094006786922355,-4.462803810727223,-4.565452543960741,4.992597350815576,2009-04-28,9.0,0,True,False
2008-10-24,2008Q3,17,diag4,student_t_ar1,-2.293153633371825,-2.31985539940274,-2.6535370694361915,0.7590978936414171,-2.0845363314131338,-2.10656952111413,-0.20861730195869121,2008-10-28,2.0,0,True,False
2008-10-24,2008Q4,4,diag4,student_t_ar1,-2.687872256587287,-2.724656177395693,-2.854457035826774,0.8497805711720446,-8.472768957225274,-8.853365095794153,5.7848967006379866,2009-01-28,2.0,0,True,False
2008-10-24,2009Q1,-9,diag4,student_t_ar1,0.2267683296629297,0.22651159833653445,-1.3896660508563552,0.9087051248028293,-4.462803810727223,-4.565452543960741,4.689572140390153,2009-04-28,2.0,0,True,False
2008-10-31,2008Q4,5,diag4,student_t_ar1,-2.921475586412925,-2.965000494043722,-2.8654456808174777,0.8474172592667394,-8.472768957225274,-8.853365095794153,5.551293370812349,2009-01-28,10.0,0,True,False
2008-10-31,2009Q1,-8,diag4,student_t_ar1,0.12391447059181271,0.12383775997553048,-1.3747159824927675,0.903757487158103,-4.462803810727223,-4.565452543960741,4.586718281319036,2009-04-28,10.0,0,True,False
2008-11-07,2008Q4,6,diag4,student_t_ar1,-4.322134918977916,-4.418320915111906,-3.5668446323647194,0.823927356636714,-8.472768957225274,-8.853365095794153,4.150634038247357,2009-01-28,13.0,22,True,True
2008-11-07,2009Q1,-7,diag4,student_t_ar1,-0.5471156161223734,-0.5486177751458339,-1.6992552929289315,0.8811805989367786,-4.462803810727223,-4.565452543960741,3.91568819460485,2009-04-28,13.0,0,True,False
2008-11-14,2008Q4,7,diag4,student_t_ar1,-5.503110593887717,-5.660326836758497,-4.1662593509841,0.9539210002503882,-8.472768957225274,-8.853365095794153,2.9696583633375564,2009-01-28,5.0,0,True,False
2008-11-14,2009Q1,-6,diag4,student_t_ar1,-0.40813654454339154,-0.4089716948820601,-1.6318595467020245,0.8821370738779236,-4.462803810727223,-4.565452543960741,4.054667266183832,2009-04-28,5.0,0,True,False
2008-11-21,2008Q4,8,diag4,student_t_ar1,-1.9258776380836062,-1.9446642574712825,-2.3730127966558707,0.7624721296543017,-8.472768957225274,-8.853365095794153,6.546891319141667,2009-01-28,6.0,0,True,False
2008-11-21,2009Q1,-5,diag4,student_t_ar1,-0.269453923767049,-0.26981760430009727,-1.5647012436720835,0.876922415128175,-4.462803810727223,-4.565452543960741,4.193349886960174,2009-04-28,6.0,0,True,False
2008-11-28,2008Q4,9,diag4,student_t_ar1,-1.9380329391368023,-1.9570590198064912,-2.3789947351056195,0.7624822553420487,-8.472768957225274,-8.853365095794153,6.534736018088472,2009-01-28,4.0,0,True,False
2008-11-28,2009Q1,-4,diag4,student_t_ar1,-0.26866352554069106,-0.26902507370102047,-1.564318753944971,0.8769243778218317,-4.462803810727223,-4.565452543960741,4.194140285186532,2009-04-28,4.0,0,True,False
2008-12-05,2008Q4,10,diag4,student_t_ar1,-2.9470667511922843,-2.991365273081334,-2.8781698042156507,0.7852908715320345,-8.472768957225274,-8.853365095794153,5.525702206032989,2009-01-28,13.0,12,False,True
2008-12-05,2009Q1,-3,diag4,student_t_ar1,-1.8060830843472764,-1.8225918415512656,-2.3140984214789175,0.8607829699070955,-4.462803810727223,-4.565452543960741,2.656720726379947,2009-04-28,13.0,0,True,False
2008-12-12,2008Q4,11,diag4,student_t_ar1,-2.947462323794181,-2.9917728582977765,-2.878366512277641,0.7853277756502935,-8.472768957225274,-8.853365095794153,5.525306633431093,2009-01-28,4.0,0,True,False
2008-12-12,2009Q1,-2,diag4,student_t_ar1,-1.8050957784616406,-1.8215863811794013,-2.3136131679584797,0.8607765653226391,-4.462803810727223,-4.565452543960741,2.6577080322655826,2009-04-28,4.0,0,True,False
2008-12-19,2008Q4,12,diag4,student_t_ar1,-2.5071794917400636,-2.5391446508258046,-2.6599198809916045,0.738068804870783,-8.472768957225274,-8.853365095794153,5.96558946548521,2009-01-28,10.0,0,True,False
2008-12-19,2009Q1,-1,diag4,student_t_ar1,-1.3954822838038172,-1.40531068064633,-2.112710919785369,0.8461994018681073,-4.462803810727223,-4.565452543960741,3.067321526923406,2009-04-28,10.0,0,True,False
2008-12-26,2008Q4,13,diag4,student_t_ar1,-2.514515426761532,-2.546669523936037,-2.663551522048546,0.7379053299401965,-8.472768957225274,-8.853365095794153,5.958253530463741,2009-01-28,4.0,0,True,False
2008-12-26,2009Q1,0,diag4,student_t_ar1,-1.3621928997188615,-1.3715558722582126,-2.0964202333889705,0.8442236325768995,-4.462803810727223,-4.565452543960741,3.1006109110083617,2009-04-28,4.0,0,True,False
2009-01-02,2008Q4,14,diag4,student_t_ar1,-2.7203000141535427,-2.7579851802061843,-2.7655363132926274,0.7393827725366575,-8.472768957225274,-8.853365095794153,5.752468943071731,2009-01-28,8.0,46,True,True
2009-01-02,2009Q1,1,diag4,student_t_ar1,-2.014085745542449,-2.034644974533921,-2.416439132439976,0.8493395696700057,-4.462803810727223,-4.565452543960741,2.4487180651847744,2009-04-28,8.0,0,True,False
2009-01-02,2009Q2,-12,diag4,student_t_ar1,-1.00633468821687,-1.0114324650406221,-1.9226181064881558,0.8800289219154639,-0.7126911125331037,-0.7152428870508096,-0.2936435756837663,2009-07-28,8.0,0,True,False
2009-01-09,2008Q4,15,diag4,student_t_ar1,-2.7932480767945522,-2.833001270371723,-2.8017404471013365,0.7392693992655665,-8.472768957225274,-8.853365095794153,5.679520880430721,2009-01-28,8.0,0,True,False
2009-01-09,2009Q1,2,diag4,student_t_ar1,-2.24295972511368,-2.2684966443673207,-2.529300215007137,0.8404267267516843,-4.462803810727223,-4.565452543960741,2.219844085613543,2009-04-28,8.0,0,True,False
2009-01-09,2009Q2,-11,diag4,student_t_ar1,-1.0365844797147195,-1.041994434944551,-1.9373678707776292,0.8770915500722566,-0.7126911125331037,-0.7152428870508096,-0.32389336718161577,2009-07-28,8.0,0,True,False
2009-01-16,2008Q4,16,diag4,student_t_ar1,-2.9806337447870423,-3.0259575296942276,-2.8948646584048623,0.7405511409526591,-8.472768957225274,-8.853365095794153,5.492135212438232,2009-01-28,7.0,0,True,False
2009-01-16,2009Q1,3,diag4,student_t_ar1,-2.5763405332322353,-2.6101094501116253,-2.694168787904542,0.8441438384460048,-4.462803810727223,-4.565452543960741,1.8864632774949879,2009-04-28,7.0,0,True,False
2009-01-16,2009Q2,-10,diag4,student_t_ar1,-1.0575025979947306,-1.063133892628294,-1.947570158752608,0.8771120741470132,-0.7126911125331037,-0.7152428870508096,-0.3448114854616269,2009-07-28,7.0,0,True,False
2009-01-23,2008Q4,17,diag4,student_t_ar1,-3.1726285378689045,-3.224046863694912,-2.990466185202821,0.7319535528443409,-8.472768957225274,-8.853365095794153,5.300140419356369,2009-01-28,4.0,0,True,False
2009-01-23,2009Q1,4,diag4,student_t_ar1,-3.1397763963944447,-3.1901240491973204,-2.9740944159926603,0.8148159714402885,-4.462803810727223,-4.565452543960741,1.3230274143327785,2009-04-28,4.0,0,True,False
2009-01-23,2009Q2,-9,diag4,student_t_ar1,-0.9446408815873664,-0.9491309123795766,-1.8925502404603018,0.8743887655934242,-0.7126911125331037,-0.7152428870508096,-0.23194976905426268,2009-07-28,4.0,0,True,False
2009-01-30,2009Q1,5,diag4,student_t_ar1,-3.7302799649146845,-3.801635032454598,-2.7845051378631465,0.817751446848068,-4.462803810727223,-4.565452543960741,0.7325238458125387,2009-04-28,10.0,0,True,False
2009-01-30,2009Q2,-8,diag4,student_t_ar1,-2.2439940841862183,-2.2695547416070774,-2.143060207449978,0.8711864546492545,-0.7126911125331037,-0.7152428870508096,-1.5313029716531146,2009-07-28,10.0,0,True,False
2009-02-06,2009Q1,6,diag4,student_t_ar1,-4.716914214573897,-4.831787496856256,-3.215805037607656,0.7792900137844979,-4.462803810727223,-4.565452543960741,-0.25411040384667416,2009-04-28,11.0,56,True,True
2009-02-06,2009Q2,-7,diag4,student_t_ar1,-2.440918268880987,-2.4712025034821856,-2.227485244020612,0.8109597213100211,-0.7126911125331037,-0.7152428870508096,-1.7282271563478835,2009-07-28,11.0,0,True,False
2009-02-13,2009Q1,7,diag4,student_t_ar1,-4.669070110765872,-4.781587510623944,-3.1947875185729884,0.7871477597843981,-4.462803810727223,-4.565452543960741,-0.20626630003864843,2009-04-28,6.0,0,True,False
2009-02-13,2009Q2,-6,diag4,student_t_ar1,-2.4521910580684536,-2.4827580043270023,-2.232323252498087,0.8109634254847311,-0.7126911125331037,-0.7152428870508096,-1.73949994553535,2009-07-28,6.0,0,True,False
2009-02-20,2009Q1,8,diag4,student_t_ar1,-6.686839193172167,-6.920902905987539,-4.090467087789112,0.6946143858355677,-4.462803810727223,-4.565452543960741,-2.224035382444944,2009-04-28,7.0,0,True,False
2009-02-20,2009Q2,-5,diag4,student_t_ar1,-2.5941586872656908,-2.628400472787182,-2.2933002284468884,0.8066445053733375,-0.7126911125331037,-0.7152428870508096,-1.881467574732587,2009-07-28,7.0,0,True,False
2009-02-27,2009Q1,9,diag4,student_t_ar1,-6.698878090077476,-6.933805344907796,-4.095869026633183,0.6945764284605606,-4.462803810727223,-4.565452543960741,-2.2360742793502526,2009-04-28,4.0,0,True,False
2009-02-27,2009Q2,-4,diag4,student_t_ar1,-2.5931942266253283,-2.6274103310743193,-2.2928856800802655,0.8066402005210985,-0.7126911125331037,-0.7152428870508096,-1.8805031140922246,2009-07-28,4.0,0,True,False
2009-03-06,2009Q1,10,diag4,student_t_ar1,-7.357570975446393,-7.642295246662728,-4.392496597945537,0.6904994616618642,-4.462803810727223,-4.565452543960741,-2.8947671647191697,2009-04-28,10.0,53,True,True
2009-03-06,2009Q2,-3,diag4,student_t_ar1,-3.4485218379095017,-3.5093867421435085,-2.662147853220927,0.8020349678155725,-0.7126911125331037,-0.7152428870508096,-2.735830725376398,2009-07-28,10.0,0,True,False
2009-03-13,2009Q1,11,diag4,student_t_ar1,-7.374414918052519,-7.660478571759372,-4.400109515996225,0.6891856041161792,-4.462803810727223,-4.565452543960741,-2.911611107325296,2009-04-28,8.0,0,True,False
2009-03-13,2009Q2,-2,diag4,student_t_ar1,-3.4474043503641916,-3.5082293480779505,-2.6616632803429403,0.8016436576151782,-0.7126911125331037,-0.7152428870508096,-2.734713237831088,2009-07-28,8.0,0,True,False
2009-03-20,2009Q1,12,diag4,student_t_ar1,-6.750353011512821,-6.988991311758209,-4.11897405505605,0.6697480682812873,-4.462803810727223,-4.565452543960741,-2.287549200785598,2009-04-28,9.0,0,True,False
2009-03-20,2009Q2,-1,diag4,student_t_ar1,-2.9303494998960566,-2.9741418763855902,-2.438053784704342,0.790689830504461,-0.7126911125331037,-0.7152428870508096,-2.217658387362953,2009-07-28,9.0,0,True,False
2009-03-27,2009Q1,13,diag4,student_t_ar1,-6.768111618935135,-7.008037280508738,-4.126948141122438,0.6696930789885283,-4.462803810727223,-4.565452543960741,-2.305307808207912,2009-04-28,4.0,0,True,False
2009-03-27,2009Q2,0,diag4,student_t_ar1,-2.931872876765229,-2.9757112534412666,-2.438710844887339,0.7906854073293887,-0.7126911125331037,-0.7152428870508096,-2.2191817642321254,2009-07-28,4.0,0,True,False
2009-04-03,2009Q1,14,diag4,student_t_ar1,-6.733652359509912,-6.971083301154868,-4.111476404519117,0.6695603695015325,-4.462803810727223,-4.565452543960741,-2.2708485487826886,2009-04-28,9.0,13,True,True
2009-04-03,2009Q2,1,diag4,student_t_ar1,-2.618883835165131,-2.653787334774675,-2.303929093016361,0.7794194820806469,-0.7126911125331037,-0.7152428870508096,-1.9061927226320274,2009-07-28,9.0,0,True,False
2009-04-03,2009Q3,-12,diag4,student_t_ar1,-1.6404240358510846,-1.6540279709285244,-1.8853540487427631,0.8254041617600408,1.4121870876976361,1.4023086188557472,-3.0526111235487208,2009-10-28,9.0,0,True,False
2009-04-10,2009Q1,15,diag4,student_t_ar1,-6.854987012687063,-7.101262781529561,-4.165979401672076,0.6707873623661553,-4.462803810727223,-4.565452543960741,-2.39218320195984,2009-04-28,7.0,0,True,False
2009-04-10,2009Q2,2,diag4,student_t_ar1,-3.1311259686010784,-3.1811936118962443,-2.5247413342211416,0.7762516310690841,-0.7126911125331037,-0.7152428870508096,-2.4184348560679747,2009-07-28,7.0,0,True,False
2009-04-10,2009Q3,-11,diag4,student_t_ar1,-1.8688122549220698,-1.886495205125562,-1.9826824523216464,0.8238117031708424,1.4121870876976361,1.4023086188557472,-3.280999342619706,2009-10-28,7.0,0,True,False
2009-04-17,2009Q1,16,diag4,student_t_ar1,-6.901541956476875,-7.151256421040012,-4.186910528329376,0.6652942610673445,-4.462803810727223,-4.565452543960741,-2.438738145749652,2009-04-28,9.0,0,True,False
2009-04-17,2009Q2,3,diag4,student_t_ar1,-3.2367348086299597,-3.290275555549475,-2.570411303460987,0.7541166980901354,-0.7126911125331037,-0.7152428870508096,-2.524043696096856,2009-07-28,9.0,0,True,False
2009-04-17,2009Q3,-10,diag4,student_t_ar1,-1.7251916842562665,-1.7402465170558603,-1.921451666897214,0.822055462308638,1.4121870876976361,1.4023086188557472,-3.1373787719539026,2009-10-28,9.0,0,True,False
2009-04-24,2009Q1,17,diag4,student_t_ar1,-6.901540406803042,-7.151254756486319,-4.186909831421039,0.6653053701994585,-4.462803810727223,-4.565452543960741,-2.4387365960758185,2009-04-28,2.0,0,True,False
2009-04-24,2009Q2,4,diag4,student_t_ar1,-3.08994688191484,-3.138692512409473,-2.506947152698387,0.7579587899802862,-0.7126911125331037,-0.7152428870508096,-2.3772557693817364,2009-07-28,2.0,0,True,False
2009-04-24,2009Q3,-9,diag4,student_t_ar1,-1.5175754695844201,-1.5292084894075684,-1.8330951533593318,0.8214556699783756,1.4121870876976361,1.4023086188557472,-2.9297625572820563,2009-10-28,2.0,0,True,False
2009-05-01,2009Q2,5,diag4,student_t_ar1,-2.6383350150429363,-2.673763613050713,-2.1851937978592,0.7403166405242498,-0.7126911125331037,-0.7152428870508096,-1.9256439025098326,2009-07-28,13.0,12,False,True
2009-05-01,2009Q3,-8,diag4,student_t_ar1,-0.6397031805711939,-0.6417580494292867,-1.3699214845007632,0.7643188743689896,1.4121870876976361,1.4023086188557472,-2.05189026826883,2009-10-28,13.0,0,True,False
2009-05-08,2009Q2,6,diag4,student_t_ar1,-3.096999910473097,-3.1459706894410444,-2.3746506391420876,0.7308079339446838,-0.7126911125331037,-0.7152428870508096,-2.3843087979399935,2009-07-28,10.0,0,True,False
2009-05-08,2009Q3,-7,diag4,student_t_ar1,-0.8601074167105205,-0.8638276881327385,-1.459019285861983,0.7594399243989718,1.4121870876976361,1.4023086188557472,-2.2722945044081566,2009-10-28,10.0,0,True,False
2009-05-15,2009Q2,7,diag4,student_t_ar1,-2.9812252521703275,-3.026567211255012,-2.3267441020604274,0.726901183830093,-0.7126911125331037,-0.7152428870508096,-2.268534139637224,2009-07-28,5.0,0,True,False
2009-05-15,2009Q3,-6,diag4,student_t_ar1,-0.8658058881092501,-0.8695757629268575,-1.461325503088282,0.7593988805173271,1.4121870876976361,1.4023086188557472,-2.277992975806886,2009-10-28,5.0,0,True,False
2009-05-22,2009Q2,8,diag4,student_t_ar1,-2.8790741615656756,-2.921332578953327,-2.2845223268556802,0.6577607337392031,-0.7126911125331037,-0.7152428870508096,-2.166383049032572,2009-07-28,6.0,0,True,False
2009-05-22,2009Q3,-5,diag4,student_t_ar1,-0.5863223665547701,-0.5880479845713351,-1.3483721690799262,0.7567497579578416,1.4121870876976361,1.4023086188557472,-1.9985094542524062,2009-10-28,6.0,0,True,False
2009-05-29,2009Q2,9,diag4,student_t_ar1,-2.8834059645900023,-2.9257928943731897,-2.286311874943422,0.6577571411421227,-0.7126911125331037,-0.7152428870508096,-2.1707148520568986,2009-07-28,4.0,0,True,False
2009-05-29,2009Q3,-4,diag4,student_t_ar1,-0.5861229940784973,-0.5878474364364084,-1.3482917060414246,0.7567516804023423,1.4121870876976361,1.4023086188557472,-1.9983100817761335,2009-10-28,4.0,0,True,False
2009-06-05,2009Q2,10,diag4,student_t_ar1,-2.346949611469562,-2.374929117551663,-2.0652967391018344,0.6652677421607971,-0.7126911125331037,-0.7152428870508096,-1.6342584989364584,2009-07-28,13.0,11,False,True
2009-06-05,2009Q3,-3,diag4,student_t_ar1,0.2857384881297165,0.2853310317004203,-0.9979588907985449,0.7482502732413491,1.4121870876976361,1.4023086188557472,-1.1264485995679197,2009-10-28,13.0,0,True,False
2009-06-12,2009Q2,11,diag4,student_t_ar1,-2.35086405705498,-2.378937721509939,-2.0669050535085023,0.6652253477584634,-0.7126911125331037,-0.7152428870508096,-1.6381729445218762,2009-07-28,4.0,0,True,False
2009-06-12,2009Q3,-2,diag4,student_t_ar1,0.2846700279187875,0.284265610117195,-0.9983863545488461,0.7482381714602279,1.4121870876976361,1.4023086188557472,-1.1275170597788486,2009-10-28,4.0,0,True,False
2009-06-19,2009Q2,12,diag4,student_t_ar1,-2.877552053283028,-2.919765361237715,-2.283893534673504,0.6358052880376484,-0.7126911125331037,-0.7152428870508096,-2.164860940749924,2009-07-28,10.0,0,True,False
2009-06-19,2009Q3,-1,diag4,student_t_ar1,0.1927147773076232,0.19252932061074457,-1.0351923841699229,0.7380086017736669,1.4121870876976361,1.4023086188557472,-1.219472310390013,2009-10-28,10.0,0,True,False
2009-06-26,2009Q2,13,diag4,student_t_ar1,-2.877992105802185,-2.9202184526963637,-2.2840753220309153,0.6357875110842229,-0.7126911125331037,-0.7152428870508096,-2.1653009932690814,2009-07-28,4.0,0,True,False
2009-06-26,2009Q3,0,diag4,student_t_ar1,0.19260325528318578,0.19241801303038786,-1.0352370425065713,0.7380086514879741,1.4121870876976361,1.4023086188557472,-1.2195838324144503,2009-10-28,4.0,0,True,False
2009-07-03,2009Q2,14,diag4,student_t_ar1,-2.792018258536866,-2.8317361211368595,-2.2485748310709877,0.6380985903301382,-0.7126911125331037,-0.7152428870508096,-2.079327146003762,2009-07-28,8.0,6,True,True
2009-07-03,2009Q3,1,diag4,student_t_ar1,0.6452411491333132,0.6431683798928511,-0.8543889676203016,0.7430022165137917,1.4121870876976361,1.4023086188557472,-0.7669459385643229,2009-10-28,8.0,0,True,False
2009-07-03,2009Q4,-12,diag4,student_t_ar1,0.39099633447847726,0.3902339304788729,-0.9558702122554146,0.7730063195695992,4.394263592305325,4.300454151697932,-4.003267257826848,2010-01-28,8.0,0,True,False
2009-07-10,2009Q2,15,diag4,student_t_ar1,-2.886179446957393,-2.928648762619623,-2.287457693810063,0.6376041309399753,-0.7126911125331037,-0.7152428870508096,-2.1734883344242895,2009-07-28,8.0,0,True,False
2009-07-10,2009Q3,2,diag4,student_t_ar1,0.19990227731656596,0.19970273859157572,-1.0323142970344248,0.730820781056261,1.4121870876976361,1.4023086188557472,-1.2122848103810702,2009-10-28,8.0,0,True,False
2009-07-10,2009Q4,-11,diag4,student_t_ar1,0.20332512486529453,0.20311869909623503,-1.0309437604213205,0.7701288282671971,4.394263592305325,4.300454151697932,-4.190938467440031,2010-01-28,8.0,0,True,False
2009-07-17,2009Q2,16,diag4,student_t_ar1,-2.8611695788652525,-2.9028989279533666,-2.2771264586733135,0.631156638263417,-0.7126911125331037,-0.7152428870508096,-2.148478466332149,2009-07-28,9.0,0,True,False
2009-07-17,2009Q3,3,diag4,student_t_ar1,0.44185714927571507,0.4408838266510573,-0.9355486842227507,0.7065037920466511,1.4121870876976361,1.4023086188557472,-0.9703299384219211,2009-10-28,9.0,0,True,False
2009-07-17,2009Q4,-10,diag4,student_t_ar1,0.31826122822014025,0.31775584917299415,-0.9849495484894728,0.7681777215752127,4.394263592305325,4.300454151697932,-4.076002364085185,2010-01-28,9.0,0,True,False
2009-07-24,2009Q2,17,diag4,student_t_ar1,-2.861909017462605,-2.9036601491957206,-2.2774318725040343,0.6311661507587347,-0.7126911125331037,-0.7152428870508096,-2.1492179049295013,2009-07-28,2.0,0,True,False
2009-07-24,2009Q3,4,diag4,student_t_ar1,0.47500640222188917,0.473881806672249,-0.9223093801629295,0.70430324047178,1.4121870876976361,1.4023086188557472,-0.937180685475747,2009-10-28,2.0,0,True,False
2009-07-24,2009Q4,-9,diag4,student_t_ar1,0.31172268535544223,0.3112378375184375,-0.9875646763883537,0.76688037992826,4.394263592305325,4.300454151697932,-4.082540906949883,2010-01-28,2.0,0,True,False
2009-07-31,2009Q3,5,diag4,student_t_ar1,0.31344041098946285,0.3129502105902482,-0.9679275442612223,0.7043632393640532,1.4121870876976361,1.4023086188557472,-1.0987466767081733,2009-10-28,10.0,0,True,False
2009-07-31,2009Q4,-8,diag4,student_t_ar1,0.5149455391826097,0.5136242287193498,-0.8878006292610405,0.7638080992184195,4.394263592305325,4.300454151697932,-3.8793180531227156,2010-01-28,10.0,0,True,False
2009-08-07,2009Q3,6,diag4,student_t_ar1,0.9065177890081433,0.9024335806595449,-0.7325533571695177,0.7049426559751998,1.4121870876976361,1.4023086188557472,-0.5056692986894928,2009-10-28,13.0,11,False,True
2009-08-07,2009Q4,-7,diag4,student_t_ar1,1.0540539730561571,1.04853755432674,-0.6742156571106659,0.7520623679209055,4.394263592305325,4.300454151697932,-3.340209619249168,2010-01-28,13.0,0,True,False
2009-08-14,2009Q3,7,diag4,student_t_ar1,0.9982473458557406,0.9932977691273612,-0.6962722921178514,0.7169772469575548,1.4121870876976361,1.4023086188557472,-0.4139397418418955,2009-10-28,5.0,0,True,False
2009-08-14,2009Q4,-6,diag4,student_t_ar1,1.1049831275859123,1.0989227919472089,-0.6540973892366356,0.7521735972074195,4.394263592305325,4.300454151697932,-3.289280464719413,2010-01-28,5.0,0,True,False
2009-08-21,2009Q3,8,diag4,student_t_ar1,2.836796427449073,2.7973044888309375,0.024047629898414948,0.6553986206142831,1.4121870876976361,1.4023086188557472,1.424609339751437,2009-10-28,6.0,0,True,False
2009-08-21,2009Q4,-5,diag4,student_t_ar1,1.6891523988764812,1.6750448632970416,-0.42405822088212386,0.7500857714859929,4.394263592305325,4.300454151697932,-2.705111193428844,2010-01-28,6.0,0,True,False
2009-08-28,2009Q3,9,diag4,student_t_ar1,2.845311006900486,2.805583847266621,0.027353486111476182,0.6553689167305223,1.4121870876976361,1.4023086188557472,1.43312391920285,2009-10-28,4.0,0,True,False
2009-08-28,2009Q4,-4,diag4,student_t_ar1,1.6889655355642352,1.6748611037912131,-0.4241315940195199,0.7500803693363731,4.394263592305325,4.300454151697932,-2.70529805674109,2010-01-28,4.0,0,True,False
2009-09-04,2009Q3,10,diag4,student_t_ar1,2.899451249033924,2.858212398087968,0.04836748412457164,0.6539048763225305,1.4121870876976361,1.4023086188557472,1.487264161336288,2009-10-28,12.0,6,True,True
2009-09-04,2009Q4,-3,diag4,student_t_ar1,1.6893817782212883,1.6752704321809464,-0.4239681537226788,0.7466939863744187,4.394263592305325,4.300454151697932,-2.704881814084037,2010-01-28,12.0,0,True,False
2009-09-11,2009Q3,11,diag4,student_t_ar1,2.816186896147177,2.7772614716688913,0.016044674919672968,0.6487980345168649,1.4121870876976361,1.4023086188557472,1.4039998084495409,2009-10-28,5.0,0,True,False
2009-09-11,2009Q4,-2,diag4,student_t_ar1,1.575480636673121,1.563198771475124,-0.4687171277803342,0.7408088377814536,4.394263592305325,4.300454151697932,-2.818782955632204,2010-01-28,5.0,0,True,False
2009-09-18,2009Q3,12,diag4,student_t_ar1,4.208996046406788,4.122827402306497,0.5533142624652693,0.634564764218553,1.4121870876976361,1.4023086188557472,2.7968089587091516,2009-10-28,10.0,0,True,False
2009-09-18,2009Q4,-1,diag4,student_t_ar1,2.667365966140256,2.6324119652685116,-0.041792130240099604,0.7345309972832675,4.394263592305325,4.300454151697932,-1.7268976261650693,2010-01-28,10.0,0,True,False
2009-09-25,2009Q3,13,diag4,student_t_ar1,4.238567915706071,4.151200839669443,0.5646434620549301,0.6346482847889973,1.4121870876976361,1.4023086188557472,2.8263808280084346,2009-10-28,0.0,0,True,False
2009-09-25,2009Q4,0,diag4,student_t_ar1,2.7881799181386224,2.750017908104826,0.0051666214359602156,0.7338292995254707,4.394263592305325,4.300454151697932,-1.6060836741667028,2010-01-28,0.0,0,True,False
2009-10-02,2009Q3,14,diag4,student_t_ar1,4.239638207718799,4.152227605999248,0.5650534384893502,0.6338084155916688,1.4121870876976361,1.4023086188557472,2.8274511200211627,2009-10-28,11.0,7,True,True
2009-10-02,2009Q4,1,diag4,student_t_ar1,2.7133472982140194,2.6771886457183736,-0.023913297186145384,0.7290100464532321,4.394263592305325,4.300454151697932,-1.6809162940913058,2010-01-28,11.0,0,True,False
2009-10-02,2010Q1,-12,diag4,student_t_ar1,2.4446613818784657,2.4152577840568323,-0.12849939200773033,0.7691675055671431,1.952133820572155,1.9333240882710745,0.4925275613063107,2010-04-28,11.0,0,True,False
2009-10-09,2009Q3,15,diag4,student_t_ar1,4.158773275914851,4.074621509784976,0.5340661829750043,0.6329767568510856,1.4121870876976361,1.4023086188557472,2.746586188217215,2009-10-28,9.0,0,True,False
2009-10-09,2009Q4,2,diag4,student_t_ar1,2.486328512124336,2.455922332490029,-0.1122624877676841,0.7204607160498646,4.394263592305325,4.300454151697932,-1.9079350801809891,2010-01-28,9.0,0,True,False
2009-10-09,2010Q1,-11,diag4,student_t_ar1,2.305280918650543,2.2791107520317837,-0.1828613954414778,0.7672653907525782,1.952133820572155,1.9333240882710745,0.35314709807838796,2010-04-28,9.0,0,True,False
2009-10-16,2009Q3,16,diag4,student_t_ar1,4.095375739026208,4.01373673111722,0.5097555645372076,0.6328517599585224,1.4121870876976361,1.4023086188557472,2.683188651328572,2009-10-28,7.0,0,True,False
2009-10-16,2009Q4,3,diag4,student_t_ar1,2.3499182197897373,2.3227327093873167,-0.16544363054218877,0.7199407486002714,4.394263592305325,4.300454151697932,-2.044345372515588,2010-01-28,7.0,0,True,False
2009-10-16,2010Q1,-10,diag4,student_t_ar1,2.2890853327927063,2.2632788538339974,-0.18918289721341833,0.7672347780933497,1.952133820572155,1.9333240882710745,0.3369515122205513,2010-04-28,7.0,0,True,False
2009-10-23,2009Q3,17,diag4,student_t_ar1,4.62379230278358,4.520079965130423,0.7119328152393471,0.6303710467965893,1.4121870876976361,1.4023086188557472,3.211605215085944,2009-10-28,4.0,0,True,False
2009-10-23,2009Q4,4,diag4,student_t_ar1,3.7425074135472247,3.6741752814142927,0.37417243488570984,0.70509306820155,4.394263592305325,4.300454151697932,-0.6517561787581005,2010-01-28,4.0,0,True,False
2009-10-23,2010Q1,-9,diag4,student_t_ar1,2.742242982885812,2.7053170454594495,-0.012681938407579701,0.7647447693710777,1.952133820572155,1.9333240882710745,0.7901091623136569,2010-04-28,4.0,0,True,False
2009-10-30,2009Q4,5,diag4,student_t_ar1,3.8431104152475637,3.771102044095446,0.4198000785399331,0.7063653842587819,4.394263592305325,4.300454151697932,-0.5511531770577616,2010-01-28,10.0,0,True,False
2009-10-30,2010Q1,-8,diag4,student_t_ar1,2.4243516326095005,2.3954307257461047,-0.13151591329266396,0.7627114240254566,1.952133820572155,1.9333240882710745,0.4722178120373455,2010-04-28,10.0,0,True,False
2009-11-06,2009Q4,6,diag4,student_t_ar1,3.601084284962486,3.5377609853588843,0.3262859843542844,0.728152144328106,4.394263592305325,4.300454151697932,-0.7931793073428395,2010-01-28,11.0,5,True,True
2009-11-06,2010Q1,-7,diag4,student_t_ar1,2.39898956581559,2.370665904729954,-0.14144069814422172,0.7634873864791343,1.952133820572155,1.9333240882710745,0.4468557452434352,2010-04-28,11.0,0,True,False
2009-11-13,2009Q4,7,diag4,student_t_ar1,3.6033217850221844,3.5399206885256502,0.327151510063491,0.7238087818779452,4.394263592305325,4.300454151697932,-0.7909418072831409,2010-01-28,6.0,0,True,False
2009-11-13,2010Q1,-6,diag4,student_t_ar1,2.389932856954391,2.3618209840575317,-0.14498540111807454,0.763442326190593,1.952133820572155,1.9333240882710745,0.43779903638223594,2010-04-28,6.0,0,True,False
2009-11-20,2009Q4,8,diag4,student_t_ar1,4.113244984165321,4.030901481664949,0.5239176702136796,0.6627030779091044,4.394263592305325,4.300454151697932,-0.28101860814000457,2010-01-28,7.0,0,True,False
2009-11-20,2010Q1,-5,diag4,student_t_ar1,2.5658334665836557,2.5334684141077353,-0.07619573320728862,0.7593757218093091,1.952133820572155,1.9333240882710745,0.6136996460115007,2010-04-28,7.0,0,True,False
2009-11-27,2009Q4,9,diag4,student_t_ar1,4.120021557470088,4.037410118272049,0.5265260806665686,0.6627025701777086,4.394263592305325,4.300454151697932,-0.274242034835237,2010-01-28,4.0,0,True,False
2009-11-27,2010Q1,-4,diag4,student_t_ar1,2.5659474841318364,2.5335795792793623,-0.07615118249518517,0.7593775316201936,1.952133820572155,1.9333240882710745,0.6138136635596814,2010-04-28,4.0,0,True,False
2009-12-04,2009Q4,10,diag4,student_t_ar1,3.9275305188515297,3.852364832591526,0.4523670691002626,0.6627365279299673,4.394263592305325,4.300454151697932,-0.46673307345379555,2010-01-28,9.0,7,True,True
2009-12-04,2010Q1,-3,diag4,student_t_ar1,2.241302371807574,2.2165542938400398,-0.20320268625678936,0.7563614725656492,1.952133820572155,1.9333240882710745,0.2891685512354192,2010-04-28,9.0,0,True,False
2009-12-11,2009Q4,11,diag4,student_t_ar1,4.041910854214015,3.9623620957856778,0.49644972856104164,0.6591119408827619,4.394263592305325,4.300454151697932,-0.3523527380913105,2010-01-28,7.0,0,True,False
2009-12-11,2010Q1,-2,diag4,student_t_ar1,2.3739900213912257,2.346249065556197,-0.15122602529827542,0.7520311609060106,1.952133820572155,1.9333240882710745,0.4218562008190707,2010-04-28,7.0,0,True,False
2009-12-18,2009Q4,12,diag4,student_t_ar1,4.341681456964364,4.250072664752034,0.6117530249041928,0.645830242377224,4.394263592305325,4.300454151697932,-0.05258213534096168,2010-01-28,11.0,0,True,False
2009-12-18,2010Q1,-1,diag4,student_t_ar1,2.4043774919611183,2.3759274648538775,-0.13933206783433885,0.7457835122089012,1.952133820572155,1.9333240882710745,0.45224367138896326,2010-04-28,11.0,0,True,False
2009-12-25,2009Q4,13,diag4,student_t_ar1,4.370160689712987,4.277363145859821,0.6226899968820497,0.6454746058451178,4.394263592305325,4.300454151697932,-0.024102902592337827,2010-01-28,0.0,0,True,False
2009-12-25,2010Q1,0,diag4,student_t_ar1,2.5172584086396332,2.486097313537499,-0.0951802427676235,0.7429042476678939,1.952133820572155,1.9333240882710745,0.5651245880674782,2010-04-28,0.0,0,True,False
2010-01-01,2009Q4,14,diag4,student_t_ar1,4.404397887544564,4.310161393282129,0.6358342691124964,0.6457217953750577,4.394263592305325,4.300454151697932,0.010134295239239144,2010-01-28,9.0,7,True,True
2010-01-01,2010Q1,1,diag4,student_t_ar1,2.6561663621545772,2.621502739355839,-0.04091497195851279,0.7392618740170378,1.952133820572155,1.9333240882710745,0.7040325415824222,2010-04-28,9.0,0,True,False
2010-01-01,2010Q2,-12,diag4,student_t_ar1,3.0032039289153767,2.9589907863733953,0.09433721720276565,0.7770450218905355,3.926881074055233,3.851739929043594,-0.9236771451398562,2010-07-28,9.0,0,True,False
2010-01-08,2009Q4,15,diag4,student_t_ar1,4.305160466324676,4.215065194065191,0.5977233812198092,0.647951945225591,4.394263592305325,4.300454151697932,-0.08910312598064962,2010-01-28,11.0,0,True,False
2010-01-08,2010Q1,2,diag4,student_t_ar1,2.3028854348570604,2.2767692191044553,-0.17907086726596355,0.7418871077672448,1.952133820572155,1.9333240882710745,0.3507516142849054,2010-04-28,11.0,0,True,False
2010-01-08,2010Q2,-11,diag4,student_t_ar1,2.9170170904218473,2.875281820736505,0.060789893216424175,0.774925594294341,3.926881074055233,3.851739929043594,-1.0098639836333856,2010-07-28,11.0,0,True,False
2010-01-15,2009Q4,16,diag4,student_t_ar1,4.31963025593054,4.228936785815104,0.603282580035611,0.6471346582796014,4.394263592305325,4.300454151697932,-0.07463333637478531,2010-01-28,6.0,0,True,False
2010-01-15,2010Q1,3,diag4,student_t_ar1,2.3235290944842335,2.296946144693147,-0.17098473390351948,0.738796899034302,1.952133820572155,1.9333240882710745,0.3713952739120785,2010-04-28,6.0,0,True,False
2010-01-15,2010Q2,-10,diag4,student_t_ar1,2.91439855798572,2.872737474016609,0.05977021721043702,0.7747866644491581,3.926881074055233,3.851739929043594,-1.0124825160695128,2010-07-28,6.0,0,True,False
2010-01-22,2009Q4,17,diag4,student_t_ar1,4.516490490212655,4.417467670116728,0.6788384850569814,0.6420587460971204,4.394263592305325,4.300454151697932,0.12222689790732932,2010-01-28,6.0,0,True,False
2010-01-22,2010Q1,4,diag4,student_t_ar1,2.8032860424911155,2.7647131915973406,0.01647825232783402,0.7113871530646804,1.952133820572155,1.9333240882710745,0.8511522219189604,2010-04-28,6.0,0,True,False
2010-01-22,2010Q2,-9,diag4,student_t_ar1,3.1009683141853817,3.0538596980877384,0.13235701703302596,0.7713319941237127,3.926881074055233,3.851739929043594,-0.8259127598698512,2010-07-28,6.0,0,True,False
2010-01-29,2010Q1,5,diag4,student_t_ar1,2.8286615314828234,2.789393684507029,0.020111310670698445,0.7105378029231835,1.952133820572155,1.9333240882710745,0.8765277109106684,2010-04-28,6.0,0,True,False
2010-01-29,2010Q2,-8,diag4,student_t_ar1,3.105565954838574,3.058318956054756,0.1282168161444578,0.7689764828562747,3.926881074055233,3.851739929043594,-0.821315119216659,2010-07-28,6.0,0,True,False
2010-02-05,2010Q1,6,diag4,student_t_ar1,3.2800668748634854,3.2274208060383196,0.19619421694361106,0.7019743563218538,1.952133820572155,1.9333240882710745,1.3279330542913304,2010-04-28,14.0,12,False,True
2010-02-05,2010Q2,-7,diag4,student_t_ar1,3.490292221803526,3.4307627359890085,0.2779358174812449,0.7649232708895193,3.926881074055233,3.851739929043594,-0.43658885225170696,2010-07-28,14.0,0,True,False
2010-02-12,2010Q1,7,diag4,student_t_ar1,3.278549895018279,3.2259519930989717,0.1956037675435204,0.7019673992955475,1.952133820572155,1.9333240882710745,1.326416074446124,2010-04-28,4.0,0,True,False
2010-02-12,2010Q2,-6,diag4,student_t_ar1,3.4902299679960613,3.4307025817225183,0.27791163601496655,0.7649228510834758,3.926881074055233,3.851739929043594,-0.43665110605917157,2010-07-28,4.0,0,True,False
2010-02-19,2010Q1,8,diag4,student_t_ar1,4.386491312759944,4.293008753243945,0.624550849239381,0.6623354655274465,1.952133820572155,1.9333240882710745,2.4343574921877886,2010-04-28,11.0,0,True,False
2010-02-19,2010Q2,-5,diag4,student_t_ar1,3.700923704238246,3.6340836673854398,0.3596689767916591,0.7602785871680094,3.926881074055233,3.851739929043594,-0.225957369816987,2010-07-28,11.0,0,True,False
2010-02-26,2010Q1,9,diag4,student_t_ar1,4.400716261152193,4.306635017591788,0.6300284831804557,0.662334187277006,1.952133820572155,1.9333240882710745,2.4485824405800383,2010-04-28,4.0,0,True,False
2010-02-26,2010Q2,-4,diag4,student_t_ar1,3.701677426693206,3.634810488024007,0.359961152056813,0.7602808759286372,3.926881074055233,3.851739929043594,-0.2252036473620267,2010-07-28,4.0,0,True,False
2010-03-05,2010Q1,10,diag4,student_t_ar1,4.128911615857422,4.045948033215734,0.5252346939831406,0.6613020882202543,1.952133820572155,1.9333240882710745,2.1767777952852674,2010-04-28,10.0,8,True,True
2010-03-05,2010Q2,-3,diag4,student_t_ar1,3.3379095532348524,3.283410784144191,0.2187016772866444,0.7546796077807013,3.926881074055233,3.851739929043594,-0.5889715208203805,2010-07-28,10.0,0,True,False
2010-03-12,2010Q1,11,diag4,student_t_ar1,4.116584387352384,4.034108902232337,0.5204754713486729,0.6612934455513166,1.952133820572155,1.9333240882710745,2.1644505667802294,2010-04-28,6.0,0,True,False
2010-03-12,2010Q2,-2,diag4,student_t_ar1,3.3374363378616767,3.2829528530144483,0.21851759315067576,0.7546795053991006,3.926881074055233,3.851739929043594,-0.5894447361935562,2010-07-28,6.0,0,True,False
2010-03-19,2010Q1,12,diag4,student_t_ar1,4.421667866363577,4.32670145383063,0.6380950074612428,0.6437396470095761,1.952133820572155,1.9333240882710745,2.4695340457914217,2010-04-28,12.0,0,True,False
2010-03-19,2010Q2,-1,diag4,student_t_ar1,3.5359543226949564,3.4748751153554363,0.29566859150286207,0.7451484816032334,3.926881074055233,3.851739929043594,-0.39092675136027655,2010-07-28,12.0,0,True,False
2010-03-26,2010Q1,13,diag4,student_t_ar1,4.415785215799706,4.321067741602663,0.635830306547889,0.6435192346918561,1.952133820572155,1.9333240882710745,2.4636513952275507,2010-04-28,4.0,0,True,False
2010-03-26,2010Q2,0,diag4,student_t_ar1,3.5258476620511514,3.4651131403750557,0.2917443666295261,0.7429341921682474,3.926881074055233,3.851739929043594,-0.4010334120040815,2010-07-28,4.0,0,True,False
2010-04-02,2010Q1,14,diag4,student_t_ar1,4.515789111773927,4.416796598222886,0.6743124334740584,0.6439010779869657,1.952133820572155,1.9333240882710745,2.563655291201772,2010-04-28,8.0,8,True,True
2010-04-02,2010Q2,1,diag4,student_t_ar1,4.012217675498508,3.9338183902346793,0.48015960058156026,0.7413257519458382,3.926881074055233,3.851739929043594,0.08533660144327548,2010-07-28,8.0,0,True,False
2010-04-02,2010Q3,-12,diag4,student_t_ar1,3.785857485113997,3.715952772619841,0.39257961011783427,0.7782173769269185,3.1201978026194954,3.0725090820010665,0.6656596824945016,2010-10-28,8.0,0,True,False
2010-04-09,2010Q1,15,diag4,student_t_ar1,4.556442535336802,4.455685955986899,0.6899456004666312,0.6429223958323433,1.952133820572155,1.9333240882710745,2.604308714764647,2010-04-28,8.0,0,True,False
2010-04-09,2010Q2,2,diag4,student_t_ar1,4.121766006552496,4.039085525598184,0.5224760285347684,0.7342016352901932,3.926881074055233,3.851739929043594,0.19488493249726346,2010-07-28,8.0,0,True,False
2010-04-09,2010Q3,-11,diag4,student_t_ar1,3.8271155124639744,3.7556979073264216,0.4085567916331646,0.7770588186760591,3.1201978026194954,3.0725090820010665,0.706917709844479,2010-10-28,8.0,0,True,False
2010-04-16,2010Q1,16,diag4,student_t_ar1,4.660415750917979,4.55507873436277,0.7299005905087548,0.6426807206370171,1.952133820572155,1.9333240882710745,2.708281930345824,2010-04-28,8.0,0,True,False
2010-04-16,2010Q2,3,diag4,student_t_ar1,4.462805185580576,4.366089081975311,0.6539284746005981,0.7297414286552105,3.926881074055233,3.851739929043594,0.5359241115253432,2010-07-28,8.0,0,True,False
2010-04-16,2010Q3,-10,diag4,student_t_ar1,3.974186913138289,3.8972479587593307,0.46545862079902467,0.7751052281209195,3.1201978026194954,3.0725090820010665,0.8539891105187936,2010-10-28,8.0,0,True,False
2010-04-23,2010Q1,17,diag4,student_t_ar1,4.633227738454049,4.529098000152621,0.7194565724058705,0.6393790676264238,1.952133820572155,1.9333240882710745,2.6810939178818938,2010-04-28,4.0,0,True,False
2010-04-23,2010Q2,4,diag4,student_t_ar1,4.338451107141217,4.246976682605858,0.6060463768419218,0.7113279203361724,3.926881074055233,3.851739929043594,0.41157003308598394,2010-07-28,4.0,0,True,False
2010-04-23,2010Q3,-9,diag4,student_t_ar1,3.9362754612365825,3.8607789404242854,0.45079840817359207,0.7731080349270328,3.1201978026194954,3.0725090820010665,0.816077658617087,2010-10-28,4.0,0,True,False
2010-04-30,2010Q2,5,diag4,student_t_ar1,4.39329422385395,4.299525582523104,0.6332220593749112,0.7123103505239777,3.926881074055233,3.851739929043594,0.46641314979871673,2010-07-28,10.0,0,True,False
2010-04-30,2010Q3,-8,diag4,student_t_ar1,3.6732000816679156,3.60734588329805,0.3537170657035876,0.7711701286332315,3.1201978026194954,3.0725090820010665,0.5530022790484201,2010-10-28,10.0,0,True,False
2010-05-07,2010Q2,6,diag4,student_t_ar1,4.683609065388783,4.577236820399439,0.7453629931121818,0.7027627401798396,3.926881074055233,3.851739929043594,0.7567279913335501,2010-07-28,13.0,11,False,True
2010-05-07,2010Q3,-7,diag4,student_t_ar1,3.8471428236775074,3.774985142476386,0.4214104842308355,0.7695881250778795,3.1201978026194954,3.0725090820010665,0.726945021058012,2010-10-28,13.0,0,True,False
2010-05-14,2010Q2,7,diag4,student_t_ar1,4.773474321784477,4.6630446245151225,0.7800125353815605,0.702758608621512,3.926881074055233,3.851739929043594,0.8465932477292437,2010-07-28,6.0,0,True,False
2010-05-14,2010Q3,-6,diag4,student_t_ar1,3.85146230567448,3.7791445175428686,0.42309005689518203,0.7695829308371119,3.1201978026194954,3.0725090820010665,0.7312645030549847,2010-10-28,6.0,0,True,False
2010-05-21,2010Q2,8,diag4,student_t_ar1,4.306498778442092,4.216348259568121,0.5996347161573068,0.6699477176592096,3.926881074055233,3.851739929043594,0.3796177043868587,2010-07-28,6.0,0,True,False
2010-05-21,2010Q3,-5,diag4,student_t_ar1,3.7468857670950317,3.6783955969507556,0.3824072306810958,0.7646816106747758,3.1201978026194954,3.0725090820010665,0.6266879644755363,2010-10-28,6.0,0,True,False
2010-05-28,2010Q2,9,diag4,student_t_ar1,4.318532801663455,4.227884769011457,0.6042932058566708,0.669962193410316,3.926881074055233,3.851739929043594,0.3916517276082221,2010-07-28,4.0,0,True,False
2010-05-28,2010Q3,-4,diag4,student_t_ar1,3.7475960812797027,3.6790802553362303,0.38268369853751133,0.764685930088494,3.1201978026194954,3.0725090820010665,0.6273982786602073,2010-10-28,4.0,0,True,False
2010-06-04,2010Q2,10,diag4,student_t_ar1,4.373442621905732,4.280507608387965,0.6255425236326255,0.6676140525705515,3.926881074055233,3.851739929043594,0.4465615478504992,2010-07-28,12.0,11,False,True
2010-06-04,2010Q3,-3,diag4,student_t_ar1,3.862606292444015,3.789874639826281,0.42742292416111816,0.7590929869678512,3.1201978026194954,3.0725090820010665,0.7424084898245198,2010-10-28,12.0,0,True,False
2010-06-11,2010Q2,11,diag4,student_t_ar1,4.168663243028736,4.084116146964384,0.546238848237701,0.6678958888356041,3.926881074055233,3.851739929043594,0.24178216897350335,2010-07-28,5.0,0,True,False
2010-06-11,2010Q3,-2,diag4,student_t_ar1,3.63003909467694,3.565705446046696,0.3369024868255286,0.757536263821644,3.1201978026194954,3.0725090820010665,0.5098412920574447,2010-10-28,5.0,0,True,False
2010-06-18,2010Q2,12,diag4,student_t_ar1,5.043640722410059,4.920570374861599,0.8840024866924432,0.6519017047623231,3.926881074055233,3.851739929043594,1.1167596483548259,2010-07-28,11.0,0,True,False
2010-06-18,2010Q3,-1,diag4,student_t_ar1,4.174601637597286,4.089816733996614,0.5485407685976167,0.7485086088928808,3.1201978026194954,3.0725090820010665,1.0544038349777907,2010-10-28,11.0,0,True,False
2010-06-25,2010Q2,13,diag4,student_t_ar1,5.01047032730062,4.888987660084526,0.8712492572871715,0.6518563139060554,3.926881074055233,3.851739929043594,1.0835892532453872,2010-07-28,0.0,0,True,False
2010-06-25,2010Q3,0,diag4,student_t_ar1,4.037549339037239,3.958169932682827,0.4953812517709085,0.7471501951418279,3.1201978026194954,3.0725090820010665,0.9173515364177431,2010-10-28,0.0,0,True,False
2010-07-02,2010Q2,14,diag4,student_t_ar1,4.916900244740141,4.7998424585778565,0.8352520603008304,0.652344598746241,3.926881074055233,3.851739929043594,0.9900191706849082,2010-07-28,11.0,93,True,True
2010-07-02,2010Q3,1,diag4,student_t_ar1,3.5997555083095323,3.5364783876104493,0.325100481085689,0.7485724198547835,3.1201978026194954,3.0725090820010665,0.47955770569003686,2010-10-28,11.0,0,True,False
2010-07-02,2010Q4,-12,diag4,student_t_ar1,3.821892051831255,3.7506668593141033,0.4115906620242885,0.7806660326762201,2.117043484228409,2.094945457780796,1.7048485676028458,2011-01-28,11.0,0,True,False
2010-07-09,2010Q2,15,diag4,student_t_ar1,4.885783968778257,4.770180039046218,0.8232742539699761,0.651331369379696,3.926881074055233,3.851739929043594,0.9589028947230238,2010-07-28,9.0,0,True,False
2010-07-09,2010Q3,2,diag4,student_t_ar1,3.4909409836720195,3.431389615883824,0.2826652052328106,0.7407805582042181,3.1201978026194954,3.0725090820010665,0.37074318105252413,2010-10-28,9.0,0,True,False
2010-07-09,2010Q4,-11,diag4,student_t_ar1,3.7613942988687032,3.692379165984928,0.3880538530520997,0.7796450355550332,2.117043484228409,2.094945457780796,1.644350814640294,2011-01-28,9.0,0,True,False
2010-07-16,2010Q2,16,diag4,student_t_ar1,4.812282083348163,4.700077448379539,0.794966541128108,0.6516318461324353,3.926881074055233,3.851739929043594,0.8854010092929299,2010-07-28,8.0,0,True,False
2010-07-16,2010Q3,3,diag4,student_t_ar1,3.3101740828549664,3.256567592512879,0.21207135714594744,0.7417678426721509,3.1201978026194954,3.0725090820010665,0.18997628023547097,2010-10-28,8.0,0,True,False
2010-07-16,2010Q4,-10,diag4,student_t_ar1,3.754933926203319,3.686152790718237,0.385539617252552,0.7796226732026669,2.117043484228409,2.094945457780796,1.6378904419749096,2011-01-28,8.0,0,True,False
2010-07-23,2010Q2,17,diag4,student_t_ar1,4.915058647377202,4.798087151738321,0.8345432602195442,0.6467959403344609,3.926881074055233,3.851739929043594,0.9881775733219689,2010-07-28,4.0,0,True,False
2010-07-23,2010Q3,4,diag4,student_t_ar1,3.22254656731098,3.171711768674267,0.17780622840619992,0.720890366239326,3.1201978026194954,3.0725090820010665,0.10234876469148446,2010-10-28,4.0,0,True,False
2010-07-23,2010Q4,-9,diag4,student_t_ar1,3.480799214470176,3.4215894671289706,0.2787078650814451,0.7763884316320474,2.117043484228409,2.094945457780796,1.3637557302417669,2011-01-28,4.0,0,True,False
2010-07-30,2010Q3,5,diag4,student_t_ar1,3.2552414420188747,3.2033809136184876,0.18689821023063571,0.7201730755532567,3.1201978026194954,3.0725090820010665,0.13504363939937924,2010-10-28,10.0,0,True,False
2010-07-30,2010Q4,-8,diag4,student_t_ar1,3.393798231190681,3.3374795865706393,0.24126281667865723,0.7737276309034413,2.117043484228409,2.094945457780796,1.276754746962272,2011-01-28,10.0,0,True,False
2010-08-06,2010Q3,6,diag4,student_t_ar1,3.3361820983178747,3.2817391136380256,0.21866521144143464,0.7009087107197758,3.1201978026194954,3.0725090820010665,0.2159842956983793,2010-10-28,11.0,5,True,True
2010-08-06,2010Q4,-7,diag4,student_t_ar1,3.5212711532437657,3.460692399015,0.29121421373895207,0.7674625478421525,2.117043484228409,2.094945457780796,1.4042276690153566,2011-01-28,11.0,0,True,False
2010-08-13,2010Q3,7,diag4,student_t_ar1,3.340830827458663,3.286237658566427,0.22048895525065598,0.6994920593815022,3.1201978026194954,3.0725090820010665,0.22063302483916747,2010-10-28,6.0,0,True,False
2010-08-13,2010Q4,-6,diag4,student_t_ar1,3.5187716143442183,3.4582778526632403,0.29023533856238143,0.7674360316698757,2.117043484228409,2.094945457780796,1.401728130115809,2011-01-28,6.0,0,True,False
2010-08-20,2010Q3,8,diag4,student_t_ar1,3.4196867027780575,3.362515160755623,0.2514124259760776,0.6682077334338994,3.1201978026194954,3.0725090820010665,0.2994889001585621,2010-10-28,8.0,0,True,False
2010-08-20,2010Q4,-5,diag4,student_t_ar1,3.363214178165541,3.3078950487677323,0.22926902345763456,0.7628918674446458,2.117043484228409,2.094945457780796,1.246170693937132,2011-01-28,8.0,0,True,False
2010-08-27,2010Q3,9,diag4,student_t_ar1,3.424959567979946,3.367613542848745,0.25347934826480983,0.6682077727821102,3.1201978026194954,3.0725090820010665,0.30476176536045063,2010-10-28,4.0,0,True,False
2010-08-27,2010Q4,-4,diag4,student_t_ar1,3.3633987009902278,3.3080735674616815,0.2293413962733121,0.7628943340671994,2.117043484228409,2.094945457780796,1.2463552167618186,2011-01-28,4.0,0,True,False
2010-09-03,2010Q3,10,diag4,student_t_ar1,3.5378580209193267,3.4767137816772333,0.2977094022744587,0.663860099177919,3.1201978026194954,3.0725090820010665,0.41766021829983124,2010-10-28,9.0,54,True,True
2010-09-03,2010Q4,-3,diag4,student_t_ar1,3.49394505448557,3.434292311700177,0.280511420598144,0.7555407772849099,2.117043484228409,2.094945457780796,1.3769015702571608,2011-01-28,9.0,0,True,False
2010-09-10,2010Q3,11,diag4,student_t_ar1,3.5665574974608205,3.504428764627631,0.30894526395483196,0.6605839264177532,3.1201978026194954,3.0725090820010665,0.4463596948413251,2010-10-28,7.0,0,True,False
2010-09-10,2010Q4,-2,diag4,student_t_ar1,3.524743075542758,3.4640461678013743,0.2925738567255307,0.7529234277802729,2.117043484228409,2.094945457780796,1.4076995913143486,2011-01-28,7.0,0,True,False
2010-09-17,2010Q3,12,diag4,student_t_ar1,3.5188338593776347,3.4583379818685422,0.2902597153925939,0.6475789980465525,3.1201978026194954,3.0725090820010665,0.3986360567581393,2010-10-28,10.0,0,True,False
2010-09-17,2010Q4,-1,diag4,student_t_ar1,3.4323201544009363,3.3747301272241916,0.25636446487564557,0.7445704558074834,2.117043484228409,2.094945457780796,1.3152766701725271,2011-01-28,10.0,0,True,False
2010-09-24,2010Q3,13,diag4,student_t_ar1,3.4982039912184515,3.438407382492118,0.28217970112012547,0.6474173268164082,3.1201978026194954,3.0725090820010665,0.37800618859895607,2010-10-28,2.0,0,True,False
2010-09-24,2010Q4,0,diag4,student_t_ar1,3.3573658739964873,3.3022368756248826,0.22697515768436516,0.7423886223377943,2.117043484228409,2.094945457780796,1.2403223897680782,2011-01-28,2.0,0,True,False
2010-10-01,2010Q3,14,diag4,student_t_ar1,3.468190683194461,3.409404308556753,0.2704216377063166,0.6468514388007207,3.1201978026194954,3.0725090820010665,0.34799288057496547,2010-10-28,11.0,53,True,True
2010-10-01,2010Q4,1,diag4,student_t_ar1,3.1865720995978286,3.1368543279664607,0.15992783410623132,0.7372769243516585,2.117043484228409,2.094945457780796,1.0695286153694195,2011-01-28,11.0,0,True,False
2010-10-01,2011Q1,-13,diag4,student_t_ar1,3.0849436395575136,3.03831578967199,0.11997957260290038,0.7760987370670362,-0.9454489541211974,-0.9499466944201232,4.030392593678711,2011-04-28,11.0,0,True,False
2010-10-08,2010Q3,15,diag4,student_t_ar1,3.45100790963051,3.392796112004384,0.2636885504243635,0.6460787654255287,3.1201978026194954,3.0725090820010665,0.33081010701101476,2010-10-28,9.0,0,True,False
2010-10-08,2010Q4,2,diag4,student_t_ar1,3.1160340186381585,3.0684712037435737,0.1322048033392533,0.7320884733459467,2.117043484228409,2.094945457780796,0.9989905344097494,2011-01-28,9.0,0,True,False
2010-10-08,2011Q1,-12,diag4,student_t_ar1,3.0616893693418357,3.015754887294006,0.11083321379196007,0.7749022321527139,-0.9454489541211974,-0.9499466944201232,4.007138323463034,2011-04-28,9.0,0,True,False
2010-10-15,2010Q3,16,diag4,student_t_ar1,3.47067211251888,3.4118025331251216,0.27139389590964624,0.6457563240922312,3.1201978026194954,3.0725090820010665,0.35047430989938455,2010-10-28,6.0,0,True,False
2010-10-15,2010Q4,3,diag4,student_t_ar1,3.1618231869751323,3.1128668259488252,0.15020312111578155,0.7308209135451005,2.117043484228409,2.094945457780796,1.0447797027467232,2011-01-28,6.0,0,True,False
2010-10-15,2011Q1,-11,diag4,student_t_ar1,3.068598356880625,3.0224584024519032,0.11355086904800761,0.7748074885518619,-0.9454489541211974,-0.9499466944201232,4.014047311001823,2011-04-28,6.0,0,True,False
2010-10-22,2010Q3,17,diag4,student_t_ar1,3.5099754156677765,3.4497802900706884,0.2867903630384525,0.6430152932273296,3.1201978026194954,3.0725090820010665,0.38977761304828107,2010-10-28,6.0,0,True,False
2010-10-22,2010Q4,4,diag4,student_t_ar1,3.1932860378155237,3.143360716991691,0.16256557295157076,0.7116992150236949,2.117043484228409,2.094945457780796,1.0762425535871145,2011-01-28,6.0,0,True,False
2010-10-22,2011Q1,-10,diag4,student_t_ar1,3.0414706640585765,2.996134901511307,0.10287912459696255,0.7711687515778167,-0.9454489541211974,-0.9499466944201232,3.986919618179774,2011-04-28,6.0,0,True,False
2010-10-29,2010Q4,5,diag4,student_t_ar1,3.219880758913729,3.169129151881851,0.17254567213866367,0.7107761729438673,2.117043484228409,2.094945457780796,1.10283727468532,2011-01-28,6.0,0,True,False
2010-10-29,2011Q1,-9,diag4,student_t_ar1,3.0097021349531072,2.965299329040996,0.08951075476136408,0.7686648336403445,-0.9454489541211974,-0.9499466944201232,3.9551510890743047,2011-04-28,6.0,0,True,False
2010-11-05,2010Q4,6,diag4,student_t_ar1,3.84814704586649,3.775952157365947,0.41974942976719226,0.7056380890155931,2.117043484228409,2.094945457780796,1.731103561638081,2011-01-28,14.0,2,True,True
2010-11-05,2011Q1,-8,diag4,student_t_ar1,3.4658715168863763,3.407162854169278,0.2695143518292767,0.7651104188000379,-0.9454489541211974,-0.9499466944201232,4.411320471007574,2011-04-28,14.0,0,True,False
2010-11-12,2010Q4,7,diag4,student_t_ar1,3.8493947511898607,3.7771536211026806,0.42023887454382514,0.7056440235715585,2.117043484228409,2.094945457780796,1.7323512669614516,2011-01-28,4.0,0,True,False
2010-11-12,2011Q1,-7,diag4,student_t_ar1,3.4661945232645985,3.4074750400807337,0.26964152817179027,0.7651109409254183,-0.9454489541211974,-0.9499466944201232,4.411643477385796,2011-04-28,4.0,0,True,False
2010-11-19,2010Q4,8,diag4,student_t_ar1,2.64523142442159,2.6108501691724686,-0.05488252534817085,0.665505468811927,2.117043484228409,2.094945457780796,0.528187940193181,2011-01-28,11.0,0,True,False
2010-11-19,2011Q1,-6,diag4,student_t_ar1,3.286692521742496,3.2338358235373956,0.19890547101300832,0.7612927264521053,-0.9454489541211974,-0.9499466944201232,4.232141475863694,2011-04-28,11.0,0,True,False
2010-11-26,2010Q4,9,diag4,student_t_ar1,2.6458786964925096,2.6114807586515214,-0.05462563975330362,0.6654976294263794,2.117043484228409,2.094945457780796,0.5288352122641005,2011-01-28,4.0,0,True,False
2010-11-26,2011Q1,-5,diag4,student_t_ar1,3.286771311195036,3.233912105796578,0.198936546402273,0.761292681833585,-0.9454489541211974,-0.9499466944201232,4.232220265316233,2011-04-28,4.0,0,True,False
2010-12-03,2010Q4,10,diag4,student_t_ar1,2.756718531617297,2.7194052419629546,-0.010660039283987134,0.66384622325522,2.117043484228409,2.094945457780796,0.6396750473888879,2011-01-28,9.0,11,False,True
2010-12-03,2011Q1,-4,diag4,student_t_ar1,3.467177610498773,3.40842518864695,0.27002859374733906,0.7562259408258776,-0.9454489541211974,-0.9499466944201232,4.41262656461997,2011-04-28,9.0,0,True,False
2010-12-10,2010Q4,11,diag4,student_t_ar1,2.6719314749936496,2.636858760315587,-0.044287308286362514,0.6614946878399168,2.117043484228409,2.094945457780796,0.5548879907652404,2011-01-28,7.0,0,True,False
2010-12-10,2011Q1,-3,diag4,student_t_ar1,3.3470304779956717,3.2922367051477943,0.2226964566091992,0.7539580942981635,-0.9454489541211974,-0.9499466944201232,4.292479432116869,2011-04-28,7.0,0,True,False
2010-12-17,2010Q4,12,diag4,student_t_ar1,2.4580050244012552,2.428282155848246,-0.12925593985067332,0.6471822736902797,2.117043484228409,2.094945457780796,0.3409615401728461,2011-01-28,10.0,0,True,False
2010-12-17,2011Q1,-2,diag4,student_t_ar1,3.32322767315838,3.2692021329210177,0.2133127767579676,0.746002786044295,-0.9454489541211974,-0.9499466944201232,4.268676627279577,2011-04-28,10.0,0,True,False
2010-12-24,2010Q4,13,diag4,student_t_ar1,2.4456341084906574,2.4162072937540664,-0.13417492158925512,0.6469495040607872,2.117043484228409,2.094945457780796,0.3285906242622483,2011-01-28,2.0,0,True,False
2010-12-24,2011Q1,-1,diag4,student_t_ar1,3.2727747379400984,3.220360010486469,0.19341577864277404,0.7433563720129136,-0.9454489541211974,-0.9499466944201232,4.218223692061295,2011-04-28,2.0,0,True,False
2010-12-31,2010Q4,14,diag4,student_t_ar1,2.446952846309758,2.4174945417104006,-0.13365053057419846,0.646933827930165,2.117043484228409,2.094945457780796,0.3299093620813487,2011-01-28,8.0,0,True,False
2010-12-31,2011Q1,0,diag4,student_t_ar1,3.2646009755155303,3.212444966150673,0.19019139742465554,0.7433313597633339,-0.9454489541211974,-0.9499466944201232,4.210049929636728,2011-04-28,8.0,0,True,False
2011-01-07,2010Q4,15,diag4,student_t_ar1,2.4321165493526475,2.40301156204165,-0.13955051617694697,0.6458296982607531,2.117043484228409,2.094945457780796,0.3150730651242384,2011-01-28,12.0,35,True,True
2011-01-07,2011Q1,1,diag4,student_t_ar1,3.239562291467757,3.1881949134889336,0.1803125627620023,0.7355436642183889,-0.9454489541211974,-0.9499466944201232,4.185011245588955,2011-04-28,12.0,0,True,False
2011-01-07,2011Q2,-11,diag4,student_t_ar1,3.3478601790528417,3.2930395320145234,0.2230235071929559,0.7767602377545708,2.7339190839842376,2.6972149874665394,0.6139410950686042,2011-07-28,12.0,0,True,False
2011-01-14,2010Q4,16,diag4,student_t_ar1,2.443834694261704,2.414450820627833,-0.13489046261695892,0.6455665812079574,2.117043484228409,2.094945457780796,0.3267912100332948,2011-01-28,6.0,0,True,False
2011-01-14,2011Q1,2,diag4,student_t_ar1,3.2747524134465467,3.222274993961488,0.194195892624187,0.7344501485067801,-0.9454489541211974,-0.9499466944201232,4.2202013675677446,2011-04-28,6.0,0,True,False
2011-01-14,2011Q2,-10,diag4,student_t_ar1,3.3430138430510237,3.2883500787180004,0.22111314706216426,0.7766758092954459,2.7339190839842376,2.6972149874665394,0.6090947590667861,2011-07-28,6.0,0,True,False
2011-01-21,2010Q4,17,diag4,student_t_ar1,2.70689230986223,2.6709039793522784,-0.030418180057708036,0.6425422810660427,2.117043484228409,2.094945457780796,0.5898488256338208,2011-01-28,6.0,0,True,False
2011-01-21,2011Q1,3,diag4,student_t_ar1,3.8982922739102976,3.8242275734759636,0.4394155666071371,0.7141550516253767,-0.9454489541211974,-0.9499466944201232,4.8437412280314955,2011-04-28,6.0,0,True,False
2011-01-21,2011Q2,-9,diag4,student_t_ar1,3.4546028479348845,3.3962710668802534,0.26507732369948533,0.7736451585490118,2.7339190839842376,2.6972149874665394,0.7206837639506469,2011-07-28,6.0,0,True,False
2011-01-28,2011Q1,4,diag4,student_t_ar1,3.8939417219631123,3.8200401677542297,0.4422603268691607,0.713241011840094,-0.9454489541211974,-0.9499466944201232,4.83939067608431,2011-04-28,6.0,0,True,False
2011-01-28,2011Q2,-8,diag4,student_t_ar1,3.388805675572737,3.3326507900233633,0.24280779700274951,0.7711703369130594,2.7339190839842376,2.6972149874665394,0.6548865915884994,2011-07-28,6.0,0,True,False
2011-02-04,2011Q1,5,diag4,student_t_ar1,4.748066607855694,4.638791543957779,0.7773148864816155,0.735600838719406,-0.9454489541211974,-0.9499466944201232,5.693515561976891,2011-04-28,13.0,11,False,True
2011-02-04,2011Q2,-7,diag4,student_t_ar1,4.078289432698834,3.997321296098918,0.5148084191368695,0.7717478320811494,2.7339190839842376,2.6972149874665394,1.3443703487145964,2011-07-28,13.0,0,True,False
2011-02-11,2011Q1,6,diag4,student_t_ar1,4.452718612541995,4.35643295603211,0.6617663389250865,0.7364636773374549,-0.9454489541211974,-0.9499466944201232,5.398167566663192,2011-04-28,5.0,0,True,False
2011-02-11,2011Q2,-6,diag4,student_t_ar1,3.9433132630272594,3.867549977289002,0.46170258830969263,0.7707274320138175,2.7339190839842376,2.6972149874665394,1.2093941790430218,2011-07-28,5.0,0,True,False
2011-02-18,2011Q1,7,diag4,student_t_ar1,3.4377911638791225,3.380019445671017,0.2621922945666508,0.6666145162089403,-0.9454489541211974,-0.9499466944201232,4.3832401180003195,2011-04-28,11.0,0,True,False
2011-02-18,2011Q2,-5,diag4,student_t_ar1,3.971900809945317,3.895049212711153,0.4729559974419875,0.7665581267049495,2.7339190839842376,2.6972149874665394,1.2379817259610792,2011-07-28,11.0,0,True,False
2011-02-25,2011Q1,8,diag4,student_t_ar1,3.4377911638791225,3.380019445671017,0.2621922945666508,0.6666145162089403,-0.9454489541211974,-0.9499466944201232,4.3832401180003195,2011-04-28,0.0,0,True,False
2011-02-25,2011Q2,-4,diag4,student_t_ar1,3.971900809945317,3.895049212711153,0.4729559974419875,0.7665581267049495,2.7339190839842376,2.6972149874665394,1.2379817259610792,2011-07-28,0.0,0,True,False
2011-03-04,2011Q1,9,diag4,student_t_ar1,3.686729763622121,3.620395349492908,0.36056042552471934,0.6695734900402545,-0.9454489541211974,-0.9499466944201232,4.632178717743319,2011-04-28,12.0,9,True,True
2011-03-04,2011Q2,-3,diag4,student_t_ar1,4.383787403051187,4.29041843270068,0.6347514627542524,0.7616934419335402,2.7339190839842376,2.6972149874665394,1.6498683190669494,2011-07-28,12.0,0,True,False
2011-03-11,2011Q1,10,diag4,student_t_ar1,3.751333566950499,3.6826826697462898,0.38605003233760393,0.6658475275371141,-0.9454489541211974,-0.9499466944201232,4.696782521071697,2011-04-28,8.0,0,True,False
2011-03-11,2011Q2,-2,diag4,student_t_ar1,4.45190852913977,4.355657402696292,0.6614489621377722,0.7588225503789943,2.7339190839842376,2.6972149874665394,1.7179894451555322,2011-07-28,8.0,0,True,False
2011-03-18,2011Q1,11,diag4,student_t_ar1,2.5953283678406436,2.5622213234756317,-0.07247216847780154,0.6466129387470164,-0.9454489541211974,-0.9499466944201232,3.540777321961841,2011-04-28,12.0,0,True,False
2011-03-18,2011Q2,-1,diag4,student_t_ar1,3.6554927051671404,3.590264430358948,0.3482300623222059,0.7490207931307807,2.7339190839842376,2.6972149874665394,0.9215736211829029,2011-07-28,12.0,0,True,False
2011-03-25,2011Q1,12,diag4,student_t_ar1,2.640725115779574,2.6064598945344226,-0.054368583708617045,0.6465521264531435,-0.9454489541211974,-0.9499466944201232,3.5861740699007716,2011-04-28,0.0,0,True,False
2011-03-25,2011Q2,0,diag4,student_t_ar1,3.8648906727521304,3.7920740408122784,0.4308158534686399,0.7475681529098919,2.7339190839842376,2.6972149874665394,1.1309715887678928,2011-07-28,0.0,0,True,False
2011-04-01,2011Q1,13,diag4,student_t_ar1,2.665219454884893,2.6303211999367115,-0.044603911054980364,0.6468266207680863,-0.9454489541211974,-0.9499466944201232,3.6106684090060903,2011-04-28,11.0,13,False,True
2011-04-01,2011Q2,1,diag4,student_t_ar1,3.961993897197158,3.8855203066426096,0.469056518895535,0.7456974673770477,2.7339190839842376,2.6972149874665394,1.2280748132129204,2011-07-28,11.0,0,True,False
2011-04-01,2011Q3,-12,diag4,student_t_ar1,4.100529972807099,4.0186880617059,0.5235522606116596,0.7817049689261201,-0.08922107662069356,-0.0892609023136356,4.189751049427793,2011-10-28,11.0,0,True,False
2011-04-08,2011Q1,14,diag4,student_t_ar1,2.608188495741093,2.574755346394789,-0.06734291721617487,0.645844467418238,-0.9454489541211974,-0.9499466944201232,3.5536374498622902,2011-04-28,9.0,0,True,False
2011-04-08,2011Q2,2,diag4,student_t_ar1,3.7404345915522885,3.6721772164408897,0.38175092502240004,0.7391331782399381,2.7339190839842376,2.6972149874665394,1.006515507568051,2011-07-28,9.0,0,True,False
2011-04-08,2011Q3,-11,diag4,student_t_ar1,3.935025642964596,3.8595764480500443,0.4584396107986151,0.7796376107313615,-0.08922107662069356,-0.0892609023136356,4.024246719585289,2011-10-28,9.0,0,True,False
2011-04-15,2011Q1,15,diag4,student_t_ar1,2.634060783428316,2.5999668103259403,-0.05702572424386383,0.6468362754788867,-0.9454489541211974,-0.9499466944201232,3.5795097375495133,2011-04-28,6.0,0,True,False
2011-04-15,2011Q2,3,diag4,student_t_ar1,3.848871487379868,3.776649751889453,0.42450382947383936,0.7430740431067432,2.7339190839842376,2.6972149874665394,1.1149524033956304,2011-07-28,6.0,0,True,False
2011-04-15,2011Q3,-10,diag4,student_t_ar1,3.9400468222892115,3.864407406631128,0.46041656588771224,0.7798844622568953,-0.08922107662069356,-0.0892609023136356,4.0292678989099056,2011-10-28,6.0,0,True,False
2011-04-22,2011Q1,16,diag4,student_t_ar1,2.8145751218928927,2.7756938324319362,0.014886386947623013,0.6423472585054669,-0.9454489541211974,-0.9499466944201232,3.76002407601409,2011-04-28,6.0,0,True,False
2011-04-22,2011Q2,4,diag4,student_t_ar1,4.125516361831294,4.042687354382254,0.5333734012807253,0.7190076328688648,2.7339190839842376,2.6972149874665394,1.3915972778470564,2011-07-28,6.0,0,True,False
2011-04-22,2011Q3,-9,diag4,student_t_ar1,3.8913710178235528,3.817565782913653,0.44124774362696173,0.7772779132030034,-0.08922107662069356,-0.0892609023136356,3.9805920944442463,2011-10-28,6.0,0,True,False
2011-04-29,2011Q2,5,diag4,student_t_ar1,4.271241282665161,4.182540724686957,0.6013585506864417,0.722412314374966,2.7339190839842376,2.6972149874665394,1.5373221986809238,2011-07-28,6.0,0,True,False
2011-04-29,2011Q3,-8,diag4,student_t_ar1,3.5018142624239745,3.4418955669245177,0.3000832151694401,0.7756684660831069,-0.08922107662069356,-0.0892609023136356,3.591035339044668,2011-10-28,6.0,0,True,False
2011-05-06,2011Q2,6,diag4,student_t_ar1,4.308742772947705,4.218499583209688,0.6159856863028725,0.7170019295317609,2.7339190839842376,2.6972149874665394,1.574823688963467,2011-07-28,14.0,11,False,True
2011-05-06,2011Q3,-7,diag4,student_t_ar1,3.46657341880654,3.4078412416695,0.2862307945338874,0.776408400065171,-0.08922107662069356,-0.0892609023136356,3.5557944954272336,2011-10-28,14.0,0,True,False
2011-05-13,2011Q2,7,diag4,student_t_ar1,4.318669411257892,4.228015723216171,0.6198566064638055,0.7175869239567192,2.7339190839842376,2.6972149874665394,1.584750327273654,2011-07-28,6.0,0,True,False
2011-05-13,2011Q3,-6,diag4,student_t_ar1,3.464170624804508,3.405518924593563,0.28528613588203927,0.7764330598501852,-0.08922107662069356,-0.0892609023136356,3.5533917014252014,2011-10-28,6.0,0,True,False
2011-05-20,2011Q2,8,diag4,student_t_ar1,3.02805244319142,2.983111897736872,0.11346185888891638,0.6801823129924711,2.7339190839842376,2.6972149874665394,0.29413335920718264,2011-07-28,9.0,0,True,False
2011-05-20,2011Q3,-5,diag4,student_t_ar1,3.068378025229257,3.0222446303715857,0.12938004458237098,0.7734072820808288,-0.08922107662069356,-0.0892609023136356,3.1575991018499505,2011-10-28,9.0,0,True,False
2011-05-27,2011Q2,9,diag4,student_t_ar1,3.0225534855168767,2.9777744150819982,0.11129070869531843,0.6801600137265974,2.7339190839842376,2.6972149874665394,0.2886344015326392,2011-07-28,4.0,0,True,False
2011-05-27,2011Q3,-4,diag4,student_t_ar1,3.0680424372331316,3.0219190324055605,0.12924759973286393,0.7734052046330387,-0.08922107662069356,-0.0892609023136356,3.157263513853825,2011-10-28,4.0,0,True,False
2011-06-03,2011Q2,10,diag4,student_t_ar1,2.8401750672953696,2.800589873501902,0.039216609980841234,0.6831670453082817,2.7339190839842376,2.6972149874665394,0.10625598331113206,2011-07-28,9.0,5,True,True
2011-06-03,2011Q3,-3,diag4,student_t_ar1,2.7712605791626155,2.7335561596458064,0.01194902519846214,0.7719785786709337,-0.08922107662069356,-0.0892609023136356,2.860481655783309,2011-10-28,9.0,0,True,False
2011-06-10,2011Q2,11,diag4,student_t_ar1,2.7503987152929676,2.713254782153111,0.00369094877486554,0.6808097026764905,2.7339190839842376,2.6972149874665394,0.01647963130873009,2011-07-28,7.0,0,True,False
2011-06-10,2011Q3,-2,diag4,student_t_ar1,2.6437517187603676,2.6094085860552707,-0.03855100372241425,0.7691021827858077,-0.08922107662069356,-0.0892609023136356,2.732972795381061,2011-10-28,7.0,0,True,False
2011-06-17,2011Q2,12,diag4,student_t_ar1,2.7340028981194253,2.6972965711360284,-0.0028004396154234514,0.6606645292771259,2.7339190839842376,2.6972149874665394,8.381413518776526e-05,2011-07-28,10.0,0,True,False
2011-06-17,2011Q3,-1,diag4,student_t_ar1,2.4800053712187076,2.449752401274651,-0.10349501926483926,0.7599599305509027,-0.08922107662069356,-0.0892609023136356,2.569226447839401,2011-10-28,10.0,0,True,False
2011-06-24,2011Q2,13,diag4,student_t_ar1,2.707347845348429,2.671347507985796,-0.013355848808344508,0.660743761865335,2.7339190839842376,2.6972149874665394,-0.02657123863580857,2011-07-28,2.0,0,True,False
2011-06-24,2011Q3,0,diag4,student_t_ar1,2.3644982692866856,2.3369769915161904,-0.14936914543302166,0.7591934573343286,-0.08922107662069356,-0.0892609023136356,2.453719345907379,2011-10-28,2.0,0,True,False
2011-07-01,2011Q2,14,diag4,student_t_ar1,2.8087676090334357,2.770045142177353,0.026791801580174197,0.6599571060488777,2.7339190839842376,2.6972149874665394,0.07484852504919814,2011-07-28,11.0,12,False,True
2011-07-01,2011Q3,1,diag4,student_t_ar1,2.810387280029114,2.7716205508464404,0.02743263716841941,0.7544405976409123,-0.08922107662069356,-0.0892609023136356,2.8996083566498077,2011-10-28,11.0,0,True,False
2011-07-01,2011Q4,-13,diag4,student_t_ar1,3.258661364953097,3.2066929646601396,0.20440886670579858,0.7888441533183111,4.568438742179692,4.467158724585995,-1.3097773772265953,2012-01-28,11.0,0,True,False
2011-07-08,2011Q2,15,diag4,student_t_ar1,2.820050296062737,2.7810189805289802,0.03125567580745467,0.659129995031493,2.7339190839842376,2.6972149874665394,0.08613121207849961,2011-07-28,9.0,0,True,False
2011-07-08,2011Q3,2,diag4,student_t_ar1,2.8034698843699246,2.7648920202335825,0.02469564456584934,0.7483561961259022,-0.08922107662069356,-0.0892609023136356,2.892690960990618,2011-10-28,9.0,0,True,False
2011-07-08,2011Q4,-12,diag4,student_t_ar1,3.2545398247229906,3.2027014133143514,0.20278520663277708,0.786461453328747,4.568438742179692,4.467158724585995,-1.3138989174567017,2012-01-28,9.0,0,True,False
2011-07-15,2011Q2,16,diag4,student_t_ar1,2.834856298138977,2.795417861009897,0.03711276877902431,0.6591015107731614,2.7339190839842376,2.6972149874665394,0.10093721415473933,2011-07-28,6.0,0,True,False
2011-07-15,2011Q3,3,diag4,student_t_ar1,2.8182882929255415,2.7793052892500745,0.0305585904223497,0.7482041319840027,-0.08922107662069356,-0.0892609023136356,2.907509369546235,2011-10-28,6.0,0,True,False
2011-07-15,2011Q4,-11,diag4,student_t_ar1,3.2754130624530253,3.2229146923175374,0.211007446864498,0.7864514638723668,4.568438742179692,4.467158724585995,-1.293025679726667,2012-01-28,6.0,0,True,False
2011-07-22,2011Q2,17,diag4,student_t_ar1,2.804791219402558,2.7661773139523733,0.02521846887963606,0.6557075963294955,2.7339190839842376,2.6972149874665394,0.0708721354183206,2011-07-28,6.0,0,True,False
2011-07-22,2011Q3,4,diag4,student_t_ar1,2.6830637974707416,2.6477007877746357,-0.022974724312798896,0.7270362986315112,-0.08922107662069356,-0.0892609023136356,2.772284874091435,2011-10-28,6.0,0,True,False
2011-07-22,2011Q4,-10,diag4,student_t_ar1,3.22223117837952,3.171406225531047,0.19005513191256027,0.7841508106431898,4.568438742179692,4.467158724585995,-1.3462075638001725,2012-01-28,6.0,0,True,False
2011-07-29,2011Q3,5,diag4,student_t_ar1,2.6826198751161545,2.6472684639835844,-0.023234755659115314,0.7259845203417177,-0.08922107662069356,-0.0892609023136356,2.771840951736848,2011-10-28,6.0,0,True,False
2011-07-29,2011Q4,-9,diag4,student_t_ar1,3.214210489008984,3.163635611670633,0.18781748051554356,0.7816300046561422,4.568438742179692,4.467158724585995,-1.3542282531707084,2012-01-28,6.0,0,True,False
2011-08-05,2011Q3,6,diag4,student_t_ar1,1.983617178497643,1.964199849898324,-0.30242207249204345,0.7444587951980378,-0.08922107662069356,-0.0892609023136356,2.0728382551183366,2011-10-28,14.0,13,False,True
2011-08-05,2011Q4,-8,diag4,student_t_ar1,2.730531099254563,2.693917108220796,-0.00416828188192118,0.7804506972837683,4.568438742179692,4.467158724585995,-1.8379076429251295,2012-01-28,14.0,0,True,False
2011-08-12,2011Q3,7,diag4,student_t_ar1,1.9836197932980415,1.9642024138399081,-0.3024210245446533,0.7443511009603254,-0.08922107662069356,-0.0892609023136356,2.072840869918735,2011-10-28,4.0,0,True,False
2011-08-12,2011Q4,-7,diag4,student_t_ar1,2.7302880655446726,2.6936805339572683,-0.004264975731564069,0.7804502499541186,4.568438742179692,4.467158724585995,-1.8381506766350197,2012-01-28,4.0,0,True,False
2011-08-19,2011Q3,8,diag4,student_t_ar1,2.899278970131358,2.858044973437304,0.0629149032658504,0.6777267866574592,-0.08922107662069356,-0.0892609023136356,2.9885000467520517,2011-10-28,11.0,0,True,False
2011-08-19,2011Q4,-6,diag4,student_t_ar1,2.844013131060663,2.804321870403911,0.04095692030696745,0.7782253515492674,4.568438742179692,4.467158724585995,-1.7244256111190293,2012-01-28,11.0,0,True,False
2011-08-26,2011Q3,9,diag4,student_t_ar1,2.7643581592112554,2.726839640147791,0.009287984681216093,0.6788717022208596,-0.08922107662069356,-0.0892609023136356,2.853579235831949,2011-10-28,4.0,0,True,False
2011-08-26,2011Q4,-5,diag4,student_t_ar1,2.613486507927143,2.579918555580295,-0.05076235658869182,0.7785320157031721,4.568438742179692,4.467158724585995,-1.9549522342525494,2012-01-28,4.0,0,True,False
2011-09-02,2011Q3,10,diag4,student_t_ar1,2.755711346145784,2.718425072080177,0.005848739146195956,0.6760130922852893,-0.08922107662069356,-0.0892609023136356,2.8449324227664774,2011-10-28,8.0,2,True,True
2011-09-02,2011Q4,-4,diag4,student_t_ar1,2.6059116882165556,2.572536388221251,-0.053779633996676686,0.7734848046639038,4.568438742179692,4.467158724585995,-1.9625270539631368,2012-01-28,8.0,0,True,False
2011-09-09,2011Q3,11,diag4,student_t_ar1,2.908622798892102,2.867125119230386,0.0666261871517558,0.673038653828982,-0.08922107662069356,-0.0892609023136356,2.9978438755127956,2011-10-28,8.0,0,True,False
2011-09-09,2011Q4,-3,diag4,student_t_ar1,2.854435921824683,2.8144559193682213,0.04509896091702859,0.7690789797028673,4.568438742179692,4.467158724585995,-1.7140028203550095,2012-01-28,8.0,0,True,False
2011-09-16,2011Q3,12,diag4,student_t_ar1,2.843161580927278,2.803493865318425,0.040618493810164545,0.6707369932079308,-0.08922107662069356,-0.0892609023136356,2.9323826575479717,2011-10-28,8.0,0,True,False
2011-09-16,2011Q4,-2,diag4,student_t_ar1,2.7525195167203975,2.715318793161571,0.004579124851617914,0.7667254874558752,4.568438742179692,4.467158724585995,-1.8159192254592949,2012-01-28,8.0,0,True,False
2011-09-23,2011Q3,13,diag4,student_t_ar1,3.3966132611896516,3.3402021789566354,0.259984675942893,0.6559225576426088,-0.08922107662069356,-0.0892609023136356,3.485834337810345,2011-10-28,4.0,0,True,False
2011-09-23,2011Q4,-1,diag4,student_t_ar1,3.1204808254264194,3.0727835407633424,0.15068395486045424,0.7589837926413239,4.568438742179692,4.467158724585995,-1.447957916753273,2012-01-28,4.0,0,True,False
2011-09-30,2011Q3,14,diag4,student_t_ar1,3.4014369388538412,3.3448672883814154,0.2618914234587052,0.6559157288600387,-0.08922107662069356,-0.0892609023136356,3.490658015474535,2011-10-28,8.0,0,True,False
2011-09-30,2011Q4,0,diag4,student_t_ar1,3.1219872841148355,3.074244402536621,0.151281045797346,0.7589853114584136,4.568438742179692,4.467158724585995,-1.4464514580648569,2012-01-28,8.0,0,True,False
2011-10-07,2011Q3,15,diag4,student_t_ar1,3.525277460768317,3.464562357294314,0.3108138075923634,0.6549620766812086,-0.08922107662069356,-0.0892609023136356,3.6144985373890104,2011-10-28,12.0,65,True,True
2011-10-07,2011Q4,1,diag4,student_t_ar1,3.596001617924527,3.5328548670929623,0.3387266734118594,0.754159868369947,4.568438742179692,4.467158724585995,-0.9724371242551655,2012-01-28,12.0,0,True,False
2011-10-07,2012Q1,-12,diag4,student_t_ar1,3.0374409556068738,2.99222406131855,0.11775727012063732,0.7885851594653022,3.396793738645587,3.3403767275155727,-0.3593527830387133,2012-04-28,12.0,0,True,False
2011-10-14,2011Q3,16,diag4,student_t_ar1,3.550515310821112,3.488937828555303,0.320776675564283,0.6544272375358193,-0.08922107662069356,-0.0892609023136356,3.6397363874418054,2011-10-28,6.0,0,True,False
2011-10-14,2011Q4,2,diag4,student_t_ar1,3.6611873257881733,3.5957580747889244,0.36443679595985284,0.7518234153337227,4.568438742179692,4.467158724585995,-0.9072514163915191,2012-01-28,6.0,0,True,False
2011-10-14,2012Q1,-11,diag4,student_t_ar1,3.0532966131712858,3.0076111260481397,0.12404635034948314,0.7884275286856263,3.396793738645587,3.3403767275155727,-0.34349712547430133,2012-04-28,6.0,0,True,False
2011-10-21,2011Q3,17,diag4,student_t_ar1,3.322280263699917,3.2682851911806137,0.23059039484452612,0.6504341165680789,-0.08922107662069356,-0.0892609023136356,3.4115013403206107,2011-10-28,6.0,0,True,False
2011-10-21,2011Q4,3,diag4,student_t_ar1,3.1448904177728165,3.0964516846822425,0.1603577203634736,0.7292670280864174,4.568438742179692,4.467158724585995,-1.4235483244068758,2012-01-28,6.0,0,True,False
2011-10-21,2012Q1,-10,diag4,student_t_ar1,2.984185454861321,2.9405251179992464,0.09662661212994192,0.7868228912661629,3.396793738645587,3.3403767275155727,-0.41260828378426595,2012-04-28,6.0,0,True,False
2011-10-28,2011Q4,4,diag4,student_t_ar1,3.25493989923189,3.2030888768917514,0.2143189974469312,0.7317953905861213,4.568438742179692,4.467158724585995,-1.3134988429478023,2012-01-28,6.0,0,True,False
2011-10-28,2012Q1,-9,diag4,student_t_ar1,2.6368305534035352,2.602665458884774,-0.03075258191908178,0.7850761856192839,3.396793738645587,3.3403767275155727,-0.7599631852420519,2012-04-28,6.0,0,True,False
2011-11-04,2011Q4,5,diag4,student_t_ar1,3.1450105708276777,3.096568174199453,0.17084101830575826,0.7308825395023427,4.568438742179692,4.467158724585995,-1.4234281713520147,2012-01-28,13.0,11,False,True
2011-11-04,2012Q1,-8,diag4,student_t_ar1,2.4623691200117204,2.4325414644985965,-0.10019117265671151,0.7866866945539982,3.396793738645587,3.3403767275155727,-0.9344246186338667,2012-04-28,13.0,0,True,False
2011-11-11,2011Q4,6,diag4,student_t_ar1,3.2543760826723833,3.2025428322188176,0.21409612134585496,0.7237256726058093,4.568438742179692,4.467158724585995,-1.314062659507309,2012-01-28,5.0,0,True,False
2011-11-11,2012Q1,-7,diag4,student_t_ar1,2.5414222255513153,2.509665022984185,-0.06871206688310796,0.7846415772550022,3.396793738645587,3.3403767275155727,-0.8553715130942718,2012-04-28,5.0,0,True,False
2011-11-18,2011Q4,7,diag4,student_t_ar1,3.9347540303548145,3.859315118471291,0.48216731352219083,0.687477151366654,4.568438742179692,4.467158724585995,-0.6336847118248778,2012-01-28,11.0,0,True,False
2011-11-18,2012Q1,-6,diag4,student_t_ar1,2.6795129917497995,2.6442427032718054,-0.01378222293235408,0.7832922161710935,3.396793738645587,3.3403767275155727,-0.7172807468957876,2012-04-28,11.0,0,True,False
2011-11-25,2011Q4,8,diag4,student_t_ar1,3.8966094168877197,3.8226078445904843,0.4671847040596037,0.6868147051659689,4.568438742179692,4.467158724585995,-0.6718293252919727,2012-01-28,0.0,0,True,False
2011-11-25,2012Q1,-5,diag4,student_t_ar1,2.6196087537535107,2.585884694540862,-0.03760189574894928,0.7822344862347531,3.396793738645587,3.3403767275155727,-0.7771849848920764,2012-04-28,0.0,0,True,False
2011-12-02,2011Q4,9,diag4,student_t_ar1,3.929729046231434,3.8544802529377677,0.48019389260490547,0.6846085551688915,4.568438742179692,4.467158724585995,-0.6387096959482585,2012-01-28,11.0,25,True,True
2011-12-02,2012Q1,-4,diag4,student_t_ar1,2.6535147379044277,2.6189196909227843,-0.024118179932964477,0.7787624031166804,3.396793738645587,3.3403767275155727,-0.7432790007411594,2012-04-28,11.0,0,True,False
2011-12-09,2011Q4,10,diag4,student_t_ar1,3.896849446978967,3.8228388721623463,0.4672790013341859,0.6812054155741666,4.568438742179692,4.467158724585995,-0.6715892952007252,2012-01-28,9.0,0,True,False
2011-12-09,2012Q1,-3,diag4,student_t_ar1,2.6034040739127295,2.570092430650777,-0.04404773869450699,0.7744059389281831,3.396793738645587,3.3403767275155727,-0.7933896647328575,2012-04-28,9.0,0,True,False
2011-12-16,2011Q4,11,diag4,student_t_ar1,3.9705863377276662,3.8937849475427537,0.4962366772373178,0.6803966708579448,4.568438742179692,4.467158724585995,-0.5978524044520261,2012-01-28,8.0,0,True,False
2011-12-16,2012Q1,-2,diag4,student_t_ar1,2.6546214219197894,2.6199977621926984,-0.023678149413062552,0.7740670077360244,3.396793738645587,3.3403767275155727,-0.7421723167257976,2012-04-28,8.0,0,True,False
2011-12-23,2011Q4,12,diag4,student_t_ar1,3.66615869174276,3.6005537431375805,0.37655008236479914,0.6660394353636684,4.568438742179692,4.467158724585995,-0.9022800504369322,2012-01-28,4.0,0,True,False
2011-12-23,2012Q1,-1,diag4,student_t_ar1,2.441142304949495,2.4118226246987895,-0.10864786944782678,0.7655492581055807,3.396793738645587,3.3403767275155727,-0.955651433696092,2012-04-28,4.0,0,True,False
2011-12-30,2011Q4,13,diag4,student_t_ar1,3.670048456230468,3.6043058755236,0.3780815699488184,0.6660414766114042,4.568438742179692,4.467158724585995,-0.8983902859492243,2012-01-28,8.0,0,True,False
2011-12-30,2012Q1,0,diag4,student_t_ar1,2.443175937134545,2.413807776322463,-0.10783760084553029,0.7655614110748764,3.396793738645587,3.3403767275155727,-0.9536178015110419,2012-04-28,8.0,0,True,False
2012-01-06,2011Q4,14,diag4,student_t_ar1,3.752355681441899,3.683667822824888,0.4104743067798509,0.6653481063425102,4.568438742179692,4.467158724585995,-0.8160830607377934,2012-01-28,10.0,30,True,True
2012-01-06,2012Q1,1,diag4,student_t_ar1,2.7649240997075664,2.7273903553452636,0.02015570454198917,0.7561479321674183,3.396793738645587,3.3403767275155727,-0.6318696389380207,2012-04-28,10.0,0,True,False
2012-01-06,2012Q2,-12,diag4,student_t_ar1,3.41345449121242,3.3564888426021984,0.2769314318455418,0.7916563923232811,1.7973274732638433,1.7813665065292486,1.6161270179485765,2012-07-28,10.0,0,True,False
2012-01-13,2011Q4,15,diag4,student_t_ar1,3.753367653583717,3.6846431907574573,0.4108724174339809,0.6652936146005507,4.568438742179692,4.467158724585995,-0.8150710885959755,2012-01-28,6.0,0,True,False
2012-01-13,2012Q1,2,diag4,student_t_ar1,2.7598749517351306,2.722476935654053,0.018150220598991088,0.7559143804817031,3.396793738645587,3.3403767275155727,-0.6369187869104564,2012-04-28,6.0,0,True,False
2012-01-13,2012Q2,-11,diag4,student_t_ar1,3.4210408284194083,3.36382450215809,0.27992558833434295,0.7916312837926542,1.7973274732638433,1.7813665065292486,1.623713355155565,2012-07-28,6.0,0,True,False
2012-01-20,2011Q4,16,diag4,student_t_ar1,3.7887176214435048,3.7187085401103737,0.42477668684986347,0.6614935981770138,4.568438742179692,4.467158724585995,-0.7797211207361876,2012-01-28,8.0,0,True,False
2012-01-20,2012Q1,3,diag4,student_t_ar1,2.8477404797395245,2.807946078583222,0.053035698441008784,0.7345881764422282,3.396793738645587,3.3403767275155727,-0.5490532589060626,2012-04-28,8.0,0,True,False
2012-01-20,2012Q2,-10,diag4,student_t_ar1,3.448213156820068,3.3900945524758312,0.29064809270095093,0.789953859283918,1.7973274732638433,1.7813665065292486,1.6508856835562247,2012-07-28,8.0,0,True,False
2012-01-27,2011Q4,17,diag4,student_t_ar1,3.7935438472953775,3.723358480638623,0.4266746279278426,0.6614977861170586,4.568438742179692,4.467158724585995,-0.7748948948843148,2012-01-28,4.0,0,True,False
2012-01-27,2012Q1,4,diag4,student_t_ar1,2.8495210703702645,2.8096773516369984,0.05374234280043632,0.7345890524051698,3.396793738645587,3.3403767275155727,-0.5472726682753226,2012-04-28,4.0,0,True,False
2012-01-27,2012Q2,-9,diag4,student_t_ar1,3.4489292389868087,3.390786763260811,0.290930628633497,0.7899540806751768,1.7973274732638433,1.7813665065292486,1.6516017657229654,2012-07-28,4.0,0,True,False
2012-02-03,2012Q1,5,diag4,student_t_ar1,2.9634017241998656,2.9203416033325467,0.09235360367971862,0.727358593785492,3.396793738645587,3.3403767275155727,-0.4333920144457215,2012-04-28,12.0,12,False,True
2012-02-03,2012Q2,-8,diag4,student_t_ar1,3.681927579988331,3.615763807102496,0.37682798591552086,0.7850522093846688,1.7973274732638433,1.7813665065292486,1.8846001067244877,2012-07-28,12.0,0,True,False
2012-02-10,2012Q1,6,diag4,student_t_ar1,3.3545235496889703,3.299486840960097,0.24744946726739278,0.7343149138563404,3.396793738645587,3.3403767275155727,-0.04227018895661683,2012-04-28,7.0,0,True,False
2012-02-10,2012Q2,-7,diag4,student_t_ar1,3.946749004534311,3.870855321921521,0.4811775460796121,0.7835499303857483,1.7973274732638433,1.7813665065292486,2.149421531270468,2012-07-28,7.0,0,True,False
2012-02-17,2012Q1,7,diag4,student_t_ar1,3.384771942318654,3.32874919553429,0.2594197353939081,0.6837158176788901,3.396793738645587,3.3403767275155727,-0.01202179632693312,2012-04-28,10.0,0,True,False
2012-02-17,2012Q2,-6,diag4,student_t_ar1,3.99279332814646,3.915141583060861,0.49929360091773844,0.7818748673876751,1.7973274732638433,1.7813665065292486,2.1954658548826167,2012-07-28,10.0,0,True,False
2012-02-24,2012Q1,8,diag4,student_t_ar1,3.376621996103424,3.3208657642377473,0.2561948825838816,0.6830456358013635,3.396793738645587,3.3403767275155727,-0.02017174254216325,2012-04-28,2.0,0,True,False
2012-02-24,2012Q2,-5,diag4,student_t_ar1,3.9791764540659136,3.9020466702086596,0.49393690217578395,0.7807942380759292,1.7973274732638433,1.7813665065292486,2.1818489808020702,2012-07-28,2.0,0,True,False
2012-03-02,2012Q1,9,diag4,student_t_ar1,3.3129767447961145,3.259280417218246,0.23100233990523913,0.6810630446653474,3.396793738645587,3.3403767275155727,-0.08381699384947261,2012-04-28,11.0,3,True,True
2012-03-02,2012Q2,-4,diag4,student_t_ar1,3.8612571682000496,3.788575680504512,0.4475196472725301,0.7777487310479003,1.7973274732638433,1.7813665065292486,2.0639296949362063,2012-07-28,11.0,0,True,False
2012-03-09,2012Q1,10,diag4,student_t_ar1,3.36574395126894,3.3103424786066853,0.25189015207231824,0.6774662486950718,3.396793738645587,3.3403767275155727,-0.031049787376646876,2012-04-28,9.0,0,True,False
2012-03-09,2012Q2,-3,diag4,student_t_ar1,3.949420739029197,3.873425580429248,0.4822289544143017,0.7732189682252284,1.7973274732638433,1.7813665065292486,2.1520932657653535,2012-07-28,9.0,0,True,False
2012-03-16,2012Q1,11,diag4,student_t_ar1,3.434040116243664,3.376392999660787,0.27890925078869183,0.6757890421188596,3.396793738645587,3.3403767275155727,0.03724637759807692,2012-04-28,8.0,0,True,False
2012-03-16,2012Q2,-2,diag4,student_t_ar1,3.9989893900620688,3.9210995702817772,0.501730817798147,0.7725050542149188,1.7973274732638433,1.7813665065292486,2.2016619167982254,2012-07-28,8.0,0,True,False
2012-03-23,2012Q1,12,diag4,student_t_ar1,3.2848632392520782,3.2320647350797214,0.21986929824865734,0.6621360763173194,3.396793738645587,3.3403767275155727,-0.11193049939350885,2012-04-28,4.0,0,True,False
2012-03-23,2012Q2,-1,diag4,student_t_ar1,3.848948035544053,3.7767234629802764,0.44267129437258906,0.7643614852886764,1.7973274732638433,1.7813665065292486,2.0516205622802097,2012-07-28,4.0,0,True,False
2012-03-30,2012Q1,13,diag4,student_t_ar1,3.2867783196498968,3.2339188912295285,0.22062777262929348,0.662130972033107,3.396793738645587,3.3403767275155727,-0.11001541899569034,2012-04-28,8.0,0,True,False
2012-03-30,2012Q2,0,diag4,student_t_ar1,3.850496341138099,3.778214372692351,0.4432811765664743,0.7643506801014581,1.7973274732638433,1.7813665065292486,2.0531688678742555,2012-07-28,8.0,0,True,False
2012-04-06,2012Q1,14,diag4,student_t_ar1,3.3160406656253194,3.2622460421511166,0.23221547965854009,0.6608326997742404,3.396793738645587,3.3403767275155727,-0.08075307302026768,2012-04-28,10.0,23,True,True
2012-04-06,2012Q2,1,diag4,student_t_ar1,3.972076109713907,3.895217815592745,0.49114344204795196,0.753093971506476,1.7973274732638433,1.7813665065292486,2.1747486364500634,2012-07-28,10.0,0,True,False
2012-04-06,2012Q3,-12,diag4,student_t_ar1,3.3499189777981275,3.295031617999913,0.2456269818873597,0.7909726141371318,0.5773578286532466,0.575697505945138,2.772561149144881,2012-10-28,10.0,0,True,False
2012-04-13,2012Q1,15,diag4,student_t_ar1,3.315438453871433,3.261663157339505,0.2319770406271157,0.6611723694848014,3.396793738645587,3.3403767275155727,-0.08135528477415388,2012-04-28,6.0,0,True,False
2012-04-13,2012Q2,2,diag4,student_t_ar1,3.9784139518666883,3.901313345497843,0.49363692312283314,0.7545600888527915,1.7973274732638433,1.7813665065292486,2.181086478602845,2012-07-28,6.0,0,True,False
2012-04-13,2012Q3,-11,diag4,student_t_ar1,3.3355530523706767,3.2811303744248574,0.23994043973083196,0.7910709533330513,0.5773578286532466,0.575697505945138,2.75819522371743,2012-10-28,6.0,0,True,False
2012-04-20,2012Q1,16,diag4,student_t_ar1,2.8840317898778167,2.8432262981762966,0.06080826521292067,0.6573382048402411,3.396793738645587,3.3403767275155727,-0.5127619487677704,2012-04-28,8.0,0,True,False
2012-04-20,2012Q2,3,diag4,student_t_ar1,2.845640121632953,2.805903856222447,0.04554088007509252,0.734098171919711,1.7973274732638433,1.7813665065292486,1.0483126483691096,2012-07-28,8.0,0,True,False
2012-04-20,2012Q3,-10,diag4,student_t_ar1,3.086705038445836,3.0400244619357637,0.14131193011910273,0.7896990738759889,0.5773578286532466,0.575697505945138,2.5093472097925895,2012-10-28,8.0,0,True,False
2012-04-27,2012Q1,17,diag4,student_t_ar1,2.885462037529485,2.8446164436493557,0.06137692806625276,0.657334462883704,3.396793738645587,3.3403767275155727,-0.5113317011161023,2012-04-28,4.0,0,True,False
2012-04-27,2012Q2,4,diag4,student_t_ar1,2.846204785961848,2.8064528953242505,0.045765473938305594,0.7340976192134108,1.7973274732638433,1.7813665065292486,1.0488773126980044,2012-07-28,4.0,0,True,False
2012-04-27,2012Q3,-9,diag4,student_t_ar1,3.0869169234989835,3.040230002344981,0.14139600994948426,0.7896986987448836,0.5773578286532466,0.575697505945138,2.509559094845737,2012-10-28,4.0,0,True,False
2012-05-04,2012Q2,5,diag4,student_t_ar1,3.024608205984447,2.979768832719957,0.11473521770627615,0.7288041683035446,1.7973274732638433,1.7813665065292486,1.2272807327206037,2012-07-28,12.0,13,False,True
2012-05-04,2012Q3,-8,diag4,student_t_ar1,3.2788058285939226,3.2261998018247757,0.2159792882439564,0.7867332648263377,0.5773578286532466,0.575697505945138,2.701447999940676,2012-10-28,12.0,0,True,False
2012-05-11,2012Q2,6,diag4,student_t_ar1,2.703824074446981,2.6679165642169043,-0.013386638018070874,0.7299242446379901,1.7973274732638433,1.7813665065292486,0.9064966011831377,2012-07-28,7.0,0,True,False
2012-05-11,2012Q3,-7,diag4,student_t_ar1,3.0557779078715264,3.010018875154878,0.12716319070485763,0.7849774290280036,0.5773578286532466,0.575697505945138,2.47842007921828,2012-10-28,7.0,0,True,False
2012-05-18,2012Q2,7,diag4,student_t_ar1,3.4466982709794314,3.388630151219928,0.28271241765281696,0.6843483629924932,1.7973274732638433,1.7813665065292486,1.649370797715588,2012-07-28,12.0,0,True,False
2012-05-18,2012Q3,-6,diag4,student_t_ar1,3.212432505246321,3.161912981551859,0.1895675941699623,0.7835634523859288,0.5773578286532466,0.575697505945138,2.6350746765930744,2012-10-28,12.0,0,True,False
2012-05-25,2012Q2,8,diag4,student_t_ar1,3.3818769807372195,3.325948974515369,0.2569603886009739,0.6837195419439885,1.7973274732638433,1.7813665065292486,1.5845495074733762,2012-07-28,0.0,0,True,False
2012-05-25,2012Q3,-5,diag4,student_t_ar1,3.1102739736146745,3.0628850638557306,0.14888281530127281,0.7825925310272078,0.5773578286532466,0.575697505945138,2.532916144961428,2012-10-28,0.0,0,True,False
2012-06-01,2012Q2,9,diag4,student_t_ar1,3.3057429386420534,3.252278335153164,0.22669343215780643,0.6816758623756071,1.7973274732638433,1.7813665065292486,1.50841546537821,2012-07-28,11.0,6,True,True
2012-06-01,2012Q3,-4,diag4,student_t_ar1,3.010409755319854,2.9659862720391845,0.10907276971598134,0.7785646209565854,0.5773578286532466,0.575697505945138,2.4330519266666073,2012-10-28,11.0,0,True,False
2012-06-08,2012Q2,10,diag4,student_t_ar1,3.248287230557323,3.1966457149428305,0.20383724267305367,0.678511351941583,1.7973274732638433,1.7813665065292486,1.4509597572934796,2012-07-28,9.0,0,True,False
2012-06-08,2012Q3,-3,diag4,student_t_ar1,2.928576155438156,2.886512631992836,0.0764216997308764,0.7742528451780505,0.5773578286532466,0.575697505945138,2.3512183267849096,2012-10-28,9.0,0,True,False
2012-06-15,2012Q2,11,diag4,student_t_ar1,3.1825914119521403,3.1329964961291337,0.17768750174296313,0.6808014103515457,1.7973274732638433,1.7813665065292486,1.385263938688297,2012-07-28,6.0,0,True,False
2012-06-15,2012Q3,-2,diag4,student_t_ar1,2.8815474365205596,2.840811556734392,0.05764580113370897,0.7751907039031593,0.5773578286532466,0.575697505945138,2.304189607867313,2012-10-28,6.0,0,True,False
2012-06-22,2012Q2,12,diag4,student_t_ar1,3.218790624554835,3.1680730180173966,0.1920983928301189,0.6626331332866527,1.7973274732638433,1.7813665065292486,1.4214631512909914,2012-07-28,6.0,0,True,False
2012-06-22,2012Q3,-1,diag4,student_t_ar1,2.6565724593190954,2.62189832821882,-0.03229283941124041,0.768388269910708,0.5773578286532466,0.575697505945138,2.0792146306658488,2012-10-28,6.0,0,True,False
2012-06-29,2012Q2,13,diag4,student_t_ar1,3.220028473601877,3.1692722585986632,0.1925910906369021,0.6626295202908404,1.7973274732638433,1.7813665065292486,1.4227010003380336,2012-07-28,4.0,0,True,False
2012-06-29,2012Q3,0,diag4,student_t_ar1,2.6568286808314356,2.6221479188553056,-0.03219029721819672,0.7683883816350593,0.5773578286532466,0.575697505945138,2.079470852178189,2012-10-28,4.0,0,True,False
2012-07-06,2012Q2,14,diag4,student_t_ar1,3.091891299748406,3.045055305481854,0.1415576105145857,0.6629154383102882,1.7973274732638433,1.7813665065292486,1.2945638264845627,2012-07-28,13.0,4,True,True
2012-07-06,2012Q3,1,diag4,student_t_ar1,2.1729601429625767,2.1496878917107383,-0.22629648642087302,0.7641918116030677,0.5773578286532466,0.575697505945138,1.59560231430933,2012-10-28,13.0,0,True,False
2012-07-06,2012Q4,-12,diag4,student_t_ar1,2.5862998788674485,2.5534208386991297,-0.06042623435084256,0.7932193998118374,0.4633651980530562,0.4622949663000891,2.1229346808143923,2013-01-28,13.0,0,True,False
2012-07-13,2012Q2,15,diag4,student_t_ar1,3.0789425120865577,3.0324940838585417,0.1363969393023197,0.6656125743480433,1.7973274732638433,1.7813665065292486,1.2816150388227143,2012-07-28,6.0,0,True,False
2012-07-13,2012Q3,2,diag4,student_t_ar1,2.0762942549551022,2.055033058810845,-0.2651846205448472,0.7750098083445712,0.5773578286532466,0.575697505945138,1.4989364263018556,2012-10-28,6.0,0,True,False
2012-07-13,2012Q4,-11,diag4,student_t_ar1,2.5577652381623794,2.5256017147358607,-0.07185548514292014,0.7937428767065451,0.4633651980530562,0.4622949663000891,2.0944000401093232,2013-01-28,6.0,0,True,False
2012-07-20,2012Q2,16,diag4,student_t_ar1,3.1668480831178902,3.117737594623706,0.17141851166450453,0.657103991360698,1.7973274732638433,1.7813665065292486,1.3695206098540469,2012-07-28,9.0,0,True,False
2012-07-20,2012Q3,3,diag4,student_t_ar1,2.241778328223698,2.217019815402511,-0.1986337374715397,0.7354595241201385,0.5773578286532466,0.575697505945138,1.6644204995704515,2012-10-28,9.0,0,True,False
2012-07-20,2012Q4,-10,diag4,student_t_ar1,2.5676960847031083,2.5352844196369904,-0.0678774280766082,0.7912787849753543,0.4633651980530562,0.4622949663000891,2.104330886650052,2013-01-28,9.0,0,True,False
2012-07-27,2012Q2,17,diag4,student_t_ar1,3.165077463946342,3.1160213123112115,0.1707133916540613,0.6571010084744908,1.7973274732638433,1.7813665065292486,1.3677499906824986,2012-07-28,4.0,0,True,False
2012-07-27,2012Q3,4,diag4,student_t_ar1,2.2410582453117778,2.2163155187250956,-0.1989230917793474,0.7354588402543458,0.5773578286532466,0.575697505945138,1.6637004166585312,2012-10-28,4.0,0,True,False
2012-07-27,2012Q4,-9,diag4,student_t_ar1,2.5674336860269875,2.535028589563999,-0.06798253368914423,0.7912785733499287,0.4633651980530562,0.4622949663000891,2.1040684879739313,2013-01-28,4.0,0,True,False
2012-08-03,2012Q3,5,diag4,student_t_ar1,2.1987920498404367,2.174967223847652,-0.21331972148704006,0.7309692236818691,0.5773578286532466,0.575697505945138,1.6214342211871902,2012-10-28,12.0,11,False,True
2012-08-03,2012Q4,-8,diag4,student_t_ar1,2.3581331839636066,2.3307587387710633,-0.14906048355627383,0.7881754129314171,0.4633651980530562,0.4622949663000891,1.8947679859105504,2013-01-28,12.0,0,True,False
2012-08-10,2012Q3,6,diag4,student_t_ar1,2.425253207306688,2.3963109565846166,-0.12202219739902471,0.7263573800853356,0.5773578286532466,0.575697505945138,1.8478953786534413,2012-10-28,7.0,0,True,False
2012-08-10,2012Q4,-7,diag4,student_t_ar1,2.524844459775011,2.4934968193294558,-0.08193599963210814,0.7860689330260632,0.4633651980530562,0.4622949663000891,2.0614792617219546,2013-01-28,7.0,0,True,False
2012-08-17,2012Q3,7,diag4,student_t_ar1,2.4789092442657923,2.4486827947586685,-0.10042041496721235,0.6857228437706185,0.5773578286532466,0.575697505945138,1.9015514156125457,2012-10-28,10.0,0,True,False
2012-08-17,2012Q4,-6,diag4,student_t_ar1,2.4787450800125788,2.448522601421405,-0.10048648982231073,0.7845907686794509,0.4633651980530562,0.4622949663000891,2.0153798819595226,2013-01-28,10.0,0,True,False
2012-08-24,2012Q3,8,diag4,student_t_ar1,2.5026935869777223,2.4718891142430874,-0.0908485175119515,0.6849365675008654,0.5773578286532466,0.575697505945138,1.9253357583244757,2012-10-28,2.0,0,True,False
2012-08-24,2012Q4,-5,diag4,student_t_ar1,2.519701649956052,2.488480533924533,-0.0840050640321946,0.7834370712892038,0.4633651980530562,0.4622949663000891,2.056336451902996,2013-01-28,2.0,0,True,False
2012-08-31,2012Q3,9,diag4,student_t_ar1,2.4995090499647876,2.468782282245946,-0.09212999074631442,0.684930371684359,0.5773578286532466,0.575697505945138,1.922151221311541,2012-10-28,8.0,0,True,False
2012-08-31,2012Q4,-4,diag4,student_t_ar1,2.519043866635684,2.4878389153672997,-0.08426971207512764,0.7834340442417832,0.4633651980530562,0.4622949663000891,2.055678668582628,2013-01-28,8.0,0,True,False
2012-09-07,2012Q3,10,diag4,student_t_ar1,2.6660721992289194,2.6311518033359063,-0.025157526337366082,0.6806579123624363,0.5773578286532466,0.575697505945138,2.0887143705756728,2012-10-28,12.0,16,True,True
2012-09-07,2012Q4,-3,diag4,student_t_ar1,2.7763015036395444,2.7384610336582766,0.01910425112106961,0.7759395764987262,0.4633651980530562,0.4622949663000891,2.312936305586488,2013-01-28,12.0,0,True,False
2012-09-14,2012Q3,11,diag4,student_t_ar1,2.732145681134379,2.6954887628932296,0.0013795029351750942,0.6811947694302072,0.5773578286532466,0.575697505945138,2.1547878524811326,2012-10-28,6.0,0,True,False
2012-09-14,2012Q4,-2,diag4,student_t_ar1,2.825168457340288,2.785996641871788,0.038711236519968814,0.776162859676467,0.4633651980530562,0.4622949663000891,2.361803259287232,2013-01-28,6.0,0,True,False
2012-09-21,2012Q3,12,diag4,student_t_ar1,2.003638695978127,1.9838300149877446,-0.2921579777784013,0.6636100539686364,0.5773578286532466,0.575697505945138,1.4262808673248806,2012-10-28,6.0,0,True,False
2012-09-21,2012Q4,-1,diag4,student_t_ar1,2.2636530268393296,2.2384125955884464,-0.18715044493624788,0.7672782896279191,0.4633651980530562,0.4622949663000891,1.8002878287862734,2013-01-28,6.0,0,True,False
2012-09-28,2012Q3,13,diag4,student_t_ar1,1.9972922402222038,1.9776080279322517,-0.29472435725547125,0.663602352295298,0.5773578286532466,0.575697505945138,1.4199344115689572,2012-10-28,4.0,0,True,False
2012-09-28,2012Q4,0,diag4,student_t_ar1,2.2624386716399103,2.2372251136497434,-0.18764024493899595,0.7672777185339789,0.4633651980530562,0.4622949663000891,1.799073473586854,2013-01-28,4.0,0,True,False
2012-10-05,2012Q3,14,diag4,student_t_ar1,2.1207802056067093,2.0986046442245296,-0.24481695145763,0.6631860593103359,0.5773578286532466,0.575697505945138,1.5434223769534627,2012-10-28,13.0,21,True,True
2012-10-05,2012Q4,1,diag4,student_t_ar1,2.743686447684812,2.7067219735759545,0.006012858983753896,0.759321774172084,0.4633651980530562,0.4622949663000891,2.280321249631756,2013-01-28,13.0,0,True,False
2012-10-05,2013Q1,-12,diag4,student_t_ar1,3.0000333633739773,2.9559126157744116,0.10879638204675993,0.7941590378578899,4.005025807945661,3.9269037062063,-1.004992444571684,2013-04-28,13.0,0,True,False
2012-10-12,2012Q3,15,diag4,student_t_ar1,2.1205355521231484,2.0983650712638386,-0.24491576798104844,0.6631856496068541,0.5773578286532466,0.575697505945138,1.5431777234699018,2012-10-28,4.0,0,True,False
2012-10-12,2012Q4,2,diag4,student_t_ar1,2.7436426633177025,2.7066793584256343,0.005995281536835711,0.759321827337206,0.4633651980530562,0.4622949663000891,2.2802774652646463,2013-01-28,4.0,0,True,False
2012-10-12,2013Q1,-11,diag4,student_t_ar1,3.0000006353220865,2.9558808409720085,0.10878327591200782,0.7941590521520975,4.005025807945661,3.9269037062063,-1.0050251726235748,2013-04-28,4.0,0,True,False
2012-10-19,2012Q3,16,diag4,student_t_ar1,1.9057803771765691,1.8878478609910634,-0.3317476824796638,0.6588782307899969,0.5773578286532466,0.575697505945138,1.3284225485233225,2012-10-28,11.0,0,True,False
2012-10-19,2012Q4,3,diag4,student_t_ar1,2.220685828209401,2.1963876664394855,-0.2044844436622649,0.7382216619437065,0.4633651980530562,0.4622949663000891,1.7573206301563449,2013-01-28,11.0,0,True,False
2012-10-19,2013Q1,-10,diag4,student_t_ar1,2.877469672262567,2.836847925574191,0.05968583670999855,0.7930825344993465,4.005025807945661,3.9269037062063,-1.1275561356830943,2013-04-28,11.0,0,True,False
2012-10-26,2012Q3,17,diag4,student_t_ar1,1.9100650212185766,1.8920522878198551,-0.33001348492669286,0.6588785532214992,0.5773578286532466,0.575697505945138,1.33270719256533,2012-10-28,4.0,0,True,False
2012-10-26,2012Q4,4,diag4,student_t_ar1,2.173835522957024,2.1505446509191333,-0.22339328631158575,0.7368390334213949,0.4633651980530562,0.4622949663000891,1.7104703249039677,2013-01-28,4.0,0,True,False
2012-10-26,2013Q1,-9,diag4,student_t_ar1,2.8426093066430846,2.80295685754992,0.0457068070756179,0.7924991041097359,4.005025807945661,3.9269037062063,-1.1624165013025767,2013-04-28,4.0,0,True,False
2012-11-02,2012Q4,5,diag4,student_t_ar1,2.177455301921394,2.1540873532432863,-0.21430602580252878,0.731096477542372,0.4633651980530562,0.4622949663000891,1.7140901038683376,2013-01-28,10.0,12,True,True
2012-11-02,2013Q1,-8,diag4,student_t_ar1,2.682178208008179,2.6468383346604534,-0.010834783050466493,0.7893250784240055,4.005025807945661,3.9269037062063,-1.3228475999374822,2013-04-28,10.0,0,True,False
2012-11-09,2012Q4,6,diag4,student_t_ar1,2.288678229843133,2.2628808604817574,-0.1693820155905098,0.724167194764591,0.4633651980530562,0.4622949663000891,1.8253130317900768,2013-01-28,9.0,0,True,False
2012-11-09,2013Q1,-7,diag4,student_t_ar1,2.7627271206679627,2.7252524638969278,0.021544696497558143,0.7869585698154448,4.005025807945661,3.9269037062063,-1.2422986872776987,2013-04-28,9.0,0,True,False
2012-11-16,2012Q4,7,diag4,student_t_ar1,2.27293948692171,2.2474930833140427,-0.17573607730034538,0.7205342778819837,0.4633651980530562,0.4622949663000891,1.809574288868654,2013-01-28,8.0,0,True,False
2012-11-16,2013Q1,-6,diag4,student_t_ar1,2.7489928723388957,2.7118865611153455,0.01602552565460987,0.7860857859036401,4.005025807945661,3.9269037062063,-1.2560329356067657,2013-04-28,8.0,0,True,False
2012-11-23,2012Q4,8,diag4,student_t_ar1,2.353970854005394,2.3266922181533882,-0.14303244605783974,0.686159361556733,0.4633651980530562,0.4622949663000891,1.8906056559523376,2013-01-28,4.0,0,True,False
2012-11-23,2013Q1,-5,diag4,student_t_ar1,2.6443250035401267,2.6099671034216003,-0.02605998913811631,0.7849040454837493,4.005025807945661,3.9269037062063,-1.3607008044055346,2013-04-28,4.0,0,True,False
2012-11-30,2012Q4,9,diag4,student_t_ar1,2.363119237945188,2.335629805085466,-0.13934185590407835,0.6861470625188377,0.4633651980530562,0.4622949663000891,1.899754039892132,2013-01-28,8.0,0,True,False
2012-11-30,2013Q1,-4,diag4,student_t_ar1,2.6505817884002747,2.616062515100208,-0.023543015989194775,0.7848733529366614,4.005025807945661,3.9269037062063,-1.3544440195453866,2013-04-28,8.0,0,True,False
2012-12-07,2012Q4,10,diag4,student_t_ar1,2.274915691357937,2.2494253494182903,-0.17493818830491764,0.6852985215014358,0.4633651980530562,0.4622949663000891,1.811550493304881,2013-01-28,12.0,4,True,True
2012-12-07,2013Q1,-3,diag4,student_t_ar1,2.5220304487123313,2.490752070291827,-0.07528735115346902,0.7787346789069063,4.005025807945661,3.9269037062063,-1.48299535923333,2013-04-28,12.0,0,True,False
2012-12-14,2012Q4,11,diag4,student_t_ar1,2.291300503453142,2.26544442865337,-0.16832344357050583,0.6846961635002963,0.4633651980530562,0.4622949663000891,1.8279353054000858,2013-01-28,6.0,0,True,False
2012-12-14,2013Q1,-2,diag4,student_t_ar1,2.525243353613993,2.493885888988705,-0.07399330607013009,0.778497742002139,4.005025807945661,3.9269037062063,-1.4797824543316684,2013-04-28,6.0,0,True,False
2012-12-21,2012Q4,12,diag4,student_t_ar1,2.5480041067496684,2.516083570559566,-0.06482723633963913,0.6639772295995297,0.4633651980530562,0.4622949663000891,2.084638908696612,2013-01-28,6.0,0,True,False
2012-12-21,2013Q1,-1,diag4,student_t_ar1,2.678375849753678,2.643135229872514,-0.012363902954147198,0.7682680681269862,4.005025807945661,3.9269037062063,-1.3266499581919833,2013-04-28,6.0,0,True,False
2012-12-28,2012Q4,13,diag4,student_t_ar1,2.5500117787314647,2.5180413388716367,-0.06401881673927222,0.6639771899779177,0.4633651980530562,0.4622949663000891,2.0866465806784085,2013-01-28,4.0,0,True,False
2012-12-28,2013Q1,0,diag4,student_t_ar1,2.6787308676034405,2.6434809864478983,-0.01222112998618509,0.7682684788449043,4.005025807945661,3.9269037062063,-1.3262949403422208,2013-04-28,4.0,0,True,False
2013-01-04,2012Q4,14,diag4,student_t_ar1,2.6228395557754247,2.5890329731243376,-0.03470430171820952,0.663824623196597,0.4633651980530562,0.4622949663000891,2.1594743577223685,2013-01-28,12.0,5,True,True
2013-01-04,2013Q1,1,diag4,student_t_ar1,2.9546493305841803,2.91184075207046,0.0985924392914111,0.7644366629078811,4.005025807945661,3.9269037062063,-1.050376477361481,2013-04-28,12.0,0,True,False
2013-01-04,2013Q2,-12,diag4,student_t_ar1,2.963612488060252,2.920546300964061,0.10218721417572592,0.7967491104501444,1.0748507650766292,1.0691153060548295,1.8887617229836229,2013-07-28,12.0,0,True,False
2013-01-11,2012Q4,15,diag4,student_t_ar1,2.6970395481828335,2.6613104320449543,-0.004858832213018507,0.663957043740921,0.4633651980530562,0.4622949663000891,2.2336743501297773,2013-01-28,5.0,0,True,False
2013-01-11,2013Q1,2,diag4,student_t_ar1,3.2239731573635355,3.1730938118828123,0.206471442596317,0.7625718028073692,4.005025807945661,3.9269037062063,-0.7810526505821258,2013-04-28,5.0,0,True,False
2013-01-11,2013Q2,-11,diag4,student_t_ar1,3.1631546280946,3.114157451188267,0.1821349014101097,0.7948306207089236,1.0748507650766292,1.0691153060548295,2.0883038630179707,2013-07-28,5.0,0,True,False
2013-01-18,2012Q4,16,diag4,student_t_ar1,2.6105795804154397,2.577085625147414,-0.03963770993479899,0.658993279022661,0.4633651980530562,0.4622949663000891,2.1472143823623835,2013-01-28,11.0,0,True,False
2013-01-18,2013Q1,3,diag4,student_t_ar1,2.936658934599601,2.8943651274975406,0.09137624453215606,0.7388681943472858,4.005025807945661,3.9269037062063,-1.0683668733460605,2013-04-28,11.0,0,True,False
2013-01-18,2013Q2,-10,diag4,student_t_ar1,3.0749664741441585,3.0286367347910894,0.14682090488323418,0.7936514222884211,1.0748507650766292,1.0691153060548295,2.0001157090675292,2013-07-28,11.0,0,True,False
2013-01-25,2012Q4,17,diag4,student_t_ar1,2.6099857680528027,2.5765069186599505,-0.03987667471139717,0.6589925415158552,0.4633651980530562,0.4622949663000891,2.1466205699997465,2013-01-28,0.0,0,True,False
2013-01-25,2013Q1,4,diag4,student_t_ar1,2.8509306703101034,2.8110478881894667,0.056972127921513585,0.7382965168171582,4.005025807945661,3.9269037062063,-1.154095137635558,2013-04-28,0.0,0,True,False
2013-01-25,2013Q2,-9,diag4,student_t_ar1,3.0115518199889113,2.9670949544925858,0.12140851000073734,0.793151597248325,1.0748507650766292,1.0691153060548295,1.936701054912282,2013-07-28,0.0,0,True,False
2013-02-01,2013Q1,5,diag4,student_t_ar1,3.2583493630903737,3.2063908085698265,0.22855087149952583,0.7365160023793734,4.005025807945661,3.9269037062063,-0.7466764448552876,2013-04-28,13.0,11,False,True
2013-02-01,2013Q2,-8,diag4,student_t_ar1,3.0133995321186324,2.968888632508428,0.13040231595776286,0.7915047684688035,1.0748507650766292,1.0691153060548295,1.9385487670420032,2013-07-28,13.0,0,True,False
2013-02-08,2013Q1,6,diag4,student_t_ar1,3.2438699966504725,3.192367359806392,0.22275563516666302,0.7274151222322348,4.005025807945661,3.9269037062063,-0.7611558112951888,2013-04-28,10.0,0,True,False
2013-02-08,2013Q2,-7,diag4,student_t_ar1,3.0010513430595243,2.9569009403621336,0.12544836274373428,0.7888476105572799,1.0748507650766292,1.0691153060548295,1.926200577982895,2013-07-28,10.0,0,True,False
2013-02-15,2013Q1,7,diag4,student_t_ar1,3.3879139956959348,3.331788333284303,0.2803718110940188,0.7259915873688094,4.005025807945661,3.9269037062063,-0.6171118122497266,2013-04-28,6.0,0,True,False
2013-02-15,2013Q2,-6,diag4,student_t_ar1,3.1071493394764893,3.0598546369517288,0.16799431653466473,0.788375679190839,1.0748507650766292,1.0691153060548295,2.03229857439986,2013-07-28,6.0,0,True,False
2013-02-22,2013Q1,8,diag4,student_t_ar1,2.792856406726174,2.754567441147314,0.041833378599289435,0.6894762643350452,4.005025807945661,3.9269037062063,-1.2121694012194872,2013-04-28,6.0,0,True,False
2013-02-22,2013Q2,-5,diag4,student_t_ar1,2.931882574732425,2.889724923770413,0.09768765290576453,0.7866483708917803,1.0748507650766292,1.0691153060548295,1.8570318096557958,2013-07-28,6.0,0,True,False
2013-03-01,2013Q1,9,diag4,student_t_ar1,2.8470455826167917,2.8072704201126846,0.06361305802783418,0.6874947637675626,4.005025807945661,3.9269037062063,-1.1579802253288696,2013-04-28,7.0,3,True,True
2013-03-01,2013Q2,-4,diag4,student_t_ar1,3.0160422374764018,2.9714539992203046,0.13146246219044622,0.7832060166576762,1.0748507650766292,1.0691153060548295,1.9411914723997725,2013-07-28,7.0,0,True,False
2013-03-08,2013Q1,10,diag4,student_t_ar1,2.987839130994807,2.944072858175327,0.12014711558092683,0.6861379440221833,4.005025807945661,3.9269037062063,-1.0171866769508542,2013-04-28,12.0,0,True,False
2013-03-08,2013Q2,-3,diag4,student_t_ar1,3.234464121392966,3.183256597358414,0.21899058261437798,0.7797757590305352,1.0748507650766292,1.0691153060548295,2.1596133563163367,2013-07-28,12.0,0,True,False
2013-03-15,2013Q1,11,diag4,student_t_ar1,3.0439466817438365,2.998537805818914,0.14265493436189616,0.6846729297929881,4.005025807945661,3.9269037062063,-0.9610791262018248,2013-04-28,6.0,0,True,False
2013-03-15,2013Q2,-2,diag4,student_t_ar1,3.275975492179617,3.22345928292089,0.235604474673357,0.7791858974430131,1.0748507650766292,1.0691153060548295,2.2011247271029877,2013-07-28,6.0,0,True,False
2013-03-22,2013Q1,12,diag4,student_t_ar1,2.99263665068481,2.9487310857793423,0.12207214346193732,0.6680974933283166,4.005025807945661,3.9269037062063,-1.0123891572608512,2013-04-28,7.0,0,True,False
2013-03-22,2013Q2,-1,diag4,student_t_ar1,3.2158606202483453,3.1652343431253422,0.21154282676676367,0.7704331780169816,1.0748507650766292,1.0691153060548295,2.141009855171716,2013-07-28,7.0,0,True,False
2013-03-29,2013Q1,13,diag4,student_t_ar1,2.9959556605611004,2.951953603919152,0.12340385968397183,0.6681010765098142,4.005025807945661,3.9269037062063,-1.009070147384561,2013-04-28,4.0,0,True,False
2013-03-29,2013Q2,0,diag4,student_t_ar1,3.2164501693795033,3.1658055222483297,0.21177886841828247,0.7704339574167995,1.0748507650766292,1.0691153060548295,2.141599404302874,2013-07-28,4.0,0,True,False
2013-04-05,2013Q1,14,diag4,student_t_ar1,2.9047716828273007,2.8633827815900874,0.08680167599494126,0.6669427418522939,4.005025807945661,3.9269037062063,-1.1002541251183606,2013-04-28,13.0,59,True,True
2013-04-05,2013Q2,1,diag4,student_t_ar1,2.8684070641570303,2.8280384094320765,0.07219549793220843,0.7619634900537613,1.0748507650766292,1.0691153060548295,1.793556299080401,2013-07-28,13.0,0,True,False
2013-04-05,2013Q3,-12,diag4,student_t_ar1,3.0732219420212425,3.026944231804415,0.15439398334585216,0.7957387254736837,3.4493139225505898,3.3911586209990983,-0.3760919805293472,2013-10-28,13.0,0,True,False
2013-04-12,2013Q1,15,diag4,student_t_ar1,2.904056438406566,2.86268772450505,0.08651444136809777,0.666941712372482,4.005025807945661,3.9269037062063,-1.1009693695390954,2013-04-28,4.0,0,True,False
2013-04-12,2013Q2,2,diag4,student_t_ar1,2.868180911058138,2.8278185621981837,0.07210464533959533,0.7619640134252527,1.0748507650766292,1.0691153060548295,1.7933301459815087,2013-07-28,4.0,0,True,False
2013-04-12,2013Q3,-11,diag4,student_t_ar1,3.0730537321758344,3.026781037155527,0.1543265426203559,0.7957387406821943,3.4493139225505898,3.3911586209990983,-0.37626019037475533,2013-10-28,4.0,0,True,False
2013-04-19,2013Q1,16,diag4,student_t_ar1,3.0270939139982467,2.9821815359282606,0.1358956520241887,0.6625866083738106,4.005025807945661,3.9269037062063,-0.9779318939474146,2013-04-28,11.0,0,True,False
2013-04-19,2013Q2,3,diag4,student_t_ar1,3.0082989560809015,2.963937138489878,0.1283560947662199,0.7397938085408431,1.0748507650766292,1.0691153060548295,1.9334481910042722,2013-07-28,11.0,0,True,False
2013-04-19,2013Q3,-10,diag4,student_t_ar1,3.0575613916377975,3.0117494606399124,0.14811469417757936,0.7945415344139777,3.4493139225505898,3.3911586209990983,-0.3917525309127923,2013-10-28,11.0,0,True,False
2013-04-26,2013Q1,17,diag4,student_t_ar1,3.0225648999544275,2.977785494633533,0.13407897349797646,0.6625775643954143,4.005025807945661,3.9269037062063,-0.9824609079912339,2013-04-28,4.0,0,True,False
2013-04-26,2013Q2,4,diag4,student_t_ar1,3.0065364890212942,2.9622261286435734,0.1276490143187166,0.739791674964598,1.0748507650766292,1.0691153060548295,1.931685723944665,2013-07-28,4.0,0,True,False
2013-04-26,2013Q3,-9,diag4,student_t_ar1,3.0569586993736353,3.0111646476302427,0.1478730182775394,0.7945410055694357,3.4493139225505898,3.3911586209990983,-0.3923552231769545,2013-10-28,4.0,0,True,False
2013-05-03,2013Q2,5,diag4,student_t_ar1,2.692504372859017,2.6568942624211442,-0.0031983269657298503,0.7382124955666246,1.0748507650766292,1.0691153060548295,1.6176536077823878,2013-07-28,11.0,2,True,True
2013-05-03,2013Q3,-8,diag4,student_t_ar1,2.9663342314554475,2.923189669195552,0.10720727016033872,0.7905762202999937,3.4493139225505898,3.3911586209990983,-0.48297969109514227,2013-10-28,11.0,0,True,False
2013-05-10,2013Q2,6,diag4,student_t_ar1,2.812161886269471,2.7733466322004445,0.04508261628433983,0.7297205272060551,1.0748507650766292,1.0691153060548295,1.7373111211928416,2013-07-28,8.0,0,True,False
2013-05-10,2013Q3,-7,diag4,student_t_ar1,3.057158679682792,3.011358695773761,0.14376199014331534,0.7882342634155671,3.4493139225505898,3.3911586209990983,-0.3921552428677977,2013-10-28,8.0,0,True,False
2013-05-17,2013Q2,7,diag4,student_t_ar1,2.4710945602719248,2.4410568529654464,-0.09268412907454118,0.6882366710054407,1.0748507650766292,1.0691153060548295,1.3962437951952955,2013-07-28,10.0,0,True,False
2013-05-17,2013Q3,-6,diag4,student_t_ar1,2.9629167682796,2.9198706038762134,0.10583119164317366,0.7869978428035962,3.4493139225505898,3.3911586209990983,-0.48639715427098995,2013-10-28,10.0,0,True,False
2013-05-24,2013Q2,8,diag4,student_t_ar1,2.4444084819539524,2.4150109188387936,-0.10348272655990977,0.6877440781947451,1.0748507650766292,1.0691153060548295,1.3695577168773232,2013-07-28,2.0,0,True,False
2013-05-24,2013Q3,-5,diag4,student_t_ar1,2.924305108662417,2.8823630211152604,0.09028061523016565,0.7861262438579802,3.4493139225505898,3.3911586209990983,-0.5250088138881726,2013-10-28,2.0,0,True,False
2013-05-31,2013Q2,9,diag4,student_t_ar1,2.44593584417383,2.4165018258163244,-0.10286459920612799,0.6877373458622169,1.0748507650766292,1.0691153060548295,1.3710850790972007,2013-07-28,8.0,0,True,False
2013-05-31,2013Q3,-4,diag4,student_t_ar1,2.9260705170197854,2.8840782556413735,0.09099174838248185,0.7861083160644291,3.4493139225505898,3.3911586209990983,-0.5232434055308044,2013-10-28,8.0,0,True,False
2013-06-07,2013Q2,10,diag4,student_t_ar1,2.4868592977782322,2.4564402398900946,-0.08630620449893643,0.6847629116883485,1.0748507650766292,1.0691153060548295,1.412008532701603,2013-07-28,12.0,11,False,True
2013-06-07,2013Q3,-3,diag4,student_t_ar1,2.996051372765396,2.952046531995026,0.11917127362232845,0.780146704709979,3.4493139225505898,3.3911586209990983,-0.45326254978519387,2013-10-28,12.0,0,True,False
2013-06-14,2013Q2,11,diag4,student_t_ar1,2.5012294463878426,2.470460711734261,-0.08049334206659355,0.68353160304676,1.0748507650766292,1.0691153060548295,1.4263786813112134,2013-07-28,6.0,0,True,False
2013-06-14,2013Q3,-2,diag4,student_t_ar1,3.000752028598619,2.956610346342061,0.12106342284961036,0.7796527127746912,3.4493139225505898,3.3911586209990983,-0.4485618939519709,2013-10-28,6.0,0,True,False
2013-06-21,2013Q2,12,diag4,student_t_ar1,2.424278562467719,2.3953593851257393,-0.11163021712429214,0.6660459378673912,1.0748507650766292,1.0691153060548295,1.3494277973910895,2013-07-28,6.0,0,True,False
2013-06-21,2013Q3,-1,diag4,student_t_ar1,3.0648259013203116,3.01879819491951,0.1468463931206494,0.7709786701698627,3.4493139225505898,3.3911586209990983,-0.38448802123027814,2013-10-28,6.0,0,True,False
2013-06-28,2013Q2,13,diag4,student_t_ar1,2.4290308936306015,2.3999991258029687,-0.10970658897694822,0.6660431661772112,1.0748507650766292,1.0691153060548295,1.3541801285539723,2013-07-28,4.0,0,True,False
2013-06-28,2013Q3,0,diag4,student_t_ar1,3.0657370911761905,3.0196822849279723,0.14721293524948198,0.7709773978229609,3.4493139225505898,3.3911586209990983,-0.38357683137439924,2013-10-28,4.0,0,True,False
2013-07-05,2013Q2,14,diag4,student_t_ar1,2.4758447497898795,2.445692384030031,-0.09076224622503523,0.6650865560926716,1.0748507650766292,1.0691153060548295,1.4009939847132502,2013-07-28,13.0,2,True,True
2013-07-05,2013Q3,1,diag4,student_t_ar1,3.2272324053280066,3.1762512145783863,0.2121261321342006,0.7610904493298224,3.4493139225505898,3.3911586209990983,-0.22208151722258318,2013-10-28,13.0,0,True,False
2013-07-05,2013Q4,-12,diag4,student_t_ar1,2.949826662800392,2.9071563781525094,0.10055989650510037,0.7966955020838294,3.532828598657445,3.4718560953045587,-0.5830019358570526,2014-01-28,13.0,0,True,False
2013-07-12,2013Q2,15,diag4,student_t_ar1,2.475091453056244,2.4449572844519447,-0.09106701718916417,0.665084719868199,1.0748507650766292,1.0691153060548295,1.4002406879796148,2013-07-28,4.0,0,True,False
2013-07-12,2013Q3,2,diag4,student_t_ar1,3.2268961253204775,3.1759254472905916,0.21199106960207223,0.761088201408146,3.4493139225505898,3.3911586209990983,-0.22241779723011224,2013-10-28,4.0,0,True,False
2013-07-12,2013Q4,-11,diag4,student_t_ar1,2.949577232204348,2.906914094210631,0.1004594460181724,0.796695397745557,3.532828598657445,3.4718560953045587,-0.5832513664530969,2014-01-28,4.0,0,True,False
2013-07-19,2013Q2,16,diag4,student_t_ar1,2.414244340924765,2.3855621834971075,-0.11569211931432845,0.6609798564578446,1.0748507650766292,1.0691153060548295,1.3393935758481357,2013-07-28,11.0,0,True,False
2013-07-19,2013Q3,3,diag4,student_t_ar1,3.0737155279878303,3.0274230999095177,0.15042226323088403,0.7408403240998015,3.4493139225505898,3.3911586209990983,-0.37559839456275945,2013-10-28,11.0,0,True,False
2013-07-19,2013Q4,-10,diag4,student_t_ar1,2.9058460603359926,2.864426826373083,0.0828443011207109,0.795632137092735,3.532828598657445,3.4718560953045587,-0.6269825383214522,2014-01-28,11.0,0,True,False
2013-07-26,2013Q2,17,diag4,student_t_ar1,2.4170927114254948,2.3883433697568925,-0.11453904448870622,0.6609774583809136,1.0748507650766292,1.0691153060548295,1.3422419463488655,2013-07-28,4.0,0,True,False
2013-07-26,2013Q3,4,diag4,student_t_ar1,3.127508744713925,3.0795985592320103,0.17205411490869632,0.7393115025289007,3.4493139225505898,3.3911586209990983,-0.32180517783666485,2013-10-28,4.0,0,True,False
2013-07-26,2013Q4,-9,diag4,student_t_ar1,2.944482402169446,2.9019651121515957,0.09840760694962686,0.7950737417977388,3.532828598657445,3.4718560953045587,-0.5883461964879988,2014-01-28,4.0,0,True,False
2013-08-02,2013Q3,5,diag4,student_t_ar1,3.6330846376317227,3.568644264009265,0.38157139251086575,0.7453355427470181,3.4493139225505898,3.3911586209990983,0.18377071508113296,2013-10-28,10.0,8,True,True
2013-08-02,2013Q4,-8,diag4,student_t_ar1,3.0977308268789416,3.0507195353998102,0.16630066569609192,0.7926396938619032,3.532828598657445,3.4718560953045587,-0.4350977717785032,2014-01-28,10.0,0,True,False
2013-08-09,2013Q3,6,diag4,student_t_ar1,3.5907090503499273,3.5277458834533335,0.36457235071678007,0.7402273819197223,3.4493139225505898,3.3911586209990983,0.1413951277993375,2013-10-28,9.0,0,True,False
2013-08-09,2013Q4,-7,diag4,student_t_ar1,3.0727264820995748,3.0264635433160394,0.15621888207570767,0.7900563863594656,3.532828598657445,3.4718560953045587,-0.46010211655787003,2014-01-28,9.0,0,True,False
2013-08-16,2013Q3,7,diag4,student_t_ar1,3.6449063676287086,3.5800509068008717,0.38631246037000877,0.7331600163465394,3.4493139225505898,3.3911586209990983,0.1955924450781188,2013-10-28,8.0,0,True,False
2013-08-16,2013Q4,-6,diag4,student_t_ar1,3.0593127987728064,3.0134488917436775,0.15080945991750044,0.7898708426176466,3.532828598657445,3.4718560953045587,-0.47351579988463843,2014-01-28,8.0,0,True,False
2013-08-23,2013Q3,8,diag4,student_t_ar1,2.4110061793280346,2.3824003061516494,-0.11148017440939571,0.6883410834666711,3.4493139225505898,3.3911586209990983,-1.0383077432225551,2013-10-28,4.0,0,True,False
2013-08-23,2013Q4,-5,diag4,student_t_ar1,2.8824795804577086,2.84171758870769,0.07943089778423404,0.7877257701021521,3.532828598657445,3.4718560953045587,-0.6503490181997362,2014-01-28,4.0,0,True,False
2013-08-30,2013Q3,9,diag4,student_t_ar1,2.4016784429744975,2.373291752765725,-0.11526606220217138,0.6883362666969463,3.4493139225505898,3.3911586209990983,-1.0476354795760923,2013-10-28,8.0,0,True,False
2013-08-30,2013Q4,-4,diag4,student_t_ar1,2.8814512171488227,2.8407180322694794,0.0790154411955445,0.7877442417401533,3.532828598657445,3.4718560953045587,-0.6513773815086221,2014-01-28,8.0,0,True,False
2013-09-06,2013Q3,10,diag4,student_t_ar1,2.627693444509971,2.5937626940799996,-0.02362931045701657,0.6848467124626677,3.4493139225505898,3.3911586209990983,-0.8216204780406189,2013-10-28,10.0,5,True,True
2013-09-06,2013Q4,-3,diag4,student_t_ar1,3.241890528602731,3.1904500672601466,0.22437839686090652,0.7804675245286381,3.532828598657445,3.4718560953045587,-0.2909380700547137,2014-01-28,10.0,0,True,False
2013-09-13,2013Q3,11,diag4,student_t_ar1,2.6260582434846302,2.592169348270784,-0.024291570224643483,0.6839672499097652,3.4493139225505898,3.3911586209990983,-0.8232556790659595,2013-10-28,6.0,0,True,False
2013-09-13,2013Q4,-2,diag4,student_t_ar1,3.2309637302672334,3.1798658203528105,0.21997915040930993,0.7801045920096746,3.532828598657445,3.4718560953045587,-0.3018648683902114,2014-01-28,6.0,0,True,False
2013-09-20,2013Q3,12,diag4,student_t_ar1,2.725262035404352,2.688787962168539,0.01586708235301621,0.6668281087669504,3.4493139225505898,3.3911586209990983,-0.7240518871462376,2013-10-28,8.0,0,True,False
2013-09-20,2013Q4,-1,diag4,student_t_ar1,3.372646570205129,3.3170201149386123,0.27698609186299167,0.7714230131965768,3.532828598657445,3.4718560953045587,-0.16018202845231588,2014-01-28,8.0,0,True,False
2013-09-27,2013Q3,13,diag4,student_t_ar1,2.722970514950851,2.686557209997866,0.014939890399054476,0.6668244042640488,3.4493139225505898,3.3911586209990983,-0.7263434075997388,2013-10-28,4.0,0,True,False
2013-09-27,2013Q4,0,diag4,student_t_ar1,3.3722765803302357,3.316662195750811,0.276837325991345,0.7714227698046426,3.532828598657445,3.4718560953045587,-0.1605520183272091,2014-01-28,4.0,0,True,False
2013-10-04,2013Q3,14,diag4,student_t_ar1,2.703148050568238,2.6672583354608297,0.0069184878306753714,0.6660906433011677,3.4493139225505898,3.3911586209990983,-0.7461658719823516,2013-10-28,9.0,21,True,True
2013-10-04,2013Q4,1,diag4,student_t_ar1,3.2829145851178243,3.2301780379821894,0.24089096839841873,0.7649008983379272,3.532828598657445,3.4718560953045587,-0.2499140135396205,2014-01-28,9.0,0,True,False
2013-10-04,2014Q1,-12,diag4,student_t_ar1,3.4237122418509625,3.3664075151589503,0.2975135178645818,0.7988158796905105,-1.3732548917761767,-1.3827712598634003,4.796967133627139,2014-04-28,9.0,0,True,False
2013-10-11,2013Q3,15,diag4,student_t_ar1,2.673031762051914,2.6379304077920325,-0.005271399920356857,0.6654674875577418,3.4493139225505898,3.3911586209990983,-0.7762821604986758,2013-10-28,7.0,0,True,False
2013-10-11,2013Q4,2,diag4,student_t_ar1,3.1748542355440446,3.1254976861032215,0.197381527378459,0.7600579176417571,3.532828598657445,3.4718560953045587,-0.35797436311340025,2014-01-28,7.0,0,True,False
2013-10-11,2014Q1,-11,diag4,student_t_ar1,3.3410781894489983,3.286477023483761,0.26429113228014084,0.7967879176255157,-1.3732548917761767,-1.3827712598634003,4.714333081225175,2014-04-28,7.0,0,True,False
2013-10-18,2013Q3,16,diag4,student_t_ar1,2.771192662797084,2.733490074645394,0.03444711090057112,0.6615943722119123,3.4493139225505898,3.3911586209990983,-0.6781212597535058,2013-10-28,12.0,0,True,False
2013-10-18,2013Q4,3,diag4,student_t_ar1,3.3365012670305783,3.2820479775938223,0.26245023943383294,0.74119267441022,3.532828598657445,3.4718560953045587,-0.19632733162686655,2014-01-28,12.0,0,True,False
2013-10-18,2014Q1,-10,diag4,student_t_ar1,3.3393470591311036,3.2848018476021155,0.2635948605833779,0.795806111933666,-1.3732548917761767,-1.3827712598634003,4.71260195090728,2014-04-28,12.0,0,True,False
2013-10-25,2013Q3,17,diag4,student_t_ar1,2.7709205575468188,2.7332253062765255,0.03433706232390448,0.6615941020903305,3.4493139225505898,3.3911586209990983,-0.678393365003771,2013-10-28,0.0,0,True,False
2013-10-25,2013Q4,4,diag4,student_t_ar1,3.286837931001929,3.2339766056202777,0.2424698086644586,0.7400458375454949,3.532828598657445,3.4718560953045587,-0.2459906676555157,2014-01-28,0.0,0,True,False
2013-10-25,2014Q1,-9,diag4,student_t_ar1,3.301873171780545,3.248532329139631,0.24851976343247817,0.7952372794045551,-1.3732548917761767,-1.3827712598634003,4.675128063556722,2014-04-28,0.0,0,True,False
2013-11-01,2013Q4,5,diag4,student_t_ar1,3.272651224093459,3.220240410794468,0.23501979491631697,0.7329394780004883,3.532828598657445,3.4718560953045587,-0.2601773745639857,2014-01-28,13.0,8,True,True
2013-11-01,2014Q1,-8,diag4,student_t_ar1,3.3969249233941623,3.3405036024994246,0.2852059422040666,0.7909425830666913,-1.3732548917761767,-1.3827712598634003,4.770179815170339,2014-04-28,13.0,0,True,False
2013-11-08,2013Q4,6,diag4,student_t_ar1,3.363075769774815,3.3077611437953536,0.2715424277755048,0.7248279490642509,3.532828598657445,3.4718560953045587,-0.16975282888263,2014-01-28,10.0,0,True,False
2013-11-08,2014Q1,-7,diag4,student_t_ar1,3.466520919880689,3.407790501669685,0.3132849428061724,0.7885457869560851,-1.3732548917761767,-1.3827712598634003,4.839775811656866,2014-04-28,10.0,0,True,False
2013-11-15,2013Q4,7,diag4,student_t_ar1,3.348227234377088,3.2933946962837966,0.26554727131412004,0.7231495981908005,3.532828598657445,3.4718560953045587,-0.18460136428035678,2014-01-28,6.0,0,True,False
2013-11-15,2014Q1,-6,diag4,student_t_ar1,3.4600223632128113,3.4015094740480816,0.31066385340327746,0.7884955331228238,-1.3732548917761767,-1.3827712598634003,4.833277254988988,2014-04-28,6.0,0,True,False
2013-11-22,2013Q4,8,diag4,student_t_ar1,2.6840368388211022,2.6486483994878665,-0.0035070599031528367,0.6880466166685473,3.532828598657445,3.4718560953045587,-0.8487917598363426,2014-01-28,6.0,0,True,False
2013-11-22,2014Q1,-5,diag4,student_t_ar1,3.2571028289298365,3.2051836018961093,0.22873654882627162,0.7865904818755998,-1.3732548917761767,-1.3827712598634003,4.630357720706013,2014-04-28,6.0,0,True,False
2013-11-29,2013Q4,9,diag4,student_t_ar1,2.6851835339264385,2.649765115131312,-0.0030410515179937754,0.6880454423340118,3.532828598657445,3.4718560953045587,-0.8476450647310063,2014-01-28,4.0,0,True,False
2013-11-29,2014Q1,-4,diag4,student_t_ar1,3.257179192664106,3.2052575568144226,0.22876741040885987,0.7865902764852679,-1.3732548917761767,-1.3827712598634003,4.6304340844402825,2014-04-28,4.0,0,True,False
2013-12-06,2013Q4,10,diag4,student_t_ar1,2.8878239299563457,2.846912069552252,0.07922889285678862,0.6832515650291243,3.532828598657445,3.4718560953045587,-0.6450046687010991,2014-01-28,13.0,3,True,True
2013-12-06,2014Q1,-3,diag4,student_t_ar1,3.555891661921051,3.4941297018341033,0.34931451889449316,0.7790087315188928,-1.3732548917761767,-1.3827712598634003,4.929146553697228,2014-04-28,13.0,0,True,False
2013-12-13,2013Q4,11,diag4,student_t_ar1,2.8884701969740023,2.8475401953724844,0.07949101141927242,0.6825026590511873,3.532828598657445,3.4718560953045587,-0.6443584016834425,2014-01-28,6.0,0,True,False
2013-12-13,2014Q1,-2,diag4,student_t_ar1,3.5507951320758124,3.4892080550006153,0.3472607026820506,0.7786978142145277,-1.3732548917761767,-1.3827712598634003,4.924050023851989,2014-04-28,6.0,0,True,False
2013-12-20,2013Q4,12,diag4,student_t_ar1,2.7047224843292916,2.6687913183567535,0.004898633300460217,0.6661511724415273,3.532828598657445,3.4718560953045587,-0.8281061143281532,2014-01-28,9.0,0,True,False
2013-12-20,2014Q1,-1,diag4,student_t_ar1,3.3707233969522354,3.315159670027362,0.2746298522977375,0.770104359061966,-1.3732548917761767,-1.3827712598634003,4.743978288728412,2014-04-28,9.0,0,True,False
2013-12-27,2013Q4,13,diag4,student_t_ar1,2.7102633903637985,2.6741861594509855,0.007149914726728694,0.6661489639063332,3.532828598657445,3.4718560953045587,-0.8225652082936463,2014-01-28,4.0,0,True,False
2013-12-27,2014Q1,0,diag4,student_t_ar1,3.371749975693006,3.3161527690495767,0.2750442751406174,0.7701035666594159,-1.3732548917761767,-1.3827712598634003,4.7450048674691825,2014-04-28,4.0,0,True,False
2014-01-03,2013Q4,14,diag4,student_t_ar1,2.7283711548637957,2.691814552072453,0.014506289491151089,0.6655179798810686,3.532828598657445,3.4718560953045587,-0.8044574437936491,2014-01-28,8.0,26,True,True
2014-01-03,2014Q1,1,diag4,student_t_ar1,3.4458985955185595,3.3878571168310927,0.3049666887063875,0.7647225971976829,-1.3732548917761767,-1.3827712598634003,4.819153487294736,2014-04-28,8.0,0,True,False
2014-01-03,2014Q2,-12,diag4,student_t_ar1,3.119674591434496,3.072001700786244,0.17315939000979902,0.798205111650723,5.268365026582655,5.134276091659679,-2.1486904351481595,2014-07-28,8.0,0,True,False
2014-01-10,2013Q4,15,diag4,student_t_ar1,2.6368336163161477,2.602668443108431,-0.02269461704701974,0.6656507402211542,3.532828598657445,3.4718560953045587,-0.8959949823412972,2014-01-28,8.0,0,True,False
2014-01-10,2014Q1,2,diag4,student_t_ar1,3.107701824476461,3.0603904712981373,0.16831399330095767,0.7627429430840807,-1.3732548917761767,-1.3827712598634003,4.480956716252638,2014-04-28,8.0,0,True,False
2014-01-10,2014Q2,-11,diag4,student_t_ar1,2.871515140316916,2.8310597736153937,0.07261368792618955,0.7962502357496395,5.268365026582655,5.134276091659679,-2.3968498862657395,2014-07-28,8.0,0,True,False
2014-01-17,2013Q4,16,diag4,student_t_ar1,2.6714411230922774,2.6363811681779223,-0.00862620790351625,0.6610047582274786,3.532828598657445,3.4718560953045587,-0.8613874755651674,2014-01-28,10.0,0,True,False
2014-01-17,2014Q1,3,diag4,student_t_ar1,3.2687898321289266,3.2165013142284353,0.23345946005137833,0.7411447983025697,-1.3732548917761767,-1.3827712598634003,4.642044723905103,2014-04-28,10.0,0,True,False
2014-01-17,2014Q2,-10,diag4,student_t_ar1,2.937284950150021,2.894973281728819,0.09928496353748671,0.7952704670981959,5.268365026582655,5.134276091659679,-2.3310800764326345,2014-07-28,10.0,0,True,False
2014-01-24,2013Q4,17,diag4,student_t_ar1,2.6719442041793107,2.636871158236502,-0.008421733758927399,0.6610046079439066,3.532828598657445,3.4718560953045587,-0.8608843944781341,2014-01-28,2.0,0,True,False
2014-01-24,2014Q1,4,diag4,student_t_ar1,3.3876174926248837,3.3315015458980826,0.28144936022679823,0.7414603403256884,-1.3732548917761767,-1.3827712598634003,4.76087238440106,2014-04-28,2.0,0,True,False
2014-01-24,2014Q2,-9,diag4,student_t_ar1,3.022322825208068,2.9775505218088876,0.13374466375433522,0.7948949076712447,5.268365026582655,5.134276091659679,-2.2460422013745873,2014-07-28,2.0,0,True,False
2014-01-31,2014Q1,5,diag4,student_t_ar1,3.345976014866281,3.291216386998375,0.2627203470426403,0.7401906932053189,-1.3732548917761767,-1.3827712598634003,4.719230906642458,2014-04-28,10.0,0,True,False
2014-01-31,2014Q2,-8,diag4,student_t_ar1,3.116335612144505,3.068763683054045,0.16953082108324172,0.7917126808668014,5.268365026582655,5.134276091659679,-2.15202941443815,2014-07-28,10.0,0,True,False
2014-02-07,2014Q1,6,diag4,student_t_ar1,3.106415989054856,3.059143383625142,0.16550070084882454,0.7279861966257535,-1.3732548917761767,-1.3827712598634003,4.479670880831033,2014-04-28,13.0,11,False,True
2014-02-07,2014Q2,-7,diag4,student_t_ar1,2.9615382923410483,2.918531786747213,0.10659591873061063,0.7887444820383531,5.268365026582655,5.134276091659679,-2.306826734241607,2014-07-28,13.0,0,True,False
2014-02-14,2014Q1,7,diag4,student_t_ar1,2.9462166275260993,2.903649719921524,0.10036154743194092,0.7245250285693435,-1.3732548917761767,-1.3827712598634003,4.319471519302276,2014-04-28,6.0,0,True,False
2014-02-14,2014Q2,-6,diag4,student_t_ar1,2.899910030627173,2.8586582513602052,0.08151379439003692,0.788034434527214,5.268365026582655,5.134276091659679,-2.3684549959554824,2014-07-28,6.0,0,True,False
2014-02-21,2014Q1,8,diag4,student_t_ar1,2.1199576867322545,2.0977992036616304,-0.23722404389982027,0.6887881826330261,-1.3732548917761767,-1.3827712598634003,3.493212578508431,2014-04-28,6.0,0,True,False
2014-02-21,2014Q2,-5,diag4,student_t_ar1,2.6721068431408534,2.6370295645411477,-0.01133053565164504,0.7871374099319212,5.268365026582655,5.134276091659679,-2.596258183441802,2014-07-28,6.0,0,True,False
2014-02-28,2014Q1,9,diag4,student_t_ar1,2.1165659599405195,2.09447783221301,-0.2386154274404289,0.6887906425159441,-1.3732548917761767,-1.3827712598634003,3.489820851716696,2014-04-28,4.0,0,True,False
2014-02-28,2014Q2,-4,diag4,student_t_ar1,2.671764305673907,2.636695941272993,-0.011470296570065371,0.7871388253158117,5.268365026582655,5.134276091659679,-2.5966007209087483,2014-07-28,4.0,0,True,False
2014-03-07,2014Q1,10,diag4,student_t_ar1,2.1946587366387105,2.1709227564869122,-0.20659124374307156,0.6827769350666963,-1.3732548917761767,-1.3827712598634003,3.567913628414887,2014-04-28,15.0,4,True,True
2014-03-07,2014Q2,-3,diag4,student_t_ar1,2.779192104613437,2.741273511129308,0.03233916938875124,0.7798602181352824,5.268365026582655,5.134276091659679,-2.4891729219692182,2014-07-28,15.0,0,True,False
2014-03-14,2014Q1,11,diag4,student_t_ar1,2.243415964819895,2.2186215319491707,-0.18660935008497517,0.6820019939232762,-1.3732548917761767,-1.3827712598634003,3.6166708565960715,2014-04-28,6.0,0,True,False
2014-03-14,2014Q2,-2,diag4,student_t_ar1,2.8250306161236027,2.7858625878156156,0.05101835307898038,0.7795298319601908,5.268365026582655,5.134276091659679,-2.4433344104590526,2014-07-28,6.0,0,True,False
2014-03-21,2014Q1,12,diag4,student_t_ar1,2.731965125136848,2.6953130086003525,0.013085470208718622,0.6665015532574565,-1.3732548917761767,-1.3827712598634003,4.105220016913025,2014-04-28,7.0,0,True,False
2014-03-21,2014Q2,-1,diag4,student_t_ar1,3.1780492033040897,3.1285942916823517,0.19459496261567957,0.7714901836542765,5.268365026582655,5.134276091659679,-2.0903158232785657,2014-07-28,7.0,0,True,False
2014-03-28,2014Q1,13,diag4,student_t_ar1,2.7333060106551343,2.696618227249603,0.013632250288440447,0.6664994302356553,-1.3732548917761767,-1.3827712598634003,4.106560902431311,2014-04-28,4.0,0,True,False
2014-03-28,2014Q2,0,diag4,student_t_ar1,3.1783260339883546,3.1288625951781395,0.19470735988099658,0.7714900595956385,5.268365026582655,5.134276091659679,-2.090038992594301,2014-07-28,4.0,0,True,False
2014-04-04,2014Q1,14,diag4,student_t_ar1,2.710328920589977,2.6742499604803247,0.00426177225062769,0.6656875308123068,-1.3732548917761767,-1.3827712598634003,4.083583812366154,2014-04-28,12.0,26,True,True
2014-04-04,2014Q2,1,diag4,student_t_ar1,3.0968427437546575,3.04985813239689,0.16161093846323726,0.7657769085100966,5.268365026582655,5.134276091659679,-2.171522282827998,2014-07-28,12.0,0,True,False
2014-04-04,2014Q3,-12,diag4,student_t_ar1,2.87080279968277,2.8303673145809225,0.06966220103710351,0.7987785467624098,4.950916534930627,4.832259330312024,-2.080113735247857,2014-10-28,12.0,0,True,False
2014-04-11,2014Q1,15,diag4,student_t_ar1,2.7902990728554844,2.7520795584559146,0.03686602120941236,0.665979530883608,-1.3732548917761767,-1.3827712598634003,4.163553964631661,2014-04-28,5.0,0,True,False
2014-04-11,2014Q2,2,diag4,student_t_ar1,3.3964227597651275,3.340017935397782,0.28316421255107405,0.7644245534903109,5.268365026582655,5.134276091659679,-1.8719422668175278,2014-07-28,5.0,0,True,False
2014-04-11,2014Q3,-11,diag4,student_t_ar1,3.0870187028124496,3.040328733848718,0.15761889827835127,0.7969890480756375,4.950916534930627,4.832259330312024,-1.8638978321181776,2014-10-28,5.0,0,True,False
2014-04-18,2014Q1,16,diag4,student_t_ar1,3.0755590612087103,3.029211641949838,0.15296174416993016,0.6611229120304707,-1.3732548917761767,-1.3827712598634003,4.448813952984887,2014-04-28,11.0,0,True,False
2014-04-18,2014Q2,3,diag4,student_t_ar1,4.03489328554012,3.9556169242558115,0.5410499425762805,0.7419391622815695,5.268365026582655,5.134276091659679,-1.2334717410425355,2014-07-28,11.0,0,True,False
2014-04-18,2014Q3,-10,diag4,student_t_ar1,3.172800598054737,3.123507222493614,0.19246389584141463,0.7961130797288074,4.950916534930627,4.832259330312024,-1.7781159368758903,2014-10-28,11.0,0,True,False
2014-04-25,2014Q1,17,diag4,student_t_ar1,3.0757657263907445,3.029412140474178,0.15304573668657545,0.6611227334643774,-1.3732548917761767,-1.3827712598634003,4.449020618166921,2014-04-28,0.0,0,True,False
2014-04-25,2014Q2,4,diag4,student_t_ar1,4.081703203602127,4.000601245199976,0.5598947013499983,0.7404030853354996,5.268365026582655,5.134276091659679,-1.1866618229805281,2014-07-28,0.0,0,True,False
2014-04-25,2014Q3,-9,diag4,student_t_ar1,3.206242398039394,3.1559153583119164,0.20604025953844224,0.7955753453102997,4.950916534930627,4.832259330312024,-1.7446741368912333,2014-10-28,0.0,0,True,False
2014-05-02,2014Q2,5,diag4,student_t_ar1,4.535107545629247,4.435278637017447,0.7505193997831088,0.7511576670776539,5.268365026582655,5.134276091659679,-0.7332574809534087,2014-07-28,13.0,12,False,True
2014-05-02,2014Q3,-8,diag4,student_t_ar1,2.816495409159714,2.7775615339051956,0.06154195937930277,0.8012600411690863,4.950916534930627,4.832259330312024,-2.1344211257709134,2014-10-28,13.0,0,True,False
2014-05-09,2014Q2,6,diag4,student_t_ar1,4.796462875630869,4.684983414253794,0.8543012561408103,0.7476681313775225,5.268365026582655,5.134276091659679,-0.4719021509517862,2014-07-28,10.0,0,True,False
2014-05-09,2014Q3,-7,diag4,student_t_ar1,3.000659898402258,2.95652090016256,0.13592073357955722,0.7988062318437629,4.950916534930627,4.832259330312024,-1.9502566365283691,2014-10-28,10.0,0,True,False
2014-05-16,2014Q2,7,diag4,student_t_ar1,4.983246771486782,4.863059688198079,0.9283130010811488,0.746546917616565,5.268365026582655,5.134276091659679,-0.2851182550958731,2014-07-28,8.0,0,True,False
2014-05-16,2014Q3,-6,diag4,student_t_ar1,3.0157621555415126,2.9711821169876456,0.14201420249677374,0.7988111297655429,4.950916534930627,4.832259330312024,-1.9351543793891146,2014-10-28,8.0,0,True,False
2014-05-23,2014Q2,8,diag4,student_t_ar1,4.241729690837026,4.154234004114702,0.6337121282329591,0.7050232707935113,5.268365026582655,5.134276091659679,-1.0266353357456293,2014-07-28,4.0,0,True,False
2014-05-23,2014Q3,-5,diag4,student_t_ar1,3.0347659540303162,2.989627882419098,0.149680598789236,0.7970697336618355,4.950916534930627,4.832259330312024,-1.916150580900311,2014-10-28,4.0,0,True,False
2014-05-30,2014Q2,9,diag4,student_t_ar1,4.247307234130893,4.159584446878939,0.6359358697590676,0.7050207047195565,5.268365026582655,5.134276091659679,-1.0210577924517628,2014-07-28,8.0,0,True,False
2014-05-30,2014Q3,-4,diag4,student_t_ar1,3.0380890511548575,2.992853049678274,0.15102103708171039,0.797045573184548,4.950916534930627,4.832259330312024,-1.9128274837757697,2014-10-28,8.0,0,True,False
2014-06-06,2014Q2,10,diag4,student_t_ar1,4.214039331726349,4.127666872484446,0.6226703441341404,0.6995224491119509,5.268365026582655,5.134276091659679,-1.0543256948563062,2014-07-28,10.0,24,True,True
2014-06-06,2014Q3,-3,diag4,student_t_ar1,2.9972117095345086,2.9531731093905904,0.13452933072031867,0.7887065791906891,4.950916534930627,4.832259330312024,-1.9537048253961187,2014-10-28,10.0,0,True,False
2014-06-13,2014Q2,11,diag4,student_t_ar1,4.211049372393494,4.124797775149132,0.6214778949914952,0.6991398691944729,5.268365026582655,5.134276091659679,-1.0573156541891615,2014-07-28,6.0,0,True,False
2014-06-13,2014Q3,-2,diag4,student_t_ar1,3.00177188369406,2.9576004847889954,0.13636942862603063,0.7885450589496044,4.950916534930627,4.832259330312024,-1.9491446512365673,2014-10-28,6.0,0,True,False
2014-06-20,2014Q2,12,diag4,student_t_ar1,4.187188421678267,4.1018983964671865,0.6119604958638012,0.6835690452445816,5.268365026582655,5.134276091659679,-1.081176604904388,2014-07-28,8.0,0,True,False
2014-06-20,2014Q3,-1,diag4,student_t_ar1,2.938246327091032,2.895907221702214,0.11072858411046863,0.780500113168867,4.950916534930627,4.832259330312024,-2.0126702078395953,2014-10-28,8.0,0,True,False
2014-06-27,2014Q2,13,diag4,student_t_ar1,4.186534864568525,4.101271103256284,0.6116997813727588,0.6835663939999019,5.268365026582655,5.134276091659679,-1.0818301620141302,2014-07-28,4.0,0,True,False
2014-06-27,2014Q3,0,diag4,student_t_ar1,2.938164254594633,2.8958274918330544,0.11069544692374707,0.7804998899264728,4.950916534930627,4.832259330312024,-2.0127522803359943,2014-10-28,4.0,0,True,False
2014-07-04,2014Q2,14,diag4,student_t_ar1,4.190679582693635,4.1052491947541,0.6133531487010628,0.6827467490576999,5.268365026582655,5.134276091659679,-1.0776854438890204,2014-07-28,9.0,31,True,True
2014-07-04,2014Q3,1,diag4,student_t_ar1,2.9557946561503456,2.912953202263858,0.11781320429957418,0.7744710007984096,4.950916534930627,4.832259330312024,-1.9951218787802816,2014-10-28,9.0,0,True,False
2014-07-04,2014Q4,-12,diag4,student_t_ar1,3.5297371132745337,3.468870055435396,0.3488623802152847,0.8055262273054158,2.0383303103057804,2.017834406173431,1.4914068029687533,2015-01-28,9.0,0,True,False
2014-07-11,2014Q2,15,diag4,student_t_ar1,4.215042701205185,4.128629664690836,0.6230704981222687,0.6821505365569773,5.268365026582655,5.134276091659679,-1.0533223253774704,2014-07-28,7.0,0,True,False
2014-07-11,2014Q3,2,diag4,student_t_ar1,3.0497725527908193,3.004191419204307,0.1557334701016342,0.7695668219603877,4.950916534930627,4.832259330312024,-1.901143982139808,2014-10-28,7.0,0,True,False
2014-07-11,2014Q4,-11,diag4,student_t_ar1,3.596823980523123,3.5336486808712415,0.37578555755469567,0.8036898995619873,2.0383303103057804,2.017834406173431,1.5584936702173424,2015-01-28,7.0,0,True,False
2014-07-18,2014Q2,16,diag4,student_t_ar1,4.185769897176539,4.1005368719073765,0.6113946214425842,0.6783645349058621,5.268365026582655,5.134276091659679,-1.0825951294061165,2014-07-28,12.0,0,True,False
2014-07-18,2014Q3,3,diag4,student_t_ar1,3.0121678569314136,2.967692979752472,0.14056405347134937,0.751210709584594,4.950916534930627,4.832259330312024,-1.9387486779992136,2014-10-28,12.0,0,True,False
2014-07-18,2014Q4,-10,diag4,student_t_ar1,3.618320530998753,3.5543967305404918,0.38440882513615043,0.802844256308757,2.0383303103057804,2.017834406173431,1.5799902206929728,2015-01-28,12.0,0,True,False
2014-07-25,2014Q2,17,diag4,student_t_ar1,4.1861253252551744,4.100878019717416,0.6115364086899493,0.6783653287595346,5.268365026582655,5.134276091659679,-1.082239701327481,2014-07-28,0.0,0,True,False
2014-07-25,2014Q3,4,diag4,student_t_ar1,3.093224796562466,3.0463488002203043,0.17325484598175214,0.7505771558784148,4.950916534930627,4.832259330312024,-1.8576917383681613,2014-10-28,0.0,0,True,False
2014-07-25,2014Q4,-9,diag4,student_t_ar1,3.6762469376631968,3.6102847442781987,0.40763690221997034,0.8024421625967711,2.0383303103057804,2.017834406173431,1.6379166273574164,2015-01-28,0.0,0,True,False
2014-08-01,2014Q3,5,diag4,student_t_ar1,3.4469096977733704,3.3888345333620666,0.30667810817169927,0.7552794524369869,4.950916534930627,4.832259330312024,-1.5040068371572568,2014-10-28,13.0,7,True,True
2014-08-01,2014Q4,-8,diag4,student_t_ar1,4.101177059510985,4.01930965766986,0.5686315950593419,0.7978656536542673,2.0383303103057804,2.017834406173431,2.062846749205205,2015-01-28,13.0,0,True,False
2014-08-08,2014Q3,6,diag4,student_t_ar1,3.371899940728307,3.3162978424633107,0.2765401401922617,0.7496591192144274,4.950916534930627,4.832259330312024,-1.5790165942023204,2014-10-28,10.0,0,True,False
2014-08-08,2014Q4,-7,diag4,student_t_ar1,4.054790352958193,3.9747404743817056,0.5501137304839797,0.795348586021443,2.0383303103057804,2.017834406173431,2.0164600426524126,2015-01-28,10.0,0,True,False
2014-08-15,2014Q3,7,diag4,student_t_ar1,3.2866034873922922,3.233749622317848,0.24224252356985523,0.7428570663610907,4.950916534930627,4.832259330312024,-1.664313047538335,2014-10-28,6.0,0,True,False
2014-08-15,2014Q4,-6,diag4,student_t_ar1,4.025944338219367,3.9470146832685353,0.5385940568619833,0.7951827310698832,2.0383303103057804,2.017834406173431,1.9876140279135868,2015-01-28,6.0,0,True,False
2014-08-22,2014Q3,8,diag4,student_t_ar1,2.833883958297023,2.7944723212640454,0.05972902496358843,0.6968246498375765,4.950916534930627,4.832259330312024,-2.117032576633604,2014-10-28,6.0,0,True,False
2014-08-22,2014Q4,-5,diag4,student_t_ar1,3.9689588349332228,3.8922195860400866,0.5158274698390635,0.7930714461129135,2.0383303103057804,2.017834406173431,1.9306285246274424,2015-01-28,6.0,0,True,False
2014-08-29,2014Q3,9,diag4,student_t_ar1,2.836568019897978,2.7970823817518613,0.06081346813891856,0.6968238505988408,4.950916534930627,4.832259330312024,-2.114348515032649,2014-10-28,4.0,0,True,False
2014-08-29,2014Q4,-4,diag4,student_t_ar1,3.9690581736998576,3.8923151325573118,0.5158671680640721,0.7930708503153497,2.0383303103057804,2.017834406173431,1.9307278633940772,2015-01-28,4.0,0,True,False
2014-09-05,2014Q3,10,diag4,student_t_ar1,2.917367327917675,2.8756221307355427,0.09344562175186837,0.6922044859335967,4.950916534930627,4.832259330312024,-2.0335492070129524,2014-10-28,13.0,51,True,True
2014-09-05,2014Q4,-3,diag4,student_t_ar1,4.1025202105823055,4.0205998855466465,0.5691676664730636,0.7848992981790023,2.0383303103057804,2.017834406173431,2.064189900276525,2015-01-28,13.0,0,True,False
2014-09-12,2014Q3,11,diag4,student_t_ar1,2.917074499788197,2.8753376029112605,0.09332740446967325,0.6922058897839305,4.950916534930627,4.832259330312024,-2.0338420351424302,2014-10-28,4.0,0,True,False
2014-09-12,2014Q4,-2,diag4,student_t_ar1,4.1022916058489844,4.020380289533142,0.5690764274388392,0.7848999805902657,2.0383303103057804,2.017834406173431,2.063961295543204,2015-01-28,4.0,0,True,False
2014-09-19,2014Q3,12,diag4,student_t_ar1,2.2813965795730473,2.2557618815402387,-0.16409753482869643,0.6744030799311721,4.950916534930627,4.832259330312024,-2.66951995535758,2014-10-28,11.0,0,True,False
2014-09-19,2014Q4,-1,diag4,student_t_ar1,3.7906302113536183,3.7205512955965307,0.44450172591046333,0.7770506733746466,2.0383303103057804,2.017834406173431,1.752299901047838,2015-01-28,11.0,0,True,False
2014-09-26,2014Q3,13,diag4,student_t_ar1,2.2807110048542745,2.2550915963863982,-0.16437602881916155,0.6744025905202652,4.950916534930627,4.832259330312024,-2.6702055300763528,2014-10-28,4.0,0,True,False
2014-09-26,2014Q4,0,diag4,student_t_ar1,3.7905252053463956,3.7204501245562236,0.444459690775755,0.7770508907826909,2.0383303103057804,2.017834406173431,1.7521948950406152,2015-01-28,4.0,0,True,False
2014-10-03,2014Q3,14,diag4,student_t_ar1,2.221448099330514,2.1971333748768447,-0.18845684919237277,0.6736620301976806,4.950916534930627,4.832259330312024,-2.729468435600113,2014-10-28,9.0,31,True,True
2014-10-03,2014Q4,1,diag4,student_t_ar1,3.5668713783374884,3.5047318358202944,0.3548317962860986,0.7727078175842483,2.0383303103057804,2.017834406173431,1.528541068031708,2015-01-28,9.0,0,True,False
2014-10-03,2015Q1,-12,diag4,student_t_ar1,3.251868801956559,3.200114546607066,0.22826762587053256,0.8037554211494865,3.650885031119766,3.585819150769915,-0.3990162291632071,2015-04-28,9.0,0,True,False
2014-10-10,2014Q3,15,diag4,student_t_ar1,2.2063467879356535,2.182359149649154,-0.194595330577671,0.6729800483834116,4.950916534930627,4.832259330312024,-2.7445697469949737,2014-10-28,7.0,0,True,False
2014-10-10,2014Q4,2,diag4,student_t_ar1,3.5041169426472507,3.4441203149884654,0.329648567614083,0.7669861045137484,2.0383303103057804,2.017834406173431,1.4657866323414703,2015-01-28,7.0,0,True,False
2014-10-10,2015Q1,-11,diag4,student_t_ar1,3.2056301280715793,3.1553221075843143,0.20965700169865215,0.8016546333104646,3.650885031119766,3.585819150769915,-0.4452549030481867,2015-04-28,7.0,0,True,False
2014-10-17,2014Q3,16,diag4,student_t_ar1,2.195453878719378,2.1717008196431986,-0.19902371577768102,0.6690389402540382,4.950916534930627,4.832259330312024,-2.7554626562112494,2014-10-28,10.0,0,True,False
2014-10-17,2014Q4,3,diag4,student_t_ar1,3.3396481894338415,3.2850932466408773,0.2635750724719762,0.7492285102946211,2.0383303103057804,2.017834406173431,1.301317879128061,2015-01-28,10.0,0,True,False
2014-10-17,2015Q1,-10,diag4,student_t_ar1,3.118067961629567,3.070443664138754,0.17439121029003576,0.801035554270874,3.650885031119766,3.585819150769915,-0.532817069490199,2015-04-28,10.0,0,True,False
2014-10-24,2014Q3,17,diag4,student_t_ar1,2.1954301041145152,2.1716775557828805,-0.19903338158223682,0.6690388677851432,4.950916534930627,4.832259330312024,-2.755486430816112,2014-10-28,2.0,0,True,False
2014-10-24,2014Q4,4,diag4,student_t_ar1,3.340100359196496,3.285530802585107,0.2637568707711956,0.7476917168090584,2.0383303103057804,2.017834406173431,1.3017700488907158,2015-01-28,2.0,0,True,False
2014-10-24,2015Q1,-9,diag4,student_t_ar1,3.1165870647741123,3.0690075360978235,0.17379451942399743,0.8004761354308624,3.650885031119766,3.585819150769915,-0.5342979663456537,2015-04-28,2.0,0,True,False
2014-10-31,2014Q4,5,diag4,student_t_ar1,3.2102272338780713,3.159776325265069,0.20405116748203703,0.7488718007931391,2.0383303103057804,2.017834406173431,1.171896923572291,2015-01-28,10.0,0,True,False
2014-10-31,2015Q1,-8,diag4,student_t_ar1,3.4212424842055222,3.3640194872287403,0.2889780324824147,0.79786050622651,3.650885031119766,3.585819150769915,-0.2296425469142438,2015-04-28,10.0,0,True,False
2014-11-07,2014Q4,6,diag4,student_t_ar1,3.3206489001440964,3.2667062709025747,0.24851397823341703,0.7394576682445153,2.0383303103057804,2.017834406173431,1.282318589838316,2015-01-28,13.0,9,True,True
2014-11-07,2015Q1,-7,diag4,student_t_ar1,3.4711049398922666,3.4122208414817563,0.30902075932880685,0.7975244386957078,3.650885031119766,3.585819150769915,-0.17978009122749938,2015-04-28,13.0,0,True,False
2014-11-14,2014Q4,7,diag4,student_t_ar1,3.2970965642988626,3.243908291092759,0.23903429267148904,0.7380321485194845,2.0383303103057804,2.017834406173431,1.2587662539930822,2015-01-28,6.0,0,True,False
2014-11-14,2015Q1,-6,diag4,student_t_ar1,3.4604184379266822,3.401892302068683,0.30472602327031795,0.7974916885634182,3.650885031119766,3.585819150769915,-0.1904665931930838,2015-04-28,6.0,0,True,False
2014-11-21,2014Q4,8,diag4,student_t_ar1,2.9337626728120014,2.891551452987933,0.09251990592785264,0.7033849405203294,2.0383303103057804,2.017834406173431,0.895432362506221,2015-01-28,6.0,0,True,False
2014-11-21,2015Q1,-5,diag4,student_t_ar1,3.5755343485692537,3.5130961011733213,0.35096595582565404,0.7965419272929437,3.650885031119766,3.585819150769915,-0.07535068255051236,2015-04-28,6.0,0,True,False
2014-11-28,2014Q4,9,diag4,student_t_ar1,2.932848474768357,2.8906633069806116,0.09215060369349992,0.7033870612885283,2.0383303103057804,2.017834406173431,0.8945181644625766,2015-01-28,4.0,0,True,False
2014-11-28,2015Q1,-4,diag4,student_t_ar1,3.575491914045026,3.5130551315242884,0.35094892013241913,0.7965425275533904,3.650885031119766,3.585819150769915,-0.07539311707474017,2015-04-28,4.0,0,True,False
2014-12-05,2014Q4,10,diag4,student_t_ar1,2.9586318884105456,2.9157089414395982,0.10256489221164146,0.6978734729942767,2.0383303103057804,2.017834406173431,0.9203015781047652,2015-01-28,13.0,5,True,True
2014-12-05,2015Q1,-3,diag4,student_t_ar1,3.6313082189356027,3.5669301068675714,0.3733508096933118,0.7891239378021097,3.650885031119766,3.585819150769915,-0.019576812184163295,2015-04-28,13.0,0,True,False
2014-12-12,2014Q4,11,diag4,student_t_ar1,2.9587543856309573,2.9158279184940685,0.10261436436114202,0.6978726095701264,2.0383303103057804,2.017834406173431,0.9204240753251769,2015-01-28,4.0,0,True,False
2014-12-12,2015Q1,-2,diag4,student_t_ar1,3.631261999462665,3.566885506944988,0.3733322644868635,0.789123772951386,3.650885031119766,3.585819150769915,-0.01962303165710111,2015-04-28,4.0,0,True,False
2014-12-19,2014Q4,12,diag4,student_t_ar1,3.093169664003992,3.046295321853201,0.15686434485254136,0.6814847989855656,2.0383303103057804,2.017834406173431,1.0548393536982115,2015-01-28,11.0,0,True,False
2014-12-19,2015Q1,-1,diag4,student_t_ar1,3.604978746672316,3.54152000828834,0.36278497242886265,0.7828934840230934,3.650885031119766,3.585819150769915,-0.04590628444745004,2015-04-28,11.0,0,True,False
2014-12-26,2014Q4,13,diag4,student_t_ar1,3.0681633467499747,3.0220363427212047,0.14677715747264514,0.6815424131567381,2.0383303103057804,2.017834406173431,1.0298330364441943,2015-01-28,4.0,0,True,False
2014-12-26,2015Q1,0,diag4,student_t_ar1,3.5170306788429473,3.456596080252842,0.3274725394336498,0.7825711994403617,3.650885031119766,3.585819150769915,-0.13385435227681874,2015-04-28,4.0,0,True,False
2015-01-02,2014Q4,14,diag4,student_t_ar1,3.036633116720422,2.9914400336429763,0.13405482892262627,0.6815383188169923,2.0383303103057804,2.017834406173431,0.9983028064146415,2015-01-28,8.0,4,True,True
2015-01-02,2015Q1,1,diag4,student_t_ar1,3.3871371887621793,3.3310369786800513,0.27526349230414165,0.7801251907235159,3.650885031119766,3.585819150769915,-0.26374784235758675,2015-04-28,8.0,0,True,False
2015-01-02,2015Q2,-12,diag4,student_t_ar1,3.187336178424327,3.13759480803285,0.19482781478140018,0.8067070893197191,2.5007353109643082,2.469978633014557,0.6866008674600188,2015-07-28,8.0,0,True,False
2015-01-09,2014Q4,15,diag4,student_t_ar1,3.039969105824669,2.9946776540895024,0.13540107205723614,0.6808599641985086,2.0383303103057804,2.017834406173431,1.0016387955188888,2015-01-28,8.0,0,True,False
2015-01-09,2015Q1,2,diag4,student_t_ar1,3.4014111028154437,3.344842302228046,0.2810039187545294,0.773883929458337,3.650885031119766,3.585819150769915,-0.24947392830432236,2015-04-28,8.0,0,True,False
2015-01-09,2015Q2,-11,diag4,student_t_ar1,3.197150427863771,3.147105454504612,0.19878246071034117,0.8043405660665652,2.5007353109643082,2.469978633014557,0.6964151168994626,2015-07-28,8.0,0,True,False
2015-01-16,2014Q4,16,diag4,student_t_ar1,2.9997234177300047,2.9556116973181874,0.11915695790952141,0.6818567479323253,2.0383303103057804,2.017834406173431,0.9613931074242243,2015-01-28,8.0,0,True,False
2015-01-16,2015Q1,3,diag4,student_t_ar1,3.2363545346298928,3.185087764832138,0.2145759810934715,0.7780736732283409,3.650885031119766,3.585819150769915,-0.4145304964898733,2015-04-28,8.0,0,True,False
2015-01-16,2015Q2,-10,diag4,student_t_ar1,3.153533752381854,3.1048311327065,0.18120426819797986,0.8046131962258329,2.5007353109643082,2.469978633014557,0.6527984414175458,2015-07-28,8.0,0,True,False
2015-01-23,2014Q4,17,diag4,student_t_ar1,2.94856091294331,2.905926888332798,0.09849739200433698,0.6763504280703022,2.0383303103057804,2.017834406173431,0.9102306026375295,2015-01-28,4.0,0,True,False
2015-01-23,2015Q1,4,diag4,student_t_ar1,3.134202556318444,3.086089159513214,0.17341112099087785,0.7514649596073802,3.650885031119766,3.585819150769915,-0.5166824748013221,2015-04-28,4.0,0,True,False
2015-01-23,2015Q2,-9,diag4,student_t_ar1,3.1513384569797465,3.1027029276101366,0.18031933386199406,0.8033336897871977,2.5007353109643082,2.469978633014557,0.6506031460154382,2015-07-28,4.0,0,True,False
2015-01-30,2015Q1,5,diag4,student_t_ar1,3.1682223660851605,3.119069683215619,0.1901235592886451,0.7502946220742368,3.650885031119766,3.585819150769915,-0.48266266503460553,2015-04-28,10.0,0,True,False
2015-01-30,2015Q2,-8,diag4,student_t_ar1,3.068797101177956,3.022651229470881,0.14987443451516194,0.8008017912182924,2.5007353109643082,2.469978633014557,0.5680617902136476,2015-07-28,10.0,0,True,False
2015-02-06,2015Q1,6,diag4,student_t_ar1,2.880976517918743,2.840256627108866,0.0737352430703985,0.7403776835134395,3.650885031119766,3.585819150769915,-0.769908513201023,2015-04-28,11.0,11,False,True
2015-02-06,2015Q2,-7,diag4,student_t_ar1,2.883574684726331,2.842782005549949,0.07478944242775941,0.7984886861789295,2.5007353109643082,2.469978633014557,0.3828393737620228,2015-07-28,11.0,0,True,False
2015-02-13,2015Q1,7,diag4,student_t_ar1,2.8256557526870507,2.786470547433442,0.05128266736674816,0.7610083424924985,3.650885031119766,3.585819150769915,-0.8252292784327153,2015-04-28,6.0,0,True,False
2015-02-13,2015Q2,-6,diag4,student_t_ar1,2.821919783446414,2.7828371768660345,0.04976594541533564,0.7990527694069194,2.5007353109643082,2.469978633014557,0.3211844724821056,2015-07-28,6.0,0,True,False
2015-02-20,2015Q1,8,diag4,student_t_ar1,1.463900765001469,1.4532891744956202,-0.5052434056100947,0.7008477703209227,3.650885031119766,3.585819150769915,-2.186984266118297,2015-04-28,8.0,0,True,False
2015-02-20,2015Q2,-5,diag4,student_t_ar1,2.638180512709143,2.60398072789743,-0.024896271738011105,0.7973665212203958,2.5007353109643082,2.469978633014557,0.13744520174483466,2015-07-28,8.0,0,True,False
2015-02-27,2015Q1,9,diag4,student_t_ar1,1.4640084060135505,1.4533952624285291,-0.5051991200373359,0.7008474673865643,3.650885031119766,3.585819150769915,-2.1868766251062155,2015-04-28,4.0,0,True,False
2015-02-27,2015Q2,-4,diag4,student_t_ar1,2.6381885238937697,2.603988533164698,-0.024893013490611755,0.7973665092928014,2.5007353109643082,2.469978633014557,0.13745321292946144,2015-07-28,4.0,0,True,False
2015-03-06,2015Q1,10,diag4,student_t_ar1,1.4944647293043456,1.4834076320023886,-0.49267069253398477,0.6961770273555411,3.650885031119766,3.585819150769915,-2.1564203018154204,2015-04-28,10.0,4,True,True
2015-03-06,2015Q2,-3,diag4,student_t_ar1,2.717894697393941,2.6816158196345734,0.007511886376634543,0.7913386814093717,2.5007353109643082,2.469978633014557,0.21715938642963284,2015-07-28,10.0,0,True,False
2015-03-13,2015Q1,11,diag4,student_t_ar1,1.4987293680853053,1.4876093874361715,-0.4909167027928744,0.6967138534414964,3.650885031119766,3.585819150769915,-2.1521556630344607,2015-04-28,8.0,0,True,False
2015-03-13,2015Q2,-2,diag4,student_t_ar1,2.747098511304391,2.7100428656739464,0.019378533045843648,0.7914993105957503,2.5007353109643082,2.469978633014557,0.24636320034008286,2015-07-28,8.0,0,True,False
2015-03-20,2015Q1,12,diag4,student_t_ar1,0.7371760223780388,0.7344721599573445,-0.8053079117683144,0.6793948854929972,3.650885031119766,3.585819150769915,-2.9137090087417272,2015-04-28,10.0,0,True,False
2015-03-20,2015Q2,-1,diag4,student_t_ar1,2.175124970902109,2.151806656795724,-0.21365277944232372,0.7835463528317824,2.5007353109643082,2.469978633014557,-0.325610340062199,2015-07-28,10.0,0,True,False
2015-03-27,2015Q1,13,diag4,student_t_ar1,0.7366438884838455,0.7339439187253718,-0.8055284219137318,0.6793942032345955,3.650885031119766,3.585819150769915,-2.9142411426359205,2015-04-28,4.0,0,True,False
2015-03-27,2015Q2,0,diag4,student_t_ar1,2.175027122080353,2.1517108909538734,-0.2136927561393977,0.7835463901413028,2.5007353109643082,2.469978633014557,-0.32570818888395525,2015-07-28,4.0,0,True,False
2015-04-03,2015Q1,14,diag4,student_t_ar1,0.7062652117191259,0.703782840203721,-0.8181189267971085,0.6791855699485618,3.650885031119766,3.585819150769915,-2.94461981940064,2015-04-28,8.0,17,True,True
2015-04-03,2015Q2,1,diag4,student_t_ar1,2.0685274124213837,2.047423909116018,-0.257226536045829,0.782424644406501,2.5007353109643082,2.469978633014557,-0.4322078985429245,2015-07-28,8.0,0,True,False
2015-04-03,2015Q3,-12,diag4,student_t_ar1,2.7362336423719658,2.699467926258001,0.014964107803646246,0.8125152697924576,1.6106176842981101,1.59778484627612,1.1256159580738556,2015-10-28,8.0,0,True,False
2015-04-10,2015Q1,15,diag4,student_t_ar1,0.699140174577062,0.6967075215136691,-0.8210724629067206,0.6783932393539905,3.650885031119766,3.585819150769915,-2.951744856542704,2015-04-28,8.0,0,True,False
2015-04-10,2015Q2,2,diag4,student_t_ar1,2.0548427362305777,2.0340156685981814,-0.26282370053701665,0.7756290411121236,2.5007353109643082,2.469978633014557,-0.44589257473373056,2015-07-28,8.0,0,True,False
2015-04-10,2015Q3,-11,diag4,student_t_ar1,2.7248771370393943,2.68841327430848,0.010349430339292181,0.8100935910996117,1.6106176842981101,1.59778484627612,1.1142594527412841,2015-10-28,8.0,0,True,False
2015-04-17,2015Q1,16,diag4,student_t_ar1,0.5166744535765488,0.5153442709634768,-0.896781124653618,0.6743643972552855,3.650885031119766,3.585819150769915,-3.134210577543217,2015-04-28,10.0,0,True,False
2015-04-17,2015Q2,3,diag4,student_t_ar1,1.5691457042333878,1.5569619021511525,-0.461966041278346,0.755711772474079,2.5007353109643082,2.469978633014557,-0.9315896067309204,2015-07-28,10.0,0,True,False
2015-04-17,2015Q3,-10,diag4,student_t_ar1,2.6158761064432268,2.5822472657470628,-0.03396873448633278,0.8093304296376188,1.6106176842981101,1.59778484627612,1.0052584221451166,2015-10-28,10.0,0,True,False
2015-04-24,2015Q1,17,diag4,student_t_ar1,0.51680882894658,0.5154779555297067,-0.8967253190834445,0.6743644101120343,3.650885031119766,3.585819150769915,-3.134076202173186,2015-04-28,2.0,0,True,False
2015-04-24,2015Q2,4,diag4,student_t_ar1,1.6252506383607868,1.6121848182975105,-0.4389136694967494,0.7539784581687439,2.5007353109643082,2.469978633014557,-0.8754846726035215,2015-07-28,2.0,0,True,False
2015-04-24,2015Q3,-9,diag4,student_t_ar1,2.65052541996722,2.616007602163955,-0.019875747718097758,0.8088045118420517,1.6106176842981101,1.59778484627612,1.03990773566911,2015-10-28,2.0,0,True,False
2015-05-01,2015Q2,5,diag4,student_t_ar1,1.466637105228319,1.4559859989910706,-0.5091119152826327,0.756577095386508,2.5007353109643082,2.469978633014557,-1.0340982057359893,2015-07-28,13.0,11,False,True
2015-05-01,2015Q3,-8,diag4,student_t_ar1,2.9331646898083763,2.8909705116863966,0.09205159133763713,0.8101718537688158,1.6106176842981101,1.59778484627612,1.3225470055102662,2015-10-28,13.0,0,True,False
2015-05-08,2015Q2,6,diag4,student_t_ar1,1.8790491962132005,1.8616131494351111,-0.33918099408871133,0.75720456098116,2.5007353109643082,2.469978633014557,-0.6216861147511077,2015-07-28,10.0,0,True,False
2015-05-08,2015Q3,-7,diag4,student_t_ar1,3.221960675319968,3.1711441662722075,0.20942580350739817,0.8083205403447395,1.6106176842981101,1.59778484627612,1.611342991021858,2015-10-28,10.0,0,True,False
2015-05-15,2015Q2,7,diag4,student_t_ar1,1.8573215357099215,1.8402839576883543,-0.34811651331586463,0.7569244499561748,2.5007353109643082,2.469978633014557,-0.6434137752543867,2015-07-28,6.0,0,True,False
2015-05-15,2015Q3,-6,diag4,student_t_ar1,3.1877022292454926,3.137949551342875,0.19551945752576438,0.8082716571682388,1.6106176842981101,1.59778484627612,1.5770845449473825,2015-10-28,6.0,0,True,False
2015-05-22,2015Q2,8,diag4,student_t_ar1,0.5768088855425679,0.575151712517501,-0.8781231650369653,0.7118357346927618,2.5007353109643082,2.469978633014557,-1.9239264254217403,2015-07-28,6.0,0,True,False
2015-05-22,2015Q3,-5,diag4,student_t_ar1,3.017340706464977,2.972714444464687,0.1262968872548917,0.8064538032628548,1.6106176842981101,1.59778484627612,1.406723022166867,2015-10-28,6.0,0,True,False
2015-05-29,2015Q2,9,diag4,student_t_ar1,0.5788319339708581,0.5771631385159246,-0.877280510711555,0.7118296568371373,2.5007353109643082,2.469978633014557,-1.9219033769934502,2015-07-28,4.0,0,True,False
2015-05-29,2015Q3,-4,diag4,student_t_ar1,3.017444009423653,2.972814721666742,0.12633889676362725,0.8064521992622121,1.6106176842981101,1.59778484627612,1.406826325125543,2015-10-28,4.0,0,True,False
2015-06-05,2015Q2,10,diag4,student_t_ar1,0.9851413384932117,0.980320457016405,-0.7083842855849554,0.7176417708779497,2.5007353109643082,2.469978633014557,-1.5155939724710965,2015-07-28,13.0,6,True,True
2015-06-05,2015Q3,-3,diag4,student_t_ar1,3.6264857005686046,3.5622764643901013,0.3732843412189625,0.8048243212208229,1.6106176842981101,1.59778484627612,2.0158680162704945,2015-10-28,13.0,0,True,False
2015-06-12,2015Q2,11,diag4,student_t_ar1,0.9849945926804882,0.9801751426489589,-0.7084451626842713,0.7176347707988237,2.5007353109643082,2.469978633014557,-1.51574071828382,2015-07-28,4.0,0,True,False
2015-06-12,2015Q3,-2,diag4,student_t_ar1,3.626407821909905,3.562201311124551,0.3732528569762737,0.8048229991403405,1.6106176842981101,1.59778484627612,2.015790137611795,2015-10-28,4.0,0,True,False
2015-06-19,2015Q2,12,diag4,student_t_ar1,0.10671347457056335,0.10665657621750135,-1.0743916100835544,0.6910165283549761,2.5007353109643082,2.469978633014557,-2.394021836393745,2015-07-28,11.0,0,True,False
2015-06-19,2015Q3,-1,diag4,student_t_ar1,2.991518415060024,2.947645336611459,0.11579459078300774,0.7929585291015772,1.6106176842981101,1.59778484627612,1.3809007307619137,2015-10-28,11.0,0,True,False
2015-06-26,2015Q2,13,diag4,student_t_ar1,0.10512813919436592,0.10507291826454157,-1.0750550579186118,0.6910193145535142,2.5007353109643082,2.469978633014557,-2.3956071717699423,2015-07-28,4.0,0,True,False
2015-06-26,2015Q3,0,diag4,student_t_ar1,2.9912540852605085,2.947388684274671,0.115687070445749,0.7929593908005879,1.6106176842981101,1.59778484627612,1.3806364009623984,2015-10-28,4.0,0,True,False
2015-07-03,2015Q2,14,diag4,student_t_ar1,0.15096416747721886,0.15085033113157253,-1.0558773526544218,0.6908365049002292,2.5007353109643082,2.469978633014557,-2.3497711434870894,2015-07-28,8.0,19,True,True
2015-07-03,2015Q3,1,diag4,student_t_ar1,3.176399889139936,3.1269957662602703,0.19093054677950502,0.7898316448921088,1.6106176842981101,1.59778484627612,1.5657822048418257,2015-10-28,8.0,0,True,False
2015-07-03,2015Q4,-12,diag4,student_t_ar1,2.886179133072564,2.8453134255453927,0.07292429500533355,0.8191442931227482,0.7399609712167354,0.737236690842017,2.1462181618558285,2016-01-28,8.0,0,True,False
2015-07-10,2015Q2,15,diag4,student_t_ar1,0.13816290097883321,0.13806754386479803,-1.0612324942254212,0.6901146965712196,2.5007353109643082,2.469978633014557,-2.362572409985475,2015-07-28,8.0,0,True,False
2015-07-10,2015Q3,2,diag4,student_t_ar1,3.1302216233178415,3.0822291307981926,0.17217629032873338,0.7835133939510475,1.6106176842981101,1.59778484627612,1.5196039390197313,2015-10-28,8.0,0,True,False
2015-07-10,2015Q4,-11,diag4,student_t_ar1,2.851985115255462,2.812073099661412,0.05899879916002949,0.8167616788747539,0.7399609712167354,0.737236690842017,2.1120241440387266,2016-01-28,8.0,0,True,False
2015-07-17,2015Q2,16,diag4,student_t_ar1,-0.11194505421707746,-0.11200775949423614,-1.1659974899145167,0.686221065656441,2.5007353109643082,2.469978633014557,-2.6126803651813857,2015-07-28,10.0,0,True,False
2015-07-17,2015Q3,3,diag4,student_t_ar1,2.495951513299244,2.4653114379100542,-0.08627137950438504,0.763113134248741,1.6106176842981101,1.59778484627612,0.8853338290011337,2015-10-28,10.0,0,True,False
2015-07-17,2015Q4,-10,diag4,student_t_ar1,2.752941482218829,2.7157294542665267,0.018637190241072448,0.8160522836560732,0.7399609712167354,0.737236690842017,2.0129805110020937,2016-01-28,10.0,0,True,False
2015-07-24,2015Q2,17,diag4,student_t_ar1,-0.11200537014486311,-0.11206814303662238,-1.16602278662104,0.6862211485929454,2.5007353109643082,2.469978633014557,-2.6127406811091713,2015-07-28,2.0,0,True,False
2015-07-24,2015Q3,4,diag4,student_t_ar1,2.465264872495787,2.43536758650845,-0.09881587078707722,0.7616833532098474,1.6106176842981101,1.59778484627612,0.8546471881976769,2015-10-28,2.0,0,True,False
2015-07-24,2015Q4,-9,diag4,student_t_ar1,2.7239379660074947,2.6874990115210147,0.006810503747809941,0.8155507224756721,0.7399609712167354,0.737236690842017,1.9839769947907593,2016-01-28,2.0,0,True,False
2015-07-31,2015Q3,5,diag4,student_t_ar1,2.3353355457264247,2.3084838333010103,-0.15190521262787257,0.7633626900294879,1.6106176842981101,1.59778484627612,0.7247178614283145,2015-10-28,10.0,0,True,False
2015-07-31,2015Q4,-8,diag4,student_t_ar1,2.976000207877516,2.9325767400525358,0.11062781383722338,0.8133627610525973,0.7399609712167354,0.737236690842017,2.2360392366607806,2016-01-28,10.0,0,True,False
2015-08-07,2015Q3,6,diag4,student_t_ar1,2.5030506144230413,2.4722374239421323,-0.08302007504585494,0.7578130270165098,1.6106176842981101,1.59778484627612,0.8924329301249312,2015-10-28,13.0,11,False,True
2015-08-07,2015Q4,-7,diag4,student_t_ar1,3.1052135893344657,3.0579772033055534,0.16337919553342192,0.8128535902823922,0.7399609712167354,0.737236690842017,2.3652526181177302,2016-01-28,13.0,0,True,False
2015-08-14,2015Q3,7,diag4,student_t_ar1,2.55209562255847,2.5200733451279276,-0.062897255147098,0.7559709743304871,1.6106176842981101,1.59778484627612,0.94147793826036,2015-10-28,6.0,0,True,False
2015-08-14,2015Q4,-6,diag4,student_t_ar1,3.0937475219210198,3.0468558403622406,0.15870084549877359,0.8127476784175213,0.7399609712167354,0.737236690842017,2.3537865507042843,2016-01-28,6.0,0,True,False
2015-08-21,2015Q3,8,diag4,student_t_ar1,2.9672797077451962,2.9241079032532946,0.1070652843941047,0.7182023427702854,1.6106176842981101,1.59778484627612,1.356662023447086,2015-10-28,6.0,0,True,False
2015-08-21,2015Q4,-5,diag4,student_t_ar1,3.050729868836677,3.0051203990317217,0.14114427402548188,0.8111703388348057,0.7399609712167354,0.737236690842017,2.3107688976199414,2016-01-28,6.0,0,True,False
2015-08-28,2015Q3,9,diag4,student_t_ar1,2.967097887946979,2.9239313229267436,0.10699100351854575,0.718202498728713,1.6106176842981101,1.59778484627612,1.3564802036488688,2015-10-28,4.0,0,True,False
2015-08-28,2015Q4,-4,diag4,student_t_ar1,3.0507221195412493,3.0051128791473674,0.14114111068557383,0.8111704006127284,0.7399609712167354,0.737236690842017,2.310761148324514,2016-01-28,4.0,0,True,False
2015-09-04,2015Q3,10,diag4,student_t_ar1,2.8470623406056106,2.8072867142000475,0.05792288911030336,0.71818735517474,1.6106176842981101,1.59778484627612,1.2364446563075004,2015-10-28,12.0,4,True,True
2015-09-04,2015Q4,-3,diag4,student_t_ar1,2.8829328241271934,2.8421581327857046,0.07259201763168976,0.8081363503843072,0.7399609712167354,0.737236690842017,2.142971852910458,2016-01-28,12.0,0,True,False
2015-09-11,2015Q3,11,diag4,student_t_ar1,2.8095488852371675,2.77080507078396,0.042576397982406075,0.7154590685943971,1.6106176842981101,1.59778484627612,1.1989312009390574,2015-10-28,5.0,0,True,False
2015-09-11,2015Q4,-2,diag4,student_t_ar1,2.82729550343106,2.7880652250045856,0.04983711265449134,0.8049046464916667,0.7399609712167354,0.737236690842017,2.0873345322143244,2016-01-28,5.0,0,True,False
2015-09-18,2015Q3,12,diag4,student_t_ar1,2.5824162415210017,2.5496350399473977,-0.050461732928475965,0.6970796786718783,1.6106176842981101,1.59778484627612,0.9717985572228915,2015-10-28,11.0,0,True,False
2015-09-18,2015Q4,-1,diag4,student_t_ar1,2.5841619572898322,2.5513367944770065,-0.04974586713008971,0.7967445507174352,0.7399609712167354,0.737236690842017,1.8442009860730968,2016-01-28,11.0,0,True,False
2015-09-25,2015Q3,13,diag4,student_t_ar1,2.5571774002083547,2.525028535672007,-0.06081278798495749,0.6971145244544568,1.6106176842981101,1.59778484627612,0.9465597159102446,2015-10-28,0.0,0,True,False
2015-09-25,2015Q4,0,diag4,student_t_ar1,2.477023602953299,2.4468427491582694,-0.09370268456597679,0.7963896869867576,0.7399609712167354,0.737236690842017,1.7370626317365634,2016-01-28,0.0,0,True,False
2015-10-02,2015Q3,14,diag4,student_t_ar1,2.551247877174889,2.519246693188345,-0.06324499733930061,0.6965080112160644,1.6106176842981101,1.59778484627612,0.9406301928767791,2015-10-28,11.0,33,True,True
2015-10-02,2015Q4,1,diag4,student_t_ar1,2.4516235975909906,2.4220536278330123,-0.10413055992640179,0.7919038158595987,0.7399609712167354,0.737236690842017,1.7116626263742551,2016-01-28,11.0,0,True,False
2015-10-02,2016Q1,-12,diag4,student_t_ar1,2.6438634081004553,2.609517398601029,-0.025271418026426865,0.8198490590903643,2.3383061524439253,2.3113866073886387,0.30555725565653,2016-04-28,11.0,0,True,False
2015-10-09,2015Q3,15,diag4,student_t_ar1,2.57755911275952,2.5449000727550826,-0.05245356019291624,0.6958086693690706,1.6106176842981101,1.59778484627612,0.9669414284614097,2015-10-28,9.0,0,True,False
2015-10-09,2015Q4,2,diag4,student_t_ar1,2.553066338571308,2.5210198995720634,-0.06249907436304385,0.7863816595675756,0.7399609712167354,0.737236690842017,1.8131053673545727,2016-01-28,9.0,0,True,False
2015-10-09,2016Q1,-11,diag4,student_t_ar1,2.7174579441632485,2.6811906219019805,0.00487888175449834,0.8178857463232918,2.3383061524439253,2.3113866073886387,0.37915179171932323,2016-04-28,9.0,0,True,False
2015-10-16,2015Q3,16,diag4,student_t_ar1,2.5577805503456563,2.5256166450359685,-0.06056539191693145,0.6956722864653759,1.6106176842981101,1.59778484627612,0.9471628660475462,2015-10-28,8.0,0,True,False
2015-10-16,2015Q4,3,diag4,student_t_ar1,2.463543757714004,2.4336878668113116,-0.09923646172956532,0.7855775083731251,0.7399609712167354,0.737236690842017,1.7235827864972686,2016-01-28,8.0,0,True,False
2015-10-16,2016Q1,-10,diag4,student_t_ar1,2.699456098790587,2.663663491283138,-0.0024941401094495537,0.8178669067705754,2.3383061524439253,2.3113866073886387,0.36114994634666164,2016-04-28,8.0,0,True,False
2015-10-23,2015Q3,17,diag4,student_t_ar1,2.4115994547670327,2.3829796127542067,-0.12056756685887407,0.6920048097255411,1.6106176842981101,1.59778484627612,0.8009817704689226,2015-10-28,4.0,0,True,False
2015-10-23,2015Q4,4,diag4,student_t_ar1,1.9521679236141676,1.9333575383177166,-0.3097071047231022,0.7656625271880059,0.7399609712167354,0.737236690842017,1.2122069523974321,2016-01-28,4.0,0,True,False
2015-10-23,2016Q1,-9,diag4,student_t_ar1,2.553239716445166,2.521188961047722,-0.0624279563926533,0.8169465394620884,2.3383061524439253,2.3113866073886387,0.21493356400124064,2016-04-28,4.0,0,True,False
2015-10-30,2015Q4,5,diag4,student_t_ar1,1.9530097835444016,1.934183275005425,-0.30669930400287737,0.7646005028247576,0.7399609712167354,0.737236690842017,1.2130488123276661,2016-01-28,10.0,0,True,False
2015-10-30,2016Q1,-8,diag4,student_t_ar1,2.4741610889746912,2.444049387428656,-0.09151205698385402,0.8147683739556827,2.3383061524439253,2.3113866073886387,0.13585493653076597,2016-04-28,10.0,0,True,False
2015-11-06,2015Q4,6,diag4,student_t_ar1,2.301114838901097,2.2750384651078135,-0.1628425380733266,0.7646472963823535,0.7399609712167354,0.737236690842017,1.5611538676843617,2016-01-28,11.0,11,False,True
2015-11-06,2016Q1,-7,diag4,student_t_ar1,2.7316172506886227,2.69497438465133,0.014389978952557215,0.8131022721899801,2.3383061524439253,2.3113866073886387,0.39331109824469745,2016-04-28,11.0,0,True,False
2015-11-13,2015Q4,7,diag4,student_t_ar1,2.310474294461451,2.2841869748344963,-0.15898144086673766,0.7615316282287997,0.7399609712167354,0.737236690842017,1.5705133232447155,2016-01-28,6.0,0,True,False
2015-11-13,2016Q1,-6,diag4,student_t_ar1,2.740854850155139,2.703965953573705,0.01818483983003697,0.8129201235559474,2.3383061524439253,2.3113866073886387,0.4025486977112136,2016-04-28,6.0,0,True,False
2015-11-20,2015Q4,8,diag4,student_t_ar1,1.2788189548277318,1.2707111151272747,-0.5867154574189196,0.7147979757745087,0.7399609712167354,0.737236690842017,0.5388579836109963,2016-01-28,8.0,0,True,False
2015-11-20,2016Q1,-5,diag4,student_t_ar1,2.552575790481204,2.5205415625697096,-0.059228796366923624,0.8111501192475757,2.3383061524439253,2.3113866073886387,0.21426963803727883,2016-04-28,8.0,0,True,False
2015-11-27,2015Q4,9,diag4,student_t_ar1,1.279429536116905,1.271313984962228,-0.586461018269242,0.7147977830247532,0.7399609712167354,0.737236690842017,0.5394685649001696,2016-01-28,4.0,0,True,False
2015-11-27,2016Q1,-4,diag4,student_t_ar1,2.552626922979817,2.5205914223469814,-0.05920775321864082,0.8111499976098688,2.3383061524439253,2.3113866073886387,0.21432077053589182,2016-04-28,4.0,0,True,False
2015-12-04,2015Q4,10,diag4,student_t_ar1,1.1864956602729126,1.1795119868920774,-0.6252057372341365,0.7133780331107337,0.7399609712167354,0.737236690842017,0.4465346890561772,2016-01-28,9.0,4,True,True
2015-12-04,2016Q1,-3,diag4,student_t_ar1,2.4156991867520183,2.3869827236800707,-0.11559684702854912,0.8096108848238774,2.3383061524439253,2.3113866073886387,0.07739303430809308,2016-04-28,9.0,0,True,False
2015-12-11,2015Q4,11,diag4,student_t_ar1,1.2835497639183124,1.2753820805404155,-0.5847440924592094,0.7112429920010125,0.7399609712167354,0.737236690842017,0.543588792701577,2016-01-28,7.0,0,True,False
2015-12-11,2016Q1,-2,diag4,student_t_ar1,2.568305337286736,2.535878418329969,-0.052755928905124976,0.8065158133906729,2.3383061524439253,2.3113866073886387,0.22999918484281068,2016-04-28,7.0,0,True,False
2015-12-18,2015Q4,12,diag4,student_t_ar1,0.5376871845812481,0.5362468078793614,-0.8966936035625492,0.6936418691695214,0.7399609712167354,0.737236690842017,-0.20227378663548734,2016-01-28,12.0,0,True,False
2015-12-18,2016Q1,-1,diag4,student_t_ar1,2.0185556571810537,1.998452895872658,-0.27957453056844256,0.7983818713063591,2.3383061524439253,2.3113866073886387,-0.3197504952628716,2016-04-28,12.0,0,True,False
2015-12-25,2015Q4,13,diag4,student_t_ar1,0.5136442982581757,0.5123296457692117,-0.9067877599412313,0.6936080464187133,0.7399609712167354,0.737236690842017,-0.22631667295855973,2016-01-28,0.0,0,True,False
2015-12-25,2016Q1,0,diag4,student_t_ar1,1.9155046862825653,1.8973898566765013,-0.32222784023171436,0.7976497787143645,2.3383061524439253,2.3113866073886387,-0.42280146616135994,2016-04-28,0.0,0,True,False
2016-01-01,2015Q4,14,diag4,student_t_ar1,0.5035495534301715,0.5022859826943766,-0.9110266535534948,0.6937158015414437,0.7399609712167354,0.737236690842017,-0.23641141778656394,2016-01-28,8.0,11,False,True
2016-01-01,2016Q1,1,diag4,student_t_ar1,1.8731180974513872,1.8557912739259803,-0.3397843796522969,0.7994272371801283,2.3383061524439253,2.3113866073886387,-0.465188054992538,2016-04-28,8.0,0,True,False
2016-01-01,2016Q2,-12,diag4,student_t_ar1,2.600944173092401,2.5676949173022896,-0.039327884450281916,0.8263285040536923,1.2906967702374539,1.2824382650696664,1.3102474028549471,2016-07-28,8.0,0,True,False
2016-01-08,2015Q4,15,diag4,student_t_ar1,0.5452306250186334,0.5437496236561659,-0.8935270658528195,0.6938507852751004,0.7399609712167354,0.737236690842017,-0.19473034619810203,2016-01-28,12.0,0,True,False
2016-01-08,2016Q1,2,diag4,student_t_ar1,1.999944141663157,1.9802079665276406,-0.28727474052974294,0.7958306709657715,2.3383061524439253,2.3113866073886387,-0.33836201078076833,2016-04-28,12.0,0,True,False
2016-01-08,2016Q2,-11,diag4,student_t_ar1,2.73234014899002,2.6956780587268536,0.014686962186824035,0.8234318467396995,1.2906967702374539,1.2824382650696664,1.4416433787525662,2016-07-28,12.0,0,True,False
2016-01-15,2015Q4,16,diag4,student_t_ar1,0.5532093324222664,0.5516847497660562,-0.8901780730471971,0.6939218765609595,0.7399609712167354,0.737236690842017,-0.186751638794469,2016-01-28,6.0,0,True,False
2016-01-15,2016Q1,3,diag4,student_t_ar1,1.9357323215039246,1.9172353435959368,-0.31385212042627547,0.7957967294292971,2.3383061524439253,2.3113866073886387,-0.40257383094000065,2016-04-28,6.0,0,True,False
2016-01-15,2016Q2,-10,diag4,student_t_ar1,2.704729517535842,2.6687981663440015,0.003342395640632052,0.8234386751803349,1.2906967702374539,1.2824382650696664,1.4140327472983882,2016-07-28,6.0,0,True,False
2016-01-22,2015Q4,17,diag4,student_t_ar1,0.3034784458707085,0.3030188795901485,-0.9951266521485396,0.688814601609681,0.7399609712167354,0.737236690842017,-0.43648252534602694,2016-01-28,6.0,0,True,False
2016-01-22,2016Q1,4,diag4,student_t_ar1,1.1904395343017127,1.183409539768364,-0.6235607883875205,0.7677330054094111,2.3383061524439253,2.3113866073886387,-1.1478666181422126,2016-04-28,6.0,0,True,False
2016-01-22,2016Q2,-9,diag4,student_t_ar1,2.5303403967485316,2.4988572660586446,-0.06838057946461465,0.8223150037866849,1.2906967702374539,1.2824382650696664,1.2396436265110777,2016-07-28,6.0,0,True,False
2016-01-29,2016Q1,5,diag4,student_t_ar1,1.1711555299560805,1.1643505830548777,-0.6259387304315855,0.7666779786286281,2.3383061524439253,2.3113866073886387,-1.1671506224878447,2016-04-28,6.0,0,True,False
2016-01-29,2016Q2,-8,diag4,student_t_ar1,2.5521174375370492,2.5200946172200522,-0.05294467747623325,0.8201608531389657,1.2906967702374539,1.2824382650696664,1.2614206672995953,2016-07-28,6.0,0,True,False
2016-02-05,2016Q1,6,diag4,student_t_ar1,0.9906376448333587,0.9857629970765787,-0.7014173031698602,0.7554937265004354,2.3383061524439253,2.3113866073886387,-1.3476685076105666,2016-04-28,14.0,11,False,True
2016-02-05,2016Q2,-7,diag4,student_t_ar1,2.4330461438612394,2.403919080427295,-0.1020453115219041,0.8164233037527384,1.2906967702374539,1.2824382650696664,1.1423493736237855,2016-07-28,14.0,0,True,False
2016-02-12,2016Q1,7,diag4,student_t_ar1,0.990543743623995,0.9856700169199857,-0.7014566004674533,0.7554934297672056,2.3383061524439253,2.3113866073886387,-1.3477624088199303,2016-04-28,4.0,0,True,False
2016-02-12,2016Q2,-6,diag4,student_t_ar1,2.4330608135371357,2.403933401659925,-0.1020392587708529,0.816423348777953,1.2906967702374539,1.2824382650696664,1.1423640432996818,2016-07-28,4.0,0,True,False
2016-02-19,2016Q1,8,diag4,student_t_ar1,1.9282943681440123,1.9099383687603053,-0.31082219191151966,0.7129127610297338,2.3383061524439253,2.3113866073886387,-0.4100117842999129,2016-04-28,11.0,0,True,False
2016-02-19,2016Q2,-5,diag4,student_t_ar1,2.4685980863745405,2.4386205519587913,-0.08737902030817166,0.8142498397704623,1.2906967702374539,1.2824382650696664,1.1779013161370866,2016-07-28,11.0,0,True,False
2016-02-26,2016Q1,9,diag4,student_t_ar1,1.9288229829339976,1.9104569817936456,-0.3106030043831953,0.7129122856959343,2.3383061524439253,2.3113866073886387,-0.4094831695099277,2016-04-28,4.0,0,True,False
2016-02-26,2016Q2,-4,diag4,student_t_ar1,2.468632395000858,2.438654034041313,-0.08736486938168266,0.8142498742097558,1.2906967702374539,1.2824382650696664,1.1779356247634043,2016-07-28,4.0,0,True,False
2016-03-04,2016Q1,10,diag4,student_t_ar1,2.0487468590135727,2.0280423515870503,-0.2609065160282495,0.7103801281726528,2.3383061524439253,2.3113866073886387,-0.2895592934303526,2016-04-28,9.0,2,True,True
2016-03-04,2016Q2,-3,diag4,student_t_ar1,2.642114845784471,2.6078138606089087,-0.015870861530948372,0.809421713569378,1.2906967702374539,1.2824382650696664,1.3514180755470173,2016-07-28,9.0,0,True,False
2016-03-11,2016Q1,11,diag4,student_t_ar1,2.1485025815197067,2.125747615213538,-0.21961219085359668,0.7094764603414095,2.3383061524439253,2.3113866073886387,-0.1898035709242185,2016-04-28,7.0,0,True,False
2016-03-11,2016Q2,-2,diag4,student_t_ar1,2.800013441832361,2.7615297790088866,0.049095905696608315,0.8072314015121504,1.2906967702374539,1.2824382650696664,1.509316671594907,2016-07-28,7.0,0,True,False
2016-03-18,2016Q1,12,diag4,student_t_ar1,1.455657984083003,1.4451649887603373,-0.5072548340628287,0.6910252952334364,2.3383061524439253,2.3113866073886387,-0.8826481683609222,2016-04-28,12.0,0,True,False
2016-03-18,2016Q2,-1,diag4,student_t_ar1,2.288053405874124,2.2622700148943724,-0.16191212274267117,0.7985488280060388,1.2906967702374539,1.2824382650696664,0.9973566356366703,2016-07-28,12.0,0,True,False
2016-03-25,2016Q1,13,diag4,student_t_ar1,1.4827774830002305,1.4718918126034717,-0.49595896203199114,0.6910702921544709,2.3383061524439253,2.3113866073886387,-0.8555286694436948,2016-04-28,0.0,0,True,False
2016-03-25,2016Q2,0,diag4,student_t_ar1,2.4049679093274934,2.3765040180040513,-0.11363206192172529,0.7982311709353392,1.2906967702374539,1.2824382650696664,1.1142711390900395,2016-07-28,0.0,0,True,False
2016-04-01,2016Q1,14,diag4,student_t_ar1,1.5258200348711615,1.5142964723490981,-0.478036981746973,0.6910987600993328,2.3383061524439253,2.3113866073886387,-0.8124861175727638,2016-04-28,11.0,12,True,True
2016-04-01,2016Q2,1,diag4,student_t_ar1,2.581176491204107,2.54842649188057,-0.0409704439332846,0.7956427597687022,1.2906967702374539,1.2824382650696664,1.290479720966653,2016-07-28,11.0,0,True,False
2016-04-01,2016Q3,-12,diag4,student_t_ar1,2.7772189155280236,2.739353659468451,0.03972335136918258,0.822792251934358,2.8678981414693494,2.827543676441542,-0.09067922594132583,2016-10-28,11.0,0,True,False
2016-04-08,2016Q1,15,diag4,student_t_ar1,1.5600232759873434,1.5479800032953865,-0.4638009147399399,0.6906548373766774,2.3383061524439253,2.3113866073886387,-0.7782828764565819,2016-04-28,9.0,0,True,False
2016-04-08,2016Q2,2,diag4,student_t_ar1,2.698255853431464,2.662494787554432,0.00723958200433467,0.7914208144975065,1.2906967702374539,1.2824382650696664,1.40755908319401,2016-07-28,9.0,0,True,False
2016-04-08,2016Q3,-11,diag4,student_t_ar1,2.8680430899708176,2.827684583762458,0.07705568921249925,0.8208016317714835,2.8678981414693494,2.827543676441542,0.0001449485014681784,2016-10-28,9.0,0,True,False
2016-04-15,2016Q1,16,diag4,student_t_ar1,1.5331222707491987,1.5214887051050343,-0.4749972437929279,0.6901903922853463,2.3383061524439253,2.3113866073886387,-0.8051838816947265,2016-04-28,6.0,0,True,False
2016-04-15,2016Q2,3,diag4,student_t_ar1,2.644567694407729,2.6102035418030662,-0.014860882450675478,0.7887750497792027,1.2906967702374539,1.2824382650696664,1.353870924170275,2016-07-28,6.0,0,True,False
2016-04-15,2016Q3,-10,diag4,student_t_ar1,2.859306727855926,2.8191914377341094,0.07346613097548167,0.8206811787039096,2.8678981414693494,2.827543676441542,-0.008591413613423526,2016-10-28,6.0,0,True,False
2016-04-22,2016Q1,17,diag4,student_t_ar1,1.114497804289738,1.1083330393348556,-0.6496140840410183,0.6859781333601142,2.3383061524439253,2.3113866073886387,-1.2238083481541873,2016-04-28,6.0,0,True,False
2016-04-22,2016Q2,4,diag4,student_t_ar1,1.6111106131171615,1.5982699605630326,-0.4425462783841298,0.7651745633034099,1.2906967702374539,1.2824382650696664,0.32041384287970764,2016-07-28,6.0,0,True,False
2016-04-22,2016Q3,-9,diag4,student_t_ar1,2.6979476444104034,2.662194675852435,0.007112742264580515,0.8198134460192011,2.8678981414693494,2.827543676441542,-0.16995049705894605,2016-10-28,6.0,0,True,False
2016-04-29,2016Q2,5,diag4,student_t_ar1,1.5951930451946206,1.582603548971918,-0.44981979888323803,0.7646595950728869,1.2906967702374539,1.2824382650696664,0.3044962749571667,2016-07-28,6.0,0,True,False
2016-04-29,2016Q3,-8,diag4,student_t_ar1,2.797790894902974,2.75936774528811,0.049507436558068385,0.8177410617466208,2.8678981414693494,2.827543676441542,-0.07010724656637546,2016-10-28,6.0,0,True,False
2016-05-06,2016Q2,6,diag4,student_t_ar1,1.7771692677883477,1.7615622522006613,-0.3738836386728034,0.7547727028806324,1.2906967702374539,1.2824382650696664,0.48647249755089383,2016-07-28,14.0,11,False,True
2016-05-06,2016Q3,-7,diag4,student_t_ar1,2.9372814750567633,2.894969905796266,0.1070464508638812,0.816550752277515,2.8678981414693494,2.827543676441542,0.06938333358741389,2016-10-28,14.0,0,True,False
2016-05-13,2016Q2,7,diag4,student_t_ar1,1.8021665566023248,1.7861200383220899,-0.36346322352849625,0.7539558654581835,1.2906967702374539,1.2824382650696664,0.511469786364871,2016-07-28,6.0,0,True,False
2016-05-13,2016Q3,-6,diag4,student_t_ar1,2.96672255561643,2.923566805500967,0.11918075178537511,0.8163811279024237,2.8678981414693494,2.827543676441542,0.09882441414708065,2016-10-28,6.0,0,True,False
2016-05-20,2016Q2,8,diag4,student_t_ar1,1.9083878206024085,1.8904065088505675,-0.319212153360039,0.7152215638380393,1.2906967702374539,1.2824382650696664,0.6176910503649546,2016-07-28,9.0,0,True,False
2016-05-20,2016Q3,-5,diag4,student_t_ar1,2.833727552283438,2.794320225353129,0.06433855165939291,0.8148875340874875,2.8678981414693494,2.827543676441542,-0.034170589185911204,2016-10-28,9.0,0,True,False
2016-05-27,2016Q2,9,diag4,student_t_ar1,1.9099892163841892,1.8919779037415383,-0.3185453755390012,0.7152191223547602,1.2906967702374539,1.2824382650696664,0.6192924461467353,2016-07-28,4.0,0,True,False
2016-05-27,2016Q3,-4,diag4,student_t_ar1,2.8338203288974295,2.794410445336746,0.06437683400613858,0.8148871597646028,2.8678981414693494,2.827543676441542,-0.034077812571919885,2016-10-28,4.0,0,True,False
2016-06-03,2016Q2,10,diag4,student_t_ar1,1.93457130931316,1.916096372230215,-0.30831137264255914,0.7123564150077041,1.2906967702374539,1.2824382650696664,0.6438745390757061,2016-07-28,9.0,3,True,True
2016-06-03,2016Q3,-3,diag4,student_t_ar1,2.8582086097062698,2.818123839627194,0.07443895490601452,0.8103505955343279,2.8678981414693494,2.827543676441542,-0.009689531763079628,2016-10-28,9.0,0,True,False
2016-06-10,2016Q2,11,diag4,student_t_ar1,1.8269483778440954,1.8104601935814326,-0.3531351540019874,0.7120076428881341,1.2906967702374539,1.2824382650696664,0.5362516076066415,2016-07-28,7.0,0,True,False
2016-06-10,2016Q3,-2,diag4,student_t_ar1,2.6901027455603854,2.654555576266141,0.005033300820270495,0.8084888933707747,2.8678981414693494,2.827543676441542,-0.17779539590896398,2016-10-28,7.0,0,True,False
2016-06-17,2016Q2,12,diag4,student_t_ar1,1.6002255478849259,1.587556911332327,-0.4477179770048152,0.6926857431351318,1.2906967702374539,1.2824382650696664,0.309528777647472,2016-07-28,10.0,0,True,False
2016-06-17,2016Q3,-1,diag4,student_t_ar1,2.6278746228976857,2.593939233395764,-0.02068756237626315,0.7994536436668498,2.8678981414693494,2.827543676441542,-0.2400235185716637,2016-10-28,10.0,0,True,False
2016-06-24,2016Q2,13,diag4,student_t_ar1,1.6059581866147532,1.5931991005866055,-0.4453238705466182,0.69265770771098,1.2906967702374539,1.2824382650696664,0.3152614163772993,2016-07-28,2.0,0,True,False
2016-06-24,2016Q3,0,diag4,student_t_ar1,2.6546821735004444,2.620056942736,-0.009605237096700024,0.7985626253963701,2.8678981414693494,2.827543676441542,-0.21321596796890496,2016-10-28,2.0,0,True,False
2016-07-01,2016Q2,14,diag4,student_t_ar1,1.6481082609949738,1.634674359331604,-0.42772499529770774,0.6927576304132517,1.2906967702374539,1.2824382650696664,0.3574114907575199,2016-07-28,11.0,13,True,True
2016-07-01,2016Q3,1,diag4,student_t_ar1,2.8173859185000927,2.7784276453987093,0.05759497632160463,0.7958031157542329,2.8678981414693494,2.827543676441542,-0.050512222969256726,2016-10-28,11.0,0,True,False
2016-07-01,2016Q4,-13,diag4,student_t_ar1,2.754383405554428,2.7171327359611324,0.03158618223022941,0.8234434822843671,2.235699518586598,2.211074114484348,0.5186838869678301,2017-01-28,11.0,0,True,False
2016-07-08,2016Q2,15,diag4,student_t_ar1,1.7470453323116697,1.731959940990818,-0.38644455806970235,0.6936979197747527,1.2906967702374539,1.2824382650696664,0.4563485620742158,2016-07-28,9.0,0,True,False
2016-07-08,2016Q3,2,diag4,student_t_ar1,3.18645184353874,3.1367377855455705,0.2096339423865151,0.798728075602537,2.8678981414693494,2.827543676441542,0.3185537020693907,2016-10-28,9.0,0,True,False
2016-07-08,2016Q4,-12,diag4,student_t_ar1,3.0248694880680382,2.9800224437327176,0.14313613541412726,0.8219377365452072,2.235699518586598,2.211074114484348,0.7891699694814402,2017-01-28,9.0,0,True,False
2016-07-15,2016Q2,16,diag4,student_t_ar1,1.7808729161856052,1.7652011635970526,-0.3723395675893494,0.6931456186707208,1.2906967702374539,1.2824382650696664,0.4901761459481513,2016-07-28,6.0,0,True,False
2016-07-15,2016Q3,3,diag4,student_t_ar1,3.2978496265990476,3.244637314056839,0.2554181134597108,0.7956080954983252,2.8678981414693494,2.827543676441542,0.42995148512969816,2016-10-28,6.0,0,True,False
2016-07-15,2016Q4,-11,diag4,student_t_ar1,3.0443543260870953,2.998933407453032,0.15116047815293215,0.8218203620985252,2.235699518586598,2.211074114484348,0.8086548075004973,2017-01-28,6.0,0,True,False
2016-07-22,2016Q2,17,diag4,student_t_ar1,1.7262980877518652,1.7115668572747942,-0.39509779730482036,0.6877313449534369,1.2906967702374539,1.2824382650696664,0.43560131751441133,2016-07-28,6.0,0,True,False
2016-07-22,2016Q3,4,diag4,student_t_ar1,3.0100780780809577,2.9656642873255343,0.13704365013349398,0.7665538430056243,2.8678981414693494,2.827543676441542,0.14217993661160833,2016-10-28,6.0,0,True,False
2016-07-22,2016Q4,-10,diag4,student_t_ar1,2.920492342408787,2.8786585152921687,0.10012516488992734,0.8204897694299359,2.235699518586598,2.211074114484348,0.684792823822189,2017-01-28,6.0,0,True,False
2016-07-29,2016Q3,5,diag4,student_t_ar1,3.000059395581589,2.9559378897510142,0.1378670728069675,0.7655033769845292,2.8678981414693494,2.827543676441542,0.13216125411223967,2016-10-28,6.0,0,True,False
2016-07-29,2016Q4,-9,diag4,student_t_ar1,2.8728946454840143,2.8324007628248227,0.08530657482340871,0.8184050733852676,2.235699518586598,2.211074114484348,0.6371951268974163,2017-01-28,6.0,0,True,False
2016-08-05,2016Q3,6,diag4,student_t_ar1,3.0248407931518395,2.9799945913118955,0.14810231338073634,0.7594993602640271,2.8678981414693494,2.827543676441542,0.1569426516824901,2016-10-28,14.0,12,False,True
2016-08-05,2016Q4,-8,diag4,student_t_ar1,2.912727574897933,2.871113797760499,0.1017775454967816,0.815163653240986,2.235699518586598,2.211074114484348,0.6770280563113351,2017-01-28,14.0,0,True,False
2016-08-12,2016Q3,7,diag4,student_t_ar1,3.024846511616297,2.9800001418803315,0.14810467494319407,0.7595080674021276,2.8678981414693494,2.827543676441542,0.15694837014694762,2016-10-28,4.0,0,True,False
2016-08-12,2016Q4,-7,diag4,student_t_ar1,2.9128316362619033,2.871214913836053,0.10182056666311051,0.8151640122208468,2.235699518586598,2.211074114484348,0.6771321176753053,2017-01-28,4.0,0,True,False
2016-08-19,2016Q3,8,diag4,student_t_ar1,2.82594997684944,2.7867566858872035,0.0658867010289135,0.7134326271971628,2.8678981414693494,2.827543676441542,-0.041948164619909356,2016-10-28,11.0,0,True,False
2016-08-19,2016Q4,-6,diag4,student_t_ar1,2.791806778319428,2.7535463256706136,0.051756915800540704,0.8138341352885312,2.235699518586598,2.211074114484348,0.5561072597328298,2017-01-28,11.0,0,True,False
2016-08-26,2016Q3,9,diag4,student_t_ar1,2.8296253908541846,2.79033102516643,0.06740745075940202,0.7128304819458818,2.8678981414693494,2.827543676441542,-0.038272750615164775,2016-10-28,4.0,0,True,False
2016-08-26,2016Q4,-5,diag4,student_t_ar1,2.798319899971391,2.7598823513926565,0.05445266140733442,0.81284716952425,2.235699518586598,2.211074114484348,0.562620381384793,2017-01-28,4.0,0,True,False
2016-09-02,2016Q3,10,diag4,student_t_ar1,2.643844413004448,2.6094988927721046,-0.009529962037588545,0.7143027189309533,2.8678981414693494,2.827543676441542,-0.22405372846490135,2016-10-28,8.0,3,True,True
2016-09-02,2016Q4,-4,diag4,student_t_ar1,2.5051711321874226,2.4743061387930663,-0.06704950008830286,0.8114764186055856,2.235699518586598,2.211074114484348,0.2694716136008246,2017-01-28,8.0,0,True,False
2016-09-09,2016Q3,11,diag4,student_t_ar1,2.5622772001342,2.530001052722454,-0.04335336529775513,0.7133825549949203,2.8678981414693494,2.827543676441542,-0.3056209413351496,2016-10-28,8.0,0,True,False
2016-09-09,2016Q4,-3,diag4,student_t_ar1,2.366922163823282,2.3393448689349046,-0.1244705501704909,0.8089907625858069,2.235699518586598,2.211074114484348,0.1312226452366838,2017-01-28,8.0,0,True,False
2016-09-16,2016Q3,12,diag4,student_t_ar1,2.493903608377046,2.4633133830101683,-0.07172651284177245,0.7114728414279009,2.8678981414693494,2.827543676441542,-0.37399453309230335,2016-10-28,8.0,0,True,False
2016-09-16,2016Q4,-2,diag4,student_t_ar1,2.2752108473696353,2.2497139398158557,-0.16260520965663022,0.8069497399647098,2.235699518586598,2.211074114484348,0.039511328783037314,2017-01-28,8.0,0,True,False
2016-09-23,2016Q3,13,diag4,student_t_ar1,2.5566561589650094,2.5245202898513175,-0.04568522805840387,0.6910585017027707,2.8678981414693494,2.827543676441542,-0.31124198250434,2016-10-28,4.0,0,True,False
2016-09-23,2016Q4,-1,diag4,student_t_ar1,2.469864438302216,2.4398563882308917,-0.0817066002654756,0.797216603597762,2.235699518586598,2.211074114484348,0.23416491971561815,2017-01-28,4.0,0,True,False
2016-09-30,2016Q3,14,diag4,student_t_ar1,2.5617982130866856,2.5295340309488723,-0.04355206586332089,0.6910547281340297,2.8678981414693494,2.827543676441542,-0.30609992838266376,2016-10-28,8.0,0,True,False
2016-09-30,2016Q4,0,diag4,student_t_ar1,2.4865725103737635,2.456160411034284,-0.074769838993752,0.7971678881668876,2.235699518586598,2.211074114484348,0.2508729917871655,2017-01-28,8.0,0,True,False
2016-10-07,2016Q3,15,diag4,student_t_ar1,2.702324609288853,2.666456563951323,0.01470342945897898,0.6913438098969837,2.8678981414693494,2.827543676441542,-0.1655735321804963,2016-10-28,12.0,24,True,True
2016-10-07,2016Q4,1,diag4,student_t_ar1,3.033570464972013,2.988467598331707,0.15170726583074404,0.794966608106367,2.235699518586598,2.211074114484348,0.797870946385415,2017-01-28,12.0,0,True,False
2016-10-07,2017Q1,-12,diag4,student_t_ar1,3.1119245500816017,3.064485838630496,0.18405022754075198,0.8217284881768019,1.9618307902452337,1.942834932414497,1.150093759836368,2017-04-28,12.0,0,True,False
2016-10-14,2016Q3,16,diag4,student_t_ar1,2.712598799303345,2.676459917020878,0.018959487794828714,0.6908511398997778,2.8678981414693494,2.827543676441542,-0.15529934216600427,2016-10-28,6.0,0,True,False
2016-10-14,2016Q4,2,diag4,student_t_ar1,3.089661327883042,3.0428921906570543,0.17486292556113037,0.7921086285931109,2.235699518586598,2.211074114484348,0.853961809296444,2017-01-28,6.0,0,True,False
2016-10-14,2017Q1,-11,diag4,student_t_ar1,3.1248090349218938,3.076980688246362,0.1893663259022752,0.8216033186205981,1.9618307902452337,1.942834932414497,1.1629782446766601,2017-04-28,6.0,0,True,False
2016-10-21,2016Q3,17,diag4,student_t_ar1,2.4600650980604266,2.4302927873733378,-0.08577556022995156,0.6859960147971723,2.8678981414693494,2.827543676441542,-0.4078330434089228,2016-10-28,6.0,0,True,False
2016-10-21,2016Q4,3,diag4,student_t_ar1,2.369424182457891,2.341789006167387,-0.12343065978874222,0.7652004282334779,2.235699518586598,2.211074114484348,0.133724663871293,2017-01-28,6.0,0,True,False
2016-10-21,2017Q1,-10,diag4,student_t_ar1,2.966042148561021,2.922906000449962,0.12381322038057617,0.8203200039793778,1.9618307902452337,1.942834932414497,1.0042113583157875,2017-04-28,6.0,0,True,False
2016-10-28,2016Q4,4,diag4,student_t_ar1,2.368069392757466,2.3404655654269515,-0.12514333103698455,0.7641653343506409,2.235699518586598,2.211074114484348,0.13236987417086787,2017-01-28,6.0,0,True,False
2016-10-28,2017Q1,-9,diag4,student_t_ar1,2.9998231852559343,2.9557085592070402,0.13765764608392203,0.8182337116296242,1.9618307902452337,1.942834932414497,1.0379923950107006,2017-04-28,6.0,0,True,False
2016-11-04,2016Q4,5,diag4,student_t_ar1,2.456784171228965,2.427090584291024,-0.0881414637573184,0.7582551981883447,2.235699518586598,2.211074114484348,0.2210846526423671,2017-01-28,13.0,11,False,True
2016-11-04,2017Q1,-8,diag4,student_t_ar1,3.0590924318900425,3.013235066217021,0.16223008722573765,0.8168297171536564,1.9618307902452337,1.942834932414497,1.0972616416448089,2017-04-28,13.0,0,True,False
2016-11-11,2016Q4,6,diag4,student_t_ar1,2.3345790292631063,2.307744578130182,-0.13912009716172874,0.7537998109226036,2.235699518586598,2.211074114484348,0.09887951067650835,2017-01-28,5.0,0,True,False
2016-11-11,2017Q1,-7,diag4,student_t_ar1,2.9644325477147904,2.9213427535836196,0.12297829599186674,0.8153215714247309,1.9618307902452337,1.942834932414497,1.0026017574695567,2017-04-28,5.0,0,True,False
2016-11-18,2016Q4,7,diag4,student_t_ar1,2.1924146880690776,2.1687268753755253,-0.1985014936024434,0.7129923627437981,2.235699518586598,2.211074114484348,-0.04328483051752041,2017-01-28,11.0,0,True,False
2016-11-18,2017Q1,-6,diag4,student_t_ar1,2.9937942618784463,2.949855054177189,0.13515732205426403,0.8138619939951403,1.9618307902452337,1.942834932414497,1.0319634716332127,2017-04-28,11.0,0,True,False
2016-11-25,2016Q4,8,diag4,student_t_ar1,2.1947526335940992,2.1710146369368326,-0.1975242765031681,0.7124106933574067,2.235699518586598,2.211074114484348,-0.04094688499249877,2017-01-28,0.0,0,True,False
2016-11-25,2017Q1,-5,diag4,student_t_ar1,2.9976809559238538,2.953628699704762,0.13676923432629315,0.8128561422930691,1.9618307902452337,1.942834932414497,1.03585016567862,2017-04-28,0.0,0,True,False
2016-12-02,2016Q4,9,diag4,student_t_ar1,2.2417688424887228,2.217010537653655,-0.17787713257119217,0.7107095061314983,2.235699518586598,2.211074114484348,0.006069323902124779,2017-01-28,11.0,3,True,True
2016-12-02,2017Q1,-4,diag4,student_t_ar1,3.0705930368735146,3.0243936773304623,0.16699648673547782,0.8096447902909996,1.9618307902452337,1.942834932414497,1.108762246628281,2017-04-28,11.0,0,True,False
2016-12-09,2016Q4,10,diag4,student_t_ar1,2.2472104057513542,2.2223326467315405,-0.17560379426396666,0.7086323421280918,2.235699518586598,2.211074114484348,0.011510887164756234,2017-01-28,9.0,0,True,False
2016-12-09,2017Q1,-3,diag4,student_t_ar1,3.0904606948666924,3.043667597108272,0.17522933944857805,0.8068673845701475,1.9618307902452337,1.942834932414497,1.1286299046214587,2017-04-28,9.0,0,True,False
2016-12-16,2016Q4,11,diag4,student_t_ar1,2.161016810483618,2.137997880415879,-0.21162738041949017,0.7067146574572619,2.235699518586598,2.211074114484348,-0.07468270810297994,2017-01-28,8.0,0,True,False
2016-12-16,2017Q1,-2,diag4,student_t_ar1,3.011108699706133,2.9666647879452164,0.14233759798432827,0.80569620307851,1.9618307902452337,1.942834932414497,1.0492779094608995,2017-04-28,8.0,0,True,False
2016-12-23,2016Q4,12,diag4,student_t_ar1,1.6371835704043214,1.623926222560128,-0.43121303252842746,0.6908758227122402,2.235699518586598,2.211074114484348,-0.5985159481822766,2017-01-28,4.0,0,True,False
2016-12-23,2017Q1,-1,diag4,student_t_ar1,2.7991261166143033,2.760666618569646,0.05434550259385512,0.7983925428750981,1.9618307902452337,1.942834932414497,0.8372953263690697,2017-04-28,4.0,0,True,False
2016-12-30,2016Q4,13,diag4,student_t_ar1,1.6283877156959115,1.6152716780071634,-0.43490982028228925,0.6908721601575604,2.235699518586598,2.211074114484348,-0.6073118028906865,2017-01-28,8.0,0,True,False
2016-12-30,2017Q1,0,diag4,student_t_ar1,2.764888750471073,2.7273559571856896,0.04011685724762887,0.7983912455397018,1.9618307902452337,1.942834932414497,0.8030579602258392,2017-04-28,8.0,0,True,False
2017-01-06,2016Q4,14,diag4,student_t_ar1,1.6844604955346787,1.6704307904329543,-0.4113486114767143,0.6906097262677313,2.235699518586598,2.211074114484348,-0.5512390230519193,2017-01-28,10.0,8,True,True
2017-01-06,2017Q1,1,diag4,student_t_ar1,3.0082598151105033,2.9638991406021065,0.1411562520259201,0.7926427848539751,1.9618307902452337,1.942834932414497,1.0464290248652697,2017-04-28,10.0,0,True,False
2017-01-06,2017Q2,-12,diag4,student_t_ar1,3.065871871303538,3.019813055873801,0.16503987478410018,0.8219566769297441,2.258367983115228,2.233244405190973,0.8075038881883101,2017-07-28,10.0,0,True,False
2017-01-13,2016Q4,15,diag4,student_t_ar1,1.683725809564307,1.669708272340313,-0.41165723500051427,0.6903730478424707,2.235699518586598,2.211074114484348,-0.5519737090222909,2017-01-28,6.0,0,True,False
2017-01-13,2017Q1,2,diag4,student_t_ar1,3.0238461029223673,2.9790291008305405,0.14761901287331006,0.7911074836373714,1.9618307902452337,1.942834932414497,1.0620153126771337,2017-04-28,6.0,0,True,False
2017-01-13,2017Q2,-11,diag4,student_t_ar1,3.068117578812557,3.021991937207334,0.16597058370605738,0.8218711888490693,2.258367983115228,2.233244405190973,0.8097495956973289,2017-07-28,6.0,0,True,False
2017-01-20,2016Q4,16,diag4,student_t_ar1,1.8236865475557806,1.8072568347607767,-0.3529033816919555,0.6858021179868401,2.235699518586598,2.211074114484348,-0.41201297103081735,2017-01-28,8.0,0,True,False
2017-01-20,2017Q1,3,diag4,student_t_ar1,3.4318172980489337,3.3742439565827267,0.31643499503709427,0.7650839821707748,1.9618307902452337,1.942834932414497,1.4699865078037,2017-04-28,8.0,0,True,False
2017-01-20,2017Q2,-10,diag4,student_t_ar1,3.1594498059160703,3.1105661605596184,0.20380505346846492,0.8205470592919516,2.258367983115228,2.233244405190973,0.9010818228008421,2017-07-28,8.0,0,True,False
2017-01-27,2016Q4,17,diag4,student_t_ar1,1.8226401075720267,1.8062291314862327,-0.35334236503263705,0.6858013881957632,2.235699518586598,2.211074114484348,-0.41305941101457133,2017-01-28,4.0,0,True,False
2017-01-27,2017Q1,4,diag4,student_t_ar1,3.431371893704349,3.373813329610071,0.3162510527730901,0.765083931059083,1.9618307902452337,1.942834932414497,1.4695411034591155,2017-04-28,4.0,0,True,False
2017-01-27,2017Q2,-9,diag4,student_t_ar1,3.1593180295504286,3.110438420008408,0.20375048910606594,0.8205470538797142,2.258367983115228,2.233244405190973,0.9009500464352005,2017-07-28,4.0,0,True,False
2017-02-03,2017Q1,5,diag4,student_t_ar1,3.630824322013382,3.566463164917012,0.4014834064720007,0.7626135134154225,1.9618307902452337,1.942834932414497,1.6689935317681481,2017-04-28,12.0,3,True,True
2017-02-03,2017Q2,-8,diag4,student_t_ar1,3.33768476176981,3.2831932534136805,0.280021054986777,0.8170202581915177,2.258367983115228,2.233244405190973,1.079316778654582,2017-07-28,12.0,0,True,False
2017-02-10,2017Q1,6,diag4,student_t_ar1,3.5948179957935977,3.5317123240660524,0.3865827104416823,0.7557533847608175,1.9618307902452337,1.942834932414497,1.632987205548364,2017-04-28,7.0,0,True,False
2017-02-10,2017Q2,-7,diag4,student_t_ar1,3.3103852893554997,3.256772031510808,0.26869198821648554,0.8155351870966923,2.258367983115228,2.233244405190973,1.0520173062402716,2017-07-28,7.0,0,True,False
2017-02-17,2017Q1,7,diag4,student_t_ar1,2.7815996737996507,2.7436159512079694,0.04865752051838681,0.7143110251594768,1.9618307902452337,1.942834932414497,0.819768883554417,2017-04-28,10.0,0,True,False
2017-02-17,2017Q2,-6,diag4,student_t_ar1,3.461757650198738,3.4031867136173983,0.3314726467278249,0.814809075691492,2.258367983115228,2.233244405190973,1.2033896670835098,2017-07-28,10.0,0,True,False
2017-02-24,2017Q1,8,diag4,student_t_ar1,2.791951206026466,2.753686830648687,0.05297577900161913,0.7142721940401632,1.9618307902452337,1.942834932414497,0.8301204157812325,2017-04-28,2.0,0,True,False
2017-02-24,2017Q2,-5,diag4,student_t_ar1,3.4749036037542647,3.415892005655599,0.33692050611774876,0.8147698443113961,2.258367983115228,2.233244405190973,1.2165356206390365,2017-07-28,2.0,0,True,False
2017-03-03,2017Q1,9,diag4,student_t_ar1,2.8705073611495324,2.830080120401977,0.0857322004721626,0.7124607705235316,1.9618307902452337,1.942834932414497,0.9086765709042988,2017-04-28,12.0,5,True,True
2017-03-03,2017Q2,-4,diag4,student_t_ar1,3.595173140423702,3.532055144323107,0.3867297071853098,0.8097913754694321,2.258367983115228,2.233244405190973,1.3368051573084738,2017-07-28,12.0,0,True,False
2017-03-10,2017Q1,10,diag4,student_t_ar1,2.812919453404028,2.7740834753225276,0.06172158758872033,0.7095389906418187,1.9618307902452337,1.942834932414497,0.8510886631587944,2017-04-28,8.0,0,True,False
2017-03-10,2017Q2,-3,diag4,student_t_ar1,3.5022225800874773,3.442290069050877,0.3482396428295514,0.8069042830148256,2.258367983115228,2.233244405190973,1.2438545969722492,2017-07-28,8.0,0,True,False
2017-03-17,2017Q1,11,diag4,student_t_ar1,2.02741562841402,2.007137185185221,-0.2671347295844163,0.690480338393809,1.9618307902452337,1.942834932414497,0.06558483816878624,2017-04-28,10.0,0,True,False
2017-03-17,2017Q2,-2,diag4,student_t_ar1,2.9502408416148818,2.9075586886709224,0.11895397486292361,0.7980839491775505,2.258367983115228,2.233244405190973,0.6918728584996536,2017-07-28,10.0,0,True,False
2017-03-24,2017Q1,12,diag4,student_t_ar1,2.0160122675089154,1.995959799042888,-0.27192744335024166,0.690356313314113,1.9618307902452337,1.942834932414497,0.05418147726368172,2017-04-28,2.0,0,True,False
2017-03-24,2017Q2,-1,diag4,student_t_ar1,2.9022811826615813,2.8609625533897702,0.09897417492110815,0.7966003886841131,2.258367983115228,2.233244405190973,0.6439131995463532,2017-07-28,2.0,0,True,False
2017-03-31,2017Q1,13,diag4,student_t_ar1,2.0147280057607686,1.994700908596837,-0.2724672387454819,0.6903519829724786,1.9618307902452337,1.942834932414497,0.052897215515534945,2017-04-28,8.0,0,True,False
2017-03-31,2017Q2,0,diag4,student_t_ar1,2.8915149593221834,2.8504994358895677,0.09448773000115106,0.7965677913488741,2.258367983115228,2.233244405190973,0.6331469762069553,2017-07-28,8.0,0,True,False
2017-04-07,2017Q1,14,diag4,student_t_ar1,1.9819713613385748,1.9625860314391637,-0.28623766877996243,0.6900646214974736,1.9618307902452337,1.942834932414497,0.02014057109334111,2017-04-28,12.0,2,True,True
2017-04-07,2017Q2,1,diag4,student_t_ar1,2.784786689026686,2.7467166675105403,0.04998706622057622,0.7918756334942361,2.258367983115228,2.233244405190973,0.5264187059114578,2017-07-28,12.0,0,True,False
2017-04-07,2017Q3,-12,diag4,student_t_ar1,3.0172637908193467,2.972639781622679,0.14685987755903757,0.8220049719732917,3.1915992394406345,3.1417261027391388,-0.1743354486212878,2017-10-28,12.0,0,True,False
2017-04-14,2017Q1,15,diag4,student_t_ar1,1.9545300154767853,1.9356743742888782,-0.29777702762852604,0.689571571545068,1.9618307902452337,1.942834932414497,-0.00730077476844837,2017-04-28,6.0,0,True,False
2017-04-14,2017Q2,2,diag4,student_t_ar1,2.702366416786117,2.666497271392866,0.015590061485879029,0.7890777227238148,2.258367983115228,2.233244405190973,0.4439984336708891,2017-07-28,6.0,0,True,False
2017-04-14,2017Q3,-11,diag4,student_t_ar1,2.996424529931163,2.9524088337384615,0.1381851175404001,0.8218662169786664,3.1915992394406345,3.1417261027391388,-0.19517470950947136,2017-10-28,6.0,0,True,False
2017-04-21,2017Q1,16,diag4,student_t_ar1,2.1853583789346986,2.1618217124203882,-0.2008080720278386,0.6854523708947853,1.9618307902452337,1.942834932414497,0.22352758868946498,2017-04-28,6.0,0,True,False
2017-04-21,2017Q2,3,diag4,student_t_ar1,3.127673664163355,3.079758477104125,0.1927909422886322,0.7658830942388358,2.258367983115228,2.233244405190973,0.869305681048127,2017-07-28,6.0,0,True,False
2017-04-21,2017Q3,-10,diag4,student_t_ar1,3.0018159169885816,2.9576432348158197,0.14042955875231206,0.8207534197206288,3.1915992394406345,3.1417261027391388,-0.18978332245205287,2017-10-28,6.0,0,True,False
2017-04-28,2017Q2,4,diag4,student_t_ar1,3.1233673355270497,3.0755826643508297,0.19397862662773313,0.7648187759291885,2.258367983115228,2.233244405190973,0.8649993524118216,2017-07-28,6.0,0,True,False
2017-04-28,2017Q3,-9,diag4,student_t_ar1,2.977089297575919,2.9336343495315016,0.13289464990637698,0.8186733487728457,3.1915992394406345,3.1417261027391388,-0.21450994186471561,2017-10-28,6.0,0,True,False
2017-05-05,2017Q2,5,diag4,student_t_ar1,2.945730561492166,2.9031775634913393,0.11978831883191125,0.7573241354735132,2.258367983115228,2.233244405190973,0.6873625783769377,2017-07-28,14.0,4,True,True
2017-05-05,2017Q3,-8,diag4,student_t_ar1,2.8896735877496305,2.848709795557907,0.09634945044700133,0.8155283017809368,3.1915992394406345,3.1417261027391388,-0.30192565169100405,2017-10-28,14.0,0,True,False
2017-05-12,2017Q2,6,diag4,student_t_ar1,2.945561091276705,2.9030129424293336,0.11971747819437228,0.7573252648967618,2.258367983115228,2.233244405190973,0.6871931081614768,2017-07-28,4.0,0,True,False
2017-05-12,2017Q3,-7,diag4,student_t_ar1,2.889642751346355,2.848679825195658,0.09633655343647841,0.8155282873010038,3.1915992394406345,3.1417261027391388,-0.30195648809427933,2017-10-28,4.0,0,True,False
2017-05-19,2017Q2,7,diag4,student_t_ar1,4.252008610260849,4.164094174991682,0.6623928650182579,0.7126744759716355,2.258367983115228,2.233244405190973,1.9936406271456208,2017-07-28,11.0,0,True,False
2017-05-19,2017Q3,-6,diag4,student_t_ar1,3.0503333841186864,3.004735651168979,0.16349135166792836,0.8143385803569834,3.1915992394406345,3.1417261027391388,-0.14126585532194813,2017-10-28,11.0,0,True,False
2017-05-26,2017Q2,8,diag4,student_t_ar1,4.333322958545605,4.242061644508726,0.6959442537689027,0.7125642616463546,2.258367983115228,2.233244405190973,2.0749549754303764,2017-07-28,4.0,0,True,False
2017-05-26,2017Q3,-5,diag4,student_t_ar1,3.1882077287884725,3.138439433658193,0.2210274960562824,0.8137745945403576,3.1915992394406345,3.1417261027391388,-0.003391510652162033,2017-10-28,4.0,0,True,False
2017-06-02,2017Q2,9,diag4,student_t_ar1,4.325600777377869,4.234659918253262,0.6927591023645896,0.7103684514981282,2.258367983115228,2.233244405190973,2.067232794262641,2017-07-28,8.0,3,True,True
2017-06-02,2017Q3,-4,diag4,student_t_ar1,3.1715919624099698,3.1223357483093395,0.21409766992745932,0.8117321123760899,3.1915992394406345,3.1417261027391388,-0.02000727703066474,2017-10-28,8.0,0,True,False
2017-06-09,2017Q2,10,diag4,student_t_ar1,4.325307665766109,4.2343789593885655,0.6926381986062561,0.7074783963249358,2.258367983115228,2.233244405190973,2.0669396826508812,2017-07-28,8.0,0,True,False
2017-06-09,2017Q3,-3,diag4,student_t_ar1,3.173995976192945,3.1246658332964663,0.21510036486817483,0.8082036694484545,3.1915992394406345,3.1417261027391388,-0.017603263247689682,2017-10-28,8.0,0,True,False
2017-06-16,2017Q2,11,diag4,student_t_ar1,4.2389402326728165,4.151558016776971,0.6569982367161373,0.7067490459659344,2.258367983115228,2.233244405190973,1.9805722495575884,2017-07-28,8.0,0,True,False
2017-06-16,2017Q3,-2,diag4,student_t_ar1,3.1544592275355,3.105728310891675,0.20695106644778305,0.8073617580069866,3.1915992394406345,3.1417261027391388,-0.03714001190513461,2017-10-28,8.0,0,True,False
2017-06-23,2017Q2,12,diag4,student_t_ar1,4.139707569637796,4.056315369238102,0.6160128986897616,0.6899053399696989,2.258367983115228,2.233244405190973,1.881339586522568,2017-07-28,4.0,0,True,False
2017-06-23,2017Q3,-1,diag4,student_t_ar1,3.071914275508947,3.0256755465118226,0.17250232218418937,0.7990028577038233,3.1915992394406345,3.1417261027391388,-0.1196849639316877,2017-10-28,4.0,0,True,False
2017-06-30,2017Q2,13,diag4,student_t_ar1,4.137506512517319,4.054201785061112,0.6151033695641064,0.6899026868409963,2.258367983115228,2.233244405190973,1.8791385294020913,2017-07-28,8.0,0,True,False
2017-06-30,2017Q3,0,diag4,student_t_ar1,3.060204142008227,3.0143137717401514,0.16761306100099455,0.7990030349928814,3.1915992394406345,3.1417261027391388,-0.1313950974324074,2017-10-28,8.0,0,True,False
2017-07-07,2017Q2,14,diag4,student_t_ar1,4.188474478103532,4.103132759835126,0.6361596147745787,0.6896924848057944,2.258367983115228,2.233244405190973,1.930106494988304,2017-07-28,12.0,26,True,True
2017-07-07,2017Q3,1,diag4,student_t_ar1,3.317922551276764,3.264067510047471,0.27508845834018647,0.7950779755211377,3.1915992394406345,3.1417261027391388,0.12632331183612955,2017-10-28,12.0,0,True,False
2017-07-07,2017Q4,-12,diag4,student_t_ar1,3.263092313556837,3.210983988269513,0.25224526634668143,0.8225687046844771,4.584974811729059,4.482971107757605,-1.3218824981722221,2018-01-28,12.0,0,True,False
2017-07-14,2017Q2,15,diag4,student_t_ar1,4.1803084879647345,4.095294743001,0.6327867164175484,0.6890280534960249,2.258367983115228,2.233244405190973,1.9219405048495064,2017-07-28,6.0,0,True,False
2017-07-14,2017Q3,2,diag4,student_t_ar1,3.2747510792944468,3.2222737021141827,0.25710351787686925,0.791499480695837,3.1915992394406345,3.1417261027391388,0.08315183985381225,2017-10-28,6.0,0,True,False
2017-07-14,2017Q4,-11,diag4,student_t_ar1,3.2434906892013116,3.191999969329912,0.2440759592826256,0.8224246701701895,4.584974811729059,4.482971107757605,-1.3414841225277474,2018-01-28,6.0,0,True,False
2017-07-21,2017Q2,16,diag4,student_t_ar1,4.114233199595496,4.031850650755219,0.6054851069635617,0.6844616194966385,2.258367983115228,2.233244405190973,1.855865216480268,2017-07-28,6.0,0,True,False
2017-07-21,2017Q3,3,diag4,student_t_ar1,3.0108115830669524,2.9663763558805325,0.14698436950734817,0.7657575538129467,3.1915992394406345,3.1417261027391388,-0.1807876563736821,2017-10-28,6.0,0,True,False
2017-07-21,2017Q4,-10,diag4,student_t_ar1,3.1449393392805503,3.0964991145606575,0.20297950810587354,0.8210750912639974,4.584974811729059,4.482971107757605,-1.4400354724485087,2018-01-28,6.0,0,True,False
2017-07-28,2017Q3,4,diag4,student_t_ar1,3.0320274822243753,2.986970033708564,0.15773780002936358,0.7660046890893559,3.1915992394406345,3.1417261027391388,-0.15957175721625916,2017-10-28,6.0,0,True,False
2017-07-28,2017Q4,-9,diag4,student_t_ar1,2.9898337134342867,2.9460095558882378,0.14004469093730412,0.8192423966731457,4.584974811729059,4.482971107757605,-1.5951410982947722,2018-01-28,6.0,0,True,False
2017-08-04,2017Q3,5,diag4,student_t_ar1,2.868980449456071,2.8285958047659885,0.08932715984241578,0.7639933432300383,3.1915992394406345,3.1417261027391388,-0.3226187899845634,2017-10-28,13.0,11,False,True
2017-08-04,2017Q4,-8,diag4,student_t_ar1,2.859574183893643,2.81945145862915,0.08537720802582963,0.8185228119737633,4.584974811729059,4.482971107757605,-1.7254006278354161,2018-01-28,13.0,0,True,False
2017-08-11,2017Q3,6,diag4,student_t_ar1,2.814653820677071,2.775770376787609,0.06650891870382274,0.7584976847310384,3.1915992394406345,3.1417261027391388,-0.37694541876356347,2017-10-28,5.0,0,True,False
2017-08-11,2017Q4,-7,diag4,student_t_ar1,2.8170461218322673,2.7780971592399077,0.06751398548899532,0.8170703986450447,4.584974811729059,4.482971107757605,-1.7679286898967916,2018-01-28,5.0,0,True,False
2017-08-18,2017Q3,7,diag4,student_t_ar1,2.3125153292312906,2.2861818970801804,-0.14497158256563508,0.7165358448749145,3.1915992394406345,3.1417261027391388,-0.879083910209344,2017-10-28,11.0,0,True,False
2017-08-18,2017Q4,-6,diag4,student_t_ar1,2.8228784621866954,2.7837695405810248,0.06996420255727237,0.8160470904785405,4.584974811729059,4.482971107757605,-1.7620963495423636,2018-01-28,11.0,0,True,False
2017-08-25,2017Q3,8,diag4,student_t_ar1,2.320119452786984,2.293613872500239,-0.14176129892457506,0.7160168339348393,3.1915992394406345,3.1417261027391388,-0.8714797866536506,2017-10-28,0.0,0,True,False
2017-08-25,2017Q4,-5,diag4,student_t_ar1,2.8356249986679405,2.796165367919111,0.07531864999172726,0.8150743030538037,4.584974811729059,4.482971107757605,-1.7493498130611185,2018-01-28,0.0,0,True,False
2017-09-01,2017Q3,9,diag4,student_t_ar1,2.593517113182009,2.5604558720892028,-0.026497394294830785,0.7233130524405825,3.1915992394406345,3.1417261027391388,-0.5980821262586256,2017-10-28,11.0,7,True,True
2017-09-01,2017Q4,-4,diag4,student_t_ar1,3.2824122034519787,3.2296916236612057,0.2625827578657472,0.8164537809684141,4.584974811729059,4.482971107757605,-1.3025626082770803,2018-01-28,11.0,0,True,False
2017-09-08,2017Q3,10,diag4,student_t_ar1,2.5296484316604584,2.498182375659957,-0.053396781814179006,0.7175580785698548,3.1915992394406345,3.1417261027391388,-0.6619508077801761,2017-10-28,9.0,0,True,False
2017-09-08,2017Q4,-3,diag4,student_t_ar1,3.1802723123013132,3.130748902149235,0.2198438920435365,0.8118765642295687,4.584974811729059,4.482971107757605,-1.4047024994277457,2018-01-28,9.0,0,True,False
2017-09-15,2017Q3,11,diag4,student_t_ar1,2.5072203440770213,2.47630524906628,-0.06284672986265218,0.7161285188644152,3.1915992394406345,3.1417261027391388,-0.6843788953636132,2017-10-28,6.0,0,True,False
2017-09-15,2017Q4,-2,diag4,student_t_ar1,3.2008780708921325,3.1507175462051706,0.22846946031087859,0.8109355204114418,4.584974811729059,4.482971107757605,-1.3840967408369265,2018-01-28,6.0,0,True,False
2017-09-22,2017Q3,12,diag4,student_t_ar1,1.8051833781459026,1.7890834102679198,-0.35969607370188084,0.6939868396487184,3.1915992394406345,3.1417261027391388,-1.386415861294732,2017-10-28,6.0,0,True,False
2017-09-22,2017Q4,-1,diag4,student_t_ar1,2.8403305741450557,2.800741085547199,0.07729515699253298,0.8004641885771313,4.584974811729059,4.482971107757605,-1.7446442375840032,2018-01-28,6.0,0,True,False
2017-09-29,2017Q3,13,diag4,student_t_ar1,1.8073878573930724,1.7912487768107443,-0.3587607314279322,0.6939893507830373,3.1915992394406345,3.1417261027391388,-1.3842113820475621,2017-10-28,4.0,0,True,False
2017-09-29,2017Q4,0,diag4,student_t_ar1,2.8406767673555766,2.8010777167364314,0.07744056673069569,0.8004641911543083,4.584974811729059,4.482971107757605,-1.7442980443734823,2018-01-28,4.0,0,True,False
2017-10-06,2017Q3,14,diag4,student_t_ar1,1.835081229184854,1.818446808819202,-0.34701238831714526,0.6974245821386199,3.1915992394406345,3.1417261027391388,-1.3565180102557806,2017-10-28,13.0,3,True,True
2017-10-06,2017Q4,1,diag4,student_t_ar1,3.106111076729068,3.058847657337188,0.18878574438484055,0.8126937701719035,4.584974811729059,4.482971107757605,-1.4788637349999911,2018-01-28,13.0,0,True,False
2017-10-06,2018Q1,-12,diag4,student_t_ar1,3.3349066689929874,3.280504853604358,0.2845318187299237,0.8247664148741042,3.293553047698339,3.240477819667709,0.04135362129464859,2018-04-28,13.0,0,True,False
2017-10-13,2017Q3,15,diag4,student_t_ar1,1.8321172160611576,1.8155361652334614,-0.34826965720733033,0.6969618274876087,3.1915992394406345,3.1417261027391388,-1.3594820233794769,2017-10-28,6.0,0,True,False
2017-10-13,2017Q4,2,diag4,student_t_ar1,3.1251830636375377,3.0773433827723835,0.19677507715818304,0.8100156467071737,4.584974811729059,4.482971107757605,-1.4597917480915212,2018-01-28,6.0,0,True,False
2017-10-13,2018Q1,-11,diag4,student_t_ar1,3.3328235716836963,3.278488963356824,0.28366104358360605,0.8246699317488899,3.293553047698339,3.240477819667709,0.039270523985357464,2018-04-28,6.0,0,True,False
2017-10-20,2017Q3,16,diag4,student_t_ar1,1.7110925492435536,1.6966182399247485,-0.3996369248138704,0.6890490006092408,3.1915992394406345,3.1417261027391388,-1.480506690197081,2017-10-28,9.0,0,True,False
2017-10-20,2017Q4,3,diag4,student_t_ar1,2.9935544795727687,2.949622241524228,0.1416052108451352,0.7700405929866663,4.584974811729059,4.482971107757605,-1.5914203321562903,2018-01-28,9.0,0,True,False
2017-10-20,2018Q1,-10,diag4,student_t_ar1,3.404598386566704,3.34792469210577,0.3136541976925679,0.8233926656880363,3.293553047698339,3.240477819667709,0.1110453388683652,2018-04-28,9.0,0,True,False
2017-10-27,2017Q3,17,diag4,student_t_ar1,1.7154026497944397,1.7008557415808832,-0.3978065121070497,0.6890542279644135,3.1915992394406345,3.1417261027391388,-1.4761965896461948,2017-10-28,4.0,0,True,False
2017-10-27,2017Q4,4,diag4,student_t_ar1,2.9952558328372403,2.951274130538919,0.1423187536087989,0.7700406090289537,4.584974811729059,4.482971107757605,-1.5897189788918187,2018-01-28,4.0,0,True,False
2017-10-27,2018Q1,-9,diag4,student_t_ar1,3.405003388682637,3.348316358752248,0.3138233803064586,0.8233923937284842,3.293553047698339,3.240477819667709,0.11145034098429818,2018-04-28,4.0,0,True,False
2017-11-03,2017Q4,5,diag4,student_t_ar1,3.005645729154627,2.961361364378582,0.14549415543724892,0.7650660333131578,4.584974811729059,4.482971107757605,-1.5793290825744322,2018-01-28,12.0,12,False,True
2017-11-03,2018Q1,-8,diag4,student_t_ar1,3.58660261483128,3.5237817085288015,0.3893273027035411,0.8206833409716384,3.293553047698339,3.240477819667709,0.2930495671329414,2018-04-28,12.0,0,True,False
2017-11-10,2017Q4,6,diag4,student_t_ar1,2.7467438623891782,2.7096976982362104,0.03638724917697705,0.7640584851691469,4.584974811729059,4.482971107757605,-1.8382309493398807,2018-01-28,7.0,0,True,False
2017-11-10,2018Q1,-7,diag4,student_t_ar1,3.3775741836605144,3.3217868459615465,0.3017539359438196,0.819141760153358,3.293553047698339,3.240477819667709,0.08402113596217564,2018-04-28,7.0,0,True,False
2017-11-17,2017Q4,7,diag4,student_t_ar1,3.996612549081524,3.9188140979366923,0.5605906500971809,0.7178646152214939,4.584974811729059,4.482971107757605,-0.5883622626475349,2018-01-28,10.0,0,True,False
2017-11-17,2018Q1,-6,diag4,student_t_ar1,3.5107083771613423,3.450488394671776,0.35755153289504116,0.8181321461901847,3.293553047698339,3.240477819667709,0.21715532946300353,2018-04-28,10.0,0,True,False
2017-11-24,2017Q4,8,diag4,student_t_ar1,3.9857453631326756,3.908363994314602,0.5560600855791366,0.7172319810703853,4.584974811729059,4.482971107757605,-0.5992294485963834,2018-01-28,2.0,0,True,False
2017-11-24,2018Q1,-5,diag4,student_t_ar1,3.5099202674638397,3.4497270119026613,0.3572214410717305,0.8171222954430324,3.293553047698339,3.240477819667709,0.21636721976550088,2018-04-28,2.0,0,True,False
2017-12-01,2017Q4,9,diag4,student_t_ar1,3.9963794251667295,3.9185899327736466,0.5604934649619322,0.7154004796350442,4.584974811729059,4.482971107757605,-0.5885953865623295,2018-01-28,11.0,3,True,True
2017-12-01,2018Q1,-4,diag4,student_t_ar1,3.5281965254861714,3.4673819812898454,0.3648756214287223,0.8146742366112473,3.293553047698339,3.240477819667709,0.23464347778783257,2018-04-28,11.0,0,True,False
2017-12-08,2017Q4,10,diag4,student_t_ar1,3.961339434683242,3.8848907837281543,0.5458834501261893,0.712645841993782,4.584974811729059,4.482971107757605,-0.623635377045817,2018-01-28,9.0,0,True,False
2017-12-08,2018Q1,-3,diag4,student_t_ar1,3.46866134313204,3.4098591912255234,0.33993704463859176,0.8113102036809203,3.293553047698339,3.240477819667709,0.17510829543370132,2018-04-28,9.0,0,True,False
2017-12-15,2017Q4,11,diag4,student_t_ar1,4.0202487861354275,3.941539406840886,0.5704430383515221,0.7124779894903895,4.584974811729059,4.482971107757605,-0.5647260255936315,2018-01-28,6.0,0,True,False
2017-12-15,2018Q1,-2,diag4,student_t_ar1,3.5645601318253117,3.5025001643685933,0.38010084789044113,0.8109413663427513,3.293553047698339,3.240477819667709,0.27100708412697294,2018-04-28,6.0,0,True,False
2017-12-22,2017Q4,12,diag4,student_t_ar1,3.8835764145970453,3.8100628540702344,0.5134423590780355,0.69535323032863,4.584974811729059,4.482971107757605,-0.7013983971320137,2018-01-28,6.0,0,True,False
2017-12-22,2018Q1,-1,diag4,student_t_ar1,3.560304052409391,3.4983904893343727,0.3783191289176864,0.8021689602206047,3.293553047698339,3.240477819667709,0.2667510047110522,2018-04-28,6.0,0,True,False
2017-12-29,2017Q4,13,diag4,student_t_ar1,3.884571626869038,3.81102085680683,0.5138576940224118,0.6953510554793595,4.584974811729059,4.482971107757605,-0.7004031848600212,2018-01-28,4.0,0,True,False
2017-12-29,2018Q1,0,diag4,student_t_ar1,3.560494797790925,3.4985746769027752,0.37839898206481726,0.8021686945503067,3.293553047698339,3.240477819667709,0.26694175009258636,2018-04-28,4.0,0,True,False
2018-01-05,2017Q4,14,diag4,student_t_ar1,3.8362235536104627,3.7644698371174723,0.49367584648191903,0.69458688740102,4.584974811729059,4.482971107757605,-0.7487512581185962,2018-01-28,13.0,7,True,True
2018-01-05,2018Q1,1,diag4,student_t_ar1,3.3633791751224607,3.3080546769551202,0.29580045644675645,0.7938081774563214,3.293553047698339,3.240477819667709,0.06982612742412186,2018-04-28,13.0,0,True,False
2018-01-05,2018Q2,-12,diag4,student_t_ar1,2.9924150268515692,2.948515901394435,0.1399251007255996,0.8248680689141669,2.1402669926408935,2.117684921507524,0.8521480342106758,2018-07-28,13.0,0,True,False
2018-01-12,2017Q4,15,diag4,student_t_ar1,3.836631901962839,3.764863098289214,0.49384634193109844,0.6945860117134633,4.584974811729059,4.482971107757605,-0.7483429097662198,2018-01-28,4.0,0,True,False
2018-01-12,2018Q1,2,diag4,student_t_ar1,3.363419710070503,3.3080938929138326,0.2958174582332945,0.7938088873456473,3.293553047698339,3.240477819667709,0.06986666237216443,2018-04-28,4.0,0,True,False
2018-01-12,2018Q2,-11,diag4,student_t_ar1,2.992428118140178,2.9485286123185945,0.13993061145200691,0.8248680919923636,2.1402669926408935,2.117684921507524,0.8521611254992845,2018-07-28,4.0,0,True,False
2018-01-19,2017Q4,16,diag4,student_t_ar1,3.8141634071789943,3.7432224444809052,0.4844641978072883,0.6903428048850686,4.584974811729059,4.482971107757605,-0.7708114045500647,2018-01-28,11.0,0,True,False
2018-01-19,2018Q1,3,diag4,student_t_ar1,3.3324358772058194,3.278113772597705,0.28281980057717143,0.7704731594284794,3.293553047698339,3.240477819667709,0.038882829507480565,2018-04-28,11.0,0,True,False
2018-01-19,2018Q2,-10,diag4,student_t_ar1,3.0050052780895564,2.960739599375722,0.14522459385562372,0.824042587862804,2.1402669926408935,2.117684921507524,0.8647382854486629,2018-07-28,11.0,0,True,False
2018-01-26,2017Q4,17,diag4,student_t_ar1,3.816479214608215,3.745453143572399,0.48543130076816127,0.6903394470493168,4.584974811729059,4.482971107757605,-0.768495597120844,2018-01-28,4.0,0,True,False
2018-01-26,2018Q1,4,diag4,student_t_ar1,3.300884021600492,3.2475747909213775,0.2695798527447409,0.7688633050816258,3.293553047698339,3.240477819667709,0.007330973902153204,2018-04-28,4.0,0,True,False
2018-01-26,2018Q2,-9,diag4,student_t_ar1,2.9806490974576327,2.9370911751014477,0.13497199581456712,0.823468767498278,2.1402669926408935,2.117684921507524,0.8403821048167393,2018-07-28,4.0,0,True,False
2018-02-02,2018Q1,5,diag4,student_t_ar1,3.258852291819636,3.206877866040328,0.24617146714829397,0.7621401635450243,3.293553047698339,3.240477819667709,-0.034700755878702694,2018-04-28,10.0,11,False,True
2018-02-02,2018Q2,-8,diag4,student_t_ar1,3.029900504271499,2.9849056271743266,0.14980580746794425,0.8188507391902088,2.1402669926408935,2.117684921507524,0.8896335116306053,2018-07-28,10.0,0,True,False
2018-02-09,2018Q1,6,diag4,student_t_ar1,3.267870825232877,3.2156113929010135,0.2499629866714812,0.7578346384685737,3.293553047698339,3.240477819667709,-0.025682222465461813,2018-04-28,9.0,0,True,False
2018-02-09,2018Q2,-7,diag4,student_t_ar1,3.0419274652181194,2.9965782183079974,0.15487327424001313,0.8173279397125996,2.1402669926408935,2.117684921507524,0.9016604725772259,2018-07-28,9.0,0,True,False
2018-02-16,2018Q1,7,diag4,student_t_ar1,3.237002028875424,3.185714958825895,0.2369839330454192,0.7565526415213841,3.293553047698339,3.240477819667709,-0.05655101882291458,2018-04-28,8.0,0,True,False
2018-02-16,2018Q2,-6,diag4,student_t_ar1,3.0637865398063457,3.017789735684617,0.16408191165909633,0.8166381542180507,2.1402669926408935,2.117684921507524,0.9235195471654523,2018-07-28,8.0,0,True,False
2018-02-23,2018Q1,8,diag4,student_t_ar1,3.0318057205265037,2.986754797784406,0.15060859499944887,0.715934770031587,3.293553047698339,3.240477819667709,-0.26174732717183513,2018-04-28,4.0,0,True,False
2018-02-23,2018Q2,-5,diag4,student_t_ar1,3.173250562515073,3.123943348562238,0.2101667868879294,0.8155171500301936,2.1402669926408935,2.117684921507524,1.0329835698741796,2018-07-28,4.0,0,True,False
2018-03-02,2018Q1,9,diag4,student_t_ar1,3.331404770941049,3.277115914180343,0.2766641804634879,0.7235189764010216,3.293553047698339,3.240477819667709,0.03785172324271002,2018-04-28,11.0,3,True,True
2018-03-02,2018Q2,-4,diag4,student_t_ar1,3.665177009396414,3.5996067735509256,0.41666837451448124,0.8165556458877729,2.1402669926408935,2.117684921507524,1.5249100167555207,2018-07-28,11.0,0,True,False
2018-03-09,2018Q1,10,diag4,student_t_ar1,3.4639739555907934,3.405328840046001,0.3323257498728522,0.7251080914211053,3.293553047698339,3.240477819667709,0.17042090789245457,2018-04-28,9.0,0,True,False
2018-03-09,2018Q2,-3,diag4,student_t_ar1,3.859967611338644,3.7873340578799675,0.4981671406970824,0.8150069237074945,2.1402669926408935,2.117684921507524,1.7197006186977504,2018-07-28,9.0,0,True,False
2018-03-16,2018Q1,11,diag4,student_t_ar1,3.4392029299826987,3.3813842819204734,0.32193060698782733,0.720465442262954,3.293553047698339,3.240477819667709,0.14564988228435993,2018-04-28,8.0,0,True,False
2018-03-16,2018Q2,-2,diag4,student_t_ar1,3.800696451426333,3.7302494272501443,0.47338477099015325,0.8126323786468357,2.1402669926408935,2.117684921507524,1.6604294587854396,2018-07-28,8.0,0,True,False
2018-03-23,2018Q1,12,diag4,student_t_ar1,2.977001438778548,2.93354903071402,0.12751017121127445,0.6936039259627965,3.293553047698339,3.240477819667709,-0.3165516089197906,2018-04-28,4.0,0,True,False
2018-03-23,2018Q2,-1,diag4,student_t_ar1,3.458162734023862,3.3997120204428133,0.3298872984289603,0.8001612484800195,2.1402669926408935,2.117684921507524,1.3178957413829684,2018-07-28,4.0,0,True,False
2018-03-30,2018Q1,13,diag4,student_t_ar1,2.9764340190958416,2.9329980132654105,0.12727095589226922,0.6935984201820322,3.293553047698339,3.240477819667709,-0.3171190286024972,2018-04-28,8.0,0,True,False
2018-03-30,2018Q2,0,diag4,student_t_ar1,3.4517027683363732,3.393467788758737,0.32717646617125523,0.8001178447556432,2.1402669926408935,2.117684921507524,1.3114357756954798,2018-07-28,8.0,0,True,False
2018-04-06,2018Q1,14,diag4,student_t_ar1,2.9770966311271296,2.93364147106794,0.12755030269677972,0.6929062921623538,3.293553047698339,3.240477819667709,-0.31645641657120915,2018-04-28,10.0,52,True,True
2018-04-06,2018Q2,1,diag4,student_t_ar1,3.2870258648523665,3.234158558793818,0.258014938958812,0.7910604948941862,2.1402669926408935,2.117684921507524,1.146758872211473,2018-07-28,10.0,0,True,False
2018-04-06,2018Q3,-12,diag4,student_t_ar1,3.305466417527536,3.252010662246769,0.2657651411224436,0.8226151138618217,2.5182268082057035,2.487041930090145,0.7872396093218326,2018-10-28,10.0,0,True,False
2018-04-13,2018Q1,15,diag4,student_t_ar1,2.9773374629734173,2.933875340124814,0.1276518331677054,0.6926850984146585,3.293553047698339,3.240477819667709,-0.3162155847249215,2018-04-28,6.0,0,True,False
2018-04-13,2018Q2,2,diag4,student_t_ar1,3.2874161835285243,3.23453645518051,0.2581789965670084,0.7897041014999849,2.1402669926408935,2.117684921507524,1.1471491908876308,2018-07-28,6.0,0,True,False
2018-04-13,2018Q3,-11,diag4,student_t_ar1,3.3050465419034003,3.2516042205627347,0.26558869103479466,0.8225243362820408,2.5182268082057035,2.487041930090145,0.7868197336976968,2018-10-28,6.0,0,True,False
2018-04-20,2018Q1,16,diag4,student_t_ar1,3.0902130641983883,3.0434273896593687,0.17521208474089747,0.6888935479326468,3.293553047698339,3.240477819667709,-0.20333998349995053,2018-04-28,8.0,0,True,False
2018-04-20,2018Q2,3,diag4,student_t_ar1,3.5237417091676493,3.4630788906187826,0.35739700089257614,0.7671434817918713,2.1402669926408935,2.117684921507524,1.3834747165267558,2018-07-28,8.0,0,True,False
2018-04-20,2018Q3,-10,diag4,student_t_ar1,3.328507409236159,3.2743119241132703,0.2754468734978465,0.8212917663224442,2.5182268082057035,2.487041930090145,0.8102806010304553,2018-10-28,8.0,0,True,False
2018-04-27,2018Q1,17,diag4,student_t_ar1,3.092047158237632,3.0452064894105337,0.175984452141587,0.6888888079291545,3.293553047698339,3.240477819667709,-0.2015058894607069,2018-04-28,4.0,0,True,False
2018-04-27,2018Q2,4,diag4,student_t_ar1,3.524462844204823,3.4637754772312936,0.35769941271119843,0.7671427900637473,2.1402669926408935,2.117684921507524,1.3841958515639297,2018-07-28,4.0,0,True,False
2018-04-27,2018Q3,-9,diag4,student_t_ar1,3.328703626789231,3.2745018207562016,0.27552931405600206,0.8212917300805829,2.5182268082057035,2.487041930090145,0.8104768185835276,2018-10-28,4.0,0,True,False
2018-05-04,2018Q2,5,diag4,student_t_ar1,3.320799387411699,3.266851921515118,0.2712073172421415,0.7628245819243819,2.1402669926408935,2.117684921507524,1.1805323947708057,2018-07-28,12.0,12,False,True
2018-05-04,2018Q3,-8,diag4,student_t_ar1,3.194546532338216,3.144582198420129,0.21793739660734887,0.8172439008282184,2.5182268082057035,2.487041930090145,0.6763197241325125,2018-10-28,12.0,0,True,False
2018-05-11,2018Q2,6,diag4,student_t_ar1,3.1325505500023665,3.084487344105513,0.19175554194319752,0.763450544865871,2.1402669926408935,2.117684921507524,0.992283557361473,2018-07-28,7.0,0,True,False
2018-05-11,2018Q3,-7,diag4,student_t_ar1,3.054227692386302,3.0085146148636426,0.15865608645511295,0.8160529896337555,2.5182268082057035,2.487041930090145,0.5360008841805985,2018-10-28,7.0,0,True,False
2018-05-18,2018Q2,7,diag4,student_t_ar1,4.647572912800646,4.5428070210703755,0.8271096712048057,0.7153063700216589,2.1402669926408935,2.117684921507524,2.5073059201597525,2018-07-28,12.0,0,True,False
2018-05-18,2018Q3,-6,diag4,student_t_ar1,3.3170868473696657,3.2632586404280097,0.2696418127698686,0.8150378383517108,2.5182268082057035,2.487041930090145,0.7988600391639622,2018-10-28,12.0,0,True,False
2018-05-25,2018Q2,8,diag4,student_t_ar1,4.722155695896912,4.614052073300837,0.8581493937286715,0.7157193143362072,2.1402669926408935,2.117684921507524,2.581888703256019,2018-07-28,0.0,0,True,False
2018-05-25,2018Q3,-5,diag4,student_t_ar1,3.4429539758858763,3.3850105452577366,0.3226861326819678,0.8146874861082637,2.5182268082057035,2.487041930090145,0.9247271676801727,2018-10-28,0.0,0,True,False
2018-06-01,2018Q2,9,diag4,student_t_ar1,4.833065945356663,4.719905088031,0.904266957021496,0.716496495838481,2.1402669926408935,2.117684921507524,2.692798952715769,2018-07-28,11.0,12,False,True
2018-06-01,2018Q3,-4,diag4,student_t_ar1,3.646545721383765,3.581632596483286,0.4083495397684308,0.8137145656995425,2.5182268082057035,2.487041930090145,1.1283189131780613,2018-10-28,11.0,0,True,False
2018-06-08,2018Q2,10,diag4,student_t_ar1,4.953023426809278,4.834266812286009,0.9540915564441148,0.7168876262455227,2.1402669926408935,2.117684921507524,2.812756434168384,2018-07-28,9.0,0,True,False
2018-06-08,2018Q3,-3,diag4,student_t_ar1,3.8445435871669043,3.772482166497258,0.49149801831638984,0.8118003165112115,2.5182268082057035,2.487041930090145,1.3263167789612007,2018-10-28,9.0,0,True,False
2018-06-15,2018Q2,11,diag4,student_t_ar1,5.063393485773693,4.939372947080342,0.9998837224603427,0.7153630961561969,2.1402669926408935,2.117684921507524,2.9231264931327994,2018-07-28,6.0,0,True,False
2018-06-15,2018Q3,-2,diag4,student_t_ar1,3.9518249215610757,3.8757383924803195,0.5364842244182285,0.8107559542130833,2.5182268082057035,2.487041930090145,1.4335981133553721,2018-10-28,6.0,0,True,False
2018-06-22,2018Q2,12,diag4,student_t_ar1,3.496911409312453,3.4371584816148943,0.34540571002865,0.692742580496741,2.1402669926408935,2.117684921507524,1.3566444166715597,2018-07-28,6.0,0,True,False
2018-06-22,2018Q3,-1,diag4,student_t_ar1,2.910768381167239,2.8692100367524183,0.09796449713759094,0.7998838665841598,2.5182268082057035,2.487041930090145,0.3925415729615356,2018-10-28,6.0,0,True,False
2018-06-29,2018Q2,13,diag4,student_t_ar1,3.5013136056199157,3.441411847852989,0.3472587974177332,0.6927379752310466,2.1402669926408935,2.117684921507524,1.3610466129790222,2018-07-28,4.0,0,True,False
2018-06-29,2018Q3,0,diag4,student_t_ar1,2.911448806646333,2.8698712146256313,0.09825255612668492,0.799883243187641,2.5182268082057035,2.487041930090145,0.39322199844062933,2018-10-28,4.0,0,True,False
2018-07-06,2018Q2,14,diag4,student_t_ar1,3.508209943021301,3.44807466923987,0.3501616253419217,0.6926210309715926,2.1402669926408935,2.117684921507524,1.3679429503804075,2018-07-28,13.0,13,True,True
2018-07-06,2018Q3,1,diag4,student_t_ar1,2.934361224708004,2.8921329435894614,0.10795144563979207,0.7943288248388476,2.5182268082057035,2.487041930090145,0.41613441650230065,2018-10-28,13.0,0,True,False
2018-07-06,2018Q4,-12,diag4,student_t_ar1,3.3202615473413744,3.266331366628399,0.27098052424057356,0.8223548575296152,0.5677817986818878,0.5661759932739241,2.7524797486594865,2019-01-28,13.0,0,True,False
2018-07-13,2018Q2,15,diag4,student_t_ar1,3.5063101225772053,3.446239222679369,0.34936196627561855,0.6923489957172348,2.1402669926408935,2.117684921507524,1.3660431299363118,2018-07-28,6.0,0,True,False
2018-07-13,2018Q3,2,diag4,student_t_ar1,2.893909447289378,2.8528266055365172,0.09082663783354544,0.7927288464222885,2.5182268082057035,2.487041930090145,0.3756826390836743,2018-10-28,6.0,0,True,False
2018-07-13,2018Q4,-11,diag4,student_t_ar1,3.3019751462735725,3.248631044138282,0.2632689276949083,0.8222573836320338,0.5677817986818878,0.5661759932739241,2.7341933475916846,2019-01-28,6.0,0,True,False
2018-07-20,2018Q2,16,diag4,student_t_ar1,3.721069079149486,3.6535081987037104,0.43966397746356983,0.6878036342798552,2.1402669926408935,2.117684921507524,1.5808020865085926,2018-07-28,9.0,0,True,False
2018-07-20,2018Q3,3,diag4,student_t_ar1,3.422412194596669,3.365150496437568,0.3140335963248551,0.7671509573815476,2.5182268082057035,2.487041930090145,0.9041853863909655,2018-10-28,9.0,0,True,False
2018-07-20,2018Q4,-10,diag4,student_t_ar1,3.385058555058462,3.329026424314823,0.2982952237639786,0.8210057189317354,0.5677817986818878,0.5661759932739241,2.8172767563765744,2019-01-28,9.0,0,True,False
2018-07-27,2018Q2,17,diag4,student_t_ar1,3.718916863713262,3.6514331740390826,0.4387599400910955,0.6878002880066473,2.1402669926408935,2.117684921507524,1.5786498710723684,2018-07-28,4.0,0,True,False
2018-07-27,2018Q3,4,diag4,student_t_ar1,3.421543138734462,3.36431019548625,0.31366749780223663,0.7671503857202735,2.5182268082057035,2.487041930090145,0.9033163305287584,2018-10-28,4.0,0,True,False
2018-07-27,2018Q4,-9,diag4,student_t_ar1,3.3848276075607364,3.328803038306347,0.298197899956897,0.8210055257164145,0.5677817986818878,0.5661759932739241,2.8170458088788486,2019-01-28,4.0,0,True,False
2018-08-03,2018Q3,5,diag4,student_t_ar1,3.243079757190759,3.191601946340152,0.2409952978738641,0.7638813773600429,2.5182268082057035,2.487041930090145,0.7248529489850553,2018-10-28,12.0,11,True,True
2018-08-03,2018Q4,-8,diag4,student_t_ar1,3.1050180718987797,3.057787574077061,0.18248682162847407,0.8173240474282188,0.5677817986818878,0.5661759932739241,2.537236273216892,2019-01-28,12.0,0,True,False
2018-08-10,2018Q3,6,diag4,student_t_ar1,3.0119459682142136,2.967477579027691,0.14300003025692615,0.7670943316871128,2.5182268082057035,2.487041930090145,0.49371916000851,2018-10-28,7.0,0,True,False
2018-08-10,2018Q4,-7,diag4,student_t_ar1,2.917721350948166,2.8759661177911684,0.10298791447753022,0.815977208226818,0.5677817986818878,0.5661759932739241,2.349939552266278,2019-01-28,7.0,0,True,False
2018-08-17,2018Q3,7,diag4,student_t_ar1,3.066249348693173,3.020179303877657,0.16604312767857599,0.7176507966868012,2.5182268082057035,2.487041930090145,0.5480225404874695,2018-10-28,10.0,0,True,False
2018-08-17,2018Q4,-6,diag4,student_t_ar1,2.9814712858305503,2.937889563049079,0.13006308110299505,0.8147679828217379,0.5677817986818878,0.5661759932739241,2.4136894871486625,2019-01-28,10.0,0,True,False
2018-08-24,2018Q3,8,diag4,student_t_ar1,2.9947126434661797,2.9507467365351427,0.13568470168656888,0.7169816143388135,2.5182268082057035,2.487041930090145,0.47648583526047616,2018-10-28,2.0,0,True,False
2018-08-24,2018Q4,-5,diag4,student_t_ar1,2.856859421604696,2.816812133961186,0.0771236564071634,0.8137587564853338,0.5677817986818878,0.5661759932739241,2.2890776229228083,2019-01-28,2.0,0,True,False
2018-08-31,2018Q3,9,diag4,student_t_ar1,2.997757032878634,2.9537025624616464,0.13697709553097853,0.7169542595204418,2.5182268082057035,2.487041930090145,0.4795302246729305,2018-10-28,8.0,0,True,False
2018-08-31,2018Q4,-4,diag4,student_t_ar1,2.864379105006676,2.8241226901868806,0.08032009560900573,0.8137196167631902,0.5677817986818878,0.5661759932739241,2.296597306324788,2019-01-28,8.0,0,True,False
2018-09-07,2018Q3,10,diag4,student_t_ar1,3.277165144231331,3.2246111918660403,0.2554281321432094,0.7182712935089917,2.5182268082057035,2.487041930090145,0.7589383360256274,2018-10-28,12.0,11,False,True
2018-09-07,2018Q4,-3,diag4,student_t_ar1,3.3607948346739303,3.3055543980583297,0.2908194251458484,0.8098100924650399,0.5677817986818878,0.5661759932739241,2.7930130359920424,2019-01-28,12.0,0,True,False
2018-09-14,2018Q3,11,diag4,student_t_ar1,3.222745194976895,3.171904195117343,0.23238272965704024,0.7157586799108152,2.5182268082057035,2.487041930090145,0.7045183867711913,2018-10-28,6.0,0,True,False
2018-09-14,2018Q4,-2,diag4,student_t_ar1,3.2815455783098857,3.2288525371609347,0.257282601481876,0.8084569545730242,0.5677817986818878,0.5661759932739241,2.713763779627998,2019-01-28,6.0,0,True,False
2018-09-21,2018Q3,12,diag4,student_t_ar1,3.419282121357581,3.3621239565035714,0.31555367910175564,0.6951504068441682,2.5182268082057035,2.487041930090145,0.9010553131518773,2018-10-28,6.0,0,True,False
2018-09-21,2018Q4,-1,diag4,student_t_ar1,3.464698138854949,3.4060287752041702,0.33475045145556265,0.7986340059671649,0.5677817986818878,0.5661759932739241,2.8969163401730613,2019-01-28,6.0,0,True,False
2018-09-28,2018Q3,13,diag4,student_t_ar1,3.4185467916626022,3.3614129359916474,0.3152427952555116,0.6951465046096045,2.5182268082057035,2.487041930090145,0.9003199834568987,2018-10-28,4.0,0,True,False
2018-09-28,2018Q4,0,diag4,student_t_ar1,3.4645478741865965,3.4058835423081373,0.3346869503883463,0.7986337033215763,0.5677817986818878,0.5661759932739241,2.8967660755047087,2019-01-28,4.0,0,True,False
2018-10-05,2018Q3,14,diag4,student_t_ar1,3.3358939949831745,3.281460311256838,0.2802846202408281,0.6955707176815619,2.5182268082057035,2.487041930090145,0.817667186777471,2018-10-28,13.0,22,True,True
2018-10-05,2018Q4,1,diag4,student_t_ar1,3.222472960796696,3.1716404600861994,0.23226741517666138,0.7973773241614914,0.5677817986818878,0.5661759932739241,2.6546911621148084,2019-01-28,13.0,0,True,False
2018-10-05,2019Q1,-12,diag4,student_t_ar1,3.192346713124161,3.1424504552851524,0.21950449088369342,0.8217701326650627,2.520756202743435,2.489509162906772,0.6715905103807263,2019-04-28,13.0,0,True,False
2018-10-12,2018Q3,15,diag4,student_t_ar1,3.3364027506454175,3.281952642033867,0.28049988503701917,0.6955719202905557,2.5182268082057035,2.487041930090145,0.8181759424397139,2018-10-28,4.0,0,True,False
2018-10-12,2018Q4,2,diag4,student_t_ar1,3.2225528371732537,3.1717178427949686,0.23230124969160365,0.7973794153689437,0.5677817986818878,0.5661759932739241,2.654771038491366,2019-01-28,4.0,0,True,False
2018-10-12,2019Q1,-11,diag4,student_t_ar1,3.192388908215893,3.1424913450259613,0.21952236935510375,0.821770254460573,2.520756202743435,2.489509162906772,0.671632705472458,2019-04-28,4.0,0,True,False
2018-10-19,2018Q3,16,diag4,student_t_ar1,3.277453161586341,3.224890069537588,0.25555006753284776,0.6899291213788281,2.5182268082057035,2.487041930090145,0.7592263533806376,2018-10-28,11.0,0,True,False
2018-10-19,2018Q4,3,diag4,student_t_ar1,3.1301764944961175,3.0821853717226473,0.19315441988301793,0.7687454520529178,0.5677817986818878,0.5661759932739241,2.5623946958142296,2019-01-28,11.0,0,True,False
2018-10-19,2019Q1,-10,diag4,student_t_ar1,3.1978789378490635,3.1478113920337436,0.2218484860398438,0.8208003299732577,2.520756202743435,2.489509162906772,0.6771227351056286,2019-04-28,11.0,0,True,False
2018-10-26,2018Q3,17,diag4,student_t_ar1,3.2813630132899174,3.228675772589586,0.2572053136274484,0.6899302353045498,2.5182268082057035,2.487041930090145,0.7631362050842139,2018-10-28,4.0,0,True,False
2018-10-26,2018Q4,4,diag4,student_t_ar1,3.159775758347716,3.110882129593277,0.20570167880444667,0.7675100377544687,0.5677817986818878,0.5661759932739241,2.591993959665828,2019-01-28,4.0,0,True,False
2018-10-26,2019Q1,-9,diag4,student_t_ar1,3.2211220171987964,3.17033168264694,0.2316951704138577,0.820197769333225,2.520756202743435,2.489509162906772,0.7003658144553615,2019-04-28,4.0,0,True,False
2018-11-02,2018Q4,5,diag4,student_t_ar1,3.095259687324803,3.0483226163308452,0.17951324751855785,0.7621302097812803,0.5677817986818878,0.5661759932739241,2.527477888642915,2019-01-28,10.0,11,False,True
2018-11-02,2019Q1,-8,diag4,student_t_ar1,3.0940356052472806,3.0471352781852787,0.17899216111991373,0.8168501389862334,2.520756202743435,2.489509162906772,0.5732794025038457,2019-04-28,10.0,0,True,False
2018-11-09,2018Q4,6,diag4,student_t_ar1,3.0930019019205,3.0461325931093572,0.17855211330612367,0.7567186128440911,0.5677817986818878,0.5661759932739241,2.5252201032386123,2019-01-28,9.0,0,True,False
2018-11-09,2019Q1,-7,diag4,student_t_ar1,3.092451235231053,3.0455984461255756,0.1783176925312461,0.8149920226939227,2.520756202743435,2.489509162906772,0.571695032487618,2019-04-28,9.0,0,True,False
2018-11-16,2018Q4,7,diag4,student_t_ar1,3.137852443530309,3.0896280656556336,0.19764094594499185,0.7556459795670807,0.5677817986818878,0.5661759932739241,2.570070644848421,2019-01-28,8.0,0,True,False
2018-11-16,2019Q1,-6,diag4,student_t_ar1,3.152057475215053,3.103399976955399,0.20368501661553945,0.8142725657201466,2.520756202743435,2.489509162906772,0.6313012724716183,2019-04-28,8.0,0,True,False
2018-11-23,2018Q4,8,diag4,student_t_ar1,2.497977755298453,2.4672883179147567,-0.07548493575457706,0.7160380939959158,0.5677817986818878,0.5661759932739241,1.930195956616565,2019-01-28,4.0,0,True,False
2018-11-23,2019Q1,-5,diag4,student_t_ar1,3.012913061794653,2.9684163915428243,0.14444484930401974,0.8126712678711999,2.520756202743435,2.489509162906772,0.4921568590512182,2019-04-28,4.0,0,True,False
2018-11-30,2018Q4,9,diag4,student_t_ar1,2.481795279963195,2.4514989791626816,-0.08241439363312056,0.7160139734578352,0.5677817986818878,0.5661759932739241,1.914013481281307,2019-01-28,8.0,0,True,False
2018-11-30,2019Q1,-4,diag4,student_t_ar1,2.992326566723613,2.94843001141319,0.13567343832680875,0.8126277234396241,2.520756202743435,2.489509162906772,0.47157036398017826,2019-04-28,8.0,0,True,False
2018-12-07,2018Q4,10,diag4,student_t_ar1,2.53908276703827,2.507383520397441,-0.05788837765305994,0.7158380263044872,0.5677817986818878,0.5661759932739241,1.971300968356382,2019-01-28,12.0,10,True,True
2018-12-07,2019Q1,-3,diag4,student_t_ar1,3.1005004614506726,3.053405915932356,0.18174415224647458,0.8084531221986588,2.520756202743435,2.489509162906772,0.5797442587072377,2019-04-28,12.0,0,True,False
2018-12-14,2018Q4,11,diag4,student_t_ar1,2.5659448786184536,2.5335770389494727,-0.046392843460832035,0.7213193939615945,0.5677817986818878,0.5661759932739241,1.9981630799365657,2019-01-28,6.0,0,True,False
2018-12-14,2019Q1,-2,diag4,student_t_ar1,3.03279351701502,2.9877135228562315,0.15291377005571383,0.8101812653719184,2.520756202743435,2.489509162906772,0.512037314271585,2019-04-28,6.0,0,True,False
2018-12-21,2018Q4,12,diag4,student_t_ar1,2.32544300514419,2.2988165774056912,-0.14942203013916766,0.6946296124944527,0.5677817986818878,0.5661759932739241,1.757661206462302,2019-01-28,6.0,0,True,False
2018-12-21,2019Q1,-1,diag4,student_t_ar1,2.8098103279619924,2.7710593685561555,0.057830887864938334,0.7980870291572135,2.520756202743435,2.489509162906772,0.28905412521855745,2019-04-28,6.0,0,True,False
2018-12-28,2018Q4,13,diag4,student_t_ar1,2.324644732033665,2.2980364427677387,-0.14976440737219612,0.6946258935519011,0.5677817986818878,0.5661759932739241,1.7568629333517771,2019-01-28,4.0,0,True,False
2018-12-28,2019Q1,0,diag4,student_t_ar1,2.809671516424439,2.7709243506713452,0.05777163264467014,0.7980868195164444,2.520756202743435,2.489509162906772,0.2889153136810041,2019-04-28,4.0,0,True,False
2019-01-04,2018Q4,14,diag4,student_t_ar1,2.2506825171449307,2.2257283896844564,-0.181498200407337,0.6952721518137812,0.5677817986818878,0.5661759932739241,1.682900718463043,2019-01-28,11.0,5,True,True
2019-01-04,2019Q1,1,diag4,student_t_ar1,2.4849613895738143,2.4545883675711493,-0.08105855554622632,0.7991967718473925,2.520756202743435,2.489509162906772,-0.03579481316962063,2019-04-28,11.0,0,True,False
2019-01-04,2019Q2,-12,diag4,student_t_ar1,2.6702443256292563,2.635215503777698,-0.0017868297495592356,0.823953262121865,3.3826649590035895,3.326711173158321,-0.7124206333743333,2019-07-28,11.0,0,True,False
2019-01-11,2018Q4,15,diag4,student_t_ar1,2.2604202984257915,2.2352513751401775,-0.17731885334096736,0.6943566854038838,0.5677817986818878,0.5661759932739241,1.6926384997439037,2019-01-28,6.0,0,True,False
2019-01-11,2019Q1,2,diag4,student_t_ar1,2.5311351039821517,2.499632357754115,-0.061290125876341715,0.7932933208468489,2.520756202743435,2.489509162906772,0.010378901238716765,2019-04-28,6.0,0,True,False
2019-01-11,2019Q2,-11,diag4,student_t_ar1,2.702511072458069,2.6666381206986083,0.012003595790486576,0.8218574742613936,3.3826649590035895,3.326711173158321,-0.6801538865455203,2019-07-28,6.0,0,True,False
2019-01-18,2018Q4,16,diag4,student_t_ar1,2.2461493468519,2.2212949026201834,-0.18344392228646936,0.6896847947188725,0.5677817986818878,0.5661759932739241,1.6783675481700122,2019-01-28,11.0,0,True,False
2019-01-18,2019Q1,3,diag4,student_t_ar1,2.4946230051130724,2.464015272767524,-0.07692137516717375,0.7687396713529784,2.520756202743435,2.489509162906772,-0.02613319763036248,2019-04-28,11.0,0,True,False
2019-01-18,2019Q2,-10,diag4,student_t_ar1,2.702306325748971,2.6664387614900975,0.01191610313105567,0.8209366131336856,3.3826649590035895,3.326711173158321,-0.6803586332546185,2019-07-28,11.0,0,True,False
2019-01-25,2018Q4,17,diag4,student_t_ar1,2.246264034352574,2.22140707059628,-0.18339469519229604,0.6896848594008865,0.5677817986818878,0.5661759932739241,1.6784822356706863,2019-01-28,0.0,0,True,False
2019-01-25,2019Q1,4,diag4,student_t_ar1,2.511585573806685,2.4805636191321527,-0.06965881206090233,0.7673338086343149,2.520756202743435,2.489509162906772,-0.009170628936749914,2019-04-28,0.0,0,True,False
2019-01-25,2019Q2,-9,diag4,student_t_ar1,2.7158250184657007,2.6796008836920535,0.01769255601631067,0.8203545082414994,3.3826649590035895,3.326711173158321,-0.6668399405378889,2019-07-28,0.0,0,True,False
2019-02-01,2019Q1,5,diag4,student_t_ar1,2.6247306136877313,2.590875682307988,-0.0145659540420357,0.7648849046963146,2.520756202743435,2.489509162906772,0.10397441094429638,2019-04-28,13.0,11,False,True
2019-02-01,2019Q2,-8,diag4,student_t_ar1,2.6327483637219373,2.598688065153398,-0.011135071677755548,0.8182102932549203,3.3826649590035895,3.326711173158321,-0.7499165952816522,2019-07-28,13.0,0,True,False
2019-02-08,2019Q1,6,diag4,student_t_ar1,2.8104009267789998,2.7716338245528718,0.06481570641925999,0.7643414414226712,2.520756202743435,2.489509162906772,0.28964472403556485,2019-04-28,10.0,0,True,False
2019-02-08,2019Q2,-7,diag4,student_t_ar1,2.7839158249423512,2.7458693944833916,0.05350101146635725,0.8164941948193748,3.3826649590035895,3.326711173158321,-0.5987491340612383,2019-07-28,10.0,0,True,False
2019-02-15,2019Q1,7,diag4,student_t_ar1,2.6971058239143364,2.6613749672159748,0.016394478654535454,0.7611023946219095,2.520756202743435,2.489509162906772,0.17634962117090147,2019-04-28,6.0,0,True,False
2019-02-15,2019Q2,-6,diag4,student_t_ar1,2.7298969940327877,2.693299855324309,0.03041459745309751,0.8156978778368035,3.3826649590035895,3.326711173158321,-0.6527679649708018,2019-07-28,6.0,0,True,False
2019-02-22,2019Q1,8,diag4,student_t_ar1,1.3548750828860756,1.3457787212241588,-0.561362147998521,0.7181839535233974,2.520756202743435,2.489509162906772,-1.1658811198573593,2019-04-28,6.0,0,True,False
2019-02-22,2019Q2,-5,diag4,student_t_ar1,2.4570168039528273,2.42731763851847,-0.08639402738118121,0.8148513149656229,3.3826649590035895,3.326711173158321,-0.9256481550507623,2019-07-28,6.0,0,True,False
2019-03-01,2019Q1,9,diag4,student_t_ar1,1.2193211546611904,1.2119473142879102,-0.6201354855230797,0.719742942434537,2.520756202743435,2.489509162906772,-1.3014350480822445,2019-04-28,7.0,4,True,True
2019-03-01,2019Q2,-4,diag4,student_t_ar1,2.2248277681900186,2.2004395430576693,-0.1860297047360387,0.8146107212727277,3.3826649590035895,3.326711173158321,-1.157837190813571,2019-07-28,7.0,0,True,False
2019-03-08,2019Q1,10,diag4,student_t_ar1,1.1199853717388741,1.113759974805302,-0.6632553912026092,0.7227103702651071,2.520756202743435,2.489509162906772,-1.4007708310045608,2019-04-28,12.0,0,True,False
2019-03-08,2019Q2,-3,diag4,student_t_ar1,2.0813572778630274,2.059992973730471,-0.24770815385498024,0.8138368148533255,3.3826649590035895,3.326711173158321,-1.3013076811405622,2019-07-28,12.0,0,True,False
2019-03-15,2019Q1,11,diag4,student_t_ar1,1.1532280230444947,1.14662903447661,-0.6488206304659394,0.7235165685032546,2.520756202743435,2.489509162906772,-1.3675281796989402,2019-04-28,6.0,0,True,False
2019-03-15,2019Q2,-2,diag4,student_t_ar1,2.1956272577378533,2.1718704738350594,-0.1985760836961193,0.8136018540660501,3.3826649590035895,3.326711173158321,-1.1870377012657363,2019-07-28,6.0,0,True,False
2019-03-22,2019Q1,12,diag4,student_t_ar1,0.8697834528970327,0.8660226282425658,-0.7720516074293893,0.6963896716965922,2.520756202743435,2.489509162906772,-1.6509727498464022,2019-04-28,7.0,0,True,False
2019-03-22,2019Q2,-1,diag4,student_t_ar1,2.100943736464722,2.0791782396075513,-0.23928276154457018,0.8015288451615107,3.3826649590035895,3.326711173158321,-1.2817212225388674,2019-07-28,7.0,0,True,False
2019-03-29,2019Q1,13,diag4,student_t_ar1,0.8715162884194161,0.8677405070553421,-0.7712971845805158,0.6963900777695334,2.520756202743435,2.489509162906772,-1.6492399143240188,2019-04-28,4.0,0,True,False
2019-03-29,2019Q2,0,diag4,student_t_ar1,2.1012520371977095,2.0794801959423763,-0.23915015454304017,0.8015289832773763,3.3826649590035895,3.326711173158321,-1.28141292180588,2019-07-28,4.0,0,True,False
2019-04-05,2019Q1,14,diag4,student_t_ar1,0.9631296020654823,0.9585210760042404,-0.7314300327538398,0.6968348956662834,2.520756202743435,2.489509162906772,-1.5576266006779527,2019-04-28,13.0,21,True,True
2019-04-05,2019Q2,1,diag4,student_t_ar1,2.462706320976027,2.432870561329316,-0.08395540841960128,0.8004305623924232,3.3826649590035895,3.326711173158321,-0.9199586380275626,2019-07-28,13.0,0,True,False
2019-04-05,2019Q3,-12,diag4,student_t_ar1,2.8161501540247436,2.777225735925235,0.06727144757911996,0.8261049606523304,4.762784209178728,4.652841032363623,-1.946634055153984,2019-10-28,13.0,0,True,False
2019-04-12,2019Q1,15,diag4,student_t_ar1,0.9630593602028892,0.9584515041840165,-0.7314605858815834,0.6968348631790308,2.520756202743435,2.489509162906772,-1.5576968425405457,2019-04-28,4.0,0,True,False
2019-04-12,2019Q2,2,diag4,student_t_ar1,2.462770728378305,2.432933420670375,-0.08392780314104036,0.8004331175158887,3.3826649590035895,3.326711173158321,-0.9198942306252844,2019-07-28,4.0,0,True,False
2019-04-12,2019Q3,-11,diag4,student_t_ar1,2.816206047394121,2.7772800983518446,0.06729532135674018,0.8261050720205346,4.762784209178728,4.652841032363623,-1.9465781617846067,2019-10-28,4.0,0,True,False
2019-04-19,2019Q1,16,diag4,student_t_ar1,0.8303166035293907,0.8268884385616677,-0.7892377597049994,0.6914152507698844,2.520756202743435,2.489509162906772,-1.6904395992140442,2019-04-28,11.0,0,True,False
2019-04-19,2019Q2,3,diag4,student_t_ar1,2.123623055659829,2.1013884170064645,-0.22952895051747335,0.7703360198991945,3.3826649590035895,3.326711173158321,-1.2590419033437605,2019-07-28,11.0,0,True,False
2019-04-19,2019Q3,-10,diag4,student_t_ar1,2.746288924158935,2.7092549209565364,0.037421416548080844,0.8245667622120152,4.762784209178728,4.652841032363623,-2.0164952850197926,2019-10-28,11.0,0,True,False
2019-04-26,2019Q1,17,diag4,student_t_ar1,0.8317559766224614,0.8283159485288929,-0.7886108551013338,0.6914142857095448,2.520756202743435,2.489509162906772,-1.6890002261209736,2019-04-28,4.0,0,True,False
2019-04-26,2019Q2,4,diag4,student_t_ar1,2.1241762780258133,2.101930133850193,-0.22929105040397935,0.7703358611556539,3.3826649590035895,3.326711173158321,-1.2584886809777762,2019-07-28,4.0,0,True,False
2019-04-26,2019Q3,-9,diag4,student_t_ar1,2.7464421705527764,2.709404071141094,0.037486917272757686,0.8245666538031132,4.762784209178728,4.652841032363623,-2.016342038625951,2019-10-28,4.0,0,True,False
2019-05-03,2019Q2,5,diag4,student_t_ar1,1.7417130524342461,1.7267190815733515,-0.39508745890474783,0.7748045415080036,3.3826649590035895,3.326711173158321,-1.6409519065693434,2019-07-28,11.0,4,True,True
2019-05-03,2019Q3,-8,diag4,student_t_ar1,2.63663062146382,2.602470663182929,-0.009075965071724866,0.8207884261592958,4.762784209178728,4.652841032363623,-2.1261535877149074,2019-10-28,11.0,0,True,False
2019-05-10,2019Q2,6,diag4,student_t_ar1,1.973920023307274,1.9546908556922657,-0.29460265599103974,0.7775794945563385,3.3826649590035895,3.326711173158321,-1.4087449356963155,2019-07-28,8.0,0,True,False
2019-05-10,2019Q3,-7,diag4,student_t_ar1,2.8242013459376603,2.7850560978734613,0.07140356574168959,0.8195624122050671,4.762784209178728,4.652841032363623,-1.9385828632410673,2019-10-28,8.0,0,True,False
2019-05-17,2019Q2,7,diag4,student_t_ar1,1.1108479341623845,1.1047233334254152,-0.6692491195198383,0.7201640719853557,3.3826649590035895,3.326711173158321,-2.271817024841205,2019-07-28,10.0,0,True,False
2019-05-17,2019Q3,-6,diag4,student_t_ar1,2.8241016775605976,2.784959166971916,0.07136084079218358,0.8184413956856265,4.762784209178728,4.652841032363623,-1.93868253161813,2019-10-28,10.0,0,True,False
2019-05-24,2019Q2,8,diag4,student_t_ar1,1.1800639124061263,1.1731554545850327,-0.6390857879658877,0.7204113152491215,3.3826649590035895,3.326711173158321,-2.2026010465974633,2019-07-28,2.0,0,True,False
2019-05-24,2019Q3,-5,diag4,student_t_ar1,2.9400676696666794,2.8976765606290145,0.1210441190416756,0.8179018040404298,4.762784209178728,4.652841032363623,-1.8227165395120482,2019-10-28,2.0,0,True,False
2019-05-31,2019Q2,9,diag4,student_t_ar1,1.1805195308924654,1.1736057581753774,-0.6388873043259634,0.720389281832184,3.3826649590035895,3.326711173158321,-2.202145428111124,2019-07-28,8.0,0,True,False
2019-05-31,2019Q3,-4,diag4,student_t_ar1,2.9413892215466975,2.898960359471303,0.12160998854085736,0.8178711730369822,4.762784209178728,4.652841032363623,-1.8213949876320301,2019-10-28,8.0,0,True,False
2019-06-07,2019Q2,10,diag4,student_t_ar1,1.1406753729814811,1.1342187246567066,-0.6562482180433554,0.7170476104715189,3.3826649590035895,3.326711173158321,-2.2419895860221084,2019-07-28,12.0,8,True,True
2019-06-07,2019Q3,-3,diag4,student_t_ar1,2.882221656606654,2.8414668908479346,0.09626816766951046,0.8124865057625585,4.762784209178728,4.652841032363623,-1.8805625525720737,2019-10-28,12.0,0,True,False
2019-06-14,2019Q2,11,diag4,student_t_ar1,1.1850120588185131,1.1780457711474337,-0.636930247009742,0.7157044473067598,3.3826649590035895,3.326711173158321,-2.1976529001850764,2019-07-28,6.0,0,True,False
2019-06-14,2019Q3,-2,diag4,student_t_ar1,2.8829689231991695,2.842193220301838,0.09658831726832809,0.8115498803394805,4.762784209178728,4.652841032363623,-1.879815285979558,2019-10-28,6.0,0,True,False
2019-06-21,2019Q2,12,diag4,student_t_ar1,1.0773529063754284,1.071590808427291,-0.6838531873143602,0.699073746408641,3.3826649590035895,3.326711173158321,-2.305312052628161,2019-07-28,6.0,0,True,False
2019-06-21,2019Q3,-1,diag4,student_t_ar1,2.5469701521912747,2.515075301525048,-0.047597864222203,0.8050948636829593,4.762784209178728,4.652841032363623,-2.215814056987453,2019-10-28,6.0,0,True,False
2019-06-28,2019Q2,13,diag4,student_t_ar1,1.0737755498100743,1.0680515191905195,-0.6854132259761029,0.6990744912498347,3.3826649590035895,3.326711173158321,-2.3088894091935153,2019-07-28,4.0,0,True,False
2019-06-28,2019Q3,0,diag4,student_t_ar1,2.546281880605883,2.514404122362807,-0.04789370481956748,0.8050953485710627,4.762784209178728,4.652841032363623,-2.2165023285728447,2019-10-28,4.0,0,True,False
2019-07-05,2019Q2,14,diag4,student_t_ar1,1.141790639786211,1.1353214072833453,-0.6557621804764575,0.6983422560953871,3.3826649590035895,3.326711173158321,-2.2408743192173786,2019-07-28,13.0,12,True,True
2019-07-05,2019Q3,1,diag4,student_t_ar1,2.758838405505881,2.7214682233939054,0.04337546858152597,0.7956190445849689,4.762784209178728,4.652841032363623,-2.0039458036728464,2019-10-28,13.0,0,True,False
2019-07-05,2019Q4,-12,diag4,student_t_ar1,2.5276524182887394,2.4962355896996145,-0.05590198317309682,0.8261236782283723,2.755535957854649,2.718254387221374,-0.22788353956590957,2020-01-28,13.0,0,True,False
2019-07-12,2019Q2,15,diag4,student_t_ar1,1.1411975368145422,1.1347349981374106,-0.6560206563675356,0.6983425889527272,3.3826649590035895,3.326711173158321,-2.2414674221890474,2019-07-28,4.0,0,True,False
2019-07-12,2019Q3,2,diag4,student_t_ar1,2.75880275668976,2.72143353166047,0.04336017724991066,0.7956210285938585,4.762784209178728,4.652841032363623,-2.0039814524889676,2019-10-28,4.0,0,True,False
2019-07-12,2019Q4,-11,diag4,student_t_ar1,2.527654599265472,2.4962377169079106,-0.05590104554778231,0.8261238112719862,2.755535957854649,2.718254387221374,-0.22788135858917702,2020-01-28,4.0,0,True,False
2019-07-19,2019Q2,16,diag4,student_t_ar1,1.115309411136356,1.1091356973186595,-0.6673042492923297,0.6941603003902005,3.3826649590035895,3.326711173158321,-2.2673555478672336,2019-07-28,11.0,0,True,False
2019-07-19,2019Q3,3,diag4,student_t_ar1,2.624552988144213,2.5907025995664625,-0.014263061403044229,0.7726567908895807,4.762784209178728,4.652841032363623,-2.1382312210345145,2019-10-28,11.0,0,True,False
2019-07-19,2019Q4,-10,diag4,student_t_ar1,2.4897582701869148,2.4592688282854476,-0.07219609567635349,0.8253336854374969,2.755535957854649,2.718254387221374,-0.26577768766773424,2020-01-28,11.0,0,True,False
2019-07-26,2019Q2,17,diag4,student_t_ar1,1.1146596953316212,1.1084931458633778,-0.6675874714438238,0.6941565395699445,3.3826649590035895,3.326711173158321,-2.2680052636719683,2019-07-28,4.0,0,True,False
2019-07-26,2019Q3,4,diag4,student_t_ar1,2.7686752687455574,2.7310405313261543,0.047594725459790224,0.772884931931663,4.762784209178728,4.652841032363623,-1.9941089404331702,2019-10-28,4.0,0,True,False
2019-07-26,2019Q4,-9,diag4,student_t_ar1,2.603351469712556,2.570041161188382,-0.02337015622370469,0.825032158636987,2.755535957854649,2.718254387221374,-0.15218448814209307,2020-01-28,4.0,0,True,False
2019-08-02,2019Q3,5,diag4,student_t_ar1,2.4936134066593674,2.4630302421419663,-0.07302710331987179,0.7691908234198326,4.762784209178728,4.652841032363623,-2.26917080251936,2019-10-28,10.0,2,True,True
2019-08-02,2019Q4,-8,diag4,student_t_ar1,2.628936283391625,2.594973703812857,-0.014676468599737062,0.8209702870972416,2.755535957854649,2.718254387221374,-0.12659967446302378,2020-01-28,10.0,0,True,False
2019-08-09,2019Q3,6,diag4,student_t_ar1,2.488690343642519,2.4582268391869753,-0.07515135872207887,0.7636372091119893,4.762784209178728,4.652841032363623,-2.2740938655362086,2019-10-28,9.0,0,True,False
2019-08-09,2019Q4,-7,diag4,student_t_ar1,2.626775420673244,2.592868171449821,-0.01560761856541988,0.8192347659709767,2.755535957854649,2.718254387221374,-0.1287605371814049,2020-01-28,9.0,0,True,False
2019-08-16,2019Q3,7,diag4,student_t_ar1,2.6314538829828926,2.5974267826454107,-0.013591619793397134,0.7613357874351238,4.762784209178728,4.652841032363623,-2.131330326195835,2019-10-28,8.0,0,True,False
2019-08-16,2019Q4,-6,diag4,student_t_ar1,2.6836222679209376,2.6482446641558592,0.00888206403842153,0.8189774815061872,2.755535957854649,2.718254387221374,-0.07191368993371139,2020-01-28,8.0,0,True,False
2019-08-23,2019Q3,8,diag4,student_t_ar1,1.8557464777348098,1.8387376082170017,-0.3491140801151989,0.7227623804664828,4.762784209178728,4.652841032363623,-2.9070377314439177,2019-10-28,4.0,0,True,False
2019-08-23,2019Q4,-5,diag4,student_t_ar1,2.575277304405854,2.542675576722164,-0.037804775768363164,0.8170570517081691,2.755535957854649,2.718254387221374,-0.18025865344879488,2020-01-28,4.0,0,True,False
2019-08-30,2019Q3,9,diag4,student_t_ar1,1.8425448289582924,1.8257756450013847,-0.3548463746243186,0.7227300699461212,4.762784209178728,4.652841032363623,-2.920239380220435,2019-10-28,8.0,0,True,False
2019-08-30,2019Q4,-4,diag4,student_t_ar1,2.556461069661453,2.524330063788555,-0.04591788960050304,0.8169956230914991,2.755535957854649,2.718254387221374,-0.19907488819319585,2020-01-28,8.0,0,True,False
2019-09-06,2019Q3,10,diag4,student_t_ar1,1.847579146774092,1.8307187592953689,-0.35266033332378344,0.723177203469543,4.762784209178728,4.652841032363623,-2.9152050624046355,2019-10-28,10.0,5,True,True
2019-09-06,2019Q4,-3,diag4,student_t_ar1,2.551500814143237,2.519493337341059,-0.04805688197348641,0.814812480129596,2.755535957854649,2.718254387221374,-0.20403514371141185,2020-01-28,10.0,0,True,False
2019-09-13,2019Q3,11,diag4,student_t_ar1,1.8322138469129667,1.8156310575018382,-0.35933271378865683,0.723376683655003,4.762784209178728,4.652841032363623,-2.930570362265761,2019-10-28,6.0,0,True,False
2019-09-13,2019Q4,-2,diag4,student_t_ar1,2.488635967522579,2.4581737834457074,-0.07517482207630137,0.8145063424392576,2.755535957854649,2.718254387221374,-0.2668999903320701,2020-01-28,6.0,0,True,False
2019-09-20,2019Q3,12,diag4,student_t_ar1,2.4056169074200717,2.377137772449075,-0.11101216192596894,0.7040662156143295,4.762784209178728,4.652841032363623,-2.357167301758656,2019-10-28,8.0,0,True,False
2019-09-20,2019Q4,-1,diag4,student_t_ar1,2.861480748833345,2.8213050024391246,0.08541621325528719,0.804764424950135,2.755535957854649,2.718254387221374,0.10594479097869591,2020-01-28,8.0,0,True,False
2019-09-27,2019Q3,13,diag4,student_t_ar1,2.400817247843534,2.372450752144046,-0.11308494830190016,0.70407340457486,4.762784209178728,4.652841032363623,-2.3619669613351935,2019-10-28,4.0,0,True,False
2019-09-27,2019Q4,0,diag4,student_t_ar1,2.860681437783996,2.8205279242275734,0.08507255843300966,0.8047656343589793,2.755535957854649,2.718254387221374,0.1051454799293472,2020-01-28,4.0,0,True,False
2019-10-04,2019Q3,14,diag4,student_t_ar1,2.333259717480196,2.306455355757964,-0.14227073150758918,0.7051956285365442,4.762784209178728,4.652841032363623,-2.4295244916985315,2019-10-28,9.0,12,False,True
2019-10-04,2019Q4,1,diag4,student_t_ar1,2.5170411074164845,2.485885347809158,-0.0629196686248291,0.8032732788174306,2.755535957854649,2.718254387221374,-0.23849485043816454,2020-01-28,9.0,0,True,False
2019-10-04,2020Q1,-12,diag4,student_t_ar1,2.334990654034308,2.3081468116149626,-0.1415227026048524,0.8293957604699184,-5.16223383893778,-5.300247883185935,7.497224492972088,2020-04-28,9.0,0,True,False
2019-10-11,2019Q3,15,diag4,student_t_ar1,2.372462081362281,2.3447565463811118,-0.1253324250913751,0.704846505315732,4.762784209178728,4.652841032363623,-2.3903221278164466,2019-10-28,7.0,0,True,False
2019-10-11,2019Q4,2,diag4,student_t_ar1,2.6716420880253056,2.6365769039484075,0.003722117457928284,0.800695566125809,2.755535957854649,2.718254387221374,-0.08389386982934344,2020-01-28,7.0,0,True,False
2019-10-11,2020Q1,-11,diag4,student_t_ar1,2.4681978037734975,2.438229911908715,-0.08399479351121084,0.8279677132453321,-5.16223383893778,-5.300247883185935,7.630431642711278,2020-04-28,7.0,0,True,False
2019-10-18,2019Q3,16,diag4,student_t_ar1,2.239266830309794,2.214563355037615,-0.18290902081600421,0.700217177707334,4.762784209178728,4.652841032363623,-2.5235173788689336,2019-10-28,12.0,0,True,False
2019-10-18,2019Q4,3,diag4,student_t_ar1,2.386759336556965,2.3587214902980898,-0.119156572714398,0.7759833136348044,2.755535957854649,2.718254387221374,-0.36877662129768396,2020-01-28,12.0,0,True,False
2019-10-18,2020Q1,-10,diag4,student_t_ar1,2.454526209050556,2.424886740906975,-0.08989567323098693,0.827107974871345,-5.16223383893778,-5.300247883185935,7.616760047988336,2020-04-28,12.0,0,True,False
2019-10-25,2019Q3,17,diag4,student_t_ar1,2.2387035787235776,2.214012438393546,-0.18315265801827424,0.7002183145008476,4.762784209178728,4.652841032363623,-2.52408063045515,2019-10-28,0.0,0,True,False
2019-10-25,2019Q4,4,diag4,student_t_ar1,2.3184858795214147,2.2920173279352847,-0.14865580036125983,0.7747685555617038,2.755535957854649,2.718254387221374,-0.4370500783332343,2020-01-28,0.0,0,True,False
2019-10-25,2020Q1,-9,diag4,student_t_ar1,2.399901487138778,2.3715564577193002,-0.11348044078519373,0.8265610258383316,-5.16223383893778,-5.300247883185935,7.562135326076558,2020-04-28,0.0,0,True,False
2019-11-01,2019Q4,5,diag4,student_t_ar1,2.290805451421285,2.264960464496729,-0.16718674451777715,0.7743803731772074,2.755535957854649,2.718254387221374,-0.464730506433364,2020-01-28,13.0,12,False,True
2019-11-01,2020Q1,-8,diag4,student_t_ar1,2.6195880754589007,2.585864544106698,-0.025165195509388207,0.8253635701058776,-5.16223383893778,-5.300247883185935,7.781821914396681,2020-04-28,13.0,0,True,False
2019-11-08,2019Q4,6,diag4,student_t_ar1,2.307345322672827,2.281128617752283,-0.16003125377814664,0.7689669277078043,2.755535957854649,2.718254387221374,-0.4481906351818221,2020-01-28,10.0,0,True,False
2019-11-08,2020Q1,-7,diag4,student_t_ar1,2.63698090560629,2.602811948299759,-0.017664834036591602,0.8237098893047468,-5.16223383893778,-5.300247883185935,7.79921474454407,2020-04-28,10.0,0,True,False
2019-11-15,2019Q4,7,diag4,student_t_ar1,2.2973550934897835,2.271363222166869,-0.16435309539949913,0.7662501595385522,2.755535957854649,2.718254387221374,-0.4581808643648655,2020-01-28,6.0,0,True,False
2019-11-15,2020Q1,-6,diag4,student_t_ar1,2.6525408928061767,2.6179710144745596,-0.010955931917670383,0.8234194383500413,-5.16223383893778,-5.300247883185935,7.814774731743957,2020-04-28,6.0,0,True,False
2019-11-22,2019Q4,8,diag4,student_t_ar1,1.2345626102304719,1.227004032701637,-0.6265519866983253,0.7303262734156747,2.755535957854649,2.718254387221374,-1.5209733476241771,2020-01-28,6.0,0,True,False
2019-11-22,2020Q1,-5,diag4,student_t_ar1,2.597922166030475,2.564749475043218,-0.03451002783267718,0.8217843975046478,-5.16223383893778,-5.300247883185935,7.760156004968255,2020-04-28,6.0,0,True,False
2019-11-29,2019Q4,9,diag4,student_t_ar1,1.2364000516158713,1.2288190498886054,-0.6257487200253575,0.7303174230868011,2.755535957854649,2.718254387221374,-1.5191359062387777,2020-01-28,4.0,0,True,False
2019-11-29,2020Q1,-4,diag4,student_t_ar1,2.598013034303781,2.5648380423661714,-0.03447083086013427,0.8217830481340996,-5.16223383893778,-5.300247883185935,7.760246873241561,2020-04-28,4.0,0,True,False
2019-12-06,2019Q4,10,diag4,student_t_ar1,1.271596994670765,1.2635800903637093,-0.6103646313611752,0.7280082171453253,2.755535957854649,2.718254387221374,-1.483938963183884,2020-01-28,13.0,8,True,True
2019-12-06,2020Q1,-3,diag4,student_t_ar1,2.647387071531515,2.6129502418646156,-0.013177960083064174,0.8180295588303343,-5.16223383893778,-5.300247883185935,7.809620910469295,2020-04-28,13.0,0,True,False
2019-12-13,2019Q4,11,diag4,student_t_ar1,1.2756472772397887,1.26757943637715,-0.6085946528786963,0.7270870536162948,2.755535957854649,2.718254387221374,-1.4798886806148603,2020-01-28,6.0,0,True,False
2019-12-13,2020Q1,-2,diag4,student_t_ar1,2.663560980823565,2.6287057673043894,-0.006205084789246183,0.8172757149144367,-5.16223383893778,-5.300247883185935,7.825794819761345,2020-04-28,6.0,0,True,False
2019-12-20,2019Q4,12,diag4,student_t_ar1,1.6155104790155361,1.6025999699637823,-0.4603256274820105,0.709964225523653,2.755535957854649,2.718254387221374,-1.1400254788391129,2020-01-28,9.0,0,True,False
2019-12-20,2020Q1,-1,diag4,student_t_ar1,2.8271867469929823,2.7879594588312653,0.06427534033791522,0.8085428066745919,-5.16223383893778,-5.300247883185935,7.9894205859307625,2020-04-28,9.0,0,True,False
2019-12-27,2019Q4,13,diag4,student_t_ar1,1.607071038932406,1.5942943574428263,-0.4640014173227733,0.7099812654324111,2.755535957854649,2.718254387221374,-1.148464918922243,2020-01-28,4.0,0,True,False
2019-12-27,2020Q1,0,diag4,student_t_ar1,2.825805350172783,2.7866160338646293,0.06368078480914145,0.8085453384597803,-5.16223383893778,-5.300247883185935,7.988039189110563,2020-04-28,4.0,0,True,False
2020-01-03,2019Q4,14,diag4,student_t_ar1,1.5637483252085804,1.5516477662482802,-0.4828753903452989,0.7099189292999779,2.755535957854649,2.718254387221374,-1.1917876326460686,2020-01-28,8.0,7,True,True
2020-01-03,2020Q1,1,diag4,student_t_ar1,2.6147254138723097,2.58112590025633,-0.02726236280201424,0.8049857825344083,-5.16223383893778,-5.300247883185935,7.77695925281009,2020-04-28,8.0,0,True,False
2020-01-03,2020Q2,-12,diag4,student_t_ar1,2.3636788554518784,2.336176501963342,-0.1356688779716715,0.8320063701152522,-27.97614656719044,-32.81728241610834,30.33982542264232,2020-07-28,8.0,0,True,False
2020-01-10,2019Q4,15,diag4,student_t_ar1,1.5857406589242062,1.5732991461375456,-0.4732932045601262,0.7091915054357825,2.755535957854649,2.718254387221374,-1.1697952989304428,2020-01-28,8.0,0,True,False
2020-01-10,2020Q1,2,diag4,student_t_ar1,2.728671204791233,2.6921066325229175,0.021854044585959652,0.8003741018947123,-5.16223383893778,-5.300247883185935,7.890905043729013,2020-04-28,8.0,0,True,False
2020-01-10,2020Q2,-11,diag4,student_t_ar1,2.4508706009329417,2.421318647362427,-0.09798777591098008,0.8303116518924504,-27.97614656719044,-32.81728241610834,30.42701716812338,2020-07-28,8.0,0,True,False
2020-01-17,2019Q4,16,diag4,student_t_ar1,1.4972037137255256,1.4861062495785238,-0.5118819013660107,0.7052953353946186,2.755535957854649,2.718254387221374,-1.2583322441291234,2020-01-28,10.0,0,True,False
2020-01-17,2020Q1,3,diag4,student_t_ar1,2.616405540238187,2.5827632019250433,-0.026537747149052618,0.7796709143257119,-5.16223383893778,-5.300247883185935,7.778639379175967,2020-04-28,10.0,0,True,False
2020-01-17,2020Q2,-10,diag4,student_t_ar1,2.494122957664624,2.463527394814917,-0.07930757807057746,0.8295715123108965,-27.97614656719044,-32.81728241610834,30.470269524855063,2020-07-28,10.0,0,True,False
2020-01-24,2019Q4,17,diag4,student_t_ar1,1.497971377566465,1.4868625866102834,-0.5115471715708848,0.7052933891435379,2.755535957854649,2.718254387221374,-1.257564580288184,2020-01-28,2.0,0,True,False
2020-01-24,2020Q1,4,diag4,student_t_ar1,2.722787006536853,2.6863785658475083,0.01931899142286585,0.7795159036333696,-5.16223383893778,-5.300247883185935,7.885020845474633,2020-04-28,2.0,0,True,False
2020-01-24,2020Q2,-9,diag4,student_t_ar1,2.5740439174319896,2.5414731482017903,-0.04481136148123323,0.829095902183602,-27.97614656719044,-32.81728241610834,30.55019048462243,2020-07-28,2.0,0,True,False
2020-01-31,2020Q1,5,diag4,student_t_ar1,2.7365061864812024,2.6997332111901744,0.02508083930842803,0.7792313799497899,-5.16223383893778,-5.300247883185935,7.898740025418983,2020-04-28,10.0,0,True,False
2020-01-31,2020Q2,-8,diag4,student_t_ar1,2.68369241372437,2.6483129766850877,0.002241729573159474,0.8272594378046181,-27.97614656719044,-32.81728241610834,30.65983898091481,2020-07-28,10.0,0,True,False
2020-02-07,2020Q1,6,diag4,student_t_ar1,3.0436974056884614,2.998295893154556,0.157692172606919,0.7776635422145913,-5.16223383893778,-5.300247883185935,8.205931244626242,2020-04-28,13.0,5,True,True
2020-02-07,2020Q2,-7,diag4,student_t_ar1,2.915576518363028,2.8738820695760072,0.10243180678704458,0.8241278012814406,-27.97614656719044,-32.81728241610834,30.89172308555347,2020-07-28,13.0,0,True,False
2020-02-14,2020Q1,7,diag4,student_t_ar1,2.961470809675504,2.918466245100524,0.1222345728977317,0.773031788476948,-5.16223383893778,-5.300247883185935,8.123704648613284,2020-04-28,6.0,0,True,False
2020-02-14,2020Q2,-6,diag4,student_t_ar1,2.9061671257094135,2.8647388250445354,0.09837069024021083,0.823715391005753,-27.97614656719044,-32.81728241610834,30.882313692899853,2020-07-28,6.0,0,True,False
2020-02-21,2020Q1,8,diag4,student_t_ar1,1.7993456367146887,1.7833490177560614,-0.38194568157289804,0.7301599118792601,-5.16223383893778,-5.300247883185935,6.961579475652469,2020-04-28,6.0,0,True,False
2020-02-21,2020Q2,-5,diag4,student_t_ar1,2.918332025714654,2.8765594781442,0.10362102011295912,0.8226989817088434,-27.97614656719044,-32.81728241610834,30.894478592905095,2020-07-28,6.0,0,True,False
2020-02-28,2020Q1,9,diag4,student_t_ar1,1.803666320944597,1.7875932420325287,-0.3800605422901952,0.730147842769206,-5.16223383893778,-5.300247883185935,6.965900159882377,2020-04-28,4.0,0,True,False
2020-02-28,2020Q2,-4,diag4,student_t_ar1,2.91845526215726,2.876679220046724,0.10367420537121366,0.8226963627692475,-27.97614656719044,-32.81728241610834,30.8946018293477,2020-07-28,4.0,0,True,False
2020-03-06,2020Q1,10,diag4,student_t_ar1,1.7969356566796657,1.7809816070943154,-0.3829972044298526,0.7258750766432537,-5.16223383893778,-5.300247883185935,6.959169495617446,2020-04-28,13.0,9,True,True
2020-03-06,2020Q2,-3,diag4,student_t_ar1,2.8973164304451293,2.856137711869185,0.09455036990235116,0.8166430275351191,-27.97614656719044,-32.81728241610834,30.87346299763557,2020-07-28,13.0,0,True,False
2020-03-13,2020Q1,11,diag4,student_t_ar1,1.7767355786380667,1.7611361349511756,-0.39181188449477033,0.7273106928182779,-5.16223383893778,-5.300247883185935,6.938969417575847,2020-04-28,6.0,0,True,False
2020-03-13,2020Q2,-2,diag4,student_t_ar1,2.80422895936403,2.7656303923844145,0.054350113690894125,0.8168987169657609,-27.97614656719044,-32.81728241610834,30.780375526554472,2020-07-28,6.0,0,True,False
2020-03-20,2020Q1,12,diag4,student_t_ar1,1.8669762095184117,1.8497621337552972,-0.35244724659361715,0.7097777752384743,-5.16223383893778,-5.300247883185935,7.029210048456192,2020-04-28,9.0,0,True,False
2020-03-20,2020Q2,-1,diag4,student_t_ar1,2.6324189769232342,2.598367127311919,-0.01994250870646485,0.8113265471112753,-27.97614656719044,-32.81728241610834,30.608565544113674,2020-07-28,9.0,0,True,False
2020-03-27,2020Q1,13,diag4,student_t_ar1,1.873762416682223,1.8564237442040155,-0.34948838704121976,0.7097620040882264,-5.16223383893778,-5.300247883185935,7.035996255620003,2020-04-28,4.0,0,True,False
2020-03-27,2020Q2,0,diag4,student_t_ar1,2.6335718987591905,2.5994904715454648,-0.019443557613235157,0.8113245667980611,-27.97614656719044,-32.81728241610834,30.60971846594963,2020-07-28,4.0,0,True,False
2020-04-03,2020Q1,14,diag4,student_t_ar1,1.7853762576603538,1.7696256116514588,-0.3880411492614724,0.7119857278190772,-5.16223383893778,-5.300247883185935,6.947610096598134,2020-04-28,9.0,15,True,True
2020-04-03,2020Q2,1,diag4,student_t_ar1,2.172041033552241,2.148788325384147,-0.2196300381529368,0.8154132977771865,-27.97614656719044,-32.81728241610834,30.14818760074268,2020-07-28,9.0,0,True,False
2020-04-03,2020Q3,-12,diag4,student_t_ar1,2.316355259214675,2.2899349647414584,-0.15693752778083542,0.8318577570522059,34.85500597467652,29.90299854497912,-32.53865071546185,2020-10-28,9.0,0,True,False
2020-04-10,2020Q1,15,diag4,student_t_ar1,1.3251113257434222,1.3164085225340887,-0.5893446814580569,0.8145408847428439,-5.16223383893778,-5.300247883185935,6.487345164681202,2020-04-28,7.0,0,True,False
2020-04-10,2020Q2,2,diag4,student_t_ar1,1.1332805258113199,1.1269070100658662,-0.6735147728611398,1.1844448124444378,-27.97614656719044,-32.81728241610834,29.10942709300176,2020-07-28,7.0,0,True,False
2020-04-10,2020Q3,-11,diag4,student_t_ar1,1.2456599278183766,1.237965416939493,-0.6241864264227363,0.8352727883240908,34.85500597467652,29.90299854497912,-33.60934604685815,2020-10-28,7.0,0,True,False
2020-04-17,2020Q1,16,diag4,student_t_ar1,0.31882452835467756,0.31831736065272187,-1.032662643567998,0.7046937851789475,-5.16223383893778,-5.300247883185935,5.481058367292458,2020-04-28,10.0,0,True,False
2020-04-17,2020Q2,3,diag4,student_t_ar1,-1.3974780772326945,-1.407334739658224,-1.7991382939269958,0.7817069517337217,-27.97614656719044,-32.81728241610834,26.578668489957746,2020-07-28,10.0,0,True,False
2020-04-17,2020Q3,-10,diag4,student_t_ar1,0.9400836108392596,0.9356923245846045,-0.7584457971307665,0.831019030653029,34.85500597467652,29.90299854497912,-33.91492236383726,2020-10-28,10.0,0,True,False
2020-04-24,2020Q1,17,diag4,student_t_ar1,0.31759289236739097,0.3170896314068008,-1.0332079589140417,0.7046954525185538,-5.16223383893778,-5.300247883185935,5.479826731305171,2020-04-28,2.0,0,True,False
2020-04-24,2020Q2,4,diag4,student_t_ar1,-1.5755621304929912,-1.5881060431830711,-1.879430725066786,0.7845272601917672,-27.97614656719044,-32.81728241610834,26.40058443669745,2020-07-28,2.0,0,True,False
2020-04-24,2020Q3,-9,diag4,student_t_ar1,0.7856771596145506,0.7826067882708418,-0.8264411572531831,0.8310869817187982,34.85500597467652,29.90299854497912,-34.06932881506197,2020-10-28,2.0,0,True,False
2020-05-01,2020Q2,5,diag4,student_t_ar1,-2.236832630181984,-2.2622291643891574,-2.0714272075802502,0.7891817541221897,-27.97614656719044,-32.81728241610834,25.739313937008458,2020-07-28,13.0,68,True,True
2020-05-01,2020Q3,-8,diag4,student_t_ar1,-0.2521982019080493,-0.25251675727994094,-1.2129332449587862,0.8228553578584574,34.85500597467652,29.90299854497912,-35.107204176584574,2020-10-28,13.0,0,True,False
2020-05-08,2020Q2,6,diag4,student_t_ar1,-8.103508558465078,-8.450733535813296,-4.71498636645817,3.7898648384695606,-27.97614656719044,-32.81728241610834,19.87263800872536,2020-07-28,10.0,0,True,False
2020-05-08,2020Q3,-7,diag4,student_t_ar1,-3.9792626472350046,-4.0606003756637605,-2.8396420138232186,0.9091974559427487,34.85500597467652,29.90299854497912,-38.83426862191153,2020-10-28,10.0,0,True,False
2020-05-15,2020Q2,7,diag4,student_t_ar1,-44.7093063568908,-59.256558017328004,-26.417839684721947,1.558527083744541,-27.97614656719044,-32.81728241610834,-16.73315978970036,2020-07-28,6.0,0,True,False
2020-05-15,2020Q3,-6,diag4,student_t_ar1,-7.6017010702911,-7.9061617361551555,-4.482360245145176,0.827139982908964,34.85500597467652,29.90299854497912,-42.45670704496762,2020-10-28,6.0,0,True,False
2020-05-22,2020Q2,8,diag4,student_t_ar1,-12.95008079657698,-13.868844793718424,-7.029454738782928,0.7363756455269317,-27.97614656719044,-32.81728241610834,15.02606577061346,2020-07-28,6.0,0,True,False
2020-05-22,2020Q3,-5,diag4,student_t_ar1,-4.39167667348438,-4.491030563570183,-3.023509972412979,0.8214576313897534,34.85500597467652,29.90299854497912,-39.2466826481609,2020-10-28,6.0,0,True,False
2020-05-29,2020Q2,9,diag4,student_t_ar1,-12.94607531926263,-13.864243542849177,-7.027489210741312,0.7363905619224272,-27.97614656719044,-32.81728241610834,15.030071247927811,2020-07-28,4.0,0,True,False
2020-05-29,2020Q3,-4,diag4,student_t_ar1,-4.391827767929602,-4.491188598518763,-3.023577480604081,0.8214574494084269,34.85500597467652,29.90299854497912,-39.24683374260613,2020-10-28,4.0,0,True,False
2020-06-05,2020Q2,10,diag4,student_t_ar1,-7.438238339333236,-7.729407064910003,-4.406855502480342,3.43705148722524,-27.97614656719044,-32.81728241610834,20.537908227857205,2020-07-28,13.0,83,True,True
2020-06-05,2020Q3,-3,diag4,student_t_ar1,7.383557053054801,7.123688430099502,1.9379790935538572,2.1187624615029343,34.85500597467652,29.90299854497912,-27.47144892162172,2020-10-28,13.0,0,True,False
2020-06-12,2020Q2,11,diag4,student_t_ar1,-7.437969332539007,-7.729116441224258,-4.406731356021016,3.434940124627418,-27.97614656719044,-32.81728241610834,20.538177234651435,2020-07-28,4.0,0,True,False
2020-06-12,2020Q3,-2,diag4,student_t_ar1,7.382735101859739,7.122922992295635,1.9376521195395366,2.1187476841393136,34.85500597467652,29.90299854497912,-27.472270872816786,2020-10-28,4.0,0,True,False
2020-06-19,2020Q2,12,diag4,student_t_ar1,-16.842917098213373,-18.443880175462553,-8.983784243896777,0.7079663050201626,-27.97614656719044,-32.81728241610834,11.133229468977067,2020-07-28,11.0,0,True,False
2020-06-19,2020Q3,-1,diag4,student_t_ar1,0.10994478686905396,0.10988439185164856,-1.058125423961121,0.7944152034662757,34.85500597467652,29.90299854497912,-34.745061187807465,2020-10-28,11.0,0,True,False
2020-06-26,2020Q2,13,diag4,student_t_ar1,-16.832082719947937,-18.4308522142193,-8.978219056543086,0.7079915773621924,-27.97614656719044,-32.81728241610834,11.144063847242503,2020-07-28,4.0,0,True,False
2020-06-26,2020Q3,0,diag4,student_t_ar1,0.11098797172273134,0.11092642560836818,-1.0576802957498272,0.7944155062609515,34.85500597467652,29.90299854497912,-34.744018002953794,2020-10-28,4.0,0,True,False
2020-07-03,2020Q2,14,diag4,student_t_ar1,-16.524337558486156,-18.061506438256774,-8.820444681631574,0.7020068868499625,-27.97614656719044,-32.81728241610834,11.451809008704284,2020-07-28,8.0,71,True,True
2020-07-03,2020Q3,1,diag4,student_t_ar1,1.277159826311891,1.2690729225388744,-0.5629519097733532,0.7815396747339552,34.85500597467652,29.90299854497912,-33.57784614836463,2020-10-28,8.0,0,True,False
2020-07-03,2020Q4,-12,diag4,student_t_ar1,2.1458284303438546,2.123129675535275,-0.1981223134640261,0.8041809354526469,4.611736044615711,4.508555862817171,-2.465907614271856,2021-01-28,8.0,0,True,False
2020-07-10,2020Q2,15,diag4,student_t_ar1,-15.334051479052102,-16.645668970968558,-8.215637788157416,1.9749067601231003,-27.97614656719044,-32.81728241610834,12.642095088138339,2020-07-28,8.0,0,True,False
2020-07-10,2020Q3,2,diag4,student_t_ar1,4.8378487159090655,4.724467256857286,0.9130976802053985,4.06748092571295,34.85500597467652,29.90299854497912,-30.017157258767458,2020-10-28,8.0,0,True,False
2020-07-10,2020Q4,-11,diag4,student_t_ar1,5.0813814516315725,4.956492540852926,1.0122125111539257,0.8503704967039485,4.611736044615711,4.508555862817171,0.46964540701586177,2021-01-28,8.0,0,True,False
2020-07-17,2020Q2,16,diag4,student_t_ar1,-13.125228404630695,-14.070251122464246,-7.1154899927080155,0.6984617049532006,-27.97614656719044,-32.81728241610834,14.850918162559745,2020-07-28,10.0,0,True,False
2020-07-17,2020Q3,3,diag4,student_t_ar1,8.738165442338474,8.377265454026668,2.4734727805687324,0.7595670069311876,34.85500597467652,29.90299854497912,-26.11684053233805,2020-10-28,10.0,0,True,False
2020-07-17,2020Q4,-10,diag4,student_t_ar1,5.283249805437729,5.148414932524658,1.09419648754737,0.803214093328975,4.611736044615711,4.508555862817171,0.6715137608220179,2021-01-28,10.0,0,True,False
2020-07-24,2020Q2,17,diag4,student_t_ar1,-13.126102821734143,-14.071257653460567,-7.115919955114814,0.6984594343453708,-27.97614656719044,-32.81728241610834,14.850043745456297,2020-07-28,2.0,0,True,False
2020-07-24,2020Q3,4,diag4,student_t_ar1,8.550914065565006,8.204913098767419,2.39984858642521,0.7645900330307343,34.85500597467652,29.90299854497912,-26.304091909111516,2020-10-28,2.0,0,True,False
2020-07-24,2020Q4,-9,diag4,student_t_ar1,5.123093448317095,4.996179609601459,1.0291657372942604,0.8034201999972147,4.611736044615711,4.508555862817171,0.5113574037013846,2021-01-28,2.0,0,True,False
2020-07-31,2020Q3,5,diag4,student_t_ar1,13.031798727037568,12.24989978014325,2.6241318041073916,0.7727420396141542,34.85500597467652,29.90299854497912,-21.823207247638955,2020-10-28,10.0,0,True,False
2020-07-31,2020Q4,-8,diag4,student_t_ar1,5.599896003365945,5.448720046697433,0.8236214520905539,0.8028245548314321,4.611736044615711,4.508555862817171,0.9881599587502343,2021-01-28,10.0,0,True,False
2020-08-07,2020Q3,6,diag4,student_t_ar1,10.808413765375846,10.263252195267363,2.098196645418972,0.551954971609538,34.85500597467652,29.90299854497912,-24.046592209300677,2020-10-28,13.0,65,True,True
2020-08-07,2020Q4,-7,diag4,student_t_ar1,2.0836859131238894,2.0622741039617374,-0.07288933212773456,0.5987876359772375,4.611736044615711,4.508555862817171,-2.5280501314918213,2021-01-28,13.0,0,True,False
2020-08-14,2020Q3,7,diag4,student_t_ar1,12.095190684217183,11.417824115558538,2.403852248726928,0.6520127306869743,34.85500597467652,29.90299854497912,-22.75981529045934,2020-10-28,6.0,0,True,False
2020-08-14,2020Q4,-6,diag4,student_t_ar1,2.4362591193159533,2.407055690326792,0.018386422927271034,0.6000274385295602,4.611736044615711,4.508555862817171,-2.1754769252997574,2021-01-28,6.0,0,True,False
2020-08-21,2020Q3,8,diag4,student_t_ar1,20.6880757431787,18.803914471793167,4.359208917502151,0.520621477805813,34.85500597467652,29.90299854497912,-14.166930231497822,2020-10-28,6.0,0,True,False
2020-08-21,2020Q4,-5,diag4,student_t_ar1,2.3276781255266554,2.3010008786958007,-0.009689998180049054,0.597583898384051,4.611736044615711,4.508555862817171,-2.2840579190890553,2021-01-28,6.0,0,True,False
2020-08-28,2020Q3,9,diag4,student_t_ar1,20.714869882822185,18.826113156804265,4.365085686493726,0.5206326525838938,34.85500597467652,29.90299854497912,-14.140136091854338,2020-10-28,4.0,0,True,False
2020-08-28,2020Q4,-4,diag4,student_t_ar1,2.3265373460271466,2.299886042632559,-0.009985134311034833,0.5975847998794054,4.611736044615711,4.508555862817171,-2.285198698588564,2021-01-28,4.0,0,True,False
2020-09-04,2020Q3,10,diag4,student_t_ar1,22.669741879696037,20.4325532869926,4.790366622693002,0.5159266945719495,34.85500597467652,29.90299854497912,-12.185264094980486,2020-10-28,12.0,16,False,True
2020-09-04,2020Q4,-3,diag4,student_t_ar1,3.786264809011919,3.716345237555338,0.36500119800513303,0.597856803487488,4.611736044615711,4.508555862817171,-0.8254712356037919,2021-01-28,12.0,0,True,False
2020-09-11,2020Q3,11,diag4,student_t_ar1,23.536814627312054,21.136901980698326,4.976832377775197,0.5973445072841745,34.85500597467652,29.90299854497912,-11.318191347364468,2020-10-28,5.0,0,True,False
2020-09-11,2020Q4,-2,diag4,student_t_ar1,4.804683293572287,4.692827281614128,0.6235101770048158,0.619577710922498,4.611736044615711,4.508555862817171,0.19294724895657644,2021-01-28,5.0,0,True,False
2020-09-18,2020Q3,12,diag4,student_t_ar1,23.02100010433943,20.71848873667872,4.866063745449028,0.49837513409153733,34.85500597467652,29.90299854497912,-11.834005870337094,2020-10-28,11.0,0,True,False
2020-09-18,2020Q4,-1,diag4,student_t_ar1,4.600925265884559,4.498221135776223,0.5719911179768431,0.5884263967659253,4.611736044615711,4.508555862817171,-0.010810778731151771,2021-01-28,11.0,0,True,False
2020-09-25,2020Q3,13,diag4,student_t_ar1,23.018169350591087,20.71618767725412,4.865454574470319,0.49819022051591844,34.85500597467652,29.90299854497912,-11.836836624085436,2020-10-28,0.0,0,True,False
2020-09-25,2020Q4,0,diag4,student_t_ar1,4.587925916759539,4.485792797393682,0.5687009017506656,0.5865458313642637,4.611736044615711,4.508555862817171,-0.02381012785617198,2021-01-28,0.0,0,True,False
2020-10-02,2020Q3,14,diag4,student_t_ar1,23.108452727977703,20.789551038497635,4.884876424289715,0.4966122192369502,34.85500597467652,29.90299854497912,-11.74655324669882,2020-10-28,11.0,15,True,True
2020-10-02,2020Q4,1,diag4,student_t_ar1,4.873911123493957,4.758859613268743,0.6409912466679618,0.5847383327907392,4.611736044615711,4.508555862817171,0.2621750788782462,2021-01-28,11.0,0,True,False
2020-10-02,2021Q1,-12,diag4,student_t_ar1,3.623008359313107,3.5589207589669334,0.32332542784934737,0.6123366908479744,5.701255644273506,5.544658613895645,-2.0782472849603995,2021-04-28,11.0,0,True,False
2020-10-09,2020Q3,15,diag4,student_t_ar1,23.5107223378078,21.115778686030588,4.97124030225175,0.522101044827276,34.85500597467652,29.90299854497912,-11.344283636868724,2020-10-28,9.0,0,True,False
2020-10-09,2020Q4,2,diag4,student_t_ar1,6.613243552217685,6.40375539765156,1.076452740679913,0.6756825510635501,4.611736044615711,4.508555862817171,2.001507507601974,2021-01-28,9.0,0,True,False
2020-10-09,2021Q1,-11,diag4,student_t_ar1,4.099769083254712,4.017957140995565,0.4448484268270792,0.6118707524455531,5.701255644273506,5.544658613895645,-1.6014865610187945,2021-04-28,9.0,0,True,False
2020-10-16,2020Q3,16,diag4,student_t_ar1,24.117578511918136,21.605914415200683,5.100996387056314,0.5108046660295696,34.85500597467652,29.90299854497912,-10.737427462758387,2020-10-28,8.0,0,True,False
2020-10-16,2020Q4,3,diag4,student_t_ar1,7.751852570770801,7.466073608017544,1.3576855576122302,0.6332115991734564,4.611736044615711,4.508555862817171,3.14011652615509,2021-01-28,8.0,0,True,False
2020-10-16,2021Q1,-10,diag4,student_t_ar1,4.187380678974439,4.102082926947075,0.4671194672073786,0.611621699438875,5.701255644273506,5.544658613895645,-1.5138749652990668,2021-04-28,8.0,0,True,False
2020-10-23,2020Q3,17,diag4,student_t_ar1,22.49210562033761,20.287639800448066,4.752002950080855,0.4926393564211856,34.85500597467652,29.90299854497912,-12.362900354338912,2020-10-28,4.0,0,True,False
2020-10-23,2020Q4,4,diag4,student_t_ar1,4.764640762789751,4.654613166595028,0.6133935630669878,0.5590695625194421,4.611736044615711,4.508555862817171,0.1529047181740406,2021-01-28,4.0,0,True,False
2020-10-23,2021Q1,-9,diag4,student_t_ar1,4.103042799902745,4.02110187916573,0.44568094910287204,0.610046302327217,5.701255644273506,5.544658613895645,-1.598212844370761,2021-04-28,4.0,0,True,False
2020-10-30,2020Q4,5,diag4,student_t_ar1,5.345570967717239,5.207591225559387,0.6065573866390133,0.5657727486269479,4.611736044615711,4.508555862817171,0.7338349231015284,2021-01-28,10.0,0,True,False
2020-10-30,2021Q1,-8,diag4,student_t_ar1,4.857421617640467,4.743135204643732,0.5013292228413313,0.6100112586965946,5.701255644273506,5.544658613895645,-0.8438340266330391,2021-04-28,10.0,0,True,False
2020-11-06,2020Q4,6,diag4,student_t_ar1,5.429308620666928,5.287048186957071,0.6245593282057047,0.5205730439570416,4.611736044615711,4.508555862817171,0.8175725760512176,2021-01-28,11.0,87,True,True
2020-11-06,2021Q1,-7,diag4,student_t_ar1,5.813167015227361,5.650477763237456,0.7068987215165287,0.5520036383894759,5.701255644273506,5.544658613895645,0.1119113709538544,2021-04-28,11.0,0,True,False
2020-11-13,2020Q4,7,diag4,student_t_ar1,5.408025403647421,5.266858957008508,0.6199852124653421,0.5145889049489508,4.611736044615711,4.508555862817171,0.7962893590317099,2021-01-28,6.0,0,True,False
2020-11-13,2021Q1,-6,diag4,student_t_ar1,5.78565013235941,5.624469221796631,0.7010061699387101,0.5519385395548433,5.701255644273506,5.544658613895645,0.08439448808590377,2021-04-28,6.0,0,True,False
2020-11-20,2020Q4,8,diag4,student_t_ar1,5.1843323722517765,5.054417140137117,0.5718539335142194,0.4715764789407813,4.611736044615711,4.508555862817171,0.5725963276360657,2021-01-28,8.0,0,True,False
2020-11-20,2021Q1,-5,diag4,student_t_ar1,5.6584428279502275,5.504146806565982,0.6737456624885921,0.5494866681723726,5.701255644273506,5.544658613895645,-0.042812816323278824,2021-04-28,8.0,0,True,False
2020-11-27,2020Q4,9,diag4,student_t_ar1,5.1934555597296095,5.0630902872152665,0.5738189405337896,0.4715571898607542,4.611736044615711,4.508555862817171,0.5817195151138987,2021-01-28,4.0,0,True,False
2020-11-27,2021Q1,-4,diag4,student_t_ar1,5.6581897532616665,5.503907284777776,0.6736913959125816,0.5494868353925793,5.701255644273506,5.544658613895645,-0.043065891011839774,2021-04-28,4.0,0,True,False
2020-12-04,2020Q4,10,diag4,student_t_ar1,5.006538936030691,4.885243781163326,0.5335256502610437,0.4715146426777514,4.611736044615711,4.508555862817171,0.3948028914149804,2021-01-28,9.0,32,True,True
2020-12-04,2021Q1,-3,diag4,student_t_ar1,5.3325996916452345,5.195277395372053,0.6037675385552808,0.5445559670642568,5.701255644273506,5.544658613895645,-0.3686559526282718,2021-04-28,9.0,0,True,False
2020-12-11,2020Q4,11,diag4,student_t_ar1,4.625290625893452,4.521512060400731,0.4511178024407875,0.4822686235224786,4.611736044615711,4.508555862817171,0.013554581277741562,2021-01-28,7.0,0,True,False
2020-12-11,2021Q1,-2,diag4,student_t_ar1,4.7188278772399395,4.610874262921547,0.4713638969270719,0.544679475167706,5.701255644273506,5.544658613895645,-0.9824277670335668,2021-04-28,7.0,0,True,False
2020-12-18,2020Q4,12,diag4,student_t_ar1,4.7900528404758,4.678866574976069,0.48676838266449685,0.4527324633247924,4.611736044615711,4.508555862817171,0.17831679586008953,2021-01-28,12.0,0,True,False
2020-12-18,2021Q1,-1,diag4,student_t_ar1,4.834797834788884,4.721557119392442,0.4964404450302772,0.5346084307142237,5.701255644273506,5.544658613895645,-0.866457809484622,2021-04-28,12.0,0,True,False
2020-12-25,2020Q4,13,diag4,student_t_ar1,4.7433414630347,4.634280480840401,0.4766668604416664,0.45295222358629955,4.611736044615711,4.508555862817171,0.13160541841898965,2021-01-28,0.0,0,True,False
2020-12-25,2021Q1,0,diag4,student_t_ar1,4.608703975055817,4.505657417942654,0.4475257402467328,0.5350551054643956,5.701255644273506,5.544658613895645,-1.0925516692176895,2021-04-28,0.0,0,True,False
2021-01-01,2020Q4,14,diag4,student_t_ar1,4.699544895152541,4.592458512778315,0.46719158461920507,0.4531627409468877,4.611736044615711,4.508555862817171,0.08780885053683019,2021-01-28,8.0,4,True,True
2021-01-01,2021Q1,1,diag4,student_t_ar1,4.55458554391277,4.453909874217194,0.43580170446712285,0.5349954960895679,5.701255644273506,5.544658613895645,-1.146670100360736,2021-04-28,8.0,0,True,False
2021-01-01,2021Q2,-12,diag4,student_t_ar1,3.607098041143475,3.5435655400971884,0.22955211701594055,0.5597965054234166,6.983331307653917,6.7502854167053385,-3.376233266510442,2021-07-28,8.0,0,True,False
2021-01-08,2020Q4,15,diag4,student_t_ar1,4.603084964241888,4.500285817380586,0.4463087387689898,0.4783958581648006,4.611736044615711,4.508555862817171,-0.008651080373822673,2021-01-28,12.0,0,True,False
2021-01-08,2021Q1,2,diag4,student_t_ar1,4.090167613294282,4.0087333810774926,0.33494155231185757,0.6114306427096636,5.701255644273506,5.544658613895645,-1.6110880309792242,2021-04-28,12.0,0,True,False
2021-01-08,2021Q2,-11,diag4,student_t_ar1,3.931173662622034,3.855870236693054,0.30030854666322254,0.5566562776716034,6.983331307653917,6.7502854167053385,-3.0521576450318832,2021-07-28,12.0,0,True,False
2021-01-15,2020Q4,16,diag4,student_t_ar1,4.735969491713621,4.627242104314787,0.47507223058533044,0.47031416653570113,4.611736044615711,4.508555862817171,0.12423344709791007,2021-01-28,6.0,0,True,False
2021-01-15,2021Q1,3,diag4,student_t_ar1,4.524929158260571,4.42554135050665,0.4293744701859817,0.5844188530791083,5.701255644273506,5.544658613895645,-1.1763264860129352,2021-04-28,6.0,0,True,False
2021-01-15,2021Q2,-10,diag4,student_t_ar1,3.960408919819769,3.8839957211665532,0.306680717447513,0.5565229634366766,6.983331307653917,6.7502854167053385,-3.0229223878341482,2021-07-28,6.0,0,True,False
2021-01-22,2020Q4,17,diag4,student_t_ar1,5.492937337496295,5.347382001885391,0.6382286882180903,0.44885594955285013,4.611736044615711,4.508555862817171,0.8812012928805846,2021-01-28,6.0,0,True,False
2021-01-22,2021Q1,4,diag4,student_t_ar1,6.177844457859805,5.994528013126784,0.7848474925941722,0.5067107679242308,5.701255644273506,5.544658613895645,0.47658881358629834,2021-04-28,6.0,0,True,False
2021-01-22,2021Q2,-9,diag4,student_t_ar1,4.1866716047582075,4.101402348719153,0.35593683467838677,0.5544648462375749,6.983331307653917,6.7502854167053385,-2.7966597028957096,2021-07-28,6.0,0,True,False
2021-01-29,2021Q1,5,diag4,student_t_ar1,6.151343680286736,5.9695660397466135,0.7782611225492357,0.5053096152796119,5.701255644273506,5.544658613895645,0.4500880360132298,2021-04-28,6.0,0,True,False
2021-01-29,2021Q2,-8,diag4,student_t_ar1,4.164016789428504,4.079655537519647,0.3488753410112656,0.5541742075524293,6.983331307653917,6.7502854167053385,-2.819314518225413,2021-07-28,6.0,0,True,False
2021-02-05,2021Q1,6,diag4,student_t_ar1,6.9350833036387005,6.705176626121756,0.9453911142425473,0.5383669499407469,5.701255644273506,5.544658613895645,1.2338276593651942,2021-04-28,14.0,7,True,True
2021-02-05,2021Q2,-7,diag4,student_t_ar1,4.492765989118985,4.3947658036107216,0.42046807924766316,0.5498991717028788,6.983331307653917,6.7502854167053385,-2.490565318534932,2021-07-28,14.0,0,True,False
2021-02-12,2021Q1,7,diag4,student_t_ar1,6.935955957554474,6.7059926823010265,0.9455765213927282,0.5384475134612888,5.701255644273506,5.544658613895645,1.2347003132809675,2021-04-28,4.0,0,True,False
2021-02-12,2021Q2,-6,diag4,student_t_ar1,4.493267097434983,4.395245365147531,0.42057703515062034,0.5498995673182462,6.983331307653917,6.7502854167053385,-2.490064210218934,2021-07-28,4.0,0,True,False
2021-02-19,2021Q1,8,diag4,student_t_ar1,7.060852007252416,6.822719716752506,0.9720967872230407,0.4596564616891113,5.701255644273506,5.544658613895645,1.3595963629789098,2021-04-28,11.0,0,True,False
2021-02-19,2021Q2,-5,diag4,student_t_ar1,4.45617421021276,4.359741190185663,0.4125105220030938,0.5469967344015527,6.983331307653917,6.7502854167053385,-2.5271570974411572,2021-07-28,11.0,0,True,False
2021-02-26,2021Q1,9,diag4,student_t_ar1,7.0751636917681715,6.836086627022451,0.975133735907248,0.4596589538178485,5.701255644273506,5.544658613895645,1.3739080474946652,2021-04-28,4.0,0,True,False
2021-02-26,2021Q2,-4,diag4,student_t_ar1,4.455988645210129,4.359563541359378,0.41247016036690837,0.5469975373881467,6.983331307653917,6.7502854167053385,-2.527342662443788,2021-07-28,4.0,0,True,False
2021-03-05,2021Q1,10,diag4,student_t_ar1,7.892777745965662,7.596774933665728,1.1479613606386505,0.47220139020558316,5.701255644273506,5.544658613895645,2.191522101692156,2021-04-28,10.0,47,True,True
2021-03-05,2021Q2,-3,diag4,student_t_ar1,5.591881403481325,5.441130167975017,0.6582010194247886,0.5432156880654365,6.983331307653917,6.7502854167053385,-1.3914499041725925,2021-07-28,10.0,0,True,False
2021-03-12,2021Q1,11,diag4,student_t_ar1,7.895466790792471,7.599267233311358,1.1485276086328835,0.4721901293299533,5.701255644273506,5.544658613895645,2.194211146518965,2021-04-28,6.0,0,True,False
2021-03-12,2021Q2,-2,diag4,student_t_ar1,5.591602052308864,5.440865610190567,0.6581409121599713,0.5432134691575321,6.983331307653917,6.7502854167053385,-1.3917292553450533,2021-07-28,6.0,0,True,False
2021-03-19,2021Q1,12,diag4,student_t_ar1,1.8820933230700998,1.8646010860156426,-0.15438282157763356,0.4392467310811987,5.701255644273506,5.544658613895645,-3.8191623212034065,2021-04-28,12.0,0,True,False
2021-03-19,2021Q2,-1,diag4,student_t_ar1,2.582535471381986,2.5497512682407657,0.001282616610553418,0.5341392075473776,6.983331307653917,6.7502854167053385,-4.400795836271931,2021-07-28,12.0,0,True,False
2021-03-26,2021Q1,13,diag4,student_t_ar1,1.9730317401616349,1.9538197633440126,-0.13411242705509682,0.4404415577531302,5.701255644273506,5.544658613895645,-3.7282239041118714,2021-04-28,4.0,0,True,False
2021-03-26,2021Q2,0,diag4,student_t_ar1,2.8854150844244364,2.844570807351647,0.06826532191041895,0.5387485591177421,6.983331307653917,6.7502854167053385,-4.097916223229481,2021-07-28,4.0,0,True,False
2021-04-02,2021Q1,14,diag4,student_t_ar1,2.131552556932803,2.109152725796356,-0.09882093287978291,0.4530183730889889,5.701255644273506,5.544658613895645,-3.569703087340703,2021-04-28,8.0,5,True,True
2021-04-02,2021Q2,1,diag4,student_t_ar1,3.9872630504328432,3.9098234984221523,0.3102896710802631,0.5804535440550127,6.983331307653917,6.7502854167053385,-2.996068257221074,2021-07-28,8.0,0,True,False
2021-04-02,2021Q3,-12,diag4,student_t_ar1,6.055196146799902,5.878949096324979,0.7576730433646227,0.5572947091619354,3.34127932577879,3.2866716567676137,2.7139168210211118,2021-10-28,8.0,0,True,False
2021-04-09,2021Q1,15,diag4,student_t_ar1,2.3759142764924635,2.348128680697306,-0.04452583422669125,0.45975115414149187,5.701255644273506,5.544658613895645,-3.325341367781043,2021-04-28,8.0,0,True,False
2021-04-09,2021Q2,2,diag4,student_t_ar1,5.066938356211237,4.942746920182464,0.5449688425007104,0.5898444807895151,6.983331307653917,6.7502854167053385,-1.9163929514426803,2021-07-28,8.0,0,True,False
2021-04-09,2021Q3,-11,diag4,student_t_ar1,6.537802415011851,6.332968843437264,0.8608258771722355,0.5548708222465555,3.34127932577879,3.2866716567676137,3.196523089233061,2021-10-28,8.0,0,True,False
2021-04-16,2021Q1,16,diag4,student_t_ar1,2.8900106742022036,2.849037414344766,0.06928013056527511,0.4555256564043439,5.701255644273506,5.544658613895645,-2.8112449700713027,2021-04-28,8.0,0,True,False
2021-04-16,2021Q2,3,diag4,student_t_ar1,6.160034811359938,5.977753194989823,0.7801212360564819,0.5735756637531536,6.983331307653917,6.7502854167053385,-0.8232964962939793,2021-07-28,8.0,0,True,False
2021-04-16,2021Q3,-10,diag4,student_t_ar1,6.505493789605743,6.302638270986155,0.8539348013561759,0.5539508512046938,3.34127932577879,3.2866716567676137,3.164214463826953,2021-10-28,8.0,0,True,False
2021-04-23,2021Q1,17,diag4,student_t_ar1,3.4687828039193347,3.409976580118374,0.19672494967556758,0.4349496118057863,5.701255644273506,5.544658613895645,-2.2324728403541716,2021-04-28,4.0,0,True,False
2021-04-23,2021Q2,4,diag4,student_t_ar1,7.4727770144324746,7.206739243465707,1.059345640758321,0.5036396085790895,6.983331307653917,6.7502854167053385,0.48944570677855737,2021-07-28,4.0,0,True,False
2021-04-23,2021Q3,-9,diag4,student_t_ar1,6.741941397224194,6.524397284696774,0.9043182281390957,0.5529586490273837,3.34127932577879,3.2866716567676137,3.400662071445404,2021-10-28,4.0,0,True,False
2021-04-30,2021Q2,5,diag4,student_t_ar1,7.625357611806871,7.3486099512070595,1.0889147863707944,0.5033008664760631,6.983331307653917,6.7502854167053385,0.6420263041529539,2021-07-28,10.0,0,True,False
2021-04-30,2021Q3,-8,diag4,student_t_ar1,6.85945810843378,6.634430948650677,0.9263498047179305,0.5526507335401029,3.34127932577879,3.2866716567676137,3.5181787826549904,2021-10-28,10.0,0,True,False
2021-05-07,2021Q2,6,diag4,student_t_ar1,5.645485585893462,5.4918827259402345,0.666277287607247,0.555476121030168,6.983331307653917,6.7502854167053385,-1.3378457217604556,2021-07-28,13.0,56,True,True
2021-05-07,2021Q3,-7,diag4,student_t_ar1,5.478533037779987,5.3337267908627215,0.6302770459421506,0.5436528650932123,3.34127932577879,3.2866716567676137,2.137253712001197,2021-10-28,13.0,0,True,False
2021-05-14,2021Q2,7,diag4,student_t_ar1,6.485014837161951,6.283408350705719,0.8464482926454612,0.5471120404005022,6.983331307653917,6.7502854167053385,-0.49831647049196626,2021-07-28,6.0,0,True,False
2021-05-14,2021Q3,-6,diag4,student_t_ar1,5.557692053418206,5.408746157150661,0.6473533277434285,0.5435285507994598,3.34127932577879,3.2866716567676137,2.2164127276394163,2021-10-28,6.0,0,True,False
2021-05-21,2021Q2,8,diag4,student_t_ar1,5.550692846867422,5.402115244260438,0.6458439663249571,0.45497686227102474,6.983331307653917,6.7502854167053385,-1.432638460786495,2021-07-28,6.0,0,True,False
2021-05-21,2021Q3,-5,diag4,student_t_ar1,5.577423588346364,5.427437065032688,0.651607845288807,0.5408302314812243,3.34127932577879,3.2866716567676137,2.2361442625675743,2021-10-28,6.0,0,True,False
2021-05-28,2021Q2,9,diag4,student_t_ar1,5.537334414820139,5.389458503621578,0.6429629759816726,0.45498587579187333,6.983331307653917,6.7502854167053385,-1.4459968928337785,2021-07-28,4.0,0,True,False
2021-05-28,2021Q3,-4,diag4,student_t_ar1,5.578005410672771,5.427988149443984,0.6517332858672766,0.5408320608822372,3.34127932577879,3.2866716567676137,2.2367260848939807,2021-10-28,4.0,0,True,False
2021-06-04,2021Q2,10,diag4,student_t_ar1,5.531785799908806,5.384200875308182,0.6417662084384583,0.4506983406219049,6.983331307653917,6.7502854167053385,-1.4515455077451112,2021-07-28,12.0,42,True,True
2021-06-04,2021Q3,-3,diag4,student_t_ar1,5.610717768657425,5.4589674155277255,0.6587849407108043,0.5345391991365189,3.34127932577879,3.2866716567676137,2.269438442878635,2021-10-28,12.0,0,True,False
2021-06-11,2021Q2,11,diag4,student_t_ar1,5.807302891753263,5.644935649586385,0.7011159563939136,0.4549507376169974,6.983331307653917,6.7502854167053385,-1.176028415900654,2021-07-28,5.0,0,True,False
2021-06-11,2021Q3,-2,diag4,student_t_ar1,6.043356632769403,5.867784933356731,0.751842020304789,0.5332047200996985,3.34127932577879,3.2866716567676137,2.7020773069906134,2021-10-28,5.0,0,True,False
2021-06-18,2021Q2,12,diag4,student_t_ar1,6.063812926361289,5.887073572866502,0.7562325965003792,0.4358079480577242,6.983331307653917,6.7502854167053385,-0.9195183812926278,2021-07-28,11.0,0,True,False
2021-06-18,2021Q3,-1,diag4,student_t_ar1,6.080516685229775,5.902821115054959,0.7598171304866499,0.5283739612983018,3.34127932577879,3.2866716567676137,2.7392373594509856,2021-10-28,11.0,0,True,False
2021-06-25,2021Q2,13,diag4,student_t_ar1,6.076716745932886,5.8992389234550355,0.7590017341929559,0.4354007868984961,6.983331307653917,6.7502854167053385,-0.9066145617210308,2021-07-28,0.0,0,True,False
2021-06-25,2021Q3,0,diag4,student_t_ar1,6.1422011393214015,5.9609529272011965,0.7730493831028346,0.5255871674456375,3.34127932577879,3.2866716567676137,2.8009218135426117,2021-10-28,0.0,0,True,False
2021-07-02,2021Q2,14,diag4,student_t_ar1,6.027955187979739,5.853260154229826,0.7485358177367696,0.4342113990814808,6.983331307653917,6.7502854167053385,-0.9553761196741783,2021-07-28,11.0,34,True,True
2021-07-02,2021Q3,1,diag4,student_t_ar1,6.1804197913519765,5.996953474176209,0.7812440069121842,0.5187144748456679,3.34127932577879,3.2866716567676137,2.8391404655731867,2021-10-28,11.0,0,True,False
2021-07-02,2021Q4,-12,diag4,student_t_ar1,4.85173209118317,4.737709092947532,0.49460852897435337,0.5491964916405832,7.0416786109130936,6.804809235885943,-2.189946519729924,2022-01-28,11.0,0,True,False
2021-07-09,2021Q2,15,diag4,student_t_ar1,6.20318473277488,6.018391043767412,0.7861237332760248,0.4404938265070475,6.983331307653917,6.7502854167053385,-0.780146574879037,2021-07-28,9.0,0,True,False
2021-07-09,2021Q3,2,diag4,student_t_ar1,7.019378060489934,6.783973544564423,0.960389435222358,0.5349476980551392,3.34127932577879,3.2866716567676137,3.678098734711144,2021-10-28,9.0,0,True,False
2021-07-09,2021Q4,-11,diag4,student_t_ar1,5.153833815527142,5.025417593843516,0.5600981709298183,0.5486935544023572,7.0416786109130936,6.804809235885943,-1.8878447953859512,2022-01-28,9.0,0,True,False
2021-07-16,2021Q2,16,diag4,student_t_ar1,6.233334030423543,6.046775332896802,0.7925847065404756,0.43790265954708596,6.983331307653917,6.7502854167053385,-0.7499972772303742,2021-07-28,8.0,0,True,False
2021-07-16,2021Q3,3,diag4,student_t_ar1,7.152404632990983,6.90819774248154,0.9886659658721699,0.5265478401098728,3.34127932577879,3.2866716567676137,3.811125307212193,2021-10-28,8.0,0,True,False
2021-07-16,2021Q4,-10,diag4,student_t_ar1,5.166311214072117,5.037282742146691,0.5627989750829927,0.5486581903508667,7.0416786109130936,6.804809235885943,-1.8753673968409768,2022-01-28,8.0,0,True,False
2021-07-23,2021Q2,17,diag4,student_t_ar1,5.903345292687812,5.735665528642168,0.7217683433603107,0.4306669879190223,6.983331307653917,6.7502854167053385,-1.0799860149661056,2021-07-28,4.0,0,True,False
2021-07-23,2021Q3,4,diag4,student_t_ar1,6.684491097703438,6.470561121821593,0.8890489385533235,0.49856201063419164,3.34127932577879,3.2866716567676137,3.343211771924648,2021-10-28,4.0,0,True,False
2021-07-23,2021Q4,-9,diag4,student_t_ar1,5.228301156148962,5.096210053233497,0.5762123031301485,0.5470293256971123,7.0416786109130936,6.804809235885943,-1.8133774547641313,2022-01-28,4.0,0,True,False
2021-07-30,2021Q3,5,diag4,student_t_ar1,6.701094141099495,6.486122663535838,0.8863668771747076,0.4978047811079813,3.34127932577879,3.2866716567676137,3.3598148153207053,2021-10-28,10.0,0,True,False
2021-07-30,2021Q4,-8,diag4,student_t_ar1,5.317420829584929,5.180865944521953,0.5891568353371935,0.546378847153907,7.0416786109130936,6.804809235885943,-1.7242577813281645,2022-01-28,10.0,0,True,False
2021-08-06,2021Q3,6,diag4,student_t_ar1,7.954102731139101,7.653597609710837,1.1522036834844016,0.5868715520501483,3.34127932577879,3.2866716567676137,4.612823405360311,2021-10-28,11.0,12,False,True
2021-08-06,2021Q4,-7,diag4,student_t_ar1,6.045034131964266,5.869366820218939,0.7459301130305374,0.5427763745369715,7.0416786109130936,6.804809235885943,-0.9966444789488271,2022-01-28,11.0,0,True,False
2021-08-13,2021Q3,7,diag4,student_t_ar1,7.9525806544268995,7.652187670297798,1.1518826369455613,0.5714191312841789,3.34127932577879,3.2866716567676137,4.61130132864811,2021-10-28,6.0,0,True,False
2021-08-13,2021Q4,-6,diag4,student_t_ar1,6.043692232952247,5.868101407356091,0.745641975528979,0.5424887293117197,7.0416786109130936,6.804809235885943,-0.9979863779608467,2022-01-28,6.0,0,True,False
2021-08-20,2021Q3,8,diag4,student_t_ar1,6.337669243011579,6.144940387734764,0.8086788660824034,0.4561816417896429,3.34127932577879,3.2866716567676137,2.996389917232789,2021-10-28,8.0,0,True,False
2021-08-20,2021Q4,-5,diag4,student_t_ar1,5.6161677403847365,5.464127716703768,0.6536562107740267,0.5416395240018573,7.0416786109130936,6.804809235885943,-1.425510870528357,2022-01-28,8.0,0,True,False
2021-08-27,2021Q3,9,diag4,student_t_ar1,6.352697697533016,6.159072155677643,0.8118967030644755,0.456164978923115,3.34127932577879,3.2866716567676137,3.0114183717542264,2021-10-28,4.0,0,True,False
2021-08-27,2021Q4,-4,diag4,student_t_ar1,5.615440849599507,5.463439476160504,0.6534994967746441,0.5416394191969258,7.0416786109130936,6.804809235885943,-1.4262377613135868,2022-01-28,4.0,0,True,False
2021-09-03,2021Q3,10,diag4,student_t_ar1,6.394503559028997,6.198373130531507,0.8208456279850816,0.45236087722009655,3.34127932577879,3.2866716567676137,3.053224233250207,2021-10-28,9.0,5,True,True
2021-09-03,2021Q4,-3,diag4,student_t_ar1,5.708767598439879,5.5517651399290955,0.6736114593039939,0.5355886638520784,7.0416786109130936,6.804809235885943,-1.3329110124732146,2022-01-28,9.0,0,True,False
2021-09-10,2021Q3,11,diag4,student_t_ar1,5.986787757557033,5.8144256558660405,0.7334198799721214,0.46438844388703593,3.34127932577879,3.2866716567676137,2.645508431778243,2021-10-28,7.0,0,True,False
2021-09-10,2021Q4,-2,diag4,student_t_ar1,5.072382058874703,4.947927961649555,0.5361163057413332,0.5357945415388383,7.0416786109130936,6.804809235885943,-1.969296552038391,2022-01-28,7.0,0,True,False
2021-09-17,2021Q3,12,diag4,student_t_ar1,5.020755329933224,4.898781444421737,0.5249255275375764,0.434061536266556,3.34127932577879,3.2866716567676137,1.6794760041544343,2021-10-28,10.0,0,True,False
2021-09-17,2021Q4,-1,diag4,student_t_ar1,4.72397483739373,4.61578917056039,0.4604875175056744,0.5275038100502837,7.0416786109130936,6.804809235885943,-2.317703773519364,2022-01-28,10.0,0,True,False
2021-09-24,2021Q3,13,diag4,student_t_ar1,5.06944373454028,4.945131446178614,0.5354795325548711,0.43481573019027375,3.34127932577879,3.2866716567676137,1.72816440876149,2021-10-28,2.0,0,True,False
2021-09-24,2021Q4,0,diag4,student_t_ar1,4.969024771593977,4.849511847243539,0.513706723738035,0.5298856856488862,7.0416786109130936,6.804809235885943,-2.0726538393191163,2022-01-28,2.0,0,True,False
2021-10-01,2021Q3,14,diag4,student_t_ar1,5.129944061750957,5.002696151305128,0.5485871520520846,0.434623949709451,3.34127932577879,3.2866716567676137,1.7886647359721675,2021-10-28,11.0,6,True,True
2021-10-01,2021Q4,1,diag4,student_t_ar1,5.211983309868984,5.080701761791971,0.5663492140423657,0.525461754746316,7.0416786109130936,6.804809235885943,-1.8296953010441097,2022-01-28,11.0,0,True,False
2021-10-01,2022Q1,-13,diag4,student_t_ar1,4.971863859469439,4.852216501771896,0.5143225799706208,0.5496202582822005,-1.0153057807451127,-1.0204951651818233,5.987169640214551,2022-04-28,11.0,0,True,False
2021-10-08,2021Q3,15,diag4,student_t_ar1,5.21223660688066,5.080942510705558,0.5664040331393582,0.43426834293371264,3.34127932577879,3.2866716567676137,1.8709572811018704,2021-10-28,9.0,0,True,False
2021-10-08,2021Q4,2,diag4,student_t_ar1,5.525227128271726,5.3779858042729245,0.6340414935888304,0.5203690384918666,7.0416786109130936,6.804809235885943,-1.5164514826413678,2022-01-28,9.0,0,True,False
2021-10-08,2022Q1,-12,diag4,student_t_ar1,5.10005029835312,4.9742570470847145,0.5421115007629219,0.5488555096009529,-1.0153057807451127,-1.0204951651818233,6.115356079098233,2022-04-28,9.0,0,True,False
2021-10-15,2021Q3,16,diag4,student_t_ar1,5.21363180357135,5.08226858026274,0.5667059823136685,0.4333977349003438,3.34127932577879,3.2866716567676137,1.8723524777925604,2021-10-28,6.0,0,True,False
2021-10-15,2021Q4,3,diag4,student_t_ar1,5.557299718386988,5.408374478163861,0.6409610665026826,0.5174257653961358,7.0416786109130936,6.804809235885943,-1.4843788925261059,2022-01-28,6.0,0,True,False
2021-10-15,2022Q1,-11,diag4,student_t_ar1,5.09991509773966,4.974128407088805,0.5420822091316211,0.5488342922747507,-1.0153057807451127,-1.0204951651818233,6.115220878484773,2022-04-28,6.0,0,True,False
2021-10-22,2021Q3,17,diag4,student_t_ar1,3.7943568580663722,3.724141773661215,0.2574572964952624,0.42932452848655517,3.34127932577879,3.2866716567676137,0.4530775322875824,2021-10-28,6.0,0,True,False
2021-10-22,2021Q4,4,diag4,student_t_ar1,2.5517751204269246,2.519760818474586,-0.01678309534869284,0.502493240319894,7.0416786109130936,6.804809235885943,-4.489903490486169,2022-01-28,6.0,0,True,False
2021-10-22,2022Q1,-10,diag4,student_t_ar1,4.73021226590955,4.621745058675043,0.461843687314992,0.5474751573527589,-1.0153057807451127,-1.0204951651818233,5.745518046654663,2022-04-28,6.0,0,True,False
2021-10-29,2021Q4,5,diag4,student_t_ar1,2.551882764936675,2.519865784432654,-0.017892825828423997,0.5014750467265495,7.0416786109130936,6.804809235885943,-4.489795845976419,2022-01-28,6.0,0,True,False
2021-10-29,2022Q1,-9,diag4,student_t_ar1,4.701764677246301,4.594578635234432,0.4561099778256259,0.5468814152937129,-1.0153057807451127,-1.0204951651818233,5.717070457991413,2022-04-28,6.0,0,True,False
2021-11-05,2021Q4,6,diag4,student_t_ar1,4.336389110220207,4.245000405140932,0.3762429923308842,0.6070308306062732,7.0416786109130936,6.804809235885943,-2.7052895006928868,2022-01-28,14.0,11,False,True
2021-11-05,2022Q1,-8,diag4,student_t_ar1,5.922384807725267,5.753642112581906,0.7209173884817068,0.5436274405655185,-1.0153057807451127,-1.0204951651818233,6.93769058847038,2022-04-28,14.0,0,True,False
2021-11-12,2021Q4,7,diag4,student_t_ar1,4.336143803939518,4.2447652939097145,0.37618927724316764,0.6069426235400375,7.0416786109130936,6.804809235885943,-2.705534806973575,2022-01-28,4.0,0,True,False
2021-11-12,2022Q1,-7,diag4,student_t_ar1,5.922002948126881,5.7532816030565535,0.7208350240592302,0.5436272756664469,-1.0153057807451127,-1.0204951651818233,6.937308728871994,2022-04-28,4.0,0,True,False
2021-11-19,2021Q4,8,diag4,student_t_ar1,5.2282467421537415,5.096158342801344,0.5707042396536255,0.4542474556274826,7.0416786109130936,6.804809235885943,-1.813431868759352,2022-01-28,11.0,0,True,False
2021-11-19,2022Q1,-6,diag4,student_t_ar1,6.297085907726796,6.106768513387314,0.8015950128388999,0.5418926612564555,-1.0153057807451127,-1.0204951651818233,7.312391688471909,2022-04-28,11.0,0,True,False
2021-11-26,2021Q4,9,diag4,student_t_ar1,5.228709989601676,5.096598572913127,0.5708048175756051,0.4542401390328294,7.0416786109130936,6.804809235885943,-1.8129686213114171,2022-01-28,4.0,0,True,False
2021-11-26,2022Q1,-5,diag4,student_t_ar1,6.297068185212207,6.106751840760859,0.8015912036989118,0.5418926335129738,-1.0153057807451127,-1.0204951651818233,7.3123739659573195,2022-04-28,4.0,0,True,False
2021-12-03,2021Q4,10,diag4,student_t_ar1,5.196902573879392,5.0663670667984055,0.56389792506201,0.44956877068254575,7.0416786109130936,6.804809235885943,-1.8447760370337019,2022-01-28,9.0,10,True,True
2021-12-03,2022Q1,-4,diag4,student_t_ar1,6.25079613830235,6.063211485473698,0.7916436823008386,0.5357655242560567,-1.0153057807451127,-1.0204951651818233,7.266101919047463,2022-04-28,9.0,0,True,False
2021-12-10,2021Q4,11,diag4,student_t_ar1,5.178858676640807,5.049213096991634,0.5599788141454973,0.44548436025581256,7.0416786109130936,6.804809235885943,-1.8628199342722862,2022-01-28,7.0,0,True,False
2021-12-10,2022Q1,-3,diag4,student_t_ar1,6.207076953955815,6.022055858405319,0.7822409918952662,0.5325897478654815,-1.0153057807451127,-1.0204951651818233,7.222382734700927,2022-04-28,7.0,0,True,False
2021-12-17,2021Q4,12,diag4,student_t_ar1,5.102240412348902,4.976340862621126,0.5433299350551657,0.4334396157256463,7.0416786109130936,6.804809235885943,-1.9394381985641918,2022-01-28,10.0,0,True,False
2021-12-17,2022Q1,-2,diag4,student_t_ar1,6.354468711396022,6.160737368837072,0.8139250992811271,0.5292748879306646,-1.0153057807451127,-1.0204951651818233,7.369774492141135,2022-04-28,10.0,0,True,False
2021-12-24,2021Q4,13,diag4,student_t_ar1,5.071345462510646,4.946941402234917,0.5366131372854918,0.43305310088638027,7.0416786109130936,6.804809235885943,-1.9703331484024478,2022-01-28,2.0,0,True,False
2021-12-24,2022Q1,-1,diag4,student_t_ar1,6.186124995620879,6.002326452557518,0.7777334795989633,0.5270653830782104,-1.0153057807451127,-1.0204951651818233,7.201430776365991,2022-04-28,2.0,0,True,False
2021-12-31,2021Q4,14,diag4,student_t_ar1,5.07071684236573,4.946343121112117,0.5364764499701986,0.4330356978221594,7.0416786109130936,6.804809235885943,-1.9709617685473635,2022-01-28,8.0,0,True,False
2021-12-31,2022Q1,0,diag4,student_t_ar1,6.214685196445902,6.02921919460622,0.7838775756959746,0.5270583847677085,-1.0153057807451127,-1.0204951651818233,7.229990977191014,2022-04-28,8.0,0,True,False
2022-01-07,2021Q4,15,diag4,student_t_ar1,5.0240036542575695,4.901874427403378,0.5263168341541448,0.43353946123927833,7.0416786109130936,6.804809235885943,-2.017674956655524,2022-01-28,12.0,3,True,True
2022-01-07,2022Q1,1,diag4,student_t_ar1,5.901144574887129,5.73358746334511,0.716335568900811,0.5207929421717572,-1.0153057807451127,-1.0204951651818233,6.916450355632242,2022-04-28,12.0,0,True,False
2022-01-07,2022Q2,-11,diag4,student_t_ar1,4.750791716057234,4.641393093411089,0.466805522714503,0.5491948849714826,0.6276599617172085,0.625698380341202,4.123131754340026,2022-07-28,12.0,0,True,False
2022-01-14,2021Q4,16,diag4,student_t_ar1,4.929163565096872,4.811530378901983,0.505676227302662,0.4330958998108134,7.0416786109130936,6.804809235885943,-2.112515045816221,2022-01-28,6.0,0,True,False
2022-01-14,2022Q1,2,diag4,student_t_ar1,5.667675989560372,5.512885112713544,0.6659124306183383,0.5192352472816129,-1.0153057807451127,-1.0204951651818233,6.682981770305485,2022-04-28,6.0,0,True,False
2022-01-14,2022Q2,-10,diag4,student_t_ar1,4.734087510405316,4.62544520662421,0.4631619616084846,0.5491799631775358,0.6276599617172085,0.625698380341202,4.106427548688107,2022-07-28,6.0,0,True,False
2022-01-21,2021Q4,17,diag4,student_t_ar1,4.402245476531519,4.308099762504063,0.3906590944374165,0.4286127903340582,7.0416786109130936,6.804809235885943,-2.6394331343815747,2022-01-28,6.0,0,True,False
2022-01-21,2022Q1,3,diag4,student_t_ar1,4.457873012821745,4.361367507450192,0.40282900047479225,0.5011927866039019,-1.0153057807451127,-1.0204951651818233,5.473178793566857,2022-04-28,6.0,0,True,False
2022-01-21,2022Q2,-9,diag4,student_t_ar1,4.451307277088157,4.355081775318535,0.40139291998188337,0.547744368125973,0.6276599617172085,0.625698380341202,3.8236473153709483,2022-07-28,6.0,0,True,False
2022-01-28,2022Q1,4,diag4,student_t_ar1,4.575028583162322,4.473460466705026,0.4220633296805414,0.5015476873941142,-1.0153057807451127,-1.0204951651818233,5.590334363907434,2022-04-28,6.0,0,True,False
2022-01-28,2022Q2,-8,diag4,student_t_ar1,4.6210298937856775,4.517439604457155,0.43211392162974505,0.547308543761767,0.6276599617172085,0.625698380341202,3.993369932068469,2022-07-28,6.0,0,True,False
2022-02-04,2022Q1,5,diag4,student_t_ar1,4.707732104133955,4.60027792488557,0.45104503758467424,0.492265554378018,-1.0153057807451127,-1.0204951651818233,5.7230378848790675,2022-04-28,13.0,11,False,True
2022-02-04,2022Q2,-7,diag4,student_t_ar1,4.669499047621972,4.5637571850452225,0.4426989200257738,0.5449850712248101,0.6276599617172085,0.625698380341202,4.041839085904764,2022-07-28,13.0,0,True,False
2022-02-11,2022Q1,6,diag4,student_t_ar1,4.052934052112023,3.972956493655824,0.3076827060670391,0.5174952282769668,-1.0153057807451127,-1.0204951651818233,5.068239832857135,2022-04-28,5.0,0,True,False
2022-02-11,2022Q2,-6,diag4,student_t_ar1,4.30824837332211,4.2180256049178,0.3636885707233744,0.5441316583979476,0.6276599617172085,0.625698380341202,3.6805884116049015,2022-07-28,5.0,0,True,False
2022-02-18,2022Q1,7,diag4,student_t_ar1,2.5043173149558617,2.4734731849253992,-0.0349955646082738,0.4567657476407572,-1.0153057807451127,-1.0204951651818233,3.5196230957009744,2022-04-28,11.0,0,True,False
2022-02-18,2022Q2,-5,diag4,student_t_ar1,4.070490107020985,3.989827304830993,0.31153820773533814,0.5423647877996577,0.6276599617172085,0.625698380341202,3.442830145303777,2022-07-28,11.0,0,True,False
2022-02-25,2022Q1,8,diag4,student_t_ar1,2.5043173149558617,2.4734731849253992,-0.0349955646082738,0.4567657476407572,-1.0153057807451127,-1.0204951651818233,3.5196230957009744,2022-04-28,0.0,0,True,False
2022-02-25,2022Q2,-4,diag4,student_t_ar1,4.070490107020985,3.989827304830993,0.31153820773533814,0.5423647877996577,0.6276599617172085,0.625698380341202,3.442830145303777,2022-07-28,0.0,0,True,False
2022-03-04,2022Q1,9,diag4,student_t_ar1,2.6943478555832012,2.6586893945868497,0.007332062553885216,0.45091614739397035,-1.0153057807451127,-1.0204951651818233,3.709653636328314,2022-04-28,12.0,35,True,True
2022-03-04,2022Q2,-3,diag4,student_t_ar1,4.359263176015293,4.266921384937222,0.3748627673568549,0.5364579677834814,0.6276599617172085,0.625698380341202,3.731603214298085,2022-07-28,12.0,0,True,False
2022-03-11,2022Q1,10,diag4,student_t_ar1,3.7043997240713056,3.6374355773325324,0.2310058089574547,0.5617715004573977,-1.0153057807451127,-1.0204951651818233,4.719705504816418,2022-04-28,8.0,0,True,False
2022-03-11,2022Q2,-2,diag4,student_t_ar1,5.836628123894783,5.672647507127911,0.6961146237734978,0.5615042095606884,0.6276599617172085,0.625698380341202,5.208968162177574,2022-07-28,8.0,0,True,False
2022-03-18,2022Q1,11,diag4,student_t_ar1,3.3582188054291473,3.303062097810226,0.1545911366131488,0.4352006354491197,-1.0153057807451127,-1.0204951651818233,4.37352458617426,2022-04-28,12.0,0,True,False
2022-03-18,2022Q2,-1,diag4,student_t_ar1,5.564084740086561,5.414802080672542,0.6371889763022535,0.5296216378254193,0.6276599617172085,0.625698380341202,4.936424778369353,2022-07-28,12.0,0,True,False
2022-03-25,2022Q1,12,diag4,student_t_ar1,3.3772851040867025,3.3215072108663226,0.1588064149077938,0.4348339888457751,-1.0153057807451127,-1.0204951651818233,4.392590884831815,2022-04-28,0.0,0,True,False
2022-03-25,2022Q2,0,diag4,student_t_ar1,5.656748876970297,5.502543560754541,0.6572406157476093,0.5271168556366017,0.6276599617172085,0.625698380341202,5.029088915253088,2022-07-28,0.0,0,True,False
2022-04-01,2022Q1,13,diag4,student_t_ar1,3.3972897698484994,3.3408564619397767,0.16322831667762924,0.43415696855736075,-1.0153057807451127,-1.0204951651818233,4.412595550593612,2022-04-28,11.0,26,True,True
2022-04-01,2022Q2,1,diag4,student_t_ar1,5.790526742775359,5.629079013398717,0.6861578766725986,0.5214787842360632,0.6276599617172085,0.625698380341202,5.162866781058151,2022-07-28,11.0,0,True,False
2022-04-01,2022Q3,-12,diag4,student_t_ar1,4.301818318170181,4.2118609406176235,0.3622797544402061,0.5503258172160087,2.9190173117406015,2.877225330117275,1.3828010064295793,2022-10-28,11.0,0,True,False
2022-04-08,2022Q1,14,diag4,student_t_ar1,3.3439429993358694,3.2892491739478658,0.15143445668576033,0.4341645254806704,-1.0153057807451127,-1.0204951651818233,4.359248780080982,2022-04-28,9.0,0,True,False
2022-04-08,2022Q2,2,diag4,student_t_ar1,5.510249751006024,5.363791624685364,0.625531510865812,0.5185914442169023,0.6276599617172085,0.625698380341202,4.882589789288816,2022-07-28,9.0,0,True,False
2022-04-08,2022Q3,-11,diag4,student_t_ar1,4.207478189999536,4.12137084143448,0.34159997059681557,0.549791195742455,2.9190173117406015,2.877225330117275,1.2884608782589346,2022-10-28,9.0,0,True,False
2022-04-15,2022Q1,15,diag4,student_t_ar1,3.711407258451649,3.64419256898611,0.23254999034402582,0.4477639667089266,-1.0153057807451127,-1.0204951651818233,4.726713039196762,2022-04-28,6.0,0,True,False
2022-04-15,2022Q2,3,diag4,student_t_ar1,6.562808879634452,6.356438006275848,0.8523818822270898,0.5599633097206724,0.6276599617172085,0.625698380341202,5.935148917917243,2022-07-28,6.0,0,True,False
2022-04-15,2022Q3,-10,diag4,student_t_ar1,4.309769289377985,4.219483691877839,0.36402178864920987,0.5501033782627452,2.9190173117406015,2.877225330117275,1.3907519776373833,2022-10-28,6.0,0,True,False
2022-04-22,2022Q1,16,diag4,student_t_ar1,3.4203916089355912,3.363196756085965,0.16833376421400448,0.43038050732954497,-1.0153057807451127,-1.0204951651818233,4.435697389680704,2022-04-28,6.0,0,True,False
2022-04-22,2022Q2,4,diag4,student_t_ar1,6.000504990662692,5.827367217548321,0.7314728585051278,0.499766693803881,0.6276599617172085,0.625698380341202,5.372845028945483,2022-07-28,6.0,0,True,False
2022-04-22,2022Q3,-9,diag4,student_t_ar1,4.3336599316773805,4.242384621461861,0.3692553587069881,0.5482768361297917,2.9190173117406015,2.877225330117275,1.414642619936779,2022-10-28,6.0,0,True,False
2022-04-29,2022Q2,5,diag4,student_t_ar1,5.996499090971064,5.823588013488855,0.7369751774327813,0.5028910737531112,0.6276599617172085,0.625698380341202,5.368839129253855,2022-07-28,6.0,0,True,False
2022-04-29,2022Q3,-8,diag4,student_t_ar1,4.039203746823827,3.959760122612347,0.31058614826797426,0.5480416681948218,2.9190173117406015,2.877225330117275,1.1201864350832258,2022-10-28,6.0,0,True,False
2022-05-06,2022Q2,6,diag4,student_t_ar1,5.245000789256271,5.112078700694254,0.5742027634082557,0.4998040082115462,0.6276599617172085,0.625698380341202,4.617340827539063,2022-07-28,14.0,10,True,True
2022-05-06,2022Q3,-7,diag4,student_t_ar1,3.352330020748706,3.2973644837160525,0.1590494990019468,0.5474001431961535,2.9190173117406015,2.877225330117275,0.4333127090081046,2022-10-28,14.0,0,True,False
2022-05-13,2022Q2,7,diag4,student_t_ar1,5.211793972591816,5.080521803728663,0.5669834730829648,0.5042417977194628,0.6276599617172085,0.625698380341202,4.584134010874608,2022-07-28,6.0,0,True,False
2022-05-13,2022Q3,-6,diag4,student_t_ar1,3.330691988638246,3.2764261096017693,0.15425941454480296,0.5474052387194757,2.9190173117406015,2.877225330117275,0.41167467689764425,2022-10-28,6.0,0,True,False
2022-05-20,2022Q2,8,diag4,student_t_ar1,4.470404428465002,4.373363409404452,0.4052064212974347,0.4709715534116649,0.6276599617172085,0.625698380341202,3.842744466747794,2022-07-28,9.0,0,True,False
2022-05-20,2022Q3,-5,diag4,student_t_ar1,2.7738213984235482,2.736047894535714,0.030636764818561108,0.5492357152107656,2.9190173117406015,2.877225330117275,-0.14519591331705328,2022-10-28,9.0,0,True,False
2022-05-27,2022Q2,9,diag4,student_t_ar1,4.4753601896158735,4.378106995531553,0.40629161435275657,0.4709754978028449,0.6276599617172085,0.625698380341202,3.847700227898665,2022-07-28,4.0,0,True,False
2022-05-27,2022Q3,-4,diag4,student_t_ar1,2.773557392450532,2.73579101364083,0.030577998021521204,0.5492371172992081,2.9190173117406015,2.877225330117275,-0.14545991929006963,2022-10-28,4.0,0,True,False
2022-06-03,2022Q2,10,diag4,student_t_ar1,4.720205294290669,4.612189602311622,0.45984283329195963,0.46031047730787983,0.6276599617172085,0.625698380341202,4.092545332573461,2022-07-28,9.0,9,True,True
2022-06-03,2022Q3,-3,diag4,student_t_ar1,3.224655650983621,3.173754987134057,0.13077128001984886,0.5407582117054315,2.9190173117406015,2.877225330117275,0.30563833924301953,2022-10-28,9.0,0,True,False
2022-06-10,2022Q2,11,diag4,student_t_ar1,4.759168388858748,4.649389536923149,0.46835308473826887,0.45640609721385883,0.6276599617172085,0.625698380341202,4.131508427141539,2022-07-28,7.0,0,True,False
2022-06-10,2022Q3,-2,diag4,student_t_ar1,3.2692846063882453,3.2169804261410113,0.14065998973581428,0.5379987263578748,2.9190173117406015,2.877225330117275,0.3502672946476437,2022-10-28,7.0,0,True,False
2022-06-17,2022Q2,12,diag4,student_t_ar1,4.321817448748888,4.231033390149945,0.3726454970683218,0.4445810793697957,0.6276599617172085,0.625698380341202,3.6941574870316796,2022-07-28,10.0,0,True,False
2022-06-17,2022Q3,-1,diag4,student_t_ar1,2.983565165410562,2.9399228009385596,0.07727734994860462,0.5334211025227655,2.9190173117406015,2.877225330117275,0.06454785366996063,2022-10-28,10.0,0,True,False
2022-06-24,2022Q2,13,diag4,student_t_ar1,4.287984831303349,4.198597121698152,0.3652250323984939,0.4448693134496661,0.6276599617172085,0.625698380341202,3.66032486958614,2022-07-28,2.0,0,True,False
2022-06-24,2022Q3,0,diag4,student_t_ar1,2.834004684328062,2.794589720272541,0.044029413551659624,0.5340580122648936,2.9190173117406015,2.877225330117275,-0.08501262741253957,2022-10-28,2.0,0,True,False
2022-07-01,2022Q2,14,diag4,student_t_ar1,4.216175430403379,4.12971657403999,0.34946718802451987,0.4454068604822183,0.6276599617172085,0.625698380341202,3.588515468686171,2022-07-28,11.0,4,True,True
2022-07-01,2022Q3,1,diag4,student_t_ar1,2.5164534938178384,2.485312159901707,-0.026724200209836183,0.5318847318593714,2.9190173117406015,2.877225330117275,-0.4025638179227631,2022-10-28,11.0,0,True,False
2022-07-01,2022Q4,-13,diag4,student_t_ar1,2.9092565608061394,2.867740966518311,0.06076426821372901,0.5541345492936881,2.7896792303830242,2.7514765401293477,0.11957733042311514,2023-01-28,11.0,0,True,False
2022-07-08,2022Q2,15,diag4,student_t_ar1,4.376229764861228,4.283177929183013,0.3845746346691657,0.44901468021704716,0.6276599617172085,0.625698380341202,3.7485698031440196,2022-07-28,9.0,0,True,False
2022-07-08,2022Q3,2,diag4,student_t_ar1,3.1512083886364506,3.1025768328572676,0.11448781079590112,0.5397937964599739,2.9190173117406015,2.877225330117275,0.23219107689584906,2022-10-28,9.0,0,True,False
2022-07-08,2022Q4,-12,diag4,student_t_ar1,3.1224895720576074,3.0747314826760963,0.10811761326391749,0.5536623610547416,2.7896792303830242,2.7514765401293477,0.3328103416745831,2023-01-28,9.0,0,True,False
2022-07-15,2022Q2,16,diag4,student_t_ar1,4.439709928108182,4.343978043672191,0.39848391348028916,0.4470932517341752,0.6276599617172085,0.625698380341202,3.8120499663909735,2022-07-28,6.0,0,True,False
2022-07-15,2022Q3,3,diag4,student_t_ar1,3.295773559824755,3.2426275068398027,0.14652728783431324,0.5336688701284251,2.9190173117406015,2.877225330117275,0.37675624808415353,2022-10-28,6.0,0,True,False
2022-07-15,2022Q4,-11,diag4,student_t_ar1,3.1275938489343735,3.079681082495071,0.10924993619560965,0.5536158811095226,2.7896792303830242,2.7514765401293477,0.3379146185513493,2023-01-28,6.0,0,True,False
2022-07-22,2022Q2,17,diag4,student_t_ar1,3.967303881181783,3.890627796585114,0.29477070440486386,0.44031451990294124,0.6276599617172085,0.625698380341202,3.3396439194645744,2022-07-28,6.0,0,True,False
2022-07-22,2022Q3,4,diag4,student_t_ar1,2.1916573882737156,2.1679858197857373,-0.09931913816134394,0.5076231869320309,2.9190173117406015,2.877225330117275,-0.7273599234668859,2022-10-28,6.0,0,True,False
2022-07-22,2022Q4,-10,diag4,student_t_ar1,2.8479316878447847,2.8081319921741614,0.047127487250998044,0.5522108098484999,2.7896792303830242,2.7514765401293477,0.05825245746176044,2023-01-28,6.0,0,True,False
2022-07-29,2022Q3,5,diag4,student_t_ar1,2.1959208699433352,2.172157777501146,-0.09560640655283967,0.5094600889126889,2.9190173117406015,2.877225330117275,-0.7230964417972663,2022-10-28,6.0,0,True,False
2022-07-29,2022Q4,-9,diag4,student_t_ar1,2.623818127984645,2.5899865303907843,0.00023718146642359974,0.5517925883208081,2.7896792303830242,2.7514765401293477,-0.16586110239837915,2023-01-28,6.0,0,True,False
2022-08-05,2022Q3,6,diag4,student_t_ar1,3.2975072282759976,3.244305846468931,0.15032812310108015,0.5361754214489918,2.9190173117406015,2.877225330117275,0.3784899165353961,2022-10-28,14.0,11,True,True
2022-08-05,2022Q4,-8,diag4,student_t_ar1,3.23291927782281,3.181760144461366,0.13598108629681308,0.5517769665851967,2.7896792303830242,2.7514765401293477,0.44324004743978573,2023-01-28,14.0,0,True,False
2022-08-12,2022Q3,7,diag4,student_t_ar1,3.297741803575027,3.2445329332970454,0.1503802133802863,0.5361922581621029,2.9190173117406015,2.877225330117275,0.3787244918344257,2022-10-28,4.0,0,True,False
2022-08-12,2022Q4,-7,diag4,student_t_ar1,3.2330295840883316,3.18186699623632,0.13600559647574878,0.5517771702581447,2.7896792303830242,2.7514765401293477,0.4433503537053074,2023-01-28,4.0,0,True,False
2022-08-19,2022Q3,8,diag4,student_t_ar1,2.362414689586889,2.3349415193159384,-0.05826628149243721,0.46855134716780733,2.9190173117406015,2.877225330117275,-0.5566026221537124,2022-10-28,11.0,0,True,False
2022-08-19,2022Q4,-6,diag4,student_t_ar1,2.967301505071962,2.924129072429101,0.07688442011945315,0.5520528851898366,2.7896792303830242,2.7514765401293477,0.17762227468893776,2023-01-28,11.0,0,True,False
2022-08-26,2022Q3,9,diag4,student_t_ar1,2.4270082302393137,2.3980244089237437,-0.043796021988223285,0.46637650245605394,2.9190173117406015,2.877225330117275,-0.49200908150128786,2022-10-28,4.0,0,True,False
2022-08-26,2022Q4,-5,diag4,student_t_ar1,3.088926014132065,3.0421789121731373,0.1039632655266191,0.5498418574229236,2.7896792303830242,2.7514765401293477,0.2992467837490409,2023-01-28,4.0,0,True,False
2022-09-02,2022Q3,10,diag4,student_t_ar1,2.439289167017966,2.410013630137174,-0.041045876215092675,0.4628093645209419,2.9190173117406015,2.877225330117275,-0.47972814472263536,2022-10-28,8.0,23,True,True
2022-09-02,2022Q4,-4,diag4,student_t_ar1,3.1314185820089824,3.0833897525114446,0.11341640817416594,0.5446252522966305,2.7896792303830242,2.7514765401293477,0.34173935162595814,2023-01-28,8.0,0,True,False
2022-09-09,2022Q3,11,diag4,student_t_ar1,2.281597638685584,2.2559584558163497,-0.07638380008396743,0.4620948865182305,2.9190173117406015,2.877225330117275,-0.6374196730550175,2022-10-28,8.0,0,True,False
2022-09-09,2022Q4,-3,diag4,student_t_ar1,2.918890751461012,2.8771023592993377,0.06609720433322974,0.5426492216988303,2.7896792303830242,2.7514765401293477,0.1292115210779876,2023-01-28,8.0,0,True,False
2022-09-16,2022Q3,12,diag4,student_t_ar1,2.270362560692041,2.2449733955960753,-0.07890360653299092,0.46002124465746586,2.9190173117406015,2.877225330117275,-0.6486547510485607,2022-10-28,8.0,0,True,False
2022-09-16,2022Q4,-2,diag4,student_t_ar1,2.9344145170292935,2.892184716687239,0.069556868700146,0.5404250426475004,2.7896792303830242,2.7514765401293477,0.14473528664626922,2023-01-28,8.0,0,True,False
2022-09-23,2022Q3,13,diag4,student_t_ar1,1.9261744204724485,1.907858504939578,-0.15623265694368513,0.447227605082606,2.9190173117406015,2.877225330117275,-0.9928428912681531,2022-10-28,4.0,0,True,False
2022-09-23,2022Q4,-1,diag4,student_t_ar1,2.5472020577356203,2.515301446950673,-0.016894445591106772,0.536815375295868,2.7896792303830242,2.7514765401293477,-0.24247717264740398,2023-01-28,4.0,0,True,False
2022-09-30,2022Q3,14,diag4,student_t_ar1,1.9572897467209138,1.9383811631817465,-0.14923122139961703,0.44723233808837687,2.9190173117406015,2.877225330117275,-0.9617275650196877,2022-10-28,8.0,0,True,False
2022-09-30,2022Q4,0,diag4,student_t_ar1,2.599390237269872,2.566180362438594,-0.005223592924394282,0.5367958824160236,2.7896792303830242,2.7514765401293477,-0.1902889931131524,2023-01-28,8.0,0,True,False
2022-10-07,2022Q3,15,diag4,student_t_ar1,1.8894078709645212,1.8717802527339487,-0.16450846160513397,0.44637712885385383,2.9190173117406015,2.877225330117275,-1.0296094407760803,2022-10-28,12.0,20,True,True
2022-10-07,2022Q4,1,diag4,student_t_ar1,2.3094866946216097,2.2832216732724437,-0.07013003089295236,0.5280706415311559,2.7896792303830242,2.7514765401293477,-0.4801925357614145,2023-01-28,12.0,0,True,False
2022-10-07,2023Q1,-12,diag4,student_t_ar1,2.386095357803164,2.358072987590241,-0.052960272989598434,0.5570669506314037,2.9269931752128775,2.884974679698935,-0.5408978174097134,2023-04-28,12.0,0,True,False
2022-10-14,2022Q3,16,diag4,student_t_ar1,1.850620767383826,1.8337051584007389,-0.17324231160906278,0.44578680635422746,2.9190173117406015,2.877225330117275,-1.0683965443567756,2022-10-28,6.0,0,True,False
2022-10-14,2022Q4,2,diag4,student_t_ar1,2.219869475280123,2.195589045120844,-0.09023162862054022,0.5261018265374675,2.7896792303830242,2.7514765401293477,-0.5698097551029013,2023-01-28,6.0,0,True,False
2022-10-14,2023Q1,-11,diag4,student_t_ar1,2.3888564196318907,2.360769666851968,-0.05234169560737282,0.5570461015527755,2.9269931752128775,2.884974679698935,-0.5381367555809868,2023-04-28,6.0,0,True,False
2022-10-21,2022Q3,17,diag4,student_t_ar1,2.0073196969272677,1.9874386456010598,-0.13797817789377473,0.4425192329499774,2.9190173117406015,2.877225330117275,-0.9116976148133338,2022-10-28,6.0,0,True,False
2022-10-21,2022Q4,3,diag4,student_t_ar1,2.2896017163138493,2.263783680146645,-0.07458881213331957,0.5168517194220719,2.7896792303830242,2.7514765401293477,-0.5000775140691749,2023-01-28,6.0,0,True,False
2022-10-21,2023Q1,-10,diag4,student_t_ar1,2.1074403186808865,2.08554093842466,-0.11547499765042325,0.5560602885569184,2.9269931752128775,2.884974679698935,-0.819552856531991,2023-04-28,6.0,0,True,False
2022-10-28,2022Q4,4,diag4,student_t_ar1,2.3259587809206117,2.2993206304167293,-0.06709815034796894,0.5158403334753477,2.7896792303830242,2.7514765401293477,-0.46372044946241253,2023-01-28,6.0,0,True,False
2022-10-28,2023Q1,-9,diag4,student_t_ar1,2.15751077134001,2.1345659457935584,-0.10501643463948496,0.5555150446799295,2.9269931752128775,2.884974679698935,-0.7694824038728676,2023-04-28,6.0,0,True,False
2022-11-04,2022Q4,5,diag4,student_t_ar1,2.379340937507579,2.35147576061656,-0.055094649150406676,0.5046203010308226,2.7896792303830242,2.7514765401293477,-0.4103382928754451,2023-01-28,13.0,9,True,True
2022-11-04,2023Q1,-8,diag4,student_t_ar1,2.174434016702853,2.151130409484331,-0.10120412396194754,0.5521781862376315,2.9269931752128775,2.884974679698935,-0.7525591585100244,2023-04-28,13.0,0,True,False
2022-11-11,2022Q4,6,diag4,student_t_ar1,2.901587525669802,2.8602884581979353,0.06200857351152653,0.5216954590989642,2.7896792303830242,2.7514765401293477,0.11190829528677781,2023-01-28,5.0,0,True,False
2022-11-11,2023Q1,-7,diag4,student_t_ar1,2.4163828769895535,2.3876502853536716,-0.046769083681785284,0.5514815873330543,2.9269931752128775,2.884974679698935,-0.510610298223324,2023-04-28,5.0,0,True,False
2022-11-18,2022Q4,7,diag4,student_t_ar1,2.5186575077173368,2.487462049146359,-0.023797410106705115,0.46420673504782295,2.7896792303830242,2.7514765401293477,-0.27102172266568747,2023-01-28,11.0,0,True,False
2022-11-18,2023Q1,-6,diag4,student_t_ar1,2.3173925331198886,2.290948750508864,-0.06902493818484855,0.5503584783334655,2.9269931752128775,2.884974679698935,-0.6096006420929889,2023-04-28,11.0,0,True,False
2022-11-25,2022Q4,8,diag4,student_t_ar1,2.4271639787291965,2.39817646683713,-0.044346483420634804,0.46508987742975344,2.7896792303830242,2.7514765401293477,-0.3625152516538277,2023-01-28,0.0,0,True,False
2022-11-25,2023Q1,-5,diag4,student_t_ar1,2.1474810712170056,2.124747585468028,-0.10727612988852459,0.5499495413611005,2.9269931752128775,2.884974679698935,-0.7795121039958719,2023-04-28,0.0,0,True,False
2022-12-02,2022Q4,9,diag4,student_t_ar1,2.3817258250643514,2.3538051952054446,-0.05455852986990278,0.4632543186687717,2.7896792303830242,2.7514765401293477,-0.40795340531867286,2023-01-28,11.0,15,True,True
2022-12-02,2023Q1,-4,diag4,student_t_ar1,2.023881900814617,2.0036736173054237,-0.13514129897668745,0.5453062938813242,2.9269931752128775,2.884974679698935,-0.9031112743982606,2023-04-28,11.0,0,True,False
2022-12-09,2022Q4,10,diag4,student_t_ar1,2.4011140155491884,2.372740561623709,-0.050200556021365556,0.457473078811953,2.7896792303830242,2.7514765401293477,-0.3885652148338359,2023-01-28,9.0,0,True,False
2022-12-09,2023Q1,-3,diag4,student_t_ar1,2.067244808183899,2.0461672903239725,-0.12536138177558673,0.5420670012768518,2.9269931752128775,2.884974679698935,-0.8597483670289785,2023-04-28,9.0,0,True,False
2022-12-16,2022Q4,11,diag4,student_t_ar1,2.157008574822683,2.134074354183789,-0.10512957442945325,0.45660614943493216,2.7896792303830242,2.7514765401293477,-0.6326706555603412,2023-01-28,8.0,0,True,False
2022-12-16,2023Q1,-2,diag4,student_t_ar1,1.9230607562840119,1.9048036353091011,-0.15789622150777263,0.5418390107924106,2.9269931752128775,2.884974679698935,-1.0039324189288656,2023-04-28,8.0,0,True,False
2022-12-23,2022Q4,12,diag4,student_t_ar1,1.9670060636303166,1.9479105004077462,-0.14797517817316283,0.4438357061026883,2.7896792303830242,2.7514765401293477,-0.8226731667527076,2023-01-28,4.0,0,True,False
2022-12-23,2023Q1,-1,diag4,student_t_ar1,1.6496474421626939,1.6361885729661303,-0.21971796771304936,0.5360966279855688,2.9269931752128775,2.884974679698935,-1.2773457330501836,2023-04-28,4.0,0,True,False
2022-12-30,2022Q4,13,diag4,student_t_ar1,1.9704021788983672,1.951241047066771,-0.14720865298845012,0.44381537486533745,2.7896792303830242,2.7514765401293477,-0.819277051484657,2023-01-28,8.0,0,True,False
2022-12-30,2023Q1,0,diag4,student_t_ar1,1.6588125253392372,1.6452045117856027,-0.21764294974258253,0.5360779476820541,2.9269931752128775,2.884974679698935,-1.2681806498736403,2023-04-28,8.0,0,True,False
2023-01-06,2022Q4,14,diag4,student_t_ar1,1.9169605211868834,1.8988183189215542,-0.15927374184278928,0.4420545654936047,2.7896792303830242,2.7514765401293477,-0.8727187091961408,2023-01-28,10.0,23,True,True
2023-01-06,2023Q1,1,diag4,student_t_ar1,1.5239860570985142,1.5124900409045177,-0.24818718008102214,0.5247284253040915,2.9269931752128775,2.884974679698935,-1.4030071181143633,2023-04-28,10.0,0,True,False
2023-01-06,2023Q2,-12,diag4,student_t_ar1,1.587515456104227,1.5750462236949114,-0.23378987703216791,0.5569546960108614,2.5352403907615395,2.503636219206331,-0.9477249346573124,2023-07-28,10.0,0,True,False
2023-01-13,2022Q4,15,diag4,student_t_ar1,1.9172273573326626,1.899080135791976,-0.15921348470019162,0.4418054459368523,2.7896792303830242,2.7514765401293477,-0.8724518730503616,2023-01-28,6.0,0,True,False
2023-01-13,2023Q1,2,diag4,student_t_ar1,1.5287123996416963,1.517145327517257,-0.2471157660472174,0.5238989390209421,2.9269931752128775,2.884974679698935,-1.3982807755711812,2023-04-28,6.0,0,True,False
2023-01-13,2023Q2,-11,diag4,student_t_ar1,1.5892908912376935,1.576793898703127,-0.23338764969664624,0.556937950339736,2.5352403907615395,2.503636219206331,-0.945949499523846,2023-07-28,6.0,0,True,False
2023-01-20,2022Q4,16,diag4,student_t_ar1,1.1688710011568793,1.1620924744260748,-0.3288311664488392,0.43912996841589613,2.7896792303830242,2.7514765401293477,-1.620808229226145,2023-01-28,8.0,0,True,False
2023-01-20,2023Q1,3,diag4,student_t_ar1,-0.34428788493112705,-0.34488191952099934,-0.6756612649095655,0.5141040731523626,2.9269931752128775,2.884974679698935,-3.2712810601440045,2023-04-28,8.0,0,True,False
2023-01-20,2023Q2,-10,diag4,student_t_ar1,1.2112293057559453,1.2039526228827333,-0.31919705490114597,0.5558626582435023,2.5352403907615395,2.503636219206331,-1.3240110850055942,2023-07-28,8.0,0,True,False
2023-01-27,2022Q4,17,diag4,student_t_ar1,1.201400071962233,1.1942405472759356,-0.32143228872628155,0.43911145367560334,2.7896792303830242,2.7514765401293477,-1.5882791584207911,2023-01-28,4.0,0,True,False
2023-01-27,2023Q1,4,diag4,student_t_ar1,-0.33328492795178244,-0.3338415592907946,-0.6731203264297453,0.5141096605487999,2.9269931752128775,2.884974679698935,-3.26027810316466,2023-04-28,4.0,0,True,False
2023-01-27,2023Q2,-9,diag4,student_t_ar1,1.2123509153948886,1.2050608036961727,-0.3189420071298094,0.5558625902271167,2.5352403907615395,2.503636219206331,-1.322889475366651,2023-07-28,4.0,0,True,False
2023-02-03,2023Q1,5,diag4,student_t_ar1,-0.07698196840077998,-0.07701161473393325,-0.6162954426901599,0.5021443425462567,2.9269931752128775,2.884974679698935,-3.0039751436136575,2023-04-28,12.0,13,False,True
2023-02-03,2023Q2,-8,diag4,student_t_ar1,1.431079806355684,1.4209365171360002,-0.2703970364902822,0.5549985904672455,2.5352403907615395,2.503636219206331,-1.1041605844058555,2023-07-28,12.0,0,True,False
2023-02-10,2023Q1,6,diag4,student_t_ar1,0.527223995865822,0.5258390359181191,-0.47708830006580477,0.5294393920572872,2.9269931752128775,2.884974679698935,-2.3997691793470555,2023-04-28,7.0,0,True,False
2023-02-10,2023Q2,-7,diag4,student_t_ar1,1.699917498732706,1.6856305844193322,-0.20927525659956323,0.5545345822624665,2.5352403907615395,2.503636219206331,-0.8353228920288336,2023-07-28,7.0,0,True,False
2023-02-17,2023Q1,7,diag4,student_t_ar1,1.8732840331743938,1.8559541584935402,-0.1699450210880102,0.46588572973083514,2.9269931752128775,2.884974679698935,-1.0537091420384836,2023-04-28,10.0,0,True,False
2023-02-17,2023Q2,-6,diag4,student_t_ar1,1.5548685942159635,1.5429043717402402,-0.24223285268602734,0.5527197903588259,2.5352403907615395,2.503636219206331,-0.980371796545576,2023-07-28,10.0,0,True,False
2023-02-24,2023Q1,8,diag4,student_t_ar1,1.900871663460224,1.883030831057884,-0.16369261642463181,0.4658231283760697,2.9269931752128775,2.884974679698935,-1.0261215117526534,2023-04-28,2.0,0,True,False
2023-02-24,2023Q2,-5,diag4,student_t_ar1,1.5536464856487964,1.541700967179168,-0.24251073661994496,0.5527021018813847,2.5352403907615395,2.503636219206331,-0.9815939051127431,2023-07-28,2.0,0,True,False
2023-03-03,2023Q1,9,diag4,student_t_ar1,1.9911098853435893,1.9715465510874044,-0.14325302587377278,0.46127612657644695,2.9269931752128775,2.884974679698935,-0.9358832898692881,2023-04-28,12.0,6,True,True
2023-03-03,2023Q2,-4,diag4,student_t_ar1,1.6549431395741943,1.641398192087404,-0.21948917100988552,0.5466215577019934,2.5352403907615395,2.503636219206331,-0.8802972511873453,2023-07-28,12.0,0,True,False
2023-03-10,2023Q1,10,diag4,student_t_ar1,2.0766312338719617,2.0553631828255243,-0.12389852439643119,0.45814004306951417,2.9269931752128775,2.884974679698935,-0.8503619413409158,2023-04-28,8.0,0,True,False
2023-03-10,2023Q2,-3,diag4,student_t_ar1,1.7597858019684498,1.744480866801923,-0.19568585490570115,0.5444639262630563,2.5352403907615395,2.503636219206331,-0.7754545887930897,2023-07-28,8.0,0,True,False
2023-03-17,2023Q1,11,diag4,student_t_ar1,2.286874707964315,2.2611176763153615,-0.07638676490863507,0.445335789996677,2.9269931752128775,2.884974679698935,-0.6401184672485627,2023-04-28,10.0,0,True,False
2023-03-17,2023Q2,-2,diag4,student_t_ar1,1.7915410046511537,1.7756820418947177,-0.18848104153029502,0.5396335765855522,2.5352403907615395,2.503636219206331,-0.7436993861103858,2023-07-28,10.0,0,True,False
2023-03-24,2023Q1,12,diag4,student_t_ar1,2.2373827779969657,2.212720550671936,-0.08756237791455296,0.44580457255709655,2.9269931752128775,2.884974679698935,-0.6896103972159118,2023-04-28,2.0,0,True,False
2023-03-24,2023Q2,-1,diag4,student_t_ar1,1.5700381286224863,1.5578405355809597,-0.23878387127116635,0.5408788126277285,2.5352403907615395,2.503636219206331,-0.9652022621390532,2023-07-28,2.0,0,True,False
2023-03-31,2023Q1,13,diag4,student_t_ar1,2.20477339769376,2.180819712616086,-0.09492875382917436,0.44582444210055483,2.9269931752128775,2.884974679698935,-0.7222197775191175,2023-04-28,8.0,0,True,False
2023-03-31,2023Q2,0,diag4,student_t_ar1,1.5678236620662256,1.5556602757940043,-0.23928732554262241,0.5408703520481652,2.5352403907615395,2.503636219206331,-0.9674167286953139,2023-07-28,8.0,0,True,False
2023-04-07,2023Q1,14,diag4,student_t_ar1,2.0630213190182545,2.042029257051014,-0.12697752531486287,0.445585833986718,2.9269931752128775,2.884974679698935,-0.863971856194623,2023-04-28,12.0,15,True,True
2023-04-07,2023Q2,1,diag4,student_t_ar1,1.0515577064388326,1.0460672947464091,-0.35695989123751587,0.5343171508885782,2.5352403907615395,2.503636219206331,-1.483682684322707,2023-07-28,12.0,0,True,False
2023-04-07,2023Q3,-12,diag4,student_t_ar1,1.007240169584045,1.0022013131298901,-0.3670891959876115,0.559853613166425,4.694888429547928,4.5880109584365245,-3.6876482599638827,2023-10-28,12.0,0,True,False
2023-04-14,2023Q1,15,diag4,student_t_ar1,1.9364155095758617,1.9179055558629983,-0.15563952602043368,0.4464847217794332,2.9269931752128775,2.884974679698935,-0.9905776656370158,2023-04-28,6.0,0,True,False
2023-04-14,2023Q2,2,diag4,student_t_ar1,0.7477184549634863,0.7449368973982491,-0.42649535931212657,0.5371588386187605,2.5352403907615395,2.503636219206331,-1.7875219357980532,2023-07-28,6.0,0,True,False
2023-04-14,2023Q3,-11,diag4,student_t_ar1,1.0082171212075997,1.0031685179533987,-0.36686585407089056,0.5598636589264139,4.694888429547928,4.5880109584365245,-3.686671308340328,2023-10-28,6.0,0,True,False
2023-04-21,2023Q1,16,diag4,student_t_ar1,2.536256317265173,2.5046270214581736,-0.020156851076753236,0.44047011477441284,2.9269931752128775,2.884974679698935,-0.3907368579477044,2023-04-28,6.0,0,True,False
2023-04-21,2023Q2,3,diag4,student_t_ar1,2.0036060790102894,1.9837980387038927,-0.14042397595544837,0.5111454308967563,2.5352403907615395,2.503636219206331,-0.5316343117512501,2023-07-28,6.0,0,True,False
2023-04-21,2023Q3,-10,diag4,student_t_ar1,1.0657058511216455,1.0600672316710424,-0.35372709848181183,0.558374289896433,4.694888429547928,4.5880109584365245,-3.629182578426282,2023-10-28,6.0,0,True,False
2023-04-28,2023Q2,4,diag4,student_t_ar1,2.0249821473454555,2.004752032062574,-0.13647530668835836,0.5099814452556138,2.5352403907615395,2.503636219206331,-0.5102582434160841,2023-07-28,6.0,0,True,False
2023-04-28,2023Q3,-9,diag4,student_t_ar1,1.091458301132353,1.085544884425028,-0.3494323242773573,0.5578586710002893,4.694888429547928,4.5880109584365245,-3.6034301284155745,2023-10-28,6.0,0,True,False
2023-05-05,2023Q2,5,diag4,student_t_ar1,2.6832216426267763,2.64785450838726,0.012515250787384143,0.5115544212282019,2.5352403907615395,2.503636219206331,0.1479812518652368,2023-07-28,14.0,11,False,True
2023-05-05,2023Q3,-8,diag4,student_t_ar1,1.464999073541895,1.4543716310026176,-0.2639845074712287,0.5545809056447413,4.694888429547928,4.5880109584365245,-3.2298893560060327,2023-10-28,14.0,0,True,False
2023-05-12,2023Q2,6,diag4,student_t_ar1,2.6835352350845776,2.648159905874724,0.012586003651171821,0.5115741472458649,2.5352403907615395,2.503636219206331,0.14829484432303808,2023-07-28,4.0,0,True,False
2023-05-12,2023Q3,-7,diag4,student_t_ar1,1.4651657948968166,1.4545359450217006,-0.26394644007418777,0.5545809893929219,4.694888429547928,4.5880109584365245,-3.229722634651111,2023-10-28,4.0,0,True,False
2023-05-19,2023Q2,7,diag4,student_t_ar1,3.123247295148568,3.075466259648916,0.11158206447430123,0.4666243241858792,2.5352403907615395,2.503636219206331,0.5880069043870284,2023-07-28,11.0,0,True,False
2023-05-19,2023Q3,-6,diag4,student_t_ar1,1.2847474789559943,1.276564610140557,-0.3051778913200019,0.5547800212299645,4.694888429547928,4.5880109584365245,-3.4101409505919333,2023-10-28,11.0,0,True,False
2023-05-26,2023Q2,8,diag4,student_t_ar1,3.2198554831293524,3.1691046645570333,0.13327571153989895,0.4640851572347713,2.5352403907615395,2.503636219206331,0.6846150923678129,2023-07-28,4.0,0,True,False
2023-05-26,2023Q3,-5,diag4,student_t_ar1,1.4739814069239188,1.4632238814343748,-0.26193366522555755,0.5525394745154253,4.694888429547928,4.5880109584365245,-3.220907022624009,2023-10-28,4.0,0,True,False
2023-06-02,2023Q2,9,diag4,student_t_ar1,3.151488152606552,3.1028480498358055,0.11792573182875363,0.46135343412088,2.5352403907615395,2.503636219206331,0.6162477618450124,2023-07-28,8.0,3,True,True
2023-06-02,2023Q3,-4,diag4,student_t_ar1,1.3169420854898695,1.3083457930853353,-0.29781499607624223,0.5480338489618494,4.694888429547928,4.5880109584365245,-3.377946344058058,2023-10-28,8.0,0,True,False
2023-06-09,2023Q2,10,diag4,student_t_ar1,3.2791829044562792,3.2265649059436483,0.1465877943137184,0.4604065607654845,2.5352403907615395,2.503636219206331,0.7439425136947397,2023-07-28,8.0,0,True,False
2023-06-09,2023Q3,-3,diag4,student_t_ar1,1.4790477431459337,1.4682165009032968,-0.26077700173051077,0.5462201475630296,4.694888429547928,4.5880109584365245,-3.215840686401994,2023-10-28,8.0,0,True,False
2023-06-16,2023Q2,11,diag4,student_t_ar1,3.6934841339493873,3.626909346371118,0.2393374626130648,0.46576728528714634,2.5352403907615395,2.503636219206331,1.1582437431878478,2023-07-28,8.0,0,True,False
2023-06-16,2023Q3,-2,diag4,student_t_ar1,1.8583925330891926,1.8413354203937862,-0.17433479715786335,0.548146215806849,4.694888429547928,4.5880109584365245,-2.836495896458735,2023-10-28,8.0,0,True,False
2023-06-23,2023Q2,12,diag4,student_t_ar1,2.9251973135972387,2.8832298727951007,0.06704576194261554,0.44411215331259535,2.5352403907615395,2.503636219206331,0.38995692283569916,2023-07-28,4.0,0,True,False
2023-06-23,2023Q3,-1,diag4,student_t_ar1,1.2971165771296977,1.2887760667254833,-0.3023488060790668,0.5391865364828855,4.694888429547928,4.5880109584365245,-3.39777185241823,2023-10-28,4.0,0,True,False
2023-06-30,2023Q2,13,diag4,student_t_ar1,2.9436930268145423,2.901198312063877,0.0712085942783323,0.4440903080151783,2.5352403907615395,2.503636219206331,0.40845263605300275,2023-07-28,8.0,0,True,False
2023-06-30,2023Q3,0,diag4,student_t_ar1,1.3075201780151868,1.2990459214151342,-0.2999695408270489,0.5391758805370416,4.694888429547928,4.5880109584365245,-3.387368251532741,2023-10-28,8.0,0,True,False
2023-07-07,2023Q2,14,diag4,student_t_ar1,2.8852429593054563,2.844403509330996,0.058050676788640475,0.44250152197344594,2.5352403907615395,2.503636219206331,0.35000256854391676,2023-07-28,12.0,18,True,True
2023-07-07,2023Q3,1,diag4,student_t_ar1,1.069067538946844,1.063393416244969,-0.3545642584784424,0.5282878498655622,4.694888429547928,4.5880109584365245,-3.6258208906010836,2023-10-28,12.0,0,True,False
2023-07-07,2023Q4,-12,diag4,student_t_ar1,1.1773002123094178,1.1704239502398943,-0.3297679942532378,0.5600092082392022,3.4192155752948095,3.3620596105877665,-2.2419153629853916,2024-01-28,12.0,0,True,False
2023-07-14,2023Q2,15,diag4,student_t_ar1,2.900552802309053,2.859282906594721,0.0614978563204235,0.4419391029481228,2.5352403907615395,2.503636219206331,0.3653124115475137,2023-07-28,6.0,0,True,False
2023-07-14,2023Q3,2,diag4,student_t_ar1,1.1009576981527047,1.0949412774404683,-0.3472554179752195,0.5263949014982907,4.694888429547928,4.5880109584365245,-3.593930731395223,2023-10-28,6.0,0,True,False
2023-07-14,2023Q4,-11,diag4,student_t_ar1,1.1871097529998043,1.1801188770303888,-0.3275219252356571,0.559982070114224,3.4192155752948095,3.3620596105877665,-2.232105822295005,2024-01-28,6.0,0,True,False
2023-07-21,2023Q2,16,diag4,student_t_ar1,2.444638966911894,2.4152359039815496,-0.04137658888909393,0.439239066492561,2.5352403907615395,2.503636219206331,-0.09060142384964553,2023-07-28,6.0,0,True,False
2023-07-21,2023Q3,3,diag4,student_t_ar1,-0.13073013101337905,-0.13081565739645118,-0.6312322580191484,0.5153696848092116,4.694888429547928,4.5880109584365245,-4.825618560561306,2023-10-28,6.0,0,True,False
2023-07-21,2023Q4,-10,diag4,student_t_ar1,0.8586034045003021,0.8549383692720403,-0.402858013829259,0.5586682442362547,3.4192155752948095,3.3620596105877665,-2.5606121707945073,2024-01-28,6.0,0,True,False
2023-07-28,2023Q3,4,diag4,student_t_ar1,-0.1116769544698748,-0.11173935964646331,-0.6287342326135185,0.5141577096446006,4.694888429547928,4.5880109584365245,-4.806565384017802,2023-10-28,6.0,0,True,False
2023-07-28,2023Q4,-9,diag4,student_t_ar1,0.8679067760126946,0.8641621163250766,-0.4019003952768887,0.5581548276459998,3.4192155752948095,3.3620596105877665,-2.551308799282115,2024-01-28,6.0,0,True,False
2023-08-04,2023Q3,5,diag4,student_t_ar1,-0.01031710789236584,-0.010317640142546658,-0.605160256765752,0.5037793560857402,4.694888429547928,4.5880109584365245,-4.7052055374402935,2023-10-28,13.0,11,False,True
2023-08-04,2023Q4,-8,diag4,student_t_ar1,0.9475917342961715,0.9431302461392972,-0.383545423638769,0.5564873439971465,3.4192155752948095,3.3620596105877665,-2.471623840998638,2024-01-28,13.0,0,True,False
2023-08-11,2023Q3,6,diag4,student_t_ar1,0.08665247685566424,0.08661495527095253,-0.5826297112936759,0.49505231004428485,4.694888429547928,4.5880109584365245,-4.608235952692263,2023-10-28,5.0,0,True,False
2023-08-11,2023Q4,-7,diag4,student_t_ar1,0.9934495762157214,0.9885473068914961,-0.3729889008497077,0.5558928947463828,3.4192155752948095,3.3620596105877665,-2.425765999079088,2024-01-28,5.0,0,True,False
2023-08-18,2023Q3,7,diag4,student_t_ar1,2.043858629977935,2.023252144685757,-0.13248709339625525,0.46529875425622097,4.694888429547928,4.5880109584365245,-2.6510297995699927,2023-10-28,11.0,0,True,False
2023-08-18,2023Q4,-6,diag4,student_t_ar1,0.9077098811330675,0.9036149563620255,-0.3927301672162127,0.5551774741825081,3.4192155752948095,3.3620596105877665,-2.511505694161742,2024-01-28,11.0,0,True,False
2023-08-25,2023Q3,8,diag4,student_t_ar1,2.174980789986769,2.1516655451336684,-0.10263930127149522,0.4642244947669672,4.694888429547928,4.5880109584365245,-2.5199076395611586,2023-10-28,0.0,0,True,False
2023-08-25,2023Q4,-5,diag4,student_t_ar1,1.1491581306574572,1.1426054611861847,-0.33718036569315063,0.5542117270851434,3.4192155752948095,3.3620596105877665,-2.2700574446373523,2024-01-28,0.0,0,True,False
2023-09-01,2023Q3,9,diag4,student_t_ar1,2.3158740786144882,2.289464676554931,-0.07060993505824942,0.46427243552703285,4.694888429547928,4.5880109584365245,-2.3790143509334394,2023-10-28,11.0,9,True,True
2023-09-01,2023Q4,-4,diag4,student_t_ar1,1.4471136633473103,1.4367429049500773,-0.2688124753721233,0.5498556983248968,3.4192155752948095,3.3620596105877665,-1.9721019119474992,2024-01-28,11.0,0,True,False
2023-09-08,2023Q3,10,diag4,student_t_ar1,2.431541901626022,2.4024505569995873,-0.0443480413557068,0.4613286024827934,4.694888429547928,4.5880109584365245,-2.2633465279219056,2023-10-28,9.0,0,True,False
2023-09-08,2023Q4,-3,diag4,student_t_ar1,1.6066516647874618,1.5938816154888378,-0.23228791056382456,0.5473638693934946,3.4192155752948095,3.3620596105877665,-1.8125639105073477,2024-01-28,9.0,0,True,False
2023-09-15,2023Q3,11,diag4,student_t_ar1,2.5500296500844843,2.5180587658335236,-0.017476626276321225,0.46406884778444685,4.694888429547928,4.5880109584365245,-2.1448587794634433,2023-10-28,6.0,0,True,False
2023-09-15,2023Q4,-2,diag4,student_t_ar1,1.7027230085965739,1.6883891620435338,-0.21032103176498862,0.5480028767879547,3.4192155752948095,3.3620596105877665,-1.7164925666982356,2024-01-28,6.0,0,True,False
2023-09-22,2023Q3,12,diag4,student_t_ar1,2.3562742315622387,2.328942596541609,-0.061433877534889575,0.44359004927950846,4.694888429547928,4.5880109584365245,-2.338614197985689,2023-10-28,6.0,0,True,False
2023-09-22,2023Q4,-1,diag4,student_t_ar1,1.4432954321283775,1.4329790688610125,-0.2696873232991015,0.5409508876257306,3.4192155752948095,3.3620596105877665,-1.975920143166432,2024-01-28,6.0,0,True,False
2023-09-29,2023Q3,13,diag4,student_t_ar1,2.3469655290888625,2.319847769815202,-0.06354783524174609,0.4435795046722718,4.694888429547928,4.5880109584365245,-2.347922900459065,2023-10-28,4.0,0,True,False
2023-09-29,2023Q4,0,diag4,student_t_ar1,1.4422241494225885,1.4319230223693633,-0.2699327856577563,0.540950418718905,3.4192155752948095,3.3620596105877665,-1.976991425872221,2024-01-28,4.0,0,True,False
2023-10-06,2023Q3,14,diag4,student_t_ar1,2.430268966236193,2.4012078311011544,-0.044636894576282664,0.44161695752083957,4.694888429547928,4.5880109584365245,-2.2646194633117345,2023-10-28,13.0,8,True,True
2023-10-06,2023Q4,1,diag4,student_t_ar1,1.792058571292876,1.7761904980206444,-0.18991291224335,0.5279846450865581,3.4192155752948095,3.3620596105877665,-1.6271570040019334,2024-01-28,13.0,0,True,False
2023-10-06,2024Q1,-12,diag4,student_t_ar1,1.6999219829288759,1.6856349936619028,-0.21096119739446942,0.5609792181829228,0.8420915771010673,0.8385657658582282,0.8578304058278086,2024-04-28,13.0,0,True,False
2023-10-13,2023Q3,15,diag4,student_t_ar1,2.429123475570849,2.400089512188152,-0.044896831236538225,0.4413385767397299,4.694888429547928,4.5880109584365245,-2.2657649539770786,2023-10-28,6.0,0,True,False
2023-10-13,2023Q4,2,diag4,student_t_ar1,1.7925179961680193,1.7766418336600012,-0.18980800596180133,0.527048293580981,3.4192155752948095,3.3620596105877665,-1.6266975791267901,2024-01-28,6.0,0,True,False
2023-10-13,2024Q1,-11,diag4,student_t_ar1,1.6969868452605619,1.6827488753964592,-0.21163203281923007,0.5609605616769647,0.8420915771010673,0.8385657658582282,0.8548952681594946,2024-04-28,6.0,0,True,False
2023-10-20,2023Q3,16,diag4,student_t_ar1,2.5632203462801817,2.5309206323527556,-0.014487075989019478,0.4386488750061614,4.694888429547928,4.5880109584365245,-2.131668083267746,2023-10-28,9.0,0,True,False
2023-10-20,2023Q4,3,diag4,student_t_ar1,1.9238880149514026,1.905615282157273,-0.15983003896667045,0.5135314815490237,3.4192155752948095,3.3620596105877665,-1.4953275603434069,2024-01-28,9.0,0,True,False
2023-10-20,2024Q1,-10,diag4,student_t_ar1,1.5581198985876954,1.5461058453595575,-0.24339268039660775,0.5594239639225083,0.8420915771010673,0.8385657658582282,0.7160283214866281,2024-04-28,9.0,0,True,False
2023-10-27,2023Q3,17,diag4,student_t_ar1,2.559371904141816,2.527168298593128,-0.015359250369959701,0.43863556706109486,4.694888429547928,4.5880109584365245,-2.1355165254061115,2023-10-28,4.0,0,True,False
2023-10-27,2023Q4,4,diag4,student_t_ar1,1.9225415411486146,1.9042942153073665,-0.16013710138057258,0.5135292087983611,3.4192155752948095,3.3620596105877665,-1.4966740341461948,2024-01-28,4.0,0,True,False
2023-10-27,2024Q1,-9,diag4,student_t_ar1,1.5579595933696844,1.5459479994436647,-0.24342936934082132,0.5594238513906721,0.8420915771010673,0.8385657658582282,0.7158680162686171,2024-04-28,4.0,0,True,False
2023-11-03,2023Q4,5,diag4,student_t_ar1,1.6538228377228847,1.6402961226848092,-0.2250662508790841,0.5231569905940623,3.4192155752948095,3.3620596105877665,-1.7653927375719247,2024-01-28,12.0,11,False,True
2023-11-03,2024Q1,-8,diag4,student_t_ar1,1.3234382874523831,1.3147573503009262,-0.3009268566337018,0.5579143242353218,0.8420915771010673,0.8385657658582282,0.4813467103513158,2024-04-28,12.0,0,True,False
2023-11-10,2023Q4,6,diag4,student_t_ar1,1.8177902574231464,1.8014659809260944,-0.1875086875018036,0.5105102647304874,3.4192155752948095,3.3620596105877665,-1.601425317871663,2024-01-28,7.0,0,True,False
2023-11-10,2024Q1,-7,diag4,student_t_ar1,1.399961591350407,1.390252638539315,-0.28333411873816755,0.5570490625665983,0.8420915771010673,0.8385657658582282,0.5578700142493398,2024-04-28,7.0,0,True,False
2023-11-17,2023Q4,7,diag4,student_t_ar1,0.9792663301107618,0.9745025919262784,-0.38021674241957626,0.4670094272223371,3.4192155752948095,3.3620596105877665,-2.4399492451840477,2024-01-28,10.0,0,True,False
2023-11-17,2024Q1,-6,diag4,student_t_ar1,1.3153354722172494,1.3067600503872634,-0.30279047494069844,0.5557187138208491,0.8420915771010673,0.8385657658582282,0.47324389511618214,2024-04-28,10.0,0,True,False
2023-11-24,2023Q4,8,diag4,student_t_ar1,1.0754023842687754,1.069661057725741,-0.35804187579657765,0.4662685922623004,3.4192155752948095,3.3620596105877665,-2.343813191026034,2024-01-28,2.0,0,True,False
2023-11-24,2024Q1,-5,diag4,student_t_ar1,1.4547240272609452,1.4442444278577313,-0.2707523613841131,0.5545648905177165,0.8420915771010673,0.8385657658582282,0.6126324501598779,2024-04-28,2.0,0,True,False
2023-12-01,2023Q4,9,diag4,student_t_ar1,1.0039834054363483,0.998976973323092,-0.37451345434536054,0.4629455388178211,3.4192155752948095,3.3620596105877665,-2.415232169858461,2024-01-28,11.0,4,True,True
2023-12-01,2024Q1,-4,diag4,student_t_ar1,1.3279592354924263,1.3192191483403632,-0.29988711964769593,0.550132739964432,0.8420915771010673,0.8385657658582282,0.48586765839135904,2024-04-28,11.0,0,True,False
2023-12-08,2023Q4,10,diag4,student_t_ar1,1.0359506984578326,1.030621502836543,-0.36713929992396505,0.4589805447823486,3.4192155752948095,3.3620596105877665,-2.383264876836977,2024-01-28,9.0,0,True,False
2023-12-08,2024Q1,-3,diag4,student_t_ar1,1.3663645799686375,1.3571139884255339,-0.2910564494857852,0.5477092557160245,0.8420915771010673,0.8385657658582282,0.5242730028675702,2024-04-28,9.0,0,True,False
2023-12-15,2023Q4,11,diag4,student_t_ar1,0.9789837711124294,0.9742227727080228,-0.3802819489547094,0.4575733858789485,3.4192155752948095,3.3620596105877665,-2.44023180418238,2024-01-28,6.0,0,True,False
2023-12-15,2024Q1,-2,diag4,student_t_ar1,1.329505142489551,1.3207447837290296,-0.29953159940076074,0.5473552815717684,0.8420915771010673,0.8385657658582282,0.4874135653884837,2024-04-28,6.0,0,True,False
2023-12-22,2023Q4,12,diag4,student_t_ar1,1.7196221484056418,1.7050039934524512,-0.20998731500432352,0.4465515897535669,3.4192155752948095,3.3620596105877665,-1.6995934268891677,2024-01-28,6.0,0,True,False
2023-12-22,2024Q1,-1,diag4,student_t_ar1,1.565581819774886,1.5534530147222994,-0.24530338185861908,0.5423376803051132,0.8420915771010673,0.8385657658582282,0.7234902426738188,2024-04-28,6.0,0,True,False
2023-12-29,2023Q4,13,diag4,student_t_ar1,1.7209006169623509,1.7062608409470799,-0.20969443065268242,0.44653862469276934,3.4192155752948095,3.3620596105877665,-1.6983149583324586,2024-01-28,4.0,0,True,False
2023-12-29,2024Q1,0,diag4,student_t_ar1,1.5657307638411888,1.5535996627839928,-0.24526920832312482,0.5423375983009514,0.8420915771010673,0.8385657658582282,0.7236391867401215,2024-04-28,4.0,0,True,False
2024-01-05,2023Q4,14,diag4,student_t_ar1,1.7526581622080428,1.737476243768068,-0.20242027602730917,0.44465321235992233,3.4192155752948095,3.3620596105877665,-1.6665574130867666,2024-01-28,13.0,12,True,True
2024-01-05,2024Q1,1,diag4,student_t_ar1,1.7734179246939874,1.7578763447841967,-0.1976664213352665,0.5297039812868252,0.8420915771010673,0.8385657658582282,0.9313263475929201,2024-04-28,13.0,0,True,False
2024-01-05,2024Q2,-12,diag4,student_t_ar1,1.3857858603103068,1.376271645060897,-0.2865921227742382,0.5618263464124965,3.5892686664036777,3.526355417094438,-2.203482806093371,2024-07-28,13.0,0,True,False
2024-01-12,2023Q4,15,diag4,student_t_ar1,1.752287980610534,1.7371124377726717,-0.2025050540799688,0.44465437814989744,3.4192155752948095,3.3620596105877665,-1.6669275946842754,2024-01-28,4.0,0,True,False
2024-01-12,2024Q1,2,diag4,student_t_ar1,1.7736019459883234,1.758057159314862,-0.19762428595543124,0.5297057841364178,0.8420915771010673,0.8385657658582282,0.9315103688872561,2024-04-28,4.0,0,True,False
2024-01-12,2024Q2,-11,diag4,student_t_ar1,1.385846710033456,1.3763316630450486,-0.2865781367270446,0.5618263757136838,3.5892686664036777,3.526355417094438,-2.2034219563702218,2024-07-28,4.0,0,True,False
2024-01-19,2023Q4,16,diag4,student_t_ar1,1.6927643850115137,1.6785967878658778,-0.2161410109140749,0.4415549421401631,3.4192155752948095,3.3620596105877665,-1.7264511902832957,2024-01-28,11.0,0,True,False
2024-01-19,2024Q1,3,diag4,student_t_ar1,1.4353516605052352,1.4251480114865345,-0.2752024172194073,0.5195463951067542,0.8420915771010673,0.8385657658582282,0.5932600834041679,2024-04-28,11.0,0,True,False
2024-01-19,2024Q2,-10,diag4,student_t_ar1,1.2021719619160764,1.1950032709236271,-0.3288332621798765,0.5616323920198146,3.5892686664036777,3.526355417094438,-2.3870967044876013,2024-07-28,11.0,0,True,False
2024-01-26,2023Q4,17,diag4,student_t_ar1,1.7021570452987467,1.6878326726439907,-0.21398876401329317,0.44153073368892837,3.4192155752948095,3.3620596105877665,-1.7170585299960628,2024-01-28,4.0,0,True,False
2024-01-26,2024Q1,4,diag4,student_t_ar1,1.2360144250283644,1.2284381322327187,-0.32104190505932323,0.5255081584378501,0.8420915771010673,0.8385657658582282,0.39392284792729715,2024-04-28,4.0,0,True,False
2024-01-26,2024Q2,-9,diag4,student_t_ar1,1.0274120750159321,1.0221700712362964,-0.3691087449642394,0.5612643668749915,3.5892686664036777,3.526355417094438,-2.5618565913877456,2024-07-28,4.0,0,True,False
2024-02-02,2024Q1,5,diag4,student_t_ar1,1.9414353901388903,1.9228299559799158,-0.16086003658584272,0.5073312492750525,0.8420915771010673,0.8385657658582282,1.099343813037823,2024-04-28,10.0,11,False,True
2024-02-02,2024Q2,-8,diag4,student_t_ar1,1.6540986833493365,1.640567480165013,-0.2268425339191592,0.5579265095476796,3.5892686664036777,3.526355417094438,-1.9351699830543412,2024-07-28,10.0,0,True,False
2024-02-09,2024Q1,6,diag4,student_t_ar1,2.1201153368693326,2.097953580943968,-0.11992262865079469,0.5002706256679806,0.8420915771010673,0.8385657658582282,1.2780237597682653,2024-04-28,9.0,0,True,False
2024-02-09,2024Q2,-7,diag4,student_t_ar1,1.7517861852188288,1.7366192826417306,-0.20438918519654575,0.557177528889268,3.5892686664036777,3.526355417094438,-1.837482481184849,2024-07-28,9.0,0,True,False
2024-02-16,2024Q1,7,diag4,student_t_ar1,1.991064782915819,1.9715023291569036,-0.14948224106383795,0.5006778675665271,0.8420915771010673,0.8385657658582282,1.1489732058147517,2024-04-28,8.0,0,True,False
2024-02-16,2024Q2,-6,diag4,student_t_ar1,1.8911767791730538,1.8735163437473363,-0.17238773001458638,0.5563966682545264,3.5892686664036777,3.526355417094438,-1.6980918872306239,2024-07-28,8.0,0,True,False
2024-02-23,2024Q1,8,diag4,student_t_ar1,-0.5651222010728874,-0.5667250581702779,-0.7428256577973213,0.4697422757253697,0.8420915771010673,0.8385657658582282,-1.4072137781739547,2024-04-28,4.0,0,True,False
2024-02-23,2024Q2,-5,diag4,student_t_ar1,1.9970607505468418,1.977381070987657,-0.14810800927461032,0.5561767188342899,3.5892686664036777,3.526355417094438,-1.5922079158568359,2024-07-28,4.0,0,True,False
2024-03-01,2024Q1,9,diag4,student_t_ar1,-0.723693836527517,-0.7263252034186443,-0.7801342519625372,0.4637589151232739,0.8420915771010673,0.8385657658582282,-1.5657854136285843,2024-04-28,11.0,12,False,True
2024-03-01,2024Q2,-4,diag4,student_t_ar1,1.652190536221565,1.6386903644740487,-0.22728133394284564,0.5511571488351678,3.5892686664036777,3.526355417094438,-1.9370781301821127,2024-07-28,11.0,0,True,False
2024-03-08,2024Q1,10,diag4,student_t_ar1,-0.634309995178084,-0.636330288842347,-0.7590967789725512,0.46070132907741024,0.8420915771010673,0.8385657658582282,-1.4764015722791513,2024-04-28,9.0,0,True,False
2024-03-08,2024Q2,-3,diag4,student_t_ar1,1.7597550423877673,1.744450639158357,-0.2025585045189859,0.5489138393434589,3.5892686664036777,3.526355417094438,-1.8295136240159104,2024-07-28,9.0,0,True,False
2024-03-15,2024Q1,11,diag4,student_t_ar1,-0.6001255011992557,-0.6019334913877703,-0.7510560835532651,0.4590898549960997,0.8420915771010673,0.8385657658582282,-1.442217078300323,2024-04-28,6.0,0,True,False
2024-03-15,2024Q2,-2,diag4,student_t_ar1,1.7850474417593798,1.7693025628558616,-0.19674904655131145,0.5485235045589166,3.5892686664036777,3.526355417094438,-1.804221224644298,2024-07-28,6.0,0,True,False
2024-03-22,2024Q1,12,diag4,student_t_ar1,0.840841489292754,0.8373261093445887,-0.41461057306483534,0.4468854874150497,0.8420915771010673,0.8385657658582282,-0.0012500878083132605,2024-04-28,6.0,0,True,False
2024-03-22,2024Q2,-1,diag4,student_t_ar1,2.6142542953040415,2.580666785204522,-0.007082186006321035,0.5418716215560481,3.5892686664036777,3.526355417094438,-0.9750143710996362,2024-07-28,6.0,0,True,False
2024-03-29,2024Q1,13,diag4,student_t_ar1,0.8203826170102069,0.8170357709878766,-0.4193537015754482,0.446898920435199,0.8420915771010673,0.8385657658582282,-0.02170896009086043,2024-04-28,4.0,0,True,False
2024-03-29,2024Q2,0,diag4,student_t_ar1,2.612135895837353,2.5786023338785493,-0.00756477815293033,0.5418735786715916,3.5892686664036777,3.526355417094438,-0.9771327705663246,2024-07-28,4.0,0,True,False
2024-04-05,2024Q1,14,diag4,student_t_ar1,0.9005959487337067,0.8965647684393359,-0.40076277181366377,0.4456138750024898,0.8420915771010673,0.8385657658582282,0.05850437163263944,2024-04-28,13.0,11,False,True
2024-04-05,2024Q2,1,diag4,student_t_ar1,2.995487268135366,2.951498835100528,0.07960459257708856,0.531751212539215,3.5892686664036777,3.526355417094438,-0.5937813982683116,2024-07-28,13.0,0,True,False
2024-04-05,2024Q3,-12,diag4,student_t_ar1,2.0236435197253932,2.003439964788715,-0.14201640646494373,0.5629847020694826,3.340152501559479,3.2855812596193403,-1.3165089818340858,2024-10-28,13.0,0,True,False
2024-04-12,2024Q1,15,diag4,student_t_ar1,0.9012474782269964,0.897210480571816,-0.40061182826746106,0.44561386287950117,0.8420915771010673,0.8385657658582282,0.059155901125929056,2024-04-28,4.0,0,True,False
2024-04-12,2024Q2,2,diag4,student_t_ar1,2.9958456658403243,2.9518468086777268,0.07968593589260832,0.5317531705218819,3.5892686664036777,3.526355417094438,-0.5934230005633534,2024-07-28,4.0,0,True,False
2024-04-12,2024Q3,-11,diag4,student_t_ar1,2.0237542700938027,2.003548518359701,-0.14199103066645186,0.5629847121654911,3.340152501559479,3.2855812596193403,-1.3163982314656764,2024-10-28,4.0,0,True,False
2024-04-19,2024Q1,16,diag4,student_t_ar1,0.9982888537662715,0.9933388667731982,-0.37814057711061905,0.442218830054109,0.8420915771010673,0.8385657658582282,0.15619727666520422,2024-04-28,11.0,0,True,False
2024-04-19,2024Q2,3,diag4,student_t_ar1,3.2962790027974975,3.2431168218608715,0.1477740613603904,0.5157872281869785,3.5892686664036777,3.526355417094438,-0.2929896636061802,2024-07-28,11.0,0,True,False
2024-04-19,2024Q3,-10,diag4,student_t_ar1,2.07421409835582,2.052995193104671,-0.13043223215778701,0.5618547249772731,3.340152501559479,3.2855812596193403,-1.2659384032036591,2024-10-28,11.0,0,True,False
2024-04-26,2024Q1,17,diag4,student_t_ar1,0.9892026345712734,0.984342053025788,-0.3802436984602884,0.4422149943917108,0.8420915771010673,0.8385657658582282,0.14711105747020614,2024-04-28,4.0,0,True,False
2024-04-26,2024Q2,4,diag4,student_t_ar1,3.293096019639452,3.240035363138268,0.14705373060668359,0.5157868112057916,3.5892686664036777,3.526355417094438,-0.2961726467642256,2024-07-28,4.0,0,True,False
2024-04-26,2024Q3,-9,diag4,student_t_ar1,2.0738331253679743,2.0526219610380227,-0.1305194799712671,0.5618547958649625,3.340152501559479,3.2855812596193403,-1.2663193761915048,2024-10-28,4.0,0,True,False
2024-05-03,2024Q2,5,diag4,student_t_ar1,3.1822657835647306,3.1326809110127276,0.1249297878695339,0.5051576910674864,3.5892686664036777,3.526355417094438,-0.40700288283894714,2024-07-28,11.0,11,False,True
2024-05-03,2024Q3,-8,diag4,student_t_ar1,1.9330082875722354,1.9145630026340739,-0.1605810208686242,0.5585751538024732,3.340152501559479,3.2855812596193403,-1.4071442139872437,2024-10-28,11.0,0,True,False
2024-05-10,2024Q2,6,diag4,student_t_ar1,3.057239780830079,3.0114373910496797,0.09651190221100511,0.49732668750671655,3.5892686664036777,3.526355417094438,-0.5320288855735988,2024-07-28,8.0,0,True,False
2024-05-10,2024Q3,-7,diag4,student_t_ar1,1.8769476600601909,1.859550352574625,-0.17347526214138284,0.5578939351801487,3.340152501559479,3.2855812596193403,-1.4632048414992882,2024-10-28,8.0,0,True,False
2024-05-17,2024Q2,7,diag4,student_t_ar1,2.7786324782874683,2.7407290158495776,0.03306142126499464,0.46686070728968204,3.5892686664036777,3.526355417094438,-0.8106361881162094,2024-07-28,10.0,0,True,False
2024-05-17,2024Q3,-6,diag4,student_t_ar1,1.9181342889519781,1.8999700026060695,-0.16400142804862955,0.5566235647412823,3.340152501559479,3.2855812596193403,-1.422018212607501,2024-10-28,10.0,0,True,False
2024-05-24,2024Q2,8,diag4,student_t_ar1,2.7294178606342534,2.692833453108508,0.021835331607242697,0.46574889523802143,3.5892686664036777,3.526355417094438,-0.8598508057694243,2024-07-28,2.0,0,True,False
2024-05-24,2024Q3,-5,diag4,student_t_ar1,1.8582056497028487,1.8411519465011226,-0.17778760642382638,0.5552900927454982,3.340152501559479,3.2855812596193403,-1.4819468518566303,2024-10-28,2.0,0,True,False
2024-05-31,2024Q2,9,diag4,student_t_ar1,2.7402913420081942,2.7034174768327595,0.02431608749501806,0.4657357400321437,3.5892686664036777,3.526355417094438,-0.8489773243954835,2024-07-28,8.0,0,True,False
2024-05-31,2024Q3,-4,diag4,student_t_ar1,1.85730726526403,1.8402699474565138,-0.17799433539382212,0.5552864069183182,3.340152501559479,3.2855812596193403,-1.4828452362954492,2024-10-28,8.0,0,True,False
2024-06-07,2024Q2,10,diag4,student_t_ar1,2.7062938224547306,2.670321263686585,0.016558770640435386,0.4585450926152534,3.5892686664036777,3.526355417094438,-0.8829748439489471,2024-07-28,12.0,5,True,True
2024-06-07,2024Q3,-3,diag4,student_t_ar1,1.7730515155456095,1.7575163197251644,-0.19739069679453602,0.5481570781742935,3.340152501559479,3.2855812596193403,-1.5671009860138696,2024-10-28,12.0,0,True,False
2024-06-14,2024Q2,11,diag4,student_t_ar1,2.7596923000151374,2.722299189347528,0.028741712447555273,0.4593193794691303,3.5892686664036777,3.526355417094438,-0.8295763663885403,2024-07-28,6.0,0,True,False
2024-06-14,2024Q3,-2,diag4,student_t_ar1,1.7783788418430868,1.762750698367793,-0.19616382731891374,0.548317048572819,3.340152501559479,3.2855812596193403,-1.5617736597163923,2024-10-28,6.0,0,True,False
2024-06-21,2024Q2,12,diag4,student_t_ar1,3.6388722669301377,3.5742288393530384,0.22842281202587233,0.44555518138647804,3.5892686664036777,3.526355417094438,0.04960360052645996,2024-07-28,6.0,0,True,False
2024-06-21,2024Q3,-1,diag4,student_t_ar1,2.159470279072462,2.1364840513983263,-0.10856564725587035,0.5417278307335471,3.340152501559479,3.2855812596193403,-1.1806822224870173,2024-10-28,6.0,0,True,False
2024-06-28,2024Q2,13,diag4,student_t_ar1,3.6237957836182666,3.5596806493868787,0.22501290773471602,0.4455466323783778,3.5892686664036777,3.526355417094438,0.0345271172145889,2024-07-28,4.0,0,True,False
2024-06-28,2024Q3,0,diag4,student_t_ar1,2.15777287572676,2.1348225143498247,-0.10895508967618371,0.5417264932384257,3.340152501559479,3.2855812596193403,-1.182379625832719,2024-10-28,4.0,0,True,False
2024-07-05,2024Q2,14,diag4,student_t_ar1,3.563857896556466,3.5018220968435863,0.2114516243684431,0.4446527237921376,3.5892686664036777,3.526355417094438,-0.02541076984721169,2024-07-28,13.0,18,True,True
2024-07-05,2024Q3,1,diag4,student_t_ar1,1.9398894400061373,1.9213134363731552,-0.1589988080278789,0.5330595526658164,3.340152501559479,3.2855812596193403,-1.4002630615533418,2024-10-28,13.0,0,True,False
2024-07-05,2024Q4,-12,diag4,student_t_ar1,1.7256272094682945,1.7109073616395571,-0.2083152232512376,0.562607071967082,1.8522267738050768,1.8352819713325936,-0.12659956433678232,2025-01-28,13.0,0,True,False
2024-07-12,2024Q2,15,diag4,student_t_ar1,3.5642905932773195,3.502239902655123,0.21154955255283878,0.4446523585773914,3.5892686664036777,3.526355417094438,-0.024978073126358247,2024-07-28,4.0,0,True,False
2024-07-12,2024Q3,2,diag4,student_t_ar1,1.9398438241823523,1.921268688596545,-0.15900929631788874,0.5330591008749773,3.340152501559479,3.2855812596193403,-1.4003086773771267,2024-10-28,4.0,0,True,False
2024-07-12,2024Q4,-11,diag4,student_t_ar1,1.7256080845217348,1.7108885611181226,-0.20831962984606933,0.5626070687379244,1.8522267738050768,1.8352819713325936,-0.12661868928334208,2025-01-28,4.0,0,True,False
2024-07-19,2024Q2,16,diag4,student_t_ar1,3.7166680044222744,3.649264925719973,0.24601028328445118,0.4406636651381416,3.5892686664036777,3.526355417094438,0.1273993380185967,2024-07-28,11.0,0,True,False
2024-07-19,2024Q3,3,diag4,student_t_ar1,2.070239319161593,2.049101108177866,-0.12904705929093488,0.5193029240372531,3.340152501559479,3.2855812596193403,-1.269913182397886,2024-10-28,11.0,0,True,False
2024-07-19,2024Q4,-10,diag4,student_t_ar1,1.6060537779872375,1.5932931810216728,-0.2358824395250579,0.5621629852440804,1.8522267738050768,1.8352819713325936,-0.24617299581783936,2025-01-28,11.0,0,True,False
2024-07-26,2024Q2,17,diag4,student_t_ar1,3.713483859561184,3.6461948369862758,0.24529069488399616,0.44065045570996647,3.5892686664036777,3.526355417094438,0.1242151931575064,2024-07-28,4.0,0,True,False
2024-07-26,2024Q3,4,diag4,student_t_ar1,2.2559542775906882,2.230883978304519,-0.08643954658004639,0.5143683523148738,3.340152501559479,3.2855812596193403,-1.0841982239687908,2024-10-28,4.0,0,True,False
2024-07-26,2024Q4,-9,diag4,student_t_ar1,1.7691848254732134,1.7537169214849158,-0.19828122574647927,0.5611994556696355,1.8522267738050768,1.8352819713325936,-0.0830419483318634,2025-01-28,4.0,0,True,False
2024-08-02,2024Q3,5,diag4,student_t_ar1,1.7876721188291311,1.7718811766068092,-0.1959942896944654,0.5202147014480095,3.340152501559479,3.2855812596193403,-1.552480382730348,2024-10-28,10.0,11,False,True
2024-08-02,2024Q4,-8,diag4,student_t_ar1,1.319434242528006,1.310805526212659,-0.3043938941848975,0.5584976129193824,1.8522267738050768,1.8352819713325936,-0.5327925312770709,2025-01-28,10.0,0,True,False
2024-08-09,2024Q3,6,diag4,student_t_ar1,1.7129935018985298,1.698487195260305,-0.21324932917256004,0.5061498198365557,3.340152501559479,3.2855812596193403,-1.6271589996609492,2024-10-28,9.0,0,True,False
2024-08-09,2024Q4,-7,diag4,student_t_ar1,1.3076835991094882,1.2992072331935676,-0.3071206709621116,0.5575881495259789,1.8522267738050768,1.8352819713325936,-0.5445431746955887,2025-01-28,9.0,0,True,False
2024-08-16,2024Q3,7,diag4,student_t_ar1,1.8035314166752636,1.7874607277886005,-0.1923315129141237,0.49858618640021807,3.340152501559479,3.2855812596193403,-1.5366210848842154,2024-10-28,8.0,0,True,False
2024-08-16,2024Q4,-6,diag4,student_t_ar1,1.322564635339507,1.31389510569676,-0.30366752922974966,0.5575681497811161,1.8522267738050768,1.8352819713325936,-0.5296621384655698,2025-01-28,8.0,0,True,False
2024-08-23,2024Q3,8,diag4,student_t_ar1,0.3474385271762914,0.346836353910319,-0.5310245499768841,0.4656819448906692,3.340152501559479,3.2855812596193403,-2.9927139743831876,2024-10-28,4.0,0,True,False
2024-08-23,2024Q4,-5,diag4,student_t_ar1,1.2699565895522014,1.2619602695520573,-0.31587749020372136,0.5552644452073666,1.8522267738050768,1.8352819713325936,-0.5822701842528755,2025-01-28,4.0,0,True,False
2024-08-30,2024Q3,9,diag4,student_t_ar1,0.3700414669161711,0.3693584978074047,-0.5257295588216719,0.465676032236055,3.340152501559479,3.2855812596193403,-2.970111034643308,2024-10-28,8.0,0,True,False
2024-08-30,2024Q4,-4,diag4,student_t_ar1,1.2697398390483894,1.261746236937587,-0.3159278096051836,0.5552626959724524,1.8522267738050768,1.8352819713325936,-0.5824869347566874,2025-01-28,8.0,0,True,False
2024-09-06,2024Q3,10,diag4,student_t_ar1,0.37029893793927293,0.3696150192644887,-0.5256692502270467,0.4585573489320938,3.340152501559479,3.2855812596193403,-2.969853563620206,2024-10-28,10.0,11,False,True
2024-09-06,2024Q4,-3,diag4,student_t_ar1,1.2539369156637337,1.2461402360294789,-0.3195968047574327,0.5487988035155568,1.8522267738050768,1.8352819713325936,-0.5982898581413432,2025-01-28,10.0,0,True,False
2024-09-13,2024Q3,11,diag4,student_t_ar1,0.3708730320814979,0.37018699374943864,-0.525534778133597,0.4587272978209152,3.340152501559479,3.2855812596193403,-2.969279469477981,2024-10-28,6.0,0,True,False
2024-09-13,2024Q4,-2,diag4,student_t_ar1,1.2381106941859121,1.230508786106522,-0.3232717830127624,0.548826864111343,1.8522267738050768,1.8352819713325936,-0.6141160796191647,2025-01-28,6.0,0,True,False
2024-09-20,2024Q3,12,diag4,student_t_ar1,1.2009958700830659,1.1938411430324307,-0.33189240308547724,0.4448702027257948,3.340152501559479,3.2855812596193403,-2.139156631476413,2024-10-28,8.0,0,True,False
2024-09-20,2024Q4,-1,diag4,student_t_ar1,1.7945105286152563,1.778599259397529,-0.1944148579530028,0.542100044055604,1.8522267738050768,1.8352819713325936,-0.05771624518982055,2025-01-28,8.0,0,True,False
2024-09-27,2024Q3,13,diag4,student_t_ar1,1.191652952600486,1.1846086758024486,-0.33406297052998535,0.44485959014221876,3.340152501559479,3.2855812596193403,-2.148499548958993,2024-10-28,4.0,0,True,False
2024-09-27,2024Q4,0,diag4,student_t_ar1,1.793403851545139,1.7775120857570832,-0.1946704541714021,0.5421001463855731,1.8522267738050768,1.8352819713325936,-0.058822922259937904,2025-01-28,4.0,0,True,False
2024-10-04,2024Q3,14,diag4,student_t_ar1,1.1179647960103622,1.1117617586179847,-0.35118939437039587,0.44434101514191787,3.340152501559479,3.2855812596193403,-2.222187705549117,2024-10-28,9.0,15,True,True
2024-10-04,2024Q4,1,diag4,student_t_ar1,1.5035909065005626,1.4923990257118263,-0.2617009792436817,0.5363282128289617,1.8522267738050768,1.8352819713325936,-0.34863586730451424,2025-01-28,9.0,0,True,False
2024-10-04,2025Q1,-12,diag4,student_t_ar1,1.3891377958512807,1.3795777102102114,-0.2882254464715882,0.5630052381008058,-0.6484826392524012,-0.6505944225690983,2.037620435103682,2025-04-28,9.0,0,True,False
2024-10-11,2024Q3,15,diag4,student_t_ar1,1.2158352771328484,1.2085033694809642,-0.32844529078056267,0.44547977058868365,3.340152501559479,3.2855812596193403,-2.1243172244266306,2024-10-28,7.0,0,True,False
2024-10-11,2024Q4,2,diag4,student_t_ar1,1.9004143365020543,1.8825820341271662,-0.16996834544496905,0.5374044557063681,1.8522267738050768,1.8352819713325936,0.04818756269697744,2025-01-28,7.0,0,True,False
2024-10-11,2025Q1,-11,diag4,student_t_ar1,1.5098196195490576,1.4985352834440757,-0.26025833548086624,0.5627503611331951,-0.6484826392524012,-0.6505944225690983,2.158302258801459,2025-04-28,7.0,0,True,False
2024-10-18,2024Q3,16,diag4,student_t_ar1,0.8747686578795877,0.8709647245038299,-0.4078011526320389,0.44004961620160793,3.340152501559479,3.2855812596193403,-2.4653838436798914,2024-10-28,12.0,0,True,False
2024-10-18,2024Q4,3,diag4,student_t_ar1,0.9994560372567074,0.9944945068929161,-0.3787591081382141,0.519630586623198,1.8522267738050768,1.8352819713325936,-0.8527707365483694,2025-01-28,12.0,0,True,False
2024-10-18,2025Q1,-10,diag4,student_t_ar1,1.2930752144688418,1.2847863744055679,-0.31051103735360336,0.5623324428120094,-0.6484826392524012,-0.6505944225690983,1.941557853721243,2025-04-28,12.0,0,True,False
2024-10-25,2024Q3,17,diag4,student_t_ar1,0.8765128943090561,0.8726938202657908,-0.40739463952174476,0.44004958599568333,3.340152501559479,3.2855812596193403,-2.463639607250423,2024-10-28,0.0,0,True,False
2024-10-25,2024Q4,4,diag4,student_t_ar1,1.2083275645743186,1.2010855667279952,-0.33018922777641674,0.5147586836022995,1.8522267738050768,1.8352819713325936,-0.6438992092307583,2025-01-28,0.0,0,True,False
2024-10-25,2025Q1,-9,diag4,student_t_ar1,1.4748130595866549,1.4640434503950341,-0.26836741922334956,0.5614157398984169,-0.6484826392524012,-0.6505944225690983,2.123295698839056,2025-04-28,0.0,0,True,False
2024-11-01,2024Q4,5,diag4,student_t_ar1,1.243738758875934,1.23606786679122,-0.32397109185491335,0.5082833438411504,1.8522267738050768,1.8352819713325936,-0.6084880149291427,2025-01-28,13.0,11,False,True
2024-11-01,2025Q1,-8,diag4,student_t_ar1,1.488150415498679,1.4771861003670899,-0.2671081725910183,0.5599906993650647,-0.6484826392524012,-0.6505944225690983,2.1366330547510803,2025-04-28,13.0,0,True,False
2024-11-08,2024Q4,6,diag4,student_t_ar1,1.044055013187073,1.0386424000104564,-0.37052994479482976,0.5052202825390808,1.8522267738050768,1.8352819713325936,-0.8081717606180039,2025-01-28,10.0,0,True,False
2024-11-08,2025Q1,-7,diag4,student_t_ar1,1.4082534715547546,1.3984297039569056,-0.28568129559450317,0.5593247856162368,-0.6484826392524012,-0.6505944225690983,2.056736110807156,2025-04-28,10.0,0,True,False
2024-11-15,2024Q4,7,diag4,student_t_ar1,1.1682779977104873,1.161506320623558,-0.3415549432171491,0.5032981198800703,1.8522267738050768,1.8352819713325936,-0.6839487760945895,2025-01-28,6.0,0,True,False
2024-11-15,2025Q1,-6,diag4,student_t_ar1,1.4216295413750135,1.4116191508381588,-0.2825708279951785,0.5593244742323682,-0.6484826392524012,-0.6505944225690983,2.0701121806274148,2025-04-28,6.0,0,True,False
2024-11-22,2024Q4,8,diag4,student_t_ar1,0.7419633922111091,0.7392243837834704,-0.4411417033100289,0.4695355155730621,1.8522267738050768,1.8352819713325936,-1.1102633815939678,2025-01-28,6.0,0,True,False
2024-11-22,2025Q1,-5,diag4,student_t_ar1,1.4808034534218528,1.4699466068977705,-0.26881546252323274,0.5573703806131949,-0.6484826392524012,-0.6505944225690983,2.129286092674254,2025-04-28,6.0,0,True,False
2024-11-29,2024Q4,9,diag4,student_t_ar1,0.7437234651994418,0.7409714785928687,-0.4407296858959169,0.46952656526600556,1.8522267738050768,1.8352819713325936,-1.108503308605635,2025-01-28,4.0,0,True,False
2024-11-29,2025Q1,-4,diag4,student_t_ar1,1.4807720954638226,1.4699157065089168,-0.26882274976273574,0.5573700701255705,-0.6484826392524012,-0.6505944225690983,2.129254734716224,2025-04-28,4.0,0,True,False
2024-12-06,2024Q4,10,diag4,student_t_ar1,0.984100774824137,0.9792900390594987,-0.38452701361382435,0.46677594403554346,1.8522267738050768,1.8352819713325936,-0.8681259989809398,2025-01-28,13.0,7,True,True
2024-12-06,2025Q1,-3,diag4,student_t_ar1,1.862840463032489,1.8457021031186054,-0.18020103412561017,0.5514703471620385,-0.6484826392524012,-0.6505944225690983,2.5113231022848903,2025-04-28,13.0,0,True,False
2024-12-13,2024Q4,11,diag4,student_t_ar1,0.9832864990412693,0.9784836952295721,-0.3847171737001026,0.46544548490379906,1.8522267738050768,1.8352819713325936,-0.8689402747638075,2025-01-28,6.0,0,True,False
2024-12-13,2025Q1,-2,diag4,student_t_ar1,1.8524017208225274,1.835453736715379,-0.18261790663969202,0.5511551534114346,-0.6484826392524012,-0.6505944225690983,2.5008843600749286,2025-04-28,6.0,0,True,False
2024-12-20,2024Q4,12,diag4,student_t_ar1,0.669010921326918,0.6667829745473199,-0.45822556272484105,0.4491839040145507,1.8522267738050768,1.8352819713325936,-1.1832158524781589,2025-01-28,9.0,0,True,False
2024-12-20,2025Q1,-1,diag4,student_t_ar1,1.4641292097999692,1.4535143230850338,-0.27269068844002775,0.5455448523551929,-0.6484826392524012,-0.6505944225690983,2.1126118490523704,2025-04-28,9.0,0,True,False
2024-12-27,2024Q4,13,diag4,student_t_ar1,0.667279420562017,0.6650629659368534,-0.45863119239995803,0.4491758876240338,1.8522267738050768,1.8352819713325936,-1.1849473532430599,2025-01-28,4.0,0,True,False
2024-12-27,2025Q1,0,diag4,student_t_ar1,1.4639357175577183,1.4533236227574853,-0.27273566130320853,0.5455447127146187,-0.6484826392524012,-0.6505944225690983,2.1124183568101196,2025-04-28,4.0,0,True,False
2025-01-03,2024Q4,14,diag4,student_t_ar1,0.7209339809164605,0.7183476748259059,-0.4460650581237423,0.44763198302575014,1.8522267738050768,1.8352819713325936,-1.1312927928886163,2025-01-28,8.0,22,True,True
2025-01-03,2025Q1,1,diag4,student_t_ar1,1.7216595581976302,1.7070069397325378,-0.21290951809612293,0.5373455268218348,-0.6484826392524012,-0.6505944225690983,2.3701421974500314,2025-04-28,8.0,0,True,False
2025-01-03,2025Q2,-12,diag4,student_t_ar1,1.697714642136594,1.6834645251854892,-0.2184615263279879,0.5649500292478647,3.8380332333819878,3.7662126431826737,-2.1403185912453937,2025-07-28,8.0,0,True,False
2025-01-10,2024Q4,15,diag4,student_t_ar1,0.8264335382723198,0.8230372753798416,-0.4213761069159328,0.44801528875643015,1.8522267738050768,1.8352819713325936,-1.025793235532757,2025-01-28,8.0,0,True,False
2025-01-10,2025Q1,2,diag4,student_t_ar1,2.0974637842308796,2.0757698366954633,-0.1259441545624489,0.5362515729015789,-0.6484826392524012,-0.6505944225690983,2.745946423483281,2025-04-28,8.0,0,True,False
2025-01-10,2025Q2,-11,diag4,student_t_ar1,1.8383291734767493,1.8216361738774531,-0.18587650284133325,0.5646229907072107,3.8380332333819878,3.7662126431826737,-1.9997040599052385,2025-07-28,8.0,0,True,False
2025-01-17,2024Q4,16,diag4,student_t_ar1,1.5154532511540308,1.5040849684924156,-0.2607646118249294,0.4436951712096587,1.8522267738050768,1.8352819713325936,-0.336773522651046,2025-01-28,10.0,0,True,False
2025-01-17,2025Q1,3,diag4,student_t_ar1,3.4019798470978024,3.3453923360352698,0.17347095231235918,0.5199320973259292,-0.6484826392524012,-0.6505944225690983,4.050462486350204,2025-04-28,10.0,0,True,False
2025-01-17,2025Q2,-10,diag4,student_t_ar1,1.8028884825403546,1.786829181754603,-0.1940850366944061,0.5640318842063518,3.8380332333819878,3.7662126431826737,-2.035144750841633,2025-07-28,10.0,0,True,False
2025-01-24,2024Q4,17,diag4,student_t_ar1,1.51607686132873,1.504699267339835,-0.26061974171184554,0.44369406596725763,1.8522267738050768,1.8352819713325936,-0.33614991247634673,2025-01-28,2.0,0,True,False
2025-01-24,2025Q1,4,diag4,student_t_ar1,3.581863344990688,3.519206427421737,0.21446153398201964,0.5179246940701095,-0.6484826392524012,-0.6505944225690983,4.230345984243089,2025-04-28,2.0,0,True,False
2025-01-24,2025Q2,-9,diag4,student_t_ar1,1.9572156641336047,1.938308502742859,-0.15836166450573871,0.5637249358105566,3.8380332333819878,3.7662126431826737,-1.880817569248383,2025-07-28,2.0,0,True,False
2025-01-31,2025Q1,5,diag4,student_t_ar1,3.5990026633957672,3.5357516989754205,0.22017546119710624,0.5167079237934543,-0.6484826392524012,-0.6505944225690983,4.247485302648169,2025-04-28,10.0,0,True,False
2025-01-31,2025Q2,-8,diag4,student_t_ar1,1.968609022037482,1.949482524408105,-0.1550570325092453,0.563248691293764,3.8380332333819878,3.7662126431826737,-1.8694242113445059,2025-07-28,10.0,0,True,False
2025-02-07,2025Q1,6,diag4,student_t_ar1,3.3408188171121456,3.2862260364930305,0.16115008386634147,0.5442848265798135,-0.6484826392524012,-0.6505944225690983,3.989301456364547,2025-04-28,13.0,11,False,True
2025-02-07,2025Q2,-7,diag4,student_t_ar1,2.0108758523827763,1.9909247615784125,-0.14525385770921415,0.5600996396918612,3.8380332333819878,3.7662126431826737,-1.8271573809992114,2025-07-28,13.0,0,True,False
2025-02-14,2025Q1,7,diag4,student_t_ar1,3.00314867183773,2.9589371403795295,0.08372978810565097,0.5402560780711496,-0.6484826392524012,-0.6505944225690983,3.651631311090131,2025-04-28,6.0,0,True,False
2025-02-14,2025Q2,-6,diag4,student_t_ar1,2.1233945079718097,2.1011646216328494,-0.11917658264311522,0.5591409182773722,3.8380332333819878,3.7662126431826737,-1.714638725410178,2025-07-28,6.0,0,True,False
2025-02-21,2025Q1,8,diag4,student_t_ar1,3.0939031120196248,3.0470067612327565,0.10456268581454284,0.46754371146720414,-0.6484826392524012,-0.6505944225690983,3.742385751272026,2025-04-28,6.0,0,True,False
2025-02-21,2025Q2,-5,diag4,student_t_ar1,2.0032281398712604,1.9834275225489038,-0.14702733206152416,0.5576823000127087,3.8380332333819878,3.7662126431826737,-1.8348050935107274,2025-07-28,6.0,0,True,False
2025-02-28,2025Q1,9,diag4,student_t_ar1,3.0959813397078317,3.0490225998795446,0.10503953310784683,0.46753711678018134,-0.6484826392524012,-0.6505944225690983,3.744463978960233,2025-04-28,4.0,0,True,False
2025-02-28,2025Q2,-4,diag4,student_t_ar1,2.0031502313956784,1.983351144078598,-0.14704539941373512,0.5576821863453275,3.8380332333819878,3.7662126431826737,-1.8348830019863094,2025-07-28,4.0,0,True,False
2025-03-07,2025Q1,10,diag4,student_t_ar1,3.1715444465026055,3.1222896930751296,0.12237088804254381,0.46124702927066935,-0.6484826392524012,-0.6505944225690983,3.8200270857550067,2025-04-28,15.0,9,True,True
2025-03-07,2025Q2,-3,diag4,student_t_ar1,2.083486564286341,2.062078823951613,-0.1284223409088477,0.5504911003133621,3.8380332333819878,3.7662126431826737,-1.7545466690956468,2025-07-28,15.0,0,True,False
2025-03-14,2025Q1,11,diag4,student_t_ar1,3.1184526137532975,3.070816684516207,0.11019493097939205,0.459375255021193,-0.6484826392524012,-0.6505944225690983,3.7669352530056988,2025-04-28,6.0,0,True,False
2025-03-14,2025Q2,-2,diag4,student_t_ar1,2.0511237624066148,2.0303715087647705,-0.135922716719616,0.5500490021006729,3.8380332333819878,3.7662126431826737,-1.786909470975373,2025-07-28,6.0,0,True,False
2025-03-21,2025Q1,12,diag4,student_t_ar1,4.588044041638795,4.485905740461943,0.44493471146079877,0.4469110473948525,-0.6484826392524012,-0.6505944225690983,5.236526680891195,2025-04-28,7.0,0,True,False
2025-03-21,2025Q2,-1,diag4,student_t_ar1,2.6822096202449908,2.646868926368341,0.009909949690240592,0.544771049598541,3.8380332333819878,3.7662126431826737,-1.155823613136997,2025-07-28,7.0,0,True,False
2025-03-28,2025Q1,13,diag4,student_t_ar1,4.581300320995707,4.479457643905558,0.4434094121047347,0.44690373644163284,-0.6484826392524012,-0.6505944225690983,5.229782960248109,2025-04-28,4.0,0,True,False
2025-03-28,2025Q2,0,diag4,student_t_ar1,2.681546701444093,2.6462233218928692,0.009757231739741787,0.5447708712296954,3.8380332333819878,3.7662126431826737,-1.1564865319378947,2025-07-28,4.0,0,True,False
2025-04-04,2025Q1,14,diag4,student_t_ar1,4.512188749026169,4.413351736166657,0.42777203793943536,0.447619420801316,-0.6484826392524012,-0.6505944225690983,5.160671388278571,2025-04-28,12.0,12,True,True
2025-04-04,2025Q2,1,diag4,student_t_ar1,2.377335752450205,2.3495171577618286,-0.060428708736158084,0.5435965325664296,3.8380332333819878,3.7662126431826737,-1.460697480931783,2025-07-28,12.0,0,True,False
2025-04-04,2025Q3,-12,diag4,student_t_ar1,1.8469335452677704,1.8300848673973387,-0.18330058745008065,0.5657913122765668,4.3753962528715995,4.282379361041974,-2.528462707603829,2025-10-28,12.0,0,True,False
2025-04-11,2025Q1,15,diag4,student_t_ar1,4.537990345540899,4.438036332714224,0.4336111873518955,0.4462170232865147,-0.6484826392524012,-0.6505944225690983,5.1864729847932995,2025-04-28,5.0,0,True,False
2025-04-11,2025Q2,2,diag4,student_t_ar1,2.480319266785469,2.4500587001325678,-0.03664557390020194,0.5363947371819237,3.8380332333819878,3.7662126431826737,-1.3577139665965188,2025-07-28,5.0,0,True,False
2025-04-11,2025Q3,-11,diag4,student_t_ar1,1.886057675830588,1.8684921285966896,-0.1742153372117693,0.5654106015376279,4.3753962528715995,4.282379361041974,-2.4893385770410115,2025-10-28,5.0,0,True,False
2025-04-18,2025Q1,16,diag4,student_t_ar1,4.607957846599042,4.50494415882621,0.4494382555714616,0.44197351991980266,-0.6484826392524012,-0.6505944225690983,5.256440485851444,2025-04-28,11.0,0,True,False
2025-04-18,2025Q2,3,diag4,student_t_ar1,2.5139022648195564,2.4828235245101618,-0.02889504394338759,0.518989186217828,3.8380332333819878,3.7662126431826737,-1.3241309685624314,2025-07-28,11.0,0,True,False
2025-04-18,2025Q3,-10,diag4,student_t_ar1,1.885509358781201,1.8679539602375024,-0.1743426411137106,0.5645719005892919,4.3753962528715995,4.282379361041974,-2.4898868940903984,2025-10-28,11.0,0,True,False
2025-04-25,2025Q1,17,diag4,student_t_ar1,4.606616428137222,4.50366182133466,0.4491349182170943,0.4419743759402338,-0.6484826392524012,-0.6505944225690983,5.255099067389624,2025-04-28,0.0,0,True,False
2025-04-25,2025Q2,4,diag4,student_t_ar1,2.2977374543967644,2.2717369954594893,-0.07882763164881723,0.5217842026673503,3.8380332333819878,3.7662126431826737,-1.5402957789852234,2025-07-28,0.0,0,True,False
2025-04-25,2025Q3,-9,diag4,student_t_ar1,1.6981795504641184,1.6839216714119378,-0.21787553941726626,0.5644081802423261,4.3753962528715995,4.282379361041974,-2.677216702407481,2025-10-28,0.0,0,True,False
2025-05-02,2025Q2,5,diag4,student_t_ar1,2.452562189593488,2.422969755533284,-0.03831940761117381,0.5205489110471205,3.8380332333819878,3.7662126431826737,-1.3854710437884998,2025-07-28,13.0,11,False,True
2025-05-02,2025Q3,-8,diag4,student_t_ar1,1.5226294204364388,1.5111537599141736,-0.25428708576312253,0.5667295453525493,4.3753962528715995,4.282379361041974,-2.8527668324351607,2025-10-28,13.0,0,True,False
2025-05-09,2025Q2,6,diag4,student_t_ar1,2.564227273936104,2.5319023904427684,-0.012518228042700167,0.512322566118592,3.8380332333819878,3.7662126431826737,-1.273805959445884,2025-07-28,10.0,0,True,False
2025-05-09,2025Q3,-7,diag4,student_t_ar1,1.5700867890479087,1.5578884438171572,-0.24321776780841883,0.5660747211820755,4.3753962528715995,4.282379361041974,-2.805309463823691,2025-10-28,10.0,0,True,False
2025-05-16,2025Q2,7,diag4,student_t_ar1,2.452887118825875,2.4232869059394626,-0.03824428912545254,0.5082316131588467,3.8380332333819878,3.7662126431826737,-1.3851461145561128,2025-07-28,8.0,0,True,False
2025-05-16,2025Q3,-6,diag4,student_t_ar1,1.56319798920741,1.5511059021468774,-0.2448242430002744,0.5660571543796685,4.3753962528715995,4.282379361041974,-2.8121982636641896,2025-10-28,8.0,0,True,False
2025-05-23,2025Q2,8,diag4,student_t_ar1,2.897885205870332,2.856690470554206,0.06440927475403437,0.4817522624298317,3.8380332333819878,3.7662126431826737,-0.9401480275116558,2025-07-28,4.0,0,True,False
2025-05-23,2025Q3,-5,diag4,student_t_ar1,1.640714970049162,1.6274006776489978,-0.226753485742798,0.5637332853535859,4.3753962528715995,4.282379361041974,-2.7346812828224376,2025-10-28,4.0,0,True,False
2025-05-30,2025Q2,9,diag4,student_t_ar1,2.899742385667281,2.858495330813041,0.06483676394194296,0.4817317357170911,3.8380332333819878,3.7662126431826737,-0.9382908477147067,2025-07-28,8.0,0,True,False
2025-05-30,2025Q3,-4,diag4,student_t_ar1,1.6448768938682967,1.6314953346107197,-0.22578364801117168,0.5637328220056379,4.3753962528715995,4.282379361041974,-2.730519359003303,2025-10-28,8.0,0,True,False
2025-06-06,2025Q2,10,diag4,student_t_ar1,2.713113515359633,2.6769610383756364,0.02183955855069167,0.4760674214979499,3.8380332333819878,3.7662126431826737,-1.1249197180223547,2025-07-28,10.0,24,True,True
2025-06-06,2025Q3,-3,diag4,student_t_ar1,1.3521029857322509,1.3430436430532917,-0.29410471540192473,0.5571594975946585,4.3753962528715995,4.282379361041974,-3.0232932671393487,2025-10-28,10.0,0,True,False
2025-06-13,2025Q2,11,diag4,student_t_ar1,2.711375160194107,2.675268586636516,0.02143869382114288,0.4765428628186481,3.8380332333819878,3.7662126431826737,-1.1266580731878806,2025-07-28,6.0,0,True,False
2025-06-13,2025Q3,-2,diag4,student_t_ar1,1.3325644100485645,1.3237638662499818,-0.29867121637526145,0.5572528680380399,4.3753962528715995,4.282379361041974,-3.042831842823035,2025-10-28,6.0,0,True,False
2025-06-20,2025Q2,12,diag4,student_t_ar1,2.6178817898280693,2.584201801302478,-0.0001308797330040533,0.4622078221099879,3.8380332333819878,3.7662126431826737,-1.2201514435539185,2025-07-28,8.0,0,True,False
2025-06-20,2025Q3,-1,diag4,student_t_ar1,1.1549173903065535,1.148299127649232,-0.34023082091741746,0.5513902266532407,4.3753962528715995,4.282379361041974,-3.220478862565046,2025-10-28,8.0,0,True,False
2025-06-27,2025Q2,13,diag4,student_t_ar1,2.627556186689839,2.5936289505383603,0.002101982535093234,0.462216812307009,3.8380332333819878,3.7662126431826737,-1.2104770466921488,2025-07-28,4.0,0,True,False
2025-06-27,2025Q3,0,diag4,student_t_ar1,1.1556904805871904,1.1490633883953847,-0.3400498023570475,0.55139114944289,4.3753962528715995,4.282379361041974,-3.219705772284409,2025-10-28,4.0,0,True,False
2025-07-04,2025Q2,14,diag4,student_t_ar1,2.6453915261307914,2.6110061448394664,0.006217848372100171,0.46125680462612084,3.8380332333819878,3.7662126431826737,-1.1926417072511963,2025-07-28,9.0,11,True,True
2025-07-04,2025Q3,1,diag4,student_t_ar1,1.2683337656642868,1.260357783538074,-0.3136892293623042,0.544352208828388,4.3753962528715995,4.282379361041974,-3.1070624872073127,2025-10-28,9.0,0,True,False
2025-07-04,2025Q4,-12,diag4,student_t_ar1,1.815620524497863,1.7993349623304535,-0.18603008492972287,0.5707145119282028,0.48224811236061704,0.4810890211212576,1.3333724121372459,2026-01-28,9.0,0,True,False
2025-07-11,2025Q2,15,diag4,student_t_ar1,2.576216838059886,2.5435915180444346,-0.009749606127880965,0.46072601585387873,3.8380332333819878,3.7662126431826737,-1.2618163953221018,2025-07-28,7.0,0,True,False
2025-07-11,2025Q3,2,diag4,student_t_ar1,1.0783603630450722,1.0725875219540566,-0.35816345180972886,0.5406283854351974,4.3753962528715995,4.282379361041974,-3.2970358898265273,2025-10-28,7.0,0,True,False
2025-07-11,2025Q4,-11,diag4,student_t_ar1,1.7558391527243478,1.7406023938389918,-0.19994115526622075,0.5704398896234691,0.48224811236061704,0.4810890211212576,1.2735910403637307,2026-01-28,7.0,0,True,False
2025-07-18,2025Q2,16,diag4,student_t_ar1,3.015692287749139,2.9711142945354116,0.09151106690203151,0.45724717279253935,3.8380332333819878,3.7662126431826737,-0.822340945632849,2025-07-28,12.0,0,True,False
2025-07-18,2025Q3,3,diag4,student_t_ar1,2.158872984303728,2.1358993806740005,-0.10631330399206944,0.5277614476029407,4.3753962528715995,4.282379361041974,-2.2165232685678715,2025-10-28,12.0,0,True,False
2025-07-18,2025Q4,-10,diag4,student_t_ar1,1.9517333043759022,1.9329312402080197,-0.1543872117167233,0.569912854291445,0.48224811236061704,0.4810890211212576,1.4694851920152852,2026-01-28,12.0,0,True,False
2025-07-25,2025Q2,17,diag4,student_t_ar1,3.017109741528401,2.9724902441563703,0.09183696669576209,0.4572494256882359,3.8380332333819878,3.7662126431826737,-0.8209234918535868,2025-07-28,0.0,0,True,False
2025-07-25,2025Q3,4,diag4,student_t_ar1,2.37384525938682,2.346107660393891,-0.05652453705056021,0.5337988269518191,4.3753962528715995,4.282379361041974,-2.0015509934847797,2025-10-28,0.0,0,True,False
2025-07-25,2025Q4,-9,diag4,student_t_ar1,2.1377563256437693,2.115226833303564,-0.1112096888751268,0.5697356864664018,0.48224811236061704,0.4810890211212576,1.6555082132831522,2026-01-28,0.0,0,True,False
2025-08-01,2025Q3,5,diag4,student_t_ar1,1.8284159941571954,1.8119014679791343,-0.18531249934924998,0.5175683269058187,4.3753962528715995,4.282379361041974,-2.546980258714404,2025-10-28,13.0,11,False,True
2025-08-01,2025Q4,-8,diag4,student_t_ar1,1.6669862546231595,1.6532445434366516,-0.22299918427532592,0.5658440733299079,0.48224811236061704,0.4810890211212576,1.1847381422625425,2026-01-28,13.0,0,True,False
2025-08-08,2025Q3,6,diag4,student_t_ar1,2.0268285928852547,2.0065618131501957,-0.13907371640789382,0.5130634712103169,4.3753962528715995,4.282379361041974,-2.3485676599863448,2025-10-28,10.0,0,True,False
2025-08-08,2025Q4,-7,diag4,student_t_ar1,1.7501016510655942,1.7349637361785593,-0.20358795795691267,0.5651629859972154,0.48224811236061704,0.4810890211212576,1.2678535387049772,2026-01-28,10.0,0,True,False
2025-08-15,2025Q3,7,diag4,student_t_ar1,2.2055578606523962,2.181587250101897,-0.09749892529512831,0.5113546855558869,4.3753962528715995,4.282379361041974,-2.1698383922192033,2025-10-28,6.0,0,True,False
2025-08-15,2025Q4,-6,diag4,student_t_ar1,1.763581048692342,1.748210410768356,-0.20044139972742767,0.5651629246637945,0.48224811236061704,0.4810890211212576,1.281332936331725,2026-01-28,6.0,0,True,False
2025-08-22,2025Q3,8,diag4,student_t_ar1,3.115820207503961,3.0682638534920814,0.11311842960223999,0.47544884274113386,4.3753962528715995,4.282379361041974,-1.2595760453676386,2025-10-28,6.0,0,True,False
2025-08-22,2025Q4,-5,diag4,student_t_ar1,1.8109308901304022,1.7947288494873983,-0.18939160944368819,0.562929887299247,0.48224811236061704,0.4810890211212576,1.3286827777697852,2026-01-28,6.0,0,True,False
2025-08-29,2025Q3,9,diag4,student_t_ar1,3.1160629877010626,3.0684992973946716,0.11317435593637434,0.4754446367836588,4.3753962528715995,4.282379361041974,-1.259333265170537,2025-10-28,4.0,0,True,False
2025-08-29,2025Q4,-4,diag4,student_t_ar1,1.8109231035328577,1.7947212013912746,-0.18939342613961704,0.5629298808132119,0.48224811236061704,0.4810890211212576,1.3286749911722406,2026-01-28,4.0,0,True,False
2025-09-05,2025Q3,10,diag4,student_t_ar1,2.993518283124308,2.949587097135837,0.08492846223873624,0.4702170322250786,4.3753962528715995,4.282379361041974,-1.3818779697472916,2025-10-28,13.0,3,True,True
2025-09-05,2025Q4,-3,diag4,student_t_ar1,1.6594919071137415,1.6458728055493124,-0.22475023525478302,0.5571236737890635,0.48224811236061704,0.4810890211212576,1.1772437947531245,2026-01-28,13.0,0,True,False
2025-09-12,2025Q3,11,diag4,student_t_ar1,2.9931781544136227,2.9492568537593664,0.08485001764444033,0.47022075307771694,4.3753962528715995,4.282379361041974,-1.3822180984579768,2025-10-28,4.0,0,True,False
2025-09-12,2025Q4,-2,diag4,student_t_ar1,1.6593177640693568,1.6457015050733046,-0.2247909252346601,0.5571245952640406,0.48224811236061704,0.4810890211212576,1.1770696517087398,2026-01-28,4.0,0,True,False
2025-09-19,2025Q3,12,diag4,student_t_ar1,2.825482750607078,2.786302299320406,0.046142492157484435,0.45531738888423307,4.3753962528715995,4.282379361041974,-1.5499135022645216,2025-10-28,11.0,0,True,False
2025-09-19,2025Q4,-1,diag4,student_t_ar1,1.6295780086065248,1.6164428920418892,-0.23174089060092862,0.5514621024792901,0.48224811236061704,0.4810890211212576,1.1473298962459078,2026-01-28,11.0,0,True,False
2025-09-26,2025Q3,13,diag4,student_t_ar1,2.8347178083161673,2.7952831888558607,0.0482757741132175,0.4553058790785122,4.3753962528715995,4.282379361041974,-1.5406784445554322,2025-10-28,4.0,0,True,False
2025-09-26,2025Q4,0,diag4,student_t_ar1,1.6306091455815075,1.617457490118798,-0.23149988732822988,0.5514616838559632,0.48224811236061704,0.4810890211212576,1.1483610332208904,2026-01-28,4.0,0,True,False
2025-10-03,2025Q3,14,diag4,student_t_ar1,2.8334650354809643,2.794064942243392,0.04798639704140816,0.4539259394865184,4.3753962528715995,4.282379361041974,-1.5419312173906352,2025-10-28,9.0,17,True,True
2025-10-03,2025Q4,1,diag4,student_t_ar1,1.6345105929888692,1.621296267192653,-0.2305880406975139,0.5438137068490262,0.48224811236061704,0.4810890211212576,1.1522624806282522,2026-01-28,9.0,0,True,False
2025-10-03,2026Q1,-12,diag4,student_t_ar1,1.749364881735671,1.7342396366588106,-0.20375995744911626,0.5703235700918954,2.0891889857350465,2.067664705054285,-0.33982410399937546,2026-04-28,9.0,0,True,False
2025-10-10,2025Q3,15,diag4,student_t_ar1,2.8720370405060702,2.8315671044003565,0.05689449968698602,0.4533117069533866,4.3753962528715995,4.282379361041974,-1.5033592123655293,2025-10-28,7.0,0,True,False
2025-10-10,2025Q4,2,diag4,student_t_ar1,1.7980799275568948,1.7821056728028521,-0.19239006465671166,0.5398016223265862,0.48224811236061704,0.4810890211212576,1.3158318151962778,2026-01-28,7.0,0,True,False
2025-10-10,2026Q1,-11,diag4,student_t_ar1,1.8003289827824176,1.7843149781089847,-0.19186527575627244,0.5700515784865146,2.0891889857350465,2.067664705054285,-0.2888600029526289,2026-04-28,7.0,0,True,False
2025-10-17,2025Q3,16,diag4,student_t_ar1,2.888896664657259,2.847954689628839,0.06078713634930617,0.449891059669605,4.3753962528715995,4.282379361041974,-1.4864995882143406,2025-10-28,10.0,0,True,False
2025-10-17,2025Q4,3,diag4,student_t_ar1,1.9961599500901261,1.9764979039356991,-0.1462149683732911,0.5274530575500204,0.48224811236061704,0.4810890211212576,1.513911837729509,2026-01-28,10.0,0,True,False
2025-10-17,2026Q1,-10,diag4,student_t_ar1,1.9389311602699744,1.9203733880313445,-0.15954654500390694,0.5695438940501893,2.0891889857350465,2.067664705054285,-0.15025782546507216,2026-04-28,10.0,0,True,False
2025-10-24,2025Q3,17,diag4,student_t_ar1,2.8872328800728653,2.846337607425843,0.06040302158306067,0.449889960361604,4.3753962528715995,4.282379361041974,-1.4881633727987342,2025-10-28,2.0,0,True,False
2025-10-24,2025Q4,4,diag4,student_t_ar1,1.7791127827721853,1.7634718125093123,-0.1968162718573379,0.5244885500281409,0.48224811236061704,0.4810890211212576,1.2968646704115683,2026-01-28,2.0,0,True,False
2025-10-24,2026Q1,-9,diag4,student_t_ar1,1.75296904886022,1.737781775026781,-0.20291857310347103,0.5690154239164772,2.0891889857350465,2.067664705054285,-0.33621993687482643,2026-04-28,2.0,0,True,False
2025-10-31,2025Q4,5,diag4,student_t_ar1,1.8720034606475755,1.854697125712474,-0.17807242537606344,0.5236630159263419,0.48224811236061704,0.4810890211212576,1.3897553482869585,2026-01-28,10.0,0,True,False
2025-10-31,2026Q1,-8,diag4,student_t_ar1,1.8302701951645295,1.8137223586487958,-0.18783072107022017,0.5686135047145824,2.0891889857350465,2.067664705054285,-0.25891879057051703,2026-04-28,10.0,0,True,False
2025-11-07,2025Q4,6,diag4,student_t_ar1,1.7374450084138626,1.7225240140669862,-0.20954995163628676,0.5074532747662761,0.48224811236061704,0.4810890211212576,1.2551968960532456,2026-01-28,12.0,7,True,True
2025-11-07,2026Q1,-7,diag4,student_t_ar1,1.7569626880238776,1.7417065359758768,-0.20498156151815164,0.5656110559913412,2.0891889857350465,2.067664705054285,-0.33222629771116896,2026-04-28,12.0,0,True,False
2025-11-14,2025Q4,7,diag4,student_t_ar1,1.6442418670417736,1.630870582208443,-0.23137756295790735,0.504982120702743,0.48224811236061704,0.4810890211212576,1.1619937546811565,2026-01-28,4.0,0,True,False
2025-11-14,2026Q1,-6,diag4,student_t_ar1,1.7507463467194562,1.7355973410605228,-0.20643648938496822,0.565600245721117,2.0891889857350465,2.067664705054285,-0.33844263901559035,2026-04-28,4.0,0,True,False
2025-11-21,2025Q4,8,diag4,student_t_ar1,1.1301691215738874,1.1238304243128752,-0.3521310935848786,0.47813578660290423,0.48224811236061704,0.4810890211212576,0.6479210092132703,2026-01-28,4.0,0,True,False
2025-11-21,2026Q1,-5,diag4,student_t_ar1,1.973727426623717,1.9545019869448577,-0.15430352033003059,0.5643327664015637,2.0891889857350465,2.067664705054285,-0.11546155911132949,2026-04-28,4.0,0,True,False
2025-11-28,2025Q4,9,diag4,student_t_ar1,1.1347837568696395,1.1283933851529857,-0.3510444072091035,0.4781252121335227,0.48224811236061704,0.4810890211212576,0.6525356445090225,2026-01-28,4.0,0,True,False
2025-11-28,2026Q1,-4,diag4,student_t_ar1,1.9736247668850293,1.9544013141608314,-0.15432749593417147,0.5643318527182992,2.0891889857350465,2.067664705054285,-0.11556421885001722,2026-04-28,4.0,0,True,False
2025-12-05,2025Q4,10,diag4,student_t_ar1,1.038956273430558,1.0335962165384964,-0.37362071132503427,0.46978151640516014,0.48224811236061704,0.4810890211212576,0.5567081610699409,2026-01-28,13.0,3,True,True
2025-12-05,2026Q1,-3,diag4,student_t_ar1,1.7382725732139503,1.7233374426273351,-0.20935623054921815,0.5572486686167948,2.0891889857350465,2.067664705054285,-0.3509164125210962,2026-04-28,13.0,0,True,False
2025-12-12,2025Q4,11,diag4,student_t_ar1,1.0386968069719504,1.0333394177736057,-0.37368186892180116,0.4697788134725916,0.48224811236061704,0.4810890211212576,0.5564486946113334,2026-01-28,3.0,0,True,False
2025-12-12,2026Q1,-2,diag4,student_t_ar1,1.7381608508406199,1.7232276290519206,-0.20938238306738774,0.5572482780228846,2.0891889857350465,2.067664705054285,-0.35102813489442664,2026-04-28,3.0,0,True,False
2025-12-19,2025Q4,12,diag4,student_t_ar1,0.8083461647103052,0.805096547458642,-0.4280387714309756,0.45607821776361307,0.48224811236061704,0.4810890211212576,0.32609805234968814,2026-01-28,7.0,0,True,False
2025-12-19,2026Q1,-1,diag4,student_t_ar1,1.4919164726345358,1.4808968658565504,-0.2670943705297229,0.5533089724307515,2.0891889857350465,2.067664705054285,-0.5972725131005108,2026-04-28,7.0,0,True,False
2025-12-26,2025Q4,13,diag4,student_t_ar1,0.7846421604917442,0.7815798522355124,-0.43363936131059655,0.4564105969166881,0.48224811236061704,0.4810890211212576,0.30239404813112714,2026-01-28,4.0,0,True,False
2025-12-26,2026Q1,0,diag4,student_t_ar1,1.3412688347868906,1.3323534553492071,-0.30247054535693974,0.553928571226689,2.0891889857350465,2.067664705054285,-0.7479201509481559,2026-04-28,4.0,0,True,False
