as_of,target_quarter,horizon_week,spec,variant,nowcast_bea,nowcast_livello,nowcast_z,sd_z,realizzato_bea,realizzato_livello,errore_bea,gdp_release_date,n_releases,n_iter,converged,reestimated
2007-01-05,2006Q4,14,diag4,gaussian_ar1,1.9786495984925434,1.9593287724342607,-0.5789181741214728,0.8054938381120742,3.4823729200428755,3.423110226166918,-1.503723321550332,2007-01-28,,22,True,True
2007-01-05,2007Q1,1,diag4,gaussian_ar1,3.0082963069326007,2.963934566708407,-0.0803284490046858,0.926943259970503,1.2087836914185912,1.2015362468522506,1.7995126155140095,2007-04-28,,0,True,False
2007-01-05,2007Q2,-12,diag4,gaussian_ar1,3.096998478434121,3.05000918897409,-0.03760928244245631,0.9588508028745574,2.4695947150627617,2.439593165871891,0.6274037633713592,2007-07-28,,0,True,False
2007-01-12,2006Q4,15,diag4,gaussian_ar1,1.978200473786651,1.9588883609396348,-0.5791367520425791,0.8054850575664617,3.4823729200428755,3.423110226166918,-1.5041724462562245,2007-01-28,4.0,0,True,False
2007-01-12,2007Q1,2,diag4,gaussian_ar1,3.0039645521641845,2.9597292298503186,-0.08241557388496049,0.9269115018824627,1.2087836914185912,1.2015362468522506,1.7951808607455932,2007-04-28,4.0,0,True,False
2007-01-12,2007Q2,-11,diag4,gaussian_ar1,3.0945972700314073,3.047680084924912,-0.03876522575302304,0.9588422683878041,2.4695947150627617,2.439593165871891,0.6250025549686455,2007-07-28,4.0,0,True,False
2007-01-19,2006Q4,16,diag4,gaussian_ar1,2.3307755870870084,2.304027835564093,-0.40784270142017015,0.8003162175017074,3.4823729200428755,3.423110226166918,-1.151597332955867,2007-01-28,10.0,0,True,False
2007-01-19,2007Q1,3,diag4,gaussian_ar1,3.564608512637979,3.5025468799644393,0.18698691662574435,0.9059976820564539,1.2087836914185912,1.2015362468522506,2.3558248212193877,2007-04-28,10.0,0,True,False
2007-01-19,2007Q2,-10,diag4,gaussian_ar1,3.060781591479156,3.014874073224137,-0.05504697571832738,0.9570162091964044,2.4695947150627617,2.439593165871891,0.5911868764163941,2007-07-28,10.0,0,True,False
2007-01-26,2006Q4,17,diag4,gaussian_ar1,2.3443489307818144,2.317291141250765,-0.4012600717218858,0.8002973052932012,3.4823729200428755,3.423110226166918,-1.138023989261061,2007-01-28,4.0,0,True,False
2007-01-26,2007Q1,4,diag4,gaussian_ar1,3.6253284368211514,3.5611596937096657,0.21607668184521406,0.9047185158455191,1.2087836914185912,1.2015362468522506,2.41654474540256,2007-04-28,4.0,0,True,False
2007-01-26,2007Q2,-9,diag4,gaussian_ar1,3.103587268461161,3.0563998498011715,-0.03443757285920468,0.9563177119992906,2.4695947150627617,2.439593165871891,0.6339925533983992,2007-07-28,4.0,0,True,False
2007-02-02,2007Q1,5,diag4,gaussian_ar1,3.755852127378123,3.6870377578973197,0.27844383732817846,0.8861900475556947,1.2087836914185912,1.2015362468522506,2.547068435959532,2007-04-28,10.0,11,False,True
2007-02-02,2007Q2,-8,diag4,gaussian_ar1,3.0617927366712427,3.0158551838039935,-0.05655582565350706,0.953237805071773,2.4695947150627617,2.439593165871891,0.592198021608481,2007-07-28,10.0,0,True,False
2007-02-09,2007Q1,6,diag4,gaussian_ar1,3.9308191381500768,3.8555291214490586,0.362540999834827,0.8812656891934718,1.2087836914185912,1.2015362468522506,2.7220354467314856,2007-04-28,8.0,0,True,False
2007-02-09,2007Q2,-7,diag4,gaussian_ar1,3.109926987208733,3.0625485435688535,-0.03325030434160294,0.9528772187281812,2.4695947150627617,2.439593165871891,0.6403322721459714,2007-07-28,8.0,0,True,False
2007-02-16,2007Q1,7,diag4,gaussian_ar1,4.14238003014642,4.058881562557537,0.464037972294024,0.8773877963559349,1.2087836914185912,1.2015362468522506,2.9335963387278285,2007-04-28,7.0,0,True,False
2007-02-16,2007Q2,-6,diag4,gaussian_ar1,3.3291941798335056,3.2749765696523,0.07277646079298208,0.9507211772912699,2.4695947150627617,2.439593165871891,0.8595994647707439,2007-07-28,7.0,0,True,False
2007-02-23,2007Q1,8,diag4,gaussian_ar1,3.4259089256838404,3.368531457973595,0.11947143957764464,0.8319672068203247,1.2087836914185912,1.2015362468522506,2.217125234265249,2007-04-28,4.0,0,True,False
2007-02-23,2007Q2,-5,diag4,gaussian_ar1,3.2401843201235403,3.1887974216438324,0.02976285070650939,0.9495955604843995,2.4695947150627617,2.439593165871891,0.7705896050607786,2007-07-28,4.0,0,True,False
2007-03-02,2007Q1,9,diag4,gaussian_ar1,3.4751838614412556,3.4161628513367397,0.14324515084474132,0.824357969028927,1.2087836914185912,1.2015362468522506,2.2664001700226644,2007-04-28,11.0,22,False,True
2007-03-02,2007Q2,-4,diag4,gaussian_ar1,3.3669915264408212,3.3115494235726226,0.09103065005607061,0.9369728564759117,2.4695947150627617,2.439593165871891,0.8973968113780595,2007-07-28,11.0,0,True,False
2007-03-09,2007Q1,10,diag4,gaussian_ar1,3.326990552925535,3.2728439193172605,0.07171201548246267,0.8220858213972777,1.2087836914185912,1.2015362468522506,2.118206861506944,2007-04-28,8.0,0,True,False
2007-03-09,2007Q2,-3,diag4,gaussian_ar1,3.2368912769517255,3.1856076794774797,0.028170791269969072,0.9355043021237268,2.4695947150627617,2.439593165871891,0.7672965618889638,2007-07-28,8.0,0,True,False
2007-03-16,2007Q1,11,diag4,gaussian_ar1,3.2749958010348523,3.2225106636637264,0.04658975466768709,0.8215227795965119,1.2087836914185912,1.2015362468522506,2.066212109616261,2007-04-28,7.0,0,True,False
2007-03-16,2007Q2,-2,diag4,gaussian_ar1,3.1958925063152455,3.1458864971883513,0.008345212964293582,0.9353272173962299,2.4695947150627617,2.439593165871891,0.7262977912524837,2007-07-28,7.0,0,True,False
2007-03-23,2007Q1,12,diag4,gaussian_ar1,3.92756540181054,3.8523983972812545,0.36097839737525067,0.800523244234267,1.2087836914185912,1.2015362468522506,2.7187817103919487,2007-04-28,4.0,0,True,False
2007-03-23,2007Q2,-1,diag4,gaussian_ar1,3.450880634369957,3.3926730824260205,0.13152097180264,0.9259507787118828,2.4695947150627617,2.439593165871891,0.9812859193071954,2007-07-28,4.0,0,True,False
2007-03-30,2007Q1,13,diag4,gaussian_ar1,3.9169128528140584,3.8421478973928087,0.35586218288970345,0.800505576552703,1.2087836914185912,1.2015362468522506,2.708129161395467,2007-04-28,8.0,0,True,False
2007-03-30,2007Q2,0,diag4,gaussian_ar1,3.449810533436448,3.3916386722193934,0.13100467849589997,0.925946282119953,2.4695947150627617,2.439593165871891,0.9802158183736864,2007-07-28,8.0,0,True,False
2007-04-06,2007Q1,14,diag4,gaussian_ar1,3.9015660956527753,3.827378510890872,0.3484905083385895,0.7936795024052916,1.2087836914185912,1.2015362468522506,2.692782404234184,2007-04-28,10.0,11,False,True
2007-04-06,2007Q2,1,diag4,gaussian_ar1,3.467317296011796,3.408560193217441,0.13945052326345997,0.9115999633788582,2.4695947150627617,2.439593165871891,0.9977225809490342,2007-07-28,10.0,0,True,False
2007-04-06,2007Q3,-12,diag4,gaussian_ar1,3.133693509423008,3.0855955811084788,-0.021747100732763085,0.9453249092214705,2.3240880884577653,2.297492443722903,0.8096054209652426,2007-10-28,10.0,0,True,False
2007-04-13,2007Q1,15,diag4,gaussian_ar1,3.8938110081503163,3.8199143530119546,0.34476500879436,0.7936689442218006,1.2087836914185912,1.2015362468522506,2.685027316731725,2007-04-28,6.0,0,True,False
2007-04-13,2007Q2,2,diag4,gaussian_ar1,3.438425633346731,3.3806328264427963,0.12551145687737258,0.9115245114198922,2.4695947150627617,2.439593165871891,0.9688309182839694,2007-07-28,6.0,0,True,False
2007-04-13,2007Q3,-11,diag4,gaussian_ar1,3.115874714994793,3.0683167139322243,-0.030371303601215035,0.9453015800910363,2.3240880884577653,2.297492443722903,0.7917866265370277,2007-10-28,6.0,0,True,False
2007-04-20,2007Q1,16,diag4,gaussian_ar1,3.9176573257177827,3.842864306509058,0.3562197559581414,0.7881900990110056,1.2087836914185912,1.2015362468522506,2.7088736342991915,2007-04-28,7.0,0,True,False
2007-04-20,2007Q2,3,diag4,gaussian_ar1,3.3182105803111206,3.26434628901029,0.0674706906941611,0.8892926537313495,2.4695947150627617,2.439593165871891,0.8486158652483589,2007-07-28,7.0,0,True,False
2007-04-20,2007Q3,-10,diag4,gaussian_ar1,2.9890730505546026,2.9452709726113184,-0.0917857137257893,0.942734903216607,2.3240880884577653,2.297492443722903,0.6649849620968373,2007-10-28,7.0,0,True,False
2007-04-27,2007Q1,17,diag4,gaussian_ar1,3.9289423614529806,3.8537233109510622,0.3616396863448951,0.7881678786395998,1.2087836914185912,1.2015362468522506,2.7201586700343894,2007-04-28,4.0,0,True,False
2007-04-27,2007Q2,4,diag4,gaussian_ar1,3.3225439075647234,3.268540357373016,0.0695640279503216,0.8892897952892259,2.4695947150627617,2.439593165871891,0.8529491925019617,2007-07-28,4.0,0,True,False
2007-04-27,2007Q3,-9,diag4,gaussian_ar1,2.9897563388131543,2.945934427453332,-0.09145457111712077,0.9427348330066059,2.3240880884577653,2.297492443722903,0.665668250355389,2007-10-28,4.0,0,True,False
2007-05-04,2007Q2,5,diag4,gaussian_ar1,3.386285495004926,3.3302131844552236,0.11120992540521513,0.8746722605423668,2.4695947150627617,2.439593165871891,0.9166907799421642,2007-07-28,12.0,11,False,True
2007-05-04,2007Q3,-8,diag4,gaussian_ar1,3.175408928306056,3.126035308642205,0.009251864645722717,0.9347426973235861,2.3240880884577653,2.297492443722903,0.8513208398482908,2007-10-28,12.0,0,True,False
2007-05-11,2007Q2,6,diag4,gaussian_ar1,3.149973291408159,3.1013794599501114,-0.00306025540653743,0.8690009988056697,2.4695947150627617,2.439593165871891,0.6803785763453973,2007-07-28,7.0,0,True,False
2007-05-11,2007Q3,-7,diag4,gaussian_ar1,3.0984296917139664,3.051397399462142,-0.028019247363059968,0.9341917182552778,2.3240880884577653,2.297492443722903,0.7743416032562012,2007-10-28,7.0,0,True,False
2007-05-18,2007Q2,7,diag4,gaussian_ar1,3.8237140358511112,3.7524217570499436,0.32204357780942067,0.8201758371003555,2.4695947150627617,2.439593165871891,1.3541193207883495,2007-07-28,11.0,0,True,False
2007-05-18,2007Q3,-6,diag4,gaussian_ar1,3.0900552460102704,3.043274302082725,-0.032075589182015654,0.9319577937880649,2.3240880884577653,2.297492443722903,0.7659671575525051,2007-10-28,11.0,0,True,False
2007-05-25,2007Q2,8,diag4,gaussian_ar1,3.809173639436425,3.7384158867841686,0.3150496203795998,0.8196847787264823,2.4695947150627617,2.439593165871891,1.3395789243736633,2007-07-28,0.0,0,True,False
2007-05-25,2007Q3,-5,diag4,gaussian_ar1,3.0670015371066395,3.020909111815221,-0.04324384832425494,0.9308565740576525,2.3240880884577653,2.297492443722903,0.7429134486488742,2007-10-28,0.0,0,True,False
2007-06-01,2007Q2,9,diag4,gaussian_ar1,4.11456917685038,4.032173350834208,0.46174005512384564,0.8111641291668578,2.4695947150627617,2.439593165871891,1.6449744617876183,2007-07-28,12.0,11,False,True
2007-06-01,2007Q3,-4,diag4,gaussian_ar1,2.973025875668389,2.9296883241508915,-0.08879577002083408,0.917765781645591,2.3240880884577653,2.297492443722903,0.6489377872106239,2007-10-28,12.0,0,True,False
2007-06-08,2007Q2,10,diag4,gaussian_ar1,4.149817623406693,4.066023062188538,0.47864321328049475,0.8086656218215738,2.4695947150627617,2.439593165871891,1.6802229083439313,2007-07-28,8.0,0,True,False
2007-06-08,2007Q3,-3,diag4,gaussian_ar1,3.0098281054688147,2.96542161891861,-0.07095202752642053,0.9158508285131473,2.3240880884577653,2.297492443722903,0.6857400170110495,2007-10-28,8.0,0,True,False
2007-06-15,2007Q2,11,diag4,gaussian_ar1,4.174330804472803,4.089556753663332,0.49039497402209165,0.8082560731924116,2.4695947150627617,2.439593165871891,1.7047360894100416,2007-07-28,5.0,0,True,False
2007-06-15,2007Q3,-2,diag4,gaussian_ar1,3.0184746587123223,2.9738151776021433,-0.06676062841994831,0.9157291090184708,2.3240880884577653,2.297492443722903,0.6943865702545571,2007-10-28,5.0,0,True,False
2007-06-22,2007Q2,12,diag4,gaussian_ar1,4.14723987765131,4.063547995294715,0.4774072663408989,0.7868366887062692,2.4695947150627617,2.439593165871891,1.677645162588548,2007-07-28,6.0,0,True,False
2007-06-22,2007Q3,-1,diag4,gaussian_ar1,3.242890444797575,3.191418580474664,0.04190159016374674,0.9063275718188334,2.3240880884577653,2.297492443722903,0.9188023563398096,2007-10-28,6.0,0,True,False
2007-06-29,2007Q2,13,diag4,gaussian_ar1,4.147823422896235,4.064108301655972,0.4776870603675413,0.7868181654811369,2.4695947150627617,2.439593165871891,1.6782287078334734,2007-07-28,4.0,0,True,False
2007-06-29,2007Q3,0,diag4,gaussian_ar1,3.2429650981242064,3.1914908888915687,0.04193769802281251,0.9063273399575663,2.3240880884577653,2.297492443722903,0.9188770096664411,2007-10-28,4.0,0,True,False
2007-07-06,2007Q2,14,diag4,gaussian_ar1,4.323548063877425,4.232692296039682,0.5618709959384696,0.786285431563993,2.4695947150627617,2.439593165871891,1.8539533488146631,2007-07-28,13.0,11,False,True
2007-07-06,2007Q3,1,diag4,gaussian_ar1,2.817551724695999,2.778588908069174,-0.16424862398083828,0.8985826196309249,2.3240880884577653,2.297492443722903,0.49346363623823386,2007-10-28,13.0,0,True,False
2007-07-06,2007Q4,-12,diag4,gaussian_ar1,3.437635249375859,3.3798687129272027,0.1360058606593711,0.9371910315471099,2.5367271478347497,2.505086204878263,0.9009081015411091,2008-01-28,13.0,0,True,False
2007-07-13,2007Q2,15,diag4,gaussian_ar1,4.315687610392938,4.225157324525064,0.5581083400657441,0.7862753602492486,2.4695947150627617,2.439593165871891,1.8460928953301758,2007-07-28,6.0,0,True,False
2007-07-13,2007Q3,2,diag4,gaussian_ar1,2.793766807603526,2.755453102736702,-0.17580169669459383,0.8985109077620105,2.3240880884577653,2.297492443722903,0.46967871914576076,2007-10-28,6.0,0,True,False
2007-07-13,2007Q4,-11,diag4,gaussian_ar1,3.4241270294178783,3.3668085708996203,0.12948416114088226,0.9371712704199442,2.5367271478347497,2.505086204878263,0.8873998815831285,2008-01-28,6.0,0,True,False
2007-07-20,2007Q2,16,diag4,gaussian_ar1,4.253856180251092,4.165866374533556,0.5285008703158962,0.7808393719056281,2.4695947150627617,2.439593165871891,1.7842614651883304,2007-07-28,8.0,0,True,False
2007-07-20,2007Q3,3,diag4,gaussian_ar1,2.723013474034719,2.6865990303177845,-0.21018459773748394,0.876270206923315,2.3240880884577653,2.297492443722903,0.3989253855769537,2007-10-28,8.0,0,True,False
2007-07-20,2007Q4,-10,diag4,gaussian_ar1,3.4520961830298846,3.39384807630832,0.14298658163766292,0.9346073290104951,2.5367271478347497,2.505086204878263,0.9153690351951349,2008-01-28,8.0,0,True,False
2007-07-27,2007Q2,17,diag4,gaussian_ar1,4.251475411289829,4.163582721695336,0.5273605077085096,0.7808153890990218,2.4695947150627617,2.439593165871891,1.7818806962270672,2007-07-28,4.0,0,True,False
2007-07-27,2007Q3,4,diag4,gaussian_ar1,2.722312637871238,2.685916769809103,-0.2105252906657502,0.8762684711551114,2.3240880884577653,2.297492443722903,0.39822454941347285,2007-10-28,4.0,0,True,False
2007-07-27,2007Q4,-9,diag4,gaussian_ar1,3.451892255132094,3.393650953092534,0.14288814638491,0.9346071724116845,2.5367271478347497,2.505086204878263,0.9151651072973443,2008-01-28,4.0,0,True,False
2007-08-03,2007Q3,5,diag4,gaussian_ar1,2.6666864761516917,2.6317501266884333,-0.2350461878600733,0.8713769419198856,2.3240880884577653,2.297492443722903,0.3425983876939265,2007-10-28,12.0,11,False,True
2007-08-03,2007Q4,-8,diag4,gaussian_ar1,3.1361103834240733,3.087938991491933,-0.006096553511281423,0.9289579727562849,2.5367271478347497,2.505086204878263,0.5993832355893236,2008-01-28,12.0,0,True,False
2007-08-10,2007Q3,6,diag4,gaussian_ar1,2.4286900314709703,2.3996663463909145,-0.35152315767890074,0.8653146081952925,2.3240880884577653,2.297492443722903,0.10460194301320502,2007-10-28,7.0,0,True,False
2007-08-10,2007Q4,-7,diag4,gaussian_ar1,3.052925901440684,3.007251397238308,-0.04659161296173156,0.9283084275641119,2.5367271478347497,2.505086204878263,0.5161987536059343,2008-01-28,7.0,0,True,False
2007-08-17,2007Q3,7,diag4,gaussian_ar1,2.250348834471061,2.2254020513069466,-0.43898199264347215,0.8165331602726875,2.3240880884577653,2.297492443722903,-0.07373925398670433,2007-10-28,9.0,0,True,False
2007-08-17,2007Q4,-6,diag4,gaussian_ar1,3.1294408409989316,3.08147204401779,-0.009342150617636972,0.9261444094564746,2.5367271478347497,2.505086204878263,0.5927136931641819,2008-01-28,9.0,0,True,False
2007-08-24,2007Q3,8,diag4,gaussian_ar1,2.1997882634946064,2.1759419993599565,-0.46380473971559394,0.8160359380166767,2.3240880884577653,2.297492443722903,-0.12429982496315883,2007-10-28,2.0,0,True,False
2007-08-24,2007Q4,-5,diag4,gaussian_ar1,3.051531080732217,3.005897888702983,-0.04727090460639766,0.9250320017856593,2.5367271478347497,2.505086204878263,0.5148039328974674,2008-01-28,2.0,0,True,False
2007-08-31,2007Q3,9,diag4,gaussian_ar1,2.2054869411428646,2.181517860984872,-0.46100635602257295,0.816016830557584,2.3240880884577653,2.297492443722903,-0.11860114731490068,2007-10-28,8.0,0,True,False
2007-08-31,2007Q4,-4,diag4,gaussian_ar1,3.0539887704536417,3.0082827736137,-0.04607399128737603,0.9250289001246704,2.5367271478347497,2.505086204878263,0.517261622618892,2008-01-28,8.0,0,True,False
2007-09-07,2007Q3,10,diag4,gaussian_ar1,1.9322487662549515,1.91381788173583,-0.5953581938094238,0.8112459877825436,2.3240880884577653,2.297492443722903,-0.3918393222028138,2007-10-28,12.0,12,False,True
2007-09-07,2007Q4,-3,diag4,gaussian_ar1,2.745348575291029,2.7083397023331766,-0.19660782013194772,0.918939547234126,2.5367271478347497,2.505086204878263,0.2086214274562792,2008-01-28,12.0,0,True,False
2007-09-14,2007Q3,11,diag4,gaussian_ar1,1.948164241328687,1.9294304409525633,-0.5875226458605284,0.8108350478705372,2.3240880884577653,2.297492443722903,-0.3759238471290782,2007-10-28,5.0,0,True,False
2007-09-14,2007Q4,-2,diag4,gaussian_ar1,2.7587991999150185,2.7214300703756957,-0.19003809603726415,0.9188182388384567,2.5367271478347497,2.505086204878263,0.2220720520802688,2008-01-28,5.0,0,True,False
2007-09-21,2007Q3,12,diag4,gaussian_ar1,2.1519686036453267,2.1291406784853537,-0.487293137017655,0.7896700538458078,2.3240880884577653,2.297492443722903,-0.17211948481243855,2007-10-28,6.0,0,True,False
2007-09-21,2007Q4,-1,diag4,gaussian_ar1,2.9287376122437037,2.8866694948242735,-0.10710861501233301,0.9096632722504203,2.5367271478347497,2.505086204878263,0.39201046440895393,2008-01-28,6.0,0,True,False
2007-09-28,2007Q3,13,diag4,gaussian_ar1,2.15980254491257,2.136809293198097,-0.48344445356677634,0.7896514004613626,2.3240880884577653,2.297492443722903,-0.1642855435451951,2007-10-28,4.0,0,True,False
2007-09-28,2007Q4,0,diag4,gaussian_ar1,2.929432730558057,2.8873448319393304,-0.10676968042299131,0.9096631508112972,2.5367271478347497,2.505086204878263,0.39270558272330724,2008-01-28,4.0,0,True,False
2007-10-05,2007Q3,14,diag4,gaussian_ar1,2.1715714294214594,2.1483287033532794,-0.4776631534377634,0.788597083956539,2.3240880884577653,2.297492443722903,-0.15251665903630585,2007-10-28,13.0,4,True,True
2007-10-05,2007Q4,1,diag4,gaussian_ar1,2.938418236853302,2.896074224371147,-0.10238861950820455,0.8995929720038249,2.5367271478347497,2.505086204878263,0.4016910890185521,2008-01-28,13.0,0,True,False
2007-10-05,2008Q1,-12,diag4,gaussian_ar1,2.9651629086016262,2.922052084250949,-0.0893509897466654,0.937582166151593,-1.6961606735480972,-1.7107102360127044,4.661323582149723,2008-04-28,13.0,0,True,False
2007-10-12,2007Q3,15,diag4,gaussian_ar1,2.175689151752791,2.152358825724538,-0.475640537117047,0.7885913742742828,2.3240880884577653,2.297492443722903,-0.14839893670497428,2007-10-28,4.0,0,True,False
2007-10-12,2007Q4,2,diag4,gaussian_ar1,2.9504278825496444,2.9077403694162247,-0.09653367685527296,0.899561097584981,2.5367271478347497,2.505086204878263,0.41370073471489466,2008-01-28,4.0,0,True,False
2007-10-12,2008Q1,-11,diag4,gaussian_ar1,2.9707674830101727,2.92749511150635,-0.08661927225853416,0.9375753088355014,-1.6961606735480972,-1.7107102360127044,4.66692815655827,2008-04-28,4.0,0,True,False
2007-10-19,2007Q3,16,diag4,gaussian_ar1,2.2065139217204655,2.1825226753531837,-0.4605020651466604,0.7832334507074823,2.3240880884577653,2.297492443722903,-0.11757416673729981,2007-10-28,10.0,0,True,False
2007-10-19,2007Q4,3,diag4,gaussian_ar1,3.1981131203371094,3.1480383174558138,0.024065775659042242,0.878929833140255,2.5367271478347497,2.505086204878263,0.6613859725023596,2008-01-28,10.0,0,True,False
2007-10-19,2008Q1,-10,diag4,gaussian_ar1,3.1246796900168627,3.076855262572975,-0.011659196265197718,0.9358528865748195,-1.6961606735480972,-1.7107102360127044,4.82084036356496,2008-04-28,10.0,0,True,False
2007-10-26,2007Q3,17,diag4,gaussian_ar1,2.193646592410259,2.169932343432861,-0.46682083377931743,0.7832089973910981,2.3240880884577653,2.297492443722903,-0.13044149604750643,2007-10-28,4.0,0,True,False
2007-10-26,2007Q4,4,diag4,gaussian_ar1,3.1806864893741738,3.131150312450158,0.015590113780291797,0.8775850133004931,2.5367271478347497,2.505086204878263,0.643959341539424,2008-01-28,4.0,0,True,False
2007-10-26,2008Q1,-9,diag4,gaussian_ar1,3.113098243128598,3.0656241030671882,-0.017295830695699354,0.9351067242393472,-1.6961606735480972,-1.7107102360127044,4.809258916676695,2008-04-28,4.0,0,True,False
2007-11-02,2007Q4,5,diag4,gaussian_ar1,3.05114405058049,3.005522318466954,-0.04323512643182714,0.8706225722023421,2.5367271478347497,2.505086204878263,0.5144169027457401,2008-01-28,11.0,11,False,True
2007-11-02,2008Q1,-8,diag4,gaussian_ar1,3.048608303425815,3.0030616195812425,-0.04447588943680711,0.9289862803716564,-1.6961606735480972,-1.7107102360127044,4.744768976973912,2008-04-28,11.0,0,True,False
2007-11-09,2007Q4,6,diag4,gaussian_ar1,2.995931773527616,2.951930411711172,-0.07025787824230825,0.8643143409694964,2.5367271478347497,2.505086204878263,0.45920462569286613,2008-01-28,8.0,0,True,False
2007-11-09,2008Q1,-7,diag4,gaussian_ar1,3.02938025782451,2.984400678845799,-0.053885332029360196,0.9282966068126601,-1.6961606735480972,-1.7107102360127044,4.725540931372607,2008-04-28,8.0,0,True,False
2007-11-16,2007Q4,7,diag4,gaussian_ar1,3.0808573913202686,3.0343517488685605,-0.028698406435461326,0.8607481418624718,2.5367271478347497,2.505086204878263,0.5441302434855189,2008-01-28,7.0,0,True,False
2007-11-16,2008Q1,-6,diag4,gaussian_ar1,3.147464146705259,3.098946909420952,0.0038725375266533838,0.926267339538452,-1.6961606735480972,-1.7107102360127044,4.843624820253356,2008-04-28,7.0,0,True,False
2007-11-23,2007Q4,8,diag4,gaussian_ar1,2.4859657235795085,2.455568344604817,-0.320539492753165,0.8144790847144796,2.5367271478347497,2.505086204878263,-0.050761424255241216,2008-01-28,4.0,0,True,False
2007-11-23,2008Q1,-5,diag4,gaussian_ar1,3.1207951394425004,3.073088343004902,-0.00916617792006601,0.9250673954459697,-1.6961606735480972,-1.7107102360127044,4.816955812990598,2008-04-28,4.0,0,True,False
2007-11-30,2007Q4,9,diag4,gaussian_ar1,2.4942723291924818,2.4636731313846805,-0.3164528002862005,0.8144520459938437,2.5367271478347497,2.505086204878263,-0.042454818642267966,2008-01-28,8.0,0,True,False
2007-11-30,2008Q1,-4,diag4,gaussian_ar1,3.121776959529887,3.074040445257498,-0.008686097541747947,0.9250645057746444,-1.6961606735480972,-1.7107102360127044,4.817937633077984,2008-04-28,8.0,0,True,False
2007-12-07,2007Q4,10,diag4,gaussian_ar1,2.3856958855048127,2.357682824183522,-0.3698964998893042,0.8097097971213575,2.5367271478347497,2.505086204878263,-0.15103126232993702,2008-01-28,12.0,8,True,True
2007-12-07,2008Q1,-3,diag4,gaussian_ar1,2.9425503687464882,2.900088322344094,-0.09639831621342412,0.917882772562774,-1.6961606735480972,-1.7107102360127044,4.638711042294585,2008-04-28,12.0,0,True,False
2007-12-14,2007Q4,11,diag4,gaussian_ar1,2.3803214663215,2.352433496923033,-0.3725433784259944,0.8092960026172533,2.5367271478347497,2.505086204878263,-0.15640568151324974,2008-01-28,5.0,0,True,False
2007-12-14,2008Q1,-2,diag4,gaussian_ar1,2.9117930700190753,2.8702057379472934,-0.11146607010563597,0.91775359384339,-1.6961606735480972,-1.7107102360127044,4.6079537435671725,2008-04-28,5.0,0,True,False
2007-12-21,2007Q4,12,diag4,gaussian_ar1,2.631587643584954,2.5975571135623223,-0.24894421847230647,0.7880279681369472,2.5367271478347497,2.505086204878263,0.09486049575020417,2008-01-28,6.0,0,True,False
2007-12-21,2008Q1,-1,diag4,gaussian_ar1,2.8329539714254004,2.7935679587708027,-0.15010928717626823,0.9085926856909413,-1.6961606735480972,-1.7107102360127044,4.529114644973498,2008-04-28,6.0,0,True,False
2007-12-28,2007Q4,13,diag4,gaussian_ar1,2.6307671586554005,2.5967576635800436,-0.2493473266982268,0.7880078479326486,2.5367271478347497,2.505086204878263,0.09404001082065072,2008-01-28,4.0,0,True,False
2007-12-28,2008Q1,0,diag4,gaussian_ar1,2.8328897799923425,2.7935055357336114,-0.15014076286622569,0.9085925497214717,-1.6961606735480972,-1.7107102360127044,4.52905045354044,2008-04-28,4.0,0,True,False
2008-01-04,2007Q4,14,diag4,gaussian_ar1,2.630259814942515,2.5962633235483588,-0.24959658873786794,0.7873815435773578,2.5367271478347497,2.505086204878263,0.0935326671077652,2008-01-28,12.0,4,True,True
2008-01-04,2008Q1,1,diag4,gaussian_ar1,2.8251422131728487,2.785971118771574,-0.15393985664599402,0.9023511938956761,-1.6961606735480972,-1.7107102360127044,4.521302886720946,2008-04-28,12.0,0,True,False
2008-01-04,2008Q2,-12,diag4,gaussian_ar1,2.7379651227243063,2.7011532768886797,-0.19670772271104672,0.9376075721299685,2.403069701864058,2.37465037252643,0.33489542086024837,2008-07-28,12.0,0,True,False
2008-01-11,2007Q4,15,diag4,gaussian_ar1,2.631083403948642,2.5970658019821586,-0.24919195346992234,0.786731987653497,2.5367271478347497,2.505086204878263,0.0943562561138922,2008-01-28,5.0,0,True,False
2008-01-11,2008Q1,2,diag4,gaussian_ar1,2.82099989934701,2.7819425347350815,-0.15597119744269117,0.8984637819778012,-1.6961606735480972,-1.7107102360127044,4.517160572895107,2008-04-28,5.0,0,True,False
2008-01-11,2008Q2,-11,diag4,gaussian_ar1,2.7364925158617437,2.699719904702656,-0.1974304747678355,0.9368867693693299,2.403069701864058,2.37465037252643,0.3334228139976858,2008-07-28,5.0,0,True,False
2008-01-18,2007Q4,16,diag4,gaussian_ar1,2.6658261498619717,2.630912143186711,-0.23212554674117142,0.7813333517400508,2.5367271478347497,2.505086204878263,0.12909900202722202,2008-01-28,10.0,0,True,False
2008-01-18,2008Q1,3,diag4,gaussian_ar1,2.875956900611931,2.8353774551418245,-0.12902760316558623,0.8779647033527582,-1.6961606735480972,-1.7107102360127044,4.572117574160028,2008-04-28,10.0,0,True,False
2008-01-18,2008Q2,-10,diag4,gaussian_ar1,2.729164835742859,2.6925871505320123,-0.20102703733383687,0.9352269672288104,2.403069701864058,2.37465037252643,0.32609513387880096,2008-07-28,10.0,0,True,False
2008-01-25,2007Q4,17,diag4,gaussian_ar1,2.661401080346071,2.6266018823642474,-0.23429891797378383,0.7813324180976603,2.5367271478347497,2.505086204878263,0.12467393251132108,2008-01-28,0.0,0,True,False
2008-01-25,2008Q1,4,diag4,gaussian_ar1,2.6880973349590054,2.652602680972821,-0.2211884845108434,0.8765852522396974,-1.6961606735480972,-1.7107102360127044,4.384258008507103,2008-04-28,0.0,0,True,False
2008-01-25,2008Q2,-9,diag4,gaussian_ar1,2.5840629069013854,2.551240239185843,-0.2722986664977593,0.9344503037780529,2.403069701864058,2.37465037252643,0.18099320503732752,2008-07-28,0.0,0,True,False
2008-02-01,2008Q1,5,diag4,gaussian_ar1,2.677680095330559,2.6424576219783473,-0.22421957568918272,0.8696621032744655,-1.6961606735480972,-1.7107102360127044,4.373840768878656,2008-04-28,14.0,9,True,True
2008-02-01,2008Q2,-8,diag4,gaussian_ar1,2.520556434243404,2.4893143060777194,-0.3018298930426784,0.9283374719633956,2.403069701864058,2.37465037252643,0.11748673237934604,2008-07-28,14.0,0,True,False
2008-02-08,2008Q1,6,diag4,gaussian_ar1,2.5365782699356965,2.5049410100673177,-0.29391055651343156,0.863320891662647,-1.6961606735480972,-1.7107102360127044,4.232738943483794,2008-04-28,9.0,0,True,False
2008-02-08,2008Q2,-7,diag4,gaussian_ar1,2.469545689083419,2.4395453214442826,-0.3270519320787711,0.9275812079423785,2.403069701864058,2.37465037252643,0.06647598721936099,2008-07-28,9.0,0,True,False
2008-02-15,2008Q1,7,diag4,gaussian_ar1,2.2352862032275933,2.210669836725764,-0.44304196990037387,0.8600556925833799,-1.6961606735480972,-1.7107102360127044,3.9314468767756905,2008-04-28,5.0,0,True,False
2008-02-15,2008Q2,-6,diag4,gaussian_ar1,2.2432280174131236,2.2184377082987705,-0.4391053503071721,0.9255156621584908,2.403069701864058,2.37465037252643,-0.15984168445093427,2008-07-28,5.0,0,True,False
2008-02-22,2008Q1,8,diag4,gaussian_ar1,2.296417372856241,2.270446556305297,-0.41274818822511694,0.813398433269127,-1.6961606735480972,-1.7107102360127044,3.992578046404338,2008-04-28,6.0,0,True,False
2008-02-22,2008Q2,-5,diag4,gaussian_ar1,2.173118442809985,2.1498428248012313,-0.47386802111498305,0.9242299551476821,2.403069701864058,2.37465037252643,-0.2299512590540731,2008-07-28,6.0,0,True,False
2008-02-29,2008Q1,9,diag4,gaussian_ar1,2.305114164196387,2.278947754981618,-0.4084399314574334,0.8133870864452971,-1.6961606735480972,-1.7107102360127044,4.001274837744484,2008-04-28,4.0,0,True,False
2008-02-29,2008Q2,-4,diag4,gaussian_ar1,2.17281126609834,2.1495421809742776,-0.4740203820762371,0.9242299429934947,2.403069701864058,2.37465037252643,-0.2302584357657178,2008-07-28,4.0,0,True,False
2008-03-07,2008Q1,10,diag4,gaussian_ar1,2.2073038171613435,2.183295514928937,-0.45691479085566156,0.8085622323323476,-1.6961606735480972,-1.7107102360127044,3.9034644907094407,2008-04-28,15.0,3,True,True
2008-03-07,2008Q2,-3,diag4,gaussian_ar1,2.0669981621073585,2.0459256394642678,-0.5265314082504493,0.9174313824404751,2.403069701864058,2.37465037252643,-0.33607153975669934,2008-07-28,15.0,0,True,False
2008-03-14,2008Q1,11,diag4,gaussian_ar1,2.1374374308223976,2.114914612504246,-0.4915690198495168,0.8081296595385197,-1.6961606735480972,-1.7107102360127044,3.8335981043704948,2008-04-28,5.0,0,True,False
2008-03-14,2008Q2,-2,diag4,gaussian_ar1,2.0251544552679634,2.0049209198912044,-0.5473118731394396,0.9172957418181019,2.403069701864058,2.37465037252643,-0.37791524659609443,2008-07-28,5.0,0,True,False
2008-03-21,2008Q1,12,diag4,gaussian_ar1,2.0039714416306476,1.98415622404661,-0.5578350528470905,0.7868170453124128,-1.6961606735480972,-1.7107102360127044,3.7001321151787447,2008-04-28,7.0,0,True,False
2008-03-21,2008Q2,-1,diag4,gaussian_ar1,1.7968036911320873,1.7808519709394914,-0.6608660438516035,0.9078531535156916,2.403069701864058,2.37465037252643,-0.6062660107319706,2008-07-28,7.0,0,True,False
2008-03-28,2008Q1,13,diag4,gaussian_ar1,2.005993743915857,1.9861387765003031,-0.5568303304130998,0.7867961345155006,-1.6961606735480972,-1.7107102360127044,3.7021544174639542,2008-04-28,4.0,0,True,False
2008-03-28,2008Q2,0,diag4,gaussian_ar1,1.7969745534167192,1.7810198172126885,-0.6607809823361674,0.9078530077619713,2.403069701864058,2.37465037252643,-0.6060951484473387,2008-07-28,4.0,0,True,False
2008-04-04,2008Q1,14,diag4,gaussian_ar1,2.0743781630994995,2.0531559238174104,-0.5228672283291559,0.7855268599900391,-1.6961606735480972,-1.7107102360127044,3.7705388366475967,2008-04-28,12.0,12,False,True
2008-04-04,2008Q2,1,diag4,gaussian_ar1,2.0544791296322806,2.0336593824717433,-0.5327477298204164,0.9016414960104593,2.403069701864058,2.37465037252643,-0.34859057223177725,2008-07-28,12.0,0,True,False
2008-04-04,2008Q3,-12,diag4,gaussian_ar1,2.3218917143896123,2.2953459328846737,-0.400129625626645,0.9388289653017359,-2.0845363314131338,-2.10656952111413,4.4064280458027465,2008-10-28,12.0,0,True,False
2008-04-11,2008Q1,15,diag4,gaussian_ar1,2.0342593626706096,2.0138447007041886,-0.5427894592370393,0.7848633004726919,-1.6961606735480972,-1.7107102360127044,3.7304200362187068,2008-04-28,5.0,0,True,False
2008-04-11,2008Q2,2,diag4,gaussian_ar1,1.9426956391171313,1.924066196360074,-0.5882876135161993,0.8976572975139862,2.403069701864058,2.37465037252643,-0.4603740627469266,2008-07-28,5.0,0,True,False
2008-04-11,2008Q3,-11,diag4,gaussian_ar1,2.270712874961922,2.2453159324377596,-0.4254839428493441,0.9380204850635517,-2.0845363314131338,-2.10656952111413,4.355249206375056,2008-10-28,5.0,0,True,False
2008-04-18,2008Q1,16,diag4,gaussian_ar1,1.9165018434770031,1.8983682674878566,-0.6013108682587994,0.7794429951747487,-1.6961606735480972,-1.7107102360127044,3.6126625170251003,2008-04-28,10.0,0,True,False
2008-04-18,2008Q2,3,diag4,gaussian_ar1,1.7210991311766843,1.7064559965340038,-0.6985686046814803,0.8769350143779939,2.403069701864058,2.37465037252643,-0.6819705706873735,2008-07-28,10.0,0,True,False
2008-04-18,2008Q3,-10,diag4,gaussian_ar1,2.2349666782946365,2.2103572974410066,-0.44320035926874257,0.9362029404640363,-2.0845363314131338,-2.10656952111413,4.31950300970777,2008-10-28,10.0,0,True,False
2008-04-25,2008Q1,17,diag4,gaussian_ar1,1.9135855747515418,1.8955067971695014,-0.6027610106838809,0.7794419310087295,-1.6961606735480972,-1.7107102360127044,3.609746248299639,2008-04-28,0.0,0,True,False
2008-04-25,2008Q2,4,diag4,gaussian_ar1,1.5932141716017867,1.5806557276173476,-0.7623219506003589,0.8753971959730374,2.403069701864058,2.37465037252643,-0.8098555302622712,2008-07-28,0.0,0,True,False
2008-04-25,2008Q3,-9,diag4,gaussian_ar1,2.1322956574150176,2.1098803146366807,-0.4941203127535262,0.9352775501270515,-2.0845363314131338,-2.10656952111413,4.216831988828151,2008-10-28,0.0,0,True,False
2008-05-02,2008Q2,5,diag4,gaussian_ar1,1.6986952989552329,1.6844288065304023,-0.6662869031714215,0.8672869988093713,2.403069701864058,2.37465037252643,-0.704374402908825,2008-07-28,13.0,12,False,True
2008-05-02,2008Q3,-8,diag4,gaussian_ar1,1.7109498679414692,1.6964779588614165,-0.6603352482496043,0.9287524764826439,-2.0845363314131338,-2.10656952111413,3.795486199354603,2008-10-28,13.0,0,True,False
2008-05-09,2008Q2,6,diag4,gaussian_ar1,1.332298911982388,1.323501859248053,-0.844566053703884,0.8599591198393624,2.403069701864058,2.37465037252643,-1.0707707898816698,2008-07-28,10.0,0,True,False
2008-05-09,2008Q3,-7,diag4,gaussian_ar1,1.6038885581694862,1.5911621634219073,-0.7123557767526155,0.9274466112706228,-2.0845363314131338,-2.10656952111413,3.68842488958262,2008-10-28,10.0,0,True,False
2008-05-16,2008Q2,7,diag4,gaussian_ar1,1.2907854943690733,1.2825258585956258,-0.8648060680434551,0.8585723692036725,2.403069701864058,2.37465037252643,-1.1122842074949846,2008-07-28,7.0,0,True,False
2008-05-16,2008Q3,-6,diag4,gaussian_ar1,1.5799955890839934,1.5676435961931208,-0.7239727264396907,0.9274177271926796,-2.0845363314131338,-2.10656952111413,3.664531920497127,2008-10-28,7.0,0,True,False
2008-05-23,2008Q2,8,diag4,gaussian_ar1,0.76136317901212,0.7584794374751884,-1.1236577595017883,0.8089065735248413,2.403069701864058,2.37465037252643,-1.6417065228519379,2008-07-28,4.0,0,True,False
2008-05-23,2008Q3,-5,diag4,gaussian_ar1,1.5443287854524534,1.532525395447908,-0.7413192921207155,0.9237452614234508,-2.0845363314131338,-2.10656952111413,3.628865116865587,2008-10-28,4.0,0,True,False
2008-05-30,2008Q2,9,diag4,gaussian_ar1,0.7731111374519317,0.7701379475072527,-1.1178990615695867,0.8088930953913431,2.403069701864058,2.37465037252643,-1.6299585644121262,2008-07-28,8.0,0,True,False
2008-05-30,2008Q3,-4,diag4,gaussian_ar1,1.550535484431137,1.5386375135488912,-0.7383002234942188,0.9237390745587198,-2.0845363314131338,-2.10656952111413,3.6350718158442707,2008-10-28,8.0,0,True,False
2008-06-06,2008Q2,10,diag4,gaussian_ar1,0.693186999613582,0.6907955038625913,-1.1570901044125987,0.8032726360097352,2.403069701864058,2.37465037252643,-1.709882702250476,2008-07-28,10.0,12,False,True
2008-06-06,2008Q3,-3,diag4,gaussian_ar1,1.5253567653977784,1.5138401642589978,-0.7505488250468221,0.916896296097186,-2.0845363314131338,-2.10656952111413,3.609893096810912,2008-10-28,10.0,0,True,False
2008-06-13,2008Q2,11,diag4,gaussian_ar1,0.6770806153832076,0.6747987189792286,-1.1649916846124984,0.8032337463181686,2.403069701864058,2.37465037252643,-1.7259890864808503,2008-07-28,6.0,0,True,False
2008-06-13,2008Q3,-2,diag4,gaussian_ar1,1.4935301709502191,1.4824868304007115,-0.7660357421880996,0.916830125618755,-2.0845363314131338,-2.10656952111413,3.578066502363353,2008-10-28,6.0,0,True,False
2008-06-20,2008Q2,12,diag4,gaussian_ar1,0.23484261295947384,0.2345672886634369,-1.3824431274192694,0.7809968012074852,2.403069701864058,2.37465037252643,-2.168227088904584,2008-07-28,7.0,0,True,False
2008-06-20,2008Q3,-1,diag4,gaussian_ar1,1.1207490595586123,1.1145152013148327,-0.9477945993403126,0.906799393913465,-2.0845363314131338,-2.10656952111413,3.205285390971746,2008-10-28,7.0,0,True,False
2008-06-27,2008Q2,13,diag4,gaussian_ar1,0.23717874437594322,0.23689791954225425,-1.3812919169141828,0.7809754428521273,2.403069701864058,2.37465037252643,-2.1658909574881147,2008-07-28,4.0,0,True,False
2008-06-27,2008Q3,0,diag4,gaussian_ar1,1.1209388007678234,1.1147028393940093,-0.9477019158828567,0.9067992460256589,-2.0845363314131338,-2.10656952111413,3.205475132180957,2008-10-28,4.0,0,True,False
2008-07-04,2008Q2,14,diag4,gaussian_ar1,0.26414768005336153,0.2637994232090768,-1.3680039724758997,0.7807251745710431,2.403069701864058,2.37465037252643,-2.1389220218106964,2008-07-28,9.0,7,True,True
2008-07-04,2008Q3,1,diag4,gaussian_ar1,1.1864070043759778,1.1794243705207594,-0.9157328438107432,0.9016367687281429,-2.0845363314131338,-2.10656952111413,3.2709433357891116,2008-10-28,9.0,0,True,False
2008-07-04,2008Q4,-12,diag4,gaussian_ar1,2.1090487765343724,2.0871161862027896,-0.4673802697967312,0.9422018685131937,-8.472768957225274,-8.853365095794153,10.581817733759646,2009-01-28,9.0,0,True,False
2008-07-11,2008Q2,15,diag4,gaussian_ar1,0.21775351190371772,0.21751677255385848,-1.3908651960706793,0.7799639314655429,2.403069701864058,2.37465037252643,-2.18531618996034,2008-07-28,7.0,0,True,False
2008-07-11,2008Q3,2,diag4,gaussian_ar1,1.0233393230427934,1.0181386564105583,-0.9953996027521153,0.8965571212726533,-2.0845363314131338,-2.10656952111413,3.107875654455927,2008-10-28,7.0,0,True,False
2008-07-11,2008Q4,-11,diag4,gaussian_ar1,2.0346251409721905,2.0142031858328497,-0.503395501872371,0.9411680712293399,-8.472768957225274,-8.853365095794153,10.507394098197464,2009-01-28,7.0,0,True,False
2008-07-18,2008Q2,16,diag4,gaussian_ar1,0.19730407363358626,0.19710968479563196,-1.4009452366378137,0.7744748665097384,2.403069701864058,2.37465037252643,-2.2057656282304716,2008-07-28,11.0,0,True,False
2008-07-18,2008Q3,3,diag4,gaussian_ar1,0.9214298543930743,0.9172105880920314,-1.045252822136794,0.8751721009131778,-2.0845363314131338,-2.10656952111413,3.005966185806208,2008-10-28,11.0,0,True,False
2008-07-18,2008Q4,-10,diag4,gaussian_ar1,1.9619980112041135,1.9429989357679514,-0.5385667001202551,0.9390502720536175,-8.472768957225274,-8.853365095794153,10.434766968429386,2009-01-28,11.0,0,True,False
2008-07-25,2008Q2,17,diag4,gaussian_ar1,0.19682424060869508,0.19663079548991247,-1.4011817830615863,0.7744737789429144,2.403069701864058,2.37465037252643,-2.206245461255363,2008-07-28,0.0,0,True,False
2008-07-25,2008Q3,4,diag4,gaussian_ar1,0.8931535047477457,0.8891884805121877,-1.059094286657745,0.8735347065136675,-2.0845363314131338,-2.10656952111413,2.9776898361608795,2008-10-28,0.0,0,True,False
2008-07-25,2008Q4,-9,diag4,gaussian_ar1,1.9380443019594518,1.9195033944398516,-0.5501722762093055,0.9379525653131534,-8.472768957225274,-8.853365095794153,10.410813259184724,2009-01-28,0.0,0,True,False
2008-08-01,2008Q3,5,diag4,gaussian_ar1,1.1240724428869697,1.1178016966663276,-0.9472805952538005,0.8657741899751131,-2.0845363314131338,-2.10656952111413,3.2086087743001035,2008-10-28,13.0,9,True,True
2008-08-01,2008Q4,-8,diag4,gaussian_ar1,2.557904637045594,2.525737636953106,-0.24846167695755825,0.9256803096334149,-8.472768957225274,-8.853365095794153,11.030673594270867,2009-01-28,13.0,0,True,False
2008-08-08,2008Q3,6,diag4,gaussian_ar1,0.7401793054389927,0.7374534211083033,-1.1360637372248483,0.8582243233168366,-2.0845363314131338,-2.10656952111413,2.8247156368521265,2008-10-28,10.0,0,True,False
2008-08-08,2008Q4,-7,diag4,gaussian_ar1,2.380011327459619,2.3521305682672153,-0.33463030187592224,0.924176604162594,-8.472768957225274,-8.853365095794153,10.852780284684894,2009-01-28,10.0,0,True,False
2008-08-15,2008Q3,7,diag4,gaussian_ar1,0.6597953684522428,0.6576282459707756,-1.1756843910814812,0.8573144544921346,-2.0845363314131338,-2.10656952111413,2.7443316998653766,2008-10-28,5.0,0,True,False
2008-08-15,2008Q4,-6,diag4,gaussian_ar1,2.3611175429719244,2.3336743014237546,-0.3437909377133077,0.9241541472057232,-8.472768957225274,-8.853365095794153,10.833886500197199,2009-01-28,5.0,0,True,False
2008-08-22,2008Q3,8,diag4,gaussian_ar1,0.5429948849443145,0.5415259826958421,-1.2333109177663588,0.8116721467393759,-2.0845363314131338,-2.10656952111413,2.6275312163574482,2008-10-28,6.0,0,True,False
2008-08-22,2008Q4,-5,diag4,gaussian_ar1,2.3280363919768288,2.301350994939579,-0.359834379340651,0.9203017777511132,-8.472768957225274,-8.853365095794153,10.800805349202102,2009-01-28,6.0,0,True,False
2008-08-29,2008Q3,9,diag4,gaussian_ar1,0.5384197934199975,0.5369754959863369,-1.2355695192474818,0.8116598662892556,-2.0845363314131338,-2.10656952111413,2.6229561248331312,2008-10-28,4.0,0,True,False
2008-08-29,2008Q4,-4,diag4,gaussian_ar1,2.328257514663057,2.301567086692264,-0.35972712374716614,0.9203017542881106,-8.472768957225274,-8.853365095794153,10.801026471888331,2009-01-28,4.0,0,True,False
2008-09-05,2008Q3,10,diag4,gaussian_ar1,0.3010373751054729,0.30058516491989407,-1.352900166704279,0.805854169291398,-2.0845363314131338,-2.10656952111413,2.3855737065186067,2008-10-28,12.0,12,True,True
2008-09-05,2008Q4,-3,diag4,gaussian_ar1,2.10012578908807,2.0783771200261896,-0.47050586489386326,0.9130435296012086,-8.472768957225274,-8.853365095794153,10.572894746313343,2009-01-28,12.0,0,True,False
2008-09-12,2008Q3,11,diag4,gaussian_ar1,0.2961385942697792,0.29570096770925103,-1.3553244030021263,0.8058336511575894,-2.0845363314131338,-2.10656952111413,2.380674925682913,2008-10-28,4.0,0,True,False
2008-09-12,2008Q4,-2,diag4,gaussian_ar1,2.0929851955122647,2.0713831587272202,-0.47397726748378216,0.9130204574494952,-8.472768957225274,-8.853365095794153,10.565754152737538,2009-01-28,4.0,0,True,False
2008-09-19,2008Q3,12,diag4,gaussian_ar1,-0.6462484236438137,-0.6483456491765947,-1.8238951786718047,0.785635998011184,-2.0845363314131338,-2.10656952111413,1.43828790776932,2008-10-28,10.0,0,True,False
2008-09-19,2008Q4,-1,diag4,gaussian_ar1,1.7469906945811964,1.7319062414018276,-0.6424742035755994,0.9032286361504542,-8.472768957225274,-8.853365095794153,10.21975965180647,2009-01-28,10.0,0,True,False
2008-09-26,2008Q3,13,diag4,gaussian_ar1,-0.653821193951476,-0.6559679672083596,-1.827678461624851,0.7856136276132,-2.0845363314131338,-2.10656952111413,1.4307151374616578,2008-10-28,4.0,0,True,False
2008-09-26,2008Q4,0,diag4,gaussian_ar1,1.746324203803673,1.7312511920918663,-0.642799332608192,0.9032285118592983,-8.472768957225274,-8.853365095794153,10.219093161028947,2009-01-28,4.0,0,True,False
2008-10-03,2008Q3,14,diag4,gaussian_ar1,-0.8971443563826287,-0.9011929289138312,-1.9493941147129805,0.784566292814252,-2.0845363314131338,-2.10656952111413,1.187391975030505,2008-10-28,10.0,6,True,True
2008-10-03,2008Q4,1,diag4,gaussian_ar1,1.0145708727019809,1.0094586514176034,-1.001055889654065,0.9040501206488603,-8.472768957225274,-8.853365095794153,9.487339829927254,2009-01-28,10.0,0,True,False
2008-10-03,2009Q1,-12,diag4,gaussian_ar1,1.0969465198318096,1.0909737008852662,-0.9605964787789835,0.9478836728255521,-4.462803810727223,-4.565452543960741,5.559750330559033,2009-04-28,10.0,0,True,False
2008-10-10,2008Q3,15,diag4,gaussian_ar1,-1.0814790693392307,-1.0873695623563635,-2.0418015530569766,0.7837652251331779,-2.0845363314131338,-2.10656952111413,1.003057262073903,2008-10-28,7.0,0,True,False
2008-10-10,2008Q4,2,diag4,gaussian_ar1,0.4224616054209207,0.4215717417219631,-1.292849345988696,0.8970194567309228,-8.472768957225274,-8.853365095794153,8.895230562646194,2009-01-28,7.0,0,True,False
2008-10-10,2009Q1,-11,diag4,gaussian_ar1,0.8262334287947093,0.8228388059218319,-1.093683313125763,0.9464730114267015,-4.462803810727223,-4.565452543960741,5.2890372395219325,2009-04-28,7.0,0,True,False
2008-10-17,2008Q3,16,diag4,gaussian_ar1,-2.1150124485284194,-2.1376992934629695,-2.5631251911173822,0.7787220966557954,-2.0845363314131338,-2.10656952111413,-0.03047611711528564,2008-10-28,9.0,0,True,False
2008-10-17,2008Q4,3,diag4,gaussian_ar1,-2.3119178392381867,-2.3390618404966483,-2.663070048888958,0.8767049636593781,-8.472768957225274,-8.853365095794153,6.160851117987087,2009-01-28,9.0,0,True,False
2008-10-17,2009Q1,-10,diag4,gaussian_ar1,0.3456754468466938,0.3450793625569757,-1.3308157904386435,0.9442277335699092,-4.462803810727223,-4.565452543960741,4.808479257573917,2009-04-28,9.0,0,True,False
2008-10-24,2008Q3,17,diag4,gaussian_ar1,-2.1197379973643904,-2.1425270643238856,-2.5655214206007493,0.7787208591031267,-2.0845363314131338,-2.10656952111413,-0.03520166595125662,2008-10-28,2.0,0,True,False
2008-10-24,2008Q4,4,diag4,gaussian_ar1,-2.5708994311965716,-2.6045246156590984,-2.7948305957140898,0.8751013387776415,-8.472768957225274,-8.853365095794153,5.901869526028702,2009-01-28,2.0,0,True,False
2008-10-24,2009Q1,-9,diag4,gaussian_ar1,0.11721875189893982,0.11715010435990969,-1.4439468449871162,0.9431001223598895,-4.462803810727223,-4.565452543960741,4.580022562626163,2009-04-28,2.0,0,True,False
2008-10-31,2008Q4,5,diag4,gaussian_ar1,-2.7860181539732243,-2.8255638714024935,-2.7981510226608393,0.8735400106490941,-8.472768957225274,-8.853365095794153,5.68675080325205,2009-01-28,10.0,0,True,False
2008-10-31,2009Q1,-8,diag4,gaussian_ar1,-0.008330624116881236,-0.008330971132639142,-1.4385030235903273,0.9382289122580286,-4.462803810727223,-4.565452543960741,4.4544731866103415,2009-04-28,10.0,0,True,False
2008-11-07,2008Q4,6,diag4,gaussian_ar1,-4.715410687163546,-4.830209550953718,-3.7656296030742973,0.8592534752254941,-8.472768957225274,-8.853365095794153,3.7573582700617276,2009-01-28,13.0,34,True,True
2008-11-07,2009Q1,-7,diag4,gaussian_ar1,-1.043598183624972,-1.0490818544941125,-1.940788388764698,0.9768189388054984,-4.462803810727223,-4.565452543960741,3.4192056271022513,2009-04-28,13.0,0,True,False
2008-11-14,2008Q4,7,diag4,gaussian_ar1,-5.176385457245248,-5.315170919474308,-3.999680807812237,0.8572127307632624,-8.472768957225274,-8.853365095794153,3.296383499980026,2009-01-28,5.0,0,True,False
2008-11-14,2009Q1,-6,diag4,gaussian_ar1,-1.1065584469789225,-1.1127263481231888,-1.9715043826061518,0.976786508485462,-4.462803810727223,-4.565452543960741,3.3562453637483007,2009-04-28,5.0,0,True,False
2008-11-21,2008Q4,8,diag4,gaussian_ar1,-2.057851474524297,-2.079320279427764,-2.438000249698318,0.796554789193618,-8.472768957225274,-8.853365095794153,6.414917482700977,2009-01-28,6.0,0,True,False
2008-11-21,2009Q1,-5,diag4,gaussian_ar1,-0.7825319052522817,-0.7856097534433877,-1.8136319456569208,0.9709227736960271,-4.462803810727223,-4.565452543960741,3.6802719054749415,2009-04-28,6.0,0,True,False
2008-11-28,2008Q4,9,diag4,gaussian_ar1,-2.0894961524760003,-2.111635060814342,-2.453595952789977,0.7965417813177249,-8.472768957225274,-8.853365095794153,6.383272804749273,2009-01-28,4.0,0,True,False
2008-11-28,2009Q1,-4,diag4,gaussian_ar1,-0.7822410593135154,-0.785316614021415,-1.8134904712234454,0.9709227726884595,-4.462803810727223,-4.565452543960741,3.680562751413708,2009-04-28,4.0,0,True,False
2008-12-05,2008Q4,10,diag4,gaussian_ar1,-3.219858302034917,-3.2728360499532365,-3.014012736666868,0.783624120147152,-8.472768957225274,-8.853365095794153,5.252910655190357,2009-01-28,13.0,12,False,True
2008-12-05,2009Q1,-3,diag4,gaussian_ar1,-2.59198267707047,-2.626166535006219,-2.7019182300418065,0.9308706029689425,-4.462803810727223,-4.565452543960741,1.870821133656753,2009-04-28,13.0,0,True,False
2008-12-12,2008Q4,11,diag4,gaussian_ar1,-3.2054358090119583,-3.257934833409045,-3.00682113768473,0.7835786219953702,-8.472768957225274,-8.853365095794153,5.267333148213315,2009-01-28,4.0,0,True,False
2008-12-12,2009Q1,-2,diag4,gaussian_ar1,-2.56693372826029,-2.600454351019096,-2.689509060921825,0.9307976303619778,-4.462803810727223,-4.565452543960741,1.8958700824669332,2009-04-28,4.0,0,True,False
2008-12-19,2008Q4,12,diag4,gaussian_ar1,-2.6779829445668923,-2.7144942276112674,-2.744546786062669,0.7589554849409527,-8.472768957225274,-8.853365095794153,5.794786012658381,2009-01-28,10.0,0,True,False
2008-12-19,2009Q1,-1,diag4,gaussian_ar1,-2.3592552452465054,-2.387531293452032,-2.586748508484253,0.9201012995342992,-4.462803810727223,-4.565452543960741,2.103548565480718,2009-04-28,10.0,0,True,False
2008-12-26,2008Q4,13,diag4,gaussian_ar1,-2.699611558274706,-2.7367204597263206,-2.7552735712067773,0.7587616974552875,-8.472768957225274,-8.853365095794153,5.773157398950568,2009-01-28,4.0,0,True,False
2008-12-26,2009Q1,0,diag4,gaussian_ar1,-2.283016585862041,-2.309480976252559,-2.549080001348433,0.9178476624196732,-4.462803810727223,-4.565452543960741,2.179787224865182,2009-04-28,4.0,0,True,False
2009-01-02,2008Q4,14,diag4,gaussian_ar1,-2.835891636244592,-2.8768798230223243,-2.822917037190067,0.7555700190560206,-8.472768957225274,-8.853365095794153,5.636877320980682,2009-01-28,8.0,12,False,True
2009-01-02,2009Q1,1,diag4,gaussian_ar1,-2.799557719678525,-2.8394924322981514,-2.804873200280552,0.9125676271933683,-4.462803810727223,-4.565452543960741,1.6632460910486984,2009-04-28,8.0,0,True,False
2009-01-02,2009Q2,-12,diag4,gaussian_ar1,-2.0763490147662544,-2.0982082530741706,-2.447115930397764,0.9758824328258437,-0.7126911125331037,-0.7152428870508096,-1.3636579022331508,2009-07-28,8.0,0,True,False
2009-01-09,2008Q4,15,diag4,gaussian_ar1,-2.884801424085115,-2.9272297955893856,-2.8472168526038026,0.7544448726676604,-8.472768957225274,-8.853365095794153,5.587967533140159,2009-01-28,8.0,0,True,False
2009-01-09,2009Q1,2,diag4,gaussian_ar1,-2.7731192095843182,-2.8122961413246323,-2.7917477740508843,0.8988290341111417,-4.462803810727223,-4.565452543960741,1.689684601142905,2009-04-28,8.0,0,True,False
2009-01-09,2009Q2,-11,diag4,gaussian_ar1,-1.9765870247213213,-1.996382794046291,-2.397973106029771,0.9713551282152508,-0.7126911125331037,-0.7152428870508096,-1.2638959121882176,2009-07-28,8.0,0,True,False
2009-01-16,2008Q4,16,diag4,gaussian_ar1,-3.047667722304326,-3.095074808857025,-2.928221918397777,0.7540279491619621,-8.472768957225274,-8.853365095794153,5.425101234920948,2009-01-28,7.0,0,True,False
2009-01-16,2009Q1,3,diag4,gaussian_ar1,-3.090247125095369,-3.1390023292303044,-2.949422141202905,0.8977499553101802,-4.462803810727223,-4.565452543960741,1.3725566856318543,2009-04-28,7.0,0,True,False
2009-01-16,2009Q2,-10,diag4,gaussian_ar1,-2.066532992379777,-2.0881845965481314,-2.442278330873176,0.9712476561766661,-0.7126911125331037,-0.7152428870508096,-1.3538418798466734,2009-07-28,7.0,0,True,False
2009-01-23,2008Q4,17,diag4,gaussian_ar1,-3.2784654895954723,-3.333411431522068,-3.0432475210310237,0.748104190505161,-8.472768957225274,-8.853365095794153,5.194303467629801,2009-01-28,4.0,0,True,False
2009-01-23,2009Q1,4,diag4,gaussian_ar1,-3.618998755192304,-3.6861086317645575,-3.2134656249519096,0.8718146807622184,-4.462803810727223,-4.565452543960741,0.843805055534919,2009-04-28,4.0,0,True,False
2009-01-23,2009Q2,-9,diag4,gaussian_ar1,-1.8975594815978325,-1.9157941862796082,-2.3590795735542156,0.9666676557438024,-0.7126911125331037,-0.7152428870508096,-1.1848683690647288,2009-07-28,4.0,0,True,False
2009-01-30,2009Q1,5,diag4,gaussian_ar1,-4.332245558600178,-4.428888849362928,-3.0471211269478866,0.8705287145410112,-4.462803810727223,-4.565452543960741,0.1305582521270452,2009-04-28,10.0,0,True,False
2009-01-30,2009Q2,-8,diag4,gaussian_ar1,-3.2906088786994636,-3.345967220189551,-2.593728055306862,0.9623940311164966,-0.7126911125331037,-0.7152428870508096,-2.57791776616636,2009-07-28,10.0,0,True,False
2009-02-06,2009Q1,6,diag4,gaussian_ar1,-5.522242430398416,-5.680574882601936,-3.5711717692585365,0.7889053373141869,-4.462803810727223,-4.565452543960741,-1.0594386196711927,2009-04-28,11.0,12,True,True
2009-02-06,2009Q2,-7,diag4,gaussian_ar1,-3.7651437486055928,-3.837856284691421,-2.7996700993598274,0.9149599555860144,-0.7126911125331037,-0.7152428870508096,-3.052452636072489,2009-07-28,11.0,0,True,False
2009-02-13,2009Q1,7,diag4,gaussian_ar1,-5.500022975095787,-5.657059461113054,-3.561326431523509,0.7887280720919396,-4.462803810727223,-4.565452543960741,-1.0372191643685635,2009-04-28,6.0,0,True,False
2009-02-13,2009Q2,-6,diag4,gaussian_ar1,-3.5543837591458627,-3.6190898774997455,-2.708077900389513,0.9144512371271994,-0.7126911125331037,-0.7152428870508096,-2.841692646612759,2009-07-28,6.0,0,True,False
2009-02-20,2009Q1,8,diag4,gaussian_ar1,-7.15248423390128,-7.421165389357844,-4.299914879625318,0.7244264335453815,-4.462803810727223,-4.565452543960741,-2.6896804231740568,2009-04-28,7.0,0,True,False
2009-02-20,2009Q2,-5,diag4,gaussian_ar1,-3.6442486239064986,-3.712310037065099,-2.7471069246010473,0.9081128318436625,-0.7126911125331037,-0.7152428870508096,-2.931557511373395,2009-07-28,7.0,0,True,False
2009-02-27,2009Q1,9,diag4,gaussian_ar1,-7.179531896572033,-7.450300905668604,-4.31211321501554,0.7244155429575156,-4.462803810727223,-4.565452543960741,-2.71672808584481,2009-04-28,4.0,0,True,False
2009-02-27,2009Q2,-4,diag4,gaussian_ar1,-3.64414915508795,-3.712206806312614,-2.747063704383909,0.9081128316752358,-0.7126911125331037,-0.7152428870508096,-2.9314580425548464,2009-07-28,4.0,0,True,False
2009-03-06,2009Q1,10,diag4,gaussian_ar1,-7.816018451248463,-8.138380643313306,-4.6001955446877405,0.7149002133350599,-4.462803810727223,-4.565452543960741,-3.35321464052124,2009-04-28,10.0,3,True,True
2009-03-06,2009Q2,-3,diag4,gaussian_ar1,-4.481481826756573,-4.585004972582074,-3.1124831686064756,0.8992756830834784,-0.7126911125331037,-0.7152428870508096,-3.7687907142234693,2009-07-28,10.0,0,True,False
2009-03-13,2009Q1,11,diag4,gaussian_ar1,-7.832535448146771,-8.156299674915035,-4.6076978094499115,0.714761612827458,-4.462803810727223,-4.565452543960741,-3.369731637419548,2009-04-28,8.0,0,True,False
2009-03-13,2009Q2,-2,diag4,gaussian_ar1,-4.414087080267459,-4.514473118456457,-3.082953188662349,0.8984998526619802,-0.7126911125331037,-0.7152428870508096,-3.701395967734355,2009-07-28,8.0,0,True,False
2009-03-20,2009Q1,12,diag4,gaussian_ar1,-7.096402093503096,-7.360781210772387,-4.274633485783107,0.6855441800868839,-4.462803810727223,-4.565452543960741,-2.633598282775873,2009-04-28,9.0,0,True,False
2009-03-20,2009Q2,-1,diag4,gaussian_ar1,-3.6972607950819913,-3.7673423093034337,-2.7701476048103526,0.8830778041839987,-0.7126911125331037,-0.7152428870508096,-2.9845696825488877,2009-07-28,9.0,0,True,False
2009-03-27,2009Q1,13,diag4,gaussian_ar1,-7.1193238892479975,-7.3854569224088635,-4.284964608915563,0.6855146792596029,-4.462803810727223,-4.565452543960741,-2.6565200785207743,2009-04-28,4.0,0,True,False
2009-03-27,2009Q2,0,diag4,gaussian_ar1,-3.7002795512246167,-3.770477010852214,-2.7714600284664987,0.8830774618965761,-0.7126911125331037,-0.7152428870508096,-2.987588438691513,2009-07-28,4.0,0,True,False
2009-04-03,2009Q1,14,diag4,gaussian_ar1,-7.084495227105892,-7.347965664639821,-4.269267926845812,0.6844126827066433,-4.462803810727223,-4.565452543960741,-2.6216914163786686,2009-04-28,9.0,12,True,True
2009-04-03,2009Q2,1,diag4,gaussian_ar1,-3.4183688488620523,-3.4781616566056988,-2.6490746657779463,0.8695537381558651,-0.7126911125331037,-0.7152428870508096,-2.7056777363289486,2009-07-28,9.0,0,True,False
2009-04-03,2009Q3,-12,diag4,gaussian_ar1,-2.687275754856544,-2.724043201483674,-2.33334352371003,0.951750045773439,1.4121870876976361,1.4023086188557472,-4.09946284255418,2009-10-28,9.0,0,True,False
2009-04-10,2009Q1,15,diag4,gaussian_ar1,-7.2300283771147384,-7.50471802097182,-4.334896343907334,0.6830410012902776,-4.462803810727223,-4.565452543960741,-2.7672245663875152,2009-04-28,7.0,0,True,False
2009-04-10,2009Q2,2,diag4,gaussian_ar1,-4.05609738743099,-4.1406513103702025,-2.926443046793631,0.8504293587755662,-0.7126911125331037,-0.7152428870508096,-3.343406274897886,2009-07-28,7.0,0,True,False
2009-04-10,2009Q3,-11,diag4,gaussian_ar1,-3.025222026734553,-3.071926219017313,-2.478993721879701,0.9467137980685316,1.4121870876976361,1.4023086188557472,-4.437409114432189,2009-10-28,7.0,0,True,False
2009-04-17,2009Q1,16,diag4,gaussian_ar1,-7.219841873592414,-7.493738235027912,-4.330299373322427,0.6760800637136255,-4.462803810727223,-4.565452543960741,-2.757038062865191,2009-04-28,9.0,0,True,False
2009-04-17,2009Q2,3,diag4,gaussian_ar1,-3.868200757855067,-3.945002732545908,-2.844529723361661,0.821313912483104,-0.7126911125331037,-0.7152428870508096,-3.1555096453219633,2009-07-28,9.0,0,True,False
2009-04-17,2009Q3,-10,diag4,gaussian_ar1,-2.7222701038457475,-2.7600103813958476,-2.3484021112747584,0.9425461852430849,1.4121870876976361,1.4023086188557472,-4.134457191543383,2009-10-28,9.0,0,True,False
2009-04-24,2009Q1,17,diag4,gaussian_ar1,-7.2124558011621325,-7.48577771997962,-4.326966498373438,0.6760774960211811,-4.462803810727223,-4.565452543960741,-2.7496519904349093,2009-04-28,2.0,0,True,False
2009-04-24,2009Q2,4,diag4,gaussian_ar1,-3.7813710470064876,-3.8547198903799567,-2.8067304828410444,0.8186970420904331,-0.7126911125331037,-0.7152428870508096,-3.068679934473384,2009-07-28,2.0,0,True,False
2009-04-24,2009Q3,-9,diag4,gaussian_ar1,-2.5867465128863842,-2.6207911833687083,-2.290114403166918,0.9403928863772374,1.4121870876976361,1.4023086188557472,-3.9989336005840204,2009-10-28,2.0,0,True,False
2009-05-01,2009Q2,5,diag4,gaussian_ar1,-3.3095469056603433,-3.3655515451906637,-2.4627499019793273,0.7597642779010502,-0.7126911125331037,-0.7152428870508096,-2.5968557931272396,2009-07-28,13.0,12,False,True
2009-05-01,2009Q3,-8,diag4,gaussian_ar1,-1.489767806831066,-1.5009763071520896,-1.714653245670282,0.8622791017596626,1.4121870876976361,1.4023086188557472,-2.901954894528702,2009-10-28,13.0,0,True,False
2009-05-08,2009Q2,6,diag4,gaussian_ar1,-3.7009886127792213,-3.7712133205338474,-2.625507730966622,0.7424104609989444,-0.7126911125331037,-0.7152428870508096,-2.9882975002461176,2009-07-28,10.0,0,True,False
2009-05-08,2009Q3,-7,diag4,gaussian_ar1,-1.7055782615326476,-1.720290776492297,-1.8026456301268043,0.8556490633448747,1.4121870876976361,1.4023086188557472,-3.1177653492302837,2009-10-28,10.0,0,True,False
2009-05-15,2009Q2,7,diag4,gaussian_ar1,-3.658239856115819,-3.726831482748073,-2.6077010456846086,0.74046912465283,-0.7126911125331037,-0.7152428870508096,-2.9455487435827155,2009-07-28,5.0,0,True,False
2009-05-15,2009Q3,-6,diag4,gaussian_ar1,-1.5901646739847841,-1.6029434424647326,-1.7555640501391023,0.85512857243534,1.4121870876976361,1.4023086188557472,-3.0023517616824202,2009-10-28,5.0,0,True,False
2009-05-22,2009Q2,8,diag4,gaussian_ar1,-3.159498248946213,-3.210487269400866,-2.4005356969074207,0.6886789717932885,-0.7126911125331037,-0.7152428870508096,-2.4468071364131094,2009-07-28,6.0,0,True,False
2009-05-22,2009Q3,-5,diag4,gaussian_ar1,-1.1816270101157267,-1.188663708687812,-1.5893485618646066,0.8492035324664923,1.4121870876976361,1.4023086188557472,-2.593814097813363,2009-10-28,6.0,0,True,False
2009-05-29,2009Q2,9,diag4,gaussian_ar1,-3.1653915981333047,-3.216573078965404,-2.4029774185892734,0.6886618518748682,-0.7126911125331037,-0.7152428870508096,-2.452700485600201,2009-07-28,4.0,0,True,False
2009-05-29,2009Q3,-4,diag4,gaussian_ar1,-1.1815491352112018,-1.1885849026201898,-1.5893169436416021,0.849203529254732,1.4121870876976361,1.4023086188557472,-2.593736222908838,2009-10-28,4.0,0,True,False
2009-06-05,2009Q2,10,diag4,gaussian_ar1,-2.5388728427478524,-2.571658330765604,-2.144227566671161,0.6795098678837227,-0.7126911125331037,-0.7152428870508096,-1.8261817302147487,2009-07-28,13.0,6,True,True
2009-06-05,2009Q3,-3,diag4,gaussian_ar1,-0.008735703694751074,-0.008736085279569927,-1.1159432029653145,0.8303927081303712,1.4121870876976361,1.4023086188557472,-1.4209227913923872,2009-10-28,13.0,0,True,False
2009-06-12,2009Q2,11,diag4,gaussian_ar1,-2.5756698197447303,-2.6094210021694892,-2.1593785392005724,0.6794448118499182,-0.7126911125331037,-0.7152428870508096,-1.8629787072116266,2009-07-28,4.0,0,True,False
2009-06-12,2009Q3,-2,diag4,gaussian_ar1,-0.05763316619219472,-0.057649780485293345,-1.135568140100924,0.8302841957488407,1.4121870876976361,1.4023086188557472,-1.4698202538898308,2009-10-28,4.0,0,True,False
2009-06-19,2009Q2,12,diag4,gaussian_ar1,-3.0004939154799626,-3.046429940983695,-2.334713338909689,0.6562173687629429,-0.7126911125331037,-0.7152428870508096,-2.287802802946859,2009-07-28,10.0,0,True,False
2009-06-19,2009Q3,-1,diag4,gaussian_ar1,0.03583530790176592,0.03582888858885225,-1.098063040631647,0.8165422142070696,1.4121870876976361,1.4023086188557472,-1.3763517797958702,2009-10-28,10.0,0,True,False
2009-06-26,2009Q2,13,diag4,gaussian_ar1,-3.0011832935813887,-3.0471406462016692,-2.3349984849238274,0.6561859606874645,-0.7126911125331037,-0.7152428870508096,-2.288492181048285,2009-07-28,4.0,0,True,False
2009-06-26,2009Q3,0,diag4,gaussian_ar1,0.035640347938481476,0.035633998275119705,-1.0981412336640737,0.816541922004563,1.4121870876976361,1.4023086188557472,-1.3765467397591546,2009-10-28,4.0,0,True,False
2009-07-03,2009Q2,14,diag4,gaussian_ar1,-2.957228485483332,-3.001836122307729,-2.316821603589512,0.6556950251472549,-0.7126911125331037,-0.7152428870508096,-2.2445373729502283,2009-07-28,8.0,6,True,True
2009-07-03,2009Q3,1,diag4,gaussian_ar1,0.3713686971856589,0.3706808261385772,-0.96371522257145,0.8079441110648682,1.4121870876976361,1.4023086188557472,-1.0408183905119772,2009-10-28,8.0,0,True,False
2009-07-03,2009Q4,-12,diag4,gaussian_ar1,0.007721561650386732,0.0077212635531549445,-1.109340258025198,0.8784505763497571,4.394263592305325,4.300454151697932,-4.3865420306549385,2010-01-28,8.0,0,True,False
2009-07-10,2009Q2,15,diag4,gaussian_ar1,-3.07243072835941,-3.1206194950177424,-2.3644793446860577,0.65454309393327,-0.7126911125331037,-0.7152428870508096,-2.359739615826306,2009-07-28,8.0,0,True,False
2009-07-10,2009Q3,2,diag4,gaussian_ar1,-0.22024460869797258,-0.22048750384412008,-1.2009011735342445,0.7912061962309922,1.4121870876976361,1.4023086188557472,-1.6324316963956087,2009-10-28,8.0,0,True,False
2009-07-10,2009Q4,-11,diag4,gaussian_ar1,-0.27863313104675713,-0.27902203573487183,-1.224386140347464,0.874053415315858,4.394263592305325,4.300454151697932,-4.672896723352082,2010-01-28,8.0,0,True,False
2009-07-17,2009Q2,16,diag4,gaussian_ar1,-2.9910388059845916,-3.036682830833819,-2.3308026463492384,0.6490950842053277,-0.7126911125331037,-0.7152428870508096,-2.278347693451488,2009-07-28,9.0,0,True,False
2009-07-17,2009Q3,3,diag4,gaussian_ar1,0.3203301866993691,0.31981822258254367,-0.9841220921228594,0.7674932215218218,1.4121870876976361,1.4023086188557472,-1.091856900998267,2009-10-28,9.0,0,True,False
2009-07-17,2009Q4,-10,diag4,gaussian_ar1,0.08064677464967307,0.0806142726117609,-1.080094446307559,0.8704267758297501,4.394263592305325,4.300454151697932,-4.313616817655652,2010-01-28,9.0,0,True,False
2009-07-24,2009Q2,17,diag4,gaussian_ar1,-2.9940049298313176,-3.039740454744955,-2.332029412734154,0.6490925131394136,-0.7126911125331037,-0.7152428870508096,-2.281313817298214,2009-07-28,2.0,0,True,False
2009-07-24,2009Q3,4,diag4,gaussian_ar1,0.4137333038836122,0.4128797810455054,-0.9467843439340088,0.7652054194636131,1.4121870876976361,1.4023086188557472,-0.9984537838140239,2009-10-28,2.0,0,True,False
2009-07-24,2009Q4,-9,diag4,gaussian_ar1,0.1324713463584981,0.13238368048336957,-1.0593237527266501,0.8684926175734768,4.394263592305325,4.300454151697932,-4.261792245946827,2010-01-28,2.0,0,True,False
2009-07-31,2009Q3,5,diag4,gaussian_ar1,0.26788480562798256,0.2675266337985729,-0.9860646758666166,0.7641571423903617,1.4121870876976361,1.4023086188557472,-1.1443022820696536,2009-10-28,10.0,0,True,False
2009-07-31,2009Q4,-8,diag4,gaussian_ar1,0.3639735095116503,0.3633127288259126,-0.9478183479861566,0.865074826787973,4.394263592305325,4.300454151697932,-4.030290082793675,2010-01-28,10.0,0,True,False
2009-08-07,2009Q3,6,diag4,gaussian_ar1,0.7443334990173467,0.7415770071061716,-0.7967816071268176,0.7362458733550156,1.4121870876976361,1.4023086188557472,-0.6678535886802894,2009-10-28,13.0,5,True,True
2009-08-07,2009Q4,-7,diag4,gaussian_ar1,0.9140584537995711,0.9099062228799835,-0.7295696138149663,0.8439020856463576,4.394263592305325,4.300454151697932,-3.480205138505754,2010-01-28,13.0,0,True,False
2009-08-14,2009Q3,7,diag4,gaussian_ar1,0.7922403426504632,0.7891185958334557,-0.7777987767911336,0.7346132140176023,1.4121870876976361,1.4023086188557472,-0.619946745047173,2009-10-28,5.0,0,True,False
2009-08-14,2009Q4,-6,diag4,gaussian_ar1,0.733361810742883,0.7306857883353226,-0.8011303502717262,0.8431676124760421,4.394263592305325,4.300454151697932,-3.6609017815624423,2010-01-28,5.0,0,True,False
2009-08-21,2009Q3,8,diag4,gaussian_ar1,2.641040996635313,2.6067676479815143,-0.05203162238088583,0.6846355524995331,1.4121870876976361,1.4023086188557472,1.228853908937677,2009-10-28,6.0,0,True,False
2009-08-21,2009Q4,-5,diag4,gaussian_ar1,1.3251193326495825,1.3164164247270995,-0.567254588213817,0.8372393294020386,4.394263592305325,4.300454151697932,-3.069144259655743,2010-01-28,6.0,0,True,False
2009-08-28,2009Q3,9,diag4,gaussian_ar1,2.650606403020239,2.6160864941333264,-0.048310710224606354,0.6846186301142231,1.4121870876976361,1.4023086188557472,1.238419315322603,2009-10-28,4.0,0,True,False
2009-08-28,2009Q4,-4,diag4,gaussian_ar1,1.3250671383333357,1.3163649129894046,-0.5672751562807061,0.8372393290738337,4.394263592305325,4.300454151697932,-3.0691964539719896,2010-01-28,4.0,0,True,False
2009-09-04,2009Q3,10,diag4,gaussian_ar1,2.7541639326851275,2.7169191459453934,-0.00804934805967174,0.6836745009835606,1.4121870876976361,1.4023086188557472,1.3419768449874914,2009-10-28,12.0,7,True,True
2009-09-04,2009Q4,-3,diag4,gaussian_ar1,1.3955663852321498,1.3859180201551629,-0.5395033701878804,0.8339481766979682,4.394263592305325,4.300454151697932,-2.9986972070731754,2010-01-28,12.0,0,True,False
2009-09-11,2009Q3,11,diag4,gaussian_ar1,2.6935374704622816,2.6579002680815194,-0.031614932952492125,0.6783409933524875,1.4121870876976361,1.4023086188557472,1.2813503827646455,2009-10-28,5.0,0,True,False
2009-09-11,2009Q4,-2,diag4,gaussian_ar1,1.3201005300837565,1.3114631348638932,-0.5692323820485179,0.8249944497279796,4.394263592305325,4.300454151697932,-3.0741630622215688,2010-01-28,5.0,0,True,False
2009-09-18,2009Q3,12,diag4,gaussian_ar1,4.090942542243403,4.009477856835705,0.5080550431606342,0.6554124521922429,1.4121870876976361,1.4023086188557472,2.678755454545767,2009-10-28,10.0,0,True,False
2009-09-18,2009Q4,-1,diag4,gaussian_ar1,2.574509081995968,2.541926638667272,-0.07792191994051217,0.8129071729382599,4.394263592305325,4.300454151697932,-1.819754510309357,2010-01-28,10.0,0,True,False
2009-09-25,2009Q3,13,diag4,gaussian_ar1,4.118442192638083,4.035893237285154,0.5186024122904472,0.6552541137153367,1.4121870876976361,1.4023086188557472,2.706255104940447,2009-10-28,0.0,0,True,False
2009-09-25,2009Q4,0,diag4,gaussian_ar1,2.687400613299462,2.65192419530484,-0.03400111268754803,0.810695544999325,4.394263592305325,4.300454151697932,-1.7068629790058631,2010-01-28,0.0,0,True,False
2009-10-02,2009Q3,14,diag4,gaussian_ar1,4.147744136234643,4.0640321726605,0.5298379778312012,0.655105451699496,1.4121870876976361,1.4023086188557472,2.7355570485370073,2009-10-28,11.0,7,True,True
2009-10-02,2009Q4,1,diag4,gaussian_ar1,2.5890060799645065,2.5560587790541534,-0.07227911265480876,0.8101302589136089,4.394263592305325,4.300454151697932,-1.8052575123408188,2010-01-28,11.0,0,True,False
2009-10-02,2010Q1,-12,diag4,gaussian_ar1,2.3079216188832685,2.2816919151240334,-0.1818307655790646,0.8754924817783765,1.952133820572155,1.9333240882710745,0.3557877983111135,2010-04-28,11.0,0,True,False
2009-10-09,2009Q3,15,diag4,gaussian_ar1,4.03405898486231,3.9548149779118456,0.48622876044585084,0.6540450586787834,1.4121870876976361,1.4023086188557472,2.6218718971646737,2009-10-28,9.0,0,True,False
2009-10-09,2009Q4,2,diag4,gaussian_ar1,2.2769756904292615,2.251439507349035,-0.19391021726363014,0.7972966442692812,4.394263592305325,4.300454151697932,-2.1172879018760637,2010-01-28,9.0,0,True,False
2009-10-09,2010Q1,-11,diag4,gaussian_ar1,2.1371857550892326,2.114668203303487,-0.24852148560765308,0.8723743485838156,1.952133820572155,1.9333240882710745,0.18505193451707758,2010-04-28,9.0,0,True,False
2009-10-16,2009Q3,16,diag4,gaussian_ar1,3.9361091873522325,3.860618963537859,0.44861733417618477,0.6535965498321185,1.4121870876976361,1.4023086188557472,2.5239220996545964,2009-10-28,7.0,0,True,False
2009-10-16,2009Q4,3,diag4,gaussian_ar1,2.0072362677530764,1.9873568581287908,-0.2993554970480824,0.7954569050754201,4.394263592305325,4.300454151697932,-2.387027324552249,2010-01-28,7.0,0,True,False
2009-10-16,2010Q1,-10,diag4,gaussian_ar1,2.0426973011520078,2.0221140698913294,-0.2854773269765161,0.871983944218901,1.952133820572155,1.9333240882710745,0.09056348057985275,2010-04-28,7.0,0,True,False
2009-10-23,2009Q3,17,diag4,gaussian_ar1,4.500701264254969,4.402359605698484,0.6649283782826633,0.6484187177807709,1.4121870876976361,1.4023086188557472,3.088514176557333,2009-10-28,4.0,0,True,False
2009-10-23,2009Q4,4,diag4,gaussian_ar1,3.6578701874085517,3.5925580425104586,0.3415835744783314,0.7670837790999533,4.394263592305325,4.300454151697932,-0.7363934048967735,2010-01-28,4.0,0,True,False
2009-10-23,2010Q1,-9,diag4,gaussian_ar1,2.670682375754896,2.635642160199949,-0.040502349145773796,0.8669534760950529,1.952133820572155,1.9333240882710745,0.7185485551827409,2010-04-28,4.0,0,True,False
2009-10-30,2009Q4,5,diag4,gaussian_ar1,3.731012737654704,3.663094661684214,0.37651488652855947,0.766609801227729,4.394263592305325,4.300454151697932,-0.6632508546506211,2010-01-28,10.0,0,True,False
2009-10-30,2010Q1,-8,diag4,gaussian_ar1,2.3568722451064117,2.3295268419156665,-0.15792764740019416,0.8645140304996839,1.952133820572155,1.9333240882710745,0.4047384245342567,2010-04-28,10.0,0,True,False
2009-11-06,2009Q4,6,diag4,gaussian_ar1,3.250795798986106,3.1990753319581735,0.19055384075756285,0.7529067800241329,4.394263592305325,4.300454151697932,-1.1434677933192194,2010-01-28,11.0,10,True,True
2009-11-06,2010Q1,-7,diag4,gaussian_ar1,2.14427669632109,2.121610528025087,-0.24125248472274816,0.8602720754045006,1.952133820572155,1.9333240882710745,0.19214287574893518,2010-04-28,11.0,0,True,False
2009-11-13,2009Q4,7,diag4,gaussian_ar1,3.286235186174813,3.233393039894107,0.20430705414200892,0.7527617598343923,4.394263592305325,4.300454151697932,-1.1080284061305123,2010-01-28,6.0,0,True,False
2009-11-13,2010Q1,-6,diag4,gaussian_ar1,2.1992433034799586,2.1754087678563723,-0.2196922257017042,0.8594075901560282,1.952133820572155,1.9333240882710745,0.24710948290780355,2010-04-28,6.0,0,True,False
2009-11-20,2009Q4,8,diag4,gaussian_ar1,3.940719883477417,3.8650549520475472,0.45745277940115425,0.696493619517155,4.394263592305325,4.300454151697932,-0.4535437088279082,2010-01-28,7.0,0,True,False
2009-11-20,2010Q1,-5,diag4,gaussian_ar1,2.4420954928851213,2.4127530941172513,-0.12457377633593274,0.8532810880319807,1.952133820572155,1.9333240882710745,0.4899616723129663,2010-04-28,7.0,0,True,False
2009-11-27,2009Q4,9,diag4,gaussian_ar1,3.9484463246161283,3.87248818320933,0.46043173168126467,0.6964751964218315,4.394263592305325,4.300454151697932,-0.44581726768919694,2010-01-28,4.0,0,True,False
2009-11-27,2010Q1,-4,diag4,gaussian_ar1,2.442285377536324,2.4129384519765553,-0.12449949205691684,0.853281079592123,1.952133820572155,1.9333240882710745,0.490151556964169,2010-04-28,4.0,0,True,False
2009-12-04,2009Q4,10,diag4,gaussian_ar1,3.71101109267169,3.643810579630186,0.3687865704094485,0.693611076969899,4.394263592305325,4.300454151697932,-0.6832524996336353,2010-01-28,9.0,4,True,True
2009-12-04,2010Q1,-3,diag4,gaussian_ar1,2.0227184429745693,2.002533232865701,-0.2889740706930888,0.8460127966621901,1.952133820572155,1.9333240882710745,0.07058462240241425,2010-04-28,9.0,0,True,False
2009-12-11,2009Q4,11,diag4,gaussian_ar1,3.8618698871155877,3.789165618586249,0.427039262314142,0.6889012037531612,4.394263592305325,4.300454151697932,-0.5323937051897376,2010-01-28,7.0,0,True,False
2009-12-11,2010Q1,-2,diag4,gaussian_ar1,2.1975279938078573,2.173730356146393,-0.220364868362962,0.8386036538191081,1.952133820572155,1.9333240882710745,0.24539417323570234,2010-04-28,7.0,0,True,False
2009-12-18,2009Q4,12,diag4,gaussian_ar1,4.163945700095506,4.079587290000537,0.5434290639257426,0.6651101279651142,4.394263592305325,4.300454151697932,-0.23031789220981924,2010-01-28,11.0,0,True,False
2009-12-18,2010Q1,-1,diag4,gaussian_ar1,2.2213508067856935,2.1970381966212713,-0.21102398510292425,0.8253352074612713,1.952133820572155,1.9333240882710745,0.2692169862135385,2010-04-28,11.0,0,True,False
2009-12-25,2009Q4,13,diag4,gaussian_ar1,4.1963353106423185,4.110677294919514,0.5558887384638094,0.6649401435172473,4.394263592305325,4.300454151697932,-0.1979282816630068,2010-01-28,0.0,0,True,False
2009-12-25,2010Q1,0,diag4,gaussian_ar1,2.3529775193714686,2.3257217238523173,-0.15945259192084657,0.8229914758223652,1.952133820572155,1.9333240882710745,0.4008436987993136,2010-04-28,0.0,0,True,False
2010-01-01,2009Q4,14,diag4,gaussian_ar1,4.236474429910597,4.149192459412502,0.5713241305010047,0.6648540899514741,4.394263592305325,4.300454151697932,-0.15778916239472807,2010-01-28,9.0,7,True,True
2010-01-01,2010Q1,1,diag4,gaussian_ar1,2.4618266848188464,2.4320120636723686,-0.11685552433756025,0.8183811402005272,1.952133820572155,1.9333240882710745,0.5096928642466914,2010-04-28,9.0,0,True,False
2010-01-01,2010Q2,-12,diag4,gaussian_ar1,2.796904798123201,2.758505761201616,0.013990553704112873,0.8811451388298054,3.926881074055233,3.851739929043594,-1.129976275932032,2010-07-28,9.0,0,True,False
2010-01-08,2009Q4,15,diag4,gaussian_ar1,4.095260085765906,4.013625627887408,0.5169941745115609,0.6636381944293356,4.394263592305325,4.300454151697932,-0.2990035065394192,2010-01-28,11.0,0,True,False
2010-01-08,2010Q1,2,diag4,gaussian_ar1,1.9419551334394658,1.9233397996697152,-0.32071174348360787,0.8040891037624898,1.952133820572155,1.9333240882710745,-0.010178687132689213,2010-04-28,11.0,0,True,False
2010-01-08,2010Q2,-11,diag4,gaussian_ar1,2.6061037142959487,2.572723537184258,-0.06046379431696404,0.8763158365051588,3.926881074055233,3.851739929043594,-1.3207773597592842,2010-07-28,11.0,0,True,False
2010-01-15,2009Q4,16,diag4,gaussian_ar1,4.108536431788212,4.026378849742491,0.5221051738195441,0.6633644614273839,4.394263592305325,4.300454151697932,-0.285727160517113,2010-01-28,6.0,0,True,False
2010-01-15,2010Q1,3,diag4,gaussian_ar1,1.968599633083179,1.9494733167167955,-0.3102384380663132,0.80275112423958,1.952133820572155,1.9333240882710745,0.01646581251102397,2010-04-28,6.0,0,True,False
2010-01-15,2010Q2,-10,diag4,gaussian_ar1,2.6139144854033347,2.580335631929869,-0.057413160412903445,0.8759457486703289,3.926881074055233,3.851739929043594,-1.3129665886518982,2010-07-28,6.0,0,True,False
2010-01-22,2009Q4,17,diag4,gaussian_ar1,4.353496254451361,4.261395204763905,0.6162906621242511,0.6582715049062539,4.394263592305325,4.300454151697932,-0.040767337853964136,2010-01-28,6.0,0,True,False
2010-01-22,2010Q1,4,diag4,gaussian_ar1,2.55177566039273,2.519761345004538,-0.08168899769347017,0.7730710714399059,1.952133820572155,1.9333240882710745,0.599641839820575,2010-04-28,6.0,0,True,False
2010-01-22,2010Q2,-9,diag4,gaussian_ar1,2.8125704014039243,2.7737439726661752,0.02009744097818839,0.8708098502165099,3.926881074055233,3.851739929043594,-1.1143106726513086,2010-07-28,6.0,0,True,False
2010-01-29,2010Q1,5,diag4,gaussian_ar1,2.5773539027671877,2.544700019059746,-0.07825331024114052,0.7728652320488973,1.952133820572155,1.9333240882710745,0.6252200821950327,2010-04-28,6.0,0,True,False
2010-01-29,2010Q2,-8,diag4,gaussian_ar1,2.8326958439179872,2.7933169421254345,0.02168842443728708,0.8685648590602935,3.926881074055233,3.851739929043594,-1.0941852301372457,2010-07-28,6.0,0,True,False
2010-02-05,2010Q1,6,diag4,gaussian_ar1,3.0162268018472993,2.971633159865135,0.09336991700202775,0.7545420155980529,1.952133820572155,1.9333240882710745,1.0640929812751443,2010-04-28,14.0,2,True,True
2010-02-05,2010Q2,-7,diag4,gaussian_ar1,3.1537129492090754,3.1050048511095882,0.14698411999192015,0.8616182001925135,3.926881074055233,3.851739929043594,-0.7731681248461575,2010-07-28,14.0,0,True,False
2010-02-12,2010Q1,7,diag4,gaussian_ar1,3.0049483438967295,2.9606843261310853,0.08896858573867886,0.7544106193586017,1.952133820572155,1.9333240882710745,1.0528145233245745,2010-04-28,4.0,0,True,False
2010-02-12,2010Q2,-6,diag4,gaussian_ar1,3.1490544742664106,3.100488697495525,0.14516866744469165,0.861583117078334,3.926881074055233,3.851739929043594,-0.7778265997888223,2010-07-28,4.0,0,True,False
2010-02-19,2010Q1,8,diag4,gaussian_ar1,4.20393684433269,4.1179724232944785,0.5541878416404442,0.696781444309535,1.952133820572155,1.9333240882710745,2.2518030237605346,2010-04-28,11.0,0,True,False
2010-02-19,2010Q2,-5,diag4,gaussian_ar1,3.399163494288193,3.342668605630035,0.24252278085245071,0.8542560518380434,3.926881074055233,3.851739929043594,-0.5277175797670397,2010-07-28,11.0,0,True,False
2010-02-26,2010Q1,9,diag4,gaussian_ar1,4.231767328103886,4.144676565991227,0.5649226633545242,0.6967625335367682,1.952133820572155,1.9333240882710745,2.279633507531731,2010-04-28,4.0,0,True,False
2010-02-26,2010Q2,-4,diag4,gaussian_ar1,3.400179667075709,3.343651367733623,0.24291784225131952,0.854256030310043,3.926881074055233,3.851739929043594,-0.526701406979524,2010-07-28,4.0,0,True,False
2010-03-05,2010Q1,10,diag4,gaussian_ar1,3.9473404237426735,3.8714242839444433,0.4550777391400173,0.6895412652332901,1.952133820572155,1.9333240882710745,1.9952066031705185,2010-04-28,10.0,11,True,True
2010-03-05,2010Q2,-3,diag4,gaussian_ar1,2.984487688042492,2.940818592901572,0.08098274223641722,0.8408854056326133,3.926881074055233,3.851739929043594,-0.9423933860127409,2010-07-28,10.0,0,True,False
2010-03-12,2010Q1,11,diag4,gaussian_ar1,3.913840199869978,3.839191017432392,0.4421202601002043,0.689477947493304,1.952133820572155,1.9333240882710745,1.9617063792978229,2010-04-28,6.0,0,True,False
2010-03-12,2010Q2,-2,diag4,gaussian_ar1,2.963196410981328,2.9201421990589718,0.0726710205642049,0.8408201455369564,3.926881074055233,3.851739929043594,-0.9636846630739049,2010-07-28,6.0,0,True,False
2010-03-19,2010Q1,12,diag4,gaussian_ar1,4.3015884334353105,4.211640536992904,0.591841568714379,0.6649109399705726,1.952133820572155,1.9333240882710745,2.3494546128631555,2010-04-28,12.0,0,True,False
2010-03-19,2010Q2,-1,diag4,gaussian_ar1,3.1210058419258946,3.0732926686870643,0.13423611200169824,0.8265666990062086,3.926881074055233,3.851739929043594,-0.8058752321293383,2010-07-28,12.0,0,True,False
2010-03-26,2010Q1,13,diag4,gaussian_ar1,4.305097160934324,4.215004501565133,0.5931938517794241,0.6646896035234684,1.952133820572155,1.9333240882710745,2.3529633403621686,2010-04-28,4.0,0,True,False
2010-03-26,2010Q2,0,diag4,gaussian_ar1,3.1445885360019243,3.0961590068661753,0.14342817131601981,0.8239083296662821,3.926881074055233,3.851739929043594,-0.7822925380533086,2010-07-28,4.0,0,True,False
2010-04-02,2010Q1,14,diag4,gaussian_ar1,4.4214882630620345,4.326529455566597,0.6380258657284226,0.6638457068903337,1.952133820572155,1.9333240882710745,2.4693544424898795,2010-04-28,8.0,6,True,True
2010-04-02,2010Q2,1,diag4,gaussian_ar1,3.7303156015942696,3.6624225980605774,0.3710609683571592,0.8151508155233437,3.926881074055233,3.851739929043594,-0.19656547246096334,2010-07-28,8.0,0,True,False
2010-04-02,2010Q3,-12,diag4,gaussian_ar1,3.5014713038663547,3.441564211258645,0.28227791198640606,0.8799413666173854,3.1201978026194954,3.0725090820010665,0.3812735012468593,2010-10-28,8.0,0,True,False
2010-04-09,2010Q1,15,diag4,gaussian_ar1,4.485181591779308,4.387507241230514,0.6625383792007702,0.662925877979399,1.952133820572155,1.9333240882710745,2.533047771207153,2010-04-28,8.0,0,True,False
2010-04-09,2010Q2,2,diag4,gaussian_ar1,3.9212398320070063,3.8463116942103666,0.4449827071955177,0.8059841723041969,3.926881074055233,3.851739929043594,-0.00564124204822658,2010-07-28,8.0,0,True,False
2010-04-09,2010Q3,-11,diag4,gaussian_ar1,3.5934485301631236,3.530390371183817,0.3179852178217355,0.877530595039792,3.1201978026194954,3.0725090820010665,0.4732507275436282,2010-10-28,8.0,0,True,False
2010-04-16,2010Q1,16,diag4,gaussian_ar1,4.604303966068035,4.50145116993567,0.7083427989098002,0.6623694489888653,1.952133820572155,1.9333240882710745,2.65217014549588,2010-04-28,8.0,0,True,False
2010-04-16,2010Q2,3,diag4,gaussian_ar1,4.40019202231321,4.306132875294325,0.6298266265584487,0.7986672285775396,3.926881074055233,3.851739929043594,0.4733109482579767,2010-07-28,8.0,0,True,False
2010-04-16,2010Q3,-10,diag4,gaussian_ar1,3.846325832942621,3.774198415055264,0.4159938269405465,0.8744339037384207,3.1201978026194954,3.0725090820010665,0.7261280303231255,2010-10-28,8.0,0,True,False
2010-04-23,2010Q1,17,diag4,gaussian_ar1,4.5782846997932,4.476574083773791,0.6983424372525766,0.6574497123906802,1.952133820572155,1.9333240882710745,2.6261508792210453,2010-04-28,4.0,0,True,False
2010-04-23,2010Q2,4,diag4,gaussian_ar1,4.204688891386765,4.118694127639886,0.5544779602024296,0.7732473866856088,3.926881074055233,3.851739929043594,0.27780781733153237,2010-07-28,4.0,0,True,False
2010-04-23,2010Q3,-9,diag4,gaussian_ar1,3.7513594395844674,3.682707606901183,0.3792153568295871,0.8715643379565132,3.1201978026194954,3.0725090820010665,0.631161636964972,2010-10-28,4.0,0,True,False
2010-04-30,2010Q2,5,diag4,gaussian_ar1,4.264770436394527,4.176334749786629,0.5834770972459683,0.772897080787936,3.926881074055233,3.851739929043594,0.33788936233929423,2010-07-28,10.0,0,True,False
2010-04-30,2010Q3,-8,diag4,gaussian_ar1,3.499168568411415,3.4393393529621186,0.28587534158070554,0.8692875430592891,3.1201978026194954,3.0725090820010665,0.37897076579191946,2010-10-28,10.0,0,True,False
2010-05-07,2010Q2,6,diag4,gaussian_ar1,4.57183094720699,4.470402676630851,0.7022229288899116,0.75645087275639,3.926881074055233,3.851739929043594,0.6449498731517567,2010-07-28,13.0,6,True,True
2010-05-07,2010Q3,-7,diag4,gaussian_ar1,3.665704344889087,3.6001154633218073,0.3507973925436216,0.8612078901192513,3.1201978026194954,3.0725090820010665,0.5455065422695915,2010-10-28,13.0,0,True,False
2010-05-14,2010Q2,7,diag4,gaussian_ar1,4.65558155399417,4.550459692352683,0.7345502792842205,0.754703760668458,3.926881074055233,3.851739929043594,0.7287004799389374,2010-07-28,6.0,0,True,False
2010-05-14,2010Q3,-6,diag4,gaussian_ar1,3.763087939040677,3.6940113976654825,0.3887129548807928,0.8605015443177721,3.1201978026194954,3.0725090820010665,0.6428901364211814,2010-10-28,6.0,0,True,False
2010-05-21,2010Q2,8,diag4,gaussian_ar1,4.216877072931746,4.130389828612557,0.564924350153897,0.6999606381964941,3.926881074055233,3.851739929043594,0.2899959988765133,2010-07-28,6.0,0,True,False
2010-05-21,2010Q3,-5,diag4,gaussian_ar1,3.56466445275454,3.50260089465368,0.3114206108654509,0.8533776107316948,3.1201978026194954,3.0725090820010665,0.4444666501350447,2010-10-28,6.0,0,True,False
2010-05-28,2010Q2,9,diag4,gaussian_ar1,4.232487722751399,4.145367710520864,0.5709724801303729,0.6999404438912155,3.926881074055233,3.851739929043594,0.30560664869616616,2010-07-28,4.0,0,True,False
2010-05-28,2010Q3,-4,diag4,gaussian_ar1,3.565427507176455,3.5033376822587248,0.3117181287139456,0.8533775697106241,3.1201978026194954,3.0725090820010665,0.44522970455695976,2010-10-28,4.0,0,True,False
2010-06-04,2010Q2,10,diag4,gaussian_ar1,4.284104917193199,4.194876667906587,0.5909643996221797,0.697391399474052,3.926881074055233,3.851739929043594,0.35722384313796596,2010-07-28,12.0,5,True,True
2010-06-04,2010Q3,-3,diag4,gaussian_ar1,3.643580944547642,3.5787720870282262,0.3421788498984949,0.8452325167074025,3.1201978026194954,3.0725090820010665,0.5233831419281465,2010-10-28,12.0,0,True,False
2010-06-11,2010Q2,11,diag4,gaussian_ar1,4.232330597395539,4.145216965318738,0.5709116086011831,0.6935985027856502,3.926881074055233,3.851739929043594,0.3054495233403065,2010-07-28,5.0,0,True,False
2010-06-11,2010Q3,-2,diag4,gaussian_ar1,3.5792943162724633,3.516726205021607,0.3171244689667694,0.8402532544079852,3.1201978026194954,3.0725090820010665,0.4590965136529679,2010-10-28,5.0,0,True,False
2010-06-18,2010Q2,12,diag4,gaussian_ar1,4.985795398633885,4.865487310023557,0.8617597198124105,0.6700593718213836,3.926881074055233,3.851739929043594,1.0589143245786525,2010-07-28,11.0,0,True,False
2010-06-18,2010Q3,-1,diag4,gaussian_ar1,3.9974451542167166,3.9196147026697226,0.47981249219463934,0.826021378731661,3.1201978026194954,3.0725090820010665,0.8772473515972212,2010-10-28,11.0,0,True,False
2010-06-25,2010Q2,13,diag4,gaussian_ar1,4.953265157986286,4.834497135235013,0.8492457604780892,0.6698722298616164,3.926881074055233,3.851739929043594,1.0263840839310534,2010-07-28,0.0,0,True,False
2010-06-25,2010Q3,0,diag4,gaussian_ar1,3.86168485830074,3.7889874694927954,0.42706468115178986,0.8233119219688343,3.1201978026194954,3.0725090820010665,0.7414870556812447,2010-10-28,0.0,0,True,False
2010-07-02,2010Q2,14,diag4,gaussian_ar1,4.835205493709105,4.721945977038992,0.8037971424465298,0.6691042883429982,3.926881074055233,3.851739929043594,0.908324419653872,2010-07-28,11.0,16,True,True
2010-07-02,2010Q3,1,diag4,gaussian_ar1,3.3340814517595074,3.2797062652520323,0.22141484783884205,0.8135884425574732,3.1201978026194954,3.0725090820010665,0.213883649140012,2010-10-28,11.0,0,True,False
2010-07-02,2010Q4,-12,diag4,gaussian_ar1,3.6106491100414306,3.546992919216125,0.3293462919541549,0.8782265426155558,2.117043484228409,2.094945457780796,1.4936056258130215,2011-01-28,11.0,0,True,False
2010-07-09,2010Q2,15,diag4,gaussian_ar1,4.690664260872701,4.583976135000516,0.7480843559129574,0.668231530529395,3.926881074055233,3.851739929043594,0.7637831868174683,2010-07-28,9.0,0,True,False
2010-07-09,2010Q3,2,diag4,gaussian_ar1,2.8437722629130358,2.804087662867296,0.029358110840713936,0.8049803488399838,3.1201978026194954,3.0725090820010665,-0.27642553970645967,2010-10-28,9.0,0,True,False
2010-07-09,2010Q4,-11,diag4,gaussian_ar1,3.3440833128763447,3.289384947212498,0.2253231392018153,0.8758913729917363,2.117043484228409,2.094945457780796,1.2270398286479356,2011-01-28,9.0,0,True,False
2010-07-16,2010Q2,16,diag4,gaussian_ar1,4.642885974319166,4.538328137028367,0.7296515076242854,0.667850473951208,3.926881074055233,3.851739929043594,0.7160049002639335,2010-07-28,8.0,0,True,False
2010-07-16,2010Q3,3,diag4,gaussian_ar1,2.6204761816777777,2.5867299757387747,-0.05841181224903836,0.8034474450210698,3.1201978026194954,3.0725090820010665,-0.4997216209417177,2010-10-28,8.0,0,True,False
2010-07-16,2010Q4,-10,diag4,gaussian_ar1,3.244771616454867,3.1932406473609714,0.18649967767640377,0.875589932799067,2.117043484228409,2.094945457780796,1.1277281322264576,2011-01-28,8.0,0,True,False
2010-07-23,2010Q2,17,diag4,gaussian_ar1,4.8281333880799915,4.715199823257871,0.8010730179568789,0.6630485172984165,3.926881074055233,3.851739929043594,0.9012523140247586,2010-07-28,4.0,0,True,False
2010-07-23,2010Q3,4,diag4,gaussian_ar1,2.8085845759836747,2.769867109489153,0.0155397114191539,0.7736412968837475,3.1201978026194954,3.0725090820010665,-0.3116132266358207,2010-10-28,4.0,0,True,False
2010-07-23,2010Q4,-9,diag4,gaussian_ar1,3.0774316868693363,3.0310283758753602,0.12099769897671452,0.8697828293872242,2.117043484228409,2.094945457780796,0.9603882026409272,2011-01-28,4.0,0,True,False
2010-07-30,2010Q3,5,diag4,gaussian_ar1,2.8449747524827096,2.8052568951049843,0.025495751074949252,0.7730776947549757,3.1201978026194954,3.0725090820010665,-0.27522305013678583,2010-10-28,10.0,0,True,False
2010-07-30,2010Q4,-8,diag4,gaussian_ar1,2.99603852098127,2.952034054055572,0.08500031071182645,0.8670081518291222,2.117043484228409,2.094945457780796,0.878995036752861,2011-01-28,10.0,0,True,False
2010-08-06,2010Q3,6,diag4,gaussian_ar1,3.2641878576864736,3.2120449078039592,0.19041065836894933,0.7544696122274415,3.1201978026194954,3.0725090820010665,0.14399005506697815,2010-10-28,11.0,5,True,True
2010-08-06,2010Q4,-7,diag4,gaussian_ar1,3.3415751542667405,3.2869579199786614,0.2207809546221174,0.8575026830610644,2.117043484228409,2.094945457780796,1.2245316700383313,2011-01-28,11.0,0,True,False
2010-08-13,2010Q3,7,diag4,gaussian_ar1,3.088155170804141,3.0414311633705142,0.12124256843522478,0.754326955772502,3.1201978026194954,3.0725090820010665,-0.03204263181535438,2010-10-28,6.0,0,True,False
2010-08-13,2010Q4,-6,diag4,gaussian_ar1,3.282473650726203,3.229751118065557,0.19758888863302637,0.8568562676454553,2.117043484228409,2.094945457780796,1.165430166497794,2011-01-28,6.0,0,True,False
2010-08-20,2010Q3,8,diag4,gaussian_ar1,3.277100616647455,3.224548711835775,0.1954797941801249,0.6990630408022794,3.1201978026194954,3.0725090820010665,0.15690281402795936,2010-10-28,8.0,0,True,False
2010-08-20,2010Q4,-5,diag4,gaussian_ar1,3.197665093430535,3.147604173976284,0.1642859021976986,0.8495440375082071,2.117043484228409,2.094945457780796,1.080621609202126,2011-01-28,8.0,0,True,False
2010-08-27,2010Q3,9,diag4,gaussian_ar1,3.2855400513040367,3.232720019710204,0.19879250359759576,0.699041007364327,3.1201978026194954,3.0725090820010665,0.16534224868454128,2010-10-28,4.0,0,True,False
2010-08-27,2010Q4,-4,diag4,gaussian_ar1,3.1980350875514763,3.1479627028803394,0.16443125250087545,0.8495439974097071,2.117043484228409,2.094945457780796,1.080991603323067,2011-01-28,4.0,0,True,False
2010-09-03,2010Q3,10,diag4,gaussian_ar1,3.3974088805998504,3.3409716590431215,0.2426785290155139,0.6955625174859568,3.1201978026194954,3.0725090820010665,0.27721107798035494,2010-10-28,9.0,11,False,True
2010-09-03,2010Q4,-3,diag4,gaussian_ar1,3.3741495025597423,3.318474001899079,0.2335578102961362,0.8405890525400763,2.117043484228409,2.094945457780796,1.2571060183313332,2011-01-28,9.0,0,True,False
2010-09-10,2010Q3,11,diag4,gaussian_ar1,3.408431602560502,3.351631630681579,0.2470001613636476,0.6919242501111639,3.1201978026194954,3.0725090820010665,0.28823379994100673,2010-10-28,7.0,0,True,False
2010-09-10,2010Q4,-2,diag4,gaussian_ar1,3.386869835080053,3.330778383621631,0.2385460988094122,0.8356526221815332,2.117043484228409,2.094945457780796,1.2698263508516439,2011-01-28,7.0,0,True,False
2010-09-17,2010Q3,12,diag4,gaussian_ar1,3.4128019680839117,3.3558578558603167,0.24871350470661094,0.6689279505411561,3.1201978026194954,3.0725090820010665,0.29260416546441625,2010-10-28,10.0,0,True,False
2010-09-17,2010Q4,-1,diag4,gaussian_ar1,3.4087865019679198,3.351974831707749,0.24713929763032008,0.8221542502329465,2.117043484228409,2.094945457780796,1.2917430177395106,2011-01-28,10.0,0,True,False
2010-09-24,2010Q3,13,diag4,gaussian_ar1,3.3830401250958264,3.3270740632150373,0.23704433957027563,0.668715080047634,3.1201978026194954,3.0725090820010665,0.262842322476331,2010-10-28,2.0,0,True,False
2010-09-24,2010Q4,0,diag4,gaussian_ar1,3.2677150095240304,3.215460507804677,0.19179536819295445,0.8188603883195086,2.117043484228409,2.094945457780796,1.1506715252956212,2011-01-28,2.0,0,True,False
2010-10-01,2010Q3,14,diag4,gaussian_ar1,3.3503513475509283,3.295449972317617,0.22422369624796512,0.6682147802329773,3.1201978026194954,3.0725090820010665,0.23015354493143292,2010-10-28,11.0,5,True,True
2010-10-01,2010Q4,1,diag4,gaussian_ar1,3.060143549923877,3.0142549788213344,0.11022513966244243,0.8110306316124498,2.117043484228409,2.094945457780796,0.943100065695468,2011-01-28,11.0,0,True,False
2010-10-01,2011Q1,-13,diag4,gaussian_ar1,2.9769219838693184,2.9334718727673246,0.07747506338210479,0.8753508168617451,-0.9454489541211974,-0.9499466944201232,3.922370937990516,2011-04-28,11.0,0,True,False
2010-10-08,2010Q3,15,diag4,gaussian_ar1,3.3222812907032218,3.2682861851611005,0.2132112934710281,0.6673487262319802,3.1201978026194954,3.0725090820010665,0.20208348808372634,2010-10-28,9.0,0,True,False
2010-10-08,2010Q4,2,diag4,gaussian_ar1,2.922326481388815,2.880440592500944,0.055975785144316226,0.8026900053627036,2.117043484228409,2.094945457780796,0.8052829971604059,2011-01-28,9.0,0,True,False
2010-10-08,2011Q1,-12,diag4,gaussian_ar1,2.915090586156599,2.873409902611517,0.05312549080148445,0.8727567597320153,-0.9454489541211974,-0.9499466944201232,3.8605395402777964,2011-04-28,9.0,0,True,False
2010-10-15,2010Q3,16,diag4,gaussian_ar1,3.3402323379261967,3.2856585154912805,0.22025416631006245,0.6670828607562364,3.1201978026194954,3.0725090820010665,0.22003453530670125,2010-10-28,6.0,0,True,False
2010-10-15,2010Q4,3,diag4,gaussian_ar1,2.9848285639420213,2.9411495896789086,0.08058766732611626,0.8016036511150623,2.117043484228409,2.094945457780796,0.8677850797136122,2011-01-28,6.0,0,True,False
2010-10-15,2011Q1,-11,diag4,gaussian_ar1,2.9407203457719966,2.898310593664936,0.06322041746705932,0.8724783438346793,-0.9454489541211974,-0.9499466944201232,3.886169299893194,2011-04-28,6.0,0,True,False
2010-10-22,2010Q3,17,diag4,gaussian_ar1,3.4102061305600007,3.353347653975224,0.24769585006034284,0.6622363871414025,3.1201978026194954,3.0725090820010665,0.29000832794050524,2010-10-28,6.0,0,True,False
2010-10-22,2010Q4,4,diag4,gaussian_ar1,3.0786632115039847,3.032223125548177,0.11750956093150045,0.7714640517674677,2.117043484228409,2.094945457780796,0.9616197272755755,2011-01-28,6.0,0,True,False
2010-10-22,2011Q1,-10,diag4,gaussian_ar1,2.9218940186444886,2.880020408010666,0.05580543920466877,0.8667342579468845,-0.9454489541211974,-0.9499466944201232,3.867342972765686,2011-04-28,6.0,0,True,False
2010-10-29,2010Q4,5,diag4,gaussian_ar1,3.1168524984817703,3.069264947028101,0.13186361745496214,0.7711558931885679,2.117043484228409,2.094945457780796,0.9998090142533611,2011-01-28,6.0,0,True,False
2010-10-29,2011Q1,-9,diag4,gaussian_ar1,2.8983084688184446,2.8571018124168086,0.04543392769012144,0.8641932083505445,-0.9454489541211974,-0.9499466944201232,3.843757422939642,2011-04-28,6.0,0,True,False
2010-11-05,2010Q4,6,diag4,gaussian_ar1,3.9079831739579074,3.833554433344618,0.4432150843999187,0.7555832154803575,2.117043484228409,2.094945457780796,1.7909396897294982,2011-01-28,14.0,5,True,True
2010-11-05,2011Q1,-8,diag4,gaussian_ar1,3.468131189133028,3.4093468086834675,0.27040403754903075,0.8582412548348943,-0.9454489541211974,-0.9499466944201232,4.413580143254226,2011-04-28,14.0,0,True,False
2010-11-12,2010Q4,7,diag4,gaussian_ar1,3.932120920434823,3.8567816605350598,0.45267724682434457,0.7554613994165112,2.117043484228409,2.094945457780796,1.8150774362064137,2011-01-28,4.0,0,True,False
2010-11-12,2011Q1,-7,diag4,gaussian_ar1,3.4794074569195255,3.4202445152920404,0.27484347705416845,0.8582143389767106,-0.9454489541211974,-0.9499466944201232,4.424856411040723,2011-04-28,4.0,0,True,False
2010-11-19,2010Q4,8,diag4,gaussian_ar1,2.604014009215394,2.570686888013345,-0.07124399142888724,0.699414642548642,2.117043484228409,2.094945457780796,0.4869705249869849,2011-01-28,11.0,0,True,False
2010-11-19,2011Q1,-6,diag4,gaussian_ar1,3.1794021842090903,3.1299055900104955,0.1565670230193231,0.8503664184361373,-0.9454489541211974,-0.9499466944201232,4.124851138330287,2011-04-28,11.0,0,True,False
2010-11-26,2010Q4,9,diag4,gaussian_ar1,2.6051893347283306,2.5718323780730508,-0.07077734885844035,0.6993929350244568,2.117043484228409,2.094945457780796,0.48814585049992143,2011-01-28,4.0,0,True,False
2010-11-26,2011Q1,-5,diag4,gaussian_ar1,3.1794982280064055,3.1299986742410644,0.15660494309052103,0.8503663528395342,-0.9454489541211974,-0.9499466944201232,4.1249471821276025,2011-04-28,4.0,0,True,False
2010-12-03,2010Q4,10,diag4,gaussian_ar1,2.764639680696357,2.7271135883381348,-0.007519861387259864,0.6972008142695524,2.117043484228409,2.094945457780796,0.6475961964679477,2011-01-28,9.0,13,False,True
2010-12-03,2011Q1,-4,diag4,gaussian_ar1,3.455344686733941,3.3969881312919927,0.26536943691114934,0.8428527241735678,-0.9454489541211974,-0.9499466944201232,4.400793640855138,2011-04-28,9.0,0,True,False
2010-12-10,2010Q4,11,diag4,gaussian_ar1,2.655012895585318,2.620379111725396,-0.05100068437638572,0.693864090974018,2.117043484228409,2.094945457780796,0.5379694113569089,2011-01-28,7.0,0,True,False
2010-12-10,2011Q1,-3,diag4,gaussian_ar1,3.275396517952589,3.222898672529989,0.1944499628955717,0.8381489857507268,-0.9454489541211974,-0.9499466944201232,4.220845472073787,2011-04-28,7.0,0,True,False
2010-12-17,2010Q4,12,diag4,gaussian_ar1,2.520496659025784,2.489256000468444,-0.10441679668874529,0.6701384699230689,2.117043484228409,2.094945457780796,0.40345317479737464,2011-01-28,10.0,0,True,False
2010-12-17,2011Q1,-2,diag4,gaussian_ar1,3.472865630079669,3.4139224520023186,0.2722680344835001,0.8247412838009618,-0.9454489541211974,-0.9499466944201232,4.418314584200866,2011-04-28,10.0,0,True,False
2010-12-24,2010Q4,13,diag4,gaussian_ar1,2.4902039442167734,2.4597036747212226,-0.1164556381719344,0.6699347317449624,2.117043484228409,2.094945457780796,0.3731604599883642,2011-01-28,2.0,0,True,False
2010-12-24,2011Q1,-1,diag4,gaussian_ar1,3.322166153003825,3.268174749600327,0.21289424777158364,0.8215657814850257,-0.9454489541211974,-0.9499466944201232,4.267615107125023,2011-04-28,2.0,0,True,False
2010-12-31,2010Q4,14,diag4,gaussian_ar1,2.4884138315950377,2.457957041202851,-0.11716717080177758,0.6698880079046736,2.117043484228409,2.094945457780796,0.37137034736662855,2011-01-28,8.0,0,True,False
2010-12-31,2011Q1,0,diag4,gaussian_ar1,3.275557335301005,3.2230543894079915,0.19451339786263894,0.8214294839888983,-0.9454489541211974,-0.9499466944201232,4.221006289422203,2011-04-28,8.0,0,True,False
2011-01-07,2010Q4,15,diag4,gaussian_ar1,2.4806413654853365,2.4503730026210757,-0.12025670896771928,0.6687930264289503,2.117043484228409,2.094945457780796,0.3635978812569274,2011-01-28,12.0,4,True,True
2011-01-07,2011Q1,1,diag4,gaussian_ar1,3.2551815524183736,3.2033229120903974,0.18647531214013055,0.8065828171110385,-0.9454489541211974,-0.9499466944201232,4.2006305065395715,2011-04-28,12.0,0,True,False
2011-01-07,2011Q2,-11,diag4,gaussian_ar1,3.3995255183037587,3.3430187277872894,0.2433837191272798,0.8745765318280817,2.7339190839842376,2.6972149874665394,0.6656064343195212,2011-07-28,12.0,0,True,False
2011-01-14,2010Q4,16,diag4,gaussian_ar1,2.4841340485016072,2.4537810838482494,-0.11886834616992364,0.6685186569449242,2.117043484228409,2.094945457780796,0.3670905642731981,2011-01-28,6.0,0,True,False
2011-01-14,2011Q1,2,diag4,gaussian_ar1,3.314257155563771,3.2605197608841356,0.20977580638398868,0.8054911879299047,-0.9454489541211974,-0.9499466944201232,4.259706109684968,2011-04-28,6.0,0,True,False
2011-01-14,2011Q2,-10,diag4,gaussian_ar1,3.431119814637995,3.3735696130578074,0.2558293475386899,0.8742889962661575,2.7339190839842376,2.6972149874665394,0.6972007306537575,2011-07-28,6.0,0,True,False
2011-01-21,2010Q4,17,diag4,gaussian_ar1,2.7471085556615815,2.710052641479635,-0.014470043127250419,0.6634719376029333,2.117043484228409,2.094945457780796,0.6300650714331724,2011-01-28,6.0,0,True,False
2011-01-21,2011Q1,3,diag4,gaussian_ar1,3.932873320149599,3.8575055916784784,0.4529721573621786,0.7745539380081456,-0.9454489541211974,-0.9499466944201232,4.878322274270797,2011-04-28,6.0,0,True,False
2011-01-21,2011Q2,-9,diag4,gaussian_ar1,3.5412675353903023,3.4800067398275476,0.2991890380100054,0.869091823776699,2.7339190839842376,2.6972149874665394,0.8073484514060647,2011-07-28,6.0,0,True,False
2011-01-28,2011Q1,4,diag4,gaussian_ar1,3.928160180609641,3.8529706969351922,0.45573636400719125,0.7742479618647342,-0.9454489541211974,-0.9499466944201232,4.873609134730838,2011-04-28,6.0,0,True,False
2011-01-28,2011Q2,-8,diag4,gaussian_ar1,3.4664516835060777,3.4077235849538514,0.27352955573852633,0.8665540236108588,2.7339190839842376,2.6972149874665394,0.7325325995218401,2011-07-28,6.0,0,True,False
2011-02-04,2011Q1,5,diag4,gaussian_ar1,4.720720256696742,4.612681351863154,0.7666299103485359,0.7669031424676238,-0.9454489541211974,-0.9499466944201232,5.666169210817939,2011-04-28,13.0,11,False,True
2011-02-04,2011Q2,-7,diag4,gaussian_ar1,4.159063329897017,4.074899982321848,0.5465556543821566,0.8643511401265848,2.7339190839842376,2.6972149874665394,1.4251442459127794,2011-07-28,13.0,0,True,False
2011-02-11,2011Q1,6,diag4,gaussian_ar1,4.238269075192225,4.1509141502528335,0.5776626476656608,0.7589448778810161,-0.9454489541211974,-0.9499466944201232,5.183718029313422,2011-04-28,5.0,0,True,False
2011-02-11,2011Q2,-6,diag4,gaussian_ar1,3.8826328465109583,3.8091545561430182,0.43780564879409145,0.8620258842402555,2.7339190839842376,2.6972149874665394,1.1487137625267207,2011-07-28,5.0,0,True,False
2011-02-18,2011Q1,7,diag4,gaussian_ar1,3.481546895249288,3.4223119954469703,0.27949951633374687,0.7007680858648675,-0.9454489541211974,-0.9499466944201232,4.426995849370485,2011-04-28,11.0,0,True,False
2011-02-18,2011Q2,-5,diag4,gaussian_ar1,4.025340374947106,3.9464340925039947,0.4939840393728132,0.8545690560540318,2.7339190839842376,2.6972149874665394,1.2914212909628686,2011-07-28,11.0,0,True,False
2011-02-25,2011Q1,8,diag4,gaussian_ar1,3.481546895249288,3.4223119954469703,0.27949951633374687,0.7007680858648675,-0.9454489541211974,-0.9499466944201232,4.426995849370485,2011-04-28,0.0,0,True,False
2011-02-25,2011Q2,-4,diag4,gaussian_ar1,4.025340374947106,3.9464340925039947,0.4939840393728132,0.8545690560540318,2.7339190839842376,2.6972149874665394,1.2914212909628686,2011-07-28,0.0,0,True,False
2011-03-04,2011Q1,9,diag4,gaussian_ar1,3.7240930847123543,3.6564236733588222,0.37530416158100854,0.6977383344847639,-0.9454489541211974,-0.9499466944201232,4.669542038833551,2011-04-28,12.0,3,True,True
2011-03-04,2011Q2,-3,diag4,gaussian_ar1,4.425709668448219,4.330572033516962,0.6511833704485475,0.8439739235735105,2.7339190839842376,2.6972149874665394,1.6917905844639813,2011-07-28,12.0,0,True,False
2011-03-11,2011Q1,10,diag4,gaussian_ar1,3.817056891477155,3.7460095824596604,0.41196506767981,0.6944688858028796,-0.9454489541211974,-0.9499466944201232,4.762505845598353,2011-04-28,8.0,0,True,False
2011-03-11,2011Q2,-2,diag4,gaussian_ar1,4.527376006698525,4.427882246423714,0.6910052644677647,0.8396148679984154,2.7339190839842376,2.6972149874665394,1.7934569227142871,2011-07-28,8.0,0,True,False
2011-03-18,2011Q1,11,diag4,gaussian_ar1,2.7061764495427854,2.670206983466104,-0.02828160122607342,0.6703358826472274,-0.9454489541211974,-0.9499466944201232,3.651625403663983,2011-04-28,12.0,0,True,False
2011-03-18,2011Q2,-1,diag4,gaussian_ar1,3.6869674940745556,3.6206246268367375,0.36065425183353356,0.8255896135389562,2.7339190839842376,2.6972149874665394,0.953048410090318,2011-07-28,12.0,0,True,False
2011-03-25,2011Q1,12,diag4,gaussian_ar1,2.7672310209824857,2.7296351829476846,-0.003962021699758323,0.6701540019962275,-0.9454489541211974,-0.9499466944201232,3.712679975103683,2011-04-28,0.0,0,True,False
2011-03-25,2011Q2,0,diag4,gaussian_ar1,3.95556993680517,3.8793409726069656,0.46652777316858285,0.8227979366557864,2.7339190839842376,2.6972149874665394,1.2216508528209324,2011-07-28,0.0,0,True,False
2011-04-01,2011Q1,13,diag4,gaussian_ar1,2.792788895837628,2.754501764491304,0.0062140363446231564,0.670830529163985,-0.9454489541211974,-0.9499466944201232,3.7382378499588254,2011-04-28,11.0,13,False,True
2011-04-01,2011Q2,1,diag4,gaussian_ar1,4.049258309040882,3.9694238609335795,0.5033920562148537,0.8181492657053206,2.7339190839842376,2.6972149874665394,1.3153392250566442,2011-07-28,11.0,0,True,False
2011-04-01,2011Q3,-12,diag4,gaussian_ar1,4.203165068046211,4.1172317803131175,0.5638789375494291,0.8798132040007709,-0.08922107662069356,-0.0892609023136356,4.292386144666905,2011-10-28,11.0,0,True,False
2011-04-08,2011Q1,14,diag4,gaussian_ar1,2.7353087831523126,2.698567695297805,-0.016675653328767002,0.6700067935960844,-0.9454489541211974,-0.9499466944201232,3.68075773727351,2011-04-28,9.0,0,True,False
2011-04-08,2011Q2,2,diag4,gaussian_ar1,3.858977087383808,3.7863803423137115,0.42848584255391103,0.8100836621403055,2.7339190839842376,2.6972149874665394,1.1250580033995705,2011-07-28,9.0,0,True,False
2011-04-08,2011Q3,-11,diag4,gaussian_ar1,4.068638150444048,3.9880477676603734,0.5110134478215996,0.8767969277183553,-0.08922107662069356,-0.0892609023136356,4.157859227064742,2011-10-28,9.0,0,True,False
2011-04-15,2011Q1,15,diag4,gaussian_ar1,2.7129458301051956,2.6767977823067928,-0.025584473297811716,0.6697186850193042,-0.9454489541211974,-0.9499466944201232,3.658394784226393,2011-04-28,6.0,0,True,False
2011-04-15,2011Q2,3,diag4,gaussian_ar1,4.003764780965957,3.925691231506411,0.48549551604492097,0.8089566325374208,2.7339190839842376,2.6972149874665394,1.2698456969817196,2011-07-28,6.0,0,True,False
2011-04-15,2011Q3,-10,diag4,gaussian_ar1,4.178388265806565,4.093451554127069,0.5541474446398279,0.8764674525221088,-0.08922107662069356,-0.0892609023136356,4.267609342427258,2011-10-28,6.0,0,True,False
2011-04-22,2011Q1,16,diag4,gaussian_ar1,2.922436847039589,2.88054782442561,0.057795393432534356,0.6644297556268124,-0.9454489541211974,-0.9499466944201232,3.8678858011607864,2011-04-28,6.0,0,True,False
2011-04-22,2011Q2,4,diag4,gaussian_ar1,4.227241348782984,4.140334245311165,0.5733330727861542,0.7778313120170273,2.7339190839842376,2.6972149874665394,1.4933222647987465,2011-07-28,6.0,0,True,False
2011-04-22,2011Q3,-9,diag4,gaussian_ar1,4.028558777104463,3.9495279082610972,0.4952501100093289,0.8716171034051887,-0.08922107662069356,-0.0892609023136356,4.117779853725157,2011-10-28,6.0,0,True,False
2011-04-29,2011Q2,5,diag4,gaussian_ar1,4.31619561267389,4.225644308847018,0.6188919763001859,0.7775635367466363,2.7339190839842376,2.6972149874665394,1.5822765286896523,2011-07-28,6.0,0,True,False
2011-04-29,2011Q3,-8,diag4,gaussian_ar1,3.6103743595485627,3.5467277429436876,0.3427262388524263,0.8691664598379801,-0.08922107662069356,-0.0892609023136356,3.6995954361692562,2011-10-28,6.0,0,True,False
2011-05-06,2011Q2,6,diag4,gaussian_ar1,4.327592836271821,4.236569363164697,0.6233360064414805,0.7662231059839315,2.7339190839842376,2.6972149874665394,1.5936737522875832,2011-07-28,14.0,6,True,True
2011-05-06,2011Q3,-7,diag4,gaussian_ar1,3.5068173033406813,3.4467292213280407,0.30204942103324967,0.863588010887757,-0.08922107662069356,-0.0892609023136356,3.596038379961375,2011-10-28,14.0,0,True,False
2011-05-13,2011Q2,7,diag4,gaussian_ar1,4.3006904159530235,4.210779551688971,0.6128453767197619,0.7661325607318347,2.7339190839842376,2.6972149874665394,1.566771331968786,2011-07-28,6.0,0,True,False
2011-05-13,2011Q3,-6,diag4,gaussian_ar1,3.5704800734420283,3.5082161857741907,0.32706073130684954,0.8629880265451975,-0.08922107662069356,-0.0892609023136356,3.659701150062722,2011-10-28,6.0,0,True,False
2011-05-20,2011Q2,8,diag4,gaussian_ar1,3.0890803135881217,3.0423285881340334,0.13754968027089792,0.7088900697810184,2.7339190839842376,2.6972149874665394,0.3551612296038842,2011-07-28,9.0,0,True,False
2011-05-20,2011Q3,-5,diag4,gaussian_ar1,3.1332765212937597,3.085191262250081,0.15498510989617334,0.8568811579317737,-0.08922107662069356,-0.0892609023136356,3.2224975979144532,2011-10-28,9.0,0,True,False
2011-05-27,2011Q2,9,diag4,gaussian_ar1,3.080126019010465,3.033642233132165,0.13401629523464956,0.708870359301967,2.7339190839842376,2.6972149874665394,0.34620693502622757,2011-07-28,4.0,0,True,False
2011-05-27,2011Q3,-4,diag4,gaussian_ar1,3.1326777081189583,3.0846106398424276,0.15474892768551404,0.8568810742253632,-0.08922107662069356,-0.0892609023136356,3.221898784739652,2011-10-28,4.0,0,True,False
2011-06-03,2011Q2,10,diag4,gaussian_ar1,2.795718775958478,2.7573520017484587,0.021628559639819633,0.7076802156923953,2.7339190839842376,2.6972149874665394,0.06179969197424029,2011-07-28,9.0,6,True,True
2011-06-03,2011Q3,-3,diag4,gaussian_ar1,2.631392583957415,2.5973670552991885,-0.043449187664690955,0.8506733161418261,-0.08922107662069356,-0.0892609023136356,2.7206136605781084,2011-10-28,9.0,0,True,False
2011-06-10,2011Q2,11,diag4,gaussian_ar1,2.6906766096294055,2.655114405647182,-0.01995905589380346,0.7046365614413509,2.7339190839842376,2.6972149874665394,-0.04324247435483208,2011-07-28,7.0,0,True,False
2011-06-10,2011Q3,-2,diag4,gaussian_ar1,2.4818985460632215,2.451599744423197,-0.10274356774846832,0.8462869154812849,-0.08922107662069356,-0.0892609023136356,2.571119622683915,2011-10-28,7.0,0,True,False
2011-06-17,2011Q2,12,diag4,gaussian_ar1,2.6927269735873116,2.6571110265252034,-0.01914688204965991,0.6804400148011367,2.7339190839842376,2.6972149874665394,-0.04119211039692594,2011-07-28,10.0,0,True,False
2011-06-17,2011Q3,-1,diag4,gaussian_ar1,2.179612880868742,2.1561989307547673,-0.22290499500848032,0.8330129465024654,-0.08922107662069356,-0.0892609023136356,2.2688339574894356,2011-10-28,10.0,0,True,False
2011-06-24,2011Q2,13,diag4,gaussian_ar1,2.6780287515431267,2.6427971851826166,-0.024969383294457304,0.6802600809254498,2.7339190839842376,2.6972149874665394,-0.05589033244111086,2011-07-28,2.0,0,True,False
2011-06-24,2011Q3,0,diag4,gaussian_ar1,2.12366656761227,2.1014310241348158,-0.2451831659646484,0.830249316774011,-0.08922107662069356,-0.0892609023136356,2.2128876442329637,2011-10-28,2.0,0,True,False
2011-07-01,2011Q2,14,diag4,gaussian_ar1,2.8191383710468143,2.780132062989734,0.030894900642165445,0.6798767591722672,2.7339190839842376,2.6972149874665394,0.08521928706257675,2011-07-28,11.0,12,False,True
2011-07-01,2011Q3,1,diag4,gaussian_ar1,2.7748395782128066,2.7370385891813913,0.013365587658570962,0.8232157324944872,-0.08922107662069356,-0.0892609023136356,2.8640606548335,2011-10-28,11.0,0,True,False
2011-07-01,2011Q4,-13,diag4,gaussian_ar1,3.2343767761004782,3.183171988666755,0.19484114070391303,0.8831915254315157,4.568438742179692,4.467158724585995,-1.3340619660792141,2012-01-28,11.0,0,True,False
2011-07-08,2011Q2,15,diag4,gaussian_ar1,2.8601167275353667,2.8199789177550487,0.04710357278819736,0.6790964719512942,2.7339190839842376,2.6972149874665394,0.12619764355112917,2011-07-28,9.0,0,True,False
2011-07-08,2011Q3,2,diag4,gaussian_ar1,2.838654202676949,2.7991110002276316,0.03861504249981035,0.815767963347209,-0.08922107662069356,-0.0892609023136356,2.9278752792976426,2011-10-28,9.0,0,True,False
2011-07-08,2011Q4,-12,diag4,gaussian_ar1,3.2512654241246164,3.199530170167271,0.20149522676437556,0.8801557300847419,4.568438742179692,4.467158724585995,-1.317173318055076,2012-01-28,9.0,0,True,False
2011-07-15,2011Q2,16,diag4,gaussian_ar1,2.900106145090575,2.858848838773215,0.06291485349871473,0.6788122453253681,2.7339190839842376,2.6972149874665394,0.16618706110633763,2011-07-28,6.0,0,True,False
2011-07-15,2011Q3,3,diag4,gaussian_ar1,2.8102478308606127,2.7714849135176034,0.02737746340359332,0.814699880366433,-0.08922107662069356,-0.0892609023136356,2.8994689074813063,2011-10-28,6.0,0,True,False
2011-07-15,2011Q4,-11,diag4,gaussian_ar1,3.206965668538153,3.1566161569725595,0.18403891372686462,0.8798772498427601,4.568438742179692,4.467158724585995,-1.3614730736415392,2012-01-28,6.0,0,True,False
2011-07-22,2011Q2,17,diag4,gaussian_ar1,2.8362720008328512,2.7967945274439208,0.03767276115520937,0.6736205547798726,2.7339190839842376,2.6972149874665394,0.1023529168486137,2011-07-28,6.0,0,True,False
2011-07-22,2011Q3,4,diag4,gaussian_ar1,2.5194663577145837,2.4882510243690987,-0.08783477296718825,0.7841035026067451,-0.08922107662069356,-0.0892609023136356,2.6086874343352773,2011-10-28,6.0,0,True,False
2011-07-22,2011Q4,-10,diag4,gaussian_ar1,3.066002678036517,3.0199399714546793,0.1284425688138925,0.8752111357194827,4.568438742179692,4.467158724585995,-1.5024360641431755,2012-01-28,6.0,0,True,False
2011-07-29,2011Q3,5,diag4,gaussian_ar1,2.521324521652901,2.490063506588285,-0.08748837431908532,0.7838183345230253,-0.08922107662069356,-0.0892609023136356,2.610545598273595,2011-10-28,6.0,0,True,False
2011-07-29,2011Q4,-9,diag4,gaussian_ar1,3.054992393869993,3.009256650065547,0.12471891738847575,0.8726846479540743,4.568438742179692,4.467158724585995,-1.5134463483096994,2012-01-28,6.0,0,True,False
2011-08-05,2011Q3,6,diag4,gaussian_ar1,1.9490558190450757,1.9303049773647056,-0.3162757591084715,0.769166557820029,-0.08922107662069356,-0.0892609023136356,2.0382768956657693,2011-10-28,14.0,5,True,True
2011-08-05,2011Q4,-8,diag4,gaussian_ar1,2.536809896264347,2.5051669061045545,-0.08131523519506045,0.8667525795452756,4.568438742179692,4.467158724585995,-2.0316288459153453,2012-01-28,14.0,0,True,False
2011-08-12,2011Q3,7,diag4,gaussian_ar1,1.8875763621127861,1.8699826906994725,-0.34093099433962937,0.7690990779689054,-0.08922107662069356,-0.0892609023136356,1.9767974387334797,2011-10-28,4.0,0,True,False
2011-08-12,2011Q4,-7,diag4,gaussian_ar1,2.504147994268302,2.4733080008318478,-0.09433677080204016,0.8667354145942271,4.568438742179692,4.467158724585995,-2.0642907479113903,2012-01-28,4.0,0,True,False
2011-08-19,2011Q3,8,diag4,gaussian_ar1,2.81099603336854,2.772212661773454,0.02783307942434856,0.7120214078993595,-0.08922107662069356,-0.0892609023136356,2.9002171099892338,2011-10-28,11.0,0,True,False
2011-08-19,2011Q4,-6,diag4,gaussian_ar1,2.6453237546212316,2.610940119925023,-0.03808306327207096,0.862443479917141,4.568438742179692,4.467158724585995,-1.9231149875584608,2012-01-28,11.0,0,True,False
2011-08-26,2011Q3,9,diag4,gaussian_ar1,2.564334228357712,2.532006670822655,-0.07034514852798632,0.7111417018023912,-0.08922107662069356,-0.0892609023136356,2.6535553049784055,2011-10-28,4.0,0,True,False
2011-08-26,2011Q4,-5,diag4,gaussian_ar1,2.185429207927636,2.1618910266249936,-0.22162071805450234,0.8600877489684609,4.568438742179692,4.467158724585995,-2.3830095342520563,2012-01-28,4.0,0,True,False
2011-09-02,2011Q3,10,diag4,gaussian_ar1,2.6253765231316617,2.5915050699881674,-0.04602665683280131,0.7083178478318332,-0.08922107662069356,-0.0892609023136356,2.7145975997523553,2011-10-28,8.0,7,True,True
2011-09-02,2011Q4,-4,diag4,gaussian_ar1,2.28263525964445,2.256972925398036,-0.1827583554009719,0.8526665541375092,4.568438742179692,4.467158724585995,-2.2858034825352425,2012-01-28,8.0,0,True,False
2011-09-09,2011Q3,11,diag4,gaussian_ar1,2.8256455506123546,2.7864606257119298,0.03365658051968484,0.704871411864163,-0.08922107662069356,-0.0892609023136356,2.914866627233048,2011-10-28,8.0,0,True,False
2011-09-09,2011Q4,-3,diag4,gaussian_ar1,2.5623773597005295,2.5300987099899728,-0.07112498009177767,0.8469988528710795,4.568438742179692,4.467158724585995,-2.006061382479163,2012-01-28,8.0,0,True,False
2011-09-16,2011Q3,12,diag4,gaussian_ar1,2.7244484458645246,2.6879959537126186,-0.006588406603805902,0.7026312560141881,-0.08922107662069356,-0.0892609023136356,2.813669522485218,2011-10-28,8.0,0,True,False
2011-09-16,2011Q4,-2,diag4,gaussian_ar1,2.40179164560399,2.3734023003354885,-0.1351707425037631,0.8424603937785059,4.568438742179692,4.467158724585995,-2.1666470965757023,2012-01-28,8.0,0,True,False
2011-09-23,2011Q3,13,diag4,gaussian_ar1,3.3269419791139843,3.272796909506247,0.23243444756143558,0.6802500664991178,-0.08922107662069356,-0.0892609023136356,3.416163055734678,2011-10-28,4.0,0,True,False
2011-09-23,2011Q4,-1,diag4,gaussian_ar1,2.8251302898413266,2.7859595230353866,0.03345176725665832,0.8309986741243757,4.568438742179692,4.467158724585995,-1.7433084523383657,2012-01-28,4.0,0,True,False
2011-09-30,2011Q3,14,diag4,gaussian_ar1,3.3401431114793434,3.28557217304425,0.23765601897528982,0.6802095441290443,-0.08922107662069356,-0.0892609023136356,3.429364188100037,2011-10-28,8.0,0,True,False
2011-09-30,2011Q4,0,diag4,gaussian_ar1,2.839017495608842,2.799464264564868,0.03897149466674755,0.8309053100652295,4.568438742179692,4.467158724585995,-1.7294212465708503,2012-01-28,8.0,0,True,False
2011-10-07,2011Q3,15,diag4,gaussian_ar1,3.4804092898234273,3.421212657726329,0.2930956954461821,0.678881181219658,-0.08922107662069356,-0.0892609023136356,3.569630366444121,2011-10-28,12.0,4,True,True
2011-10-07,2011Q4,1,diag4,gaussian_ar1,3.3515417671236225,3.296601794930136,0.24216410275560793,0.8168464790833748,4.568438742179692,4.467158724585995,-1.2168969750560699,2012-01-28,12.0,0,True,False
2011-10-07,2012Q1,-12,diag4,gaussian_ar1,2.7006966340664906,2.6648714117831065,-0.01603998830608745,0.8814439623309311,3.396793738645587,3.3403767275155727,-0.6960971045790965,2012-04-28,12.0,0,True,False
2011-10-14,2011Q3,16,diag4,gaussian_ar1,3.5025482740222103,3.442604741928603,0.3018391781165063,0.6786020051270298,-0.08922107662069356,-0.0892609023136356,3.591769350642904,2011-10-28,6.0,0,True,False
2011-10-14,2011Q4,2,diag4,gaussian_ar1,3.4082586024528405,3.3514643326675917,0.2645878013266182,0.8157567408009861,4.568438742179692,4.467158724585995,-1.1601801397268519,2012-01-28,6.0,0,True,False
2011-10-14,2012Q1,-11,diag4,gaussian_ar1,2.7174169823420913,2.6811507437448086,-0.009386216025382331,0.8811314258603723,3.396793738645587,3.3403767275155727,-0.6793767563034958,2012-04-28,6.0,0,True,False
2011-10-21,2011Q3,17,diag4,gaussian_ar1,3.3139379158636073,3.260210761717733,0.22729017250929667,0.6733272402154171,-0.08922107662069356,-0.0892609023136356,3.403158992484301,2011-10-28,6.0,0,True,False
2011-10-21,2011Q4,3,diag4,gaussian_ar1,2.946702693650094,2.9041218742098844,0.08174769111381927,0.7851801943126921,4.568438742179692,4.467158724585995,-1.6217360485295984,2012-01-28,6.0,0,True,False
2011-10-21,2012Q1,-10,diag4,gaussian_ar1,2.632912036494206,2.59884753924366,-0.0430256050378591,0.8765820426964415,3.396793738645587,3.3403767275155727,-0.7638817021513811,2012-04-28,6.0,0,True,False
2011-10-28,2011Q4,4,diag4,gaussian_ar1,3.0018074899574865,2.9576350533761353,0.11413343774629392,0.7848964095247952,4.568438742179692,4.467158724585995,-1.566631252222206,2012-01-28,6.0,0,True,False
2011-10-28,2012Q1,-9,diag4,gaussian_ar1,2.266908175943194,2.241595639809327,-0.17812849726219737,0.8740722426403815,3.396793738645587,3.3403767275155727,-1.129885562702393,2012-04-28,6.0,0,True,False
2011-11-04,2011Q4,5,diag4,gaussian_ar1,2.8113639651079048,2.7725705331054944,0.038596653358559795,0.7785821823354633,4.568438742179692,4.467158724585995,-1.7570747770717876,2012-01-28,13.0,3,True,True
2011-11-04,2012Q1,-8,diag4,gaussian_ar1,2.0456090899143353,2.024967529566709,-0.2665484214691114,0.8682481832304348,3.396793738645587,3.3403767275155727,-1.3511846487312518,2012-04-28,13.0,0,True,False
2011-11-11,2011Q4,6,diag4,gaussian_ar1,3.0081174592536897,2.963760942019348,0.11663380858425325,0.7708401904832618,4.568438742179692,4.467158724585995,-1.5603212829260027,2012-01-28,5.0,0,True,False
2011-11-11,2012Q1,-7,diag4,gaussian_ar1,2.16042533188332,2.137418911714305,-0.22064974896849576,0.8659107457274905,3.396793738645587,3.3403767275155727,-1.2363684067622671,2012-04-28,5.0,0,True,False
2011-11-18,2011Q4,7,diag4,gaussian_ar1,3.599691306404007,3.5364164164937057,0.3503714966109276,0.7148161090152916,4.568438742179692,4.467158724585995,-0.9687474357756853,2012-01-28,11.0,0,True,False
2011-11-18,2012Q1,-6,diag4,gaussian_ar1,2.1917145198472765,2.1680417260691405,-0.2081506004451374,0.8618802957905373,3.396793738645587,3.3403767275155727,-1.2050792187983106,2012-04-28,11.0,0,True,False
2011-11-25,2011Q4,8,diag4,gaussian_ar1,3.564329587435755,3.5022775547752345,0.33643722205036,0.7140414695849211,4.568438742179692,4.467158724585995,-1.0041091547439374,2012-01-28,0.0,0,True,False
2011-11-25,2012Q1,-5,diag4,gaussian_ar1,2.1269193869215552,2.104616150184138,-0.23403867474099332,0.8596615096115836,3.396793738645587,3.3403767275155727,-1.2698743517240318,2012-04-28,0.0,0,True,False
2011-12-02,2011Q4,9,diag4,gaussian_ar1,3.6394431546363792,3.5747796810607966,0.3660300228361387,0.7138470587962266,4.568438742179692,4.467158724585995,-0.9289955875433131,2012-01-28,11.0,9,True,True
2011-12-02,2012Q1,-4,diag4,gaussian_ar1,2.128906847327494,2.10656220033375,-0.23324436597589912,0.8548521309205828,3.396793738645587,3.3403767275155727,-1.267886891318093,2012-04-28,11.0,0,True,False
2011-12-09,2011Q4,10,diag4,gaussian_ar1,3.654556663721098,3.5893613950754273,0.3719817621858314,0.7102968081302469,4.568438742179692,4.467158724585995,-0.9138820784585944,2012-01-28,9.0,0,True,False
2011-12-09,2012Q1,-3,diag4,gaussian_ar1,2.1313329460568298,2.1089376981123746,-0.2322747718945749,0.8489974795299557,3.396793738645587,3.3403767275155727,-1.2654607925887573,2012-04-28,9.0,0,True,False
2011-12-16,2011Q4,11,diag4,gaussian_ar1,3.7744428110647155,3.704953873461876,0.41916251895083406,0.7089398535485009,4.568438742179692,4.467158724585995,-0.7939959311149769,2012-01-28,8.0,0,True,False
2011-12-16,2012Q1,-2,diag4,gaussian_ar1,2.281238088310067,2.255606925320373,-0.17240958662986716,0.8479378536706967,3.396793738645587,3.3403767275155727,-1.1155556503355202,2012-04-28,8.0,0,True,False
2011-12-23,2011Q4,12,diag4,gaussian_ar1,3.531320563435081,3.4703995078378425,0.3234257320322278,0.6864322167246565,4.568438742179692,4.467158724585995,-1.0371181787446115,2012-01-28,4.0,0,True,False
2011-12-23,2012Q1,-1,diag4,gaussian_ar1,2.1139021691441773,2.0918692196774775,-0.23924152042896724,0.8337900782040795,3.396793738645587,3.3403767275155727,-1.2828915695014098,2012-04-28,4.0,0,True,False
2011-12-30,2011Q4,13,diag4,gaussian_ar1,3.5429077629810513,3.4815908566133107,0.32799364433775363,0.6863907797525052,4.568438742179692,4.467158724585995,-1.0255309791986411,2012-01-28,8.0,0,True,False
2011-12-30,2012Q1,0,diag4,gaussian_ar1,2.129878901316795,2.1075139870446553,-0.23285588034148552,0.8336978442328595,3.396793738645587,3.3403767275155727,-1.266914837328792,2012-04-28,8.0,0,True,False
2012-01-06,2011Q4,14,diag4,gaussian_ar1,3.652564430672034,3.5874393838694343,0.3711972652663485,0.6854662689191416,4.568438742179692,4.467158724585995,-0.9158743115076584,2012-01-28,10.0,11,True,True
2012-01-06,2012Q1,1,diag4,gaussian_ar1,2.5709315253250598,2.5384388139701404,-0.05696762422848494,0.818379953864588,3.396793738645587,3.3403767275155727,-0.8258622133205273,2012-04-28,10.0,0,True,False
2012-01-06,2012Q2,-12,diag4,gaussian_ar1,3.190214629917043,3.140384308617213,0.18872521292814268,0.8824346103779046,1.7973274732638433,1.7813665065292486,1.3928871566531997,2012-07-28,10.0,0,True,False
2012-01-13,2011Q4,15,diag4,gaussian_ar1,3.667764862662337,3.602103099742686,0.3771824748711986,0.6854032199808003,4.568438742179692,4.467158724585995,-0.9006738795173552,2012-01-28,6.0,0,True,False
2012-01-13,2012Q1,2,diag4,gaussian_ar1,2.517247178549642,2.486086359195969,-0.07833604256530073,0.8180962422231445,3.396793738645587,3.3403767275155727,-0.8795465600959451,2012-04-28,6.0,0,True,False
2012-01-13,2012Q2,-11,diag4,gaussian_ar1,3.1434314937981656,3.0950372333345824,0.17021614245245587,0.8822218189492356,1.7973274732638433,1.7813665065292486,1.3461040205343222,2012-07-28,6.0,0,True,False
2012-01-20,2011Q4,16,diag4,gaussian_ar1,3.6794266994296887,3.613351708119584,0.38177375851857304,0.6801232304511182,4.568438742179692,4.467158724585995,-0.8890120427500037,2012-01-28,8.0,0,True,False
2012-01-20,2012Q1,3,diag4,gaussian_ar1,2.5146134363924544,2.483517253936488,-0.07938466036503375,0.7881495155083292,3.396793738645587,3.3403767275155727,-0.8821803022531327,2012-04-28,8.0,0,True,False
2012-01-20,2012Q2,-10,diag4,gaussian_ar1,3.1397146399848808,3.0914335905907544,0.1687452630826401,0.8774925024186768,1.7973274732638433,1.7813665065292486,1.3423871667210374,2012-07-28,8.0,0,True,False
2012-01-27,2011Q4,17,diag4,gaussian_ar1,3.6926067576098065,3.62606321793905,0.38696214673621415,0.6800862480465837,4.568438742179692,4.467158724585995,-0.8758319845698859,2012-01-28,4.0,0,True,False
2012-01-27,2012Q1,4,diag4,gaussian_ar1,2.519397882659402,2.4881842320998158,-0.07747976512768617,0.7881451096077542,3.396793738645587,3.3403767275155727,-0.877395855986185,2012-04-28,4.0,0,True,False
2012-01-27,2012Q2,-9,diag4,gaussian_ar1,3.1416388021237696,3.0932991611882215,0.1695067229441786,0.8774918590153354,1.7973274732638433,1.7813665065292486,1.3443113288599262,2012-07-28,4.0,0,True,False
2012-02-03,2012Q1,5,diag4,gaussian_ar1,2.6776559127355437,2.642434070026397,-0.02132924024928451,0.7807174293686643,3.396793738645587,3.3403767275155727,-0.7191378259100434,2012-04-28,12.0,4,True,True
2012-02-03,2012Q2,-8,diag4,gaussian_ar1,3.4675166042188454,3.408752822175347,0.29214659131245657,0.8699052531161,1.7973274732638433,1.7813665065292486,1.670189130955002,2012-07-28,12.0,0,True,False
2012-02-10,2012Q1,6,diag4,gaussian_ar1,3.2152167246142005,3.164610507177355,0.19227598916578179,0.7723364838092823,3.396793738645587,3.3403767275155727,-0.1815770140313866,2012-04-28,7.0,0,True,False
2012-02-10,2012Q2,-7,diag4,gaussian_ar1,3.767275191198305,3.6980467128791683,0.41048722006492244,0.8675832280886517,1.7973274732638433,1.7813665065292486,1.9699477179344616,2012-07-28,7.0,0,True,False
2012-02-17,2012Q1,7,diag4,gaussian_ar1,3.287773722663956,3.234882614015535,0.2210219999673187,0.7172964325450074,3.396793738645587,3.3403767275155727,-0.10902001598163125,2012-04-28,10.0,0,True,False
2012-02-17,2012Q2,-6,diag4,gaussian_ar1,3.871560117596351,3.79849510444471,0.45157735780035824,0.8636816496134141,1.7973274732638433,1.7813665065292486,2.0742326443325076,2012-07-28,10.0,0,True,False
2012-02-24,2012Q1,8,diag4,gaussian_ar1,3.2799019259872164,3.227261095638264,0.21790428712996696,0.7164625344032409,3.396793738645587,3.3403767275155727,-0.11689181265837068,2012-04-28,2.0,0,True,False
2012-02-24,2012Q2,-5,diag4,gaussian_ar1,3.8563442426163386,3.7838452912151572,0.44558460038514414,0.8612746554762006,1.7973274732638433,1.7813665065292486,2.0590167693524952,2012-07-28,2.0,0,True,False
2012-03-02,2012Q1,9,diag4,gaussian_ar1,3.2101132479406935,3.15966588465915,0.1902533065010203,0.7142320023260004,3.396793738645587,3.3403767275155727,-0.18668049070489356,2012-04-28,11.0,5,True,True
2012-03-02,2012Q2,-4,diag4,gaussian_ar1,3.692141884297251,3.6256148982669396,0.38085774374919623,0.8554561413326616,1.7973274732638433,1.7813665065292486,1.8948144110334075,2012-07-28,11.0,0,True,False
2012-03-09,2012Q1,10,diag4,gaussian_ar1,3.262340820304188,3.210256239399797,0.21094815897181746,0.7105544487070914,3.396793738645587,3.3403767275155727,-0.13445291834139894,2012-04-28,9.0,0,True,False
2012-03-09,2012Q2,-3,diag4,gaussian_ar1,3.8067337554237968,3.73606550425004,0.4260394588774733,0.8493788531633075,1.7973274732638433,1.7813665065292486,2.0094062821599534,2012-07-28,9.0,0,True,False
2012-03-16,2012Q1,11,diag4,gaussian_ar1,3.3395463113180313,3.2849946608920204,0.24152119240103567,0.7092199765351993,3.396793738645587,3.3403767275155727,-0.05724742732755583,2012-04-28,8.0,0,True,False
2012-03-16,2012Q2,-2,diag4,gaussian_ar1,3.8539198096440908,3.7815108538839937,0.44462965874817745,0.8483430051660041,1.7973274732638433,1.7813665065292486,2.0565923363802474,2012-07-28,8.0,0,True,False
2012-03-23,2012Q1,12,diag4,gaussian_ar1,3.184639732986394,3.134981618498573,0.1801557839759886,0.6868243759914237,3.396793738645587,3.3403767275155727,-0.21215400565919307,2012-04-28,4.0,0,True,False
2012-03-23,2012Q2,-1,diag4,gaussian_ar1,3.668191391218434,3.60251453687477,0.37140814464114835,0.8343177515009603,1.7973274732638433,1.7813665065292486,1.8708639179545905,2012-07-28,4.0,0,True,False
2012-03-30,2012Q1,13,diag4,gaussian_ar1,3.194925075535626,3.144949022555548,0.18423312159367083,0.6867831787704295,3.396793738645587,3.3403767275155727,-0.20186866310996088,2012-04-28,8.0,0,True,False
2012-03-30,2012Q2,0,diag4,gaussian_ar1,3.685200549666101,3.6189204980472436,0.378119284498667,0.8342279859070698,1.7973274732638433,1.7813665065292486,1.8878730764022578,2012-07-28,8.0,0,True,False
2012-04-06,2012Q1,14,diag4,gaussian_ar1,3.2423812399746677,3.1909253687131303,0.20304053470147013,0.6855032852827838,3.396793738645587,3.3403767275155727,-0.15441249867091944,2012-04-28,10.0,5,True,True
2012-04-06,2012Q2,1,diag4,gaussian_ar1,3.9289376485250216,3.8537187761910925,0.4741675480756772,0.818700494023881,1.7973274732638433,1.7813665065292486,2.1316101752611782,2012-07-28,10.0,0,True,False
2012-04-06,2012Q3,-12,diag4,gaussian_ar1,3.222867525793438,3.1720227065402042,0.19530807646947207,0.8834504345341123,0.5773578286532466,0.575697505945138,2.6455096971401915,2012-10-28,10.0,0,True,False
2012-04-13,2012Q1,15,diag4,gaussian_ar1,3.2181639275238094,3.1674658621596854,0.19344402110416242,0.6854412239977907,3.396793738645587,3.3403767275155727,-0.17862981112177767,2012-04-28,6.0,0,True,False
2012-04-13,2012Q2,2,diag4,gaussian_ar1,3.9802339289946698,3.903063671484825,0.494352923994187,0.8184219295955002,1.7973274732638433,1.7813665065292486,2.1829064557308264,2012-07-28,6.0,0,True,False
2012-04-13,2012Q3,-11,diag4,gaussian_ar1,3.274177967644709,3.221718761788534,0.21563710039146575,0.8832556556939831,0.5773578286532466,0.575697505945138,2.6968201389914626,2012-10-28,6.0,0,True,False
2012-04-20,2012Q1,16,diag4,gaussian_ar1,2.8371781146603103,2.7976756463505823,0.042174989674245454,0.6801629612971564,3.396793738645587,3.3403767275155727,-0.5596156239852768,2012-04-28,8.0,0,True,False
2012-04-20,2012Q2,3,diag4,gaussian_ar1,2.7883859929263677,2.7502183928116564,0.02276178599753372,0.7885873265968759,1.7973274732638433,1.7813665065292486,0.9910585196625243,2012-07-28,8.0,0,True,False
2012-04-20,2012Q3,-10,diag4,gaussian_ar1,2.8555275186450624,2.8155172163536966,0.049473389951426874,0.8785166630729357,0.5773578286532466,0.575697505945138,2.278169689991816,2012-10-28,8.0,0,True,False
2012-04-27,2012Q1,17,diag4,gaussian_ar1,2.8411288486206,2.8015173095955848,0.04374648792732901,0.6801263455230705,3.396793738645587,3.3403767275155727,-0.5556648900249872,2012-04-28,4.0,0,True,False
2012-04-27,2012Q2,4,diag4,gaussian_ar1,2.7899606048234604,2.751750277782209,0.023388429823819258,0.7885831336167248,1.7973274732638433,1.7813665065292486,0.9926331315596171,2012-07-28,4.0,0,True,False
2012-04-27,2012Q3,-9,diag4,gaussian_ar1,2.8561451767488144,2.81611772491566,0.04971903828026351,0.8785160481492734,0.5773578286532466,0.575697505945138,2.278787348095568,2012-10-28,4.0,0,True,False
2012-05-04,2012Q2,5,diag4,gaussian_ar1,3.0574863169728017,3.011676613299734,0.12784425834128557,0.7827071822946616,1.7973274732638433,1.7813665065292486,1.2601588437089584,2012-07-28,12.0,7,True,True
2012-05-04,2012Q3,-8,diag4,gaussian_ar1,3.1580295214135523,3.1091893654308898,0.16790654430701876,0.8714438193417452,0.5773578286532466,0.575697505945138,2.5806716927603057,2012-10-28,12.0,0,True,False
2012-05-11,2012Q2,6,diag4,gaussian_ar1,2.7371541412415823,2.7003639049339254,-5.59236835550681e-05,0.7742185063801444,1.7973274732638433,1.7813665065292486,0.939826667977739,2012-07-28,7.0,0,True,False
2012-05-11,2012Q3,-7,diag4,gaussian_ar1,2.9748769161090927,2.9314859053990374,0.0948985871188049,0.8691637401907837,0.5773578286532466,0.575697505945138,2.397519087455846,2012-10-28,7.0,0,True,False
2012-05-18,2012Q2,7,diag4,gaussian_ar1,3.442429722424545,3.384503739555008,0.28101711646892663,0.7188331516014073,1.7973274732638433,1.7813665065292486,1.6451022491607015,2012-07-28,12.0,0,True,False
2012-05-18,2012Q3,-6,diag4,gaussian_ar1,3.135106637398155,3.0869657621287483,0.158776165651703,0.8651731395873322,0.5773578286532466,0.575697505945138,2.5577488087449085,2012-10-28,12.0,0,True,False
2012-05-25,2012Q2,8,diag4,gaussian_ar1,3.344460566061924,3.289749992297736,0.24208834422137568,0.7180694718398112,1.7973274732638433,1.7813665065292486,1.5471330927980809,2012-07-28,0.0,0,True,False
2012-05-25,2012Q3,-5,diag4,gaussian_ar1,2.9501486651969167,2.907469153708715,0.0850315086787298,0.8628940478679813,0.5773578286532466,0.575697505945138,2.37279083654367,2012-10-28,0.0,0,True,False
2012-06-01,2012Q2,9,diag4,gaussian_ar1,3.219154824752568,3.1684258603177127,0.19224335509225515,0.715727950544634,1.7973274732638433,1.7813665065292486,1.4218273514887247,2012-07-28,11.0,8,True,True
2012-06-01,2012Q3,-4,diag4,gaussian_ar1,2.7514529153171763,2.7142807583337216,0.005661697329703988,0.8561467815646203,0.5773578286532466,0.575697505945138,2.1740950866639297,2012-10-28,11.0,0,True,False
2012-06-08,2012Q2,10,diag4,gaussian_ar1,3.2078891882500127,3.157510976013098,0.18775906758382535,0.7120998075356298,1.7973274732638433,1.7813665065292486,1.4105617149861693,2012-07-28,9.0,0,True,False
2012-06-08,2012Q3,-3,diag4,gaussian_ar1,2.7549682617709736,2.7177019131901163,0.007067249744075433,0.8501167962340291,0.5773578286532466,0.575697505945138,2.177610433117727,2012-10-28,9.0,0,True,False
2012-06-15,2012Q2,11,diag4,gaussian_ar1,3.181922093498568,3.132347820208842,0.1774209987507919,0.7113018253712292,1.7973274732638433,1.7813665065292486,1.3845946202347248,2012-07-28,6.0,0,True,False
2012-06-15,2012Q3,-2,diag4,gaussian_ar1,2.6138005481452176,2.580224596967454,-0.04941413793028728,0.8492749070993805,0.5773578286532466,0.575697505945138,2.036442719491971,2012-10-28,6.0,0,True,False
2012-06-22,2012Q2,12,diag4,gaussian_ar1,3.1735982026369403,3.1242802959146507,0.17410652491792664,0.688263048133421,1.7973274732638433,1.7813665065292486,1.376270729373097,2012-07-28,6.0,0,True,False
2012-06-22,2012Q3,-1,diag4,gaussian_ar1,2.167308766648257,2.1441565528846547,-0.22856898999585035,0.8351553114613743,0.5773578286532466,0.575697505945138,1.5899509379950105,2012-10-28,6.0,0,True,False
2012-06-29,2012Q2,13,diag4,gaussian_ar1,3.176992564275416,3.1275701935846123,0.17545815143211563,0.6882319571397189,1.7973274732638433,1.7813665065292486,1.3796650910115726,2012-07-28,4.0,0,True,False
2012-06-29,2012Q3,0,diag4,gaussian_ar1,2.1678744647670056,2.1447102491300147,-0.2283415085963926,0.8351547233176289,0.5773578286532466,0.575697505945138,1.590516636113759,2012-10-28,4.0,0,True,False
2012-07-06,2012Q2,14,diag4,gaussian_ar1,3.1011306667670935,3.054017167466096,0.14523951539114216,0.6866896304689235,1.7973274732638433,1.7813665065292486,1.3038031935032501,2012-07-28,13.0,11,False,True
2012-07-06,2012Q3,1,diag4,gaussian_ar1,1.8777486458214199,1.8603365781446541,-0.34517401592648644,0.819961767390554,0.5773578286532466,0.575697505945138,1.3003908171681733,2012-10-28,13.0,0,True,False
2012-07-06,2012Q4,-12,diag4,gaussian_ar1,2.2961443961784456,2.27017970723178,-0.17679344743945083,0.8845140519741617,0.4633651980530562,0.4622949663000891,1.8327791981253894,2013-01-28,13.0,0,True,False
2012-07-13,2012Q2,15,diag4,gaussian_ar1,3.148313540567993,3.0997703813041317,0.16403683468088343,0.6866271539868373,1.7973274732638433,1.7813665065292486,1.3509860673041496,2012-07-28,6.0,0,True,False
2012-07-13,2012Q3,2,diag4,gaussian_ar1,1.7663833177069321,1.750964078046278,-0.3901087786110109,0.819652134824348,0.5773578286532466,0.575697505945138,1.1890254890536855,2012-10-28,6.0,0,True,False
2012-07-13,2012Q4,-11,diag4,gaussian_ar1,2.186593038353468,2.163029959843995,-0.22081501105229873,0.8842760517810371,0.4633651980530562,0.4622949663000891,1.723227840300412,2013-01-28,6.0,0,True,False
2012-07-20,2012Q2,16,diag4,gaussian_ar1,3.180835015704231,3.1312942601483287,0.17698815254858866,0.6812749056675641,1.7973274732638433,1.7813665065292486,1.3835075424403875,2012-07-28,9.0,0,True,False
2012-07-20,2012Q3,3,diag4,gaussian_ar1,1.842930925402153,1.8261547554337267,-0.35921732745597046,0.7897743466254726,0.5773578286532466,0.575697505945138,1.2655730967489065,2012-10-28,9.0,0,True,False
2012-07-20,2012Q4,-10,diag4,gaussian_ar1,2.1513317504915808,2.1285172395564267,-0.23499426904058962,0.8794686269726358,0.4633651980530562,0.4622949663000891,1.6879665524385246,2013-01-28,9.0,0,True,False
2012-07-27,2012Q2,17,diag4,gaussian_ar1,3.1758534227458224,3.12646612203748,0.175004553014666,0.681239569268918,1.7973274732638433,1.7813665065292486,1.378525949481979,2012-07-28,4.0,0,True,False
2012-07-27,2012Q3,4,diag4,gaussian_ar1,1.8410395511915922,1.8242975899373859,-0.3599803281258729,0.7897703213639418,0.5773578286532466,0.575697505945138,1.2636817225383457,2012-10-28,4.0,0,True,False
2012-07-27,2012Q4,-9,diag4,gaussian_ar1,2.150639956389022,2.127840012511783,-0.23527250201969527,0.8794680765271646,0.4633651980530562,0.4622949663000891,1.687274758335966,2013-01-28,4.0,0,True,False
2012-08-03,2012Q3,5,diag4,gaussian_ar1,1.8517203006127803,1.8347847073378794,-0.3536346114156399,0.7829215359633358,0.5773578286532466,0.575697505945138,1.2743624719595337,2012-10-28,12.0,3,True,True
2012-08-03,2012Q4,-8,diag4,gaussian_ar1,1.9537958158655444,1.9349542471354022,-0.31231773806455415,0.8722274989229993,0.4633651980530562,0.4622949663000891,1.4904306178124882,2013-01-28,12.0,0,True,False
2012-08-10,2012Q3,6,diag4,gaussian_ar1,2.16749804086811,2.1443418117965622,-0.2259517678516074,0.7744056255542424,0.5773578286532466,0.575697505945138,1.5901402122148633,2012-10-28,7.0,0,True,False
2012-08-10,2012Q4,-7,diag4,gaussian_ar1,2.1309545491648096,2.1085671971288953,-0.24070770290327714,0.869895586004828,0.4633651980530562,0.4622949663000891,1.6675893511117534,2013-01-28,7.0,0,True,False
2012-08-17,2012Q3,7,diag4,gaussian_ar1,2.2990941173651303,2.2730631772561187,-0.17285813913951023,0.7191025475751918,0.5773578286532466,0.575697505945138,1.7217362887118837,2012-10-28,10.0,0,True,False
2012-08-17,2012Q4,-6,diag4,gaussian_ar1,2.050527871253327,2.029787592712621,-0.27320188172146054,0.8658589987626029,0.4633651980530562,0.4622949663000891,1.5871626732002708,2013-01-28,10.0,0,True,False
2012-08-24,2012Q3,8,diag4,gaussian_ar1,2.318531928447909,2.2920623334059287,-0.1650215679622249,0.7182662549015293,0.5773578286532466,0.575697505945138,1.7411740997946623,2012-10-28,2.0,0,True,False
2012-08-24,2012Q4,-5,diag4,gaussian_ar1,2.0917590836023736,2.070182175848463,-0.256540350892158,0.8633943548864815,0.4633651980530562,0.4622949663000891,1.6283938855493174,2013-01-28,2.0,0,True,False
2012-08-31,2012Q3,9,diag4,gaussian_ar1,2.3078935254218225,2.281664455407465,-0.169310374811602,0.718211757426377,0.5773578286532466,0.575697505945138,1.7305356967685759,2012-10-28,8.0,0,True,False
2012-08-31,2012Q4,-4,diag4,gaussian_ar1,2.0863945279454787,2.064927396565539,-0.2587077867270367,0.8633226303322326,0.4633651980530562,0.4622949663000891,1.6230293298924225,2013-01-28,8.0,0,True,False
2012-09-07,2012Q3,10,diag4,gaussian_ar1,2.5511568395957918,2.5191579203831522,-0.0713515798131882,0.7124613551947518,0.5773578286532466,0.575697505945138,1.9737990109425452,2012-10-28,12.0,2,True,True
2012-09-07,2012Q4,-3,diag4,gaussian_ar1,2.4713218764603972,2.4412786871688668,-0.1034743830315962,0.8507296039526131,0.4633651980530562,0.4622949663000891,2.007956678407341,2013-01-28,12.0,0,True,False
2012-09-14,2012Q3,11,diag4,gaussian_ar1,2.595796870807021,2.5626779737969643,-0.05340088802838459,0.7116540807267789,0.5773578286532466,0.575697505945138,2.0184390421537746,2012-10-28,6.0,0,True,False
2012-09-14,2012Q4,-2,diag4,gaussian_ar1,2.601981094794459,2.568705547828841,-0.05091469798106333,0.8498777962410713,0.4633651980530562,0.4622949663000891,2.1386158967414026,2013-01-28,6.0,0,True,False
2012-09-21,2012Q3,12,diag4,gaussian_ar1,1.97129120616788,1.9521128916168282,-0.3052403216927868,0.6885575805097429,0.5773578286532466,0.575697505945138,1.3939333775146334,2012-10-28,6.0,0,True,False
2012-09-21,2012Q4,-1,diag4,gaussian_ar1,2.1149177512135076,2.0928637728161745,-0.24718488543619607,0.8357361087821947,0.4633651980530562,0.4622949663000891,1.6515525531604514,2013-01-28,6.0,0,True,False
2012-09-28,2012Q3,13,diag4,gaussian_ar1,1.9403142028656895,1.9217301152384478,-0.3177722882588441,0.6885266687343801,0.5773578286532466,0.575697505945138,1.3629563742124429,2012-10-28,4.0,0,True,False
2012-09-28,2012Q4,0,diag4,gaussian_ar1,2.110223054025928,2.0882662025367393,-0.24908124264560436,0.8357355217116755,0.4633651980530562,0.4622949663000891,1.646857855972872,2013-01-28,4.0,0,True,False
2012-10-05,2012Q3,14,diag4,gaussian_ar1,2.070092763994391,2.048957525412309,-0.2652948704373632,0.6879712400534548,0.5773578286532466,0.575697505945138,1.4927349353411445,2012-10-28,13.0,5,True,True
2012-10-05,2012Q4,1,diag4,gaussian_ar1,2.693765101684109,2.6581219285434563,-0.014033174067048178,0.8208638386771683,0.4633651980530562,0.4622949663000891,2.230399903631053,2013-01-28,13.0,0,True,False
2012-10-05,2013Q1,-12,diag4,gaussian_ar1,2.8649332593001287,2.824661411953929,0.054659272338659505,0.884868138082489,4.005025807945661,3.9269037062063,-1.1400925486455327,2013-04-28,13.0,0,True,False
2012-10-12,2012Q3,15,diag4,gaussian_ar1,2.070222908710284,2.049085030570198,-0.26524227845709897,0.6879652625191774,0.5773578286532466,0.575697505945138,1.4928650800570376,2012-10-28,4.0,0,True,False
2012-10-12,2012Q4,2,diag4,gaussian_ar1,2.696980703499796,2.6612531327302373,-0.012741648049427167,0.8208079700396953,0.4633651980530562,0.4622949663000891,2.23361550544674,2013-01-28,4.0,0,True,False
2012-10-12,2013Q1,-11,diag4,gaussian_ar1,2.866595716673559,2.8262775544885583,0.05532588173464512,0.8848551858061945,4.005025807945661,3.9269037062063,-1.1384300912721024,2013-04-28,4.0,0,True,False
2012-10-19,2012Q3,16,diag4,gaussian_ar1,1.861246231019953,1.8441370137485267,-0.3497770708869489,0.6825217690441485,0.5773578286532466,0.575697505945138,1.2838884023667063,2012-10-28,11.0,0,True,False
2012-10-19,2012Q4,3,diag4,gaussian_ar1,2.178220556061272,2.1548362966104455,-0.22162311364378584,0.7929613918933295,0.4633651980530562,0.4622949663000891,1.714855358008216,2013-01-28,11.0,0,True,False
2012-10-19,2013Q1,-10,diag4,gaussian_ar1,2.7240232645951545,2.6875820482054835,-0.001881775194255333,0.8816646443879514,4.005025807945661,3.9269037062063,-1.2810025433505068,2013-04-28,11.0,0,True,False
2012-10-26,2012Q3,17,diag4,gaussian_ar1,1.8736319635415555,1.8562956904037984,-0.3447619884127946,0.6824835211505239,0.5773578286532466,0.575697505945138,1.296274134888309,2012-10-28,4.0,0,True,False
2012-10-26,2012Q4,4,diag4,gaussian_ar1,2.1300068553226748,2.1076392725410216,-0.2410904434325243,0.7908278214434878,0.4633651980530562,0.4622949663000891,1.6666416572696185,2013-01-28,4.0,0,True,False
2012-10-26,2013Q1,-9,diag4,gaussian_ar1,2.674766531169359,2.6396199989460696,-0.021664654489850808,0.8799218039083058,4.005025807945661,3.9269037062063,-1.3302592767763022,2013-04-28,4.0,0,True,False
2012-11-02,2012Q4,5,diag4,gaussian_ar1,2.1365908592360316,2.1140857537467745,-0.23082385218659196,0.7848454161663491,0.4633651980530562,0.4622949663000891,1.6732256611829754,2013-01-28,10.0,7,True,True
2012-11-02,2013Q1,-8,diag4,gaussian_ar1,2.5224575857950127,2.491168698982288,-0.07511531302343749,0.8736771070702463,4.005025807945661,3.9269037062063,-1.4825682221506487,2013-04-28,10.0,0,True,False
2012-11-09,2012Q4,6,diag4,gaussian_ar1,2.2780486171373626,2.2524885421617866,-0.17367330673630915,0.775766611877113,0.4633651980530562,0.4622949663000891,1.8146834190843064,2013-01-28,9.0,0,True,False
2012-11-09,2013Q1,-7,diag4,gaussian_ar1,2.6039967213200566,2.57067003887058,-0.04228689250766003,0.8704696128324578,4.005025807945661,3.9269037062063,-1.4010290866256048,2013-04-28,9.0,0,True,False
2012-11-16,2012Q4,7,diag4,gaussian_ar1,2.3051864043690973,2.279018367431247,-0.1627183686009305,0.770578088759359,0.4633651980530562,0.4622949663000891,1.841821206316041,2013-01-28,8.0,0,True,False
2012-11-16,2013Q1,-6,diag4,gaussian_ar1,2.511744083530032,2.4807182451677465,-0.07943061000945727,0.8672130494465828,4.005025807945661,3.9269037062063,-1.4932817244156293,2013-04-28,8.0,0,True,False
2012-11-23,2012Q4,8,diag4,gaussian_ar1,2.2141454889174517,2.1899892075740937,-0.1994811036952537,0.7190279353686014,0.4633651980530562,0.4622949663000891,1.7507802908643955,2013-01-28,4.0,0,True,False
2012-11-23,2013Q1,-5,diag4,gaussian_ar1,2.306633359112764,2.2804327087389593,-0.16213434585027447,0.8640564510213294,4.005025807945661,3.9269037062063,-1.6983924488328972,2013-04-28,4.0,0,True,False
2012-11-30,2012Q4,9,diag4,gaussian_ar1,2.2438899812256885,2.219085146454338,-0.18746654245384378,0.7189742715413617,0.4633651980530562,0.4622949663000891,1.7805247831726323,2013-01-28,8.0,0,True,False
2012-11-30,2013Q1,-4,diag4,gaussian_ar1,2.342511053293972,2.3154953469452413,-0.14765596054197963,0.863987653394097,4.005025807945661,3.9269037062063,-1.6625147546516894,2013-04-28,8.0,0,True,False
2012-12-07,2012Q4,10,diag4,gaussian_ar1,2.2096564186793177,2.1855972823707024,-0.20129465762595913,0.7133976616995966,0.4633651980530562,0.4622949663000891,1.7462912206262615,2013-01-28,12.0,4,True,True
2012-12-07,2013Q1,-3,diag4,gaussian_ar1,2.2760946888153777,2.250578115620965,-0.17446217753942672,0.8516457200600374,4.005025807945661,3.9269037062063,-1.7289311191302836,2013-04-28,12.0,0,True,False
2012-12-14,2012Q4,11,diag4,gaussian_ar1,2.2370160153647234,2.2123618137010452,-0.19024280251691597,0.7126030728306133,0.4633651980530562,0.4622949663000891,1.7736508173116672,2013-01-28,6.0,0,True,False
2012-12-14,2013Q1,-2,diag4,gaussian_ar1,2.2166114172168516,2.192401690252167,-0.1984849192793168,0.8507925531247402,4.005025807945661,3.9269037062063,-1.7884143907288097,2013-04-28,6.0,0,True,False
2012-12-21,2012Q4,12,diag4,gaussian_ar1,2.4183476169319817,2.389568651382465,-0.11706893407833498,0.6892106240349805,0.4633651980530562,0.4622949663000891,1.9549824188789255,2013-01-28,6.0,0,True,False
2012-12-21,2013Q1,-1,diag4,gaussian_ar1,2.251909915014516,2.226928763581929,-0.1842276843189858,0.8365338656559499,4.005025807945661,3.9269037062063,-1.7531158929311452,2013-04-28,6.0,0,True,False
2012-12-28,2012Q4,13,diag4,gaussian_ar1,2.424789418408979,2.3958581483823305,-0.11447181744313838,0.6891797576166351,0.4633651980530562,0.4622949663000891,1.961424220355923,2013-01-28,4.0,0,True,False
2012-12-28,2013Q1,0,diag4,gaussian_ar1,2.252924990738614,2.227921479206064,-0.18381776310246928,0.8365332560496294,4.005025807945661,3.9269037062063,-1.7521008172070474,2013-04-28,4.0,0,True,False
2013-01-04,2012Q4,14,diag4,gaussian_ar1,2.5318407514553387,2.5003205828910526,-0.07133623340175234,0.6888752066693599,0.4633651980530562,0.4622949663000891,2.0684755534022825,2013-01-28,12.0,12,False,True
2013-01-04,2013Q1,1,diag4,gaussian_ar1,2.6607437101838993,2.6259615518603425,-0.01945541517744185,0.8287174389874278,4.005025807945661,3.9269037062063,-1.344282097761762,2013-04-28,12.0,0,True,False
2013-01-04,2013Q2,-12,diag4,gaussian_ar1,2.724823213028227,2.6883607806703065,0.0063110451880318075,0.8872279314260704,1.0748507650766292,1.0691153060548295,1.6499724479515976,2013-07-28,12.0,0,True,False
2013-01-11,2012Q4,15,diag4,gaussian_ar1,2.623014628678222,2.5892035713598047,-0.03463385673425031,0.6882260662080405,0.4633651980530562,0.4622949663000891,2.1596494306251657,2013-01-28,5.0,0,True,False
2013-01-11,2013Q1,2,diag4,gaussian_ar1,2.980534881899133,2.936980265311264,0.10897327706585241,0.8216832000582596,4.005025807945661,3.9269037062063,-1.0244909260465285,2013-04-28,5.0,0,True,False
2013-01-11,2013Q2,-11,diag4,gaussian_ar1,2.896049603858186,2.8549065481913964,0.07508264701244904,0.8853547185302477,1.0748507650766292,1.0691153060548295,1.821198838781557,2013-07-28,5.0,0,True,False
2013-01-18,2012Q4,16,diag4,gaussian_ar1,2.572676356005199,2.5401398961517416,-0.05489367831767284,0.6827350231790342,0.4633651980530562,0.4622949663000891,2.109311157952143,2013-01-28,11.0,0,True,False
2013-01-18,2013Q1,3,diag4,gaussian_ar1,2.6406600793709156,2.6063965313526163,-0.027534382419125127,0.7935675120498856,4.005025807945661,3.9269037062063,-1.3643657285747457,2013-04-28,11.0,0,True,False
2013-01-18,2013Q2,-10,diag4,gaussian_ar1,2.6929955805995,2.6573725899959784,-0.006484881973816642,0.8822419438519874,1.0748507650766292,1.0691153060548295,1.6181448155228706,2013-07-28,11.0,0,True,False
2013-01-25,2012Q4,17,diag4,gaussian_ar1,2.5700415016988165,2.5375710949444374,-0.055954411210644296,0.6827324697385996,0.4633651980530562,0.4622949663000891,2.1066763036457603,2013-01-28,0.0,0,True,False
2013-01-25,2013Q1,4,diag4,gaussian_ar1,2.5577871482195036,2.5256230783593137,-0.06088809551504798,0.7914508403113479,4.005025807945661,3.9269037062063,-1.4472386597261577,2013-04-28,0.0,0,True,False
2013-01-25,2013Q2,-9,diag4,gaussian_ar1,2.613173729682594,2.5796137430923087,-0.03859377634669705,0.8804762901812407,1.0748507650766292,1.0691153060548295,1.5383229646059648,2013-07-28,0.0,0,True,False
2013-02-01,2013Q1,5,diag4,gaussian_ar1,3.0879078416311767,3.04119124301375,0.16028160759491192,0.7864371312651167,4.005025807945661,3.9269037062063,-0.9171179663144846,2013-04-28,13.0,4,True,True
2013-02-01,2013Q2,-8,diag4,gaussian_ar1,2.7665293783034173,2.728952431191762,0.031247891472319347,0.8743700028355317,1.0748507650766292,1.0691153060548295,1.691678613226788,2013-07-28,13.0,0,True,False
2013-02-08,2013Q1,6,diag4,gaussian_ar1,3.1246152325688836,3.076792758167331,0.17499405084645853,0.7772720909667608,4.005025807945661,3.9269037062063,-0.8804105753767777,2013-04-28,10.0,0,True,False
2013-02-08,2013Q2,-7,diag4,gaussian_ar1,2.780123342311369,2.742179563667868,0.03671404747989113,0.8710717935064634,1.0748507650766292,1.0691153060548295,1.70527257723474,2013-07-28,10.0,0,True,False
2013-02-15,2013Q1,7,diag4,gaussian_ar1,3.3255787526615954,3.2714775677943075,0.25544818885768705,0.7732761695107121,4.005025807945661,3.9269037062063,-0.6794470552840659,2013-04-28,6.0,0,True,False
2013-02-15,2013Q2,-6,diag4,gaussian_ar1,3.01298906784766,2.968490174549941,0.1302376518956553,0.8680807189889189,1.0748507650766292,1.0691153060548295,1.9381383027710308,2013-07-28,6.0,0,True,False
2013-02-22,2013Q1,8,diag4,gaussian_ar1,2.767152591055533,2.72955886488785,0.03149850219214504,0.7210403956110886,4.005025807945661,3.9269037062063,-1.2378732168901285,2013-04-28,6.0,0,True,False
2013-02-22,2013Q2,-5,diag4,gaussian_ar1,2.7598805089526834,2.72248234361841,0.028574106498707078,0.8649499960141868,1.0748507650766292,1.0691153060548295,1.6850297438760542,2013-07-28,6.0,0,True,False
2013-03-01,2013Q1,9,diag4,gaussian_ar1,2.8343407186372405,2.794916493270604,0.05850775712101066,0.7195739273983119,4.005025807945661,3.9269037062063,-1.1706850893084209,2013-04-28,7.0,4,True,True
2013-03-01,2013Q2,-4,diag4,gaussian_ar1,2.8965146267251773,2.8553584817865048,0.08348560770446747,0.8591328329358742,1.0748507650766292,1.0691153060548295,1.821663861648548,2013-07-28,7.0,0,True,False
2013-03-08,2013Q1,10,diag4,gaussian_ar1,3.0205104055313736,2.9757912568557554,0.13325484817608854,0.7160325726202276,4.005025807945661,3.9269037062063,-0.9845154024142877,2013-04-28,12.0,0,True,False
2013-03-08,2013Q2,-3,diag4,gaussian_ar1,3.184404151963305,3.1347533080711485,0.19894643876056042,0.8530676569689015,1.0748507650766292,1.0691153060548295,2.1095533868866756,2013-07-28,12.0,0,True,False
2013-03-15,2013Q1,11,diag4,gaussian_ar1,3.073813915693613,3.0275185535936373,0.15463132371453053,0.7152365006932733,4.005025807945661,3.9269037062063,-0.9312118922520485,2013-04-28,6.0,0,True,False
2013-03-15,2013Q2,-2,diag4,gaussian_ar1,3.243405168158753,3.1919171349764537,0.22256957827463658,0.8522689013167801,1.0748507650766292,1.0691153060548295,2.1685544030821235,2013-07-28,6.0,0,True,False
2013-03-22,2013Q1,12,diag4,gaussian_ar1,3.013650957327463,2.969132702603332,0.1305031787273721,0.6920103860610066,4.005025807945661,3.9269037062063,-0.9913748506181985,2013-04-28,7.0,0,True,False
2013-03-22,2013Q2,-1,diag4,gaussian_ar1,3.16932001096486,3.1201336145458716,0.19290480231846635,0.8383191007048897,1.0748507650766292,1.0691153060548295,2.094469245888231,2013-07-28,7.0,0,True,False
2013-03-29,2013Q1,13,diag4,gaussian_ar1,3.024258749751718,2.9794296352879046,0.13475842003194138,0.6919802709988407,4.005025807945661,3.9269037062063,-0.9807670581939432,2013-04-28,4.0,0,True,False
2013-03-29,2013Q2,0,diag4,gaussian_ar1,3.170997002930709,3.121759076782386,0.19357652993480762,0.8383184743112473,1.0748507650766292,1.0691153060548295,2.0961462378540796,2013-07-28,4.0,0,True,False
2013-04-05,2013Q1,14,diag4,gaussian_ar1,2.9208863610358238,2.879041352435516,0.09327263190706664,0.6911148097367987,4.005025807945661,3.9269037062063,-1.0841394469098375,2013-04-28,13.0,4,True,True
2013-04-05,2013Q2,1,diag4,gaussian_ar1,2.727540373770898,2.6910058324919564,0.015566334730936012,0.8234587561047778,1.0748507650766292,1.0691153060548295,1.6526896086942688,2013-07-28,13.0,0,True,False
2013-04-05,2013Q3,-12,diag4,gaussian_ar1,2.9038069736241567,2.8624452995769967,0.08641425846910157,0.8862493927966107,3.4493139225505898,3.3911586209990983,-0.545506948926433,2013-10-28,13.0,0,True,False
2013-04-12,2013Q1,15,diag4,gaussian_ar1,2.9149182245586935,2.8732424230502174,0.09087620526250151,0.6911089259400947,4.005025807945661,3.9269037062063,-1.0901075833869678,2013-04-28,4.0,0,True,False
2013-04-12,2013Q2,2,diag4,gaussian_ar1,2.7187682918642597,2.6824662953555083,0.01203734291773694,0.8234052470655107,1.0748507650766292,1.0691153060548295,1.6439175267876305,2013-07-28,4.0,0,True,False
2013-04-12,2013Q3,-11,diag4,gaussian_ar1,2.8992893192549163,2.858055030964565,0.08459996552283766,0.886236612101619,3.4493139225505898,3.3911586209990983,-0.5500246032956735,2013-10-28,4.0,0,True,False
2013-04-19,2013Q1,16,diag4,gaussian_ar1,3.0363476082813756,2.9911629391514523,0.13960724645129213,0.6856554492828714,4.005025807945661,3.9269037062063,-0.9686781996642857,2013-04-28,11.0,0,True,False
2013-04-19,2013Q2,3,diag4,gaussian_ar1,2.663920392932906,2.6290558540116535,-0.010034697665976226,0.7935223088781718,1.0748507650766292,1.0691153060548295,1.5890696278562766,2013-07-28,11.0,0,True,False
2013-04-19,2013Q3,-10,diag4,gaussian_ar1,2.7115622801449746,2.675450766828464,0.009138152675735063,0.8815473632029303,3.4493139225505898,3.3911586209990983,-0.7377516424056152,2013-10-28,11.0,0,True,False
2013-04-26,2013Q1,17,diag4,gaussian_ar1,3.0141254658769157,2.9695933284060194,0.13069353385560195,0.6856208166384904,4.005025807945661,3.9269037062063,-0.9909003420687457,2013-04-28,4.0,0,True,False
2013-04-26,2013Q2,4,diag4,gaussian_ar1,2.655467761502983,2.6208222122589926,-0.01343727720555537,0.7935181735071927,1.0748507650766292,1.0691153060548295,1.580616996426354,2013-07-28,4.0,0,True,False
2013-04-26,2013Q3,-9,diag4,gaussian_ar1,2.7084630498561024,2.6724333100015394,0.007891178715817656,0.8815468306229456,3.4493139225505898,3.3911586209990983,-0.7408508726944874,2013-10-28,4.0,0,True,False
2013-05-03,2013Q2,5,diag4,gaussian_ar1,2.3812135715663763,2.3533048571076534,-0.12906594887022158,0.7866116812913392,1.0748507650766292,1.0691153060548295,1.306362806489747,2013-07-28,11.0,2,True,True
2013-05-03,2013Q3,-8,diag4,gaussian_ar1,2.618471913353315,2.58477686855016,-0.033098068872457614,0.8746517946974711,3.4493139225505898,3.3911586209990983,-0.8308420091972746,2013-10-28,11.0,0,True,False
2013-05-10,2013Q2,6,diag4,gaussian_ar1,2.566631375050976,2.534246358708512,-0.054047927451422825,0.7784640311514242,1.0748507650766292,1.0691153060548295,1.491780609974347,2013-07-28,8.0,0,True,False
2013-05-10,2013Q3,-7,diag4,gaussian_ar1,2.732377937831343,2.695714842503333,0.012896615777256813,0.8723195377505547,3.4493139225505898,3.3911586209990983,-0.7169359847192469,2013-10-28,8.0,0,True,False
2013-05-17,2013Q2,7,diag4,gaussian_ar1,2.2386560229036068,2.2139659238844915,-0.18683562019784222,0.7230069520533698,1.0748507650766292,1.0691153060548295,1.1638052578269775,2013-07-28,10.0,0,True,False
2013-05-17,2013Q3,-6,diag4,gaussian_ar1,2.5337154456467337,2.5021489681413303,-0.06735544790280021,0.8686223312290298,3.4493139225505898,3.3911586209990983,-0.9155984769038561,2013-10-28,10.0,0,True,False
2013-05-24,2013Q2,8,diag4,gaussian_ar1,2.2075391070543127,2.183525723156085,-0.1994560727199698,0.7221832466041964,1.0748507650766292,1.0691153060548295,1.1326883419776834,2013-07-28,2.0,0,True,False
2013-05-24,2013Q3,-5,diag4,gaussian_ar1,2.481071414498026,2.4507926410080247,-0.08864768884692464,0.8661604220878351,3.4493139225505898,3.3911586209990983,-0.9682425080525636,2013-10-28,2.0,0,True,False
2013-05-31,2013Q2,9,diag4,gaussian_ar1,2.2108851885010328,2.1867994803612443,-0.19809877886552668,0.7221277510029293,1.0748507650766292,1.0691153060548295,1.1360344234244035,2013-07-28,8.0,0,True,False
2013-05-31,2013Q3,-4,diag4,gaussian_ar1,2.4832220348650624,2.4528911727385334,-0.08777764136243657,0.8660900887551362,3.4493139225505898,3.3911586209990983,-0.9660918876855273,2013-10-28,8.0,0,True,False
2013-06-07,2013Q2,10,diag4,gaussian_ar1,2.349821113575601,2.3226378326527857,-0.14178044210174667,0.7162904350541657,1.0748507650766292,1.0691153060548295,1.2749703484989716,2013-07-28,12.0,11,False,True
2013-06-07,2013Q3,-3,diag4,gaussian_ar1,2.645466790923523,2.611079469870449,-0.022193057629828424,0.853739977738853,3.4493139225505898,3.3911586209990983,-0.8038471316270668,2013-10-28,12.0,0,True,False
2013-06-14,2013Q2,11,diag4,gaussian_ar1,2.3714989581685497,2.3438157389562244,-0.13300012020422375,0.7154906768038849,1.0748507650766292,1.0691153060548295,1.2966481930919205,2013-07-28,6.0,0,True,False
2013-06-14,2013Q3,-2,diag4,gaussian_ar1,2.616828222069656,2.5831751058099295,-0.03376215682625123,0.8529283804239539,3.4493139225505898,3.3911586209990983,-0.8324857004809338,2013-10-28,6.0,0,True,False
2013-06-21,2013Q2,12,diag4,gaussian_ar1,2.3392632080211806,2.3123217910340883,-0.14605745441932858,0.6922122143902217,1.0748507650766292,1.0691153060548295,1.2644124429445514,2013-07-28,6.0,0,True,False
2013-06-21,2013Q3,-1,diag4,gaussian_ar1,2.79307530671431,2.7547803934503534,0.03738508706136884,0.838975495656838,3.4493139225505898,3.3911586209990983,-0.6562386158362798,2013-10-28,6.0,0,True,False
2013-06-28,2013Q2,13,diag4,gaussian_ar1,2.362345213975625,2.3348736471042013,-0.13670749541747756,0.6921820169676919,1.0748507650766292,1.0691153060548295,1.287494448898996,2013-07-28,4.0,0,True,False
2013-06-28,2013Q3,0,diag4,gaussian_ar1,2.7966145866469505,2.7582234454193646,0.03881257022068883,0.8389748826580893,3.4493139225505898,3.3911586209990983,-0.6526993359036393,2013-10-28,4.0,0,True,False
2013-07-05,2013Q2,14,diag4,gaussian_ar1,2.424527682392519,2.395602608339357,-0.1115293772169889,0.69106569320219,1.0748507650766292,1.0691153060548295,1.3496769173158896,2013-07-28,13.0,2,True,True
2013-07-05,2013Q3,1,diag4,gaussian_ar1,3.0130562750016576,2.9685554159652945,0.12601582725057225,0.8236754222896323,3.4493139225505898,3.3911586209990983,-0.43625764754893215,2013-10-28,13.0,0,True,False
2013-07-05,2013Q4,-12,diag4,gaussian_ar1,2.646577036267761,2.612161095172182,-0.02174461772336888,0.8869219915908705,3.532828598657445,3.4718560953045587,-0.8862515623896838,2014-01-28,13.0,0,True,False
2013-07-12,2013Q2,15,diag4,gaussian_ar1,2.4153385001584926,2.386630544051835,-0.1152491789481412,0.6910599337059813,1.0748507650766292,1.0691153060548295,1.3404877350818634,2013-07-28,4.0,0,True,False
2013-07-12,2013Q3,2,diag4,gaussian_ar1,2.9944563361313348,2.9504978813782197,0.11852920585946608,0.8236214203793144,3.4493139225505898,3.3911586209990983,-0.454857586419255,2013-10-28,4.0,0,True,False
2013-07-12,2013Q4,-11,diag4,gaussian_ar1,2.637025773871393,2.6028556637860385,-0.0256026328545619,0.8869091549200557,3.532828598657445,3.4718560953045587,-0.8958028247860517,2014-01-28,4.0,0,True,False
2013-07-19,2013Q2,16,diag4,gaussian_ar1,2.369172650716145,2.3415432960319853,-0.13394227095712072,0.6855986395587342,1.0748507650766292,1.0691153060548295,1.2943218856395156,2013-07-28,11.0,0,True,False
2013-07-19,2013Q3,3,diag4,gaussian_ar1,2.9049209021432043,2.8635277886731076,0.08247156170583723,0.7958124432363922,3.4493139225505898,3.3911586209990983,-0.5443930204073855,2013-10-28,11.0,0,True,False
2013-07-19,2013Q4,-10,diag4,gaussian_ar1,2.600750114415473,2.5675057778533237,-0.04025863203988046,0.8839365100118812,3.532828598657445,3.4718560953045587,-0.9320784842419716,2014-01-28,11.0,0,True,False
2013-07-26,2013Q2,17,diag4,gaussian_ar1,2.3856770905653413,2.357664467184514,-0.12725846236640675,0.685562143545242,1.0748507650766292,1.0691153060548295,1.310826325488712,2013-07-28,4.0,0,True,False
2013-07-26,2013Q3,4,diag4,gaussian_ar1,3.0045417267450913,2.9602895703831678,0.12258882252562918,0.7937490265106331,3.4493139225505898,3.3911586209990983,-0.4447721958054984,2013-10-28,4.0,0,True,False
2013-07-26,2013Q4,-9,diag4,gaussian_ar1,2.6929277492460546,2.6573065374132487,-0.0030273984948456134,0.8822342794950403,3.532828598657445,3.4718560953045587,-0.8399008494113902,2014-01-28,4.0,0,True,False
2013-08-02,2013Q3,5,diag4,gaussian_ar1,3.622401263151409,3.558334887209576,0.37728639333224967,0.7878397758951761,3.4493139225505898,3.3911586209990983,0.17308734060081932,2013-10-28,10.0,11,False,True
2013-08-02,2013Q4,-8,diag4,gaussian_ar1,3.027503598979542,2.982579182946322,0.13797874479175465,0.876449466228257,3.532828598657445,3.4718560953045587,-0.505324999677903,2014-01-28,10.0,0,True,False
2013-08-09,2013Q3,6,diag4,gaussian_ar1,3.5459956941594983,3.4845730841755924,0.34662796736188567,0.7785743692111132,3.4493139225505898,3.3911586209990983,0.09668177160890856,2013-10-28,9.0,0,True,False
2013-08-09,2013Q4,-7,diag4,gaussian_ar1,3.0158871842286272,2.9713034854157536,0.13329210314545611,0.8730112390624362,3.532828598657445,3.4718560953045587,-0.5169414144288176,2014-01-28,9.0,0,True,False
2013-08-16,2013Q3,7,diag4,gaussian_ar1,3.614879592807463,3.5510758937348696,0.3742692583801512,0.7759801001935108,3.4493139225505898,3.3911586209990983,0.16556567025687308,2013-10-28,8.0,0,True,False
2013-08-16,2013Q4,-6,diag4,gaussian_ar1,2.996784504565375,2.9527583351962035,0.12558397926928924,0.8723373657533943,3.532828598657445,3.4718560953045587,-0.5360440940920697,2014-01-28,8.0,0,True,False
2013-08-23,2013Q3,8,diag4,gaussian_ar1,2.436398143779561,2.407191408255655,-0.10117597715124002,0.7224235693291196,3.4493139225505898,3.3911586209990983,-1.0129157787710286,2013-10-28,4.0,0,True,False
2013-08-23,2013Q4,-5,diag4,gaussian_ar1,2.77838297633648,2.7404862589186676,0.03735501158621961,0.866921933833239,3.532828598657445,3.4718560953045587,-0.754445622320965,2014-01-28,4.0,0,True,False
2013-08-30,2013Q3,9,diag4,gaussian_ar1,2.391984242397749,2.363824467052988,-0.11920105384046556,0.7223683200764506,3.4493139225505898,3.3911586209990983,-1.057329680152841,2013-10-28,8.0,0,True,False
2013-08-30,2013Q4,-4,diag4,gaussian_ar1,2.7514006502579846,2.7142298928023876,0.026441790600340537,0.8668513270367503,3.532828598657445,3.4718560953045587,-0.7814279483994602,2014-01-28,8.0,0,True,False
2013-09-06,2013Q3,10,diag4,gaussian_ar1,2.7183937633899813,2.6821016792650982,0.013087989367482603,0.7170846415238561,3.4493139225505898,3.3911586209990983,-0.7309201591606085,2013-10-28,10.0,5,True,True
2013-09-06,2013Q4,-3,diag4,gaussian_ar1,3.333904094740925,3.279534630522935,0.261405589466761,0.853932165150221,3.532828598657445,3.4718560953045587,-0.19892450391651995,2014-01-28,10.0,0,True,False
2013-09-13,2013Q3,11,diag4,gaussian_ar1,2.7334285060414576,2.696737463472051,0.01917122063584465,0.7169901170840937,3.4493139225505898,3.3911586209990983,-0.7158854165091322,2013-10-28,6.0,0,True,False
2013-09-13,2013Q4,-2,diag4,gaussian_ar1,3.306610491169204,3.2531181228161525,0.25042580707788953,0.8534538767239829,3.532828598657445,3.4718560953045587,-0.22621810748824078,2014-01-28,6.0,0,True,False
2013-09-20,2013Q3,12,diag4,gaussian_ar1,2.781254953444079,2.743280559528193,0.03851643734931544,0.6929243214670688,3.4493139225505898,3.3911586209990983,-0.6680589691065109,2013-10-28,8.0,0,True,False
2013-09-20,2013Q4,-1,diag4,gaussian_ar1,3.437546482288556,3.3797828958789022,0.30307287382879494,0.8392481907231972,3.532828598657445,3.4718560953045587,-0.09528211636888884,2014-01-28,8.0,0,True,False
2013-09-27,2013Q3,13,diag4,gaussian_ar1,2.7702741253605723,2.7325963012858265,0.03407562209130283,0.692894276189993,3.4493139225505898,3.3911586209990983,-0.6790397971900175,2013-10-28,4.0,0,True,False
2013-09-27,2013Q4,0,diag4,gaussian_ar1,3.4358508516079356,3.378143602762906,0.3023915164788757,0.8392476153589342,3.532828598657445,3.4718560953045587,-0.09697774704950923,2014-01-28,4.0,0,True,False
2013-10-04,2013Q3,14,diag4,gaussian_ar1,2.739055819838776,2.7022149013072814,0.021447868107454183,0.6923816902629333,3.4493139225505898,3.3911586209990983,-0.7102581027118138,2013-10-28,9.0,12,False,True
2013-10-04,2013Q4,1,diag4,gaussian_ar1,3.2819129324340057,3.2292082187773774,0.2404878718217031,0.8314309123777607,3.532828598657445,3.4718560953045587,-0.2509156662234391,2014-01-28,9.0,0,True,False
2013-10-04,2014Q1,-12,diag4,gaussian_ar1,3.485192757932909,3.4258351341794118,0.32221406995784335,0.8895396998397138,-1.3732548917761767,-1.3827712598634003,4.858447649709086,2014-04-28,9.0,0,True,False
2013-10-11,2013Q3,15,diag4,gaussian_ar1,2.697536033985526,2.6617938779210504,0.004647235501413095,0.691714228147754,3.4493139225505898,3.3911586209990983,-0.7517778885650639,2013-10-28,7.0,0,True,False
2013-10-11,2013Q4,2,diag4,gaussian_ar1,3.1612288240234543,3.112290678062397,0.19189215399474344,0.8243869223990176,3.532828598657445,3.4718560953045587,-0.3715997746339905,2014-01-28,7.0,0,True,False
2013-10-11,2014Q1,-11,diag4,gaussian_ar1,3.4186383147876587,3.361501433739292,0.295474349516977,0.8875677881734636,-1.3732548917761767,-1.3827712598634003,4.791893206563835,2014-04-28,7.0,0,True,False
2013-10-18,2013Q3,16,diag4,gaussian_ar1,2.7938514110927404,2.7555354068072995,0.04361005372839859,0.6862092554776228,3.4493139225505898,3.3911586209990983,-0.6554625114578494,2013-10-28,12.0,0,True,False
2013-10-18,2013Q4,3,diag4,gaussian_ar1,3.2343662169258103,3.18316176031498,0.22134907803006482,0.7965531767312302,3.532828598657445,3.4718560953045587,-0.29846238173163453,2014-01-28,12.0,0,True,False
2013-10-18,2014Q1,-10,diag4,gaussian_ar1,3.3280017081100954,3.2738225118724156,0.25903139903787187,0.8846410427209664,-1.3732548917761767,-1.3827712598634003,4.701256599886272,2014-04-28,12.0,0,True,False
2013-10-25,2013Q3,17,diag4,gaussian_ar1,2.792374109621232,2.7540982468343564,0.04301271119031366,0.6862070434234417,3.4493139225505898,3.3911586209990983,-0.656939812929358,2013-10-28,0.0,0,True,False
2013-10-25,2013Q4,4,diag4,gaussian_ar1,3.187397942509529,3.1376546642797423,0.2024344653506569,0.7945385907386577,3.532828598657445,3.4718560953045587,-0.3454306561479159,2014-01-28,0.0,0,True,False
2013-10-25,2014Q1,-9,diag4,gaussian_ar1,3.2822237439241286,3.2295091533879283,0.24061295256946158,0.8829226672582651,-1.3732548917761767,-1.3827712598634003,4.655478635700305,2014-04-28,0.0,0,True,False
2013-11-01,2013Q4,5,diag4,gaussian_ar1,3.199239991309999,3.1491302606962717,0.20534534161195656,0.7883581975591186,3.532828598657445,3.4718560953045587,-0.3335886073474459,2014-01-28,13.0,11,False,True
2013-11-01,2014Q1,-8,diag4,gaussian_ar1,3.4136268866799657,3.3566555475292437,0.2919461914919685,0.8761667413053005,-1.3732548917761767,-1.3827712598634003,4.786881778456142,2014-04-28,13.0,0,True,False
2013-11-08,2013Q4,6,diag4,gaussian_ar1,3.33228135560113,3.2779642341503563,0.25910809874295876,0.7792102019160195,3.532828598657445,3.4718560953045587,-0.20054724305631488,2014-01-28,10.0,0,True,False
2013-11-08,2014Q1,-7,diag4,gaussian_ar1,3.5013254699615137,3.4414233108388412,0.32732000283355833,0.8727744620359801,-1.3732548917761767,-1.3827712598634003,4.87458036173769,2014-04-28,10.0,0,True,False
2013-11-15,2013Q4,7,diag4,gaussian_ar1,3.32628879448873,3.272164754254855,0.25668796047702935,0.7776820145048752,3.532828598657445,3.4718560953045587,-0.20653980416871498,2014-01-28,6.0,0,True,False
2013-11-15,2014Q1,-6,diag4,gaussian_ar1,3.4442564140336085,3.3862696256477474,0.30430422444599425,0.87212424760543,-1.3732548917761767,-1.3827712598634003,4.817511305809785,2014-04-28,6.0,0,True,False
2013-11-22,2013Q4,8,diag4,gaussian_ar1,2.6478071873115905,2.6133595215670344,-0.018233201791180827,0.7227158192219152,3.532828598657445,3.4718560953045587,-0.8850214113458543,2014-01-28,6.0,0,True,False
2013-11-22,2014Q1,-5,diag4,gaussian_ar1,3.163211992972381,3.1142130571476296,0.1907743004203376,0.866774761968541,-1.3732548917761767,-1.3827712598634003,4.536466884748558,2014-04-28,6.0,0,True,False
2013-11-29,2013Q4,9,diag4,gaussian_ar1,2.6515318805935495,2.6169880702991204,-0.01671899882909745,0.7226977203944833,3.532828598657445,3.4718560953045587,-0.8812967180638953,2014-01-28,4.0,0,True,False
2013-11-29,2014Q1,-4,diag4,gaussian_ar1,3.1633461783673766,3.114343128037379,0.19082857934590297,0.8667747424996672,-1.3732548917761767,-1.3827712598634003,4.536601070143553,2014-04-28,4.0,0,True,False
2013-12-06,2013Q4,10,diag4,gaussian_ar1,2.9621216526629635,2.919098365956286,0.10935242485465688,0.7170621841727538,3.532828598657445,3.4718560953045587,-0.5707069459944814,2014-01-28,13.0,3,True,True
2013-12-06,2014Q1,-3,diag4,gaussian_ar1,3.6526928923835245,3.5875633187017177,0.3883046137960906,0.8540352777258257,-1.3732548917761767,-1.3827712598634003,5.025947784159701,2014-04-28,13.0,0,True,False
2013-12-13,2013Q4,11,diag4,gaussian_ar1,2.97607265000166,2.9326470885788947,0.11500634256180743,0.7169691708945234,3.532828598657445,3.4718560953045587,-0.5567559486557849,2014-01-28,6.0,0,True,False
2013-12-13,2014Q1,-2,diag4,gaussian_ar1,3.6269265086351643,3.56270184514678,0.3779298552691457,0.8535543038246928,-1.3732548917761767,-1.3827712598634003,5.000181400411341,2014-04-28,6.0,0,True,False
2013-12-20,2013Q4,12,diag4,gaussian_ar1,2.7534682762644813,2.716242133210484,0.02469998356742557,0.6928722134309238,3.532828598657445,3.4718560953045587,-0.7793603223929635,2014-01-28,9.0,0,True,False
2013-12-20,2014Q1,-1,diag4,gaussian_ar1,3.379962916303736,3.3240975067256846,0.2783596351399917,0.8394827491557838,-1.3732548917761767,-1.3827712598634003,4.753217808079913,2014-04-28,9.0,0,True,False
2013-12-27,2013Q4,13,diag4,gaussian_ar1,2.7800725441124774,2.7421301395089985,0.03550311691741045,0.6928420900560404,3.532828598657445,3.4718560953045587,-0.7527560545449674,2014-01-28,4.0,0,True,False
2013-12-27,2014Q1,0,diag4,gaussian_ar1,3.383989498473472,3.327992365692351,0.27998497006579093,0.8394821864464457,-1.3732548917761767,-1.3827712598634003,4.757244390249649,2014-04-28,4.0,0,True,False
2014-01-03,2013Q4,14,diag4,gaussian_ar1,2.8204028047972063,2.7813618204023207,0.0518746008913979,0.6925923007501307,3.532828598657445,3.4718560953045587,-0.7124257938602385,2014-01-28,8.0,12,False,True
2014-01-03,2014Q1,1,diag4,gaussian_ar1,3.525060266571378,3.4643525588469273,0.3368884385404224,0.8328384311956253,-1.3732548917761767,-1.3827712598634003,4.898315158347555,2014-04-28,8.0,0,True,False
2014-01-03,2014Q2,-12,diag4,gaussian_ar1,3.1628551341147837,3.113867139772701,0.19062994818686116,0.8905660094881952,5.268365026582655,5.134276091659679,-2.1055098924678717,2014-07-28,8.0,0,True,False
2014-01-10,2013Q4,15,diag4,gaussian_ar1,2.6903932902155203,2.654838509320387,-0.0009239107335851271,0.6918587954309171,3.532828598657445,3.4718560953045587,-0.8424353084419245,2014-01-28,8.0,0,True,False
2014-01-10,2014Q1,2,diag4,gaussian_ar1,3.0410642356696105,2.995740468873762,0.1413353766700027,0.8245949991579808,-1.3732548917761767,-1.3827712598634003,4.414319127445787,2014-04-28,8.0,0,True,False
2014-01-10,2014Q2,-11,diag4,gaussian_ar1,2.8532838667028493,2.8133358300268854,0.06521743949105026,0.8876411526401333,5.268365026582655,5.134276091659679,-2.415081159879806,2014-07-28,8.0,0,True,False
2014-01-17,2013Q4,16,diag4,gaussian_ar1,2.74995122818118,2.71281927232365,0.023271614686001335,0.6863587460360413,3.532828598657445,3.4718560953045587,-0.7828773704762648,2014-01-28,10.0,0,True,False
2014-01-17,2014Q1,3,diag4,gaussian_ar1,3.3197466207158355,3.265832986251727,0.2540456969790138,0.7970242720417802,-1.3732548917761767,-1.3827712598634003,4.693001512492012,2014-04-28,10.0,0,True,False
2014-01-17,2014Q2,-10,diag4,gaussian_ar1,3.008772592302855,2.9643969413774647,0.12825563992639508,0.8848713976444949,5.268365026582655,5.134276091659679,-2.2595924342798,2014-07-28,10.0,0,True,False
2014-01-24,2013Q4,17,diag4,gaussian_ar1,2.7533774715757575,2.716153761761455,0.024663105928522853,0.6863563276300495,3.532828598657445,3.4718560953045587,-0.7794511270816873,2014-01-28,2.0,0,True,False
2014-01-24,2014Q1,4,diag4,gaussian_ar1,3.4523198223274987,3.394064252745651,0.3075569429049234,0.7948010679899457,-1.3732548917761767,-1.3827712598634003,4.825574714103675,2014-04-28,2.0,0,True,False
2014-01-24,2014Q2,-9,diag4,gaussian_ar1,3.132738648720168,3.0846697293420413,0.17844579175860986,0.883122440288687,5.268365026582655,5.134276091659679,-2.1356263778624873,2014-07-28,2.0,0,True,False
2014-01-31,2014Q1,5,diag4,gaussian_ar1,3.38634570478773,3.330271422126689,0.27908121901858185,0.7939181069107561,-1.3732548917761767,-1.3827712598634003,4.7596005965639065,2014-04-28,10.0,0,True,False
2014-01-31,2014Q2,-8,diag4,gaussian_ar1,3.213886154544543,3.1633213768647006,0.20914277681938823,0.8796837095241407,5.268365026582655,5.134276091659679,-2.0544788720381124,2014-07-28,10.0,0,True,False
2014-02-07,2014Q1,6,diag4,gaussian_ar1,2.9376842208186815,2.8953611585749215,0.09688931675512902,0.7796002413083587,-1.3732548917761767,-1.3827712598634003,4.310939112594858,2014-04-28,13.0,3,True,True
2014-02-07,2014Q2,-7,diag4,gaussian_ar1,2.7440053434630407,2.70703235302054,0.01799491896662361,0.8729306271911572,5.268365026582655,5.134276091659679,-2.5243596831196147,2014-07-28,13.0,0,True,False
2014-02-14,2014Q1,7,diag4,gaussian_ar1,2.720041154131869,2.6837054597286536,0.008222854660674414,0.7758453026961364,-1.3732548917761767,-1.3827712598634003,4.093296045908046,2014-04-28,6.0,0,True,False
2014-02-14,2014Q2,-6,diag4,gaussian_ar1,2.6810678778282693,2.64575700175295,-0.007674451809158678,0.8700864772033059,5.268365026582655,5.134276091659679,-2.587297148754386,2014-07-28,6.0,0,True,False
2014-02-21,2014Q1,8,diag4,gaussian_ar1,2.1469521444782202,2.124229777194486,-0.22615179090091672,0.7230188031653135,-1.3732548917761767,-1.3827712598634003,3.520207036254397,2014-04-28,6.0,0,True,False
2014-02-21,2014Q2,-5,diag4,gaussian_ar1,2.4681790471393406,2.4382116070723967,-0.09461903194866185,0.8670428914458425,5.268365026582655,5.134276091659679,-2.800185979443315,2014-07-28,6.0,0,True,False
2014-02-28,2014Q1,9,diag4,gaussian_ar1,2.1276288498306206,2.1053108352378587,-0.23407728338237765,0.7230006348779388,-1.3732548917761767,-1.3827712598634003,3.5008837416067973,2014-04-28,4.0,0,True,False
2014-02-28,2014Q2,-4,diag4,gaussian_ar1,2.4674415227883717,2.437491845081852,-0.09492055347442065,0.8670428680955303,5.268365026582655,5.134276091659679,-2.8009235037942837,2014-07-28,4.0,0,True,False
2014-03-07,2014Q1,10,diag4,gaussian_ar1,2.244192201469297,2.219380733600916,-0.18629130656030982,0.7176315036986394,-1.3732548917761767,-1.3827712598634003,3.617447093245474,2014-04-28,15.0,4,True,True
2014-03-07,2014Q2,-3,diag4,gaussian_ar1,2.668728058266301,2.6337386605409963,-0.012709155818153526,0.8551249064327517,5.268365026582655,5.134276091659679,-2.5996369683163545,2014-07-28,15.0,0,True,False
2014-03-14,2014Q1,11,diag4,gaussian_ar1,2.280819291039027,2.255197467890763,-0.1712870183196966,0.7168255886484818,-1.3732548917761767,-1.3827712598634003,3.6540741828152035,2014-04-28,6.0,0,True,False
2014-03-14,2014Q2,-2,diag4,gaussian_ar1,2.7513620718201626,2.7141923473822485,0.02099437219244975,0.854303102595804,5.268365026582655,5.134276091659679,-2.517002954762493,2014-07-28,6.0,0,True,False
2014-03-21,2014Q1,12,diag4,gaussian_ar1,2.738601685688158,2.7017728735402455,0.015791626352637797,0.693339229622345,-1.3732548917761767,-1.3827712598634003,4.1118565774643345,2014-04-28,7.0,0,True,False
2014-03-21,2014Q2,-1,diag4,gaussian_ar1,3.027542302709718,2.9826167493451488,0.13344228732823363,0.8405246288653553,5.268365026582655,5.134276091659679,-2.2408227238729372,2014-07-28,7.0,0,True,False
2014-03-28,2014Q1,13,diag4,gaussian_ar1,2.745201481853754,2.7081965391198484,0.018482617919252778,0.6933093943195338,-1.3732548917761767,-1.3827712598634003,4.118456373629931,2014-04-28,4.0,0,True,False
2014-03-28,2014Q2,0,diag4,gaussian_ar1,3.0286402423069347,2.983682419478095,0.13388871613200837,0.8405240431519031,5.268365026582655,5.134276091659679,-2.2397247842757206,2014-07-28,4.0,0,True,False
2014-04-04,2014Q1,14,diag4,gaussian_ar1,2.7062333867108546,2.670262420397228,0.0025913184260659243,0.6928386033698839,-1.3732548917761767,-1.3827712598634003,4.079488278487031,2014-04-28,12.0,11,False,True
2014-04-04,2014Q2,1,diag4,gaussian_ar1,2.8765165269480475,2.8359214353203224,0.07198892428950086,0.8324402712381408,5.268365026582655,5.134276091659679,-2.391848499634608,2014-07-28,12.0,0,True,False
2014-04-04,2014Q3,-12,diag4,gaussian_ar1,2.6907687359635224,2.655204118068816,-0.0037168811635837655,0.8902133544173078,4.950916534930627,4.832259330312024,-2.260147798967105,2014-10-28,12.0,0,True,False
2014-04-11,2014Q1,15,diag4,gaussian_ar1,2.8106262101396773,2.771852949380531,0.04514945806678596,0.6922092351372581,-1.3732548917761767,-1.3827712598634003,4.183881101915854,2014-04-28,5.0,0,True,False
2014-04-11,2014Q2,2,diag4,gaussian_ar1,3.2633514416339438,3.21123492763825,0.22921464380256512,0.8253058527737752,5.268365026582655,5.134276091659679,-2.0050135849487116,2014-07-28,5.0,0,True,False
2014-04-11,2014Q3,-11,diag4,gaussian_ar1,2.9058854527589606,2.8644651064290176,0.08394639269782361,0.8881466893559813,4.950916534930627,4.832259330312024,-2.0450310821716666,2014-10-28,5.0,0,True,False
2014-04-18,2014Q1,16,diag4,gaussian_ar1,3.096978271114681,3.0499895886736597,0.16166600791350402,0.6866554813461605,-1.3732548917761767,-1.3827712598634003,4.470233162890858,2014-04-28,11.0,0,True,False
2014-04-18,2014Q2,3,diag4,gaussian_ar1,3.918641719086402,3.8438115841243308,0.494212630815892,0.797548183006125,5.268365026582655,5.134276091659679,-1.3497233074962534,2014-07-28,11.0,0,True,False
2014-04-18,2014Q3,-10,diag4,gaussian_ar1,3.0162552777883933,2.971660802051275,0.12885263965639523,0.8853153490423483,4.950916534930627,4.832259330312024,-1.934661257142234,2014-10-28,11.0,0,True,False
2014-04-25,2014Q1,17,diag4,gaussian_ar1,3.0991827121816806,3.0521277866464906,0.1625617383405224,0.6866533003938026,-1.3732548917761767,-1.3827712598634003,4.472437603957857,2014-04-28,0.0,0,True,False
2014-04-25,2014Q2,4,diag4,gaussian_ar1,3.9934226841503495,3.915746773170048,0.5243476035454108,0.7955194505584727,5.268365026582655,5.134276091659679,-1.2749423424323059,2014-07-28,0.0,0,True,False
2014-04-25,2014Q3,-9,diag4,gaussian_ar1,3.0864695712198076,3.039796044997941,0.15739574512890614,0.8836736785240841,4.950916534930627,4.832259330312024,-1.8644469637108196,2014-10-28,0.0,0,True,False
2014-05-02,2014Q2,5,diag4,gaussian_ar1,4.350054983429663,4.2580974448536555,0.6768796671438552,0.795227429671743,5.268365026582655,5.134276091659679,-0.9183100431529923,2014-07-28,13.0,4,True,True
2014-05-02,2014Q3,-8,diag4,gaussian_ar1,2.709187740317409,2.6731388875977418,0.018142004442462164,0.8812684677652302,4.950916534930627,4.832259330312024,-2.241728794613218,2014-10-28,13.0,0,True,False
2014-05-09,2014Q2,6,diag4,gaussian_ar1,4.648277863893924,4.543480661843148,0.7954901333123463,0.7860484337862726,5.268365026582655,5.134276091659679,-0.6200871626887317,2014-07-28,10.0,0,True,False
2014-05-09,2014Q3,-7,diag4,gaussian_ar1,2.8873635143363385,2.8464645757356117,0.09017931934092088,0.8777808008409335,4.950916534930627,4.832259330312024,-2.0635530205942887,2014-10-28,10.0,0,True,False
2014-05-16,2014Q2,7,diag4,gaussian_ar1,4.854543105092701,4.740389998806998,0.877329242481372,0.7833825253023105,5.268365026582655,5.134276091659679,-0.4138219214899541,2014-07-28,8.0,0,True,False
2014-05-16,2014Q3,-6,diag4,gaussian_ar1,2.7987981997920297,2.7603476301135434,0.054387547235358824,0.8771402160175852,4.950916534930627,4.832259330312024,-2.1521183351385975,2014-10-28,8.0,0,True,False
2014-05-23,2014Q2,8,diag4,gaussian_ar1,4.167043090208011,4.082560817972279,0.6039234458086286,0.7307180544221213,5.268365026582655,5.134276091659679,-1.101321936374644,2014-07-28,4.0,0,True,False
2014-05-23,2014Q3,-5,diag4,gaussian_ar1,2.9720580919263773,2.928748477738078,0.1243780086599018,0.8721587516312083,4.950916534930627,4.832259330312024,-1.97885844300425,2014-10-28,4.0,0,True,False
2014-05-30,2014Q2,9,diag4,gaussian_ar1,4.186599522695222,4.1013331632016525,0.6117255746171133,0.7306645261251469,5.268365026582655,5.134276091659679,-1.081765503887433,2014-07-28,8.0,0,True,False
2014-05-30,2014Q3,-4,diag4,gaussian_ar1,2.9977934803719686,2.9537379491418485,0.13476408841530144,0.8720913039904521,4.950916534930627,4.832259330312024,-1.9531230545586586,2014-10-28,8.0,0,True,False
2014-06-06,2014Q2,10,diag4,gaussian_ar1,4.132488504560494,4.049383032405576,0.590134153452835,0.7283856484479099,5.268365026582655,5.134276091659679,-1.1358765220221612,2014-07-28,10.0,5,True,True
2014-06-06,2014Q3,-3,diag4,gaussian_ar1,2.932459444333513,2.8902853604108163,0.1083920360977948,0.8619575207211074,4.950916534930627,4.832259330312024,-2.0184570905971144,2014-10-28,10.0,0,True,False
2014-06-13,2014Q2,11,diag4,gaussian_ar1,4.1094844544844245,4.027289455550943,0.5809516602505321,0.728295313452626,5.268365026582655,5.134276091659679,-1.158880572098231,2014-07-28,6.0,0,True,False
2014-06-13,2014Q3,-2,diag4,gaussian_ar1,2.9527244848154277,2.9099711291102595,0.11657380034783474,0.8615111139706919,4.950916534930627,4.832259330312024,-1.9981920501151995,2014-10-28,6.0,0,True,False
2014-06-20,2014Q2,12,diag4,gaussian_ar1,4.106628493945186,4.024546189913153,0.5798115090546955,0.7048267421617538,5.268365026582655,5.134276091659679,-1.1617365326374696,2014-07-28,8.0,0,True,False
2014-06-20,2014Q3,-1,diag4,gaussian_ar1,2.867951265885993,2.8275953197665213,0.08233691266278473,0.8478841418804877,4.950916534930627,4.832259330312024,-2.0829652690446343,2014-10-28,8.0,0,True,False
2014-06-27,2014Q2,13,diag4,gaussian_ar1,4.103997096853362,4.022018559937989,0.5787609799702657,0.704798648884206,5.268365026582655,5.134276091659679,-1.164367929729293,2014-07-28,4.0,0,True,False
2014-06-27,2014Q3,0,diag4,gaussian_ar1,2.867621799630893,2.827275038494594,0.08220379792895739,0.8478835787416487,4.950916534930627,4.832259330312024,-2.0832947352997344,2014-10-28,4.0,0,True,False
2014-07-04,2014Q2,14,diag4,gaussian_ar1,4.107615629848649,4.025494382394063,0.5802055951308308,0.705098343742979,5.268365026582655,5.134276091659679,-1.1607493967340066,2014-07-28,9.0,5,True,True
2014-07-04,2014Q3,1,diag4,gaussian_ar1,2.8990304900326835,2.8578034941954833,0.09489198050775266,0.8407280494307707,4.950916534930627,4.832259330312024,-2.0518860448979437,2014-10-28,9.0,0,True,False
2014-07-04,2014Q4,-12,diag4,gaussian_ar1,3.527111520269166,3.4663339470933137,0.3478083273670429,0.8965796573109427,2.0383303103057804,2.017834406173431,1.4887812099633857,2015-01-28,9.0,0,True,False
2014-07-11,2014Q2,15,diag4,gaussian_ar1,4.150684138196015,4.066855047500148,0.597395841358422,0.7044612088733138,5.268365026582655,5.134276091659679,-1.1176808883866407,2014-07-28,7.0,0,True,False
2014-07-11,2014Q3,2,diag4,gaussian_ar1,3.083614183794703,3.037026111190591,0.1693801665124304,0.8336618826420779,4.950916534930627,4.832259330312024,-1.8673023511359244,2014-10-28,7.0,0,True,False
2014-07-11,2014Q4,-11,diag4,gaussian_ar1,3.62945576656315,3.565142549650399,0.38887498340373794,0.8945220880623675,2.0383303103057804,2.017834406173431,1.5911254562573696,2015-01-28,7.0,0,True,False
2014-07-18,2014Q2,16,diag4,gaussian_ar1,4.1062989081624535,4.02422960459173,0.5796799304252572,0.6991085204719358,5.268365026582655,5.134276091659679,-1.162066118420202,2014-07-28,12.0,0,True,False
2014-07-18,2014Q3,3,diag4,gaussian_ar1,2.9706278278826215,2.9273594854197724,0.12380071813764677,0.8065322003893887,4.950916534930627,4.832259330312024,-1.9802887070480057,2014-10-28,12.0,0,True,False
2014-07-18,2014Q4,-10,diag4,gaussian_ar1,3.6228588356954194,3.558776463092945,0.3862291218067808,0.8918159269384037,2.0383303103057804,2.017834406173431,1.584528525389639,2015-01-28,12.0,0,True,False
2014-07-25,2014Q2,17,diag4,gaussian_ar1,4.1094665126111485,4.027272221890715,0.5809444976272531,0.6991064870564663,5.268365026582655,5.134276091659679,-1.158898513971507,2014-07-28,0.0,0,True,False
2014-07-25,2014Q3,4,diag4,gaussian_ar1,3.0769215010538975,3.03053342070458,0.16668168601537356,0.8045952983472076,4.950916534930627,4.832259330312024,-1.8739950338767297,2014-10-28,0.0,0,True,False
2014-07-25,2014Q4,-9,diag4,gaussian_ar1,3.7242348464047836,3.6565603451689617,0.4268698853357314,0.8902402493038938,2.0383303103057804,2.017834406173431,1.6859045360990033,2015-01-28,0.0,0,True,False
2014-08-01,2014Q3,5,diag4,gaussian_ar1,3.46356061297608,3.4049293353444234,0.3133652704997505,0.7984509362376423,4.950916534930627,4.832259330312024,-1.4873559219545474,2014-10-28,13.0,2,True,True
2014-08-01,2014Q4,-8,diag4,gaussian_ar1,4.247150414909573,4.159434016768627,0.6268512821629658,0.8839185603383583,2.0383303103057804,2.017834406173431,2.2088201046037925,2015-01-28,13.0,0,True,False
2014-08-08,2014Q3,6,diag4,gaussian_ar1,3.3526224820427553,3.2976474583526008,0.2687911696758465,0.7894190876349827,4.950916534930627,4.832259330312024,-1.598294052887872,2014-10-28,10.0,0,True,False
2014-08-08,2014Q4,-7,diag4,gaussian_ar1,4.218292079474351,4.13174757121271,0.615347956062892,0.8804084290145219,2.0383303103057804,2.017834406173431,2.17996176916857,2015-01-28,10.0,0,True,False
2014-08-15,2014Q3,7,diag4,gaussian_ar1,3.310138087862846,3.2565327508346895,0.2517085908690979,0.787823595559577,4.950916534930627,4.832259330312024,-1.640778447067781,2014-10-28,6.0,0,True,False
2014-08-15,2014Q4,-6,diag4,gaussian_ar1,4.2113191124506955,4.125056614983995,0.6125679584909836,0.8798170075912763,2.0383303103057804,2.017834406173431,2.172988802144915,2015-01-28,6.0,0,True,False
2014-08-22,2014Q3,8,diag4,gaussian_ar1,2.8916664010928406,2.850646621650498,0.08306865136972287,0.7344813355060427,4.950916534930627,4.832259330312024,-2.0592501338377867,2014-10-28,6.0,0,True,False
2014-08-22,2014Q4,-5,diag4,gaussian_ar1,4.13534799620876,4.052129007680959,0.582267570280779,0.874815144375847,2.0383303103057804,2.017834406173431,2.09701768590298,2015-01-28,6.0,0,True,False
2014-08-29,2014Q3,9,diag4,gaussian_ar1,2.9480044780759496,2.905386388916218,0.10581224957657791,0.7344645110116528,4.950916534930627,4.832259330312024,-2.0029120568546777,2014-10-28,4.0,0,True,False
2014-08-29,2014Q4,-4,diag4,gaussian_ar1,4.137590883349818,4.054282803707656,0.5831624420330268,0.8748151213776226,2.0383303103057804,2.017834406173431,2.0992605730440372,2015-01-28,4.0,0,True,False
2014-09-05,2014Q3,10,diag4,gaussian_ar1,3.0919574835831076,3.0451195043365127,0.16386938047164243,0.7283005240348369,4.950916534930627,4.832259330312024,-1.8589590513475196,2014-10-28,13.0,12,False,True
2014-09-05,2014Q4,-3,diag4,gaussian_ar1,4.479807109661338,4.382363334442552,0.7194752570712271,0.8616813654743889,2.0383303103057804,2.017834406173431,2.4414767993555575,2015-01-28,13.0,0,True,False
2014-09-12,2014Q3,11,diag4,gaussian_ar1,3.073812770758333,3.02751744280202,0.15655597314183914,0.728278207076093,4.950916534930627,4.832259330312024,-1.8771037641722943,2014-10-28,4.0,0,True,False
2014-09-12,2014Q4,-2,diag4,gaussian_ar1,4.456950987173691,4.3604848265275,0.7103850468229814,0.8616493850136621,2.0383303103057804,2.017834406173431,2.418620676867911,2015-01-28,4.0,0,True,False
2014-09-19,2014Q3,12,diag4,gaussian_ar1,2.4578852148625874,2.428165220515885,-0.09246638864299027,0.7047729675452166,4.950916534930627,4.832259330312024,-2.49303132006804,2014-10-28,11.0,0,True,False
2014-09-19,2014Q4,-1,diag4,gaussian_ar1,4.103158201676171,4.0212127325148215,0.5694222957106854,0.8476455474744186,2.0383303103057804,2.017834406173431,2.064827891370391,2015-01-28,11.0,0,True,False
2014-09-26,2014Q3,13,diag4,gaussian_ar1,2.4319786661710197,2.4028769526251104,-0.1029733058803836,0.7047461791772895,4.950916534930627,4.832259330312024,-2.5189378687596076,2014-10-28,4.0,0,True,False
2014-09-26,2014Q4,0,diag4,gaussian_ar1,4.099226704217029,4.017436121155264,0.5678531671660154,0.8476450449043779,2.0383303103057804,2.017834406173431,2.060896393911249,2015-01-28,4.0,0,True,False
2014-10-03,2014Q3,14,diag4,gaussian_ar1,2.375321214466153,2.347549380626274,-0.12596112863078093,0.7045126623685122,4.950916534930627,4.832259330312024,-2.5755953204644744,2014-10-28,9.0,5,True,True
2014-10-03,2014Q4,1,diag4,gaussian_ar1,3.769405946592319,3.700100090029088,0.4360045395776491,0.8410150850740329,2.0383303103057804,2.017834406173431,1.7310756362865387,2015-01-28,9.0,0,True,False
2014-10-03,2015Q1,-12,diag4,gaussian_ar1,3.443778735908798,3.3858078511188783,0.3054205645562006,0.8965684144813475,3.650885031119766,3.585819150769915,-0.20710629521096813,2015-04-28,9.0,0,True,False
2014-10-10,2014Q3,15,diag4,gaussian_ar1,2.3727864011647615,2.345073349632839,-0.126989884448997,0.7038652945685803,4.950916534930627,4.832259330312024,-2.5781301337658658,2014-10-28,7.0,0,True,False
2014-10-10,2014Q4,2,diag4,gaussian_ar1,3.7639588610006047,3.694850731114659,0.4338235052774152,0.8337414432464916,2.0383303103057804,2.017834406173431,1.7256285506948243,2015-01-28,7.0,0,True,False
2014-10-10,2015Q1,-11,diag4,gaussian_ar1,3.4401886754360733,3.3823372482316643,0.3039785781988384,0.8944845636183972,3.650885031119766,3.585819150769915,-0.21069635568369272,2015-04-28,7.0,0,True,False
2014-10-17,2014Q3,16,diag4,gaussian_ar1,2.343822749920932,2.316777012020384,-0.13874661206274813,0.698470505340725,4.950916534930627,4.832259330312024,-2.6070937850096954,2014-10-28,10.0,0,True,False
2014-10-17,2014Q4,3,diag4,gaussian_ar1,3.3523723663450467,3.297405455784754,0.2686906210355604,0.8066953138378703,2.0383303103057804,2.017834406173431,1.3140420560392663,2015-01-28,10.0,0,True,False
2014-10-17,2015Q1,-10,diag4,gaussian_ar1,3.1188794779225315,3.0712306388327137,0.17471818713214574,0.8919117622915647,3.650885031119766,3.585819150769915,-0.5320055531972345,2015-04-28,10.0,0,True,False
2014-10-24,2014Q3,17,diag4,gaussian_ar1,2.344005654883663,2.316955728033115,-0.13867235809000192,0.6984683883066211,4.950916534930627,4.832259330312024,-2.6069108800469643,2014-10-28,2.0,0,True,False
2014-10-24,2014Q4,4,diag4,gaussian_ar1,3.388478600167999,3.3323344347661576,0.2832031172227012,0.8045873738893191,2.0383303103057804,2.017834406173431,1.3501482898622186,2015-01-28,2.0,0,True,False
2014-10-24,2015Q1,-9,diag4,gaussian_ar1,3.147499452927671,3.09898113829575,0.1862481267236517,0.8902712447613257,3.650885031119766,3.585819150769915,-0.5033855781920948,2015-04-28,2.0,0,True,False
2014-10-31,2014Q4,5,diag4,gaussian_ar1,3.279542043329542,3.226912641313664,0.23196728861365112,0.8037136613885275,2.0383303103057804,2.017834406173431,1.2412117330237615,2015-01-28,10.0,0,True,False
2014-10-31,2015Q1,-8,diag4,gaussian_ar1,3.460527773051303,3.401997980228976,0.30476996557304364,0.8868180000182713,3.650885031119766,3.585819150769915,-0.19035725806846315,2015-04-28,10.0,0,True,False
2014-11-07,2014Q4,6,diag4,gaussian_ar1,3.5329651222868685,3.471987960280392,0.33387267594071335,0.7919194106342377,2.0383303103057804,2.017834406173431,1.4946348119810882,2015-01-28,13.0,5,True,True
2014-11-07,2015Q1,-7,diag4,gaussian_ar1,3.7209394700577603,3.6533832393547017,0.40929910505362477,0.8815434543736023,3.650885031119766,3.585819150769915,0.07005443893799423,2015-04-28,13.0,0,True,False
2014-11-14,2014Q4,7,diag4,gaussian_ar1,3.5225251230635912,3.461903707774208,0.3296795174379345,0.7903549891258129,2.0383303103057804,2.017834406173431,1.4841948127578108,2015-01-28,6.0,0,True,False
2014-11-14,2015Q1,-6,diag4,gaussian_ar1,3.652007351108666,3.586901933529023,0.38165534537705603,0.8809236893862179,3.650885031119766,3.585819150769915,0.0011223199888998892,2015-04-28,6.0,0,True,False
2014-11-21,2014Q4,8,diag4,gaussian_ar1,3.2120804265353353,3.1615718605231677,0.2047977735324031,0.737014858661431,2.0383303103057804,2.017834406173431,1.173750116229555,2015-01-28,6.0,0,True,False
2014-11-21,2015Q1,-5,diag4,gaussian_ar1,3.935879992666691,3.8603984483193794,0.4953786219184064,0.8761071714838551,3.650885031119766,3.585819150769915,0.28499496154692494,2015-04-28,6.0,0,True,False
2014-11-28,2014Q4,9,diag4,gaussian_ar1,3.2058206469389283,3.155506708648475,0.20227580741360376,0.7369991207924873,2.0383303103057804,2.017834406173431,1.167490336633148,2015-01-28,4.0,0,True,False
2014-11-28,2015Q1,-4,diag4,gaussian_ar1,3.935626638492984,3.860154687952395,0.49527726330458405,0.8761071502815042,3.650885031119766,3.585819150769915,0.28474160737321785,2015-04-28,4.0,0,True,False
2014-12-05,2014Q4,10,diag4,gaussian_ar1,3.224160333586834,3.1732751419051666,0.20966414452095664,0.7323581336606596,2.0383303103057804,2.017834406173431,1.1858300232810537,2015-01-28,13.0,4,True,True
2014-12-05,2015Q1,-3,diag4,gaussian_ar1,3.9542525370777293,3.8780736926759056,0.5027282099138293,0.8646374931150096,3.650885031119766,3.585819150769915,0.30336750595796325,2015-04-28,13.0,0,True,False
2014-12-12,2014Q4,11,diag4,gaussian_ar1,3.2234485023497683,3.172585542019679,0.20937740025095994,0.732336154525419,2.0383303103057804,2.017834406173431,1.185118192043988,2015-01-28,4.0,0,True,False
2014-12-12,2015Q1,-2,diag4,gaussian_ar1,3.951780241377123,3.8756954108457236,0.5017392905395754,0.8646057950857708,3.650885031119766,3.585819150769915,0.300895210257357,2015-04-28,4.0,0,True,False
2014-12-19,2014Q4,12,diag4,gaussian_ar1,3.28385094150645,3.2310846275647327,0.23370205275322598,0.7089767904495333,2.0383303103057804,2.017834406173431,1.2455206312006695,2015-01-28,11.0,0,True,False
2014-12-19,2015Q1,-1,diag4,gaussian_ar1,3.6007238794281804,3.537413106604841,0.36107727126770267,0.8530100897243332,3.650885031119766,3.585819150769915,-0.05016115169158564,2015-04-28,11.0,0,True,False
2014-12-26,2014Q4,13,diag4,gaussian_ar1,3.238920567720527,3.187573324509433,0.2156095079402678,0.7088222597482394,2.0383303103057804,2.017834406173431,1.2005902574147465,2015-01-28,4.0,0,True,False
2014-12-26,2015Q1,0,diag4,gaussian_ar1,3.5256991414861716,3.4649696779694183,0.3309543862480349,0.8508353638096483,3.650885031119766,3.585819150769915,-0.12518588963359445,2015-04-28,4.0,0,True,False
2015-01-02,2014Q4,14,diag4,gaussian_ar1,3.2288933725630464,3.1778602414152703,0.21157068632810472,0.7089053625576598,2.0383303103057804,2.017834406173431,1.190563062257266,2015-01-28,8.0,11,False,True
2015-01-02,2015Q1,1,diag4,gaussian_ar1,3.4720182321345217,3.4131034919687764,0.30938777645698357,0.8449355660053532,3.650885031119766,3.585819150769915,-0.17886679898524438,2015-04-28,8.0,0,True,False
2015-01-02,2015Q2,-12,diag4,gaussian_ar1,3.3237908353657586,3.269747180424191,0.2497784265015388,0.898978527168873,2.5007353109643082,2.469978633014557,0.8230555244014504,2015-07-28,8.0,0,True,False
2015-01-09,2014Q4,15,diag4,gaussian_ar1,3.2047451978779673,3.1544646601888435,0.20184251061186934,0.7081948469736303,2.0383303103057804,2.017834406173431,1.166414887572187,2015-01-28,8.0,0,True,False
2015-01-09,2015Q1,2,diag4,gaussian_ar1,3.462969675938332,3.404358178966444,0.30575136577084655,0.8365694701657895,3.650885031119766,3.585819150769915,-0.18791535518143387,2015-04-28,8.0,0,True,False
2015-01-09,2015Q2,-11,diag4,gaussian_ar1,3.2999483074477087,3.246668972544702,0.24018221859823266,0.8960840286519992,2.5007353109643082,2.469978633014557,0.7992129964834005,2015-07-28,8.0,0,True,False
2015-01-16,2014Q4,16,diag4,gaussian_ar1,3.2125068464071704,3.1619850088573562,0.20496956578466452,0.7078154157568447,2.0383303103057804,2.017834406173431,1.17417653610139,2015-01-28,8.0,0,True,False
2015-01-16,2015Q1,3,diag4,gaussian_ar1,3.312428058621375,3.258749324562672,0.2452053802802363,0.83506211560997,3.650885031119766,3.585819150769915,-0.338456972498391,2015-04-28,8.0,0,True,False
2015-01-16,2015Q2,-10,diag4,gaussian_ar1,3.2046157870792014,3.154339267815018,0.20179037089222546,0.895787533305301,2.5007353109643082,2.469978633014557,0.7038804761148931,2015-07-28,8.0,0,True,False
2015-01-23,2014Q4,17,diag4,gaussian_ar1,3.138065094041931,3.0898342463035346,0.1749683749875272,0.7028425846821118,2.0383303103057804,2.017834406173431,1.0997347837361504,2015-01-28,4.0,0,True,False
2015-01-23,2015Q1,4,diag4,gaussian_ar1,3.1665668964293125,3.117465038975255,0.18645760467102593,0.8077121508680101,3.650885031119766,3.585819150769915,-0.4843181346904535,2015-04-28,4.0,0,True,False
2015-01-23,2015Q2,-9,diag4,gaussian_ar1,3.210310807334893,3.159857299239472,0.20408483747483652,0.89196504914419,2.5007353109643082,2.469978633014557,0.7095754963705847,2015-07-28,4.0,0,True,False
2015-01-30,2015Q1,5,diag4,gaussian_ar1,3.218470936330986,3.167763298520607,0.21045032581480327,0.8072652230104692,3.650885031119766,3.585819150769915,-0.43241409478878,2015-04-28,10.0,0,True,False
2015-01-30,2015Q2,-8,diag4,gaussian_ar1,3.104756803199882,3.0575341731904757,0.16443604486781677,0.8892370299342911,2.5007353109643082,2.469978633014557,0.6040214922355736,2015-07-28,10.0,0,True,False
2015-02-06,2015Q1,6,diag4,gaussian_ar1,2.8959791210291908,2.854838049105745,0.079822142937938,0.7941661217107394,3.650885031119766,3.585819150769915,-0.7549059100905753,2015-04-28,11.0,11,False,True
2015-02-06,2015Q2,-7,diag4,gaussian_ar1,2.8544378184262253,2.8144577633348984,0.06296571040602325,0.8838884887377714,2.5007353109643082,2.469978633014557,0.3537025074619171,2015-07-28,11.0,0,True,False
2015-02-13,2015Q1,7,diag4,gaussian_ar1,2.904263726952694,2.8628891629560895,0.08318301705842487,0.7941069912927375,3.650885031119766,3.585819150769915,-0.7466213041670722,2015-04-28,6.0,0,True,False
2015-02-13,2015Q2,-6,diag4,gaussian_ar1,2.658696951707684,2.623967821047833,-0.016552816986085902,0.8832674984229908,2.5007353109643082,2.469978633014557,0.15796164074337593,2015-07-28,6.0,0,True,False
2015-02-20,2015Q1,8,diag4,gaussian_ar1,1.4958070502714582,1.484730179093301,-0.4921186056583554,0.7391827264130354,3.650885031119766,3.585819150769915,-2.155077980848308,2015-04-28,8.0,0,True,False
2015-02-20,2015Q2,-5,diag4,gaussian_ar1,2.4054469721253025,2.3769718289775135,-0.11965935019919693,0.8783779906480892,2.5007353109643082,2.469978633014557,-0.09528833883900578,2015-07-28,8.0,0,True,False
2015-02-27,2015Q1,9,diag4,gaussian_ar1,1.4956361180149536,1.4845617658303156,-0.4921889084497002,0.7391678267986559,3.650885031119766,3.585819150769915,-2.1552489131048125,2015-04-28,4.0,0,True,False
2015-02-27,2015Q2,-4,diag4,gaussian_ar1,2.4054715914134217,2.3769958699693694,-0.11964931447633154,0.8783779719249661,2.5007353109643082,2.469978633014557,-0.09526371955088653,2015-07-28,4.0,0,True,False
2015-03-06,2015Q1,10,diag4,gaussian_ar1,1.5857200495432267,1.5732788584643624,-0.45515465626783186,0.7343172366159647,3.650885031119766,3.585819150769915,-2.0651649815765394,2015-04-28,10.0,6,True,True
2015-03-06,2015Q2,-3,diag4,gaussian_ar1,2.5579387555350053,2.525770904485114,-0.05754434706774246,0.8690018400458933,2.5007353109643082,2.469978633014557,0.05720344457069704,2015-07-28,10.0,0,True,False
2015-03-13,2015Q1,11,diag4,gaussian_ar1,1.5585579362057178,1.5465371616086239,-0.46631776718279017,0.7342689286887163,3.650885031119766,3.585819150769915,-2.0923270949140482,2015-04-28,8.0,0,True,False
2015-03-13,2015Q2,-2,diag4,gaussian_ar1,2.6724035303280935,2.637318529838254,-0.010979668661775388,0.8681943191244217,2.5007353109643082,2.469978633014557,0.1716682193637853,2015-07-28,8.0,0,True,False
2015-03-20,2015Q1,12,diag4,gaussian_ar1,0.9181509719666137,0.9139615896415656,-0.7303814617963258,0.7105079976080445,3.650885031119766,3.585819150769915,-2.7327340591531524,2015-04-28,10.0,0,True,False
2015-03-20,2015Q2,-1,diag4,gaussian_ar1,2.2064005719962587,2.1824117726497168,-0.20087691466880794,0.8546296247769787,2.5007353109643082,2.469978633014557,-0.2943347389680495,2015-07-28,10.0,0,True,False
2015-03-27,2015Q1,13,diag4,gaussian_ar1,0.9124847382227408,0.9083467495302755,-0.7327253326161253,0.7104821972883438,3.650885031119766,3.585819150769915,-2.7384002928970252,2015-04-28,4.0,0,True,False
2015-03-27,2015Q2,0,diag4,gaussian_ar1,2.205490292804746,2.181521140321375,-0.20124870212565324,0.8546291192748816,2.5007353109643082,2.469978633014557,-0.2952450181595623,2015-07-28,4.0,0,True,False
2015-04-03,2015Q1,14,diag4,gaussian_ar1,0.9006854316647717,0.8966534526443706,-0.7376066073835073,0.7103933255121807,3.650885031119766,3.585819150769915,-2.7501995994549944,2015-04-28,8.0,5,True,True
2015-04-03,2015Q2,1,diag4,gaussian_ar1,2.1661634119550355,2.1430354886938483,-0.2173142345438154,0.8501396488166966,2.5007353109643082,2.469978633014557,-0.33457189900927276,2015-07-28,8.0,0,True,False
2015-04-03,2015Q3,-12,diag4,gaussian_ar1,2.762204407190505,2.7247438020294146,0.025515323241886073,0.9055212707355857,1.6106176842981101,1.59778484627612,1.1515867228923948,2015-10-28,8.0,0,True,False
2015-04-10,2015Q1,15,diag4,gaussian_ar1,0.8505876986020899,0.8469905847822956,-0.7583379807623172,0.7096913140559727,3.650885031119766,3.585819150769915,-2.800297332517676,2015-04-28,8.0,0,True,False
2015-04-10,2015Q2,2,diag4,gaussian_ar1,2.0608757205073047,2.0399270058769545,-0.26035605930786593,0.8419115542363732,2.5007353109643082,2.469978633014557,-0.4398595904570035,2015-07-28,8.0,0,True,False
2015-04-10,2015Q3,-11,diag4,gaussian_ar1,2.7414763460893887,2.704570867807102,0.017094290596924803,0.9027910316548655,1.6106176842981101,1.59778484627612,1.1308586617912786,2015-10-28,8.0,0,True,False
2015-04-17,2015Q1,16,diag4,gaussian_ar1,0.6948954673541285,0.6924921958611214,-0.8228321174288667,0.7042616158895366,3.650885031119766,3.585819150769915,-2.9559895637656375,2015-04-28,10.0,0,True,False
2015-04-17,2015Q2,3,diag4,gaussian_ar1,1.6160978688196437,1.6031780196174579,-0.44267348672886164,0.8137775597004743,2.5007353109643082,2.469978633014557,-0.8846374421446646,2015-07-28,10.0,0,True,False
2015-04-17,2015Q3,-10,diag4,gaussian_ar1,2.5953583808926872,2.5622505772907362,-0.042316194723207724,0.9002256008832296,1.6106176842981101,1.59778484627612,0.9847406965945771,2015-10-28,10.0,0,True,False
2015-04-24,2015Q1,17,diag4,gaussian_ar1,0.6962215431437269,0.6938091117303959,-0.8222823812623966,0.7042595473301904,3.650885031119766,3.585819150769915,-2.954663487976039,2015-04-28,2.0,0,True,False
2015-04-24,2015Q2,4,diag4,gaussian_ar1,1.7111377682880846,1.6966626982363757,-0.40364904329500106,0.8114464671967896,2.5007353109643082,2.469978633014557,-0.7895975426762236,2015-07-28,2.0,0,True,False
2015-04-24,2015Q3,-9,diag4,gaussian_ar1,2.6744544467133924,2.6393160440983365,-0.010145822052870854,0.8985537865372473,1.6106176842981101,1.59778484627612,1.0638367624152822,2015-10-28,2.0,0,True,False
2015-05-01,2015Q2,5,diag4,gaussian_ar1,1.6185430771063158,1.605584310469676,-0.4464401270387101,0.8081983518897538,2.5007353109643082,2.469978633014557,-0.8821922338579924,2015-07-28,13.0,6,True,True
2015-05-01,2015Q3,-8,diag4,gaussian_ar1,2.965378175333755,2.9222611515714036,0.1051602978297586,0.8925116171971902,1.6106176842981101,1.59778484627612,1.3547604910356448,2015-10-28,13.0,0,True,False
2015-05-08,2015Q2,6,diag4,gaussian_ar1,2.130400208058014,2.108024420833837,-0.23595098521106944,0.7994873744526265,2.5007353109643082,2.469978633014557,-0.370335102906294,2015-07-28,10.0,0,True,False
2015-05-08,2015Q3,-7,diag4,gaussian_ar1,3.3351076993528572,3.2806993959626016,0.2553221915635735,0.8893122472961439,1.6106176842981101,1.59778484627612,1.724490015054747,2015-10-28,10.0,0,True,False
2015-05-15,2015Q2,7,diag4,gaussian_ar1,2.1180312371892995,2.0959127284244308,-0.24102498246715737,0.7979242262476247,2.5007353109643082,2.469978633014557,-0.3827040737750087,2015-07-28,6.0,0,True,False
2015-05-15,2015Q3,-6,diag4,gaussian_ar1,3.2246650443869873,3.173764087094591,0.21052337687820283,0.8883512737762278,1.6106176842981101,1.59778484627612,1.6140473600888772,2015-10-28,6.0,0,True,False
2015-05-22,2015Q2,8,diag4,gaussian_ar1,0.893364230070004,0.8893973401769846,-0.7464750519092298,0.7453633191299286,2.5007353109643082,2.469978633014557,-1.6073710808943042,2015-07-28,6.0,0,True,False
2015-05-22,2015Q3,-5,diag4,gaussian_ar1,3.0696283404959113,3.0234577160016483,0.1475549585334776,0.8835866121108801,1.6106176842981101,1.59778484627612,1.4590106561978011,2015-10-28,6.0,0,True,False
2015-05-29,2015Q2,9,diag4,gaussian_ar1,0.9038976067711868,0.899836903741795,-0.7421015659345145,0.7453473401637813,2.5007353109643082,2.469978633014557,-1.5968377041931214,2015-07-28,4.0,0,True,False
2015-05-29,2015Q3,-4,diag4,gaussian_ar1,3.0700437053079233,3.0238607095718626,0.14772378615891332,0.8835865931359527,1.6106176842981101,1.59778484627612,1.4594260210098131,2015-10-28,4.0,0,True,False
2015-06-05,2015Q2,10,diag4,gaussian_ar1,1.339733802868004,1.3308387283654788,-0.5615403362081832,0.7408302795294751,2.5007353109643082,2.469978633014557,-1.1610015080963043,2015-07-28,13.0,8,True,True
2015-06-05,2015Q3,-3,diag4,gaussian_ar1,3.7557625440459264,3.6869514173497353,0.4255148923126132,0.8721871690846495,1.6106176842981101,1.59778484627612,2.145144859747816,2015-10-28,13.0,0,True,False
2015-06-12,2015Q2,11,diag4,gaussian_ar1,1.3331658428048065,1.3243573881596724,-0.564255588652548,0.7408103482024734,2.5007353109643082,2.469978633014557,-1.1675694681595017,2015-07-28,4.0,0,True,False
2015-06-12,2015Q3,-2,diag4,gaussian_ar1,3.7478771937139,3.6793512129911163,0.42233090986343946,0.8721584372658059,1.6106176842981101,1.59778484627612,2.13725950941579,2015-10-28,4.0,0,True,False
2015-06-19,2015Q2,12,diag4,gaussian_ar1,0.5643363510533073,0.5627499391353616,-0.8833186870156056,0.7179260942825575,2.5007353109643082,2.469978633014557,-1.936398959911001,2015-07-28,11.0,0,True,False
2015-06-19,2015Q3,-1,diag4,gaussian_ar1,3.1472915753990582,3.098779603853138,0.17910984280258338,0.8579571220747763,1.6106176842981101,1.59778484627612,1.536673891100948,2015-10-28,11.0,0,True,False
2015-06-26,2015Q2,13,diag4,gaussian_ar1,0.5493490393188916,0.5478456209801177,-0.8895626095713697,0.7178961572606792,2.5007353109643082,2.469978633014557,-1.9513862716454167,2015-07-28,4.0,0,True,False
2015-06-26,2015Q3,0,diag4,gaussian_ar1,3.1448662652983517,3.096428268614604,0.17812478900950654,0.8579565364215648,1.6106176842981101,1.59778484627612,1.5342485810002415,2015-10-28,4.0,0,True,False
2015-07-03,2015Q2,14,diag4,gaussian_ar1,0.6438767987904548,0.6418127672727474,-0.8501965964383966,0.7177301514148348,2.5007353109643082,2.469978633014557,-1.8568585121738534,2015-07-28,8.0,6,True,True
2015-07-03,2015Q3,1,diag4,gaussian_ar1,3.4930953263307307,3.433471266910819,0.319323491117438,0.8515240710778069,1.6106176842981101,1.59778484627612,1.8824776420326206,2015-10-28,8.0,0,True,False
2015-07-03,2015Q4,-12,diag4,gaussian_ar1,3.033592060887935,2.9884885584067065,0.13290519665984862,0.9058915507714995,0.7399609712167354,0.737236690842017,2.2936310896711998,2016-01-28,8.0,0,True,False
2015-07-10,2015Q2,15,diag4,gaussian_ar1,0.5883574787906687,0.5866334153088095,-0.8733130917219369,0.717089422035209,2.5007353109643082,2.469978633014557,-1.9123778321736395,2015-07-28,8.0,0,True,False
2015-07-10,2015Q3,2,diag4,gaussian_ar1,3.3227998420954696,3.268788061508126,0.2503321310257565,0.8441168623388879,1.6106176842981101,1.59778484627612,1.7121821577973595,2015-10-28,8.0,0,True,False
2015-07-10,2015Q4,-11,diag4,gaussian_ar1,2.940853092540352,2.8984395481567273,0.0951806231256841,0.9031681829153637,0.7399609712167354,0.737236690842017,2.2008921213236166,2016-01-28,8.0,0,True,False
2015-07-17,2015Q2,16,diag4,gaussian_ar1,0.39168137459644203,0.3909163002189242,-0.9553056053498659,0.7120260978693768,2.5007353109643082,2.469978633014557,-2.109053936367866,2015-07-28,10.0,0,True,False
2015-07-17,2015Q3,3,diag4,gaussian_ar1,2.734697837737965,2.697973014425013,0.011198417525563172,0.8166679843991916,1.6106176842981101,1.59778484627612,1.1240801534398548,2015-10-28,10.0,0,True,False
2015-07-17,2015Q4,-10,diag4,gaussian_ar1,2.7880553722536394,2.7498967405148025,0.03295102110892732,0.9007344822805156,0.7399609712167354,0.737236690842017,2.048094401036904,2016-01-28,10.0,0,True,False
2015-07-24,2015Q2,17,diag4,gaussian_ar1,0.3892322020231376,0.38847665341205717,-0.9563276558433421,0.7120234880559639,2.5007353109643082,2.469978633014557,-2.1115031089411707,2015-07-28,2.0,0,True,False
2015-07-24,2015Q3,4,diag4,gaussian_ar1,2.7040339638772837,2.6681209278009512,-0.0013076303906927528,0.8143809299948828,1.6106176842981101,1.59778484627612,1.0934162795791735,2015-10-28,2.0,0,True,False
2015-07-24,2015Q4,-9,diag4,gaussian_ar1,2.748748124903977,2.7116483614799436,0.016927482555226636,0.8990729283682812,0.7399609712167354,0.737236690842017,2.0087871536872415,2016-01-28,2.0,0,True,False
2015-07-31,2015Q3,5,diag4,gaussian_ar1,2.6241806917765453,2.5903398237665893,-0.03333872131906101,0.8137691338596313,1.6106176842981101,1.59778484627612,1.0135630074784352,2015-10-28,10.0,0,True,False
2015-07-31,2015Q4,-8,diag4,gaussian_ar1,2.9604208429201195,2.91744647323754,0.10426306478272586,0.8960359852277475,0.7399609712167354,0.737236690842017,2.220459871703384,2016-01-28,10.0,0,True,False
2015-08-07,2015Q3,6,diag4,gaussian_ar1,2.9684734960899295,2.9252672826482518,0.10755299283957265,0.8018520446540421,1.6106176842981101,1.59778484627612,1.3578558117918194,2015-10-28,13.0,7,True,True
2015-08-07,2015Q4,-7,diag4,gaussian_ar1,3.244972418988845,3.1934351388936197,0.2203613874537792,0.8887651062362608,0.7399609712167354,0.737236690842017,2.5050114477721097,2016-01-28,13.0,0,True,False
2015-08-14,2015Q3,7,diag4,gaussian_ar1,3.019362892899813,2.9746773825233843,0.12833801205358814,0.8002943983899931,1.6106176842981101,1.59778484627612,1.4087452086017027,2015-10-28,6.0,0,True,False
2015-08-14,2015Q4,-6,diag4,gaussian_ar1,3.183237420239027,3.1336225768039854,0.19520043340968038,0.8878724548457768,0.7399609712167354,0.737236690842017,2.4432764490222914,2016-01-28,6.0,0,True,False
2015-08-21,2015Q3,8,diag4,gaussian_ar1,3.3854685040890953,3.329422949909143,0.27756647855807987,0.7485288353269841,1.6106176842981101,1.59778484627612,1.7748508197909851,2015-10-28,6.0,0,True,False
2015-08-21,2015Q4,-5,diag4,gaussian_ar1,2.9587968406405762,2.9158691534537393,0.10359954412407942,0.8831758595845849,0.7399609712167354,0.737236690842017,2.218835869423841,2016-01-28,6.0,0,True,False
2015-08-28,2015Q3,9,diag4,gaussian_ar1,3.380082973644072,3.3242136387760546,0.2753751121721251,0.7485073610205678,1.6106176842981101,1.59778484627612,1.7694652893459617,2015-10-28,4.0,0,True,False
2015-08-28,2015Q4,-4,diag4,gaussian_ar1,2.958500491856264,2.915581320631383,0.10347846339851477,0.8831758096354273,0.7399609712167354,0.737236690842017,2.2185395206395286,2016-01-28,4.0,0,True,False
2015-09-04,2015Q3,10,diag4,gaussian_ar1,3.3036461907845815,3.250248661800588,0.24426075556316368,0.7466445690158462,1.6106176842981101,1.59778484627612,1.6930285064864714,2015-10-28,12.0,12,False,True
2015-09-04,2015Q4,-3,diag4,gaussian_ar1,2.8865891586145054,2.8457119481928275,0.07408697760357365,0.8764072554984458,0.7399609712167354,0.737236690842017,2.14662818739777,2016-01-28,12.0,0,True,False
2015-09-11,2015Q3,11,diag4,gaussian_ar1,3.2077728376840975,3.1573982417711535,0.20520198480134827,0.744069010331733,1.6106176842981101,1.59778484627612,1.5971551533859873,2015-10-28,5.0,0,True,False
2015-09-11,2015Q4,-2,diag4,gaussian_ar1,2.7605774047555043,2.723160520194968,0.022534080684162152,0.8722227828920863,0.7399609712167354,0.737236690842017,2.020616433538769,2016-01-28,5.0,0,True,False
2015-09-18,2015Q3,12,diag4,gaussian_ar1,3.1140617802016823,3.06655854552665,0.16698905188664298,0.721809460608832,1.6106176842981101,1.59778484627612,1.5034440959035722,2015-10-28,11.0,0,True,False
2015-09-18,2015Q4,-1,diag4,gaussian_ar1,2.477662908734257,2.4474666000121816,-0.09344025336227522,0.8601543327509112,0.7399609712167354,0.737236690842017,1.7377019375175218,2016-01-28,11.0,0,True,False
2015-09-25,2015Q3,13,diag4,gaussian_ar1,3.0805476224815553,3.034051237879422,0.15331441824390468,0.7216804093995183,1.6106176842981101,1.59778484627612,1.4699299381834452,2015-10-28,0.0,0,True,False
2015-09-25,2015Q4,0,diag4,gaussian_ar1,2.3271347585394953,2.3004698704292386,-0.1552763932709219,0.8579435963364426,0.7399609712167354,0.737236690842017,1.5871737873227598,2016-01-28,0.0,0,True,False
2015-10-02,2015Q3,14,diag4,gaussian_ar1,3.0700384112360535,3.0238555731890644,0.14902547555760595,0.7212919829487442,1.6106176842981101,1.59778484627612,1.4594207269379433,2015-10-28,11.0,12,False,True
2015-10-02,2015Q4,1,diag4,gaussian_ar1,2.3637699965172176,2.3362655384514635,-0.14021846686517275,0.8515703718089577,0.7399609712167354,0.737236690842017,1.6238090253004822,2016-01-28,11.0,0,True,False
2015-10-02,2016Q1,-12,diag4,gaussian_ar1,2.555019888420418,2.5229247975067097,-0.06169775357493732,0.904958150061593,2.3383061524439253,2.3113866073886387,0.21671373597649257,2016-04-28,11.0,0,True,False
2015-10-09,2015Q3,15,diag4,gaussian_ar1,3.1009630226014773,3.053854565658699,0.16164495288022254,0.7206471941533482,1.6106176842981101,1.59778484627612,1.4903453383033671,2015-10-28,9.0,0,True,False
2015-10-09,2015Q4,2,diag4,gaussian_ar1,2.5187697058738356,2.487571490781493,-0.07656959478593707,0.844995157395438,0.7399609712167354,0.737236690842017,1.7788087346571002,2016-01-28,9.0,0,True,False
2015-10-09,2016Q1,-11,diag4,gaussian_ar1,2.6676669471036307,2.6327051261179824,-0.01551719038496853,0.9020150567500533,2.3383061524439253,2.3113866073886387,0.32936079465970547,2016-04-28,9.0,0,True,False
2015-10-16,2015Q3,16,diag4,gaussian_ar1,3.1051779648287425,3.057942651694981,0.16336466093641755,0.7203103243995074,1.6106176842981101,1.59778484627612,1.4945602805306324,2015-10-28,8.0,0,True,False
2015-10-16,2015Q4,3,diag4,gaussian_ar1,2.4288508748436355,2.399823375877781,-0.11348201266965832,0.8432679163670038,0.7399609712167354,0.737236690842017,1.6888899036269,2016-01-28,8.0,0,True,False
2015-10-16,2016Q1,-10,diag4,gaussian_ar1,2.610791989663319,2.5772926301452483,-0.03882719778022755,0.901570031309469,2.3383061524439253,2.3113866073886387,0.2724858372193939,2016-04-28,8.0,0,True,False
2015-10-23,2015Q3,17,diag4,gaussian_ar1,3.0011595278543357,2.9570059730162455,0.12090429734601119,0.7157514682497996,1.6106176842981101,1.59778484627612,1.3905418435562256,2015-10-28,4.0,0,True,False
2015-10-23,2015Q4,4,diag4,gaussian_ar1,1.9484805765106694,1.9297407306900696,-0.3112285632148685,0.8155192284621511,0.7399609712167354,0.737236690842017,1.208519605293934,2016-01-28,4.0,0,True,False
2015-10-23,2016Q1,-9,diag4,gaussian_ar1,2.3697236955095624,2.342081586316097,-0.1377718685599368,0.8981511446376863,2.3383061524439253,2.3113866073886387,0.031417543065637155,2016-04-28,4.0,0,True,False
2015-10-30,2015Q4,5,diag4,gaussian_ar1,1.951790027159661,1.9329868770923935,-0.30720423964572885,0.8151542317630758,0.7399609712167354,0.737236690842017,1.2118290559429257,2016-01-28,10.0,0,True,False
2015-10-30,2016Q1,-8,diag4,gaussian_ar1,2.2228560792728613,2.198510747504584,-0.19514079926472447,0.8955540152726339,2.3383061524439253,2.3113866073886387,-0.11545007317106393,2016-04-28,10.0,0,True,False
2015-11-06,2015Q4,6,diag4,gaussian_ar1,2.477245912665027,2.4470596850750086,-0.09024157116916101,0.8045458600506534,0.7399609712167354,0.737236690842017,1.7372849414482916,2016-01-28,11.0,11,False,True
2015-11-06,2016Q1,-7,diag4,gaussian_ar1,2.6482857694816397,2.6138257575904875,-0.019858521253906945,0.8907242399687436,2.3383061524439253,2.3113866073886387,0.3099796170377145,2016-04-28,11.0,0,True,False
2015-11-13,2015Q4,7,diag4,gaussian_ar1,2.47937723389573,2.4491394629304875,-0.08936380804620181,0.8044995280053316,0.7399609712167354,0.737236690842017,1.7394162626789944,2016-01-28,6.0,0,True,False
2015-11-13,2016Q1,-6,diag4,gaussian_ar1,2.653812861520266,2.619210107849761,-0.017586074662443024,0.8898703892470649,2.3383061524439253,2.3113866073886387,0.3155067090763408,2016-04-28,6.0,0,True,False
2015-11-20,2015Q4,8,diag4,gaussian_ar1,1.5793758725054952,1.5670335169493805,-0.46165360230736885,0.7505911876817114,0.7399609712167354,0.737236690842017,0.8394149012887597,2016-01-28,8.0,0,True,False
2015-11-20,2016Q1,-5,diag4,gaussian_ar1,2.4405942780906464,2.4112876557279206,-0.10533903367534499,0.8855506205992949,2.3383061524439253,2.3113866073886387,0.10228812564672118,2016-04-28,8.0,0,True,False
2015-11-27,2015Q4,9,diag4,gaussian_ar1,1.5818916717215137,1.5695101693610918,-0.4606083396368096,0.7505707069250543,0.7399609712167354,0.737236690842017,0.8419307005047783,2016-01-28,4.0,0,True,False
2015-11-27,2016Q1,-4,diag4,gaussian_ar1,2.440798883179074,2.411487386006282,-0.10525473819521858,0.8855505157202149,2.3383061524439253,2.3113866073886387,0.10249273073514864,2016-04-28,4.0,0,True,False
2015-12-04,2015Q4,10,diag4,gaussian_ar1,1.5543806576120422,1.5424239045968395,-0.4720400049399737,0.7482632843338317,0.7399609712167354,0.737236690842017,0.8144196863953068,2016-01-28,9.0,3,True,True
2015-12-04,2016Q1,-3,diag4,gaussian_ar1,2.3992116822689757,2.370882817234115,-0.12239175741963866,0.8795604021798425,2.3383061524439253,2.3113866073886387,0.060905529825050486,2016-04-28,9.0,0,True,False
2015-12-11,2015Q4,11,diag4,gaussian_ar1,1.610403302860175,1.5975738627500018,-0.4487641539292239,0.7458534946314915,0.7399609712167354,0.737236690842017,0.8704423316434395,2016-01-28,7.0,0,True,False
2015-12-11,2016Q1,-2,diag4,gaussian_ar1,2.4912349409184076,2.4607096162418234,-0.08448066445616907,0.8753027685978196,2.3383061524439253,2.3113866073886387,0.15292878847448232,2016-04-28,7.0,0,True,False
2015-12-18,2015Q4,12,diag4,gaussian_ar1,0.9623966871676659,0.9577951500539372,-0.7187805690859965,0.7232309630211918,0.7399609712167354,0.737236690842017,0.22243571595093048,2016-01-28,12.0,0,True,False
2015-12-18,2016Q1,-1,diag4,gaussian_ar1,1.9928740329798744,1.973276243392108,-0.29020025054558646,0.8627904193239342,2.3383061524439253,2.3113866073886387,-0.34543211946405084,2016-04-28,12.0,0,True,False
2015-12-25,2015Q4,13,diag4,gaussian_ar1,0.9310507761124853,0.9267432147871786,-0.7318859320466949,0.7231093674476234,0.7399609712167354,0.737236690842017,0.1910898048957499,2016-01-28,0.0,0,True,False
2015-12-25,2016Q1,0,diag4,gaussian_ar1,1.8525551676794594,1.835604392702634,-0.3483041837548023,0.860791424882694,2.3383061524439253,2.3113866073886387,-0.4857509847644659,2016-04-28,0.0,0,True,False
2016-01-01,2015Q4,14,diag4,gaussian_ar1,0.9407921413152387,0.936394253851915,-0.7278127440535894,0.7231368821964835,0.7399609712167354,0.737236690842017,0.20083117009850326,2016-01-28,8.0,2,True,True
2016-01-01,2016Q1,1,diag4,gaussian_ar1,1.8282361675895364,1.8117248701948325,-0.3583824544681874,0.8615987662050703,2.3383061524439253,2.3113866073886387,-0.5100699848543888,2016-04-28,8.0,0,True,False
2016-01-01,2016Q2,-12,diag4,gaussian_ar1,2.5115315980274833,2.4805109657729214,-0.0761235726843563,0.9121283333939391,1.2906967702374539,1.2824382650696664,1.2208348277900294,2016-07-28,8.0,0,True,False
2016-01-08,2015Q4,15,diag4,gaussian_ar1,0.9998580209882757,0.9948925119390593,-0.7031237545199376,0.7221405883306738,0.7399609712167354,0.737236690842017,0.25989704977154027,2016-01-28,12.0,0,True,False
2016-01-08,2016Q1,2,diag4,gaussian_ar1,2.0410812266037803,2.0205303334866955,-0.2702568236143169,0.8491270284419551,2.3383061524439253,2.3113866073886387,-0.2972249258401449,2016-04-28,12.0,0,True,False
2016-01-08,2016Q2,-11,diag4,gaussian_ar1,2.6704079210516207,2.6353748442887848,-0.010763802994750238,0.905886663708921,1.2906967702374539,1.2824382650696664,1.3797111508141668,2016-07-28,12.0,0,True,False
2016-01-15,2015Q4,16,diag4,gaussian_ar1,1.0234121089418347,1.018210704982011,-0.6932823909852578,0.7218940384811565,0.7399609712167354,0.737236690842017,0.2834511377250992,2016-01-28,6.0,0,True,False
2016-01-15,2016Q1,3,diag4,gaussian_ar1,1.9556384548755856,1.9367615583240023,-0.30561114835604913,0.8475755326182483,2.3383061524439253,2.3113866073886387,-0.3826676975683396,2016-04-28,6.0,0,True,False
2016-01-15,2016Q2,-10,diag4,gaussian_ar1,2.5921031690522733,2.559077662322039,-0.042964767410100656,0.9053728523617013,1.2906967702374539,1.2824382650696664,1.3014063988148195,2016-07-28,6.0,0,True,False
2016-01-22,2015Q4,17,diag4,gaussian_ar1,0.7914808698523901,0.7883650897532031,-0.7902879459247968,0.7171838424381842,0.7399609712167354,0.737236690842017,0.05151989863565465,2016-01-28,6.0,0,True,False
2016-01-22,2016Q1,4,diag4,gaussian_ar1,1.1914508693126713,1.184408972088062,-0.6231389813989456,0.8184507228396779,2.3383061524439253,2.3113866073886387,-1.146855283131254,2016-04-28,6.0,0,True,False
2016-01-22,2016Q2,-9,diag4,gaussian_ar1,2.3192031131608504,2.292718306961169,-0.15538082135308035,0.9021901333080452,1.2906967702374539,1.2824382650696664,1.0285063429233965,2016-07-28,6.0,0,True,False
2016-01-29,2016Q1,5,diag4,gaussian_ar1,1.1736069130919402,1.166773559668048,-0.6249146793166187,0.81824328897918,2.3383061524439253,2.3113866073886387,-1.164699239351985,2016-04-28,6.0,0,True,False
2016-01-29,2016Q2,-8,diag4,gaussian_ar1,2.299041865321483,2.2730120995242507,-0.15737206912329205,0.8996742082542153,1.2906967702374539,1.2824382650696664,1.008345095084029,2016-07-28,6.0,0,True,False
2016-02-05,2016Q1,6,diag4,gaussian_ar1,1.0501285895432533,1.044653039455622,-0.6765279116541094,0.8049385324052422,2.3383061524439253,2.3113866073886387,-1.288177562900672,2016-04-28,14.0,14,False,True
2016-02-05,2016Q2,-7,diag4,gaussian_ar1,2.2079515456715493,2.1839292528650294,-0.1950222007629997,0.8929101612006477,1.2906967702374539,1.2824382650696664,0.9172547754340954,2016-07-28,14.0,0,True,False
2016-02-12,2016Q1,7,diag4,gaussian_ar1,1.0513209615630847,1.0458330131990141,-0.6760292054672712,0.8049026714584819,2.3383061524439253,2.3113866073886387,-1.2869851908808405,2016-04-28,4.0,0,True,False
2016-02-12,2016Q2,-6,diag4,gaussian_ar1,2.2095223628964877,2.185466124635278,-0.19437265456377967,0.8928988261848382,1.2906967702374539,1.2824382650696664,0.9188255926590339,2016-07-28,4.0,0,True,False
2016-02-19,2016Q1,8,diag4,gaussian_ar1,2.071336372735577,2.050175904990091,-0.2515519519283076,0.7494474349142304,2.3383061524439253,2.3113866073886387,-0.2669697797083481,2016-04-28,11.0,0,True,False
2016-02-19,2016Q2,-5,diag4,gaussian_ar1,2.246581493172961,2.221717554632603,-0.1790512861666949,0.8873840275753221,1.2906967702374539,1.2824382650696664,0.9558847229355072,2016-07-28,11.0,0,True,False
2016-02-26,2016Q1,9,diag4,gaussian_ar1,2.0719492694009745,2.050776362324232,-0.2512981735801492,0.7494248639117184,2.3383061524439253,2.3113866073886387,-0.2663568830429508,2016-04-28,4.0,0,True,False
2016-02-26,2016Q2,-4,diag4,gaussian_ar1,2.246601708607998,2.221737325888271,-0.17904293000828161,0.8873838677098416,1.2906967702374539,1.2824382650696664,0.9559049383705442,2016-07-28,4.0,0,True,False
2016-03-04,2016Q1,10,diag4,gaussian_ar1,2.2001094137960697,2.1762562366028337,-0.19826513790723346,0.7471983310574002,2.3383061524439253,2.3113866073886387,-0.13819673864785553,2016-04-28,9.0,11,False,True
2016-03-04,2016Q2,-3,diag4,gaussian_ar1,2.4832776960820757,2.4529454852404093,-0.08132470520701506,0.8805429751092074,1.2906967702374539,1.2824382650696664,1.1925809258446218,2016-07-28,9.0,0,True,False
2016-03-11,2016Q1,11,diag4,gaussian_ar1,2.3080513969840677,2.281818765534468,-0.15365000424743497,0.7448914595176686,2.3383061524439253,2.3113866073886387,-0.030254755459857563,2016-04-28,7.0,0,True,False
2016-03-11,2016Q2,-2,diag4,gaussian_ar1,2.6824371961096327,2.6470905573726777,0.0007291109551769147,0.8763637088581631,1.2906967702374539,1.2824382650696664,1.3917404258721788,2016-07-28,7.0,0,True,False
2016-03-18,2016Q1,12,diag4,gaussian_ar1,1.7705982462486336,1.7551057613019805,-0.37626091857486116,0.7217095204763847,2.3383061524439253,2.3113866073886387,-0.5677079061952917,2016-04-28,12.0,0,True,False
2016-03-18,2016Q2,-1,diag4,gaussian_ar1,2.2132381929631295,2.189101561371315,-0.1928361671611798,0.8633640732269944,1.2906967702374539,1.2824382650696664,0.9225414227256756,2016-07-28,12.0,0,True,False
2016-03-25,2016Q1,13,diag4,gaussian_ar1,1.8052687946946477,1.7891673121971476,-0.3618650845490195,0.7215934224328753,2.3383061524439253,2.3113866073886387,-0.5330373577492775,2016-04-28,0.0,0,True,False
2016-03-25,2016Q2,0,diag4,gaussian_ar1,2.365930524187565,2.3383761532425247,-0.12974649002149063,0.861498986957168,1.2906967702374539,1.2824382650696664,1.0752337539501111,2016-07-28,0.0,0,True,False
2016-04-01,2016Q1,14,diag4,gaussian_ar1,1.859987665928764,1.8429014379892905,-0.3391547987253301,0.7211578086259912,2.3383061524439253,2.3113866073886387,-0.4783184865151613,2016-04-28,11.0,12,False,True
2016-04-01,2016Q2,1,diag4,gaussian_ar1,2.58056879346924,2.547834083452732,-0.04122082047746813,0.8544834567772756,1.2906967702374539,1.2824382650696664,1.2898720232317862,2016-07-28,11.0,0,True,False
2016-04-01,2016Q3,-12,diag4,gaussian_ar1,2.751362401128832,2.7141926678730655,0.029089265444922473,0.907215518735994,2.8678981414693494,2.827543676441542,-0.11653574034051761,2016-10-28,11.0,0,True,False
2016-04-08,2016Q1,15,diag4,gaussian_ar1,1.923940085389364,1.9056663697145382,-0.3126277171329254,0.7205408462747774,2.3383061524439253,2.3113866073886387,-0.41436606705456125,2016-04-28,9.0,0,True,False
2016-04-08,2016Q2,2,diag4,gaussian_ar1,2.7504018781914885,2.7132578603878548,0.028694176758425845,0.8483480942253341,1.2906967702374539,1.2824382650696664,1.4597051079540346,2016-07-28,9.0,0,True,False
2016-04-08,2016Q3,-11,diag4,gaussian_ar1,2.878299033144538,2.837654086088839,0.0812692172826843,0.9039342227970327,2.8678981414693494,2.827543676441542,0.01040089167518854,2016-10-28,9.0,0,True,False
2016-04-15,2016Q1,16,diag4,gaussian_ar1,1.8960730407658888,1.8783216115922148,-0.32418475399884233,0.7203068498094601,2.3383061524439253,2.3113866073886387,-0.4422331116780365,2016-04-28,6.0,0,True,False
2016-04-15,2016Q2,3,diag4,gaussian_ar1,2.717571617782455,2.681301288149545,0.015187994629684341,0.8467769389843414,1.2906967702374539,1.2824382650696664,1.426874847545001,2016-07-28,6.0,0,True,False
2016-04-15,2016Q3,-10,diag4,gaussian_ar1,2.8830811287487323,2.842302281587241,0.0832337388372256,0.903424261546197,2.8678981414693494,2.827543676441542,0.015182987279382942,2016-10-28,6.0,0,True,False
2016-04-22,2016Q1,17,diag4,gaussian_ar1,1.5320853091931763,1.5204673961684834,-0.4754288916055878,0.7154941421201125,2.3383061524439253,2.3113866073886387,-0.8062208432507489,2016-04-28,6.0,0,True,False
2016-04-22,2016Q2,4,diag4,gaussian_ar1,1.7923063730128863,1.7764339368722228,-0.3672467407845369,0.8174477334280897,1.2906967702374539,1.2824382650696664,0.5016096027754324,2016-07-28,6.0,0,True,False
2016-04-22,2016Q3,-9,diag4,gaussian_ar1,2.672672156184741,2.6375801634379403,-0.0032903787335404845,0.9004657019534487,2.8678981414693494,2.827543676441542,-0.19522598528460833,2016-10-28,6.0,0,True,False
2016-04-29,2016Q2,5,diag4,gaussian_ar1,1.777314421179832,1.7617048709127214,-0.3738231223795323,0.8172427379288604,1.2906967702374539,1.2824382650696664,0.4866176509423781,2016-07-28,6.0,0,True,False
2016-04-29,2016Q3,-8,diag4,gaussian_ar1,2.7467034586072803,2.7096583745668426,0.0284146443610596,0.8979638043256807,2.8678981414693494,2.827543676441542,-0.12119468286206914,2016-10-28,6.0,0,True,False
2016-05-06,2016Q2,6,diag4,gaussian_ar1,1.983759361355708,1.9643392671526767,-0.2878408387609814,0.8061772293378312,1.2906967702374539,1.2824382650696664,0.6930625911182542,2016-07-28,14.0,6,True,True
2016-05-06,2016Q3,-7,diag4,gaussian_ar1,2.929873275135275,2.8877728374405356,0.10399257460167098,0.8924951422778516,2.8678981414693494,2.827543676441542,0.061975133665925775,2016-10-28,14.0,0,True,False
2016-05-13,2016Q2,7,diag4,gaussian_ar1,1.987211002605993,1.9677237107766405,-0.2864047440161283,0.8061239588937319,1.2906967702374539,1.2824382650696664,0.6965142323685392,2016-07-28,6.0,0,True,False
2016-05-13,2016Q3,-6,diag4,gaussian_ar1,2.994224774911558,2.95027305230653,0.1305128066084061,0.8914845242947129,2.8678981414693494,2.827543676441542,0.12632663344220862,2016-10-28,6.0,0,True,False
2016-05-20,2016Q2,8,diag4,gaussian_ar1,2.157600107304858,2.134653394993425,-0.2155727642584261,0.7502288623841247,1.2906967702374539,1.2824382650696664,0.866903337067404,2016-07-28,9.0,0,True,False
2016-05-20,2016Q3,-5,diag4,gaussian_ar1,2.785122536574458,2.747043415281203,0.044277949078520874,0.8873165424942995,2.8678981414693494,2.827543676441542,-0.08277560489489133,2016-10-28,9.0,0,True,False
2016-05-27,2016Q2,9,diag4,gaussian_ar1,2.167516080617382,2.1443594688284198,-0.21145426113758944,0.7502058822280065,1.2906967702374539,1.2824382650696664,0.8768193103799282,2016-07-28,4.0,0,True,False
2016-05-27,2016Q3,-4,diag4,gaussian_ar1,2.7859441386849815,2.7478427516117794,0.04461712527149479,0.8873164033496523,2.8678981414693494,2.827543676441542,-0.08195400278436793,2016-10-28,4.0,0,True,False
2016-06-03,2016Q2,10,diag4,gaussian_ar1,2.186180525520909,2.162626273163643,-0.20370324956058214,0.7478300123997325,1.2906967702374539,1.2824382650696664,0.8954837552834549,2016-07-28,9.0,4,True,True
2016-06-03,2016Q3,-3,diag4,gaussian_ar1,2.809574521238889,2.770830006209528,0.054371128940718626,0.880374834744039,2.8678981414693494,2.827543676441542,-0.05832362023046045,2016-10-28,9.0,0,True,False
2016-06-10,2016Q2,11,diag4,gaussian_ar1,2.0658391132954756,2.044790056549375,-0.253703778520469,0.7456338987372699,1.2906967702374539,1.2824382650696664,0.7751423430580218,2016-07-28,7.0,0,True,False
2016-06-10,2016Q3,-2,diag4,gaussian_ar1,2.622297338048374,2.5885046120286663,-0.022993593160848563,0.8762539611951304,2.8678981414693494,2.827543676441542,-0.24560080342097557,2016-10-28,7.0,0,True,False
2016-06-17,2016Q2,12,diag4,gaussian_ar1,1.9825863577683789,1.9631890738860178,-0.2883288913596769,0.722432078068305,1.2906967702374539,1.2824382650696664,0.691889587530925,2016-07-28,10.0,0,True,False
2016-06-17,2016Q3,-1,diag4,gaussian_ar1,2.7409568388398586,2.7040652214202154,0.02604134501455664,0.8637787159354765,2.8678981414693494,2.827543676441542,-0.12694130262949077,2016-10-28,10.0,0,True,False
2016-06-24,2016Q2,13,diag4,gaussian_ar1,1.9832752470015924,1.9638645685279266,-0.28804226395109694,0.7222992283643157,1.2906967702374539,1.2824382650696664,0.6925784767641385,2016-07-28,2.0,0,True,False
2016-06-24,2016Q3,0,diag4,gaussian_ar1,2.730937362369046,2.6943125722632955,0.02190307894817032,0.8614816257355798,2.8678981414693494,2.827543676441542,-0.13696077910030358,2016-10-28,2.0,0,True,False
2016-07-01,2016Q2,14,diag4,gaussian_ar1,2.01782371093584,1.9977354294605587,-0.273670103917292,0.7219220499625847,1.2906967702374539,1.2824382650696664,0.727126940698386,2016-07-28,11.0,4,True,True
2016-07-01,2016Q3,1,diag4,gaussian_ar1,2.8983622735261116,2.8571541016083377,0.09100036361865504,0.8547481620618993,2.8678981414693494,2.827543676441542,0.03046413205676224,2016-10-28,11.0,0,True,False
2016-07-01,2016Q4,-13,diag4,gaussian_ar1,2.8243796287032774,2.7852294837191214,0.06048114768463733,0.9075447483523434,2.235699518586598,2.211074114484348,0.5886801101166794,2017-01-28,11.0,0,True,False
2016-07-08,2016Q2,15,diag4,gaussian_ar1,2.1428319741532142,2.1201961243681087,-0.22170730590743665,0.7213141776389551,1.2906967702374539,1.2824382650696664,0.8521352039157604,2016-07-28,9.0,0,True,False
2016-07-08,2016Q3,2,diag4,gaussian_ar1,3.3345689340568807,3.280178017785843,0.2704988249516107,0.8487727894720277,2.8678981414693494,2.827543676441542,0.4666707925875313,2016-10-28,9.0,0,True,False
2016-07-08,2016Q4,-12,diag4,gaussian_ar1,3.1588690053222512,3.1100031464781077,0.19828984009493716,0.9042732425880959,2.235699518586598,2.211074114484348,0.9231694867356532,2017-01-28,9.0,0,True,False
2016-07-15,2016Q2,16,diag4,gaussian_ar1,2.161092191955305,2.1380716673125093,-0.2141223152454317,0.7210708990250168,1.2906967702374539,1.2824382650696664,0.8703954217178511,2016-07-28,6.0,0,True,False
2016-07-15,2016Q3,3,diag4,gaussian_ar1,3.425949286013985,3.3685704813892032,0.30800571428685775,0.8471821950168267,2.8678981414693494,2.827543676441542,0.5580511445446357,2016-10-28,6.0,0,True,False
2016-07-15,2016Q4,-11,diag4,gaussian_ar1,3.1999453790061416,3.149813778603453,0.21518237722561143,0.9037618444157336,2.235699518586598,2.211074114484348,0.9642458604195436,2017-01-28,6.0,0,True,False
2016-07-22,2016Q2,17,diag4,gaussian_ar1,2.1587932282180367,2.135821310003785,-0.21507719192951014,0.7162830960834062,1.2906967702374539,1.2824382650696664,0.8680964579805828,2016-07-28,6.0,0,True,False
2016-07-22,2016Q3,4,diag4,gaussian_ar1,3.206753972532339,3.156411038818415,0.21798174154595396,0.8178732613116744,2.8678981414693494,2.827543676441542,0.33885583106298967,2016-10-28,6.0,0,True,False
2016-07-22,2016Q4,-10,diag4,gaussian_ar1,3.020626171581764,2.9759036286396894,0.14138843051272576,0.9007847465029827,2.235699518586598,2.211074114484348,0.784926652995166,2017-01-28,6.0,0,True,False
2016-07-29,2016Q3,5,diag4,gaussian_ar1,3.1752982865145496,3.1259280719935023,0.21019163509275945,0.8176894167405228,2.8678981414693494,2.827543676441542,0.3074001450452002,2016-10-28,6.0,0,True,False
2016-07-29,2016Q4,-9,diag4,gaussian_ar1,2.922360321465245,2.88047347173329,0.10575974208184205,0.8983270910514413,2.235699518586598,2.211074114484348,0.686660802878647,2017-01-28,6.0,0,True,False
2016-08-05,2016Q3,6,diag4,gaussian_ar1,3.226985824085893,3.176012342014572,0.23150064752448965,0.8060785685509545,2.8678981414693494,2.827543676441542,0.35908768261654345,2016-10-28,14.0,10,True,True
2016-08-05,2016Q4,-8,diag4,gaussian_ar1,2.9483884242877734,2.905759339803211,0.1165179477384757,0.8925469197910779,2.235699518586598,2.211074114484348,0.7126889057011754,2017-01-28,14.0,0,True,False
2016-08-12,2016Q3,7,diag4,gaussian_ar1,3.257084272051314,3.2051656303671066,0.24390429808520736,0.8060457226962874,2.8678981414693494,2.827543676441542,0.3891861305819644,2016-10-28,4.0,0,True,False
2016-08-12,2016Q4,-7,diag4,gaussian_ar1,2.9670939658899,2.9239275138875196,0.12424783672880158,0.8925360974967583,2.235699518586598,2.211074114484348,0.7313944473033018,2017-01-28,4.0,0,True,False
2016-08-19,2016Q3,8,diag4,gaussian_ar1,3.0267329201185467,2.9818311479881427,0.14888370061128328,0.7507205711384399,2.8678981414693494,2.827543676441542,0.15883477864919726,2016-10-28,11.0,0,True,False
2016-08-19,2016Q4,-6,diag4,gaussian_ar1,2.7257929017857174,2.6893047435318778,0.024424488436570815,0.8890353830977099,2.235699518586598,2.211074114484348,0.49009338319911944,2017-01-28,11.0,0,True,False
2016-08-26,2016Q3,9,diag4,gaussian_ar1,3.027098114897786,2.982185613398859,0.14903451258958292,0.7501010179032923,2.8678981414693494,2.827543676441542,0.15919997342843661,2016-10-28,4.0,0,True,False
2016-08-26,2016Q4,-5,diag4,gaussian_ar1,2.732918885182656,2.696241400865912,0.02737578067470069,0.8873487714110253,2.235699518586598,2.211074114484348,0.4972193665960578,2017-01-28,4.0,0,True,False
2016-09-02,2016Q3,10,diag4,gaussian_ar1,2.805592516262445,2.766956746241102,0.05746255588536271,0.7479903696252178,2.8678981414693494,2.827543676441542,-0.0623056252069043,2016-10-28,8.0,6,True,True
2016-09-02,2016Q4,-4,diag4,gaussian_ar1,2.334512921322318,2.307679978302088,-0.13794279500624898,0.8817429476239348,2.235699518586598,2.211074114484348,0.09881340273572015,2017-01-28,8.0,0,True,False
2016-09-09,2016Q3,11,diag4,gaussian_ar1,2.702477575552664,2.6666055052245294,0.014766798485641736,0.7454833890951097,2.8678981414693494,2.827543676441542,-0.1654205659166852,2016-10-28,8.0,0,True,False
2016-09-09,2016Q4,-3,diag4,gaussian_ar1,2.1508695936428124,2.1280648148192234,-0.21436243234894153,0.8768219601375538,2.235699518586598,2.211074114484348,-0.0848299249437856,2017-01-28,8.0,0,True,False
2016-09-16,2016Q3,12,diag4,gaussian_ar1,2.650666346138242,2.616144889405024,-0.006702335223570072,0.7439752492929934,2.8678981414693494,2.827543676441542,-0.2172317953311076,2016-10-28,8.0,0,True,False
2016-09-16,2016Q4,-2,diag4,gaussian_ar1,2.03570196185483,2.015258528760893,-0.2623573527297926,0.8735140476975083,2.235699518586598,2.211074114484348,-0.199997556731768,2017-01-28,8.0,0,True,False
2016-09-23,2016Q3,13,diag4,gaussian_ar1,2.7947286126020376,2.75638876306784,0.05296626823411755,0.7220283588757457,2.8678981414693494,2.827543676441542,-0.07316952886731176,2016-10-28,4.0,0,True,False
2016-09-23,2016Q4,-1,diag4,gaussian_ar1,2.3478518974681117,2.320713808721714,-0.1323973801618671,0.8618131630885337,2.235699518586598,2.211074114484348,0.11215237888151375,2017-01-28,4.0,0,True,False
2016-09-30,2016Q3,14,diag4,gaussian_ar1,2.807637380466632,2.768945785764755,0.05830881895196797,0.7219780036404561,2.8678981414693494,2.827543676441542,-0.06026076100271727,2016-10-28,8.0,0,True,False
2016-09-30,2016Q4,0,diag4,gaussian_ar1,2.381158955954943,2.3532515117485926,-0.1185537857956514,0.8616306993485018,2.235699518586598,2.211074114484348,0.14545943736834488,2017-01-28,8.0,0,True,False
2016-10-07,2016Q3,15,diag4,gaussian_ar1,3.0014371929474093,2.9572755473784196,0.1384361968652754,0.7210403538110818,2.8678981414693494,2.827543676441542,0.1335390514780599,2016-10-28,12.0,4,True,True
2016-10-07,2016Q4,1,diag4,gaussian_ar1,3.107368723616988,3.060067409692032,0.1821703487456964,0.8491951203873718,2.235699518586598,2.211074114484348,0.8716692050303898,2017-01-28,12.0,0,True,False
2016-10-07,2017Q1,-12,diag4,gaussian_ar1,3.1919180507802736,3.142035053128022,0.21704456239086606,0.9052634695365885,1.9618307902452337,1.942834932414497,1.23008726053504,2017-04-28,12.0,0,True,False
2016-10-14,2016Q3,16,diag4,gaussian_ar1,3.0011671674797347,2.9570133900445095,0.13832465857421095,0.7207950747411631,2.8678981414693494,2.827543676441542,0.13326902601038526,2016-10-28,6.0,0,True,False
2016-10-14,2016Q4,2,diag4,gaussian_ar1,3.1612055435676467,3.112268111000439,0.20437982474800095,0.8475510130343357,2.235699518586598,2.211074114484348,0.9255060249810487,2017-01-28,6.0,0,True,False
2016-10-14,2017Q1,-11,diag4,gaussian_ar1,3.2248724985093347,3.1739650602959166,0.23062960454880646,0.904734579658834,1.9618307902452337,1.942834932414497,1.263041708264101,2017-04-28,6.0,0,True,False
2016-10-21,2016Q3,17,diag4,gaussian_ar1,2.78996623953478,2.751755759554102,0.05099509585945859,0.7159602118002133,2.8678981414693494,2.827543676441542,-0.07793190193456923,2016-10-28,6.0,0,True,False
2016-10-21,2016Q4,3,diag4,gaussian_ar1,2.484744634954139,2.454376868395105,-0.07552867070388368,0.818127508290318,2.235699518586598,2.211074114484348,0.24904511636754112,2017-01-28,6.0,0,True,False
2016-10-21,2017Q1,-10,diag4,gaussian_ar1,2.9945789479333573,2.950616928299193,0.13560319966520243,0.9017188358173045,1.9618307902452337,1.942834932414497,1.0327481576881237,2017-04-28,6.0,0,True,False
2016-10-28,2016Q4,4,diag4,gaussian_ar1,2.4854819236277192,2.455096278902645,-0.07617883438438751,0.8179417910703599,2.235699518586598,2.211074114484348,0.24978240504112126,2017-01-28,6.0,0,True,False
2016-10-28,2017Q1,-9,diag4,gaussian_ar1,3.0023691224870586,2.958180316621588,0.13871345699167079,0.8992668853290642,1.9618307902452337,1.942834932414497,1.040538332241825,2017-04-28,6.0,0,True,False
2016-11-04,2016Q4,5,diag4,gaussian_ar1,2.635637923964773,2.6015034623953195,-0.013641022059217934,0.8115657370409076,2.235699518586598,2.211074114484348,0.39993840537817515,2017-01-28,13.0,4,True,True
2016-11-04,2017Q1,-8,diag4,gaussian_ar1,3.127860713831443,3.0799398537335234,0.1907230298763696,0.8954590196174448,1.9618307902452337,1.942834932414497,1.1660299235862093,2017-04-28,13.0,0,True,False
2016-11-11,2016Q4,6,diag4,gaussian_ar1,2.4588945080342706,2.4291502966751413,-0.0872616578389962,0.8061480547672423,2.235699518586598,2.211074114484348,0.22319498944767258,2017-01-28,5.0,0,True,False
2016-11-11,2017Q1,-7,diag4,gaussian_ar1,3.00140906893962,2.9572482428937343,0.13831532180133937,0.8929108144758013,1.9618307902452337,1.942834932414497,1.0395782786943863,2017-04-28,5.0,0,True,False
2016-11-18,2016Q4,7,diag4,gaussian_ar1,2.4084664941357747,2.3799203806257765,-0.10829021106454928,0.7507524820364151,2.235699518586598,2.211074114484348,0.17276697554917675,2017-01-28,11.0,0,True,False
2016-11-18,2017Q1,-6,diag4,gaussian_ar1,3.073167532870813,3.0268914448984106,0.16806340787739077,0.8893648245061003,1.9618307902452337,1.942834932414497,1.1113367426255794,2017-04-28,11.0,0,True,False
2016-11-25,2016Q4,8,diag4,gaussian_ar1,2.4096193354757878,2.38104610283469,-0.1078093589468332,0.7501416404445443,2.235699518586598,2.211074114484348,0.17391981688918978,2017-01-28,0.0,0,True,False
2016-11-25,2017Q1,-5,diag4,gaussian_ar1,3.0753201518119555,3.0289798608411105,0.16895547451760434,0.8876157416812473,1.9618307902452337,1.942834932414497,1.1134893615667218,2017-04-28,0.0,0,True,False
2016-12-02,2016Q4,9,diag4,gaussian_ar1,2.465075001787098,2.4351822838257773,-0.08468509519107686,0.7480480531583016,2.235699518586598,2.211074114484348,0.22937548320050016,2017-01-28,11.0,3,True,True
2016-12-02,2017Q1,-4,diag4,gaussian_ar1,3.1659930610557607,3.116908815203624,0.20651431770200607,0.881678211564394,1.9618307902452337,1.942834932414497,1.204162270810527,2017-04-28,11.0,0,True,False
2016-12-09,2016Q4,10,diag4,gaussian_ar1,2.462936532088622,2.4330952390313296,-0.08557657614546536,0.7455658069453068,2.235699518586598,2.211074114484348,0.22723701350202408,2017-01-28,9.0,0,True,False
2016-12-09,2017Q1,-3,diag4,gaussian_ar1,3.197728224355645,3.147665348718683,0.21965196760996825,0.8767440038753714,1.9618307902452337,1.942834932414497,1.2358974341104112,2017-04-28,9.0,0,True,False
2016-12-16,2016Q4,11,diag4,gaussian_ar1,2.3725950289488207,2.344886412848623,-0.12325496654707851,0.7444137558732973,2.235699518586598,2.211074114484348,0.1368955103622227,2017-01-28,8.0,0,True,False
2016-12-16,2017Q1,-2,diag4,gaussian_ar1,3.102559006530936,3.0554025352702516,0.18024191699370987,0.87505263059201,1.9618307902452337,1.942834932414497,1.1407282162857024,2017-04-28,8.0,0,True,False
2016-12-23,2016Q4,12,diag4,gaussian_ar1,1.9423405639285907,1.9237178871411524,-0.30315705597754744,0.722130858024564,2.235699518586598,2.211074114484348,-0.2933589546580073,2017-01-28,4.0,0,True,False
2016-12-23,2017Q1,-1,diag4,gaussian_ar1,2.98090133129294,2.937336108036531,0.129809855587275,0.8617723309003611,1.9618307902452337,1.942834932414497,1.0190705410477063,2017-04-28,4.0,0,True,False
2016-12-30,2016Q4,13,diag4,gaussian_ar1,1.9256332202246762,1.9073275307441138,-0.3101581949097224,0.7220790820070048,2.235699518586598,2.211074114484348,-0.3100662983619218,2017-01-28,8.0,0,True,False
2016-12-30,2017Q1,0,diag4,gaussian_ar1,2.914816240919227,2.8731433279027176,0.10238991661385599,0.8615913291082176,1.9618307902452337,1.942834932414497,0.9529854506739932,2017-04-28,8.0,0,True,False
2017-01-06,2016Q4,14,diag4,gaussian_ar1,1.9937435578623708,1.974128774693206,-0.2816240509045191,0.7212848557966255,2.235699518586598,2.211074114484348,-0.2419559607242272,2017-01-28,10.0,6,True,True
2017-01-06,2017Q1,1,diag4,gaussian_ar1,3.181280008814924,3.1317255341839165,0.21284327758470659,0.8492756944843868,1.9618307902452337,1.942834932414497,1.2194492185696904,2017-04-28,10.0,0,True,False
2017-01-06,2017Q2,-12,diag4,gaussian_ar1,3.2319922923491395,3.1808621851261516,0.23383199263000767,0.9051634532257125,2.258367983115228,2.233244405190973,0.9736243092339114,2017-07-28,10.0,0,True,False
2017-01-13,2016Q4,15,diag4,gaussian_ar1,1.9954062188847654,1.9757589212223294,-0.28092773399390825,0.7212453699571477,2.235699518586598,2.211074114484348,-0.24029329970183255,2017-01-28,6.0,0,True,False
2017-01-13,2017Q1,2,diag4,gaussian_ar1,3.213863473300904,3.1632994018699,0.22633005169387826,0.8485503650648776,1.9618307902452337,1.942834932414497,1.2520326830556705,2017-04-28,6.0,0,True,False
2017-01-13,2017Q2,-11,diag4,gaussian_ar1,3.2575409556296675,3.2056079075935653,0.2444021252601139,0.9047332525944731,2.258367983115228,2.233244405190973,0.9991729725144394,2017-07-28,6.0,0,True,False
2017-01-20,2016Q4,16,diag4,gaussian_ar1,2.152398011556489,2.129561039457828,-0.21523117610673048,0.7162139175952269,2.235699518586598,2.211074114484348,-0.08330150703010908,2017-01-28,8.0,0,True,False
2017-01-20,2017Q1,3,diag4,gaussian_ar1,3.6578931137105197,3.5925801597885787,0.40969728022107826,0.8182312667817978,1.9618307902452337,1.942834932414497,1.696062323465286,2017-04-28,8.0,0,True,False
2017-01-20,2017Q2,-10,diag4,gaussian_ar1,3.3850028822455247,3.3289725743400855,0.2970973290916731,0.9016160674798083,2.258367983115228,2.233244405190973,1.1266348991302966,2017-07-28,8.0,0,True,False
2017-01-27,2016Q4,17,diag4,gaussian_ar1,2.1427994656734173,2.1201642978714683,-0.21924499324177069,0.7161714473763858,2.235699518586598,2.211074114484348,-0.09290005291318071,2017-01-28,4.0,0,True,False
2017-01-27,2017Q1,4,diag4,gaussian_ar1,3.6537937329198744,3.588625360275305,0.40800798804398253,0.8182250427131772,1.9618307902452337,1.942834932414497,1.6919629426746408,2017-04-28,4.0,0,True,False
2017-01-27,2017Q2,-9,diag4,gaussian_ar1,3.3835686037574364,3.327585246974217,0.29650473235993835,0.9016153630499505,2.258367983115228,2.233244405190973,1.1252006206422083,2017-07-28,4.0,0,True,False
2017-02-03,2017Q1,5,diag4,gaussian_ar1,3.855720399936313,3.7832446109599283,0.4944363927422354,0.8116585427212688,1.9618307902452337,1.942834932414497,1.8938896096910796,2017-04-28,12.0,5,True,True
2017-02-03,2017Q2,-8,diag4,gaussian_ar1,3.5655553077829305,3.5034610830215964,0.374468955925982,0.8956956018410004,2.258367983115228,2.233244405190973,1.3071873246677024,2017-07-28,12.0,0,True,False
2017-02-10,2017Q1,6,diag4,gaussian_ar1,3.7955886639867487,3.7253285420447293,0.4696027565756297,0.806182334397309,1.9618307902452337,1.942834932414497,1.833757873741515,2017-04-28,7.0,0,True,False
2017-02-10,2017Q2,-7,diag4,gaussian_ar1,3.521642437242134,3.461051053162539,0.35628410203203414,0.8931968245332376,2.258367983115228,2.233244405190973,1.2632744541269059,2017-07-28,7.0,0,True,False
2017-02-17,2017Q1,7,diag4,gaussian_ar1,3.2549443821585644,3.2030932185015484,0.24567523074147346,0.750311878586574,1.9618307902452337,1.942834932414497,1.2931135919133308,2017-04-28,10.0,0,True,False
2017-02-17,2017Q2,-6,diag4,gaussian_ar1,3.898451870630848,3.8243811819660407,0.5120752045028079,0.8881998218646963,2.258367983115228,2.233244405190973,1.6400838875156198,2017-07-28,10.0,0,True,False
2017-02-24,2017Q1,8,diag4,gaussian_ar1,3.2647790024109113,3.212617364765741,0.2497590573469844,0.7501713937543361,1.9618307902452337,1.942834932414497,1.3029482121656777,2017-04-28,2.0,0,True,False
2017-02-24,2017Q2,-5,diag4,gaussian_ar1,3.9143083884084273,3.8396415709706173,0.5186186553170442,0.8878955664649433,2.258367983115228,2.233244405190973,1.6559404052931992,2017-07-28,2.0,0,True,False
2017-03-03,2017Q1,9,diag4,gaussian_ar1,3.3096421661896525,3.2560527177298537,0.2683835560825296,0.7476769663368107,1.9618307902452337,1.942834932414497,1.3478113759444188,2017-04-28,12.0,5,True,True
2017-03-03,2017Q2,-4,diag4,gaussian_ar1,3.966245371163568,3.8896096732259684,0.5400443096231413,0.8799466867556317,2.258367983115228,2.233244405190973,1.70787738804834,2017-07-28,12.0,0,True,False
2017-03-10,2017Q1,10,diag4,gaussian_ar1,3.2308125866732817,3.1797194072039563,0.235652852902929,0.7454937117943328,1.9618307902452337,1.942834932414497,1.268981796428048,2017-04-28,8.0,0,True,False
2017-03-10,2017Q2,-3,diag4,gaussian_ar1,3.83240579748485,3.7607930601888038,0.48480946788926327,0.8760595461233937,2.258367983115228,2.233244405190973,1.574037814369622,2017-07-28,8.0,0,True,False
2017-03-17,2017Q1,11,diag4,gaussian_ar1,2.498732422466099,2.468024590381758,-0.06951237107834478,0.7223081043384176,1.9618307902452337,1.942834932414497,0.5369016322208653,2017-04-28,10.0,0,True,False
2017-03-17,2017Q2,-2,diag4,gaussian_ar1,3.254274178209382,3.2024441395365817,0.24539691435776,0.8637659468375033,2.258367983115228,2.233244405190973,0.9959061950941539,2017-07-28,10.0,0,True,False
2017-03-24,2017Q1,12,diag4,gaussian_ar1,2.4836997288464113,2.4533572908586936,-0.07580151305094211,0.7221702859419894,1.9618307902452337,1.942834932414497,0.5218689386011777,2017-04-28,2.0,0,True,False
2017-03-24,2017Q2,-1,diag4,gaussian_ar1,3.179237233020271,3.129745721551132,0.21422480451063086,0.8613266363934365,2.258367983115228,2.233244405190973,0.920869249905043,2017-07-28,2.0,0,True,False
2017-03-31,2017Q1,13,diag4,gaussian_ar1,2.483540567521425,2.453201986699108,-0.07586810539856764,0.7221148586540754,1.9618307902452337,1.942834932414497,0.5217097772761914,2017-04-28,8.0,0,True,False
2017-03-31,2017Q2,0,diag4,gaussian_ar1,3.1607086665982775,3.1117864588489716,0.2065241127316538,0.8611538789073998,2.258367983115228,2.233244405190973,0.9023406834830494,2017-07-28,8.0,0,True,False
2017-04-07,2017Q1,14,diag4,gaussian_ar1,2.4620108714318745,2.432191824714537,-0.08487698200741088,0.7213117073591592,1.9618307902452337,1.942834932414497,0.5001800811866408,2017-04-28,12.0,5,True,True
2017-04-07,2017Q2,1,diag4,gaussian_ar1,3.104732000412458,3.057510117277643,0.18325114299659856,0.8493974820216081,2.258367983115228,2.233244405190973,0.8463640172972298,2017-07-28,12.0,0,True,False
2017-04-07,2017Q3,-12,diag4,gaussian_ar1,3.321355949781535,3.267390594148422,0.27324508593347524,0.9048759591115896,3.1915992394406345,3.1417261027391388,0.1297567103409003,2017-10-28,12.0,0,True,False
2017-04-14,2017Q1,15,diag4,gaussian_ar1,2.4404074833595857,2.4111053111186576,-0.09391859716656462,0.721060340579256,1.9618307902452337,1.942834932414497,0.478576693114352,2017-04-28,6.0,0,True,False
2017-04-14,2017Q2,2,diag4,gaussian_ar1,3.032091828002703,2.987032485899204,0.15303127676052897,0.8477832952921461,2.258367983115228,2.233244405190973,0.773723844887475,2017-07-28,6.0,0,True,False
2017-04-14,2017Q3,-11,diag4,gaussian_ar1,3.296248225278431,3.2430870264762213,0.26282404098987544,0.904385501920004,3.1915992394406345,3.1417261027391388,0.10464898583779636,2017-10-28,6.0,0,True,False
2017-04-21,2017Q1,16,diag4,gaussian_ar1,2.655144943793686,2.6205077446286604,-0.004129632832616733,0.7162707959258394,1.9618307902452337,1.942834932414497,0.6933141535484522,2017-04-28,6.0,0,True,False
2017-04-21,2017Q2,3,diag4,gaussian_ar1,3.3267301409749983,3.2725918919647583,0.27547533290956394,0.8185530759300982,2.258367983115228,2.233244405190973,1.0683621578597702,2017-07-28,6.0,0,True,False
2017-04-21,2017Q3,-10,diag4,gaussian_ar1,3.206429478994832,3.156096627178553,0.2255237206019507,0.9013963959701633,3.1915992394406345,3.1417261027391388,0.01483023955419771,2017-10-28,6.0,0,True,False
2017-04-28,2017Q2,4,diag4,gaussian_ar1,3.3347609009957813,3.28036378984892,0.2821011627692838,0.8183705221795151,2.258367983115228,2.233244405190973,1.0763929178805531,2017-07-28,6.0,0,True,False
2017-04-28,2017Q3,-9,diag4,gaussian_ar1,3.1344759021462387,3.086354198131626,0.19861389207316588,0.8989370711637057,3.1915992394406345,3.1417261027391388,-0.05712333729439578,2017-10-28,6.0,0,True,False
2017-05-05,2017Q2,5,diag4,gaussian_ar1,3.0297237482075356,2.98473406900071,0.15488416121898296,0.8064877286418523,2.258367983115228,2.233244405190973,0.7713557650923075,2017-07-28,14.0,6,True,True
2017-05-05,2017Q3,-8,diag4,gaussian_ar1,2.9059748570348543,2.864551986043968,0.10316674867345457,0.8926426469300227,3.1915992394406345,3.1417261027391388,-0.28562438240578025,2017-10-28,14.0,0,True,False
2017-05-12,2017Q2,6,diag4,gaussian_ar1,3.0267052253051707,2.9818042667930094,0.15362339267741082,0.8064568672066232,2.258367983115228,2.233244405190973,0.7683372421899426,2017-07-28,4.0,0,True,False
2017-05-12,2017Q3,-7,diag4,gaussian_ar1,2.904593603076644,2.8632097284829814,0.1025891410441303,0.8926326087988805,3.1915992394406345,3.1417261027391388,-0.28700563636399057,2017-10-28,4.0,0,True,False
2017-05-19,2017Q2,7,diag4,gaussian_ar1,4.549356649249692,4.4489086345377125,0.7849557840564939,0.7510359410611525,2.258367983115228,2.233244405190973,2.2909886661344636,2017-07-28,11.0,0,True,False
2017-05-19,2017Q3,-6,diag4,gaussian_ar1,3.1641104947591536,3.1150840050918465,0.2109770600459654,0.889259779404451,3.1915992394406345,3.1417261027391388,-0.02748874468148088,2017-10-28,11.0,0,True,False
2017-05-26,2017Q2,8,diag4,gaussian_ar1,4.648102630956141,4.5433132122796405,0.8255804792951599,0.7503969485056071,2.258367983115228,2.233244405190973,2.389734647840913,2017-07-28,4.0,0,True,False
2017-05-26,2017Q3,-5,diag4,gaussian_ar1,3.3779874904892537,3.322186648342093,0.30009860442873015,0.8875010503800294,3.1915992394406345,3.1417261027391388,0.18638825104861922,2017-10-28,4.0,0,True,False
2017-06-02,2017Q2,9,diag4,gaussian_ar1,4.594863346215017,4.492425684814743,0.8036822796086781,0.7486332871903646,2.258367983115228,2.233244405190973,2.3364953630997887,2017-07-28,8.0,8,True,True
2017-06-02,2017Q3,-4,diag4,gaussian_ar1,3.314294433947085,3.2605558433935666,0.2735772987014597,0.8832516226019737,3.1915992394406345,3.1417261027391388,0.12269519450645028,2017-10-28,8.0,0,True,False
2017-06-09,2017Q2,10,diag4,gaussian_ar1,4.562687162434131,4.461658271487842,0.7904422776979206,0.7461341436783695,2.258367983115228,2.233244405190973,2.3043191793189033,2017-07-28,8.0,0,True,False
2017-06-09,2017Q3,-3,diag4,gaussian_ar1,3.290871769958814,3.2378820017670784,0.26382016691825416,0.8783305975534026,3.1915992394406345,3.1417261027391388,0.09927253051817964,2017-10-28,8.0,0,True,False
2017-06-16,2017Q2,11,diag4,gaussian_ar1,4.531016373646479,4.431364878148637,0.7774062586659359,0.7446009984870285,2.258367983115228,2.233244405190973,2.272648390531251,2017-07-28,8.0,0,True,False
2017-06-16,2017Q3,-2,diag4,gaussian_ar1,3.3050911020223506,3.251647355056971,0.26974374918121563,0.8751973380932763,3.1915992394406345,3.1417261027391388,0.11349186258171606,2017-10-28,8.0,0,True,False
2017-06-23,2017Q2,12,diag4,gaussian_ar1,4.468129378612118,4.371185687744857,0.7515096196645266,0.7220782333803685,2.258367983115228,2.233244405190973,2.2097613954968898,2017-07-28,4.0,0,True,False
2017-06-23,2017Q3,-1,diag4,gaussian_ar1,3.223711013297703,3.172839854986297,0.23583087387929727,0.8633999474972657,3.1915992394406345,3.1417261027391388,0.03211177385706865,2017-10-28,4.0,0,True,False
2017-06-30,2017Q2,13,diag4,gaussian_ar1,4.4659299858700985,4.369080341446805,0.7506036355080801,0.7220254583384775,2.258367983115228,2.233244405190973,2.2075620027548704,2017-07-28,8.0,0,True,False
2017-06-30,2017Q3,0,diag4,gaussian_ar1,3.20646122419479,3.1561273861101666,0.2286390726868331,0.8632418753638506,3.1915992394406345,3.1417261027391388,0.014861984754155344,2017-10-28,8.0,0,True,False
2017-07-07,2017Q2,14,diag4,gaussian_ar1,4.499749227998451,4.4014485681822695,0.7645325082173986,0.7209104495761429,2.258367983115228,2.233244405190973,2.2413812448832227,2017-07-28,12.0,7,True,True
2017-07-07,2017Q3,1,diag4,gaussian_ar1,3.4921412903954563,3.4325494273140817,0.34759052027295523,0.8508282350467966,3.1915992394406345,3.1417261027391388,0.3005420509548218,2017-10-28,12.0,0,True,False
2017-07-07,2017Q4,-12,diag4,gaussian_ar1,3.5063560649867043,3.4462836087648614,0.3535006884992854,0.9061033153783226,4.584974811729059,4.482971107757605,-1.0786187467423547,2018-01-28,12.0,0,True,False
2017-07-14,2017Q2,15,diag4,gaussian_ar1,4.50333443284634,4.404879335600087,0.766008854853518,0.7206641497729255,2.258367983115228,2.233244405190973,2.2449664497311117,2017-07-28,6.0,0,True,False
2017-07-14,2017Q3,2,diag4,gaussian_ar1,3.4646187289970376,3.405952024496134,0.33614498013640687,0.849265416914341,3.1915992394406345,3.1417261027391388,0.2730194895564031,2017-10-28,6.0,0,True,False
2017-07-14,2017Q4,-11,diag4,gaussian_ar1,3.489403370783317,3.4299038584864125,0.34645206459710054,0.9056478110516385,4.584974811729059,4.482971107757605,-1.0955714409457418,2018-01-28,6.0,0,True,False
2017-07-21,2017Q2,16,diag4,gaussian_ar1,4.46695165768769,4.370058331899599,0.7510244897191934,0.7156920536689706,2.258367983115228,2.233244405190973,2.208583674572462,2017-07-28,6.0,0,True,False
2017-07-21,2017Q3,3,diag4,gaussian_ar1,3.234386144149659,3.183181063210578,0.24028095927303136,0.8193295151368327,3.1915992394406345,3.1417261027391388,0.042786904709024576,2017-10-28,6.0,0,True,False
2017-07-21,2017Q4,-10,diag4,gaussian_ar1,3.3653685220766505,3.3099792732934734,0.29484545990040045,0.90257358916844,4.584974811729059,4.482971107757605,-1.2196062896524085,2018-01-28,6.0,0,True,False
2017-07-28,2017Q3,4,diag4,gaussian_ar1,3.270742696553963,3.218392346324019,0.2577019713801687,0.8191459029599366,3.1915992394406345,3.1417261027391388,0.07914345711332871,2017-10-28,6.0,0,True,False
2017-07-28,2017Q4,-9,diag4,gaussian_ar1,3.1549006689622905,3.106156252141668,0.2092209583620646,0.9001299936179146,4.584974811729059,4.482971107757605,-1.4300741427667685,2018-01-28,6.0,0,True,False
2017-08-04,2017Q3,5,diag4,gaussian_ar1,3.0908717207281056,3.04406630038234,0.1824008539966474,0.8142788219698618,3.1915992394406345,3.1417261027391388,-0.10072751871252894,2017-10-28,13.0,6,True,True
2017-08-04,2017Q4,-8,diag4,gaussian_ar1,2.983188306541895,2.9395568594821566,0.13725741238182596,0.8958136921276372,4.584974811729059,4.482971107757605,-1.6017865051871638,2018-01-28,13.0,0,True,False
2017-08-11,2017Q3,6,diag4,gaussian_ar1,2.992168978481513,2.948277001603701,0.1410241268848045,0.8089536939129075,3.1915992394406345,3.1417261027391388,-0.19943026095912142,2017-10-28,5.0,0,True,False
2017-08-11,2017Q4,-7,diag4,gaussian_ar1,2.9136869316122027,2.8720459975625396,0.1080957153410263,0.8934220521163397,4.584974811729059,4.482971107757605,-1.6712878801168563,2018-01-28,5.0,0,True,False
2017-08-18,2017Q3,7,diag4,gaussian_ar1,2.609759074686746,2.5762859912182763,-0.01965948517864353,0.7534255965060298,3.1915992394406345,3.1417261027391388,-0.5818401647538884,2017-10-28,11.0,0,True,False
2017-08-18,2017Q4,-6,diag4,gaussian_ar1,2.9988171901605964,2.9547318584933593,0.14381233867333199,0.8901161271427912,4.584974811729059,4.482971107757605,-1.5861576215684625,2018-01-28,11.0,0,True,False
2017-08-25,2017Q3,8,diag4,gaussian_ar1,2.615850226889238,2.5822220459095004,-0.01709537292172679,0.7528455692911156,3.1915992394406345,3.1417261027391388,-0.5757490125513964,2017-10-28,0.0,0,True,False
2017-08-25,2017Q4,-5,diag4,gaussian_ar1,3.010443682658437,2.9660192078687553,0.1486879728086342,0.8883477498326421,4.584974811729059,4.482971107757605,-1.574531129070622,2018-01-28,0.0,0,True,False
2017-09-01,2017Q3,9,diag4,gaussian_ar1,2.8742564905851475,2.8337245674011067,0.09154255774886777,0.7512749301739396,3.1915992394406345,3.1417261027391388,-0.31734274885548697,2017-10-28,11.0,3,True,True
2017-09-01,2017Q4,-4,diag4,gaussian_ar1,3.5159760633736603,3.455577290557534,0.36015534391468407,0.8831008909734127,4.584974811729059,4.482971107757605,-1.0689987483553987,2018-01-28,11.0,0,True,False
2017-09-08,2017Q3,10,diag4,gaussian_ar1,2.7818973367167876,2.7439055579927065,0.0527447307563582,0.7488142855020148,3.1915992394406345,3.1417261027391388,-0.4097019027238469,2017-10-28,9.0,0,True,False
2017-09-08,2017Q4,-3,diag4,gaussian_ar1,3.3768317868127617,3.3210687022835197,0.302053601630563,0.8782425043017308,4.584974811729059,4.482971107757605,-1.2081430249162972,2018-01-28,9.0,0,True,False
2017-09-15,2017Q3,11,diag4,gaussian_ar1,2.753057311832463,2.715842180526887,0.04062259680146597,0.7480095130689894,3.1915992394406345,3.1417261027391388,-0.43854192760817146,2017-10-28,6.0,0,True,False
2017-09-15,2017Q4,-2,diag4,gaussian_ar1,3.430185403347319,3.3726661949055288,0.32434142917599534,0.8768655658580304,4.584974811729059,4.482971107757605,-1.15478940838174,2018-01-28,6.0,0,True,False
2017-09-22,2017Q3,12,diag4,gaussian_ar1,2.1367303982526176,2.1142223736594707,-0.2192504672174974,0.725296423989153,3.1915992394406345,3.1417261027391388,-1.054868841188017,2017-10-28,6.0,0,True,False
2017-09-22,2017Q4,-1,diag4,gaussian_ar1,3.123960379418067,3.0761577446659096,0.1962629341003416,0.86370098768375,4.584974811729059,4.482971107757605,-1.461014432310992,2018-01-28,6.0,0,True,False
2017-09-29,2017Q3,13,diag4,gaussian_ar1,2.146639994332711,2.123924187437863,-0.21505971411337335,0.7252601853110381,3.1915992394406345,3.1417261027391388,-1.0449592451079237,2017-10-28,4.0,0,True,False
2017-09-29,2017Q4,0,diag4,gaussian_ar1,3.1258573917233967,3.0779972733751855,0.19705752888690542,0.8636999263137952,4.584974811729059,4.482971107757605,-1.4591174200056622,2018-01-28,4.0,0,True,False
2017-10-06,2017Q3,14,diag4,gaussian_ar1,2.1292794746524013,2.1069270594677896,-0.2224017192712568,0.724671557578925,3.1915992394406345,3.1417261027391388,-1.0623197647882332,2017-10-28,13.0,3,True,True
2017-10-06,2017Q4,1,diag4,gaussian_ar1,3.2154682224172726,3.164854170374176,0.23457585474096362,0.851945479041751,4.584974811729059,4.482971107757605,-1.3695065893117864,2018-01-28,13.0,0,True,False
2017-10-06,2018Q1,-12,diag4,gaussian_ar1,3.5853094449583844,3.5225333058278148,0.3890773718202962,0.9061781513224875,3.293553047698339,3.240477819667709,0.29175639726004565,2018-04-28,13.0,0,True,False
2017-10-13,2017Q3,15,diag4,gaussian_ar1,2.122109042934106,2.0999058766270933,-0.22543455874399573,0.724635993466202,3.1915992394406345,3.1417261027391388,-1.0694901965065284,2017-10-28,6.0,0,True,False
2017-10-13,2017Q4,2,diag4,gaussian_ar1,3.2610068448983176,3.2089643995948,0.25362951669040873,0.8512857050354463,4.584974811729059,4.482971107757605,-1.3239679668307414,2018-01-28,6.0,0,True,False
2017-10-13,2018Q1,-11,diag4,gaussian_ar1,3.6217125962334507,3.5576702922976775,0.4042549910244598,0.9057836926551779,3.293553047698339,3.240477819667709,0.32815954853511187,2018-04-28,6.0,0,True,False
2017-10-20,2017Q3,16,diag4,gaussian_ar1,2.067789567254419,2.046701014554299,-0.2484166985767197,0.7195722503079471,3.1915992394406345,3.1417261027391388,-1.1238096721862156,2017-10-28,9.0,0,True,False
2017-10-20,2017Q4,3,diag4,gaussian_ar1,3.3142634406052807,3.260525844305235,0.2759017731374079,0.821012724677635,4.584974811729059,4.482971107757605,-1.2707113711237783,2018-01-28,9.0,0,True,False
2017-10-20,2018Q1,-10,diag4,gaussian_ar1,3.78827188920412,3.718279078019769,0.47363086059778853,0.9027204127342578,3.293553047698339,3.240477819667709,0.49471884150578127,2018-04-28,9.0,0,True,False
2017-10-27,2017Q3,17,diag4,gaussian_ar1,2.0867947313257584,2.065319420005755,-0.24037437347939533,0.7195302571461946,3.1915992394406345,3.1417261027391388,-1.104804508114876,2017-10-28,4.0,0,True,False
2017-10-27,2017Q4,4,diag4,gaussian_ar1,3.3221187462932233,3.2681288671694473,0.27918594168534355,0.8210067233355091,4.584974811729059,4.482971107757605,-1.2628560654358356,2018-01-28,4.0,0,True,False
2017-10-27,2018Q1,-9,diag4,gaussian_ar1,3.790862087154734,3.7207747026050884,0.4747088596932719,0.9027198105860988,3.293553047698339,3.240477819667709,0.49730903945639504,2018-04-28,4.0,0,True,False
2017-11-03,2017Q4,5,diag4,gaussian_ar1,3.2982371504093333,3.245012465219016,0.26846897553905924,0.8158479576924134,4.584974811729059,4.482971107757605,-1.2867376613197257,2018-01-28,12.0,10,True,True
2017-11-03,2018Q1,-8,diag4,gaussian_ar1,3.9271907882187707,3.8520379402018756,0.531640344738949,0.896661633224587,3.293553047698339,3.240477819667709,0.6336377405204319,2018-04-28,12.0,0,True,False
2017-11-10,2017Q4,6,diag4,gaussian_ar1,3.017786212491691,2.973146900845686,0.15060368690936798,0.8103192437053247,4.584974811729059,4.482971107757605,-1.567188599237368,2018-01-28,7.0,0,True,False
2017-11-10,2018Q1,-7,diag4,gaussian_ar1,3.7335453361530213,3.6655361374928725,0.45078387857735686,0.8943608599753432,3.293553047698339,3.240477819667709,0.4399922884546825,2018-04-28,7.0,0,True,False
2017-11-17,2017Q4,7,diag4,gaussian_ar1,4.291989226367776,4.202436795265087,0.6835531560680995,0.7554066472096912,4.584974811729059,4.482971107757605,-0.29298558536128283,2018-01-28,10.0,0,True,False
2017-11-17,2018Q1,-6,diag4,gaussian_ar1,3.8305326997969846,3.7589890813936675,0.4912997056978366,0.8913545522381746,3.293553047698339,3.240477819667709,0.5369796520986458,2018-04-28,10.0,0,True,False
2017-11-24,2017Q4,8,diag4,gaussian_ar1,4.259168243596778,4.170961560660676,0.6699073027586244,0.7547091616658658,4.584974811729059,4.482971107757605,-0.3258065681322808,2018-01-28,2.0,0,True,False
2017-11-24,2018Q1,-5,diag4,gaussian_ar1,3.7841826959154945,3.7143390626672215,0.47194202295252624,0.8892496413340559,3.293553047698339,3.240477819667709,0.4906296482171557,2018-04-28,2.0,0,True,False
2017-12-01,2017Q4,9,diag4,gaussian_ar1,4.255719479700892,4.167653630053069,0.6684731741048856,0.7528413163815504,4.584974811729059,4.482971107757605,-0.3292553320281666,2018-01-28,11.0,3,True,True
2017-12-01,2018Q1,-4,diag4,gaussian_ar1,3.8046090110178676,3.734018656156187,0.4804739639949258,0.8842794698166004,3.293553047698339,3.240477819667709,0.5110559633195288,2018-04-28,11.0,0,True,False
2017-12-08,2017Q4,10,diag4,gaussian_ar1,4.201445603967513,4.115581659355436,0.6458977594143909,0.7504441195671749,4.584974811729059,4.482971107757605,-0.383529207761546,2018-01-28,9.0,0,True,False
2017-12-08,2018Q1,-3,diag4,gaussian_ar1,3.7315510913879857,3.663613650482338,0.4499503986664097,0.8796582916464085,3.293553047698339,3.240477819667709,0.4379980436896469,2018-04-28,9.0,0,True,False
2017-12-15,2017Q4,11,diag4,gaussian_ar1,4.228503594526556,4.141545289644755,0.6571540977630128,0.7496534948271457,4.584974811729059,4.482971107757605,-0.3564712172025031,2018-01-28,6.0,0,True,False
2017-12-15,2018Q1,-2,diag4,gaussian_ar1,3.8541357236377083,3.781718755299337,0.5011539863660259,0.8782315083229352,3.293553047698339,3.240477819667709,0.5605826759393695,2018-04-28,6.0,0,True,False
2017-12-22,2017Q4,12,diag4,gaussian_ar1,4.218715651771721,4.132153998364952,0.6530825734423397,0.7268634944985601,4.584974811729059,4.482971107757605,-0.3662591599573384,2018-01-28,6.0,0,True,False
2017-12-22,2018Q1,-1,diag4,gaussian_ar1,3.9369486394977837,3.861426621975485,0.535710737727666,0.8649008332941291,3.293553047698339,3.240477819667709,0.6433955917994449,2018-04-28,6.0,0,True,False
2017-12-29,2017Q4,13,diag4,gaussian_ar1,4.221443363443966,4.134771259535054,0.654217267510507,0.7268262870693292,4.584974811729059,4.482971107757605,-0.36353144828509265,2018-01-28,4.0,0,True,False
2017-12-29,2018Q1,0,diag4,gaussian_ar1,3.937466572129278,3.8619249349891174,0.5359267776197174,0.8648997792518269,3.293553047698339,3.240477819667709,0.6439135244309391,2018-04-28,4.0,0,True,False
2018-01-05,2017Q4,14,diag4,gaussian_ar1,4.1703825326955934,4.085766619789096,0.632971671286633,0.725769049473193,4.584974811729059,4.482971107757605,-0.4145922790334655,2018-01-28,13.0,5,True,True
2018-01-05,2018Q1,1,diag4,gaussian_ar1,3.651164480240321,3.5860887565178783,0.41634005884948627,0.8528610492589154,3.293553047698339,3.240477819667709,0.35761143254198213,2018-04-28,13.0,0,True,False
2018-01-05,2018Q2,-12,diag4,gaussian_ar1,3.271360615254437,3.2189906928021133,0.2571874301044832,0.9074655125136619,2.1402669926408935,2.117684921507524,1.1310936226135437,2018-07-28,13.0,0,True,False
2018-01-12,2017Q4,15,diag4,gaussian_ar1,4.171560692983878,4.086897606925007,0.6334620023277041,0.7257653707615885,4.584974811729059,4.482971107757605,-0.4134141187451812,2018-01-28,4.0,0,True,False
2018-01-12,2018Q1,2,diag4,gaussian_ar1,3.6483226056098106,3.5833469507655855,0.4151513694062115,0.8528394473998024,3.293553047698339,3.240477819667709,0.3547695579114718,2018-04-28,4.0,0,True,False
2018-01-12,2018Q2,-11,diag4,gaussian_ar1,3.26947428524218,3.2171640999995637,0.25639552441249996,0.9074568381427751,2.1402669926408935,2.117684921507524,1.1292072926012864,2018-07-28,4.0,0,True,False
2018-01-19,2017Q4,16,diag4,gaussian_ar1,4.173875044979525,4.089119255781923,0.6344251816268475,0.7206708940948507,4.584974811729059,4.482971107757605,-0.4110997667495342,2018-01-28,11.0,0,True,False
2018-01-19,2018Q1,3,diag4,gaussian_ar1,3.681721622159473,3.615565163001028,0.4291193351285947,0.8234798826315388,3.293553047698339,3.240477819667709,0.38816857446113406,2018-04-28,11.0,0,True,False
2018-01-19,2018Q2,-10,diag4,gaussian_ar1,3.314676130551497,3.260925294592376,0.2753678640810098,0.905191004789067,2.1402669926408935,2.117684921507524,1.1744091379106036,2018-07-28,11.0,0,True,False
2018-01-26,2017Q4,17,diag4,gaussian_ar1,4.183921076923869,4.098762314154685,0.6386058576937059,0.7206269460290036,4.584974811729059,4.482971107757605,-0.40105373480519013,2018-01-28,4.0,0,True,False
2018-01-26,2018Q1,4,diag4,gaussian_ar1,3.6456099398557207,3.580729734023217,0.41401669459935697,0.8217987400407208,3.293553047698339,3.240477819667709,0.3520568921573819,2018-04-28,4.0,0,True,False
2018-01-26,2018Q2,-9,diag4,gaussian_ar1,3.277929211989883,3.2253510116811093,0.2599448989372047,0.9038326932536864,2.1402669926408935,2.117684921507524,1.1376622193489894,2018-07-28,4.0,0,True,False
2018-02-02,2018Q1,5,diag4,gaussian_ar1,3.6035711104516643,3.5401613421313165,0.3908611013032049,0.8153181138308303,3.293553047698339,3.240477819667709,0.31001806275332555,2018-04-28,10.0,6,True,True
2018-02-02,2018Q2,-8,diag4,gaussian_ar1,3.290524666315364,3.2375459563637308,0.25948552286196974,0.8965191529536786,2.1402669926408935,2.117684921507524,1.1502576736744707,2018-07-28,10.0,0,True,False
2018-02-09,2018Q1,6,diag4,gaussian_ar1,3.6136752107621017,3.54991352299255,0.39509485299583036,0.8092262887178063,3.293553047698339,3.240477819667709,0.32012216306376295,2018-04-28,9.0,0,True,False
2018-02-09,2018Q2,-7,diag4,gaussian_ar1,3.359957118649115,3.304743917236345,0.28865843142813014,0.8934844836424093,2.1402669926408935,2.117684921507524,1.2196901260082216,2018-07-28,9.0,0,True,False
2018-02-16,2018Q1,7,diag4,gaussian_ar1,3.5606598600011807,3.498734064011751,0.3728761181127473,0.8054765880817396,3.293553047698339,3.240477819667709,0.26710681230284194,2018-04-28,8.0,0,True,False
2018-02-16,2018Q2,-6,diag4,gaussian_ar1,3.4200024211266555,3.3628204390607053,0.3138714146648457,0.891121876272054,2.1402669926408935,2.117684921507524,1.279735428485762,2018-07-28,8.0,0,True,False
2018-02-23,2018Q1,8,diag4,gaussian_ar1,3.509080177632784,3.448915405403496,0.3512481527162603,0.7531341120329144,3.293553047698339,3.240477819667709,0.21552712993444523,2018-04-28,4.0,0,True,False
2018-02-23,2018Q2,-5,diag4,gaussian_ar1,3.6461408688174712,3.5812419868839256,0.40869559922016757,0.8881436521390902,2.1402669926408935,2.117684921507524,1.5058738761765778,2018-07-28,4.0,0,True,False
2018-03-02,2018Q1,9,diag4,gaussian_ar1,3.8137403803341074,3.7428149589385873,0.47883989347113226,0.751224928356372,3.293553047698339,3.240477819667709,0.5201873326357687,2018-04-28,11.0,21,True,True
2018-03-02,2018Q2,-4,diag4,gaussian_ar1,4.270082749989568,4.181429642573164,0.6692573688719622,0.88186698685038,2.1402669926408935,2.117684921507524,2.1298157573486742,2018-07-28,11.0,0,True,False
2018-03-09,2018Q1,10,diag4,gaussian_ar1,3.9293249671153108,3.8540914518648046,0.5271487842699678,0.7487777712918734,3.293553047698339,3.240477819667709,0.635771919416972,2018-04-28,9.0,0,True,False
2018-03-09,2018Q2,-3,diag4,gaussian_ar1,4.436001761745012,4.340427447642084,0.7382836959994888,0.8774264384984266,2.1402669926408935,2.117684921507524,2.2957347691041186,2018-07-28,9.0,0,True,False
2018-03-16,2018Q1,11,diag4,gaussian_ar1,3.9256930088544806,3.8505967483964403,0.525631615245424,0.7475887889124924,3.293553047698339,3.240477819667709,0.6321399611561418,2018-04-28,8.0,0,True,False
2018-03-16,2018Q2,-2,diag4,gaussian_ar1,4.356187937265732,4.26397456070031,0.7050929108713598,0.8758284542986824,2.1402669926408935,2.117684921507524,2.2159209446248385,2018-07-28,8.0,0,True,False
2018-03-23,2018Q1,12,diag4,gaussian_ar1,3.4498104637135762,3.3916386048216105,0.3263823555307608,0.7254260121794537,3.293553047698339,3.240477819667709,0.15625741601523746,2018-04-28,4.0,0,True,False
2018-03-23,2018Q2,-1,diag4,gaussian_ar1,3.977951666620738,3.900868747185518,0.5474563909539021,0.862601007470957,2.1402669926408935,2.117684921507524,1.8376846739798447,2018-07-28,4.0,0,True,False
2018-03-30,2018Q1,13,diag4,gaussian_ar1,3.448009263457741,3.3898974552452024,0.3256264635850386,0.7253714367816718,3.293553047698339,3.240477819667709,0.15445621575940205,2018-04-28,8.0,0,True,False
2018-03-30,2018Q2,0,diag4,gaussian_ar1,3.9654325834365567,3.8888278897719006,0.542229047328825,0.8624409680051434,2.1402669926408935,2.117684921507524,1.8251655907956632,2018-07-28,8.0,0,True,False
2018-04-06,2018Q1,14,diag4,gaussian_ar1,3.3747747334669675,3.3190788233360373,0.2948816992106687,0.7246714441355957,3.293553047698339,3.240477819667709,0.08122168576862876,2018-04-28,10.0,5,True,True
2018-04-06,2018Q2,1,diag4,gaussian_ar1,3.650329193258517,3.5852828896936666,0.4104498918603384,0.8507232148264984,2.1402669926408935,2.117684921507524,1.5100622006176234,2018-07-28,10.0,0,True,False
2018-04-06,2018Q3,-12,diag4,gaussian_ar1,3.7162445571240044,3.6488566517454766,0.4380494130877771,0.905601163241156,2.5182268082057035,2.487041930090145,1.1980177489183008,2018-10-28,10.0,0,True,False
2018-04-13,2018Q1,15,diag4,gaussian_ar1,3.3745047114771998,3.3188176161477996,0.2947683003318884,0.7246318509842021,3.293553047698339,3.240477819667709,0.08095166377886098,2018-04-28,6.0,0,True,False
2018-04-13,2018Q2,2,diag4,gaussian_ar1,3.643727750342407,3.578913731777918,0.4076848248983839,0.8500525935389872,2.1402669926408935,2.117684921507524,1.5034607577015136,2018-07-28,6.0,0,True,False
2018-04-13,2018Q3,-11,diag4,gaussian_ar1,3.7116959096861413,3.6444708901857155,0.4361454055953707,0.9052096238698696,2.5182268082057035,2.487041930090145,1.1934691014804377,2018-10-28,6.0,0,True,False
2018-04-20,2018Q1,16,diag4,gaussian_ar1,3.4856478271980684,3.426274876573923,0.3414191330725432,0.7196208700800533,3.293553047698339,3.240477819667709,0.19209477949972964,2018-04-28,8.0,0,True,False
2018-04-20,2018Q2,3,diag4,gaussian_ar1,3.8048408984461934,3.734242044280794,0.47511810113979364,0.8200012004208735,2.1402669926408935,2.117684921507524,1.6645739058053,2018-07-28,8.0,0,True,False
2018-04-20,2018Q3,-10,diag4,gaussian_ar1,3.6816708092753947,3.615516154462469,0.4235751750877383,0.9017247994881401,2.5182268082057035,2.487041930090145,1.1634440010696911,2018-10-28,8.0,0,True,False
2018-04-27,2018Q1,17,diag4,gaussian_ar1,3.4887741871385325,3.429295887489458,0.3427306561317525,0.719576165071318,3.293553047698339,3.240477819667709,0.1952211394401937,2018-04-28,4.0,0,True,False
2018-04-27,2018Q2,4,diag4,gaussian_ar1,3.8059402748330085,3.735301118747559,0.47557788120130856,0.8199951566238978,2.1402669926408935,2.117684921507524,1.665673282192115,2018-07-28,4.0,0,True,False
2018-04-27,2018Q3,-9,diag4,gaussian_ar1,3.682043452739059,3.6158755649456245,0.42373120733970937,0.9017242189012822,2.5182268082057035,2.487041930090145,1.1638166445333553,2018-10-28,4.0,0,True,False
2018-05-04,2018Q2,5,diag4,gaussian_ar1,3.587088628956181,3.5242508937057133,0.3833497387099477,0.8142111092870364,2.1402669926408935,2.117684921507524,1.4468216363152875,2018-07-28,12.0,5,True,True
2018-05-04,2018Q3,-8,diag4,gaussian_ar1,3.4518547649322384,3.3936147138263135,0.32643475797672206,0.8950213226566714,2.5182268082057035,2.487041930090145,0.9336279567265349,2018-10-28,12.0,0,True,False
2018-05-11,2018Q2,6,diag4,gaussian_ar1,3.313938672837846,3.260211494410958,0.26831424595788805,0.8089230780553909,2.1402669926408935,2.117684921507524,1.1736716801969527,2018-07-28,7.0,0,True,False
2018-05-11,2018Q3,-7,diag4,gaussian_ar1,3.283004548614432,3.2302651418926414,0.25526735436794845,0.8931341737173737,2.5182268082057035,2.487041930090145,0.7647777404087286,2018-10-28,7.0,0,True,False
2018-05-18,2018Q2,7,diag4,gaussian_ar1,4.902998258466162,4.786591106924861,0.9333204204955768,0.75367871952454,2.1402669926408935,2.117684921507524,2.762731265825269,2018-07-28,12.0,0,True,False
2018-05-18,2018Q3,-6,diag4,gaussian_ar1,3.666816238830739,3.6011880340295113,0.41686936446171796,0.8896334299699915,2.5182268082057035,2.487041930090145,1.1485894306250355,2018-10-28,12.0,0,True,False
2018-05-25,2018Q2,8,diag4,gaussian_ar1,4.98619194283465,4.865865021551446,0.967858121519786,0.753081826062208,2.1402669926408935,2.117684921507524,2.8459249501937567,2018-07-28,0.0,0,True,False
2018-05-25,2018Q3,-5,diag4,gaussian_ar1,3.833165651645598,3.7615248658082368,0.4867241910490928,0.8875654881465714,2.5182268082057035,2.487041930090145,1.3149388434398945,2018-10-28,0.0,0,True,False
2018-06-01,2018Q2,9,diag4,gaussian_ar1,5.0619218911746255,4.937972264257844,0.9992734792954752,0.7514610236859127,2.1402669926408935,2.117684921507524,2.921654898533732,2018-07-28,11.0,5,True,True
2018-06-01,2018Q3,-4,diag4,gaussian_ar1,4.013376460237916,3.934932469244271,0.562273632388146,0.8830634322006101,2.5182268082057035,2.487041930090145,1.4951496520322127,2018-10-28,11.0,0,True,False
2018-06-08,2018Q2,10,diag4,gaussian_ar1,5.173147908340359,5.0437833714619735,1.0453727845066645,0.7491412548352624,2.1402669926408935,2.117684921507524,3.032880915699465,2018-07-28,9.0,0,True,False
2018-06-08,2018Q3,-3,diag4,gaussian_ar1,4.203649036309365,4.1176962260321694,0.6418993203554305,0.8787850412501121,2.5182268082057035,2.487041930090145,1.6854222281036613,2018-10-28,9.0,0,True,False
2018-06-15,2018Q2,11,diag4,gaussian_ar1,5.250104186001803,5.116927646466285,1.0772399518293718,0.7483626279938194,2.1402669926408935,2.117684921507524,3.1098371933609092,2018-07-28,6.0,0,True,False
2018-06-15,2018Q3,-2,diag4,gaussian_ar1,4.309689642382919,4.2194073356304695,0.6862123571304376,0.8773402361939786,2.5182268082057035,2.487041930090145,1.7914628341772154,2018-10-28,6.0,0,True,False
2018-06-22,2018Q2,12,diag4,gaussian_ar1,3.825865076895263,3.7544935561389945,0.48366082181459974,0.7252348585316176,2.1402669926408935,2.117684921507524,1.6855980842543694,2018-07-28,6.0,0,True,False
2018-06-22,2018Q3,-1,diag4,gaussian_ar1,3.262260870591116,3.2101788154876694,0.24651623441484163,0.8636800607473852,2.5182268082057035,2.487041930090145,0.7440340623854125,2018-10-28,6.0,0,True,False
2018-06-29,2018Q2,13,diag4,gaussian_ar1,3.8375853867310905,3.765781348788218,0.48857863632620196,0.7251978391363274,2.1402669926408935,2.117684921507524,1.697318394090197,2018-07-28,4.0,0,True,False
2018-06-29,2018Q3,0,diag4,gaussian_ar1,3.2643551104595936,3.212206873574623,0.24739980960091484,0.8636791166669886,2.5182268082057035,2.487041930090145,0.74612830225389,2018-10-28,4.0,0,True,False
2018-07-06,2018Q2,14,diag4,gaussian_ar1,3.847193928598558,3.7750343541418063,0.4926099439004903,0.7244350773648545,2.1402669926408935,2.117684921507524,1.7069269359576644,2018-07-28,13.0,9,True,True
2018-07-06,2018Q3,1,diag4,gaussian_ar1,3.311343775757436,3.257699800730694,0.26721996260122555,0.8512266701806799,2.5182268082057035,2.487041930090145,0.7931169675517324,2018-10-28,13.0,0,True,False
2018-07-06,2018Q4,-12,diag4,gaussian_ar1,3.7189566224860915,3.6514715072249846,0.43877664092036855,0.9053485669968491,0.5677817986818878,0.5661759932739241,3.1511748238042037,2019-01-28,13.0,0,True,False
2018-07-13,2018Q2,15,diag4,gaussian_ar1,3.8548490681535874,3.7824056244943254,0.4958214256697852,0.7244016186537193,2.1402669926408935,2.117684921507524,1.714582075512694,2018-07-28,6.0,0,True,False
2018-07-13,2018Q3,2,diag4,gaussian_ar1,3.272164614880846,3.2197692208392685,0.25069453889614235,0.8505289396408424,2.5182268082057035,2.487041930090145,0.7539378066751423,2018-10-28,6.0,0,True,False
2018-07-13,2018Q4,-11,diag4,gaussian_ar1,3.688876923097517,3.6224661422054947,0.42613971451323956,0.9049694697153966,0.5677817986818878,0.5661759932739241,3.1210951244156293,2019-01-28,6.0,0,True,False
2018-07-20,2018Q2,16,diag4,gaussian_ar1,4.017167571679847,3.9385772334879072,0.5638615668094924,0.7191757073031886,2.1402669926408935,2.117684921507524,1.8769005790389537,2018-07-28,9.0,0,True,False
2018-07-20,2018Q3,3,diag4,gaussian_ar1,3.6449112917068094,3.5800556577125877,0.4076625062082439,0.8205257424475694,2.5182268082057035,2.487041930090145,1.1266844835011058,2018-10-28,9.0,0,True,False
2018-07-20,2018Q4,-10,diag4,gaussian_ar1,3.732324622055283,3.6643593520312443,0.4443915589279085,0.9014395215638962,0.5677817986818878,0.5661759932739241,3.164542823373395,2019-01-28,9.0,0,True,False
2018-07-27,2018Q2,17,diag4,gaussian_ar1,4.008338128392519,3.930088425095942,0.5601632011153732,0.7191323935872693,2.1402669926408935,2.117684921507524,1.8680711357516255,2018-07-28,4.0,0,True,False
2018-07-27,2018Q3,4,diag4,gaussian_ar1,3.6413493384959805,3.576618909709746,0.40616519936302486,0.8205201637812364,2.5182268082057035,2.487041930090145,1.123122530290277,2018-10-28,4.0,0,True,False
2018-07-27,2018Q4,-9,diag4,gaussian_ar1,3.7312456551690465,3.6633192013341285,0.44393839077081254,0.9014390259560328,0.5677817986818878,0.5661759932739241,3.1634638564871587,2019-01-28,4.0,0,True,False
2018-08-03,2018Q3,5,diag4,gaussian_ar1,3.419533502445149,3.3623670260520044,0.3156599578867618,0.8161091499931663,2.5182268082057035,2.487041930090145,0.9013066942394454,2018-10-28,12.0,10,True,True
2018-08-03,2018Q4,-8,diag4,gaussian_ar1,3.306608691137636,3.2531163803995016,0.26789163003192146,0.8943682741127007,0.5677817986818878,0.5661759932739241,2.738826892455748,2019-01-28,12.0,0,True,False
2018-08-10,2018Q3,6,diag4,gaussian_ar1,3.109911256524134,3.0625332873406057,0.18456181885823097,0.8110585562243664,2.5182268082057035,2.487041930090145,0.5916844483184303,2018-10-28,7.0,0,True,False
2018-08-10,2018Q4,-7,diag4,gaussian_ar1,3.115439491571803,3.0678946408589223,0.18690599624115684,0.8924816538584192,0.5677817986818878,0.5661759932739241,2.5476576928899153,2019-01-28,7.0,0,True,False
2018-08-17,2018Q3,7,diag4,gaussian_ar1,3.2634694306464818,3.21134918787043,0.2496295050404505,0.7557287310324117,2.5182268082057035,2.487041930090145,0.7452426224407782,2018-10-28,10.0,0,True,False
2018-08-17,2018Q4,-6,diag4,gaussian_ar1,3.2452737088882078,3.193726958875446,0.24192443009889858,0.8894027750727032,0.5677817986818878,0.5661759932739241,2.67749191020632,2019-01-28,10.0,0,True,False
2018-08-24,2018Q3,8,diag4,gaussian_ar1,3.164714848884209,3.1156698215661485,0.2077950306419775,0.7550527393836816,2.5182268082057035,2.487041930090145,0.6464880406785056,2018-10-28,2.0,0,True,False
2018-08-24,2018Q4,-5,diag4,gaussian_ar1,3.0399077148054676,2.9946180742604005,0.15486683494879472,0.887107079408589,0.5677817986818878,0.5661759932739241,2.47212591612358,2019-01-28,2.0,0,True,False
2018-08-31,2018Q3,9,diag4,gaussian_ar1,3.1676351973434214,3.118500544386654,0.20903272489035932,0.754976549644939,2.5182268082057035,2.487041930090145,0.6494083891377178,2018-10-28,8.0,0,True,False
2018-08-31,2018Q4,-4,diag4,gaussian_ar1,3.0538906783427855,3.008187588401822,0.16079991659299886,0.8870046591292465,0.5677817986818878,0.5661759932739241,2.4861088796608977,2019-01-28,8.0,0,True,False
2018-09-07,2018Q3,10,diag4,gaussian_ar1,3.474582314037833,3.4155815050375278,0.3389272499345389,0.7510136303914671,2.5182268082057035,2.487041930090145,0.9563555058321294,2018-10-28,12.0,10,True,True
2018-09-07,2018Q4,-3,diag4,gaussian_ar1,3.706613667300518,3.639570414044518,0.4368632902882625,0.8771748544443593,0.5677817986818878,0.5661759932739241,3.13883186861863,2019-01-28,12.0,0,True,False
2018-09-14,2018Q3,11,diag4,gaussian_ar1,3.4518968921306126,3.3936554353676462,0.32934038041716873,0.7503073997788177,2.5182268082057035,2.487041930090145,0.933670083924909,2018-10-28,6.0,0,True,False
2018-09-14,2018Q4,-2,diag4,gaussian_ar1,3.6283884967178714,3.564112653919239,0.4038704324124275,0.8757989017360046,0.5677817986818878,0.5661759932739241,3.0606066980359836,2019-01-28,6.0,0,True,False
2018-09-21,2018Q3,12,diag4,gaussian_ar1,3.6049225434871657,3.5414657607019007,0.393968392807643,0.7272330806292755,2.5182268082057035,2.487041930090145,1.0866957352814621,2018-10-28,6.0,0,True,False
2018-09-21,2018Q4,-1,diag4,gaussian_ar1,3.785157091812863,3.7152779256981154,0.4699653485520281,0.8629319849642989,0.5677817986818878,0.5661759932739241,3.217375293130975,2019-01-28,6.0,0,True,False
2018-09-28,2018Q3,13,diag4,gaussian_ar1,3.599679079091911,3.536404614033036,0.3917554767012361,0.7271980895828258,2.5182268082057035,2.487041930090145,1.0814522708862073,2018-10-28,4.0,0,True,False
2018-09-28,2018Q4,0,diag4,gaussian_ar1,3.7841911832815045,3.7143472405662523,0.46955841940078213,0.862931234541761,0.5677817986818878,0.5661759932739241,3.2164093845996167,2019-01-28,4.0,0,True,False
2018-10-05,2018Q3,14,diag4,gaussian_ar1,3.485353702632632,3.425990658433935,0.343478507724927,0.7263763415987335,2.5182268082057035,2.487041930090145,0.9671268944269285,2018-10-28,13.0,2,True,True
2018-10-05,2018Q4,1,diag4,gaussian_ar1,3.4586120466367776,3.400146313518739,0.3321784267622076,0.8515123192425508,0.5677817986818878,0.5661759932739241,2.8908302479548897,2019-01-28,13.0,0,True,False
2018-10-05,2019Q1,-12,diag4,gaussian_ar1,3.647743587980168,3.582788312446702,0.41203610479007613,0.9052558113468927,2.520756202743435,2.489509162906772,1.126987385236733,2019-04-28,13.0,0,True,False
2018-10-12,2018Q3,15,diag4,gaussian_ar1,3.486293836499299,3.4268991247652894,0.34387572201416106,0.7263731228548359,2.5182268082057035,2.487041930090145,0.9680670282935955,2018-10-28,4.0,0,True,False
2018-10-12,2018Q4,2,diag4,gaussian_ar1,3.4557048052587858,3.3973362214744576,0.3309497530342693,0.8514904311449788,0.5677817986818878,0.5661759932739241,2.887923006576898,2019-01-28,4.0,0,True,False
2018-10-12,2019Q1,-11,diag4,gaussian_ar1,3.6461031987173875,3.5812056419639653,0.4113441040970455,0.9052488905600086,2.520756202743435,2.489509162906772,1.1253469959739526,2019-04-28,4.0,0,True,False
2018-10-19,2018Q3,16,diag4,gaussian_ar1,3.4363319476422793,3.3786087170454047,0.3227614117560366,0.7211299931944702,2.5182268082057035,2.487041930090145,0.9181051394365758,2018-10-28,11.0,0,True,False
2018-10-19,2018Q4,3,diag4,gaussian_ar1,3.428067300675597,3.3706183165694217,0.3192677200954649,0.8230254337911215,0.5677817986818878,0.5661759932739241,2.860285501993709,2019-01-28,11.0,0,True,False
2018-10-19,2019Q1,-10,diag4,gaussian_ar1,3.701744468267787,3.63487513649891,0.4348103453758683,0.9029480995261117,2.520756202743435,2.489509162906772,1.180988265524352,2019-04-28,11.0,0,True,False
2018-10-26,2018Q3,17,diag4,gaussian_ar1,3.449481092517126,3.3913202168813044,0.3283193385587703,0.7210878278673853,2.5182268082057035,2.487041930090145,0.9312542843114224,2018-10-28,4.0,0,True,False
2018-10-26,2018Q4,4,diag4,gaussian_ar1,3.443471443363366,3.385510788303101,0.3257792465774784,0.8213934276528511,0.5677817986818878,0.5661759932739241,2.8756896446814784,2019-01-28,4.0,0,True,False
2018-10-26,2019Q1,-9,diag4,gaussian_ar1,3.713903476577629,3.646599428705656,0.4399366293502365,0.9013793440707161,2.520756202743435,2.489509162906772,1.1931472738341942,2019-04-28,4.0,0,True,False
2018-11-02,2018Q4,5,diag4,gaussian_ar1,3.370786640836587,3.3152208516297836,0.2966467201991966,0.8169152455720194,0.5677817986818878,0.5661759932739241,2.8030048421546994,2019-01-28,10.0,2,True,True
2018-11-02,2019Q1,-8,diag4,gaussian_ar1,3.5284924772469584,3.4676678467329776,0.3635510439245489,0.8951961938490863,2.520756202743435,2.489509162906772,1.0077362745035234,2019-04-28,10.0,0,True,False
2018-11-09,2018Q4,6,diag4,gaussian_ar1,3.3638508154135494,3.3085109693275374,0.29370195807118865,0.8109378138084061,0.5677817986818878,0.5661759932739241,2.7960690167316615,2019-01-28,9.0,0,True,False
2018-11-09,2019Q1,-7,diag4,gaussian_ar1,3.5632029204474502,3.5011896578890367,0.3782627416128302,0.8924326569153557,2.520756202743435,2.489509162906772,1.0424467177040153,2019-04-28,9.0,0,True,False
2018-11-16,2018Q4,7,diag4,gaussian_ar1,3.385749595716514,3.3296948365188888,0.3029989094959488,0.8073898734654343,0.5677817986818878,0.5661759932739241,2.817967797034626,2019-01-28,8.0,0,True,False
2018-11-16,2019Q1,-6,diag4,gaussian_ar1,3.696309147614385,3.6296336980573423,0.4346329025215147,0.8899340418423755,2.520756202743435,2.489509162906772,1.17555294487095,2019-04-28,8.0,0,True,False
2018-11-23,2018Q4,8,diag4,gaussian_ar1,2.735994791796781,2.6992354368583444,0.02630956089955508,0.7549912837941601,0.5677817986818878,0.5661759932739241,2.168212993114893,2019-01-28,4.0,0,True,False
2018-11-23,2019Q1,-5,diag4,gaussian_ar1,3.495213358801341,3.4355177906822796,0.34944136759837346,0.887037725277688,2.520756202743435,2.489509162906772,0.9744571560579063,2019-04-28,4.0,0,True,False
2018-11-30,2018Q4,9,diag4,gaussian_ar1,2.7079652011155586,2.6719485885556655,0.014334197718068912,0.7549154355325742,0.5677817986818878,0.5661759932739241,2.140183402433671,2019-01-28,8.0,0,True,False
2018-11-30,2019Q1,-4,diag4,gaussian_ar1,3.455839317416043,3.397466240471525,0.3327417059761255,0.8869365330029182,2.520756202743435,2.489509162906772,0.935083114672608,2019-04-28,8.0,0,True,False
2018-12-07,2018Q4,10,diag4,gaussian_ar1,2.727347664778801,2.6908182399805867,0.022615510620713528,0.7518013786156463,0.5677817986818878,0.5661759932739241,2.159565866096913,2019-01-28,12.0,10,True,True
2018-12-07,2019Q1,-3,diag4,gaussian_ar1,3.6382335734471694,3.573612569186223,0.4100469424052399,0.8772005599375153,2.520756202743435,2.489509162906772,1.1174773707037344,2019-04-28,12.0,0,True,False
2018-12-14,2018Q4,11,diag4,gaussian_ar1,2.755139015688002,2.717868088877799,0.034486862011509335,0.7511161371863455,0.5677817986818878,0.5661759932739241,2.187357217006114,2019-01-28,6.0,0,True,False
2018-12-14,2019Q1,-2,diag4,gaussian_ar1,3.429043991158931,3.37156263071676,0.321373403888473,0.8758328873035515,2.520756202743435,2.489509162906772,0.9082877884154961,2019-04-28,6.0,0,True,False
2018-12-21,2018Q4,12,diag4,gaussian_ar1,2.435830725104138,2.406637483813527,-0.10210273190185132,0.7281979725758894,0.5677817986818878,0.5661759932739241,1.86804892642225,2019-01-28,6.0,0,True,False
2018-12-21,2019Q1,-1,diag4,gaussian_ar1,3.117925578116587,3.0703055859007957,0.18916090053760845,0.8630711948270731,2.520756202743435,2.489509162906772,0.5971693753731522,2019-04-28,6.0,0,True,False
2018-12-28,2018Q4,13,diag4,gaussian_ar1,2.432170455927829,2.403064188661915,-0.10367094185855034,0.7281633736087112,0.5677817986818878,0.5661759932739241,1.8643886572459412,2019-01-28,4.0,0,True,False
2018-12-28,2019Q1,0,diag4,gaussian_ar1,3.1173904549017584,3.069786641594721,0.18893315175301909,0.863070470657646,2.520756202743435,2.489509162906772,0.5966342521583234,2019-04-28,4.0,0,True,False
2019-01-04,2018Q4,14,diag4,gaussian_ar1,2.3387552924883703,2.3118254841648502,-0.14371281882582856,0.7279291278978299,0.5677817986818878,0.5661759932739241,1.7709734938064825,2019-01-28,11.0,6,True,True
2019-01-04,2019Q1,1,diag4,gaussian_ar1,2.7184369712885736,2.6821437436782283,0.018808539493637373,0.8580627943824821,2.520756202743435,2.489509162906772,0.19768076854513872,2019-04-28,11.0,0,True,False
2019-01-04,2019Q2,-12,diag4,gaussian_ar1,2.9384225329466274,2.8960783978306974,0.11269791624258076,0.9085378675259222,3.3826649590035895,3.326711173158321,-0.4442424260569622,2019-07-28,11.0,0,True,False
2019-01-11,2018Q4,15,diag4,gaussian_ar1,2.3444280134351514,2.317368412368922,-0.1412801971614882,0.7274413465049278,0.5677817986818878,0.5661759932739241,1.7766462147532636,2019-01-28,6.0,0,True,False
2019-01-11,2019Q1,2,diag4,gaussian_ar1,2.754609779971484,2.7173530420543726,0.03426082371285408,0.8521979615472389,2.520756202743435,2.489509162906772,0.23385357722804923,2019-04-28,6.0,0,True,False
2019-01-11,2019Q2,-11,diag4,gaussian_ar1,2.9718501367720362,2.928546524540109,0.12694718405302066,0.9061425870092453,3.3826649590035895,3.326711173158321,-0.4108148222315533,2019-07-28,6.0,0,True,False
2019-01-18,2018Q4,16,diag4,gaussian_ar1,2.30236408760891,2.276259606326311,-0.15932159486549569,0.7222168546129067,0.5677817986818878,0.5661759932739241,1.7345822889270224,2019-01-28,11.0,0,True,False
2019-01-18,2019Q1,3,diag4,gaussian_ar1,2.6826714400748353,2.6473186817768313,0.0035248849117328783,0.8239326747555817,2.520756202743435,2.489509162906772,0.16191523733140034,2019-04-28,11.0,0,True,False
2019-01-18,2019Q2,-10,diag4,gaussian_ar1,2.948512472705267,2.9058798354658113,0.1169994674543289,0.9037972118317843,3.3826649590035895,3.326711173158321,-0.4341524862983226,2019-07-28,11.0,0,True,False
2019-01-25,2018Q4,17,diag4,gaussian_ar1,2.3026905212660598,2.2765786929273615,-0.15918155751521101,0.7222150477181458,0.5677817986818878,0.5661759932739241,1.734908722584172,2019-01-28,0.0,0,True,False
2019-01-25,2019Q1,4,diag4,gaussian_ar1,2.6929624421078158,2.6573403205146406,0.007923075652843168,0.8222861418086168,2.520756202743435,2.489509162906772,0.17220623936438084,2019-04-28,0.0,0,True,False
2019-01-25,2019Q2,-9,diag4,gaussian_ar1,2.9592044228683445,2.9162650219307866,0.12155720817418052,0.9021840345448421,3.3826649590035895,3.326711173158321,-0.42346053613524504,2019-07-28,0.0,0,True,False
2019-02-01,2019Q1,5,diag4,gaussian_ar1,2.9374269411631904,2.8951112209753314,0.11904198157190757,0.8185995001877135,2.520756202743435,2.489509162906772,0.41667073841975544,2019-04-28,13.0,9,True,True
2019-02-01,2019Q2,-8,diag4,gaussian_ar1,3.0036969449777073,2.9594694267104438,0.14730550083645955,0.8969096900987766,3.3826649590035895,3.326711173158321,-0.3789680140258822,2019-07-28,13.0,0,True,False
2019-02-08,2019Q1,6,diag4,gaussian_ar1,3.0709662464622145,3.024755767915203,0.17597661963594002,0.8122057792511083,2.520756202743435,2.489509162906772,0.5502100437187796,2019-04-28,10.0,0,True,False
2019-02-08,2019Q2,-7,diag4,gaussian_ar1,3.0800062304374043,3.0335260238808934,0.17982816110777,0.8941621309788095,3.3826649590035895,3.326711173158321,-0.30265872856618525,2019-07-28,10.0,0,True,False
2019-02-15,2019Q1,7,diag4,gaussian_ar1,2.956777651465603,2.9139079718578227,0.12729675382060665,0.8094041362564025,2.520756202743435,2.489509162906772,0.4360214487221681,2019-04-28,6.0,0,True,False
2019-02-15,2019Q2,-6,diag4,gaussian_ar1,2.965867236262798,2.922736126535077,0.1311737220632887,0.8915680251545041,3.3826649590035895,3.326711173158321,-0.4167977227407915,2019-07-28,6.0,0,True,False
2019-02-22,2019Q1,8,diag4,gaussian_ar1,1.4941857943590042,1.4831328038830522,-0.5010417938657067,0.7563727109646504,2.520756202743435,2.489509162906772,-1.0265704083844307,2019-04-28,6.0,0,True,False
2019-02-22,2019Q2,-5,diag4,gaussian_ar1,2.6072791692381303,2.5738691300551384,-0.022034543505209336,0.8886837691388919,3.3826649590035895,3.326711173158321,-0.7753857897654592,2019-07-28,6.0,0,True,False
2019-03-01,2019Q1,9,diag4,gaussian_ar1,1.4151512368498986,1.4052314488617639,-0.5352529161807226,0.7554684013639212,2.520756202743435,2.489509162906772,-1.1056049658935363,2019-04-28,7.0,5,True,True
2019-03-01,2019Q2,-4,diag4,gaussian_ar1,2.4390287536454336,2.409759417416969,-0.09410488747563499,0.8848533942773453,3.3826649590035895,3.326711173158321,-0.943636205358156,2019-07-28,7.0,0,True,False
2019-03-08,2019Q1,10,diag4,gaussian_ar1,1.2462741912547592,1.2385721210425993,-0.6084429479510515,0.7530506998334485,2.520756202743435,2.489509162906772,-1.2744820114886757,2019-04-28,12.0,0,True,False
2019-03-08,2019Q2,-3,diag4,gaussian_ar1,2.2941724949431697,2.2682520488114677,-0.1562491967051202,0.8802208348840018,3.3826649590035895,3.326711173158321,-1.0884924640604199,2019-07-28,12.0,0,True,False
2019-03-15,2019Q1,11,diag4,gaussian_ar1,1.2486862798741116,1.2409544900791905,-0.6073967078890133,0.752360031982393,2.520756202743435,2.489509162906772,-1.2720699228693233,2019-04-28,6.0,0,True,False
2019-03-15,2019Q2,-2,diag4,gaussian_ar1,2.468428750860663,2.438455295815,-0.08150281905790885,0.8786700728604449,3.3826649590035895,3.326711173158321,-0.9142362081429267,2019-07-28,6.0,0,True,False
2019-03-22,2019Q1,12,diag4,gaussian_ar1,0.9555150860107275,0.9509789135951046,-0.7347422452388235,0.7290635167629822,2.520756202743435,2.489509162906772,-1.5652411167327074,2019-04-28,7.0,0,True,False
2019-03-22,2019Q2,-1,diag4,gaussian_ar1,2.3739705295595215,2.3462300257262987,-0.12200442515548865,0.8657889384348991,3.3826649590035895,3.326711173158321,-1.008694429444068,2019-07-28,7.0,0,True,False
2019-03-29,2019Q1,13,diag4,gaussian_ar1,0.958797239653153,0.9542299497449542,-0.7333145217371893,0.7290296655292334,2.520756202743435,2.489509162906772,-1.561958963090282,2019-04-28,4.0,0,True,False
2019-03-29,2019Q2,0,diag4,gaussian_ar1,2.3744795113445294,2.3467272033947055,-0.12178608484521393,0.8657882689505411,3.3826649590035895,3.326711173158321,-1.0081854476590602,2019-07-28,4.0,0,True,False
2019-04-05,2019Q1,14,diag4,gaussian_ar1,1.065997537528074,1.0603558419202406,-0.6867083250027841,0.7287027347359261,2.520756202743435,2.489509162906772,-1.454758665215361,2019-04-28,13.0,12,False,True
2019-04-05,2019Q2,1,diag4,gaussian_ar1,2.8286858377755353,2.7894173221674565,0.0726254988409078,0.8555432432957031,3.3826649590035895,3.326711173158321,-0.5539791212280543,2019-07-28,13.0,0,True,False
2019-04-05,2019Q3,-12,diag4,gaussian_ar1,3.205046902108899,3.1547569953807573,0.2330678973513392,0.9095914104630539,4.762784209178728,4.652841032363623,-1.5577373070698286,2019-10-28,13.0,0,True,False
2019-04-12,2019Q1,15,diag4,gaussian_ar1,1.0694089402185192,1.0637312057421713,-0.6852260018193402,0.728699451805347,2.520756202743435,2.489509162906772,-1.4513472625249157,2019-04-28,4.0,0,True,False
2019-04-12,2019Q2,2,diag4,gaussian_ar1,2.8416508065449486,2.8020248464202338,0.07816221324315946,0.8555181611572773,3.3826649590035895,3.326711173158321,-0.5410141524586409,2019-07-28,4.0,0,True,False
2019-04-12,2019Q3,-11,diag4,gaussian_ar1,3.211698453089884,3.161201773852427,0.2358981832241233,0.9095848979739004,4.762784209178728,4.652841032363623,-1.5510857560888436,2019-10-28,4.0,0,True,False
2019-04-19,2019Q1,16,diag4,gaussian_ar1,0.9180309761859462,0.9138426855090009,-0.7510509736431604,0.7234187984743726,2.520756202743435,2.489509162906772,-1.6027252265574887,2019-04-28,11.0,0,True,False
2019-04-19,2019Q2,3,diag4,gaussian_ar1,2.445456831621051,2.416034248778042,-0.09134923549575488,0.8248179573904376,3.3826649590035895,3.326711173158321,-0.9372081273825383,2019-07-28,11.0,0,True,False
2019-04-19,2019Q3,-10,diag4,gaussian_ar1,3.1016727279922662,3.05454292290322,0.1890579325660286,0.9056025150866511,4.762784209178728,4.652841032363623,-1.6611114811864613,2019-10-28,11.0,0,True,False
2019-04-26,2019Q1,17,diag4,gaussian_ar1,0.9205771282804864,0.9163656439445484,-0.7499429924070108,0.7233797206562563,2.520756202743435,2.489509162906772,-1.6001790744629485,2019-04-28,4.0,0,True,False
2019-04-26,2019Q2,4,diag4,gaussian_ar1,2.4463698044507876,2.4169254242287384,-0.09095786730530966,0.8248131202978178,3.3826649590035895,3.326711173158321,-0.936295154552802,2019-07-28,4.0,0,True,False
2019-04-26,2019Q3,-9,diag4,gaussian_ar1,3.101949309220453,3.054811183203827,0.18917574163307016,0.905602142235263,4.762784209178728,4.652841032363623,-1.6608348999582745,2019-10-28,4.0,0,True,False
2019-05-03,2019Q2,5,diag4,gaussian_ar1,2.0856011321859436,2.064150212841621,-0.2463554465602929,0.8201169530728908,3.3826649590035895,3.326711173158321,-1.297063826817646,2019-07-28,11.0,6,True,True
2019-05-03,2019Q3,-8,diag4,gaussian_ar1,2.937368606848345,2.895054551274992,0.11988839660983003,0.8981494266836967,4.762784209178728,4.652841032363623,-1.8254156023303825,2019-10-28,11.0,0,True,False
2019-05-10,2019Q2,6,diag4,gaussian_ar1,2.299787751435889,2.2737412201314458,-0.15397247002119743,0.8146551416981893,3.3826649590035895,3.326711173158321,-1.0828772075677007,2019-07-28,8.0,0,True,False
2019-05-10,2019Q3,-7,diag4,gaussian_ar1,3.0642349221825294,3.0182247880108406,0.17417905171865347,0.896397387751122,4.762784209178728,4.652841032363623,-1.6985492869961982,2019-10-28,8.0,0,True,False
2019-05-17,2019Q2,7,diag4,gaussian_ar1,1.397116248117225,1.387446539690482,-0.5446311234083634,0.7598113913631346,3.3826649590035895,3.326711173158321,-1.9855487108863645,2019-07-28,10.0,0,True,False
2019-05-17,2019Q3,-6,diag4,gaussian_ar1,3.1926570076391103,3.1427511501121566,0.22906745622255828,0.8931640153618149,4.762784209178728,4.652841032363623,-1.5701272015396173,2019-10-28,10.0,0,True,False
2019-05-24,2019Q2,8,diag4,gaussian_ar1,1.4680158184787961,1.457344774567977,-0.5138215620807516,0.7591274635949996,3.3826649590035895,3.326711173158321,-1.9146491405247934,2019-07-28,2.0,0,True,False
2019-05-24,2019Q3,-5,diag4,gaussian_ar1,3.3371919716155274,3.282716378660376,0.29076096393770073,0.8908244917501481,4.762784209178728,4.652841032363623,-1.4255922375632002,2019-10-28,2.0,0,True,False
2019-05-31,2019Q2,9,diag4,gaussian_ar1,1.4641722372814359,1.4535567296701675,-0.5154912466127767,0.759046863992475,3.3826649590035895,3.326711173158321,-1.9184927217221537,2019-07-28,8.0,0,True,False
2019-05-31,2019Q3,-4,diag4,gaussian_ar1,3.3331155903912,3.2787715631008245,0.28902217844302935,0.8907140500010224,4.762784209178728,4.652841032363623,-1.4296686187875274,2019-10-28,8.0,0,True,False
2019-06-07,2019Q2,10,diag4,gaussian_ar1,1.2895196974402445,1.2812761843712257,-0.5914286152064882,0.7559528187022347,3.3826649590035895,3.326711173158321,-2.093145261563345,2019-07-28,12.0,5,True,True
2019-06-07,2019Q3,-3,diag4,gaussian_ar1,3.087196721337415,3.04050142132527,0.18399808794290878,0.8819130619786059,4.762784209178728,4.652841032363623,-1.6755874878413124,2019-10-28,12.0,0,True,False
2019-06-14,2019Q2,11,diag4,gaussian_ar1,1.3467240744635678,1.3377363491256802,-0.5665422513144938,0.755273386078872,3.3826649590035895,3.326711173158321,-2.0359408845400218,2019-07-28,6.0,0,True,False
2019-06-14,2019Q3,-2,diag4,gaussian_ar1,3.0705376884896163,3.024339977824974,0.17687448910614598,0.8803710652567869,4.762784209178728,4.652841032363623,-1.6922465206891113,2019-10-28,6.0,0,True,False
2019-06-21,2019Q2,12,diag4,gaussian_ar1,1.187235355384919,1.180243005792901,-0.6359617556640117,0.7323416575358871,3.3826649590035895,3.326711173158321,-2.1954296036186705,2019-07-28,6.0,0,True,False
2019-06-21,2019Q3,-1,diag4,gaussian_ar1,2.4952015112085,2.464579696974225,-0.06985518485283199,0.8676303110818351,4.762784209178728,4.652841032363623,-2.2675826979702274,2019-10-28,6.0,0,True,False
2019-06-28,2019Q2,13,diag4,gaussian_ar1,1.174928794274921,1.1680800985845439,-0.641322890122052,0.7323065199628088,3.3826649590035895,3.326711173158321,-2.2077361647286686,2019-07-28,4.0,0,True,False
2019-06-28,2019Q3,0,diag4,gaussian_ar1,2.493348775114823,2.4627720486044584,-0.07065195537793444,0.8676296447394266,4.762784209178728,4.652841032363623,-2.2694354340639045,2019-10-28,4.0,0,True,False
2019-07-05,2019Q2,14,diag4,gaussian_ar1,1.2822910421545597,1.2741393026280412,-0.5945743912928219,0.7317134207181052,3.3826649590035895,3.326711173158321,-2.10037391684903,2019-07-28,13.0,4,True,True
2019-07-05,2019Q3,1,diag4,gaussian_ar1,2.878751527251766,2.838093919480701,0.09478143816371998,0.8563537404463835,4.762784209178728,4.652841032363623,-1.8840326819269615,2019-10-28,13.0,0,True,False
2019-07-05,2019Q4,-12,diag4,gaussian_ar1,2.5533334940164076,2.5212804038228507,-0.04486279544509707,0.9095649340793968,2.755535957854649,2.718254387221374,-0.20220246383824136,2020-01-28,13.0,0,True,False
2019-07-12,2019Q2,15,diag4,gaussian_ar1,1.2825842672426813,1.2744288149017524,-0.594446780829301,0.7317103424587617,3.3826649590035895,3.326711173158321,-2.1000806917609083,2019-07-28,4.0,0,True,False
2019-07-12,2019Q3,2,diag4,gaussian_ar1,2.887359511403176,2.846460685138056,0.09846931926809703,0.8563299436390559,4.762784209178728,4.652841032363623,-1.8754246977755518,2019-10-28,4.0,0,True,False
2019-07-12,2019Q4,-11,diag4,gaussian_ar1,2.557797994107358,2.525633653750605,-0.042943981316834336,0.9095586684694394,2.755535957854649,2.718254387221374,-0.1977379637472909,2020-01-28,4.0,0,True,False
2019-07-19,2019Q2,16,diag4,gaussian_ar1,1.2610487895286626,1.2531637892179959,-0.6038199232854045,0.7265695399366542,3.3826649590035895,3.326711173158321,-2.121616169474927,2019-07-28,11.0,0,True,False
2019-07-19,2019Q3,3,diag4,gaussian_ar1,2.702656720460661,2.6667799360230644,0.01927010817282583,0.827705907872186,4.762784209178728,4.652841032363623,-2.0601274887180665,2019-10-28,11.0,0,True,False
2019-07-19,2019Q4,-10,diag4,gaussian_ar1,2.459905957121289,2.4301374672858755,-0.08503654085849767,0.9072650011552194,2.755535957854649,2.718254387221374,-0.2956300007333601,2020-01-28,11.0,0,True,False
2019-07-26,2019Q2,17,diag4,gaussian_ar1,1.2614411653141255,1.253551277822891,-0.6036491270706332,0.7265270098241128,3.3826649590035895,3.326711173158321,-2.121223793689464,2019-07-28,4.0,0,True,False
2019-07-26,2019Q3,4,diag4,gaussian_ar1,2.931515892127745,2.889368685014616,0.1173821953365552,0.8260763338738824,4.762784209178728,4.652841032363623,-1.8312683170509825,2019-10-28,4.0,0,True,False
2019-07-26,2019Q4,-9,diag4,gaussian_ar1,2.696843111959457,2.661119154465661,0.016774963669381533,0.9056925025444906,2.755535957854649,2.718254387221374,-0.05869284589519186,2020-01-28,4.0,0,True,False
2019-08-02,2019Q3,5,diag4,gaussian_ar1,2.6416030179990724,2.6073152065600427,-0.009218566331757876,0.8228416388394343,4.762784209178728,4.652841032363623,-2.121181191179655,2019-10-28,10.0,4,True,True
2019-08-02,2019Q4,-8,diag4,gaussian_ar1,2.6496887427939653,2.6151925253977923,-0.005734903342665905,0.8999262937022166,2.755535957854649,2.718254387221374,-0.10584721506068373,2020-01-28,10.0,0,True,False
2019-08-09,2019Q3,6,diag4,gaussian_ar1,2.5554960422086825,2.5233890874882374,-0.046334026661671565,0.8168042536170907,4.762784209178728,4.652841032363623,-2.207288166970045,2019-10-28,9.0,0,True,False
2019-08-09,2019Q4,-7,diag4,gaussian_ar1,2.5834528862862305,2.550645583045679,-0.03428012269490812,0.8973401451919042,2.755535957854649,2.718254387221374,-0.1720830715684185,2020-01-28,9.0,0,True,False
2019-08-16,2019Q3,7,diag4,gaussian_ar1,2.6720975471048902,2.637020510440033,0.0039182978523528995,0.8145438771452722,4.762784209178728,4.652841032363623,-2.0906866620738374,2019-10-28,8.0,0,True,False
2019-08-16,2019Q4,-6,diag4,gaussian_ar1,2.681842098062859,2.646511003763036,0.008115370615122422,0.8961845453669154,2.755535957854649,2.718254387221374,-0.07369385979179022,2020-01-28,8.0,0,True,False
2019-08-23,2019Q3,8,diag4,gaussian_ar1,2.0462839618587303,2.0256288708226706,-0.2664633473044343,0.7619521969202604,4.762784209178728,4.652841032363623,-2.7165002473199973,2019-10-28,4.0,0,True,False
2019-08-23,2019Q4,-5,diag4,gaussian_ar1,2.61579862380672,2.5821717582635113,-0.020337996946781567,0.8919101517404692,2.755535957854649,2.718254387221374,-0.1397373340479291,2020-01-28,4.0,0,True,False
2019-08-30,2019Q3,9,diag4,gaussian_ar1,2.033329051924082,2.0129329334277077,-0.27207799463884347,0.7618732863111897,4.762784209178728,4.652841032363623,-2.7294551572546455,2019-10-28,8.0,0,True,False
2019-08-30,2019Q4,-4,diag4,gaussian_ar1,2.587303320406553,2.554398977722348,-0.03262022262130635,0.8918020366048267,2.755535957854649,2.718254387221374,-0.1682326374480958,2020-01-28,8.0,0,True,False
2019-09-06,2019Q3,10,diag4,gaussian_ar1,2.05312478204962,2.0323322907253125,-0.2634988290087844,0.7590511739208475,4.762784209178728,4.652841032363623,-2.7096594271291075,2019-10-28,10.0,4,True,True
2019-09-06,2019Q4,-3,diag4,gaussian_ar1,2.5697764250471655,2.537312659839705,-0.04017647043272893,0.8832534119292077,2.755535957854649,2.718254387221374,-0.18575953280748347,2020-01-28,10.0,0,True,False
2019-09-13,2019Q3,11,diag4,gaussian_ar1,2.0651874394281178,2.0441515706921582,-0.25827187437786336,0.7590385151526443,4.762784209178728,4.652841032363623,-2.69759676975061,2019-10-28,6.0,0,True,False
2019-09-13,2019Q4,-2,diag4,gaussian_ar1,2.4909507460340707,2.4604323288440164,-0.0741760036743385,0.8820965222107563,2.755535957854649,2.718254387221374,-0.26458521182057826,2020-01-28,6.0,0,True,False
2019-09-20,2019Q3,12,diag4,gaussian_ar1,2.5788736587050165,2.5461815787042297,-0.03625428256170564,0.7358334112970275,4.762784209178728,4.652841032363623,-2.183910550473711,2019-10-28,8.0,0,True,False
2019-09-20,2019Q4,-1,diag4,gaussian_ar1,2.8065913099356576,2.767928277844544,0.061810907467992365,0.8690871285525377,2.755535957854649,2.718254387221374,0.05105535208100864,2020-01-28,8.0,0,True,False
2019-09-27,2019Q3,13,diag4,gaussian_ar1,2.5645294094797544,2.5321969718057478,-0.04243883068939838,0.7357984415539293,4.762784209178728,4.652841032363623,-2.198254799698973,2019-10-28,4.0,0,True,False
2019-09-27,2019Q4,0,diag4,gaussian_ar1,2.804367921132611,2.7657655635500937,0.06085446938306274,0.8690864235148699,2.755535957854649,2.718254387221374,0.04883196327796213,2020-01-28,4.0,0,True,False
2019-10-04,2019Q3,14,diag4,gaussian_ar1,2.500128105803734,2.4693862402309907,-0.07021622873709295,0.7359279533278803,4.762784209178728,4.652841032363623,-2.2626561033749937,2019-10-28,9.0,11,False,True
2019-10-04,2019Q4,1,diag4,gaussian_ar1,2.460561850214127,2.4307776113377106,-0.08729049655656498,0.863118166996552,2.755535957854649,2.718254387221374,-0.2949741076405221,2020-01-28,9.0,0,True,False
2019-10-04,2020Q1,-12,diag4,gaussian_ar1,2.2045192643868727,2.180571061193654,-0.19794176208465358,0.9120212319357586,-5.16223383893778,-5.300247883185935,7.366753103324653,2020-04-28,9.0,0,True,False
2019-10-11,2019Q3,15,diag4,gaussian_ar1,2.516702589190767,2.485555140478796,-0.06306569941007499,0.7354756476811158,4.762784209178728,4.652841032363623,-2.2460816199879607,2019-10-28,7.0,0,True,False
2019-10-11,2019Q4,2,diag4,gaussian_ar1,2.5831997381121186,2.5503988098289954,-0.03438925560413374,0.8583557666874059,2.755535957854649,2.718254387221374,-0.17233621974253044,2020-01-28,7.0,0,True,False
2019-10-11,2020Q1,-11,diag4,gaussian_ar1,2.2728903461378014,2.2474450346356973,-0.1683674372398663,0.910594999544634,-5.16223383893778,-5.300247883185935,7.435124185075582,2020-04-28,7.0,0,True,False
2019-10-18,2019Q3,16,diag4,gaussian_ar1,2.408367086001517,2.3798233103483697,-0.10982451049554282,0.7303820206558546,4.762784209178728,4.652841032363623,-2.3544171231772104,2019-10-28,12.0,0,True,False
2019-10-18,2019Q4,3,diag4,gaussian_ar1,2.357481543097717,2.330122108422417,-0.1318043543014199,0.8302061350280332,2.755535957854649,2.718254387221374,-0.39805441475693204,2020-01-28,12.0,0,True,False
2019-10-18,2020Q1,-10,diag4,gaussian_ar1,2.2569464753825708,2.231854281682195,-0.17526228689047513,0.9083432951532385,-5.16223383893778,-5.300247883185935,7.419180314320351,2020-04-28,12.0,0,True,False
2019-10-25,2019Q3,17,diag4,gaussian_ar1,2.4067946572742027,2.3782878490925197,-0.11050355239525052,0.7303803994611805,4.762784209178728,4.652841032363623,-2.355989551904525,2019-10-28,0.0,0,True,False
2019-10-25,2019Q4,4,diag4,gaussian_ar1,2.3049133964633706,2.2787515107062086,-0.154522471173101,0.8286575863327648,2.755535957854649,2.718254387221374,-0.45062256139127843,2020-01-28,0.0,0,True,False
2019-10-25,2020Q1,-9,diag4,gaussian_ar1,2.202461214810536,2.178557382823581,-0.19883229056956672,0.9068191348932017,-5.16223383893778,-5.300247883185935,7.364695053748316,2020-04-28,0.0,0,True,False
2019-11-01,2019Q4,5,diag4,gaussian_ar1,2.29052747637124,2.264688714336483,-0.16730701216519497,0.8249127860076245,2.755535957854649,2.718254387221374,-0.4650084814834088,2020-01-28,13.0,3,True,True
2019-11-01,2020Q1,-8,diag4,gaussian_ar1,2.449568597884144,2.420047783274577,-0.09855021839084793,0.900857974270356,-5.16223383893778,-5.300247883185935,7.611802436821924,2020-04-28,13.0,0,True,False
2019-11-08,2019Q4,6,diag4,gaussian_ar1,2.287722158036831,2.2619461761247264,-0.16852076901590782,0.8187812964729776,2.755535957854649,2.718254387221374,-0.4678137998178178,2020-01-28,10.0,0,True,False
2019-11-08,2020Q1,-7,diag4,gaussian_ar1,2.4899837102877465,2.4594887915839387,-0.08109493050121941,0.8983054016453013,-5.16223383893778,-5.300247883185935,7.652217549225527,2020-04-28,10.0,0,True,False
2019-11-15,2019Q4,7,diag4,gaussian_ar1,2.2785855894441154,2.2530135530555575,-0.17247405302069005,0.8172735854516227,2.755535957854649,2.718254387221374,-0.4769503684105336,2020-01-28,6.0,0,True,False
2019-11-15,2020Q1,-6,diag4,gaussian_ar1,2.5374090871961075,2.5057512710576395,-0.06062068472718831,0.8971316917853893,-5.16223383893778,-5.300247883185935,7.699642926133888,2020-04-28,6.0,0,True,False
2019-11-22,2019Q4,8,diag4,gaussian_ar1,1.3387899760554323,1.3299073748160473,-0.5810103654668615,0.7645113681714573,2.755535957854649,2.718254387221374,-1.4167459817992167,2020-01-28,6.0,0,True,False
2019-11-22,2020Q1,-5,diag4,gaussian_ar1,2.5272930344257816,2.4958850652466182,-0.06498714162552328,0.8929550502259657,-5.16223383893778,-5.300247883185935,7.689526873363562,2020-04-28,6.0,0,True,False
2019-11-29,2019Q4,9,diag4,gaussian_ar1,1.341091684633744,1.3321786496555217,-0.5800051742230543,0.7644915647661483,2.755535957854649,2.718254387221374,-1.414444273220905,2020-01-28,4.0,0,True,False
2019-11-29,2020Q1,-4,diag4,gaussian_ar1,2.5273661141346215,2.4959563435186087,-0.06495559621603199,0.8929550366351712,-5.16223383893778,-5.300247883185935,7.689599953072402,2020-04-28,4.0,0,True,False
2019-12-06,2019Q4,10,diag4,gaussian_ar1,1.4199797038879636,1.4099924259337038,-0.5455673663439787,0.7617971836625004,2.755535957854649,2.718254387221374,-1.3355562539666854,2020-01-28,13.0,5,True,True
2019-12-06,2020Q1,-3,diag4,gaussian_ar1,2.607448142962343,2.5740338099749587,-0.030401087771456566,0.8848155020147692,-5.16223383893778,-5.300247883185935,7.769681981900123,2020-04-28,13.0,0,True,False
2019-12-13,2019Q4,11,diag4,gaussian_ar1,1.423121493139723,1.4130901790576367,-0.5441964031027472,0.7617845041074426,2.755535957854649,2.718254387221374,-1.332414464714926,2020-01-28,6.0,0,True,False
2019-12-13,2020Q1,-2,diag4,gaussian_ar1,2.636050410400781,2.601905355553933,-0.018066062049144484,0.8836357282945727,-5.16223383893778,-5.300247883185935,7.798284249338561,2020-04-28,6.0,0,True,False
2019-12-20,2019Q4,12,diag4,gaussian_ar1,1.7535110314874203,1.738314419124385,-0.4002628937329246,0.7387360323379577,2.755535957854649,2.718254387221374,-1.0020249263672287,2020-01-28,9.0,0,True,False
2019-12-20,2020Q1,-1,diag4,gaussian_ar1,2.762320764113313,2.7248570312634715,0.036348289612165144,0.8708478696615847,-5.16223383893778,-5.300247883185935,7.924554603051093,2020-04-28,9.0,0,True,False
2019-12-27,2019Q4,13,diag4,gaussian_ar1,1.7313285297886338,1.7165118103064663,-0.4099120084481635,0.738701827443403,2.755535957854649,2.718254387221374,-1.0242074280660152,2020-01-28,4.0,0,True,False
2019-12-27,2020Q1,0,diag4,gaussian_ar1,2.7588692790294633,2.7214982680298885,0.03486181191526066,0.8708471896656357,-5.16223383893778,-5.300247883185935,7.9211031179672435,2020-04-28,4.0,0,True,False
2020-01-03,2019Q4,14,diag4,gaussian_ar1,1.6936099339929456,1.6794282584934281,-0.4263239639384823,0.7388098257983916,2.755535957854649,2.718254387221374,-1.0619260238617034,2020-01-28,8.0,11,False,True
2020-01-03,2020Q1,1,diag4,gaussian_ar1,2.5148304909617725,2.483728984081356,-0.07036702174129038,0.8654251138251284,-5.16223383893778,-5.300247883185935,7.677064329899553,2020-04-28,8.0,0,True,False
2020-01-03,2020Q2,-12,diag4,gaussian_ar1,2.170568224507319,2.1473468159013165,-0.2192386616462559,0.913583613049881,-27.97614656719044,-32.81728241610834,30.14671479169776,2020-07-28,8.0,0,True,False
2020-01-10,2019Q4,15,diag4,gaussian_ar1,1.700168468240415,1.6858773586588958,-0.42346980516205546,0.7383067589281338,2.755535957854649,2.718254387221374,-1.055367489614234,2020-01-28,8.0,0,True,False
2020-01-10,2020Q1,2,diag4,gaussian_ar1,2.6255940248302245,2.5917170073037203,-0.0225750885535466,0.859787807740804,-5.16223383893778,-5.300247883185935,7.787827863768005,2020-04-28,8.0,0,True,False
2020-01-10,2020Q2,-11,diag4,gaussian_ar1,2.2647285589575183,2.2394643147776057,-0.1784704984708609,0.911436974130582,-27.97614656719044,-32.81728241610834,30.24087512614796,2020-07-28,8.0,0,True,False
2020-01-17,2019Q4,16,diag4,gaussian_ar1,1.6460665461463408,1.6326657283901407,-0.44701951560891356,0.7332614601981731,2.755535957854649,2.718254387221374,-1.1094694117083082,2020-01-28,10.0,0,True,False
2020-01-17,2020Q1,3,diag4,gaussian_ar1,2.6470335926537913,2.612605878996311,-0.01333036371731219,0.8324079635114422,-5.16223383893778,-5.300247883185935,7.8092674315915716,2020-04-28,10.0,0,True,False
2020-01-17,2020Q2,-10,diag4,gaussian_ar1,2.380443106558139,2.3525523089785416,-0.12842148653499114,0.9093221861142357,-27.97614656719044,-32.81728241610834,30.35658967374858,2020-07-28,10.0,0,True,False
2020-01-24,2019Q4,17,diag4,gaussian_ar1,1.6491166334871465,1.6356663772922237,-0.445691527489778,0.7332597696346004,2.755535957854649,2.718254387221374,-1.1064193243675025,2020-01-28,2.0,0,True,False
2020-01-24,2020Q1,4,diag4,gaussian_ar1,2.774069619408026,2.7362894158505293,0.041407885519724213,0.830447113261842,-5.16223383893778,-5.300247883185935,7.936303458345806,2020-04-28,2.0,0,True,False
2020-01-24,2020Q2,-9,diag4,gaussian_ar1,2.504193734151361,2.473352623292259,-0.07495925638700947,0.907673345949328,-27.97614656719044,-32.81728241610834,30.4803403013418,2020-07-28,2.0,0,True,False
2020-01-31,2020Q1,5,diag4,gaussian_ar1,2.787489827433842,2.7493465341959875,0.047117380747168584,0.8301648568000977,-5.16223383893778,-5.300247883185935,7.949723666371622,2020-04-28,10.0,0,True,False
2020-01-31,2020Q2,-8,diag4,gaussian_ar1,2.616550069351442,2.5829040458872887,-0.026810680680040385,0.9053599823963997,-27.97614656719044,-32.81728241610834,30.59269663654188,2020-07-28,10.0,0,True,False
2020-02-07,2020Q1,6,diag4,gaussian_ar1,3.1600508950634154,3.1111488385375017,0.20781759168283567,0.8201916693754263,-5.16223383893778,-5.300247883185935,8.322284734001196,2020-04-28,13.0,5,True,True
2020-02-07,2020Q2,-7,diag4,gaussian_ar1,2.9191576505107175,2.8773616884678495,0.10397733450531743,0.8993291554770457,-27.97614656719044,-32.81728241610834,30.89530421770116,2020-07-28,13.0,0,True,False
2020-02-14,2020Q1,7,diag4,gaussian_ar1,3.095630356298118,3.048682155952823,0.18007202746903309,0.8186891898920267,-5.16223383893778,-5.300247883185935,8.257864195235898,2020-04-28,6.0,0,True,False
2020-02-14,2020Q2,-6,diag4,gaussian_ar1,2.913820285909896,2.8721755762563648,0.10167384081188052,0.8981337035043047,-27.97614656719044,-32.81728241610834,30.889966853100336,2020-07-28,6.0,0,True,False
2020-02-21,2020Q1,8,diag4,gaussian_ar1,2.087259301959765,2.0657744931404967,-0.2565019435887308,0.766289771909241,-5.16223383893778,-5.300247883185935,7.249493140897545,2020-04-28,6.0,0,True,False
2020-02-21,2020Q2,-5,diag4,gaussian_ar1,3.1342459827776947,3.086131266252816,0.19670564160677323,0.8939514348004635,-27.97614656719044,-32.81728241610834,31.110392549968136,2020-07-28,6.0,0,True,False
2020-02-28,2020Q1,9,diag4,gaussian_ar1,2.099771922252791,2.078030531375332,-0.2510582305279247,0.766269873336139,-5.16223383893778,-5.300247883185935,7.262005761190571,2020-04-28,4.0,0,True,False
2020-02-28,2020Q2,-4,diag4,gaussian_ar1,3.134595973200671,3.0864706199037535,0.19685637089354951,0.8939514213153567,-27.97614656719044,-32.81728241610834,31.11074254039111,2020-07-28,4.0,0,True,False
2020-03-06,2020Q1,10,diag4,gaussian_ar1,2.0276968402005213,2.007412808552946,-0.28242420807195384,0.7626160883446201,-5.16223383893778,-5.300247883185935,7.1899306791383015,2020-04-28,13.0,4,True,True
2020-03-06,2020Q2,-3,diag4,gaussian_ar1,2.9824445503154884,2.9388346455709478,0.13128151984290526,0.8844056621714237,-27.97614656719044,-32.81728241610834,30.95859111750593,2020-07-28,13.0,0,True,False
2020-03-13,2020Q1,11,diag4,gaussian_ar1,2.039782422253622,2.019257500427324,-0.27716320099753833,0.7626038957289477,-5.16223383893778,-5.300247883185935,7.202016261191402,2020-04-28,6.0,0,True,False
2020-03-13,2020Q2,-2,diag4,gaussian_ar1,2.812945930233224,2.774109227753198,0.05811612240864436,0.8832430512454097,-27.97614656719044,-32.81728241610834,30.789092497423663,2020-07-28,6.0,0,True,False
2020-03-20,2020Q1,12,diag4,gaussian_ar1,1.9551496304837324,1.9362821090546092,-0.31401803231303577,0.7396458663457517,-5.16223383893778,-5.300247883185935,7.117383469421513,2020-04-28,9.0,0,True,False
2020-03-20,2020Q2,-1,diag4,gaussian_ar1,1.9493861347338992,1.930628977573497,-0.31652895999525493,0.870633285591459,-27.97614656719044,-32.81728241610834,29.92553270192434,2020-07-28,9.0,0,True,False
2020-03-27,2020Q1,13,diag4,gaussian_ar1,1.9699750765028945,1.9508221968114103,-0.30755982256284164,0.7396109180130246,-5.16223383893778,-5.300247883185935,7.132208915440675,2020-04-28,4.0,0,True,False
2020-03-27,2020Q2,0,diag4,gaussian_ar1,1.9516158305163067,1.9328160151662659,-0.3155575526872726,0.8706325926108301,-27.97614656719044,-32.81728241610834,29.927762397706747,2020-07-28,4.0,0,True,False
2020-04-03,2020Q1,14,diag4,gaussian_ar1,1.9752042096088163,1.9559501759334044,-0.3052821495997633,0.7394263407525602,-5.16223383893778,-5.300247883185935,7.1374380485465965,2020-04-28,9.0,3,True,True
2020-04-03,2020Q2,1,diag4,gaussian_ar1,2.041735046424864,2.0211710731952186,-0.2763132574130132,0.8640245685455675,-27.97614656719044,-32.81728241610834,30.017881613615305,2020-07-28,9.0,0,True,False
2020-04-03,2020Q3,-12,diag4,gaussian_ar1,2.0998574826945005,2.078114332155911,-0.25102100908694974,0.9126993295420428,34.85500597467652,29.90299854497912,-32.75514849198202,2020-10-28,9.0,0,True,False
2020-04-10,2020Q1,15,diag4,gaussian_ar1,1.1826596252213495,1.175720860673655,-0.6518333297218245,0.7389836912704548,-5.16223383893778,-5.300247883185935,6.34489346415913,2020-04-28,7.0,0,True,False
2020-04-10,2020Q2,2,diag4,gaussian_ar1,-0.6518853747245812,-0.6540194268718276,-1.4645413933180587,0.8596103962596227,-27.97614656719044,-32.81728241610834,27.32426119246586,2020-07-28,7.0,0,True,False
2020-04-10,2020Q3,-11,diag4,gaussian_ar1,0.5429364565622263,0.5414678698465716,-0.9335468185233798,0.911322715656849,34.85500597467652,29.90299854497912,-34.3120695181143,2020-10-28,7.0,0,True,False
2020-04-17,2020Q1,16,diag4,gaussian_ar1,0.46507734377840837,0.46399920060733146,-0.9679557521820781,0.7339696479827374,-5.16223383893778,-5.300247883185935,5.627311182716189,2020-04-28,10.0,0,True,False
2020-04-17,2020Q2,3,diag4,gaussian_ar1,-3.0821960820585415,-3.1306949005295808,-2.5645959431650107,0.8323729662488867,-27.97614656719044,-32.81728241610834,24.8939504851319,2020-07-28,10.0,0,True,False
2020-04-17,2020Q3,-10,diag4,gaussian_ar1,-0.4921728958530158,-0.4933880554136736,-1.3931944312715017,0.9091602121505825,34.85500597467652,29.90299854497912,-35.34717887052954,2020-10-28,10.0,0,True,False
2020-04-24,2020Q1,17,diag4,gaussian_ar1,0.4556590018077067,0.4546240189820763,-0.9721198872543539,0.7339679378608559,-5.16223383893778,-5.300247883185935,5.617892840745487,2020-04-28,2.0,0,True,False
2020-04-24,2020Q2,4,diag4,gaussian_ar1,-3.4402026391295526,-3.500770778355208,-2.7289709925086547,0.8304643293373443,-27.97614656719044,-32.81728241610834,24.535943928060888,2020-07-28,2.0,0,True,False
2020-04-24,2020Q3,-9,diag4,gaussian_ar1,-0.8604530581660108,-0.8641763288756334,-1.5578859023948153,0.90750590577393,34.85500597467652,29.90299854497912,-35.71545903284253,2020-10-28,2.0,0,True,False
2020-05-01,2020Q2,5,diag4,gaussian_ar1,-4.30573106141644,-4.401177502163426,-2.9851272115423764,0.842878535035562,-27.97614656719044,-32.81728241610834,23.670415505774002,2020-07-28,13.0,14,False,True
2020-05-01,2020Q3,-8,diag4,gaussian_ar1,-1.9902770762405653,-2.0103498731104685,-1.963831289822463,0.9406815508177171,34.85500597467652,29.90299854497912,-36.84528305091709,2020-10-28,13.0,0,True,False
2020-05-08,2020Q2,6,diag4,gaussian_ar1,-13.4334208596539,-14.425636707373023,-7.267300957285646,0.8285344934696409,-27.97614656719044,-32.81728241610834,14.54272570753654,2020-07-28,10.0,0,True,False
2020-05-08,2020Q3,-7,diag4,gaussian_ar1,-7.080815101107129,-7.344005019826154,-4.242222330233389,0.9357767540021105,34.85500597467652,29.90299854497912,-41.93582107578365,2020-10-28,10.0,0,True,False
2020-05-15,2020Q2,7,diag4,gaussian_ar1,-14.82893397117987,-16.05084104308666,-7.961543628675275,0.8244951362737333,-27.97614656719044,-32.81728241610834,13.14721259601057,2020-07-28,6.0,0,True,False
2020-05-15,2020Q3,-6,diag4,gaussian_ar1,-7.154237300806187,-7.423053521141018,-4.275989679677531,0.93403237869194,34.85500597467652,29.90299854497912,-42.00924327548271,2020-10-28,6.0,0,True,False
2020-05-22,2020Q2,8,diag4,gaussian_ar1,-14.458549182473812,-15.616912264194866,-7.776181168072193,0.7712300072537629,-27.97614656719044,-32.81728241610834,13.517597384716629,2020-07-28,6.0,0,True,False
2020-05-22,2020Q3,-5,diag4,gaussian_ar1,-5.947727929066948,-6.1319472415544105,-3.724464525030105,0.929435804064082,34.85500597467652,29.90299854497912,-40.80273390374347,2020-10-28,6.0,0,True,False
2020-05-29,2020Q2,9,diag4,gaussian_ar1,-14.486044867822478,-15.649060544376741,-7.789914030718198,0.7712113711010583,-27.97614656719044,-32.81728241610834,13.490101699367962,2020-07-28,4.0,0,True,False
2020-05-29,2020Q3,-4,diag4,gaussian_ar1,-5.948513127404221,-6.132782098169388,-3.7248211528546027,0.9294357916452658,34.85500597467652,29.90299854497912,-40.80351910208074,2020-10-28,4.0,0,True,False
2020-06-05,2020Q2,10,diag4,gaussian_ar1,-14.522877818359836,-15.692142267336411,-7.808317359935539,0.7957008445064336,-27.97614656719044,-32.81728241610834,13.453268748830604,2020-07-28,13.0,34,True,True
2020-06-05,2020Q3,-3,diag4,gaussian_ar1,1.6915886755742626,1.6774406424500108,-0.3885084317746867,1.0511461260779063,34.85500597467652,29.90299854497912,-33.163417299102264,2020-10-28,13.0,0,True,False
2020-06-12,2020Q2,11,diag4,gaussian_ar1,-14.662965446902676,-15.856165744813968,-7.878383686164379,0.795684705129922,-27.97614656719044,-32.81728241610834,13.313181120287764,2020-07-28,4.0,0,True,False
2020-06-12,2020Q3,-2,diag4,gaussian_ar1,1.6538025086190844,1.6402761243165542,-0.40438409355019495,1.0511458285151336,34.85500597467652,29.90299854497912,-33.201203466057436,2020-10-28,4.0,0,True,False
2020-06-19,2020Q2,12,diag4,gaussian_ar1,-16.701146390206144,-18.273539909734286,-8.911019559157928,0.7634692720408839,-27.97614656719044,-32.81728241610834,11.275000176984296,2020-07-28,11.0,0,True,False
2020-06-19,2020Q3,-1,diag4,gaussian_ar1,1.3450324896551402,1.336067228647248,-0.5343337815672474,1.0251979263366462,34.85500597467652,29.90299854497912,-33.50997348502138,2020-10-28,11.0,0,True,False
2020-06-26,2020Q2,13,diag4,gaussian_ar1,-16.67192537694597,-18.238466330848045,-8.89603708922101,0.7634166880453508,-27.97614656719044,-32.81728241610834,11.30422119024447,2020-07-28,4.0,0,True,False
2020-06-26,2020Q3,0,diag4,gaussian_ar1,1.3512367154546956,1.3421889257320714,-0.5317187606469767,1.0251967054411661,34.85500597467652,29.90299854497912,-33.503769259221826,2020-10-28,4.0,0,True,False
2020-07-03,2020Q2,14,diag4,gaussian_ar1,-12.884364040807661,-13.793380091381934,-6.9972182898672886,0.8195215790543002,-27.97614656719044,-32.81728241610834,15.09178252638278,2020-07-28,8.0,38,True,True
2020-07-03,2020Q3,1,diag4,gaussian_ar1,3.733169400947567,3.6651737321731095,0.4605965699129764,1.0221195545189843,34.85500597467652,29.90299854497912,-31.121836573728956,2020-10-28,8.0,0,True,False
2020-07-03,2020Q4,-12,diag4,gaussian_ar1,2.5443729039644314,2.5125425293579813,-0.03177583384266584,1.0819913045413303,4.611736044615711,4.508555862817171,-2.0673631406512794,2021-01-28,8.0,0,True,False
2020-07-10,2020Q2,15,diag4,gaussian_ar1,-12.187160154322086,-12.996245633879894,-6.656704335362032,0.8142912640411339,-27.97614656719044,-32.81728241610834,15.788986412868354,2020-07-28,8.0,0,True,False
2020-07-10,2020Q3,2,diag4,gaussian_ar1,5.103754168249863,4.977781122118978,1.0213064085817523,1.0119854162087452,34.85500597467652,29.90299854497912,-29.75125180642666,2020-10-28,8.0,0,True,False
2020-07-10,2020Q4,-11,diag4,gaussian_ar1,2.5864367476700956,2.5535542568178258,-0.014256749870050487,1.0819416757049625,4.611736044615711,4.508555862817171,-2.025299296945615,2021-01-28,8.0,0,True,False
2020-07-17,2020Q2,16,diag4,gaussian_ar1,-10.871002509560036,-11.508545563182295,-6.0211997107364015,0.8099214496481558,-27.97614656719044,-32.81728241610834,17.105144057630405,2020-07-28,10.0,0,True,False
2020-07-17,2020Q3,3,diag4,gaussian_ar1,8.473331956170904,8.133416835911017,2.3693073458999026,0.9724436029033493,34.85500597467652,29.90299854497912,-26.38167401850562,2020-10-28,10.0,0,True,False
2020-07-17,2020Q4,-10,diag4,gaussian_ar1,3.0977699367548572,3.0507574701517925,0.1981348118943415,1.0791195255927704,4.611736044615711,4.508555862817171,-1.5139661078608535,2021-01-28,10.0,0,True,False
2020-07-24,2020Q2,17,diag4,gaussian_ar1,-10.870900917935721,-11.50843158056242,-6.021151020490643,0.8099214457980496,-27.97614656719044,-32.81728241610834,17.10524564925472,2020-07-28,2.0,0,True,False
2020-07-24,2020Q3,4,diag4,gaussian_ar1,8.579460573505116,8.231207446715771,2.411080809943797,0.968412086948613,34.85500597467652,29.90299854497912,-26.275545401171406,2020-10-28,2.0,0,True,False
2020-07-24,2020Q4,-9,diag4,gaussian_ar1,3.15695309158488,3.108145883454887,0.22264956642879696,1.0778985045182266,4.611736044615711,4.508555862817171,-1.454782953030831,2021-01-28,2.0,0,True,False
2020-07-31,2020Q3,5,diag4,gaussian_ar1,11.342065242440725,10.743694556632642,2.2253865564474413,0.9669216628299997,34.85500597467652,29.90299854497912,-23.512940732235798,2020-10-28,10.0,0,True,False
2020-07-31,2020Q4,-8,diag4,gaussian_ar1,2.603708665476656,2.5703892932301073,0.061626545139219835,1.0773867139666828,4.611736044615711,4.508555862817171,-2.0080273791390546,2021-01-28,10.0,0,True,False
2020-08-07,2020Q3,6,diag4,gaussian_ar1,12.927395908180085,12.157491213671364,2.5996680217830606,0.7675390557733756,34.85500597467652,29.90299854497912,-21.927610066496438,2020-10-28,13.0,19,True,True
2020-08-07,2020Q4,-7,diag4,gaussian_ar1,2.755545418645533,2.7182635943072655,0.10077404900202142,1.0008287761580337,4.611736044615711,4.508555862817171,-1.8561906259701777,2021-01-28,13.0,0,True,False
2020-08-14,2020Q3,7,diag4,gaussian_ar1,13.194002080757672,12.393299322491101,2.662094682694776,0.757453674091683,34.85500597467652,29.90299854497912,-21.661003893918853,2020-10-28,6.0,0,True,False
2020-08-14,2020Q4,-6,diag4,gaussian_ar1,3.0421732905054233,2.9968167862386617,0.17451682971305374,0.9975555589474016,4.611736044615711,4.508555862817171,-1.5695627541102875,2021-01-28,6.0,0,True,False
2020-08-21,2020Q3,8,diag4,gaussian_ar1,19.091625179974557,17.472297035227598,4.0066831685248205,0.6873654373483853,34.85500597467652,29.90299854497912,-15.763380794701966,2020-10-28,6.0,0,True,False
2020-08-21,2020Q4,-5,diag4,gaussian_ar1,3.564360333078276,3.502307242253627,0.30833784820855137,0.9899048759125253,4.611736044615711,4.508555862817171,-1.047375711537435,2021-01-28,6.0,0,True,False
2020-08-28,2020Q3,9,diag4,gaussian_ar1,19.106266593748302,17.484590522531924,4.009937684950108,0.6873632565281976,34.85500597467652,29.90299854497912,-15.748739380928221,2020-10-28,4.0,0,True,False
2020-08-28,2020Q4,-4,diag4,gaussian_ar1,3.565504790312346,3.503412304754764,0.30863039693552274,0.989904863553109,4.611736044615711,4.508555862817171,-1.0462312543033647,2021-01-28,4.0,0,True,False
2020-09-04,2020Q3,10,diag4,gaussian_ar1,19.783170268720873,18.051300792759708,4.159965731278831,0.6814898068757982,34.85500597467652,29.90299854497912,-15.07183570595565,2020-10-28,12.0,5,True,True
2020-09-04,2020Q4,-3,diag4,gaussian_ar1,3.939631634147567,3.8640079561944747,0.4040926885901074,1.0117495028345254,4.611736044615711,4.508555862817171,-0.672104410468144,2021-01-28,12.0,0,True,False
2020-09-11,2020Q3,11,diag4,gaussian_ar1,19.94136403376241,18.183280432194167,4.1949053618091945,0.6493121353792902,34.85500597467652,29.90299854497912,-14.913641940914111,2020-10-28,5.0,0,True,False
2020-09-11,2020Q4,-2,diag4,gaussian_ar1,4.014770097342124,3.9362723236123314,0.42322359627336564,1.0056390177472194,4.611736044615711,4.508555862817171,-0.5969659472735867,2021-01-28,5.0,0,True,False
2020-09-18,2020Q3,12,diag4,gaussian_ar1,19.935933119632132,18.178752355385186,4.193706621371678,0.611902681850669,34.85500597467652,29.90299854497912,-14.91907285504439,2020-10-28,11.0,0,True,False
2020-09-18,2020Q4,-1,diag4,gaussian_ar1,3.854188113886692,3.7817692012785917,0.3823212113808141,0.9765413550060146,4.611736044615711,4.508555862817171,-0.7575479307290189,2021-01-28,11.0,0,True,False
2020-09-25,2020Q3,13,diag4,gaussian_ar1,19.94432114663813,18.18574586723973,4.195558048768772,0.6113736354293405,34.85500597467652,29.90299854497912,-14.910684828038391,2020-10-28,0.0,0,True,False
2020-09-25,2020Q4,0,diag4,gaussian_ar1,3.8802708308876444,3.80688079544598,0.3889691293929911,0.9722538956446833,4.611736044615711,4.508555862817171,-0.7314652137280664,2021-01-28,0.0,0,True,False
2020-10-02,2020Q3,14,diag4,gaussian_ar1,20.017979014440513,18.247137069162978,4.211810448928407,0.6086214956315944,34.85500597467652,29.90299854497912,-14.83702696023601,2020-10-28,11.0,6,True,True
2020-10-02,2020Q4,1,diag4,gaussian_ar1,4.0871210259424195,4.005806464916771,0.44163171753232455,0.9562623860979127,4.611736044615711,4.508555862817171,-0.5246150186732912,2021-01-28,11.0,0,True,False
2020-10-02,2021Q1,-12,diag4,gaussian_ar1,3.1276584151723075,3.079743690585992,0.19647048416565116,1.042771483159545,5.701255644273506,5.544658613895645,-2.573597229101199,2021-04-28,11.0,0,True,False
2020-10-09,2020Q3,15,diag4,gaussian_ar1,20.360317534244167,18.53197039743622,4.287215801566478,0.5997329032142864,34.85500597467652,29.90299854497912,-14.494688440432355,2020-10-28,9.0,0,True,False
2020-10-09,2020Q4,2,diag4,gaussian_ar1,4.703917656774403,4.596634911362377,0.598044689367193,0.9319305768738383,4.611736044615711,4.508555862817171,0.0921816121586927,2021-01-28,9.0,0,True,False
2020-10-09,2021Q1,-11,diag4,gaussian_ar1,3.1514695969143913,3.1028300610562405,0.20258225457185955,1.0427338415382026,5.701255644273506,5.544658613895645,-2.549786047359115,2021-04-28,9.0,0,True,False
2020-10-16,2020Q3,16,diag4,gaussian_ar1,20.50769580088614,18.65434304708197,4.319612125605288,0.5985687211776289,34.85500597467652,29.90299854497912,-14.347310173790383,2020-10-28,8.0,0,True,False
2020-10-16,2020Q4,3,diag4,gaussian_ar1,5.175152298227337,5.045689153334292,0.7169250664452251,0.9202436020629362,4.611736044615711,4.508555862817171,0.5634162536116261,2021-01-28,8.0,0,True,False
2020-10-16,2021Q1,-10,diag4,gaussian_ar1,3.2304468342668535,3.179365101115282,0.2228437587989372,1.041231226103167,5.701255644273506,5.544658613895645,-2.4708088100066528,2021-04-28,8.0,0,True,False
2020-10-23,2020Q3,17,diag4,gaussian_ar1,19.991072739665295,18.22471601904733,4.205874812109726,0.5927928039774927,34.85500597467652,29.90299854497912,-14.863933235011228,2020-10-28,4.0,0,True,False
2020-10-23,2020Q4,4,diag4,gaussian_ar1,3.718133315674743,3.6506777178292715,0.34761670682978385,0.8649205014714288,4.611736044615711,4.508555862817171,-0.8936027289409676,2021-01-28,4.0,0,True,False
2020-10-23,2021Q1,-9,diag4,gaussian_ar1,3.191217299344973,3.141355974932886,0.21278141258185743,1.0383257010785358,5.701255644273506,5.544658613895645,-2.5100383449285335,2021-04-28,4.0,0,True,False
2020-10-30,2020Q4,5,diag4,gaussian_ar1,5.1538706882169105,5.025452659310915,0.5652916778959465,0.8616819791404862,4.611736044615711,4.508555862817171,0.5421346436011998,2021-01-28,10.0,0,True,False
2020-10-30,2021Q1,-8,diag4,gaussian_ar1,3.5744592469879155,3.512058107821079,0.2224137247999057,1.0381853842139013,5.701255644273506,5.544658613895645,-2.126796397285591,2021-04-28,10.0,0,True,False
2020-11-06,2020Q4,6,diag4,gaussian_ar1,7.144922941490917,6.9012152088328085,0.9902685108316354,0.7260016061313702,4.611736044615711,4.508555862817171,2.533186896875206,2021-01-28,11.0,6,True,True
2020-11-06,2021Q1,-7,diag4,gaussian_ar1,4.319735043285933,4.229037234122399,0.38485407123618354,0.973701066632486,5.701255644273506,5.544658613895645,-1.3815206009875736,2021-04-28,11.0,0,True,False
2020-11-13,2020Q4,7,diag4,gaussian_ar1,6.998167896782004,6.764152586724258,0.9592153057911575,0.7251599505841336,4.611736044615711,4.508555862817171,2.386431852166293,2021-01-28,6.0,0,True,False
2020-11-13,2021Q1,-6,diag4,gaussian_ar1,4.158437714589014,4.074299345980796,0.3497963195744199,0.9709764922463449,5.701255644273506,5.544658613895645,-1.5428179296844924,2021-04-28,6.0,0,True,False
2020-11-20,2020Q4,8,diag4,gaussian_ar1,6.840422710155147,6.616615872426906,0.9257890676994505,0.6388176875739913,4.611736044615711,4.508555862817171,2.2286866655394366,2021-01-28,8.0,0,True,False
2020-11-20,2021Q1,-5,diag4,gaussian_ar1,3.830290215343468,3.7587555424428833,0.2783060308306749,0.9620760256032631,5.701255644273506,5.544658613895645,-1.8709654289300381,2021-04-28,8.0,0,True,False
2020-11-27,2020Q4,9,diag4,gaussian_ar1,6.842099714546768,6.618185494848634,0.9261446847608213,0.6388151245334491,4.611736044615711,4.508555862817171,2.230363669931057,2021-01-28,4.0,0,True,False
2020-11-27,2021Q1,-4,diag4,gaussian_ar1,3.8304738021016194,3.7589323565454706,0.2783460902173788,0.9620760049845737,5.701255644273506,5.544658613895645,-1.870781842171887,2021-04-28,4.0,0,True,False
2020-12-04,2020Q4,10,diag4,gaussian_ar1,6.415615125767649,6.218213885227188,0.8355262490934514,0.6256294002821338,4.611736044615711,4.508555862817171,1.8038790811519378,2021-01-28,9.0,5,True,True
2020-12-04,2021Q1,-3,diag4,gaussian_ar1,3.28451240197849,3.231725055228811,0.1589008601848072,0.9496586985826585,5.701255644273506,5.544658613895645,-2.4167432422950164,2021-04-28,9.0,0,True,False
2020-12-11,2020Q4,11,diag4,gaussian_ar1,6.8647682672857036,6.639400117511932,0.9309511156993602,0.5934098034701394,4.611736044615711,4.508555862817171,2.253032222669993,2021-01-28,7.0,0,True,False
2020-12-11,2021Q1,-2,diag4,gaussian_ar1,3.5153759018303754,3.4549975121446503,0.20948595244291238,0.9436961995934681,5.701255644273506,5.544658613895645,-2.185879742443131,2021-04-28,7.0,0,True,False
2020-12-18,2020Q4,12,diag4,gaussian_ar1,7.473207465826626,7.207139763991992,1.0595794417924584,0.5558690883367177,4.611736044615711,4.508555862817171,2.861471421210915,2021-01-28,12.0,0,True,False
2020-12-18,2021Q1,-1,diag4,gaussian_ar1,4.167180514023339,4.082692744271226,0.351697946101692,0.915683810244349,5.701255644273506,5.544658613895645,-1.5340751302501676,2021-04-28,12.0,0,True,False
2020-12-25,2020Q4,13,diag4,gaussian_ar1,7.305651738532104,7.051113456834043,1.024229783122955,0.5553251538773166,4.611736044615711,4.508555862817171,2.6939156939163933,2021-01-28,0.0,0,True,False
2020-12-25,2021Q1,0,diag4,gaussian_ar1,3.5861196019478125,3.5233154184899282,0.22496420552927107,0.9114315990790938,5.701255644273506,5.544658613895645,-2.1151360423256937,2021-04-28,0.0,0,True,False
2021-01-01,2020Q4,14,diag4,gaussian_ar1,7.280915851455427,7.0280589968423985,1.0190065146475349,0.5546421139052523,4.611736044615711,4.508555862817171,2.6691798068397166,2021-01-28,8.0,3,True,True
2021-01-01,2021Q1,1,diag4,gaussian_ar1,3.4041162988720064,3.347458476070877,0.18512167510981511,0.9106499111743411,5.701255644273506,5.544658613895645,-2.2971393454015,2021-04-28,8.0,0,True,False
2021-01-01,2021Q2,-12,diag4,gaussian_ar1,3.1460909899918788,3.09761564464876,0.1285167411556109,0.9810877408353015,6.983331307653917,6.7502854167053385,-3.8372403176620384,2021-07-28,8.0,0,True,False
2021-01-08,2020Q4,15,diag4,gaussian_ar1,7.486878293648114,7.219859174473825,1.062461179027673,0.5437010825929416,4.611736044615711,4.508555862817171,2.875142249032403,2021-01-28,12.0,0,True,False
2021-01-08,2021Q1,2,diag4,gaussian_ar1,4.786891964210671,4.675850139873137,0.4860849725830199,0.8708259514746113,5.701255644273506,5.544658613895645,-0.9143636800628352,2021-04-28,12.0,0,True,False
2021-01-08,2021Q2,-11,diag4,gaussian_ar1,4.054905606529213,3.9748512367087425,0.3272651401718607,0.9786382057275714,6.983331307653917,6.7502854167053385,-2.928425701124704,2021-07-28,12.0,0,True,False
2021-01-15,2020Q4,16,diag4,gaussian_ar1,7.484056848591969,7.217234219565915,1.0618664635485486,0.5427967229266093,4.611736044615711,4.508555862817171,2.872320803976258,2021-01-28,6.0,0,True,False
2021-01-15,2021Q1,3,diag4,gaussian_ar1,5.244055581137963,5.111180594032925,0.5847143847847068,0.8612964241248063,5.701255644273506,5.544658613895645,-0.4572000631355433,2021-04-28,6.0,0,True,False
2021-01-15,2021Q2,-10,diag4,gaussian_ar1,4.334429661215977,4.243122376372152,0.3880452316238746,0.9772119247996339,6.983331307653917,6.7502854167053385,-2.64890164643794,2021-07-28,6.0,0,True,False
2021-01-22,2020Q4,17,diag4,gaussian_ar1,8.457371356975262,8.118701907152033,1.2661049387019494,0.5367133656921143,4.611736044615711,4.508555862817171,3.8456353123595512,2021-01-28,6.0,0,True,False
2021-01-22,2021Q1,4,diag4,gaussian_ar1,8.406289462873161,8.071592220952233,1.2554316659858011,0.8056678462397975,5.701255644273506,5.544658613895645,2.705033818599655,2021-04-28,6.0,0,True,False
2021-01-22,2021Q2,-9,diag4,gaussian_ar1,4.724803607267702,4.616580552472611,0.472656726268314,0.9743854107301237,6.983331307653917,6.7502854167053385,-2.2585277003862148,2021-07-28,6.0,0,True,False
2021-01-29,2021Q1,5,diag4,gaussian_ar1,7.97214020095387,7.6703046756161095,1.1646672446878934,0.8033844112323151,5.701255644273506,5.544658613895645,2.2708845566803637,2021-04-28,6.0,0,True,False
2021-01-29,2021Q2,-8,diag4,gaussian_ar1,4.676541170022297,4.5704849190837,0.4603912870607412,0.9743521293629995,6.983331307653917,6.7502854167053385,-2.30679013763162,2021-07-28,6.0,0,True,False
2021-02-05,2021Q1,6,diag4,gaussian_ar1,6.586108383805445,6.378300190295289,0.8711251139751771,0.7226121253522546,5.701255644273506,5.544658613895645,0.8848527395319383,2021-04-28,14.0,3,True,True
2021-02-05,2021Q2,-7,diag4,gaussian_ar1,4.4116781218103585,4.317134260896415,0.40283027015506223,0.9705232189457377,6.983331307653917,6.7502854167053385,-2.5716531858435587,2021-07-28,14.0,0,True,False
2021-02-12,2021Q1,7,diag4,gaussian_ar1,6.616016689750359,6.40635648300888,0.8774994757027234,0.7225867298668133,5.701255644273506,5.544658613895645,0.9147610454768529,2021-04-28,4.0,0,True,False
2021-02-12,2021Q2,-6,diag4,gaussian_ar1,4.412444377626179,4.317868137621631,0.4029970062152291,0.970523204555172,6.983331307653917,6.7502854167053385,-2.570886930027738,2021-07-28,4.0,0,True,False
2021-02-19,2021Q1,8,diag4,gaussian_ar1,7.406288946759365,7.14485506736173,1.045285617656736,0.6352063643220792,5.701255644273506,5.544658613895645,1.7050333024858588,2021-04-28,11.0,0,True,False
2021-02-19,2021Q2,-5,diag4,gaussian_ar1,4.602554760010746,4.49977894363488,0.44432695994486887,0.9590094997596501,6.983331307653917,6.7502854167053385,-2.380776547643171,2021-07-28,11.0,0,True,False
2021-02-26,2021Q1,9,diag4,gaussian_ar1,7.413775767656694,7.151825385437289,1.046869266972889,0.6352035326575248,5.701255644273506,5.544658613895645,1.7125201233831877,2021-04-28,4.0,0,True,False
2021-02-26,2021Q2,-4,diag4,gaussian_ar1,4.603378270367653,4.500566216103666,0.44450582746473016,0.959009476583227,6.983331307653917,6.7502854167053385,-2.3799530372862643,2021-07-28,4.0,0,True,False
2021-03-05,2021Q1,10,diag4,gaussian_ar1,7.817850189760223,7.527304495481105,1.1321777463571594,0.5936639027742775,5.701255644273506,5.544658613895645,2.1165945454867163,2021-04-28,10.0,4,True,True
2021-03-05,2021Q2,-3,diag4,gaussian_ar1,5.273527999150218,5.139180552709597,0.5895983679325322,0.9435291292011868,6.983331307653917,6.7502854167053385,-1.709803308503699,2021-07-28,10.0,0,True,False
2021-03-12,2021Q1,11,diag4,gaussian_ar1,7.8129585900190035,7.522767481712316,1.131146941353079,0.5936489230816125,5.701255644273506,5.544658613895645,2.111702945745497,2021-04-28,6.0,0,True,False
2021-03-12,2021Q2,-2,diag4,gaussian_ar1,5.270867019365433,5.136652838984705,0.5890240738948048,0.943526597020223,6.983331307653917,6.7502854167053385,-1.7124642882884844,2021-07-28,6.0,0,True,False
2021-03-19,2021Q1,12,diag4,gaussian_ar1,1.476965582499612,1.4661646665059975,-0.24490717878012794,0.5561346696789939,5.701255644273506,5.544658613895645,-4.224290061773894,2021-04-28,12.0,0,True,False
2021-03-19,2021Q2,-1,diag4,gaussian_ar1,0.36120480300423363,0.3605540250789607,-0.4961008140271118,0.9154348130515215,6.983331307653917,6.7502854167053385,-6.6221265046496836,2021-07-28,12.0,0,True,False
2021-03-26,2021Q1,13,diag4,gaussian_ar1,1.6742864480150832,1.6604247811700232,-0.20077147443943055,0.5555881685500794,5.701255644273506,5.544658613895645,-4.026969196258423,2021-04-28,4.0,0,True,False
2021-03-26,2021Q2,0,diag4,gaussian_ar1,1.0125252410891905,1.0074335452291852,-0.34913043209986544,0.9110841582835252,6.983331307653917,6.7502854167053385,-5.970806066564727,2021-07-28,4.0,0,True,False
2021-04-02,2021Q1,14,diag4,gaussian_ar1,2.415361164189145,2.386652673577035,-0.03577322145950794,0.5547162699385844,5.701255644273506,5.544658613895645,-3.2858944800843615,2021-04-28,8.0,4,True,True
2021-04-02,2021Q2,1,diag4,gaussian_ar1,3.5780746415092546,3.515548670503409,0.22071082333739434,0.8985286796252528,6.983331307653917,6.7502854167053385,-3.4052566661446626,2021-07-28,8.0,0,True,False
2021-04-02,2021Q3,-12,diag4,gaussian_ar1,5.113524561104965,4.9870766404714,0.5550405107459504,0.9782834200343075,3.34127932577879,3.2866716567676137,1.7722452353261753,2021-10-28,8.0,0,True,False
2021-04-09,2021Q1,15,diag4,gaussian_ar1,2.8025327148663237,2.7639804033627042,0.04995526248671774,0.5459538616433489,5.701255644273506,5.544658613895645,-2.8987229294071826,2021-04-28,8.0,0,True,False
2021-04-09,2021Q2,2,diag4,gaussian_ar1,4.461816291470799,4.36514243040041,0.4137376783939125,0.8749139355904161,6.983331307653917,6.7502854167053385,-2.521515016183118,2021-07-28,8.0,0,True,False
2021-04-09,2021Q3,-11,diag4,gaussian_ar1,5.2142425850352225,5.082849094099742,0.5767999167085908,0.9782513754837937,3.34127932577879,3.2866716567676137,1.8729632592564327,2021-10-28,8.0,0,True,False
2021-04-16,2021Q1,16,diag4,gaussian_ar1,3.717413581939133,3.649983783017834,0.25125434684558784,0.5444813567092057,5.701255644273506,5.544658613895645,-1.9838420623343733,2021-04-28,8.0,0,True,False
2021-04-16,2021Q2,3,diag4,gaussian_ar1,7.602572547096376,7.327436988405441,1.086768048052079,0.8545131629503818,6.983331307653917,6.7502854167053385,0.6192412394424585,2021-07-28,8.0,0,True,False
2021-04-16,2021Q3,-10,diag4,gaussian_ar1,5.683413663412407,5.527777559122946,0.6778872202911467,0.9758984160763716,3.34127932577879,3.2866716567676137,2.342134337633617,2021-10-28,8.0,0,True,False
2021-04-23,2021Q1,17,diag4,gaussian_ar1,4.129880692877075,4.046878680137228,0.34142847169818186,0.5382434091418759,5.701255644273506,5.544658613895645,-1.5713749513964315,2021-04-28,4.0,0,True,False
2021-04-23,2021Q2,4,diag4,gaussian_ar1,9.186422753079215,8.788653582961935,1.418755001249369,0.8109162840710661,6.983331307653917,6.7502854167053385,2.203091445425298,2021-07-28,4.0,0,True,False
2021-04-23,2021Q3,-9,diag4,gaussian_ar1,5.903272678655891,5.735596962293659,0.7251035814596052,0.9744599739263001,3.34127932577879,3.2866716567676137,2.561993352877101,2021-10-28,4.0,0,True,False
2021-04-30,2021Q2,5,diag4,gaussian_ar1,9.438574342802909,9.01932409628752,1.4692110613522802,0.8083846809460462,6.983331307653917,6.7502854167053385,2.4552430351489916,2021-07-28,10.0,0,True,False
2021-04-30,2021Q3,-8,diag4,gaussian_ar1,5.993654509642199,5.82090432155249,0.741170821948982,0.9743330554843974,3.34127932577879,3.2866716567676137,2.652375183863409,2021-10-28,10.0,0,True,False
2021-05-07,2021Q2,6,diag4,gaussian_ar1,6.465373321455581,6.264961316227973,0.8422492867790184,0.7251310483033693,6.983331307653917,6.7502854167053385,-0.5179579861983363,2021-07-28,13.0,6,True,True
2021-05-07,2021Q3,-7,diag4,gaussian_ar1,5.03923879880932,4.916379720571795,0.535278427133885,0.9663047082331406,3.34127932577879,3.2866716567676137,1.6979594730305303,2021-10-28,13.0,0,True,False
2021-05-14,2021Q2,7,diag4,gaussian_ar1,6.9888030057410955,6.755399819200715,0.9538853415387317,0.7130086597329073,6.983331307653917,6.7502854167053385,0.005471698087178289,2021-07-28,6.0,0,True,False
2021-05-14,2021Q3,-6,diag4,gaussian_ar1,5.466496725001679,5.322314990542129,0.6276794351147489,0.9634690401463677,3.34127932577879,3.2866716567676137,2.1252173992228895,2021-10-28,6.0,0,True,False
2021-05-21,2021Q2,8,diag4,gaussian_ar1,7.001721003705907,6.767473249125057,0.9566335557918986,0.6389115089103644,6.983331307653917,6.7502854167053385,0.018389696051990256,2021-07-28,6.0,0,True,False
2021-05-21,2021Q3,-5,diag4,gaussian_ar1,5.626145397056814,5.4735743626255005,0.6621098467616047,0.9562295348669705,3.34127932577879,3.2866716567676137,2.2848660712780244,2021-10-28,6.0,0,True,False
2021-05-28,2021Q2,9,diag4,gaussian_ar1,6.992634322982605,6.758980800139751,0.954700462255765,0.6389089814817898,6.983331307653917,6.7502854167053385,0.009303015328687714,2021-07-28,4.0,0,True,False
2021-05-28,2021Q3,-4,diag4,gaussian_ar1,5.625518040100785,5.472980419888365,0.6619746505575441,0.9562295264832832,3.34127932577879,3.2866716567676137,2.2842387143219955,2021-10-28,4.0,0,True,False
2021-06-04,2021Q2,10,diag4,gaussian_ar1,6.762731940601352,6.543872777310448,0.9057365027169674,0.6280367578267992,6.983331307653917,6.7502854167053385,-0.22059936705256522,2021-07-28,12.0,4,True,True
2021-06-04,2021Q3,-3,diag4,gaussian_ar1,5.433301619083575,5.2908354856276,0.620513913417032,0.9457488612617874,3.34127932577879,3.2866716567676137,2.092022293304785,2021-10-28,12.0,0,True,False
2021-06-11,2021Q2,11,diag4,gaussian_ar1,6.906304586231982,6.678260678872778,0.9363265462125717,0.5955754446354631,6.983331307653917,6.7502854167053385,-0.07702672142193556,2021-07-28,5.0,0,True,False
2021-06-11,2021Q3,-2,diag4,gaussian_ar1,5.509575958232715,5.363153018553408,0.6369751904514773,0.9396459564282326,3.34127932577879,3.2866716567676137,2.1682966324539255,2021-10-28,5.0,0,True,False
2021-06-18,2021Q2,12,diag4,gaussian_ar1,7.634469434099755,7.357075833971498,1.0908418327714164,0.5571806538063747,6.983331307653917,6.7502854167053385,0.6511381264458382,2021-07-28,11.0,0,True,False
2021-06-18,2021Q3,-1,diag4,gaussian_ar1,6.1030778446119704,5.924086811413058,0.7646577342091275,0.9160669859059999,3.34127932577879,3.2866716567676137,2.7617985188331806,2021-10-28,11.0,0,True,False
2021-06-25,2021Q2,13,diag4,gaussian_ar1,7.66529000648517,7.38570621672347,1.097358823091951,0.556550938837108,6.983331307653917,6.7502854167053385,0.6819586988312532,2021-07-28,0.0,0,True,False
2021-06-25,2021Q3,0,diag4,gaussian_ar1,6.209309080497527,6.0241575103385525,0.7874363251178235,0.9113693479870302,3.34127932577879,3.2866716567676137,2.8680297547187372,2021-10-28,0.0,0,True,False
2021-07-02,2021Q2,14,diag4,gaussian_ar1,7.69172222497867,7.410253565660332,1.1029464129192397,0.5541922505901281,6.983331307653917,6.7502854167053385,0.7083909173247527,2021-07-28,11.0,4,True,True
2021-07-02,2021Q3,1,diag4,gaussian_ar1,6.325622145081744,6.13361064872424,0.812350593627297,0.8935391258245529,3.34127932577879,3.2866716567676137,2.984342819302954,2021-10-28,11.0,0,True,False
2021-07-02,2021Q4,-12,diag4,gaussian_ar1,4.691312277172033,4.58459511501975,0.4597559627080105,0.9743358308445444,7.0416786109130936,6.804809235885943,-2.3503663337410607,2022-01-28,11.0,0,True,False
2021-07-09,2021Q2,15,diag4,gaussian_ar1,7.755796637276791,7.469733864645024,1.1164856148259634,0.5452777856818911,6.983331307653917,6.7502854167053385,0.7724653296228734,2021-07-28,9.0,0,True,False
2021-07-09,2021Q3,2,diag4,gaussian_ar1,6.421574001343577,6.223813353630172,0.8328829825880236,0.8692369332134842,3.34127932577879,3.2866716567676137,3.0802946755647875,2021-10-28,9.0,0,True,False
2021-07-09,2021Q4,-11,diag4,gaussian_ar1,4.655244323370056,4.550137462842872,0.4519125402972645,0.974301326826036,7.0416786109130936,6.804809235885943,-2.3864342875430378,2022-01-28,9.0,0,True,False
2021-07-16,2021Q2,16,diag4,gaussian_ar1,7.7201720555021724,7.436667920154491,1.1089589798504222,0.543775949765495,6.983331307653917,6.7502854167053385,0.7368407478482553,2021-07-28,8.0,0,True,False
2021-07-16,2021Q3,3,diag4,gaussian_ar1,6.536241446894997,6.331503655009244,0.8573959853579394,0.8579070623385051,3.34127932577879,3.2866716567676137,3.194962121116207,2021-10-28,8.0,0,True,False
2021-07-16,2021Q4,-10,diag4,gaussian_ar1,4.7705218811335826,4.660226657210318,0.4769715910372918,0.9730693487553516,7.0416786109130936,6.804809235885943,-2.271156729779511,2022-01-28,8.0,0,True,False
2021-07-23,2021Q2,17,diag4,gaussian_ar1,7.630619572009922,7.353498977075638,1.0900276507896318,0.5374228656966393,6.983331307653917,6.7502854167053385,0.6472882643560052,2021-07-28,4.0,0,True,False
2021-07-23,2021Q3,4,diag4,gaussian_ar1,7.24559446791877,6.99512937541402,1.008453777138165,0.8100483409285049,3.34127932577879,3.2866716567676137,3.90431514213998,2021-10-28,4.0,0,True,False
2021-07-23,2021Q4,-9,diag4,gaussian_ar1,5.2249051142569725,5.0929826926696355,0.5754776752441796,0.9703867717283823,7.0416786109130936,6.804809235885943,-1.816773496656121,2022-01-28,4.0,0,True,False
2021-07-30,2021Q3,5,diag4,gaussian_ar1,7.105489238513152,6.864404354634845,0.9725025128700683,0.8077036227549661,3.34127932577879,3.2866716567676137,3.764209912734362,2021-10-28,10.0,0,True,False
2021-07-30,2021Q4,-8,diag4,gaussian_ar1,5.187912524625826,5.057820775798415,0.5611391594183481,0.9702524483122197,7.0416786109130936,6.804809235885943,-1.8537660862872674,2022-01-28,10.0,0,True,False
2021-08-06,2021Q3,6,diag4,gaussian_ar1,7.598619193544964,7.323762888350626,1.0770995373751258,0.7231411489195921,3.34127932577879,3.2866716567676137,4.2573398677661745,2021-10-28,11.0,3,True,True
2021-08-06,2021Q4,-7,diag4,gaussian_ar1,5.098609746712501,4.972886389783359,0.5417993988538137,0.9648431111753383,7.0416786109130936,6.804809235885943,-1.9430688642005922,2022-01-28,11.0,0,True,False
2021-08-13,2021Q3,7,diag4,gaussian_ar1,7.556593083800078,7.284697034602962,1.06820415008646,0.7221516975600591,3.34127932577879,3.2866716567676137,4.2153137580212885,2021-10-28,6.0,0,True,False
2021-08-13,2021Q4,-6,diag4,gaussian_ar1,5.059961700006155,4.936106498412782,0.5334245306046872,0.9623672947337039,7.0416786109130936,6.804809235885943,-1.9817169109069388,2022-01-28,6.0,0,True,False
2021-08-20,2021Q3,8,diag4,gaussian_ar1,6.0144324605604815,5.840505414399221,0.7393583026684742,0.6371955497201063,3.34127932577879,3.2866716567676137,2.6731531347816917,2021-10-28,8.0,0,True,False
2021-08-20,2021Q4,-5,diag4,gaussian_ar1,4.342173559978613,4.250544290134091,0.37732039443240595,0.954383303704464,7.0416786109130936,6.804809235885943,-2.699505050934481,2022-01-28,8.0,0,True,False
2021-08-27,2021Q3,9,diag4,gaussian_ar1,6.023711434494006,5.849257588672199,0.7413511934492287,0.6371929651539971,3.34127932577879,3.2866716567676137,2.682432108715216,2021-10-28,4.0,0,True,False
2021-08-27,2021Q4,-4,diag4,gaussian_ar1,4.342844626225428,4.251187428058064,0.377466838458709,0.9543832946438351,7.0416786109130936,6.804809235885943,-2.698833984687665,2022-01-28,4.0,0,True,False
2021-09-03,2021Q3,10,diag4,gaussian_ar1,6.1214277460472255,5.941379726225049,0.762327622037874,0.6260922197022769,3.34127932577879,3.2866716567676137,2.7801484202684357,2021-10-28,9.0,3,True,True
2021-09-03,2021Q4,-3,diag4,gaussian_ar1,4.51774832614531,4.418671143710121,0.41560327660986224,0.9424930310220364,7.0416786109130936,6.804809235885943,-2.5239302847677836,2022-01-28,9.0,0,True,False
2021-09-10,2021Q3,11,diag4,gaussian_ar1,6.555356317154981,6.349444174965763,0.8552448620841512,0.5936642126772191,3.34127932577879,3.2866716567676137,3.2140769913761913,2021-10-28,7.0,0,True,False
2021-09-10,2021Q4,-2,diag4,gaussian_ar1,4.748580951560499,4.639282572058528,0.46583702058844134,0.936426582690166,7.0416786109130936,6.804809235885943,-2.2930976593525942,2022-01-28,7.0,0,True,False
2021-09-17,2021Q3,12,diag4,gaussian_ar1,5.780299611946971,5.619411205211209,0.6890146283509454,0.555429715188988,3.34127932577879,3.2866716567676137,2.439020286168181,2021-10-28,10.0,0,True,False
2021-09-17,2021Q4,-1,diag4,gaussian_ar1,4.656307414183081,4.551153260398443,0.4457697678985691,0.91367087180238,7.0416786109130936,6.804809235885943,-2.385371196730013,2022-01-28,10.0,0,True,False
2021-09-24,2021Q3,13,diag4,gaussian_ar1,5.874920976468778,5.708822059866591,0.7093736914116822,0.5547586779166293,3.34127932577879,3.2866716567676137,2.5336416506899884,2021-10-28,2.0,0,True,False
2021-09-24,2021Q4,0,diag4,gaussian_ar1,4.900561829305361,4.784268525592211,0.498850665098276,0.9082253649735837,7.0416786109130936,6.804809235885943,-2.1411167816077326,2022-01-28,2.0,0,True,False
2021-10-01,2021Q3,14,diag4,gaussian_ar1,6.0313758905687465,5.856486329255391,0.7429971947759153,0.5522918082939655,3.34127932577879,3.2866716567676137,2.6900965647899566,2021-10-28,11.0,3,True,True
2021-10-01,2021Q4,1,diag4,gaussian_ar1,5.523868765518647,5.37669855615907,0.6337483841489782,0.8902179894838405,7.0416786109130936,6.804809235885943,-1.5178098453944466,2022-01-28,11.0,0,True,False
2021-10-01,2022Q1,-13,diag4,gaussian_ar1,4.646107259069421,4.541406449653168,0.4435503960407679,0.9705746871001888,-1.0153057807451127,-1.0204951651818233,5.6614130398145335,2022-04-28,11.0,0,True,False
2021-10-08,2021Q3,15,diag4,gaussian_ar1,6.022761497388296,5.8483616179988065,0.7411471788079366,0.5434096690744421,3.34127932577879,3.2866716567676137,2.681482171609506,2021-10-28,9.0,0,True,False
2021-10-08,2021Q4,2,diag4,gaussian_ar1,5.502197797747077,5.356159891717594,0.6290716816819343,0.8660495412458075,7.0416786109130936,6.804809235885943,-1.5394808131660165,2022-01-28,9.0,0,True,False
2021-10-08,2022Q1,-12,diag4,gaussian_ar1,4.651723883076597,4.546773561178295,0.4447725000281999,0.9705397894074841,-1.0153057807451127,-1.0204951651818233,5.66702966382171,2022-04-28,9.0,0,True,False
2021-10-15,2021Q3,16,diag4,gaussian_ar1,5.9767969065878335,5.804998705484524,0.7312733410756141,0.5422749999063841,3.34127932577879,3.2866716567676137,2.6355175808090436,2021-10-28,6.0,0,True,False
2021-10-15,2021Q4,3,diag4,gaussian_ar1,5.46305114966994,5.319047951507764,0.6206212051268181,0.8567115255561365,7.0416786109130936,6.804809235885943,-1.578627461243154,2022-01-28,6.0,0,True,False
2021-10-15,2022Q1,-11,diag4,gaussian_ar1,4.693321580600629,4.586514361328943,0.4538215742090659,0.969307694283166,-1.0153057807451127,-1.0204951651818233,5.708627361345742,2022-04-28,6.0,0,True,False
2021-10-22,2021Q3,17,diag4,gaussian_ar1,4.657491109595235,4.552284285128308,0.44602730490442066,0.5355583729930905,3.34127932577879,3.2866716567676137,1.3162117838164455,2021-10-28,6.0,0,True,False
2021-10-22,2021Q4,4,diag4,gaussian_ar1,1.3667902163516876,1.357533886575387,-0.2814249163962901,0.8071421788866856,7.0416786109130936,6.804809235885943,-5.674888394561406,2022-01-28,6.0,0,True,False
2021-10-22,2022Q1,-10,diag4,gaussian_ar1,4.130861447286405,4.047820532547098,0.33115971539034905,0.9666260007727447,-1.0153057807451127,-1.0204951651818233,5.146167228031517,2022-04-28,6.0,0,True,False
2021-10-29,2021Q4,5,diag4,gaussian_ar1,1.249785348780863,1.2420399984269117,-0.30983346952477464,0.8052345483374616,7.0416786109130936,6.804809235885943,-5.7918932621322305,2022-01-28,6.0,0,True,False
2021-10-29,2022Q1,-9,diag4,gaussian_ar1,4.1069827956558,4.024886515128614,0.32595429770564127,0.9665766989699267,-1.0153057807451127,-1.0204951651818233,5.122288576400913,2022-04-28,6.0,0,True,False
2021-11-05,2021Q4,6,diag4,gaussian_ar1,4.031402807161766,3.952261764439695,0.30936196039596464,0.7244106292987578,7.0416786109130936,6.804809235885943,-3.0102758037513278,2022-01-28,14.0,3,True,True
2021-11-05,2022Q1,-8,diag4,gaussian_ar1,4.8715064520825635,4.756566670291224,0.49311885003927064,0.9631168704625086,-1.0153057807451127,-1.0204951651818233,5.886812232827676,2022-04-28,14.0,0,True,False
2021-11-12,2021Q4,7,diag4,gaussian_ar1,3.977105655499158,3.9000550991478304,0.29743447572828685,0.7243839120070422,7.0416786109130936,6.804809235885943,-3.0645729554139356,2022-01-28,4.0,0,True,False
2021-11-12,2022Q1,-7,diag4,gaussian_ar1,4.870253442982153,4.755371859013708,0.4928458754465887,0.9631168595611757,-1.0153057807451127,-1.0204951651818233,5.885559223727266,2022-04-28,4.0,0,True,False
2021-11-19,2021Q4,8,diag4,gaussian_ar1,6.330156745079796,6.137875381168772,0.808701896345988,0.6373944890395332,7.0416786109130936,6.804809235885943,-0.7115218658332978,2022-01-28,11.0,0,True,False
2021-11-19,2022Q1,-6,diag4,gaussian_ar1,6.593308148406463,6.385054842991954,0.8651741729140968,0.9531258509946767,-1.0153057807451127,-1.0204951651818233,7.608613929151575,2022-04-28,11.0,0,True,False
2021-11-26,2021Q4,9,diag4,gaussian_ar1,6.328538995070221,6.136353929150097,0.8083542952202717,0.6373918560253686,7.0416786109130936,6.804809235885943,-0.7131396158428727,2022-01-28,4.0,0,True,False
2021-11-26,2022Q1,-5,diag4,gaussian_ar1,6.593197054883504,6.3849506210827425,0.865150361678171,0.9531258424384333,-1.0153057807451127,-1.0204951651818233,7.608502835628617,2022-04-28,4.0,0,True,False
2021-12-03,2021Q4,10,diag4,gaussian_ar1,6.094584435683115,5.916081625265277,0.7580294082999481,0.6270621757720014,7.0416786109130936,6.804809235885943,-0.9470941752299789,2022-01-28,9.0,3,True,True
2021-12-03,2022Q1,-4,diag4,gaussian_ar1,6.336410096654821,6.143756278829078,0.8100454856421696,0.9435269511472112,-1.0153057807451127,-1.0204951651818233,7.351715877399934,2022-04-28,9.0,0,True,False
2021-12-10,2021Q4,11,diag4,gaussian_ar1,5.888113442538567,5.7212817095151225,0.7135241139015148,0.5945624815529513,7.0416786109130936,6.804809235885943,-1.1535651683745263,2022-01-28,7.0,0,True,False
2021-12-10,2022Q1,-3,diag4,gaussian_ar1,6.216961062805293,6.03136187569875,0.7843671069796909,0.9374065950901453,-1.0153057807451127,-1.0204951651818233,7.232266843550406,2022-04-28,7.0,0,True,False
2021-12-17,2021Q4,12,diag4,gaussian_ar1,5.8972121924095955,5.729874136633809,0.7154871973917803,0.5558097563582762,7.0416786109130936,6.804809235885943,-1.144466418503498,2022-01-28,10.0,0,True,False
2021-12-17,2022Q1,-2,diag4,gaussian_ar1,6.801578114619189,6.58025167829462,0.9097701502138497,0.9149808237239521,-1.0153057807451127,-1.0204951651818233,7.816883895364302,2022-04-28,10.0,0,True,False
2021-12-24,2021Q4,13,diag4,gaussian_ar1,5.656963990165309,5.502747156812839,0.6635962452636285,0.5551445914245634,7.0416786109130936,6.804809235885943,-1.3847146207477845,2022-01-28,2.0,0,True,False
2021-12-24,2022Q1,-1,diag4,gaussian_ar1,6.034177016685138,5.859128084201581,0.7450174205775095,0.9095498183341447,-1.0153057807451127,-1.0204951651818233,7.049482797430251,2022-04-28,2.0,0,True,False
2021-12-31,2021Q4,14,diag4,gaussian_ar1,5.668767393303797,5.513917971718792,0.6661484045094132,0.5551207144609751,7.0416786109130936,6.804809235885943,-1.3729112176092961,2022-01-28,8.0,0,True,False
2021-12-31,2022Q1,0,diag4,gaussian_ar1,6.12272520717827,5.942602338120832,0.7640885081139676,0.9092172017847121,-1.0153057807451127,-1.0204951651818233,7.138030987923383,2022-04-28,8.0,0,True,False
2022-01-07,2021Q4,15,diag4,gaussian_ar1,5.637831940454063,5.484637813722522,0.6594588633633686,0.5438907466864547,7.0416786109130936,6.804809235885943,-1.4038466704590302,2022-01-28,12.0,3,True,True
2022-01-07,2022Q1,1,diag4,gaussian_ar1,5.6327269940040114,5.479805198637106,0.6583547717303588,0.8666932507924575,-1.0153057807451127,-1.0204951651818233,6.648032774749124,2022-04-28,12.0,0,True,False
2022-01-07,2022Q2,-11,diag4,gaussian_ar1,4.431277440154391,4.335903693026716,0.3970113667604258,0.9703518533894523,0.6276599617172085,0.625698380341202,3.8036174784371823,2022-07-28,12.0,0,True,False
2022-01-14,2021Q4,16,diag4,gaussian_ar1,5.466785554638665,5.322588849303412,0.6224360708192297,0.5427235735591975,7.0416786109130936,6.804809235885943,-1.574893056274429,2022-01-28,6.0,0,True,False
2022-01-14,2022Q1,2,diag4,gaussian_ar1,4.6883628631762875,4.581777827244373,0.4531854194348201,0.8573367652614294,-1.0153057807451127,-1.0204951651818233,5.7036686439214,2022-04-28,6.0,0,True,False
2022-01-14,2022Q2,-10,diag4,gaussian_ar1,4.120774638038149,4.0381333968820385,0.32898076909823437,0.969141924299102,0.6276599617172085,0.625698380341202,3.493114676320941,2022-07-28,6.0,0,True,False
2022-01-21,2021Q4,17,diag4,gaussian_ar1,5.062430126225581,4.938456011187771,0.5346745079735398,0.5358877716287552,7.0416786109130936,6.804809235885943,-1.9792484846875125,2022-01-28,6.0,0,True,False
2022-01-21,2022Q1,3,diag4,gaussian_ar1,3.4310887556117553,3.373539584347923,0.17714321224762508,0.8083812851733422,-1.0153057807451127,-1.0204951651818233,4.446394536356868,2022-04-28,6.0,0,True,False
2022-01-21,2022Q2,-9,diag4,gaussian_ar1,3.9810880589186803,3.903885103004733,0.29830950408003004,0.9665157495701024,0.6276599617172085,0.625698380341202,3.353428097201472,2022-07-28,6.0,0,True,False
2022-01-28,2022Q1,4,diag4,gaussian_ar1,3.6630398712226064,3.59754517459827,0.2218896193033714,0.8065496074224878,-1.0153057807451127,-1.0204951651818233,4.678345651967719,2022-04-28,6.0,0,True,False
2022-01-28,2022Q2,-8,diag4,gaussian_ar1,4.04708534270235,3.967335437561534,0.3063981210566257,0.9664621143946348,0.6276599617172085,0.625698380341202,3.4194253809851416,2022-07-28,6.0,0,True,False
2022-02-04,2022Q1,5,diag4,gaussian_ar1,4.548977791613251,4.448546261841187,0.4163696640103185,0.7841770537908841,-1.0153057807451127,-1.0204951651818233,5.564283572358364,2022-04-28,13.0,3,True,True
2022-02-04,2022Q2,-7,diag4,gaussian_ar1,4.446082574199717,4.350079603780374,0.39386698998454,0.9625121115646756,0.6276599617172085,0.625698380341202,3.8184226124825082,2022-07-28,13.0,0,True,False
2022-02-11,2022Q1,6,diag4,gaussian_ar1,4.665257150190061,4.5597044443445816,0.44177274354437834,0.7240702635110339,-1.0153057807451127,-1.0204951651818233,5.6805629309351735,2022-04-28,5.0,0,True,False
2022-02-11,2022Q2,-6,diag4,gaussian_ar1,4.448480769850938,4.352375686179979,0.3943917157627088,0.9624909090519108,0.6276599617172085,0.625698380341202,3.820820808133729,2022-07-28,5.0,0,True,False
2022-02-18,2022Q1,7,diag4,gaussian_ar1,2.840974508748717,2.801367233464148,0.03993835753929567,0.6374145799852905,-1.0153057807451127,-1.0204951651818233,3.8562802894938297,2022-04-28,11.0,0,True,False
2022-02-18,2022Q2,-5,diag4,gaussian_ar1,4.211545863334565,4.125274202323952,0.3424920091754635,0.952771630950374,0.6276599617172085,0.625698380341202,3.5838859016173563,2022-07-28,11.0,0,True,False
2022-02-25,2022Q1,8,diag4,gaussian_ar1,2.840974508748717,2.801367233464148,0.03993835753929567,0.6374145799852905,-1.0153057807451127,-1.0204951651818233,3.8562802894938297,2022-04-28,0.0,0,True,False
2022-02-25,2022Q2,-4,diag4,gaussian_ar1,4.211545863334565,4.125274202323952,0.3424920091754635,0.952771630950374,0.6276599617172085,0.625698380341202,3.5838859016173563,2022-07-28,0.0,0,True,False
2022-03-04,2022Q1,9,diag4,gaussian_ar1,3.263504914432147,3.2113835502444403,0.13363975559079705,0.626625446706434,-1.0153057807451127,-1.0204951651818233,4.27881069517726,2022-04-28,12.0,4,True,True
2022-03-04,2022Q2,-3,diag4,gaussian_ar1,4.732319187805878,4.623756799755215,0.45641068599895657,0.9420140826216694,0.6276599617172085,0.625698380341202,4.104659226088669,2022-07-28,12.0,0,True,False
2022-03-11,2022Q1,10,diag4,gaussian_ar1,3.849012653969086,3.7767856864366967,0.26285161486153097,0.5941169019231186,-1.0153057807451127,-1.0204951651818233,4.864318434714199,2022-04-28,8.0,0,True,False
2022-03-11,2022Q2,-2,diag4,gaussian_ar1,5.05424320934873,4.930663277035821,0.5265482995897443,0.9358674421545541,0.6276599617172085,0.625698380341202,4.4265832476315214,2022-07-28,8.0,0,True,False
2022-03-18,2022Q1,11,diag4,gaussian_ar1,3.6942691579498588,3.627666405539758,0.2287732513315133,0.5550533124090846,-1.0153057807451127,-1.0204951651818233,4.7095749386949715,2022-04-28,12.0,0,True,False
2022-03-18,2022Q2,-1,diag4,gaussian_ar1,5.125198190834124,4.998181759060747,0.5419783590803787,0.913383167366315,0.6276599617172085,0.625698380341202,4.497538229116915,2022-07-28,12.0,0,True,False
2022-03-25,2022Q1,12,diag4,gaussian_ar1,3.7375172140557744,3.6693649875063707,0.23830266581364584,0.5544290608698337,-1.0153057807451127,-1.0204951651818233,4.752822994800887,2022-04-28,0.0,0,True,False
2022-03-25,2022Q2,0,diag4,gaussian_ar1,5.2774374505657695,5.142894096751196,0.575049599911416,0.9088036703564852,0.6276599617172085,0.625698380341202,4.649777488848561,2022-07-28,0.0,0,True,False
2022-04-01,2022Q1,13,diag4,gaussian_ar1,3.9057748975049433,3.8314291876693165,0.2753393433990981,0.5520585646462427,-1.0153057807451127,-1.0204951651818233,4.921080678250056,2022-04-28,11.0,3,True,True
2022-04-01,2022Q2,1,diag4,gaussian_ar1,5.841924529286668,5.677651703657603,0.6972582373121949,0.891200176197691,0.6276599617172085,0.625698380341202,5.21426456756946,2022-07-28,11.0,0,True,False
2022-04-01,2022Q3,-12,diag4,gaussian_ar1,4.2281522700478025,4.141208217674275,0.34613342405042163,0.9694966738692109,2.9190173117406015,2.877225330117275,1.309134958307201,2022-10-28,11.0,0,True,False
2022-04-08,2022Q1,14,diag4,gaussian_ar1,3.8760987727441742,3.802864496786174,0.2688114288719949,0.5431278564782444,-1.0153057807451127,-1.0204951651818233,4.891404553489287,2022-04-28,9.0,0,True,False
2022-04-08,2022Q2,2,diag4,gaussian_ar1,5.789473272042378,5.628083200247272,0.6859303025964713,0.8667591254492153,0.6276599617172085,0.625698380341202,5.1618133103251695,2022-07-28,9.0,0,True,False
2022-04-08,2022Q3,-11,diag4,gaussian_ar1,4.242295337925417,4.154776632825277,0.34923422618184835,0.9694599805907859,2.9190173117406015,2.877225330117275,1.3232780261848154,2022-10-28,9.0,0,True,False
2022-04-15,2022Q1,15,diag4,gaussian_ar1,3.950971276478743,3.874917196134785,0.28527769713020934,0.5419502309625032,-1.0153057807451127,-1.0204951651818233,4.966277057223856,2022-04-28,6.0,0,True,False
2022-04-15,2022Q2,3,diag4,gaussian_ar1,7.32163390510665,7.066006406307961,1.014540187580102,0.8576071014532797,0.6276599617172085,0.625698380341202,6.693973943389442,2022-07-28,6.0,0,True,False
2022-04-15,2022Q3,-10,diag4,gaussian_ar1,5.036866968687104,4.91412165308368,0.5227680273739231,0.9682566316420598,2.9190173117406015,2.877225330117275,2.117849656946502,2022-10-28,6.0,0,True,False
2022-04-22,2022Q1,16,diag4,gaussian_ar1,3.840850780331939,3.7689260119139325,0.26105543636601186,0.5350731128304401,-1.0153057807451127,-1.0204951651818233,4.856156561077052,2022-04-28,6.0,0,True,False
2022-04-22,2022Q2,4,diag4,gaussian_ar1,7.158891659878486,6.914251578188466,0.979859520070273,0.8086396917781395,0.6276599617172085,0.625698380341202,6.531231698161277,2022-07-28,6.0,0,True,False
2022-04-22,2022Q3,-9,diag4,gaussian_ar1,5.0355744898190835,4.91289114530355,0.5224868183229837,0.9657463970310407,2.9190173117406015,2.877225330117275,2.116557178078482,2022-10-28,6.0,0,True,False
2022-04-29,2022Q2,5,diag4,gaussian_ar1,6.616360347811523,6.406678814979228,0.8703692112807715,0.8068964790032983,0.6276599617172085,0.625698380341202,5.988700386094314,2022-07-28,6.0,0,True,False
2022-04-29,2022Q3,-8,diag4,gaussian_ar1,4.907541685680328,4.7909220878336995,0.500731571654026,0.9656877009960996,2.9190173117406015,2.877225330117275,1.9885243739397263,2022-10-28,6.0,0,True,False
2022-05-06,2022Q2,6,diag4,gaussian_ar1,4.922200740184923,4.804894420219931,0.5039280305494507,0.7261038139746757,0.6276599617172085,0.625698380341202,4.294540778467715,2022-07-28,14.0,4,True,True
2022-05-06,2022Q3,-7,diag4,gaussian_ar1,4.09875822116732,4.016986085051532,0.32367776616193705,0.9620298747367746,2.9190173117406015,2.877225330117275,1.1797409094267186,2022-10-28,14.0,0,True,False
2022-05-13,2022Q2,7,diag4,gaussian_ar1,4.748856501569754,4.6395456301776035,0.4661010882631822,0.7253314167707773,0.6276599617172085,0.625698380341202,4.121196539852545,2022-07-28,6.0,0,True,False
2022-05-13,2022Q3,-6,diag4,gaussian_ar1,3.7485216544659528,3.679972390761554,0.24657894033850156,0.9598858305256961,2.9190173117406015,2.877225330117275,0.8295043427253512,2022-10-28,6.0,0,True,False
2022-05-20,2022Q2,8,diag4,gaussian_ar1,3.268210605609556,3.215940420521106,0.1404220670237613,0.6402712101671555,0.6276599617172085,0.625698380341202,2.6405506438923476,2022-07-28,9.0,0,True,False
2022-05-20,2022Q3,-5,diag4,gaussian_ar1,2.5236238041499215,2.492306217287458,-0.025124165489231787,0.9525131675795864,2.9190173117406015,2.877225330117275,-0.39539350759068004,2022-10-28,9.0,0,True,False
2022-05-27,2022Q2,9,diag4,gaussian_ar1,3.2683880346336736,3.216112234161208,0.14046137293368943,0.6402684964696556,0.6276599617172085,0.625698380341202,2.640728072916465,2022-07-28,4.0,0,True,False
2022-05-27,2022Q3,-4,diag4,gaussian_ar1,2.5236360946798264,2.4923182052846835,-0.025121422987886197,0.9525131602628155,2.9190173117406015,2.877225330117275,-0.3953812170607751,2022-10-28,4.0,0,True,False
2022-06-03,2022Q2,10,diag4,gaussian_ar1,3.9441985578472005,3.868401682917863,0.2896860229945921,0.6303016915358053,0.6276599617172085,0.625698380341202,3.316538596129992,2022-07-28,9.0,3,True,True
2022-06-03,2022Q3,-3,diag4,gaussian_ar1,3.323219342223571,3.26919406993719,0.15260493647493606,0.9422557025118878,2.9190173117406015,2.877225330117275,0.40420203048296965,2022-10-28,9.0,0,True,False
2022-06-10,2022Q2,11,diag4,gaussian_ar1,4.116717850245588,4.03423708815818,0.32762428853278946,0.5981873006327618,0.6276599617172085,0.625698380341202,3.4890578885283796,2022-07-28,7.0,0,True,False
2022-06-10,2022Q3,-2,diag4,gaussian_ar1,3.412218479868301,3.3552936221768377,0.17230198289788842,0.9361064934765957,2.9190173117406015,2.877225330117275,0.4932011681276993,2022-10-28,7.0,0,True,False
2022-06-17,2022Q2,12,diag4,gaussian_ar1,3.676553881704492,3.6105808039794365,0.23070418523634556,0.5598272962729641,0.6276599617172085,0.625698380341202,3.0488939199872833,2022-07-28,10.0,0,True,False
2022-06-17,2022Q3,-1,diag4,gaussian_ar1,3.5853681969247653,3.5225900242467105,0.2105744815607301,0.9148461060657208,2.9190173117406015,2.877225330117275,0.6663508851841637,2022-10-28,10.0,0,True,False
2022-06-24,2022Q2,13,diag4,gaussian_ar1,3.6000853419866585,3.5367967601301977,0.21382456508540168,0.5591656192840673,0.6276599617172085,0.625698380341202,2.97242538026945,2022-07-28,2.0,0,True,False
2022-06-24,2022Q3,0,diag4,gaussian_ar1,3.440088537058328,3.3822404401848907,0.17846662268344884,0.9095949131337255,2.9190173117406015,2.877225330117275,0.5210712253177263,2022-10-28,2.0,0,True,False
2022-07-01,2022Q2,14,diag4,gaussian_ar1,3.4427537791289486,3.3848170115824483,0.17905606647391695,0.5571303779481775,0.6276599617172085,0.625698380341202,2.81509381741174,2022-07-28,11.0,3,True,True
2022-07-01,2022Q3,1,diag4,gaussian_ar1,2.8374189736395605,2.7979098599896672,0.04478896391444082,0.8921969833923392,2.9190173117406015,2.877225330117275,-0.081598338101041,2022-10-28,11.0,0,True,False
2022-07-01,2022Q4,-13,diag4,gaussian_ar1,3.074445566337203,3.028131365601052,0.09745687641377285,0.9685791018727361,2.7896792303830242,2.7514765401293477,0.28476633595417855,2023-01-28,11.0,0,True,False
2022-07-08,2022Q2,15,diag4,gaussian_ar1,3.6901342712560403,3.6236787510913127,0.23370061048592078,0.5483505630855021,0.6276599617172085,0.625698380341202,3.062474309538832,2022-07-28,9.0,0,True,False
2022-07-08,2022Q3,2,diag4,gaussian_ar1,3.352304969695763,3.2973402452146376,0.1590439539453794,0.8678996825883146,2.9190173117406015,2.877225330117275,0.43328765795516144,2022-10-28,9.0,0,True,False
2022-07-08,2022Q4,-12,diag4,gaussian_ar1,3.0906083375049853,3.043810813591718,0.10104387317420668,0.9685417999601651,2.7896792303830242,2.7514765401293477,0.3009291071219611,2023-01-28,9.0,0,True,False
2022-07-15,2022Q2,16,diag4,gaussian_ar1,3.7203218104046476,3.6527877361753314,0.24035989053570622,0.5471892523128045,0.6276599617172085,0.625698380341202,3.092661848687439,2022-07-28,6.0,0,True,False
2022-07-15,2022Q3,3,diag4,gaussian_ar1,3.627157282758997,3.5629245419637554,0.21980183347202362,0.8591301093884176,2.9190173117406015,2.877225330117275,0.7081399710183955,2022-10-28,6.0,0,True,False
2022-07-15,2022Q4,-11,diag4,gaussian_ar1,3.2094075449003334,3.1589821285515365,0.1273916842643482,0.9675011974908192,2.7896792303830242,2.7514765401293477,0.4197283145173092,2023-01-28,6.0,0,True,False
2022-07-22,2022Q2,17,diag4,gaussian_ar1,3.2484019315937696,3.1967568073161847,0.13603342027673096,0.5404326143218164,0.6276599617172085,0.625698380341202,2.620741969876561,2022-07-28,6.0,0,True,False
2022-07-22,2022Q3,4,diag4,gaussian_ar1,2.4865502093288416,2.45613865106435,-0.03339824139753496,0.8107388369108117,2.9190173117406015,2.877225330117275,-0.4324671024117599,2022-10-28,6.0,0,True,False
2022-07-22,2022Q4,-10,diag4,gaussian_ar1,3.236472993012285,3.185202509599115,0.13339013662893368,0.9651102937527997,2.7896792303830242,2.7514765401293477,0.4467937626292606,2023-01-28,6.0,0,True,False
2022-07-29,2022Q3,5,diag4,gaussian_ar1,2.218612303488876,2.1943591672814917,-0.09051374397074927,0.8090567868804042,2.9190173117406015,2.877225330117275,-0.7004050082517255,2022-10-28,6.0,0,True,False
2022-07-29,2022Q4,-9,diag4,gaussian_ar1,3.1661833710781684,3.1170932847572184,0.12114748804125952,0.9650442421061474,2.7896792303830242,2.7514765401293477,0.37650414069514415,2023-01-28,6.0,0,True,False
2022-08-05,2022Q3,6,diag4,gaussian_ar1,3.329975050026923,3.2757322779001594,0.15753687052733942,0.7278801508002749,2.9190173117406015,2.877225330117275,0.41095773828632165,2022-10-28,14.0,3,True,True
2022-08-05,2022Q4,-8,diag4,gaussian_ar1,3.5283633142632054,3.467543085847141,0.20153536495208343,0.9619236084375105,2.7896792303830242,2.7514765401293477,0.7386840838801811,2023-01-28,14.0,0,True,False
2022-08-12,2022Q3,7,diag4,gaussian_ar1,3.385720892951394,3.3296670737283494,0.1699086958637003,0.7278508745542217,2.9190173117406015,2.877225330117275,0.46670358121079225,2022-10-28,4.0,0,True,False
2022-08-12,2022Q4,-7,diag4,gaussian_ar1,3.529781746243499,3.4689131666810855,0.20184964074591888,0.9619235944584059,2.7896792303830242,2.7514765401293477,0.7401025158604746,2023-01-28,4.0,0,True,False
2022-08-19,2022Q3,8,diag4,gaussian_ar1,0.7455406262439901,0.742775208486653,-0.423485120305999,0.6452599471209364,2.9190173117406015,2.877225330117275,-2.1734766854966114,2022-10-28,11.0,0,True,False
2022-08-19,2022Q4,-6,diag4,gaussian_ar1,0.9777018056256637,0.9729532277230408,-0.37068576867159997,0.9553921962751565,2.7896792303830242,2.7514765401293477,-1.8119774247573606,2023-01-28,11.0,0,True,False
2022-08-26,2022Q3,9,diag4,gaussian_ar1,1.024747760613387,1.0195328171679674,-0.36000111628712145,0.6424087073247624,2.9190173117406015,2.877225330117275,-1.8942695511272145,2022-10-28,4.0,0,True,False
2022-08-26,2022Q4,-5,diag4,gaussian_ar1,1.3059674132091637,1.297513185540028,-0.29623662971352277,0.9527505656438726,2.7896792303830242,2.7514765401293477,-1.4837118171738606,2023-01-28,4.0,0,True,False
2022-09-02,2022Q3,10,diag4,gaussian_ar1,1.861626418246698,1.8445102533575994,-0.1707637864659453,0.6325011767352399,2.9190173117406015,2.877225330117275,-1.0573908934939036,2022-10-28,8.0,3,True,True
2022-09-02,2022Q4,-4,diag4,gaussian_ar1,2.3186518524581423,2.2921795398764404,-0.06807523195825159,0.9430225528686212,2.7896792303830242,2.7514765401293477,-0.4710273779248819,2023-01-28,8.0,0,True,False
2022-09-09,2022Q3,11,diag4,gaussian_ar1,2.1275291135697483,2.105213176738689,-0.1109624841114506,0.6004984165845098,2.9190173117406015,2.877225330117275,-0.7914881981708533,2022-10-28,8.0,0,True,False
2022-09-09,2022Q4,-3,diag4,gaussian_ar1,2.47853851518427,2.448321032758232,-0.032258738208172266,0.9367494994811907,2.7896792303830242,2.7514765401293477,-0.3111407151987544,2023-01-28,8.0,0,True,False
2022-09-16,2022Q3,12,diag4,gaussian_ar1,1.9911040271851643,1.9715408072940583,-0.14162490123331373,0.5920723631714389,2.9190173117406015,2.877225330117275,-0.9279132845554372,2022-10-28,8.0,0,True,False
2022-09-16,2022Q4,-2,diag4,gaussian_ar1,2.3075817633189333,2.2813597256674907,-0.07055713347487948,0.925947678369122,2.7896792303830242,2.7514765401293477,-0.48209746706409096,2023-01-28,8.0,0,True,False
2022-09-23,2022Q3,13,diag4,gaussian_ar1,1.4444603871323736,1.4341274427481492,-0.2648993880927402,0.5615652607388463,2.9190173117406015,2.877225330117275,-1.474556924608228,2022-10-28,4.0,0,True,False
2022-09-23,2022Q4,-1,diag4,gaussian_ar1,1.51870675219683,1.5072898489352033,-0.24811704013656175,0.910684922562568,2.7896792303830242,2.7514765401293477,-1.2709724781861942,2023-01-28,4.0,0,True,False
2022-09-30,2022Q3,14,diag4,gaussian_ar1,1.5177246901810548,1.5063224737614065,-0.24833894135081816,0.5615443476831836,2.9190173117406015,2.877225330117275,-1.4012926215595467,2022-10-28,8.0,0,True,False
2022-09-30,2022Q4,0,diag4,gaussian_ar1,1.8648751473215874,1.8476995576947406,-0.17003220835208166,0.9104210366435359,2.7896792303830242,2.7514765401293477,-0.9248040830614368,2023-01-28,8.0,0,True,False
2022-10-07,2022Q3,15,diag4,gaussian_ar1,1.6169518462947785,1.6040184119417866,-0.22592897270849982,0.5508051024565427,2.9190173117406015,2.877225330117275,-1.302065465445823,2022-10-28,12.0,3,True,True
2022-10-07,2022Q4,1,diag4,gaussian_ar1,1.8575235946491908,1.8404823319787782,-0.17168773062856188,0.86888330007735,2.7896792303830242,2.7514765401293477,-0.9321556357338334,2023-01-28,12.0,0,True,False
2022-10-07,2023Q1,-12,diag4,gaussian_ar1,2.2073041666768267,2.1832958568961502,-0.09305149982256349,0.9682698733573356,2.9269931752128775,2.884974679698935,-0.7196890085360508,2023-04-28,12.0,0,True,False
2022-10-14,2022Q3,16,diag4,gaussian_ar1,1.5690923755480535,1.5569093973289703,-0.23673506720850374,0.5496500603005713,2.9190173117406015,2.877225330117275,-1.349924936192548,2022-10-28,6.0,0,True,False
2022-10-14,2022Q4,2,diag4,gaussian_ar1,1.6851915941310747,1.6711497753836604,-0.2105300546196965,0.8602838849127737,2.7896792303830242,2.7514765401293477,-1.1044876362519496,2023-01-28,6.0,0,True,False
2022-10-14,2023Q1,-11,diag4,gaussian_ar1,2.1758818014567582,2.1525473730433355,-0.10010473634165133,0.9673772690446221,2.9269931752128775,2.884974679698935,-0.7511113737561192,2023-04-28,6.0,0,True,False
2022-10-21,2022Q3,17,diag4,gaussian_ar1,1.7553942610095463,1.740165177959208,-0.19469896648684717,0.5429216764974141,2.9190173117406015,2.877225330117275,-1.1636230507310552,2022-10-28,6.0,0,True,False
2022-10-21,2022Q4,3,diag4,gaussian_ar1,1.8008762167529113,1.784852532854741,-0.1844483640506636,0.8119117437595416,2.7896792303830242,2.7514765401293477,-0.9888030136301129,2023-01-28,6.0,0,True,False
2022-10-21,2023Q1,-10,diag4,gaussian_ar1,2.046936305214553,2.0262681310146315,-0.129071282001042,0.9650439970786788,2.9269931752128775,2.884974679698935,-0.8800568699983247,2023-04-28,6.0,0,True,False
2022-10-28,2022Q4,4,diag4,gaussian_ar1,1.919291807555501,1.9011057298625378,-0.15874729430322393,0.8102253253212028,2.7896792303830242,2.7514765401293477,-0.8703874228275232,2023-01-28,6.0,0,True,False
2022-10-28,2023Q1,-9,diag4,gaussian_ar1,2.0751304804462967,2.0538929496880938,-0.12358332157184694,0.9649767296604626,2.9269931752128775,2.884974679698935,-0.8518626947665808,2023-04-28,6.0,0,True,False
2022-11-04,2022Q4,5,diag4,gaussian_ar1,2.2496541671930936,2.2247226701159577,-0.08426686802492939,0.7885404234445519,2.7896792303830242,2.7514765401293477,-0.5400250631899306,2023-01-28,13.0,3,True,True
2022-11-04,2023Q1,-8,diag4,gaussian_ar1,2.230785031122684,2.206266981935764,-0.08851444394553377,0.9625269952219706,2.9269931752128775,2.884974679698935,-0.6962081440901935,2023-04-28,13.0,0,True,False
2022-11-11,2022Q4,6,diag4,gaussian_ar1,2.735315602882582,2.698574333453784,0.024790073958524866,0.7292364687373606,2.7896792303830242,2.7514765401293477,-0.05436362750044221,2023-01-28,5.0,0,True,False
2022-11-11,2023Q1,-7,diag4,gaussian_ar1,2.242287297602208,2.2175176237544143,-0.08592510916626886,0.9625006310709977,2.9269931752128775,2.884974679698935,-0.6847058776106696,2023-04-28,5.0,0,True,False
2022-11-18,2022Q4,7,diag4,gaussian_ar1,2.229920426894827,2.20542124072018,-0.08870909125357794,0.6465285116586316,2.7896792303830242,2.7514765401293477,-0.5597588034881973,2023-01-28,11.0,0,True,False
2022-11-18,2023Q1,-6,diag4,gaussian_ar1,2.23276932614751,2.2082079586845267,-0.0880677282219042,0.9564159714267465,2.9269931752128775,2.884974679698935,-0.6942238490653674,2023-04-28,11.0,0,True,False
2022-11-25,2022Q4,8,diag4,gaussian_ar1,1.988282875608438,1.9687746929138286,-0.1431732850751423,0.6436729055496396,2.7896792303830242,2.7514765401293477,-0.8013963547745862,2023-01-28,0.0,0,True,False
2022-11-25,2023Q1,-5,diag4,gaussian_ar1,1.9493960299768354,1.9306386836078606,-0.15195028614139436,0.9537606451725587,2.9269931752128775,2.884974679698935,-0.9775971452360421,2023-04-28,0.0,0,True,False
2022-12-02,2022Q4,9,diag4,gaussian_ar1,1.908434751604915,1.8904525609888658,-0.1611991207073188,0.6332866494646265,2.7896792303830242,2.7514765401293477,-0.8812444787781093,2023-01-28,11.0,3,True,True
2022-12-02,2023Q1,-4,diag4,gaussian_ar1,1.8843641817410495,1.866829969708135,-0.16663585917659976,0.9432556524564003,2.9269931752128775,2.884974679698935,-1.042628993471828,2023-04-28,11.0,0,True,False
2022-12-09,2022Q4,10,diag4,gaussian_ar1,2.3276801408566916,2.3010028481825078,-0.06671098799426146,0.6012666194748876,2.7896792303830242,2.7514765401293477,-0.4619990895263326,2023-01-28,9.0,0,True,False
2022-12-09,2023Q1,-3,diag4,gaussian_ar1,2.169600821036699,2.1463999600039747,-0.10229283672682628,0.9369579262348253,2.9269931752128775,2.884974679698935,-0.7573923541761785,2023-04-28,9.0,0,True,False
2022-12-16,2022Q4,11,diag4,gaussian_ar1,1.6127377497445972,1.599871285053821,-0.22807639012091882,0.5941363300209834,2.7896792303830242,2.7514765401293477,-1.176941480638427,2023-01-28,8.0,0,True,False
2022-12-16,2023Q1,-2,diag4,gaussian_ar1,1.5052239073074736,1.4940078236435252,-0.25244086166854596,0.9314874809079313,2.9269931752128775,2.884974679698935,-1.421769267905404,2023-04-28,8.0,0,True,False
2022-12-23,2022Q4,12,diag4,gaussian_ar1,1.5576311837655954,1.545624627315655,-0.24056125630050582,0.5623305184470603,2.7896792303830242,2.7514765401293477,-1.2320480466174288,2023-01-28,4.0,0,True,False
2022-12-23,2023Q1,-1,diag4,gaussian_ar1,1.1907055904355257,1.1836724655796085,-0.32386453231980267,0.9110103141481863,2.9269931752128775,2.884974679698935,-1.7362875847773518,2023-04-28,4.0,0,True,False
2022-12-30,2022Q4,13,diag4,gaussian_ar1,1.574402712318812,1.5621375605735597,-0.23676080535009927,0.5623093221909827,2.7896792303830242,2.7514765401293477,-1.2152765180642122,2023-01-28,8.0,0,True,False
2022-12-30,2023Q1,0,diag4,gaussian_ar1,1.2635320050592203,1.2556160500951132,-0.30730671912712115,0.9107437580834197,2.9269931752128775,2.884974679698935,-1.6634611701536572,2023-04-28,8.0,0,True,False
2023-01-06,2022Q4,14,diag4,gaussian_ar1,1.6845652828829882,1.67053384186659,-0.2118134054044578,0.5514869484925548,2.7896792303830242,2.7514765401293477,-1.105113947500036,2023-01-28,10.0,3,True,True
2023-01-06,2023Q1,1,diag4,gaussian_ar1,1.4992882383765727,1.4881600039376,-0.2537867371476073,0.8692564922528644,2.9269931752128775,2.884974679698935,-1.4277049368363048,2023-04-28,10.0,0,True,False
2023-01-06,2023Q2,-12,diag4,gaussian_ar1,1.738229476975861,1.7232950827109257,-0.19967040786551377,0.968247518116411,2.5352403907615395,2.503636219206331,-0.7970109137856785,2023-07-28,10.0,0,True,False
2023-01-13,2022Q4,15,diag4,gaussian_ar1,1.6941930339514855,1.6800016458352816,-0.2096343906873813,0.551478447758016,2.7896792303830242,2.7514765401293477,-1.0954861964315388,2023-01-28,6.0,0,True,False
2023-01-13,2023Q1,2,diag4,gaussian_ar1,1.0908975506642271,1.0849901866960714,-0.3465762549867427,0.8672670536101259,2.9269931752128775,2.884974679698935,-1.8360956245486504,2023-04-28,6.0,0,True,False
2023-01-13,2023Q2,-11,diag4,gaussian_ar1,1.4998608815986136,1.4887241868167131,-0.2536568904798081,0.9676164279578964,2.5352403907615395,2.503636219206331,-1.0353795091629259,2023-07-28,6.0,0,True,False
2023-01-20,2022Q4,16,diag4,gaussian_ar1,0.8369386665976419,0.8334557546703403,-0.4044668947853716,0.5435959277242797,2.7896792303830242,2.7514765401293477,-1.9527405637853823,2023-01-28,8.0,0,True,False
2023-01-20,2023Q1,3,diag4,gaussian_ar1,-1.950501162285867,-1.9697744651872355,-1.0496302214260975,0.8122808017686859,2.9269931752128775,2.884974679698935,-4.877494337498744,2023-04-28,8.0,0,True,False
2023-01-20,2023Q2,-10,diag4,gaussian_ar1,0.9712990321570913,0.9666122471347227,-0.37382093319663834,0.9650567217127269,2.5352403907615395,2.503636219206331,-1.5639413586044482,2023-07-28,8.0,0,True,False
2023-01-27,2022Q4,17,diag4,gaussian_ar1,0.8528817709305025,0.8492652827183758,-0.4008283325168011,0.5435933495063768,2.7896792303830242,2.7514765401293477,-1.9367974594525217,2023-01-28,4.0,0,True,False
2023-01-27,2023Q1,4,diag4,gaussian_ar1,-1.9388931705967893,-1.9579362561692752,-1.0469056580786449,0.8122798429171381,2.9269931752128775,2.884974679698935,-4.865886345809667,2023-04-28,4.0,0,True,False
2023-01-27,2023Q2,-9,diag4,gaussian_ar1,0.9720102998741265,0.9673166702912732,-0.373658810234413,0.9650567188539478,2.5352403907615395,2.503636219206331,-1.563230090887413,2023-07-28,4.0,0,True,False
2023-02-03,2023Q1,5,diag4,gaussian_ar1,-0.7918876875643743,-0.7950397697747831,-0.7820987766982791,0.7896920687392536,2.9269931752128775,2.884974679698935,-3.718880862777252,2023-04-28,12.0,3,True,True
2023-02-03,2023Q2,-8,diag4,gaussian_ar1,1.430034196161234,1.4199056540259307,-0.27063507804806175,0.9638893017331238,2.5352403907615395,2.503636219206331,-1.1052061946003056,2023-07-28,12.0,0,True,False
2023-02-10,2023Q1,6,diag4,gaussian_ar1,0.24806528840766173,0.24775811436101725,-0.5413013028492327,0.7309734173266271,2.9269931752128775,2.884974679698935,-2.6789278868052158,2023-04-28,7.0,0,True,False
2023-02-10,2023Q2,-7,diag4,gaussian_ar1,1.4539993559884667,1.4435301448437756,-0.2651798332720125,0.9638654587731087,2.5352403907615395,2.503636219206331,-1.0812410347730728,2023-07-28,7.0,0,True,False
2023-02-17,2023Q1,7,diag4,gaussian_ar1,1.4835194947397046,1.4726229800440964,-0.25846186679939204,0.6449603967935928,2.9269931752128775,2.884974679698935,-1.443473680473173,2023-04-28,10.0,0,True,False
2023-02-17,2023Q2,-6,diag4,gaussian_ar1,1.368600924977259,1.359320164358881,-0.2846251647999382,0.9555196638757993,2.5352403907615395,2.503636219206331,-1.1666394657842805,2023-07-28,10.0,0,True,False
2023-02-24,2023Q1,8,diag4,gaussian_ar1,1.6305245662849188,1.6173742678174698,-0.22503665088508215,0.6447298815062529,2.9269931752128775,2.884974679698935,-1.2964686089279587,2023-04-28,2.0,0,True,False
2023-02-24,2023Q2,-5,diag4,gaussian_ar1,1.5991291100473815,1.586477736805032,-0.23217111743097404,0.9551364996883979,2.5352403907615395,2.503636219206331,-0.9361112807141581,2023-07-28,2.0,0,True,False
2023-03-03,2023Q1,9,diag4,gaussian_ar1,1.9059302781603948,1.8879949585090063,-0.16254632588426926,0.6344877838571239,2.9269931752128775,2.884974679698935,-1.0210628970524827,2023-04-28,12.0,3,True,True
2023-03-03,2023Q2,-4,diag4,gaussian_ar1,1.966926061826224,1.9478320418567316,-0.14872905723439284,0.9434967846201031,2.5352403907615395,2.503636219206331,-0.5683143289353154,2023-07-28,12.0,0,True,False
2023-03-10,2023Q1,10,diag4,gaussian_ar1,1.9001565112078733,1.8823290168828017,-0.16385467571056078,0.6026931336033885,2.9269931752128775,2.884974679698935,-1.0268366640050042,2023-04-28,8.0,0,True,False
2023-03-10,2023Q2,-3,diag4,gaussian_ar1,1.9619163073129942,1.9429188040272607,-0.1498635966075108,0.937319798939241,2.5352403907615395,2.503636219206331,-0.5733240834485454,2023-07-28,8.0,0,True,False
2023-03-17,2023Q1,11,diag4,gaussian_ar1,1.8804321037326321,1.8629705415040487,-0.16832483434790382,0.5643477855564023,2.9269931752128775,2.884974679698935,-1.0465610714802454,2023-04-28,10.0,0,True,False
2023-03-17,2023Q2,-2,diag4,gaussian_ar1,1.5844042469390862,1.5719835867222989,-0.23551803132350027,0.9168163440878818,2.5352403907615395,2.503636219206331,-0.9508361438224533,2023-07-28,10.0,0,True,False
2023-03-24,2023Q1,12,diag4,gaussian_ar1,1.7554789321364117,1.740248388379916,-0.1966631968505253,0.5636881018284517,2.9269931752128775,2.884974679698935,-1.1715142430764658,2023-04-28,2.0,0,True,False
2023-03-24,2023Q2,-1,diag4,gaussian_ar1,1.197691657471922,1.190576089635298,-0.3235906705212195,0.9116532843485577,2.5352403907615395,2.503636219206331,-1.3375487332896174,2023-07-28,2.0,0,True,False
2023-03-31,2023Q1,13,diag4,gaussian_ar1,1.7521432126395675,1.7369701627665575,-0.1974201876906613,0.5636671476851298,2.9269931752128775,2.884974679698935,-1.17484996257331,2023-04-28,8.0,0,True,False
2023-03-31,2023Q2,0,diag4,gaussian_ar1,1.2671491186905914,1.2591879668157702,-0.30774717203273655,0.9113949129799654,2.5352403907615395,2.503636219206331,-1.268091272070948,2023-07-28,8.0,0,True,False
2023-04-07,2023Q1,14,diag4,gaussian_ar1,1.7458333216865407,1.7307687340717637,-0.19885218941091687,0.5528968514041168,2.9269931752128775,2.884974679698935,-1.1811598535263368,2023-04-28,12.0,3,True,True
2023-04-07,2023Q2,1,diag4,gaussian_ar1,1.099250905899618,1.093253057368973,-0.34606399989173475,0.869987093475626,2.5352403907615395,2.503636219206331,-1.4359894848619215,2023-07-28,12.0,0,True,False
2023-04-07,2023Q3,-12,diag4,gaussian_ar1,1.2567549255693589,1.2489233087454779,-0.31011743358663196,0.9683040234251103,4.694888429547928,4.5880109584365245,-3.4381335039785688,2023-10-28,12.0,0,True,False
2023-04-14,2023Q1,15,diag4,gaussian_ar1,1.6287152073894084,1.6155939217947524,-0.22544775914620296,0.5517303420693734,2.9269931752128775,2.884974679698935,-1.298277967823469,2023-04-28,6.0,0,True,False
2023-04-14,2023Q2,2,diag4,gaussian_ar1,0.37022309812186904,0.3695394592165049,-0.5131801869079176,0.8615411556061029,2.5352403907615395,2.503636219206331,-2.1650172926396705,2023-07-28,6.0,0,True,False
2023-04-14,2023Q3,-11,diag4,gaussian_ar1,1.01320550200108,1.0081069851017994,-0.3657254888744202,0.9675490977744776,4.694888429547928,4.5880109584365245,-3.6816829275468477,2023-10-28,6.0,0,True,False
2023-04-21,2023Q1,16,diag4,gaussian_ar1,2.1861427943147493,2.16258934917555,-0.09913841471419736,0.5449762374665715,2.9269931752128775,2.884974679698935,-0.7408503808981282,2023-04-28,6.0,0,True,False
2023-04-21,2023Q2,3,diag4,gaussian_ar1,2.023872051134523,2.0036639630162565,-0.13583663984471403,0.8133012193916512,2.5352403907615395,2.503636219206331,-0.5113683396270163,2023-07-28,6.0,0,True,False
2023-04-21,2023Q3,-10,diag4,gaussian_ar1,1.1980890850479042,1.1909688128180829,-0.32349998492262433,0.9651854312217967,4.694888429547928,4.5880109584365245,-3.4967993445000234,2023-10-28,6.0,0,True,False
2023-04-28,2023Q2,4,diag4,gaussian_ar1,2.0984493709062857,2.076735171074777,-0.11979863632071493,0.8116348215826948,2.5352403907615395,2.503636219206331,-0.4367910198552538,2023-07-28,6.0,0,True,False
2023-04-28,2023Q3,-9,diag4,gaussian_ar1,1.22016373177245,1.2127797379741547,-0.31995523087699224,0.9651155836871438,4.694888429547928,4.5880109584365245,-3.4747246977754775,2023-10-28,6.0,0,True,False
2023-05-05,2023Q2,5,diag4,gaussian_ar1,2.522912592260318,2.4916125095057042,-0.023682063593247486,0.7311847357807801,2.5352403907615395,2.503636219206331,-0.012327798501221565,2023-07-28,14.0,3,True,True
2023-05-05,2023Q3,-8,diag4,gaussian_ar1,1.4387316970668307,1.4284801636332793,-0.26998290477062753,0.9625837769772945,4.694888429547928,4.5880109584365245,-3.256156732481097,2023-10-28,14.0,0,True,False
2023-05-12,2023Q2,6,diag4,gaussian_ar1,2.5451219755894927,2.513273012043604,-0.018663873697960607,0.7311521698587277,2.5352403907615395,2.503636219206331,0.009881584827953205,2023-07-28,4.0,0,True,False
2023-05-12,2023Q3,-7,diag4,gaussian_ar1,1.4392805960124821,1.4290212759395904,-0.26985754275268753,0.9625837616135491,4.694888429547928,4.5880109584365245,-3.2556078335354455,2023-10-28,4.0,0,True,False
2023-05-19,2023Q2,7,diag4,gaussian_ar1,2.33971240418267,2.3127607185400914,-0.06511749421666818,0.6481635899143741,2.5352403907615395,2.503636219206331,-0.1955279865788695,2023-07-28,11.0,0,True,False
2023-05-19,2023Q3,-6,diag4,gaussian_ar1,0.8257162605829427,0.8223258743954367,-0.41041350299501184,0.9567302400511799,4.694888429547928,4.5880109584365245,-3.869172168964985,2023-10-28,11.0,0,True,False
2023-05-26,2023Q2,8,diag4,gaussian_ar1,2.639894295711631,2.6056504464040318,0.0027376384252645537,0.6453173747034991,2.5352403907615395,2.503636219206331,0.10465390495009164,2023-07-28,4.0,0,True,False
2023-05-26,2023Q3,-5,diag4,gaussian_ar1,1.175975177634192,1.1691143251076113,-0.33007140123070455,0.9540820464184939,4.694888429547928,4.5880109584365245,-3.5189132519137356,2023-10-28,4.0,0,True,False
2023-06-02,2023Q2,9,diag4,gaussian_ar1,2.7738081481573085,2.7360350018876587,0.03294443799903063,0.6351706283289511,2.5352403907615395,2.503636219206331,0.23856775739576896,2023-07-28,8.0,2,True,True
2023-06-02,2023Q3,-4,diag4,gaussian_ar1,1.3507932156449964,1.341751337800805,-0.29007577734646417,0.9441336141064839,4.694888429547928,4.5880109584365245,-3.344095213902931,2023-10-28,8.0,0,True,False
2023-06-09,2023Q2,10,diag4,gaussian_ar1,2.9667182927739733,2.923562665481309,0.07638984859769136,0.6031567127080338,2.5352403907615395,2.503636219206331,0.43147790201243374,2023-07-28,8.0,0,True,False
2023-06-09,2023Q3,-3,diag4,gaussian_ar1,1.4361398520162716,1.4259250467468059,-0.27057486064600683,0.9378130160887514,4.694888429547928,4.5880109584365245,-3.258748577531656,2023-10-28,8.0,0,True,False
2023-06-16,2023Q2,11,diag4,gaussian_ar1,3.89531274885091,3.82135979988951,0.2843867083206638,0.5946228187004308,2.5352403907615395,2.503636219206331,1.3600723580893703,2023-07-28,8.0,0,True,False
2023-06-16,2023Q3,-2,diag4,gaussian_ar1,2.2625872562451077,2.237370410886142,-0.08258351927354984,0.9272841108912876,4.694888429547928,4.5880109584365245,-2.43230117330282,2023-10-28,8.0,0,True,False
2023-06-23,2023Q2,12,diag4,gaussian_ar1,2.5829451533946113,2.5501506356308092,-0.010120262222478998,0.5640420419771368,2.5352403907615395,2.503636219206331,0.04770476263307177,2023-07-28,4.0,0,True,False
2023-06-23,2023Q3,-1,diag4,gaussian_ar1,1.2343553098168814,1.2267992601215096,-0.3167072626337113,0.9121326980202518,4.694888429547928,4.5880109584365245,-3.4605331197310463,2023-10-28,4.0,0,True,False
2023-06-30,2023Q2,13,diag4,gaussian_ar1,2.621648473197591,2.5878723255578406,-0.0013811019516700705,0.5640204962087029,2.5352403907615395,2.503636219206331,0.08640808243605136,2023-07-28,8.0,0,True,False
2023-06-30,2023Q3,0,diag4,gaussian_ar1,1.3776240712771948,1.3682210909295751,-0.2839434058814387,0.911868201308531,4.694888429547928,4.5880109584365245,-3.317264358270733,2023-10-28,8.0,0,True,False
2023-07-07,2023Q2,14,diag4,gaussian_ar1,2.564026437148015,2.53170657462076,-0.014393284070736421,0.5531834669995309,2.5352403907615395,2.503636219206331,0.028786046386475306,2023-07-28,12.0,3,True,True
2023-07-07,2023Q3,1,diag4,gaussian_ar1,0.9285528003412535,0.9242682512708582,-0.38679603591904455,0.8704733005786959,4.694888429547928,4.5880109584365245,-3.766335629206674,2023-10-28,12.0,0,True,False
2023-07-07,2023Q4,-12,diag4,gaussian_ar1,1.2355145835491799,1.2279443922173938,-0.31644196452706397,0.9684678594050153,3.4192155752948095,3.3620596105877665,-2.1837009917456296,2024-01-28,12.0,0,True,False
2023-07-14,2023Q2,15,diag4,gaussian_ar1,2.599519111672288,2.5663059716855656,-0.0063774799854052775,0.5520171157414857,2.5352403907615395,2.503636219206331,0.06427872091074871,2023-07-28,6.0,0,True,False
2023-07-14,2023Q3,2,diag4,gaussian_ar1,1.0331065260984928,1.0278064529733,-0.36280885664422186,0.8620431905292029,4.694888429547928,4.5880109584365245,-3.6617819034494348,2023-10-28,6.0,0,True,False
2023-07-14,2023Q4,-11,diag4,gaussian_ar1,1.2466141040260892,1.2389078491505747,-0.3139020092003934,0.9677386967315537,3.4192155752948095,3.3620596105877665,-2.1726014712687203,2024-01-28,6.0,0,True,False
2023-07-21,2023Q2,16,diag4,gaussian_ar1,2.054903832400168,2.034075534597357,-0.1296817937559141,0.5452423829743128,2.5352403907615395,2.503636219206331,-0.4803365583613717,2023-07-28,6.0,0,True,False
2023-07-21,2023Q3,3,diag4,gaussian_ar1,-1.0231962234153125,-1.0284668594297068,-0.8391953089065195,0.8138713152369822,4.694888429547928,4.5880109584365245,-5.71808465296324,2023-10-28,6.0,0,True,False
2023-07-21,2023Q4,-10,diag4,gaussian_ar1,0.8760011876845164,0.8721865585576709,-0.3988620451746215,0.9654082048704113,3.4192155752948095,3.3620596105877665,-2.543214387610293,2024-01-28,6.0,0,True,False
2023-07-28,2023Q3,4,diag4,gaussian_ar1,-0.9593917451623968,-0.9640235563822701,-0.8268350651329973,0.8122122009791591,4.694888429547928,4.5880109584365245,-5.654280174710324,2023-10-28,6.0,0,True,False
2023-07-28,2023Q4,-9,diag4,gaussian_ar1,0.8914912731084801,0.8875409501551395,-0.3964663317769343,0.9653377184151622,3.4192155752948095,3.3620596105877665,-2.5277243021863294,2024-01-28,6.0,0,True,False
2023-08-04,2023Q3,5,diag4,gaussian_ar1,-0.641220404431031,-0.643285053164655,-0.752284152712223,0.7911370968827225,4.694888429547928,4.5880109584365245,-5.336108833978958,2023-10-28,13.0,3,True,True
2023-08-04,2023Q4,-8,diag4,gaussian_ar1,1.0684432226684581,1.0627757018227013,-0.3557356103525068,0.9639077916138028,3.4192155752948095,3.3620596105877665,-2.3507723526263513,2024-01-28,13.0,0,True,False
2023-08-11,2023Q3,6,diag4,gaussian_ar1,0.03543864305484146,0.03543236505092695,-0.5945263459748342,0.7319366662991479,4.694888429547928,4.5880109584365245,-4.659449786493086,2023-10-28,5.0,0,True,False
2023-08-11,2023Q4,-7,diag4,gaussian_ar1,1.084659954004974,1.0788197111566784,-0.35200641812040395,0.9638817046037547,3.4192155752948095,3.3620596105877665,-2.3345556212898355,2024-01-28,5.0,0,True,False
2023-08-18,2023Q3,7,diag4,gaussian_ar1,2.114829066502999,2.0927769248306376,-0.11632708845871918,0.6486415223027766,4.694888429547928,4.5880109584365245,-2.5800593630449287,2023-10-28,11.0,0,True,False
2023-08-18,2023Q4,-6,diag4,gaussian_ar1,1.1854808088797686,1.1785090304443924,-0.32883511303246277,0.9581272481396206,3.4192155752948095,3.3620596105877665,-2.233734766415041,2024-01-28,11.0,0,True,False
2023-08-25,2023Q3,8,diag4,gaussian_ar1,2.7503580824585594,2.713215236961135,0.027884603639722415,0.645758973130106,4.694888429547928,4.5880109584365245,-1.9445303470893682,2023-10-28,0.0,0,True,False
2023-08-25,2023Q4,-5,diag4,gaussian_ar1,1.9299245381917407,1.9115376862237041,-0.15845346389867065,0.9554051467876379,3.4192155752948095,3.3620596105877665,-1.4892910371030688,2024-01-28,0.0,0,True,False
2023-09-01,2023Q3,9,diag4,gaussian_ar1,2.793201291324965,2.7549029547542836,0.037574295918763635,0.6357764058960089,4.694888429547928,4.5880109584365245,-1.9016871382229628,2023-10-28,11.0,3,True,True
2023-09-01,2023Q4,-4,diag4,gaussian_ar1,1.947635339600251,1.9289116448522718,-0.15441514466001746,0.9449517643265399,3.4192155752948095,3.3620596105877665,-1.4715802356945584,2024-01-28,11.0,0,True,False
2023-09-08,2023Q3,10,diag4,gaussian_ar1,2.449857190035387,2.4203294747923723,-0.04019235184173596,0.603595585398097,4.694888429547928,4.5880109584365245,-2.2450312395125405,2023-10-28,9.0,0,True,False
2023-09-08,2023Q4,-3,diag4,gaussian_ar1,1.7812408427770654,1.765562651876654,-0.19238319759778566,0.938584782674205,3.4192155752948095,3.3620596105877665,-1.637974732517744,2024-01-28,9.0,0,True,False
2023-09-15,2023Q3,11,diag4,gaussian_ar1,2.617188670056425,2.583526361408032,-0.0022596537734521434,0.5980459839629466,4.694888429547928,4.5880109584365245,-2.0776997594915025,2023-10-28,6.0,0,True,False
2023-09-15,2023Q4,-2,diag4,gaussian_ar1,2.2530937354062086,2.2280865058088506,-0.08487638135619759,0.9339403319536862,3.4192155752948095,3.3620596105877665,-1.1661218398886009,2024-01-28,6.0,0,True,False
2023-09-22,2023Q3,12,diag4,gaussian_ar1,2.0568311181805354,2.035963996111716,-0.12953241189448503,0.5642734365016291,4.694888429547928,4.5880109584365245,-2.638057311367392,2023-10-28,6.0,0,True,False
2023-09-22,2023Q4,-1,diag4,gaussian_ar1,1.2696635490593078,1.2616709034589622,-0.30950536792964206,0.9131034035189263,3.4192155752948095,3.3620596105877665,-2.1495520262355017,2024-01-28,6.0,0,True,False
2023-09-29,2023Q3,13,diag4,gaussian_ar1,2.051781304919076,2.0310158332659207,-0.13068253902689955,0.5642699997732058,4.694888429547928,4.5880109584365245,-2.643107124628852,2023-10-28,4.0,0,True,False
2023-09-29,2023Q4,0,diag4,gaussian_ar1,1.268310257746963,1.2603345700426245,-0.30981597883069356,0.9131032441236087,3.4192155752948095,3.3620596105877665,-2.1509053175478465,2024-01-28,4.0,0,True,False
2023-10-06,2023Q3,14,diag4,gaussian_ar1,2.279311793882677,2.253723576425811,-0.0789174241773226,0.5533355923280054,4.694888429547928,4.5880109584365245,-2.415576635665251,2023-10-28,13.0,3,True,True
2023-10-06,2023Q4,1,diag4,gaussian_ar1,2.0079171441785393,1.9880243344550237,-0.14067527588429657,0.8709249381099726,3.4192155752948095,3.3620596105877665,-1.4112984311162702,2024-01-28,13.0,0,True,False
2023-10-06,2024Q1,-12,diag4,gaussian_ar1,1.8786586781532888,1.8612298333250212,-0.1701467788512015,0.9686834991727193,0.8420915771010673,0.8385657658582282,1.0365671010522215,2024-04-28,13.0,0,True,False
2023-10-13,2023Q3,15,diag4,gaussian_ar1,2.2807859882305603,2.25516490771563,-0.07858240807642212,0.5533281355671397,4.694888429547928,4.5880109584365245,-2.4141024413173673,2023-10-28,6.0,0,True,False
2023-10-13,2023Q4,2,diag4,gaussian_ar1,2.0427083402349444,2.0221248879926073,-0.13274910751106744,0.8689869901763032,3.4192155752948095,3.3620596105877665,-1.376507235059865,2024-01-28,6.0,0,True,False
2023-10-13,2024Q1,-11,diag4,gaussian_ar1,1.8954833916749791,1.8777429329646833,-0.16630855352844776,0.9681310259241322,0.8420915771010673,0.8385657658582282,1.0533918145739118,2024-04-28,6.0,0,True,False
2023-10-20,2023Q3,16,diag4,gaussian_ar1,2.4002041987218226,2.371852074347066,-0.05146020524483299,0.5453221074912068,4.694888429547928,4.5880109584365245,-2.294684230826105,2023-10-28,9.0,0,True,False
2023-10-20,2023Q4,3,diag4,gaussian_ar1,1.9104109085237297,1.8923916917031725,-0.16290366662266456,0.8145297505931869,3.4192155752948095,3.3620596105877665,-1.5088046667710797,2024-01-28,9.0,0,True,False
2023-10-20,2024Q1,-10,diag4,gaussian_ar1,1.7388730687375897,1.723927676505196,-0.20206063068243382,0.9656430589636616,0.8420915771010673,0.8385657658582282,0.8967814916365224,2024-04-28,9.0,0,True,False
2023-10-27,2023Q3,17,diag4,gaussian_ar1,2.399219292795629,2.370890249445982,-0.05168376719092142,0.545319637255698,4.694888429547928,4.5880109584365245,-2.2956691367522986,2023-10-28,4.0,0,True,False
2023-10-27,2023Q4,4,diag4,gaussian_ar1,1.909611206813011,1.8916069781088698,-0.16308606166989892,0.8145288428759092,3.4192155752948095,3.3620596105877665,-1.5096043684817984,2024-01-28,4.0,0,True,False
2023-10-27,2024Q1,-9,diag4,gaussian_ar1,1.7388256231784416,1.7238810418524093,-0.2020714702164492,0.9656430563244918,0.8420915771010673,0.8385657658582282,0.8967340460773743,2024-04-28,4.0,0,True,False
2023-11-03,2023Q4,5,diag4,gaussian_ar1,1.3029509956285157,1.2945356092274487,-0.3056391479408585,0.7918478623143191,3.4192155752948095,3.3620596105877665,-2.1162645796662938,2024-01-28,12.0,3,True,True
2023-11-03,2024Q1,-8,diag4,gaussian_ar1,1.431481298128423,1.4213323435226284,-0.276091585907305,0.9632150964116016,0.8420915771010673,0.8385657658582282,0.5893897210273558,2024-04-28,12.0,0,True,False
2023-11-10,2023Q4,6,diag4,gaussian_ar1,1.77782161199731,1.7622032035289945,-0.1966581293797757,0.732234267989832,3.4192155752948095,3.3620596105877665,-1.6413939632974994,2024-01-28,7.0,0,True,False
2023-11-10,2024Q1,-7,diag4,gaussian_ar1,1.4428928543881891,1.4325822180516146,-0.2734700170840806,0.9631873920056834,0.8420915771010673,0.8385657658582282,0.6008012772871218,2024-04-28,7.0,0,True,False
2023-11-17,2023Q4,7,diag4,gaussian_ar1,0.6565175957723435,0.6543719051090422,-0.45481709691731803,0.649536739129703,3.4192155752948095,3.3620596105877665,-2.762697979522466,2024-01-28,10.0,0,True,False
2023-11-17,2024Q1,-6,diag4,gaussian_ar1,0.8537045660915954,0.8500811164261886,-0.4092107956661426,0.9578918155957088,0.8420915771010673,0.8385657658582282,0.011612988990528095,2024-04-28,10.0,0,True,False
2023-11-24,2023Q4,8,diag4,gaussian_ar1,0.9511901344798401,0.9466948047272579,-0.3866968171773861,0.6464787685626574,3.4192155752948095,3.3620596105877665,-2.4680254408149693,2024-01-28,2.0,0,True,False
2023-11-24,2024Q1,-5,diag4,gaussian_ar1,1.2404649106797505,1.2328341842252282,-0.3200174889363574,0.9548465633928653,0.8420915771010673,0.8385657658582282,0.3983733335786832,2024-04-28,2.0,0,True,False
2023-12-01,2023Q4,9,diag4,gaussian_ar1,0.8000743633416185,0.79689073804685,-0.421605799476674,0.6364164302637522,3.4192155752948095,3.3620596105877665,-2.619141211953191,2024-01-28,11.0,2,True,True
2023-12-01,2024Q1,-4,diag4,gaussian_ar1,1.0462582217633631,1.0408228197852716,-0.36476207745808675,0.9446664037994833,0.8420915771010673,0.8385657658582282,0.20416664466229584,2024-04-28,11.0,0,True,False
2023-12-08,2023Q4,10,diag4,gaussian_ar1,1.096341101654641,1.0903748499695958,-0.3532149213432349,0.6042995576149611,3.4192155752948095,3.3620596105877665,-2.3228744736401685,2024-01-28,9.0,0,True,False
2023-12-08,2024Q1,-3,diag4,gaussian_ar1,1.2214299991908595,1.2140307332810902,-0.32439927476313885,0.9383250004907386,0.8420915771010673,0.8385657658582282,0.3793384220897922,2024-04-28,9.0,0,True,False
2023-12-15,2023Q4,11,diag4,gaussian_ar1,1.010566946995839,1.0054948618121449,-0.37299458467155855,0.5987622466302148,3.4192155752948095,3.3620596105877665,-2.4086486282989705,2024-01-28,6.0,0,True,False
2023-12-15,2024Q1,-2,diag4,gaussian_ar1,1.1043834548304599,1.0983296712964667,-0.35136120186119857,0.9337453498008365,0.8420915771010673,0.8385657658582282,0.26229187772939255,2024-04-28,6.0,0,True,False
2023-12-22,2023Q4,12,diag4,gaussian_ar1,1.788613112300741,1.772805639365878,-0.19418743380280773,0.5651579067928901,3.4192155752948095,3.3620596105877665,-1.6306024629940685,2024-01-28,6.0,0,True,False
2023-12-22,2024Q1,-1,diag4,gaussian_ar1,1.3659115078294537,1.3566670224584767,-0.2911606063847142,0.9129323398123331,0.8420915771010673,0.8385657658582282,0.5238199307283864,2024-04-28,6.0,0,True,False
2023-12-29,2023Q4,13,diag4,gaussian_ar1,1.7887917885089255,1.7729811757504477,-0.19414652839431237,0.5651544732087216,3.4192155752948095,3.3620596105877665,-1.630423786785884,2024-01-28,4.0,0,True,False
2023-12-29,2024Q1,0,diag4,gaussian_ar1,1.3659260751223146,1.3566813934551931,-0.2911572574978574,0.9129321812430186,0.8420915771010673,0.8385657658582282,0.5238344980212473,2024-04-28,4.0,0,True,False
2024-01-05,2023Q4,14,diag4,gaussian_ar1,1.8415129677676,1.8247624472068686,-0.1820798900929422,0.5545254143841488,3.4192155752948095,3.3620596105877665,-1.5777026075272094,2024-01-28,13.0,11,False,True
2024-01-05,2024Q1,1,diag4,gaussian_ar1,1.5172981419810716,1.505902301720117,-0.25638416915161716,0.8712012178241463,0.8420915771010673,0.8385657658582282,0.6752065648800043,2024-04-28,13.0,0,True,False
2024-01-05,2024Q2,-12,diag4,gaussian_ar1,1.4006931753278717,1.3909741194224197,-0.28316599137062887,0.9685956763989796,3.5892686664036777,3.526355417094438,-2.188575491075806,2024-07-28,13.0,0,True,False
2024-01-12,2023Q4,15,diag4,gaussian_ar1,1.8468736394872343,1.8300260479552044,-0.18085330826892415,0.55452049992506,3.4192155752948095,3.3620596105877665,-1.5723419358075752,2024-01-28,4.0,0,True,False
2024-01-12,2024Q1,2,diag4,gaussian_ar1,1.5288420458660523,1.517273021583829,-0.2537344396265882,0.8711873336961281,0.8420915771010673,0.8385657658582282,0.686750468764985,2024-04-28,4.0,0,True,False
2024-01-12,2024Q2,-11,diag4,gaussian_ar1,1.4009416610735181,1.3912191724229448,-0.28310888643985305,0.9685956709167641,3.5892686664036777,3.526355417094438,-2.1883270053301596,2024-07-28,4.0,0,True,False
2024-01-19,2023Q4,16,diag4,gaussian_ar1,1.7784675413428763,1.762837847978687,-0.19651023758783973,0.5465255317312829,3.4192155752948095,3.3620596105877665,-1.6407480339519331,2024-01-28,11.0,0,True,False
2024-01-19,2024Q1,3,diag4,gaussian_ar1,0.4272926716702541,0.4263823687178898,-0.50794571262627,0.8210910457810776,0.8420915771010673,0.8385657658582282,-0.4147989054308132,2024-04-28,11.0,0,True,False
2024-01-19,2024Q2,-10,diag4,gaussian_ar1,0.9858224236368729,0.9809948956891379,-0.378703834778539,0.9665983237014698,3.5892686664036777,3.526355417094438,-2.603446242766805,2024-07-28,11.0,0,True,False
2024-01-26,2023Q4,17,diag4,gaussian_ar1,1.7824455240627257,1.7667462434171304,-0.19559946052949514,0.5465230331876737,3.4192155752948095,3.3620596105877665,-1.6367700512320837,2024-01-28,4.0,0,True,False
2024-01-26,2024Q1,4,diag4,gaussian_ar1,0.1857132274881046,0.18554099368146648,-0.5640692043604382,0.8151089551749124,0.8420915771010673,0.8385657658582282,-0.6563783496129627,2024-04-28,4.0,0,True,False
2024-01-26,2024Q2,-9,diag4,gaussian_ar1,0.876504405250067,0.8726854049676149,-0.40394329708571963,0.9655954761264764,3.5892686664036777,3.526355417094438,-2.7127642611536107,2024-07-28,4.0,0,True,False
2024-02-02,2024Q1,5,diag4,gaussian_ar1,1.955099728028542,1.9362331635451415,-0.15772686380091205,0.7925037242972315,0.8420915771010673,0.8385657658582282,1.1130081509274747,2024-04-28,10.0,2,True,True
2024-02-02,2024Q2,-8,diag4,gaussian_ar1,1.6708228992358576,1.6570182091696564,-0.222996963658549,0.9627502038030281,3.5892686664036777,3.526355417094438,-1.9184457671678201,2024-07-28,10.0,0,True,False
2024-02-09,2024Q1,6,diag4,gaussian_ar1,2.140171369757482,2.1175913022807613,-0.11533205779295577,0.7325555228305897,0.8420915771010673,0.8385657658582282,1.2980797926564147,2024-04-28,9.0,0,True,False
2024-02-09,2024Q2,-7,diag4,gaussian_ar1,1.7083472628153684,1.6939191012083334,-0.2143709038058902,0.9626847619692018,3.5892686664036777,3.526355417094438,-1.8809214035883093,2024-07-28,9.0,0,True,False
2024-02-16,2024Q1,7,diag4,gaussian_ar1,2.0522387591409785,2.0314640892304734,-0.13546540562464984,0.7128093746097932,0.8420915771010673,0.8385657658582282,1.2101471820399112,2024-04-28,8.0,0,True,False
2024-02-16,2024Q2,-6,diag4,gaussian_ar1,2.1817440095377005,2.158284578160379,-0.1058194792631353,0.9581147481175147,3.5892686664036777,3.526355417094438,-1.4075246568659772,2024-07-28,8.0,0,True,False
2024-02-23,2024Q1,8,diag4,gaussian_ar1,-0.6407580071625563,-0.6428196728586473,-0.7606137562551822,0.6470655380770955,0.8420915771010673,0.8385657658582282,-1.4828495842636236,2024-04-28,4.0,0,True,False
2024-02-23,2024Q2,-5,diag4,gaussian_ar1,2.027831083008391,2.0075443833347912,-0.14105694564752755,0.9544525377326861,3.5892686664036777,3.526355417094438,-1.5614375833952865,2024-07-28,4.0,0,True,False
2024-03-01,2024Q1,9,diag4,gaussian_ar1,-0.86998335526145,-0.8737898035112628,-0.8146060057947767,0.6378479193613829,0.8420915771010673,0.8385657658582282,-1.7120749323625173,2024-04-28,11.0,12,False,True
2024-03-01,2024Q2,-4,diag4,gaussian_ar1,1.7921586203444528,1.7762887856511576,-0.19511592679060039,0.9454617447447224,3.5892686664036777,3.526355417094438,-1.7971100460592249,2024-07-28,11.0,0,True,False
2024-03-08,2024Q1,10,diag4,gaussian_ar1,-0.507423966974685,-0.5087157340626609,-0.7292652294683771,0.6058303254572849,0.8420915771010673,0.8385657658582282,-1.3495155440757522,2024-04-28,9.0,0,True,False
2024-03-08,2024Q2,-3,diag4,gaussian_ar1,1.9861579010851615,1.9666911235065472,-0.15060692249050708,0.9391398713179614,3.5892686664036777,3.526355417094438,-1.6031107653185162,2024-07-28,9.0,0,True,False
2024-03-15,2024Q1,11,diag4,gaussian_ar1,-0.4026134700379158,-0.40342614008199407,-0.7046524277348195,0.600233034844908,0.8420915771010673,0.8385657658582282,-1.2447050471389831,2024-04-28,6.0,0,True,False
2024-03-15,2024Q2,-2,diag4,gaussian_ar1,2.1896871554652364,2.166057823066744,-0.10400238292461327,0.9346296874681488,3.5892686664036777,3.526355417094438,-1.3995815109384413,2024-07-28,6.0,0,True,False
2024-03-22,2024Q1,12,diag4,gaussian_ar1,1.1431061823584665,1.1366220902240323,-0.3446462740440883,0.5664751165466877,0.8420915771010673,0.8385657658582282,0.3010146052573992,2024-04-28,6.0,0,True,False
2024-03-22,2024Q2,-1,diag4,gaussian_ar1,3.3546167464101773,3.2995770128035686,0.16097235981490415,0.913881760400542,3.5892686664036777,3.526355417094438,-0.23465191999350044,2024-07-28,6.0,0,True,False
2024-03-29,2024Q1,13,diag4,gaussian_ar1,1.132795549487109,1.12642746714535,-0.3470293987869763,0.566471738745592,0.8420915771010673,0.8385657658582282,0.2907039723860416,2024-04-28,4.0,0,True,False
2024-03-29,2024Q2,0,diag4,gaussian_ar1,3.351756151950269,3.296809227350235,0.16032535423696992,0.9138816043461296,3.5892686664036777,3.526355417094438,-0.23751251445340849,2024-07-28,4.0,0,True,False
2024-04-05,2024Q1,14,diag4,gaussian_ar1,1.0089019849991665,1.0038465434540103,-0.3756842720471515,0.5556240591874841,0.8420915771010673,0.8385657658582282,0.1668104078980992,2024-04-28,13.0,3,True,True
2024-04-05,2024Q2,1,diag4,gaussian_ar1,3.236316499893377,3.1850509224390833,0.13420040782145096,0.8716003165696269,3.5892686664036777,3.526355417094438,-0.3529521665103008,2024-07-28,13.0,0,True,False
2024-04-05,2024Q3,-12,diag4,gaussian_ar1,2.186995765598465,2.163424068737762,-0.10461805699707696,0.9688136643931761,3.340152501559479,3.2855812596193403,-1.153156735961014,2024-10-28,13.0,0,True,False
2024-04-12,2024Q1,15,diag4,gaussian_ar1,1.01818919841683,1.0130405712151416,-0.37353504937601933,0.5556189891567526,0.8420915771010673,0.8385657658582282,0.1760976213157628,2024-04-28,4.0,0,True,False
2024-04-12,2024Q2,2,diag4,gaussian_ar1,3.2558687241112327,3.2039884180688367,0.13862729188134026,0.8715859799413341,3.5892686664036777,3.526355417094438,-0.33339994229244496,2024-07-28,4.0,0,True,False
2024-04-12,2024Q3,-11,diag4,gaussian_ar1,2.187410006678836,2.163829443450708,-0.10452329542510842,0.9688136586431326,3.340152501559479,3.2855812596193403,-1.152742494880643,2024-10-28,4.0,0,True,False
2024-04-19,2024Q1,16,diag4,gaussian_ar1,1.064395083325742,1.058770277095884,-0.3628451403202081,0.5475123797497137,0.8420915771010673,0.8385657658582282,0.22230350622467476,2024-04-28,11.0,0,True,False
2024-04-19,2024Q2,3,diag4,gaussian_ar1,3.533478197711637,3.4724835262606097,0.20139148931539694,0.8159924751236062,3.5892686664036777,3.526355417094438,-0.05579046869204074,2024-07-28,11.0,0,True,False
2024-04-19,2024Q3,-10,diag4,gaussian_ar1,2.2658867287980167,2.2405968296716523,-0.08657792793697391,0.965768764843002,3.340152501559479,3.2855812596193403,-1.0742657727614624,2024-10-28,11.0,0,True,False
2024-04-26,2024Q1,17,diag4,gaussian_ar1,1.061131138521687,1.0555406555182976,-0.36360010605384124,0.5475099521174935,0.8420915771010673,0.8385657658582282,0.21903956142061975,2024-04-28,4.0,0,True,False
2024-04-26,2024Q2,4,diag4,gaussian_ar1,3.5309836207962464,3.4700740573506725,0.20082824485484416,0.8159916011590033,3.5892686664036777,3.526355417094438,-0.05828504560743131,2024-07-28,4.0,0,True,False
2024-04-26,2024Q3,-9,diag4,gaussian_ar1,2.265745844681244,2.2404590670038553,-0.08661013173889372,0.9657687624461767,3.340152501559479,3.2855812596193403,-1.0744066568782351,2024-10-28,4.0,0,True,False
2024-05-03,2024Q2,5,diag4,gaussian_ar1,3.25771321566366,3.205774733075492,0.14206201793310816,0.7930541029694624,3.5892686664036777,3.526355417094438,-0.3315554507400176,2024-07-28,11.0,11,False,True
2024-05-03,2024Q3,-8,diag4,gaussian_ar1,2.116580547419833,2.0944921173371913,-0.11840800403579153,0.9630275825425485,3.340152501559479,3.2855812596193403,-1.2235719541396461,2024-10-28,11.0,0,True,False
2024-05-10,2024Q2,6,diag4,gaussian_ar1,3.1215043935621356,3.0737761302544113,0.11112328237678078,0.7333333538435705,3.5892686664036777,3.526355417094438,-0.4677642728415421,2024-07-28,8.0,0,True,False
2024-05-10,2024Q3,-7,diag4,gaussian_ar1,2.1136152949200016,2.091588283760773,-0.11908862441510097,0.9630004719067039,3.340152501559479,3.2855812596193403,-1.2265372066394775,2024-10-28,8.0,0,True,False
2024-05-17,2024Q2,7,diag4,gaussian_ar1,2.914146079773161,2.8724921453495043,0.06394496497339287,0.6506647714515537,3.5892686664036777,3.526355417094438,-0.6751225866305166,2024-07-28,10.0,0,True,False
2024-05-17,2024Q3,-6,diag4,gaussian_ar1,2.3502480436449646,2.3230549600832946,-0.06483588131181704,0.9577213157414287,3.340152501559479,3.2855812596193403,-0.9899044579145144,2024-10-28,10.0,0,True,False
2024-05-24,2024Q2,8,diag4,gaussian_ar1,2.7114289261140234,2.675320933229847,0.01773062739165928,0.6476683807400831,3.5892686664036777,3.526355417094438,-0.8778397402896543,2024-07-28,2.0,0,True,False
2024-05-24,2024Q3,-5,diag4,gaussian_ar1,2.0651883152216444,2.044152428764864,-0.13020696462659545,0.9547119144062389,3.340152501559479,3.2855812596193403,-1.2749641863378347,2024-10-28,2.0,0,True,False
2024-05-31,2024Q2,9,diag4,gaussian_ar1,2.717666359267601,2.6813935230417556,0.019153962535496716,0.6475491866027627,3.5892686664036777,3.526355417094438,-0.8716023071360768,2024-07-28,8.0,0,True,False
2024-05-31,2024Q3,-4,diag4,gaussian_ar1,2.0619493280928936,2.040978928987794,-0.13095079121485037,0.9545305700917868,3.340152501559479,3.2855812596193403,-1.2782031734665855,2024-10-28,8.0,0,True,False
2024-06-07,2024Q2,10,diag4,gaussian_ar1,2.7037028179760725,2.667798499925143,0.015967468011330022,0.6053608020913137,3.5892686664036777,3.526355417094438,-0.8855658484276052,2024-07-28,12.0,11,False,True
2024-06-07,2024Q3,-3,diag4,gaussian_ar1,2.000638743556604,1.980888946830377,-0.14503509231970907,0.9377319825171241,3.340152501559479,3.2855812596193403,-1.3395137580028749,2024-10-28,12.0,0,True,False
2024-06-14,2024Q2,11,diag4,gaussian_ar1,2.7637868689220246,2.7262837160050037,0.029675633064426322,0.5997489900519614,3.5892686664036777,3.526355417094438,-0.8254817974816531,2024-07-28,6.0,0,True,False
2024-06-14,2024Q3,-2,diag4,gaussian_ar1,1.7540068080852178,1.7388016508523123,-0.20177716891550404,0.9331017032180245,3.340152501559479,3.2855812596193403,-1.5861456934742613,2024-10-28,6.0,0,True,False
2024-06-21,2024Q2,12,diag4,gaussian_ar1,3.6100350906822953,3.5464002955970075,0.22190016756006267,0.5661064591544184,3.5892686664036777,3.526355417094438,0.020766424278617635,2024-07-28,6.0,0,True,False
2024-06-21,2024Q3,-1,diag4,gaussian_ar1,2.153739622754536,2.1308743736665945,-0.10988048189948783,0.912685347189883,3.340152501559479,3.2855812596193403,-1.1864128788049433,2024-10-28,6.0,0,True,False
2024-06-28,2024Q2,13,diag4,gaussian_ar1,3.6022620285407925,3.538897785125174,0.22014167782959743,0.5661030980047689,3.5892686664036777,3.526355417094438,0.012993362137114772,2024-07-28,4.0,0,True,False
2024-06-28,2024Q3,0,diag4,gaussian_ar1,2.151666221729487,2.1288446662131206,-0.11035621861804128,0.912685196752938,3.340152501559479,3.2855812596193403,-1.1884862798299922,2024-10-28,4.0,0,True,False
2024-07-05,2024Q2,14,diag4,gaussian_ar1,3.44509151044905,3.387076913624461,0.1845568633322916,0.555216254452417,3.5892686664036777,3.526355417094438,-0.14417715595462788,2024-07-28,13.0,12,False,True
2024-07-05,2024Q3,1,diag4,gaussian_ar1,1.4981293033864418,1.4870181815398766,-0.26079190095074356,0.871252950677762,3.340152501559479,3.2855812596193403,-1.8420231981730373,2024-10-28,13.0,0,True,False
2024-07-05,2024Q4,-12,diag4,gaussian_ar1,1.6023405112147282,1.5896385418657386,-0.2367390388524956,0.9684708565850925,1.8522267738050768,1.8352819713325936,-0.24988626259034863,2025-01-28,13.0,0,True,False
2024-07-12,2024Q2,15,diag4,gaussian_ar1,3.4426589914592354,3.384725378568364,0.18400569445855264,0.5552109147820702,3.5892686664036777,3.526355417094438,-0.14660967494444233,2024-07-28,4.0,0,True,False
2024-07-12,2024Q3,2,diag4,gaussian_ar1,1.4927699835293406,1.4817378267287222,-0.2620295466352765,0.8712378675074002,3.340152501559479,3.2855812596193403,-1.8473825180301384,2024-10-28,4.0,0,True,False
2024-07-12,2024Q4,-11,diag4,gaussian_ar1,1.6022395722419036,1.589539194722317,-0.2367623245156231,0.9684708506717454,1.8522267738050768,1.8352819713325936,-0.24998720156317322,2025-01-28,4.0,0,True,False
2024-07-19,2024Q2,16,diag4,gaussian_ar1,3.6582594860246065,3.5929336028845333,0.23280696246516872,0.5470823158881092,3.5892686664036777,3.526355417094438,0.06899081962092879,2024-07-28,11.0,0,True,False
2024-07-19,2024Q3,3,diag4,gaussian_ar1,1.5296674830627577,1.5180860258736983,-0.25351000705485044,0.8215384441617851,3.340152501559479,3.2855812596193403,-1.8104850184967214,2024-10-28,11.0,0,True,False
2024-07-19,2024Q4,-10,diag4,gaussian_ar1,1.3970859187481421,1.387416628214939,-0.2841371944118918,0.9664083116280434,1.8522267738050768,1.8352819713325936,-0.4551408550569347,2025-01-28,11.0,0,True,False
2024-07-26,2024Q2,17,diag4,gaussian_ar1,3.657180842886776,3.591893021308829,0.2325630638366421,0.547079854482733,3.5892686664036777,3.526355417094438,0.06791217648309811,2024-07-28,4.0,0,True,False
2024-07-26,2024Q3,4,diag4,gaussian_ar1,2.0268137369441552,2.0065472523308525,-0.13902112314324225,0.8157042298980831,3.340152501559479,3.2855812596193403,-1.3133387646153238,2024-10-28,4.0,0,True,False
2024-07-26,2024Q4,-9,diag4,gaussian_ar1,1.6194255973978278,1.606452770528859,-0.2327980049091513,0.9654190122162101,1.8522267738050768,1.8352819713325936,-0.23280117640724907,2025-01-28,4.0,0,True,False
2024-08-02,2024Q3,5,diag4,gaussian_ar1,0.9626272248442813,0.958023489931928,-0.3873335011050849,0.7934987403092104,3.340152501559479,3.2855812596193403,-2.3775252767151978,2024-10-28,10.0,3,True,True
2024-08-02,2024Q4,-8,diag4,gaussian_ar1,1.1707627864469217,1.1639623851842222,-0.33891694565380076,0.9632919621714945,1.8522267738050768,1.8352819713325936,-0.6814639873581552,2025-01-28,10.0,0,True,False
2024-08-09,2024Q3,6,diag4,gaussian_ar1,1.5077365441051649,1.4964831698403827,-0.26074079058952276,0.7334666115168866,3.340152501559479,3.2855812596193403,-1.8324159574543142,2024-10-28,9.0,0,True,False
2024-08-09,2024Q4,-7,diag4,gaussian_ar1,1.2233383331682335,1.2159160217903076,-0.3267025646620373,0.9632272687647156,1.8522267738050768,1.8352819713325936,-0.6288884406368433,2025-01-28,9.0,0,True,False
2024-08-16,2024Q3,7,diag4,gaussian_ar1,1.7711744329975243,1.7556719219886123,-0.1998051107347767,0.7179542591485651,3.340152501559479,3.2855812596193403,-1.5689780685619548,2024-10-28,8.0,0,True,False
2024-08-16,2024Q4,-6,diag4,gaussian_ar1,1.3152183592111344,1.3066444577444984,-0.3053721678712668,0.9611461653443589,1.8522267738050768,1.8352819713325936,-0.5370084145939424,2025-01-28,8.0,0,True,False
2024-08-23,2024Q3,8,diag4,gaussian_ar1,0.24027955448828742,0.23999134474715156,-0.5561439782641144,0.6476887855933704,3.340152501559479,3.2855812596193403,-3.0998729470711917,2024-10-28,4.0,0,True,False
2024-08-23,2024Q4,-5,diag4,gaussian_ar1,1.2507208923512314,1.242963989766718,-0.32034354520740693,0.9549072681159262,1.8522267738050768,1.8352819713325936,-0.6015058814538454,2025-01-28,4.0,0,True,False
2024-08-30,2024Q3,9,diag4,gaussian_ar1,0.2787762783579506,0.2783884179657088,-0.547116766467257,0.64756792979963,3.340152501559479,3.2855812596193403,-3.0613762232015285,2024-10-28,8.0,0,True,False
2024-08-30,2024Q4,-4,diag4,gaussian_ar1,1.2767292390944096,1.2686477643555674,-0.31430524974575613,0.9547232985452032,1.8522267738050768,1.8352819713325936,-0.5754975347106672,2025-01-28,8.0,0,True,False
2024-09-06,2024Q3,10,diag4,gaussian_ar1,0.5033070148593888,0.5020446590152439,-0.4945348353874848,0.6054393264472556,3.340152501559479,3.2855812596193403,-2.8368454867000903,2024-10-28,10.0,2,True,True
2024-09-06,2024Q4,-3,diag4,gaussian_ar1,1.4686991531255522,1.4580182206192114,-0.2697839601404525,0.9380451383126315,1.8522267738050768,1.8352819713325936,-0.3835276206795246,2025-01-28,10.0,0,True,False
2024-09-13,2024Q3,11,diag4,gaussian_ar1,0.4793120845822063,0.4781670416384869,-0.5001485004717322,0.6053589598396893,3.340152501559479,3.2855812596193403,-2.8608404169772728,2024-10-28,6.0,0,True,False
2024-09-13,2024Q4,-2,diag4,gaussian_ar1,1.2319819209591465,1.2244547826243692,-0.3246950886730983,0.9358621369797148,1.8522267738050768,1.8352819713325936,-0.6202448528459303,2025-01-28,6.0,0,True,False
2024-09-20,2024Q3,12,diag4,gaussian_ar1,1.404824680776251,1.395048471533356,-0.2845882463566805,0.5660545022106686,3.340152501559479,3.2855812596193403,-1.935327820783228,2024-10-28,8.0,0,True,False
2024-09-20,2024Q4,-1,diag4,gaussian_ar1,2.215746388802464,2.191555416772112,-0.09732822131750322,0.9129983698478937,1.8522267738050768,1.8352819713325936,0.3635196149973874,2025-01-28,8.0,0,True,False
2024-09-27,2024Q3,13,diag4,gaussian_ar1,1.400147892251069,1.3904363671390125,-0.2856725592927205,0.5660511703590685,3.340152501559479,3.2855812596193403,-1.94000460930841,2024-10-28,4.0,0,True,False
2024-09-27,2024Q4,0,diag4,gaussian_ar1,2.214445966469225,2.190283175799995,-0.0976273271542052,0.9129982216267521,1.8522267738050768,1.8352819713325936,0.36221919266414826,2025-01-28,4.0,0,True,False
2024-10-04,2024Q3,14,diag4,gaussian_ar1,1.2050281356917436,1.197825476630231,-0.3309556800427612,0.5638665267740881,3.340152501559479,3.2855812596193403,-2.1351243658677355,2024-10-28,9.0,3,True,True
2024-10-04,2024Q4,1,diag4,gaussian_ar1,1.536736013198725,1.5250478176985478,-0.2540251973293134,0.8956691566690789,1.8522267738050768,1.8352819713325936,-0.31549076060635173,2025-01-28,9.0,0,True,False
2024-10-04,2025Q1,-12,diag4,gaussian_ar1,1.4864097295834044,1.4754709239291264,-0.2656808023734648,0.9686353747041229,-0.6484826392524012,-0.6505944225690983,2.1348923688358057,2025-04-28,9.0,0,True,False
2024-10-11,2024Q3,15,diag4,gaussian_ar1,1.2483165187531897,1.240589288505031,-0.320901841177558,0.5551728945198814,3.340152501559479,3.2855812596193403,-2.0918359828062894,2024-10-28,7.0,0,True,False
2024-10-11,2024Q4,2,diag4,gaussian_ar1,1.62622889712849,1.6131474275438946,-0.2333128416565877,0.8714177897460131,1.8522267738050768,1.8352819713325936,-0.22599787667658688,2025-01-28,7.0,0,True,False
2024-10-11,2025Q1,-11,diag4,gaussian_ar1,1.4880802318352648,1.4771169458033317,-0.265293820063742,0.9686276140167484,-0.6484826392524012,-0.6505944225690983,2.136562871087666,2025-04-28,7.0,0,True,False
2024-10-18,2024Q3,16,diag4,gaussian_ar1,0.902620970860557,0.8985716959381542,-0.4013107105926443,0.5470117809375064,3.340152501559479,3.2855812596193403,-2.437531530698922,2024-10-28,12.0,0,True,False
2024-10-18,2024Q4,3,diag4,gaussian_ar1,0.19285898866487905,0.1926732544823766,-0.5672685350815464,0.8219031181950106,1.8522267738050768,1.8352819713325936,-1.6593677851401978,2025-01-28,12.0,0,True,False
2024-10-18,2025Q1,-10,diag4,gaussian_ar1,1.1856483336340373,1.1786745923553057,-0.3354580828030659,0.9665760373973042,-0.6484826392524012,-0.6505944225690983,1.8341309728864386,2025-04-28,12.0,0,True,False
2024-10-25,2024Q3,17,diag4,gaussian_ar1,0.9036286272460448,0.899570333381247,-0.40107592937232167,0.5470117555171107,3.340152501559479,3.2855812596193403,-2.4365238743134343,2024-10-28,0.0,0,True,False
2024-10-25,2024Q4,4,diag4,gaussian_ar1,0.779771794807238,0.7767472872108805,-0.4299518190789161,0.8160986916048242,1.8522267738050768,1.8352819713325936,-1.0724549789978388,2025-01-28,0.0,0,True,False
2024-10-25,2025Q1,-9,diag4,gaussian_ar1,1.4496930574510847,1.4392854724212882,-0.27418805845693883,0.9655962703606532,-0.6484826392524012,-0.6505944225690983,2.098175696703486,2025-04-28,0.0,0,True,False
2024-11-01,2024Q4,5,diag4,gaussian_ar1,0.9809471731061059,0.9761671207621547,-0.38526349151670236,0.7930816457792059,1.8522267738050768,1.8352819713325936,-0.8712796006989709,2025-01-28,13.0,2,True,True
2024-11-01,2025Q1,-8,diag4,gaussian_ar1,1.4523204778944532,1.4418753140869704,-0.27543551623323725,0.9621790520355233,-0.6484826392524012,-0.6505944225690983,2.1008031171468544,2025-04-28,13.0,0,True,False
2024-11-08,2024Q4,6,diag4,gaussian_ar1,1.3016501841781158,1.2932515204724633,-0.31048546932745763,0.7332869161094356,1.8522267738050768,1.8352819713325936,-0.550576589626961,2025-01-28,10.0,0,True,False
2024-11-08,2025Q1,-7,diag4,gaussian_ar1,1.5012038683429374,1.490047319526395,-0.2640751109438546,0.9621149945175113,-0.6484826392524012,-0.6505944225690983,2.1496865075953386,2025-04-28,10.0,0,True,False
2024-11-15,2024Q4,7,diag4,gaussian_ar1,1.6661291023799762,1.652401441965755,-0.22578713404755346,0.7214800856815156,1.8522267738050768,1.8352819713325936,-0.18609767142510059,2025-01-28,6.0,0,True,False
2024-11-15,2025Q1,-6,diag4,gaussian_ar1,1.753257569027733,1.7380653242550266,-0.2055850184704504,0.9600886896175466,-0.6484826392524012,-0.6505944225690983,2.4017402082801342,2025-04-28,6.0,0,True,False
2024-11-22,2024Q4,8,diag4,gaussian_ar1,1.3390135322286723,1.3301279773382473,-0.30178889355050476,0.6480398644843534,1.8522267738050768,1.8352819713325936,-0.5132132415764046,2025-01-28,6.0,0,True,False
2024-11-22,2025Q1,-5,diag4,gaussian_ar1,2.145440478231664,2.122749872605602,-0.1148648514780036,0.9538633104173442,-0.6484826392524012,-0.6505944225690983,2.793923117484065,2025-04-28,6.0,0,True,False
2024-11-29,2024Q4,9,diag4,gaussian_ar1,1.339814808780293,1.3309186633296548,-0.3016024260526896,0.648037410909331,1.8522267738050768,1.8352819713325936,-0.5124119650247838,2025-01-28,4.0,0,True,False
2024-11-29,2025Q1,-4,diag4,gaussian_ar1,2.145485316496698,2.1227937690879086,-0.1148544993694453,0.95386330478366,-0.6484826392524012,-0.6505944225690983,2.7939679557490993,2025-04-28,4.0,0,True,False
2024-12-06,2024Q4,10,diag4,gaussian_ar1,1.1780866250813649,1.171201209283246,-0.33926859737364895,0.606845882706989,1.8522267738050768,1.8352819713325936,-0.674140148723712,2025-01-28,13.0,11,False,True
2024-12-06,2025Q1,-3,diag4,gaussian_ar1,2.0178973752986717,1.997807636780375,-0.14432998218594287,0.9374647016727874,-0.6484826392524012,-0.6505944225690983,2.666380014551073,2025-04-28,13.0,0,True,False
2024-12-13,2024Q4,11,diag4,gaussian_ar1,1.1647576327206366,1.158026547803222,-0.3423755781314191,0.6067679051808414,1.8522267738050768,1.8352819713325936,-0.6874691410844402,2025-01-28,6.0,0,True,False
2024-12-13,2025Q1,-2,diag4,gaussian_ar1,1.927774901540369,1.9094287282031295,-0.1651723824827987,0.9352816450324624,-0.6484826392524012,-0.6505944225690983,2.57625754079277,2025-04-28,6.0,0,True,False
2024-12-20,2024Q4,12,diag4,gaussian_ar1,0.6163253592023965,0.6144338424135518,-0.4705710599106471,0.5677750590910032,1.8522267738050768,1.8352819713325936,-1.2359014146026803,2025-01-28,9.0,0,True,False
2024-12-20,2025Q1,-1,diag4,gaussian_ar1,1.159897081294381,1.153221842776975,-0.3435086718420959,0.9127979357520082,-0.6484826392524012,-0.6505944225690983,1.8083797205467822,2025-04-28,9.0,0,True,False
2024-12-27,2024Q4,13,diag4,gaussian_ar1,0.6160662440347409,0.6141763141243934,-0.47063179281374373,0.5677717775942613,1.8522267738050768,1.8352819713325936,-1.236160529770336,2025-01-28,4.0,0,True,False
2024-12-27,2025Q1,0,diag4,gaussian_ar1,1.1598812236134126,1.1532061669185916,-0.3435123686801841,0.9127977907151945,-0.6484826392524012,-0.6505944225690983,1.8083638628658139,2025-04-28,4.0,0,True,False
2025-01-03,2024Q4,14,diag4,gaussian_ar1,0.7220113074614787,0.7194172844302467,-0.44581281206307105,0.565657945436277,1.8522267738050768,1.8352819713325936,-1.1302154663435982,2025-01-28,8.0,11,False,True
2025-01-03,2025Q1,1,diag4,gaussian_ar1,1.4996966522886401,1.4885623841882039,-0.26442530328308766,0.8959293696093408,-0.6484826392524012,-0.6505944225690983,2.1481792915410414,2025-04-28,8.0,0,True,False
2025-01-03,2025Q2,-12,diag4,gaussian_ar1,1.7851277606734772,1.7693814731520332,-0.19819973026566487,0.9685317029877386,3.8380332333819878,3.7662126431826737,-2.0529054727085105,2025-07-28,8.0,0,True,False
2025-01-10,2024Q4,15,diag4,gaussian_ar1,0.8653851514098143,0.8616621575142038,-0.41226719996264505,0.5569811036147114,1.8522267738050768,1.8352819713325936,-0.9868416223952625,2025-01-28,8.0,0,True,False
2025-01-10,2025Q1,2,diag4,gaussian_ar1,1.8069890914943043,1.7908570894409854,-0.19313513512049169,0.871521614420093,-0.6484826392524012,-0.6505944225690983,2.4554717307467055,2025-04-28,8.0,0,True,False
2025-01-10,2025Q2,-11,diag4,gaussian_ar1,1.8173789771484206,1.8010620425727413,-0.1907285007593442,0.9684977672003773,3.8380332333819878,3.7662126431826737,-2.020654256233567,2025-07-28,8.0,0,True,False
2025-01-17,2024Q4,16,diag4,gaussian_ar1,1.5418520486737197,1.5300862961761739,-0.254632718044402,0.5488636799952238,1.8522267738050768,1.8352819713325936,-0.3103747251313571,2025-01-28,10.0,0,True,False
2025-01-17,2025Q1,3,diag4,gaussian_ar1,3.5173905078705436,3.456943683347564,0.19977810943576188,0.8231190704759395,-0.6484826392524012,-0.6505944225690983,4.165873147122944,2025-04-28,10.0,0,True,False
2025-01-17,2025Q2,-10,diag4,gaussian_ar1,1.8952120947437034,1.8774766824073326,-0.17270763426968186,0.9666257066765264,3.8380332333819878,3.7662126431826737,-1.9428211386382843,2025-07-28,10.0,0,True,False
2025-01-24,2024Q4,17,diag4,gaussian_ar1,1.5446654866580145,1.5328569754104482,-0.25397930868888297,0.5488636539928125,1.8522267738050768,1.8352819713325936,-0.3075612871470623,2025-01-28,2.0,0,True,False
2025-01-24,2025Q1,4,diag4,gaussian_ar1,5.268214348468714,5.13413295442967,0.5953096986376367,0.8166640089306196,-0.6484826392524012,-0.6505944225690983,5.9166969877211155,2025-04-28,2.0,0,True,False
2025-01-24,2025Q2,-9,diag4,gaussian_ar1,2.6685804317876594,2.6335948713000463,0.005607737783838639,0.9654763878124563,3.8380332333819878,3.7662126431826737,-1.1694528015943284,2025-07-28,2.0,0,True,False
2025-01-31,2025Q1,5,diag4,gaussian_ar1,5.2954174355474,5.159971307424971,0.6043851424900184,0.8146766145478321,-0.6484826392524012,-0.6505944225690983,5.943900074799801,2025-04-28,10.0,0,True,False
2025-01-31,2025Q2,-8,diag4,gaussian_ar1,2.67511744737281,2.639961772894667,0.008276060269773068,0.9653390399069094,3.8380332333819878,3.7662126431826737,-1.1629157860091777,2025-07-28,10.0,0,True,False
2025-02-07,2025Q1,6,diag4,gaussian_ar1,3.8857452413513016,3.8121505797624105,0.28555770713505474,0.7346402338486565,-0.6484826392524012,-0.6505944225690983,4.534227880603703,2025-04-28,13.0,3,True,True
2025-02-07,2025Q2,-7,diag4,gaussian_ar1,2.526412153264257,2.4950258940741366,-0.026008569419373885,0.9629367737261635,3.8380332333819878,3.7662126431826737,-1.3116210801177308,2025-07-28,13.0,0,True,False
2025-02-14,2025Q1,7,diag4,gaussian_ar1,3.7644069675818903,3.6952825820373016,0.2579125439282349,0.7183769434733012,-0.6484826392524012,-0.6505944225690983,4.412889606834291,2025-04-28,6.0,0,True,False
2025-02-14,2025Q2,-6,diag4,gaussian_ar1,2.899772220562835,2.85852432494901,0.05997710366963976,0.9583835864020996,3.8380332333819878,3.7662126431826737,-0.9382610128191526,2025-07-28,6.0,0,True,False
2025-02-21,2025Q1,8,diag4,gaussian_ar1,3.154321975987995,3.1055952564024683,0.11842181357010174,0.6493134397698686,-0.6484826392524012,-0.6505944225690983,3.802804615240396,2025-04-28,6.0,0,True,False
2025-02-21,2025Q2,-5,diag4,gaussian_ar1,2.6432855450112536,2.6089544183149886,0.0009412603702897809,0.9548695165754751,3.8380332333819878,3.7662126431826737,-1.1947476883707342,2025-07-28,6.0,0,True,False
2025-02-28,2025Q1,9,diag4,gaussian_ar1,3.1557175462792353,3.106948142858701,0.11874183930521205,0.64931099732219,-0.6484826392524012,-0.6505944225690983,3.8042001855316365,2025-04-28,4.0,0,True,False
2025-02-28,2025Q2,-4,diag4,gaussian_ar1,2.643363757743744,2.609030616872225,0.0009592851640051603,0.9548695108954666,3.8380332333819878,3.7662126431826737,-1.1946694756382437,2025-07-28,4.0,0,True,False
2025-03-07,2025Q1,10,diag4,gaussian_ar1,2.9516792858681695,2.908955901724994,0.07190670970283863,0.6070428004507218,-0.6484826392524012,-0.6505944225690983,3.6001619251205708,2025-04-28,15.0,3,True,True
2025-03-07,2025Q2,-3,diag4,gaussian_ar1,2.3755475937797588,2.347770507222641,-0.06084187949428724,0.9377213680843304,3.8380332333819878,3.7662126431826737,-1.462485639602229,2025-07-28,15.0,0,True,False
2025-03-14,2025Q1,11,diag4,gaussian_ar1,2.867144911315056,2.826811443232149,0.052475411094369075,0.601462605662596,-0.6484826392524012,-0.6505944225690983,3.5156275505674572,2025-04-28,6.0,0,True,False
2025-03-14,2025Q2,-2,diag4,gaussian_ar1,2.2491154794340273,2.2241958329520917,-0.09007350923842343,0.9331414374309693,3.8380332333819878,3.7662126431826737,-1.5889177539479604,2025-07-28,6.0,0,True,False
2025-03-21,2025Q1,12,diag4,gaussian_ar1,4.362937615239626,4.270442274627711,0.39396675792312424,0.5678835499192235,-0.6484826392524012,-0.6505944225690983,5.011420254492027,2025-04-28,7.0,0,True,False
2025-03-21,2025Q2,-1,diag4,gaussian_ar1,2.7643100301824264,2.726792805777449,0.028815969587869604,0.9132824217437782,3.8380332333819878,3.7662126431826737,-1.0737232031995614,2025-07-28,7.0,0,True,False
2025-03-28,2025Q1,13,diag4,gaussian_ar1,4.360219284045641,4.26783755051896,0.39335060958057694,0.5678802726207445,-0.6484826392524012,-0.6505944225690983,5.008701923298043,2025-04-28,4.0,0,True,False
2025-03-28,2025Q2,0,diag4,gaussian_ar1,2.763590665526139,2.726092789230911,0.028650380444107254,0.913282277128539,3.8380332333819878,3.7662126431826737,-1.074442567855849,2025-07-28,4.0,0,True,False
2025-04-04,2025Q1,14,diag4,gaussian_ar1,4.248931487472007,4.161142511764052,0.36811186315595423,0.5657445294598085,-0.6484826392524012,-0.6505944225690983,4.897414126724408,2025-04-28,12.0,3,True,True
2025-04-04,2025Q2,1,diag4,gaussian_ar1,2.4836522121268967,2.4533109256994963,-0.03587625887527441,0.8961935753212366,3.8380332333819878,3.7662126431826737,-1.354381021255091,2025-07-28,12.0,0,True,False
2025-04-04,2025Q3,-12,diag4,gaussian_ar1,2.005259857812569,1.9854193200092247,-0.14655617171876706,0.9683834591770376,4.3753962528715995,4.282379361041974,-2.3701363950590304,2025-10-28,12.0,0,True,False
2025-04-11,2025Q1,15,diag4,gaussian_ar1,4.2182362358751835,4.131693987899254,0.3611458051735357,0.5570516117528221,-0.6484826392524012,-0.6505944225690983,4.866718875127585,2025-04-28,5.0,0,True,False
2025-04-11,2025Q2,2,diag4,gaussian_ar1,2.4207123302893763,2.3918775014212295,-0.0504083555448968,0.8718511939041612,3.8380332333819878,3.7662126431826737,-1.4173209030926115,2025-07-28,5.0,0,True,False
2025-04-11,2025Q3,-11,diag4,gaussian_ar1,2.004038116382767,1.9842215888842702,-0.14683949540935629,0.9683751321365413,4.3753962528715995,4.282379361041974,-2.3713581364888325,2025-10-28,5.0,0,True,False
2025-04-18,2025Q1,16,diag4,gaussian_ar1,4.291134269886787,4.2016170199480385,0.3776861213467546,0.5488343797783183,-0.6484826392524012,-0.6505944225690983,4.939616909139188,2025-04-28,11.0,0,True,False
2025-04-18,2025Q2,3,diag4,gaussian_ar1,2.210130205207217,2.1860608250988363,-0.09909435785838827,0.8229579907514242,3.8380332333819878,3.7662126431826737,-1.6279030281747708,2025-07-28,11.0,0,True,False
2025-04-18,2025Q3,-10,diag4,gaussian_ar1,1.8029551731767235,1.7868946913049928,-0.19351723777562704,0.9663558990080737,4.3753962528715995,4.282379361041974,-2.572441079694876,2025-10-28,11.0,0,True,False
2025-04-25,2025Q1,17,diag4,gaussian_ar1,4.289782994503444,4.20032133537527,0.3773796267359461,0.5488343557917726,-0.6484826392524012,-0.6505944225690983,4.9382656337558455,2025-04-28,0.0,0,True,False
2025-04-25,2025Q2,4,diag4,gaussian_ar1,1.4357212602249536,1.4255123805554195,-0.2790023419546918,0.8174357027505484,3.8380332333819878,3.7662126431826737,-2.402311973157034,2025-07-28,0.0,0,True,False
2025-04-25,2025Q3,-9,diag4,gaussian_ar1,1.455112186262153,1.4446270204500191,-0.2744807676160201,0.9654058827050556,4.3753962528715995,4.282379361041974,-2.9202840666094465,2025-10-28,0.0,0,True,False
2025-05-02,2025Q2,5,diag4,gaussian_ar1,1.4766248463494724,1.4658288891005207,-0.2650224832108447,0.7971960127838494,3.8380332333819878,3.7662126431826737,-2.3614083870325153,2025-07-28,13.0,12,False,True
2025-05-02,2025Q3,-8,diag4,gaussian_ar1,1.551082846035734,1.5391765162502118,-0.24764977116194276,0.9630299862644072,4.3753962528715995,4.282379361041974,-2.8243134068358655,2025-10-28,13.0,0,True,False
2025-05-09,2025Q2,6,diag4,gaussian_ar1,1.7669328966591236,1.7515041163676732,-0.19735903374862498,0.7378942176221817,3.8380332333819878,3.7662126431826737,-2.071100336722864,2025-07-28,10.0,0,True,False
2025-05-09,2025Q3,-7,diag4,gaussian_ar1,1.5605199093608135,1.5484690068847549,-0.24544880338310013,0.9629670727306673,4.3753962528715995,4.282379361041974,-2.814876343510786,2025-10-28,10.0,0,True,False
2025-05-16,2025Q2,7,diag4,gaussian_ar1,1.5670609755276121,1.5549093594361696,-0.24392337720754306,0.7226168178753619,3.8380332333819878,3.7662126431826737,-2.2709722578543756,2025-07-28,8.0,0,True,False
2025-05-16,2025Q3,-6,diag4,gaussian_ar1,1.4371485390521244,1.4269194477779565,-0.2742383576208105,0.9609006694944319,4.3753962528715995,4.282379361041974,-2.938247713819475,2025-10-28,8.0,0,True,False
2025-05-23,2025Q2,8,diag4,gaussian_ar1,2.2431741430857466,2.2183850159663647,-0.0867762140303116,0.6540164739642789,3.8380332333819878,3.7662126431826737,-1.5948590902962412,2025-07-28,4.0,0,True,False
2025-05-23,2025Q3,-5,diag4,gaussian_ar1,1.7233177868441363,1.7086370892385,-0.20751227997686,0.9550143560059163,4.3753962528715995,4.282379361041974,-2.652078466027463,2025-10-28,4.0,0,True,False
2025-05-30,2025Q2,9,diag4,gaussian_ar1,2.2774686205269568,2.2519214622626755,-0.07883295741397649,0.6538953496306265,3.8380332333819878,3.7662126431826737,-1.560564612855031,2025-07-28,8.0,0,True,False
2025-05-30,2025Q3,-4,diag4,gaussian_ar1,1.7792467931880385,1.7636034803181055,-0.19449324552814523,0.9548302722879142,4.3753962528715995,4.282379361041974,-2.596149459683561,2025-10-28,8.0,0,True,False
2025-06-06,2025Q2,10,diag4,gaussian_ar1,2.053412548494493,2.0326142674308327,-0.13077684290996522,0.6125166200255207,3.8380332333819878,3.7662126431826737,-1.7846206848874946,2025-07-28,10.0,3,True,True
2025-06-06,2025Q3,-3,diag4,gaussian_ar1,1.5025610122620714,1.4913843823340134,-0.2589695508602581,0.9381344697614407,4.3753962528715995,4.282379361041974,-2.872835240609528,2025-10-28,10.0,0,True,False
2025-06-13,2025Q2,11,diag4,gaussian_ar1,2.0142889013395227,1.9942704752909157,-0.13985874079263635,0.6124327067820073,3.8380332333819878,3.7662126431826737,-1.823744332042465,2025-07-28,6.0,0,True,False
2025-06-13,2025Q3,-2,diag4,gaussian_ar1,1.2696501720146802,1.2616576941275068,-0.3133813397517317,0.9359512363025008,4.3753962528715995,4.282379361041974,-3.1057460808569193,2025-10-28,6.0,0,True,False
2025-06-20,2025Q2,12,diag4,gaussian_ar1,1.8303983949112146,1.8138482540880798,-0.18259254716081355,0.5740058457908944,3.8380332333819878,3.7662126431826737,-2.007634838470773,2025-07-28,8.0,0,True,False
2025-06-20,2025Q3,-1,diag4,gaussian_ar1,0.967202338382056,0.9625548794234664,-0.38422517308071824,0.9141063072878947,4.3753962528715995,4.282379361041974,-3.4081939144895435,2025-10-28,8.0,0,True,False
2025-06-27,2025Q2,13,diag4,gaussian_ar1,1.8440588866455832,1.8272622991648995,-0.1794153708623222,0.5740026607775573,3.8380332333819878,3.7662126431826737,-1.9939743467364046,2025-07-28,4.0,0,True,False
2025-06-27,2025Q3,0,diag4,gaussian_ar1,0.9707416828164783,0.9660602577236508,-0.3833949086236651,0.9141061673808182,4.3753962528715995,4.282379361041974,-3.404654570055121,2025-10-28,4.0,0,True,False
2025-07-04,2025Q2,14,diag4,gaussian_ar1,1.9330186314773679,1.914573150381874,-0.15873540702598146,0.5718919371837496,3.8380332333819878,3.7662126431826737,-1.90501460190462,2025-07-28,9.0,11,False,True
2025-07-04,2025Q3,1,diag4,gaussian_ar1,1.3297638785741084,1.3210001247117462,-0.2993258208633298,0.8972864092803642,4.3753962528715995,4.282379361041974,-3.045632374297491,2025-10-28,9.0,0,True,False
2025-07-04,2025Q4,-12,diag4,gaussian_ar1,1.8266472466696326,1.8101644647743516,-0.1834650690607465,0.9686119079000448,0.48224811236061704,0.4810890211212576,1.3443991343090156,2026-01-28,9.0,0,True,False
2025-07-11,2025Q2,15,diag4,gaussian_ar1,1.922903336463433,1.9046491855300491,-0.1610859422846385,0.563373978009506,3.8380332333819878,3.7662126431826737,-1.9151298969185548,2025-07-28,7.0,0,True,False
2025-07-11,2025Q3,2,diag4,gaussian_ar1,1.3368389875398012,1.3279821423392475,-0.297672098902899,0.8732048246134596,4.3753962528715995,4.282379361041974,-3.0385572653317983,2025-10-28,7.0,0,True,False
2025-07-11,2025Q4,-11,diag4,gaussian_ar1,1.8267746513576544,1.810289583897648,-0.18343543403933807,0.9686036009021803,0.48224811236061704,0.4810890211212576,1.3445265389970373,2026-01-28,7.0,0,True,False
2025-07-18,2025Q2,16,diag4,gaussian_ar1,2.3680706023929243,2.3404667470800415,-0.05786061248343449,0.5553335902150556,3.8380332333819878,3.7662126431826737,-1.4699626309890634,2025-07-28,12.0,0,True,False
2025-07-18,2025Q3,3,diag4,gaussian_ar1,3.071761575752552,3.025527397648389,0.1043990526325003,0.8249222769016483,4.3753962528715995,4.282379361041974,-1.3036346771190477,2025-10-28,12.0,0,True,False
2025-07-18,2025Q4,-10,diag4,gaussian_ar1,2.172725586641122,2.1494583235448084,-0.10310180800595768,0.9666060337363604,0.48224811236061704,0.4810890211212576,1.690477474280505,2026-01-28,12.0,0,True,False
2025-07-25,2025Q2,17,diag4,gaussian_ar1,2.3687684917529817,2.341148489909673,-0.057699138658979104,0.555333567461881,3.8380332333819878,3.7662126431826737,-1.469264741629006,2025-07-28,0.0,0,True,False
2025-07-25,2025Q3,4,diag4,gaussian_ar1,3.488802787974854,3.429323524141432,0.20003996297454887,0.8195393586687892,4.3753962528715995,4.282379361041974,-0.8865934648967455,2025-10-28,0.0,0,True,False
2025-07-25,2025Q4,-9,diag4,gaussian_ar1,2.3595754225656407,2.332167741061948,-0.059826269007676305,0.9656678938858047,0.48224811236061704,0.4810890211212576,1.8773273102050236,2026-01-28,0.0,0,True,False
2025-08-01,2025Q3,5,diag4,gaussian_ar1,2.311300834648411,2.2849948460265495,-0.07293592876778884,0.7974983257570603,4.3753962528715995,4.282379361041974,-2.0640954182231885,2025-10-28,13.0,3,True,True
2025-08-01,2025Q4,-8,diag4,gaussian_ar1,1.8087677558989324,1.7926041687753265,-0.18989629698124927,0.9629305498088001,0.48224811236061704,0.4810890211212576,1.3265196435383153,2026-01-28,13.0,0,True,False
2025-08-08,2025Q3,6,diag4,gaussian_ar1,2.188743661605752,2.1651345418225048,-0.101407031007464,0.7381499155301842,4.3753962528715995,4.282379361041974,-2.1866525912658474,2025-10-28,10.0,0,True,False
2025-08-08,2025Q4,-7,diag4,gaussian_ar1,1.7871405742290847,1.7713589660317275,-0.194942791260005,0.9628674584155746,0.48224811236061704,0.4810890211212576,1.3048924618684676,2026-01-28,10.0,0,True,False
2025-08-15,2025Q3,7,diag4,gaussian_ar1,2.6960968967632226,2.660392532415073,0.01623442651105647,0.7263910658331014,4.3753962528715995,4.282379361041974,-1.6792993561083769,2025-10-28,6.0,0,True,False
2025-08-15,2025Q4,-6,diag4,gaussian_ar1,2.142605770288042,2.1199746657387672,-0.11213411415354337,0.9608687863475199,0.48224811236061704,0.4810890211212576,1.6603576579274248,2026-01-28,6.0,0,True,False
2025-08-22,2025Q3,8,diag4,gaussian_ar1,3.6050020416703354,3.54154249272459,0.22553900633049734,0.6542123491909088,4.3753962528715995,4.282379361041974,-0.7703942112012641,2025-10-28,6.0,0,True,False
2025-08-22,2025Q4,-5,diag4,gaussian_ar1,2.1149140344740136,2.0928601330545913,-0.11857478387617316,0.9549936379249558,0.48224811236061704,0.4810890211212576,1.6326659221133966,2026-01-28,6.0,0,True,False
2025-08-29,2025Q3,9,diag4,gaussian_ar1,3.600999750500189,3.537679389208268,0.22462138130104292,0.6542099889383975,4.3753962528715995,4.282379361041974,-0.7743965023714106,2025-10-28,4.0,0,True,False
2025-08-29,2025Q4,-4,diag4,gaussian_ar1,2.1147021059523707,2.0926525935942055,-0.11862408190886747,0.9549936328352845,0.48224811236061704,0.4810890211212576,1.6324539935917537,2026-01-28,4.0,0,True,False
2025-09-05,2025Q3,10,diag4,gaussian_ar1,3.2602722817985486,3.208253031640002,0.1463708581686865,0.6128454487491579,4.3753962528715995,4.282379361041974,-1.115123971073051,2025-10-28,13.0,3,True,True
2025-09-05,2025Q4,-3,diag4,gaussian_ar1,1.8189216616036674,1.80257717956005,-0.18752735080198815,0.938523497568945,0.48224811236061704,0.4810890211212576,1.3366735492430504,2026-01-28,13.0,0,True,False
2025-09-12,2025Q3,11,diag4,gaussian_ar1,3.2399335662567808,3.1885545373706936,0.1416917623826922,0.6128244112036609,4.3753962528715995,4.282379361041974,-1.1354626866148188,2025-10-28,4.0,0,True,False
2025-09-12,2025Q4,-2,diag4,gaussian_ar1,1.8080378638578365,1.7918872416642406,-0.1900665927702819,0.9385194097834137,0.48224811236061704,0.4810890211212576,1.3257897514972194,2026-01-28,4.0,0,True,False
2025-09-19,2025Q3,12,diag4,gaussian_ar1,3.100623139374803,3.0535249045411272,0.10961740292560483,0.5741938734241729,4.3753962528715995,4.282379361041974,-1.2747731134967966,2025-10-28,11.0,0,True,False
2025-09-19,2025Q4,-1,diag4,gaussian_ar1,2.0587743560601446,2.0378680522716075,-0.13163736672828613,0.9145356475041003,0.48224811236061704,0.4810890211212576,1.5765262436995275,2026-01-28,11.0,0,True,False
2025-09-26,2025Q3,13,diag4,gaussian_ar1,3.1052985780995357,3.058059632435079,0.11069456272721873,0.5741907135921331,4.3753962528715995,4.282379361041974,-1.2700976747720638,2025-10-28,4.0,0,True,False
2025-09-26,2025Q4,0,diag4,gaussian_ar1,2.0599672720784,2.0390368974337623,-0.1313597242649614,0.9145355088580513,0.48224811236061704,0.4810890211212576,1.577719159717783,2026-01-28,4.0,0,True,False
2025-10-03,2025Q3,14,diag4,gaussian_ar1,3.0368086152307905,2.9916103598226926,0.09491048770035541,0.5720922305648731,4.3753962528715995,4.282379361041974,-1.338587637640809,2025-10-28,9.0,2,True,True
2025-10-03,2025Q4,1,diag4,gaussian_ar1,1.8394591655562564,1.822745761809192,-0.18273659233480552,0.8977399299664713,0.48224811236061704,0.4810890211212576,1.3572110531956394,2026-01-28,9.0,0,True,False
2025-10-03,2026Q1,-12,diag4,gaussian_ar1,1.9625289551091107,1.943519661658943,-0.15404847850645342,0.9687642926627814,2.0891889857350465,2.067664705054285,-0.12666003062593578,2026-04-28,9.0,0,True,False
2025-10-10,2025Q3,15,diag4,gaussian_ar1,3.033308990085981,2.9882138216095693,0.09410368859060027,0.5635715753439856,4.3753962528715995,4.282379361041974,-1.3420872627856184,2025-10-28,7.0,0,True,False
2025-10-10,2025Q4,2,diag4,gaussian_ar1,1.83931498394172,1.8226041843521172,-0.1827702220363316,0.8736574985484097,0.48224811236061704,0.4810890211212576,1.357066871581103,2026-01-28,7.0,0,True,False
2025-10-10,2026Q1,-11,diag4,gaussian_ar1,1.9625274175519403,1.9435181536959738,-0.15404883670150513,0.9687559289900932,2.0891889857350465,2.067664705054285,-0.12666156818310625,2026-04-28,7.0,0,True,False
2025-10-17,2025Q3,16,diag4,gaussian_ar1,3.0528721346889887,3.0071992233041454,0.09861339942687017,0.5554993234355406,4.3753962528715995,4.282379361041974,-1.3225241181826108,2025-10-28,10.0,0,True,False
2025-10-17,2025Q4,3,diag4,gaussian_ar1,2.4959854480771204,2.4653445463126324,-0.030096434993447503,0.8260086211183953,0.48224811236061704,0.4810890211212576,2.0137373357165034,2026-01-28,10.0,0,True,False
2025-10-17,2026Q1,-10,diag4,gaussian_ar1,2.2565572596269234,2.2314736557102783,-0.08564912261126188,0.9669403845272612,2.0891889857350465,2.067664705054285,0.16736827389187692,2026-04-28,10.0,0,True,False
2025-10-24,2025Q3,17,diag4,gaussian_ar1,3.051408633243624,3.0057790670221465,0.0982760615987242,0.5554993003195825,4.3753962528715995,4.282379361041974,-1.3239876196279754,2025-10-28,2.0,0,True,False
2025-10-24,2025Q4,4,diag4,gaussian_ar1,1.5213917902531904,1.5099346841926613,-0.257040393177509,0.8200418041530778,0.48224811236061704,0.4810890211212576,1.0391436778925733,2026-01-28,2.0,0,True,False
2025-10-24,2026Q1,-9,diag4,gaussian_ar1,1.8118569526028638,1.7956384357692459,-0.18917555022209465,0.9658664012603894,2.0891889857350465,2.067664705054285,-0.2773320331321827,2026-04-28,2.0,0,True,False
2025-10-31,2025Q4,5,diag4,gaussian_ar1,1.6772738567203405,1.6633629525821254,-0.22363938210583084,0.8179856029633804,0.48224811236061704,0.4810890211212576,1.1950257443597234,2026-01-28,10.0,0,True,False
2025-10-31,2026Q1,-8,diag4,gaussian_ar1,1.8597647126844974,1.8426825556848854,-0.1809337406529791,0.9657304178057121,2.0891889857350465,2.067664705054285,-0.22942427305054913,2026-04-28,10.0,0,True,False
2025-11-07,2025Q4,6,diag4,gaussian_ar1,1.7137320682000468,1.6992133204038447,-0.2151014814655431,0.7384581659205929,0.48224811236061704,0.4810890211212576,1.2314839558394297,2026-01-28,12.0,2,True,True
2025-11-07,2026Q1,-7,diag4,gaussian_ar1,1.9113967166865198,1.8933590152435733,-0.16886495021084832,0.9629190295447342,2.0891889857350465,2.067664705054285,-0.17779226904852674,2026-04-28,12.0,0,True,False
2025-11-14,2025Q4,7,diag4,gaussian_ar1,1.5461339178515887,1.5343030588350999,-0.25437548375303987,0.7268487249426949,0.48224811236061704,0.4810890211212576,1.0638858054909717,2026-01-28,4.0,0,True,False
2025-11-14,2026Q1,-6,diag4,gaussian_ar1,1.811168689399878,1.7949624187020836,-0.19229847169635902,0.9613897772449433,2.0891889857350465,2.067664705054285,-0.27802029633516856,2026-04-28,4.0,0,True,False
2025-11-21,2025Q4,8,diag4,gaussian_ar1,1.22860406677896,1.2211179808819077,-0.3289616941618816,0.6550208117716586,0.48224811236061704,0.4810890211212576,0.7463559544183429,2026-01-28,4.0,0,True,False
2025-11-21,2026Q1,-5,diag4,gaussian_ar1,2.154718538764766,2.131832646289308,-0.11207155335304515,0.9559994645501924,2.0891889857350465,2.067664705054285,0.06552955302971952,2026-04-28,4.0,0,True,False
2025-11-28,2025Q4,9,diag4,gaussian_ar1,1.2317400464945338,1.2242158514595523,-0.32822392457134547,0.6550184706342818,0.48224811236061704,0.4810890211212576,0.7494919341339168,2026-01-28,4.0,0,True,False
2025-11-28,2026Q1,-4,diag4,gaussian_ar1,2.154893593274787,2.1320040082807417,-0.11203074284689762,0.9559994597997639,2.0891889857350465,2.067664705054285,0.0657046075397405,2026-04-28,4.0,0,True,False
2025-12-05,2025Q4,10,diag4,gaussian_ar1,0.9623786270783752,0.9577772621159417,-0.39167728197807233,0.6132062521783682,0.48224811236061704,0.4810890211212576,0.48013051471775814,2026-01-28,13.0,3,True,True
2025-12-05,2026Q1,-3,diag4,gaussian_ar1,1.7036408942856074,1.6892916762731192,-0.21746435852715887,0.9387065157882325,2.0891889857350465,2.067664705054285,-0.38554809144943913,2026-04-28,13.0,0,True,False
2025-12-12,2025Q4,11,diag4,gaussian_ar1,0.9534935173391546,0.9489764584440179,-0.39377322664673603,0.6131853088120112,0.48224811236061704,0.4810890211212576,0.4712454049785375,2026-01-28,3.0,0,True,False
2025-12-12,2026Q1,-2,diag4,gaussian_ar1,1.6988129395261176,1.6845444820585,-0.2185949207776251,0.9387024401952454,2.0891889857350465,2.067664705054285,-0.39037604620892896,2026-04-28,3.0,0,True,False
2025-12-19,2025Q4,12,diag4,gaussian_ar1,0.7038422128483379,0.7013768051721243,-0.45274002020148457,0.5752232914543948,0.48224811236061704,0.4810890211212576,0.22159410048772088,2026-01-28,7.0,0,True,False
2025-12-19,2026Q1,-1,diag4,gaussian_ar1,1.406924806720622,1.3971194816693577,-0.2870462713205461,0.9202897432768379,2.0891889857350465,2.067664705054285,-0.6822641790144246,2026-04-28,7.0,0,True,False
2025-12-26,2025Q4,13,diag4,gaussian_ar1,0.6355017612358127,0.6334909634005654,-0.46890729008307064,0.5746926724895374,0.48224811236061704,0.4810890211212576,0.15325364887519566,2026-01-28,4.0,0,True,False
2025-12-26,2026Q1,0,diag4,gaussian_ar1,1.1437456093759346,1.1372542885224362,-0.3489341495702481,0.9162826753061197,2.0891889857350465,2.067664705054285,-0.9454433763591119,2026-04-28,4.0,0,True,False
